==========================================
Node:    r7n12
Job ID:  7481019
CPUs:    16
Started: Wed Sep 23 22:43:40 EDT 2026
==========================================
Loaded module: python/3.11
Python:  Python 3.11.13  (/work/GRDVULN/tp_qa/correction/.venv/bin/python)
------------------------------------------
=== 03_train_stage1.py: Stage 1 Model Training (Random Forest) ===

Loading Stage 1 training data...
  [holdout] stage1: removed 322 rows / 322 plants (2318 -> 1996)
  Rows: 1996
  Correct: 1760
  Incorrect: 236
  Model columns: 72
  Class weights -- Correct: 0.118 | Incorrect: 0.882

Setting up cross-validation folds...
  Spatial fold 1: train   1,602 (80.3%,  1436 pos)  |  test     394 (19.7%,   324 pos)
  Spatial fold 2: train   1,594 (79.9%,  1398 pos)  |  test     402 (20.1%,   362 pos)
  Spatial fold 3: train   1,592 (79.8%,  1399 pos)  |  test     404 (20.2%,   361 pos)
  Spatial fold 4: train   1,598 (80.1%,  1385 pos)  |  test     398 (19.9%,   375 pos)
  Spatial fold 5: train   1,598 (80.1%,  1422 pos)  |  test     398 (19.9%,   338 pos)
  Spatial folds: 5  |  Standard folds: 5

========================================
Tuning with SPATIAL cross-validation...
========================================
/work/GRDVULN/tp_qa/correction/.venv/lib64/python3.11/site-packages/sklearn/impute/_base.py:647: UserWarning: Skipping features without any observed values: ['od_max_conf_drying_bed']. At least one non-missing value is needed for imputation with strategy='median'.
  warnings.warn(
/work/GRDVULN/tp_qa/correction/.venv/lib64/python3.11/site-packages/sklearn/impute/_base.py:647: UserWarning: Skipping features without any observed values: ['od_max_conf_drying_bed']. At least one non-missing value is needed for imputation with strategy='median'.
  warnings.warn(
/work/GRDVULN/tp_qa/correction/.venv/lib64/python3.11/site-packages/sklearn/impute/_base.py:647: UserWarning: Skipping features without any observed values: ['od_max_conf_drying_bed']. At least one non-missing value is needed for imputation with strategy='median'.
  warnings.warn(
/work/GRDVULN/tp_qa/correction/.venv/lib64/python3.11/site-packages/sklearn/impute/_base.py:647: UserWarning: Skipping features without any observed values: ['od_max_conf_drying_bed']. At least one non-missing value is needed for imputation with strategy='median'.
  warnings.warn(
/work/GRDVULN/tp_qa/correction/.venv/lib64/python3.11/site-packages/sklearn/impute/_base.py:647: UserWarning: Skipping features without any observed values: ['od_max_conf_drying_bed']. At least one non-missing value is needed for imputation with strategy='median'.
  warnings.warn(
/work/GRDVULN/tp_qa/correction/.venv/lib64/python3.11/site-packages/sklearn/impute/_base.py:647: UserWarning: Skipping features without any observed values: ['od_max_conf_drying_bed']. At least one non-missing value is needed for imputation with strategy='median'.
  warnings.warn(
/work/GRDVULN/tp_qa/correction/.venv/lib64/python3.11/site-packages/sklearn/impute/_base.py:647: UserWarning: Skipping features without any observed values: ['od_max_conf_chlorine_contact' 'od_max_conf_drying_bed']. At least one non-missing value is needed for imputation with strategy='median'.
  warnings.warn(
/work/GRDVULN/tp_qa/correction/.venv/lib64/python3.11/site-packages/sklearn/impute/_base.py:647: UserWarning: Skipping features without any observed values: ['od_max_conf_chlorine_contact' 'od_max_conf_drying_bed']. At least one non-missing value is needed for imputation with strategy='median'.
  warnings.warn(
/work/GRDVULN/tp_qa/correction/.venv/lib64/python3.11/site-packages/sklearn/impute/_base.py:647: UserWarning: Skipping features without any observed values: ['od_max_conf_drying_bed']. At least one non-missing value is needed for imputation with strategy='median'.
  warnings.warn(
/work/GRDVULN/tp_qa/correction/.venv/lib64/python3.11/site-packages/sklearn/impute/_base.py:647: UserWarning: Skipping features without any observed values: ['od_max_conf_chlorine_contact' 'od_max_conf_drying_bed']. At least one non-missing value is needed for imputation with strategy='median'.
  warnings.warn(
/work/GRDVULN/tp_qa/correction/.venv/lib64/python3.11/site-packages/sklearn/impute/_base.py:647: UserWarning: Skipping features without any observed values: ['od_max_conf_drying_bed']. At least one non-missing value is needed for imputation with strategy='median'.
  warnings.warn(
/work/GRDVULN/tp_qa/correction/.venv/lib64/python3.11/site-packages/sklearn/impute/_base.py:647: UserWarning: Skipping features without any observed values: ['od_max_conf_drying_bed']. At least one non-missing value is needed for imputation with strategy='median'.
  warnings.warn(
/work/GRDVULN/tp_qa/correction/.venv/lib64/python3.11/site-packages/sklearn/impute/_base.py:647: UserWarning: Skipping features without any observed values: ['od_max_conf_drying_bed']. At least one non-missing value is needed for imputation with strategy='median'.
  warnings.warn(
/work/GRDVULN/tp_qa/correction/.venv/lib64/python3.11/site-packages/sklearn/impute/_base.py:647: UserWarning: Skipping features without any observed values: ['od_max_conf_drying_bed']. At least one non-missing value is needed for imputation with strategy='median'.
  warnings.warn(
/work/GRDVULN/tp_qa/correction/.venv/lib64/python3.11/site-packages/sklearn/impute/_base.py:647: UserWarning: Skipping features without any observed values: ['od_max_conf_drying_bed']. At least one non-missing value is needed for imputation with strategy='median'.
  warnings.warn(
/work/GRDVULN/tp_qa/correction/.venv/lib64/python3.11/site-packages/sklearn/impute/_base.py:647: UserWarning: Skipping features without any observed values: ['od_max_conf_drying_bed']. At least one non-missing value is needed for imputation with strategy='median'.
  warnings.warn(
/work/GRDVULN/tp_qa/correction/.venv/lib64/python3.11/site-packages/sklearn/impute/_base.py:647: UserWarning: Skipping features without any observed values: ['od_max_conf_drying_bed']. At least one non-missing value is needed for imputation with strategy='median'.
  warnings.warn(
/work/GRDVULN/tp_qa/correction/.venv/lib64/python3.11/site-packages/sklearn/impute/_base.py:647: UserWarning: Skipping features without any observed values: ['od_max_conf_chlorine_contact' 'od_max_conf_drying_bed']. At least one non-missing value is needed for imputation with strategy='median'.
  warnings.warn(
/work/GRDVULN/tp_qa/correction/.venv/lib64/python3.11/site-packages/sklearn/impute/_base.py:647: UserWarning: Skipping features without any observed values: ['od_max_conf_drying_bed']. At least one non-missing value is needed for imputation with strategy='median'.
  warnings.warn(
/work/GRDVULN/tp_qa/correction/.venv/lib64/python3.11/site-packages/sklearn/impute/_base.py:647: UserWarning: Skipping features without any observed values: ['od_max_conf_drying_bed']. At least one non-missing value is needed for imputation with strategy='median'.
  warnings.warn(
/work/GRDVULN/tp_qa/correction/.venv/lib64/python3.11/site-packages/sklearn/impute/_base.py:647: UserWarning: Skipping features without any observed values: ['od_max_conf_drying_bed']. At least one non-missing value is needed for imputation with strategy='median'.
  warnings.warn(
/work/GRDVULN/tp_qa/correction/.venv/lib64/python3.11/site-packages/sklearn/impute/_base.py:647: UserWarning: Skipping features without any observed values: ['od_max_conf_chlorine_contact' 'od_max_conf_drying_bed']. At least one non-missing value is needed for imputation with strategy='median'.
  warnings.warn(
/work/GRDVULN/tp_qa/correction/.venv/lib64/python3.11/site-packages/sklearn/impute/_base.py:647: UserWarning: Skipping features without any observed values: ['od_max_conf_drying_bed']. At least one non-missing value is needed for imputation with strategy='median'.
  warnings.warn(
/work/GRDVULN/tp_qa/correction/.venv/lib64/python3.11/site-packages/sklearn/impute/_base.py:647: UserWarning: Skipping features without any observed values: ['od_max_conf_drying_bed']. At least one non-missing value is needed for imputation with strategy='median'.
  warnings.warn(
/work/GRDVULN/tp_qa/correction/.venv/lib64/python3.11/site-packages/sklearn/impute/_base.py:647: UserWarning: Skipping features without any observed values: ['od_max_conf_drying_bed']. At least one non-missing value is needed for imputation with strategy='median'.
  warnings.warn(
/work/GRDVULN/tp_qa/correction/.venv/lib64/python3.11/site-packages/sklearn/impute/_base.py:647: UserWarning: Skipping features without any observed values: ['od_max_conf_drying_bed']. At least one non-missing value is needed for imputation with strategy='median'.
  warnings.warn(
/work/GRDVULN/tp_qa/correction/.venv/lib64/python3.11/site-packages/sklearn/impute/_base.py:647: UserWarning: Skipping features without any observed values: ['od_max_conf_drying_bed']. At least one non-missing value is needed for imputation with strategy='median'.
  warnings.warn(
/work/GRDVULN/tp_qa/correction/.venv/lib64/python3.11/site-packages/sklearn/impute/_base.py:647: UserWarning: Skipping features without any observed values: ['od_max_conf_drying_bed']. At least one non-missing value is needed for imputation with strategy='median'.
  warnings.warn(
/work/GRDVULN/tp_qa/correction/.venv/lib64/python3.11/site-packages/sklearn/impute/_base.py:647: UserWarning: Skipping features without any observed values: ['od_max_conf_chlorine_contact' 'od_max_conf_drying_bed']. At least one non-missing value is needed for imputation with strategy='median'.
  warnings.warn(
/work/GRDVULN/tp_qa/correction/.venv/lib64/python3.11/site-packages/sklearn/impute/_base.py:647: UserWarning: Skipping features without any observed values: ['od_max_conf_drying_bed']. At least one non-missing value is needed for imputation with strategy='median'.
  warnings.warn(
/work/GRDVULN/tp_qa/correction/.venv/lib64/python3.11/site-packages/sklearn/impute/_base.py:647: UserWarning: Skipping features without any observed values: ['od_max_conf_drying_bed']. At least one non-missing value is needed for imputation with strategy='median'.
  warnings.warn(
/work/GRDVULN/tp_qa/correction/.venv/lib64/python3.11/site-packages/sklearn/impute/_base.py:647: UserWarning: Skipping features without any observed values: ['od_max_conf_chlorine_contact' 'od_max_conf_drying_bed']. At least one non-missing value is needed for imputation with strategy='median'.
  warnings.warn(
/work/GRDVULN/tp_qa/correction/.venv/lib64/python3.11/site-packages/sklearn/impute/_base.py:647: UserWarning: Skipping features without any observed values: ['od_max_conf_drying_bed']. At least one non-missing value is needed for imputation with strategy='median'.
  warnings.warn(
/work/GRDVULN/tp_qa/correction/.venv/lib64/python3.11/site-packages/sklearn/impute/_base.py:647: UserWarning: Skipping features without any observed values: ['od_max_conf_drying_bed']. At least one non-missing value is needed for imputation with strategy='median'.
  warnings.warn(
/work/GRDVULN/tp_qa/correction/.venv/lib64/python3.11/site-packages/sklearn/impute/_base.py:647: UserWarning: Skipping features without any observed values: ['od_max_conf_drying_bed']. At least one non-missing value is needed for imputation with strategy='median'.
  warnings.warn(
/work/GRDVULN/tp_qa/correction/.venv/lib64/python3.11/site-packages/sklearn/impute/_base.py:647: UserWarning: Skipping features without any observed values: ['od_max_conf_drying_bed']. At least one non-missing value is needed for imputation with strategy='median'.
  warnings.warn(
/work/GRDVULN/tp_qa/correction/.venv/lib64/python3.11/site-packages/sklearn/impute/_base.py:647: UserWarning: Skipping features without any observed values: ['od_max_conf_drying_bed']. At least one non-missing value is needed for imputation with strategy='median'.
  warnings.warn(
/work/GRDVULN/tp_qa/correction/.venv/lib64/python3.11/site-packages/sklearn/impute/_base.py:647: UserWarning: Skipping features without any observed values: ['od_max_conf_chlorine_contact' 'od_max_conf_drying_bed']. At least one non-missing value is needed for imputation with strategy='median'.
  warnings.warn(
/work/GRDVULN/tp_qa/correction/.venv/lib64/python3.11/site-packages/sklearn/impute/_base.py:647: UserWarning: Skipping features without any observed values: ['od_max_conf_drying_bed']. At least one non-missing value is needed for imputation with strategy='median'.
  warnings.warn(
/work/GRDVULN/tp_qa/correction/.venv/lib64/python3.11/site-packages/sklearn/impute/_base.py:647: UserWarning: Skipping features without any observed values: ['od_max_conf_drying_bed']. At least one non-missing value is needed for imputation with strategy='median'.
  warnings.warn(
/work/GRDVULN/tp_qa/correction/.venv/lib64/python3.11/site-packages/sklearn/impute/_base.py:647: UserWarning: Skipping features without any observed values: ['od_max_conf_chlorine_contact' 'od_max_conf_drying_bed']. At least one non-missing value is needed for imputation with strategy='median'.
  warnings.warn(
/work/GRDVULN/tp_qa/correction/.venv/lib64/python3.11/site-packages/sklearn/impute/_base.py:647: UserWarning: Skipping features without any observed values: ['od_max_conf_drying_bed']. At least one non-missing value is needed for imputation with strategy='median'.
  warnings.warn(
/work/GRDVULN/tp_qa/correction/.venv/lib64/python3.11/site-packages/sklearn/impute/_base.py:647: UserWarning: Skipping features without any observed values: ['od_max_conf_drying_bed']. At least one non-missing value is needed for imputation with strategy='median'.
  warnings.warn(
/work/GRDVULN/tp_qa/correction/.venv/lib64/python3.11/site-packages/sklearn/impute/_base.py:647: UserWarning: Skipping features without any observed values: ['od_max_conf_drying_bed']. At least one non-missing value is needed for imputation with strategy='median'.
  warnings.warn(
/work/GRDVULN/tp_qa/correction/.venv/lib64/python3.11/site-packages/sklearn/impute/_base.py:647: UserWarning: Skipping features without any observed values: ['od_max_conf_drying_bed']. At least one non-missing value is needed for imputation with strategy='median'.
  warnings.warn(
/work/GRDVULN/tp_qa/correction/.venv/lib64/python3.11/site-packages/sklearn/impute/_base.py:647: UserWarning: Skipping features without any observed values: ['od_max_conf_drying_bed']. At least one non-missing value is needed for imputation with strategy='median'.
  warnings.warn(
/work/GRDVULN/tp_qa/correction/.venv/lib64/python3.11/site-packages/sklearn/impute/_base.py:647: UserWarning: Skipping features without any observed values: ['od_max_conf_drying_bed']. At least one non-missing value is needed for imputation with strategy='median'.
  warnings.warn(
/work/GRDVULN/tp_qa/correction/.venv/lib64/python3.11/site-packages/sklearn/impute/_base.py:647: UserWarning: Skipping features without any observed values: ['od_max_conf_chlorine_contact' 'od_max_conf_drying_bed']. At least one non-missing value is needed for imputation with strategy='median'.
  warnings.warn(
/work/GRDVULN/tp_qa/correction/.venv/lib64/python3.11/site-packages/sklearn/impute/_base.py:647: UserWarning: Skipping features without any observed values: ['od_max_conf_drying_bed']. At least one non-missing value is needed for imputation with strategy='median'.
  warnings.warn(
/work/GRDVULN/tp_qa/correction/.venv/lib64/python3.11/site-packages/sklearn/impute/_base.py:647: UserWarning: Skipping features without any observed values: ['od_max_conf_chlorine_contact' 'od_max_conf_drying_bed']. At least one non-missing value is needed for imputation with strategy='median'.
  warnings.warn(
/work/GRDVULN/tp_qa/correction/.venv/lib64/python3.11/site-packages/sklearn/impute/_base.py:647: UserWarning: Skipping features without any observed values: ['od_max_conf_drying_bed']. At least one non-missing value is needed for imputation with strategy='median'.
  warnings.warn(
/work/GRDVULN/tp_qa/correction/.venv/lib64/python3.11/site-packages/sklearn/impute/_base.py:647: UserWarning: Skipping features without any observed values: ['od_max_conf_drying_bed']. At least one non-missing value is needed for imputation with strategy='median'.
  warnings.warn(
/work/GRDVULN/tp_qa/correction/.venv/lib64/python3.11/site-packages/sklearn/impute/_base.py:647: UserWarning: Skipping features without any observed values: ['od_max_conf_drying_bed']. At least one non-missing value is needed for imputation with strategy='median'.
  warnings.warn(
/work/GRDVULN/tp_qa/correction/.venv/lib64/python3.11/site-packages/sklearn/impute/_base.py:647: UserWarning: Skipping features without any observed values: ['od_max_conf_drying_bed']. At least one non-missing value is needed for imputation with strategy='median'.
  warnings.warn(
/work/GRDVULN/tp_qa/correction/.venv/lib64/python3.11/site-packages/sklearn/impute/_base.py:647: UserWarning: Skipping features without any observed values: ['od_max_conf_drying_bed']. At least one non-missing value is needed for imputation with strategy='median'.
  warnings.warn(
/work/GRDVULN/tp_qa/correction/.venv/lib64/python3.11/site-packages/sklearn/impute/_base.py:647: UserWarning: Skipping features without any observed values: ['od_max_conf_drying_bed']. At least one non-missing value is needed for imputation with strategy='median'.
  warnings.warn(
/work/GRDVULN/tp_qa/correction/.venv/lib64/python3.11/site-packages/sklearn/impute/_base.py:647: UserWarning: Skipping features without any observed values: ['od_max_conf_drying_bed']. At least one non-missing value is needed for imputation with strategy='median'.
  warnings.warn(
/work/GRDVULN/tp_qa/correction/.venv/lib64/python3.11/site-packages/sklearn/impute/_base.py:647: UserWarning: Skipping features without any observed values: ['od_max_conf_chlorine_contact' 'od_max_conf_drying_bed']. At least one non-missing value is needed for imputation with strategy='median'.
  warnings.warn(
/work/GRDVULN/tp_qa/correction/.venv/lib64/python3.11/site-packages/sklearn/impute/_base.py:647: UserWarning: Skipping features without any observed values: ['od_max_conf_chlorine_contact' 'od_max_conf_drying_bed']. At least one non-missing value is needed for imputation with strategy='median'.
  warnings.warn(
/work/GRDVULN/tp_qa/correction/.venv/lib64/python3.11/site-packages/sklearn/impute/_base.py:647: UserWarning: Skipping features without any observed values: ['od_max_conf_drying_bed']. At least one non-missing value is needed for imputation with strategy='median'.
  warnings.warn(
/work/GRDVULN/tp_qa/correction/.venv/lib64/python3.11/site-packages/sklearn/impute/_base.py:647: UserWarning: Skipping features without any observed values: ['od_max_conf_drying_bed']. At least one non-missing value is needed for imputation with strategy='median'.
  warnings.warn(
/work/GRDVULN/tp_qa/correction/.venv/lib64/python3.11/site-packages/sklearn/impute/_base.py:647: UserWarning: Skipping features without any observed values: ['od_max_conf_drying_bed']. At least one non-missing value is needed for imputation with strategy='median'.
  warnings.warn(
/work/GRDVULN/tp_qa/correction/.venv/lib64/python3.11/site-packages/sklearn/impute/_base.py:647: UserWarning: Skipping features without any observed values: ['od_max_conf_drying_bed']. At least one non-missing value is needed for imputation with strategy='median'.
  warnings.warn(
/work/GRDVULN/tp_qa/correction/.venv/lib64/python3.11/site-packages/sklearn/impute/_base.py:647: UserWarning: Skipping features without any observed values: ['od_max_conf_drying_bed']. At least one non-missing value is needed for imputation with strategy='median'.
  warnings.warn(
/work/GRDVULN/tp_qa/correction/.venv/lib64/python3.11/site-packages/sklearn/impute/_base.py:647: UserWarning: Skipping features without any observed values: ['od_max_conf_drying_bed']. At least one non-missing value is needed for imputation with strategy='median'.
  warnings.warn(
/work/GRDVULN/tp_qa/correction/.venv/lib64/python3.11/site-packages/sklearn/impute/_base.py:647: UserWarning: Skipping features without any observed values: ['od_max_conf_drying_bed']. At least one non-missing value is needed for imputation with strategy='median'.
  warnings.warn(
/work/GRDVULN/tp_qa/correction/.venv/lib64/python3.11/site-packages/sklearn/impute/_base.py:647: UserWarning: Skipping features without any observed values: ['od_max_conf_chlorine_contact' 'od_max_conf_drying_bed']. At least one non-missing value is needed for imputation with strategy='median'.
  warnings.warn(
/work/GRDVULN/tp_qa/correction/.venv/lib64/python3.11/site-packages/sklearn/impute/_base.py:647: UserWarning: Skipping features without any observed values: ['od_max_conf_drying_bed']. At least one non-missing value is needed for imputation with strategy='median'.
  warnings.warn(
/work/GRDVULN/tp_qa/correction/.venv/lib64/python3.11/site-packages/sklearn/impute/_base.py:647: UserWarning: Skipping features without any observed values: ['od_max_conf_chlorine_contact' 'od_max_conf_drying_bed']. At least one non-missing value is needed for imputation with strategy='median'.
  warnings.warn(
/work/GRDVULN/tp_qa/correction/.venv/lib64/python3.11/site-packages/sklearn/impute/_base.py:647: UserWarning: Skipping features without any observed values: ['od_max_conf_drying_bed']. At least one non-missing value is needed for imputation with strategy='median'.
  warnings.warn(
/work/GRDVULN/tp_qa/correction/.venv/lib64/python3.11/site-packages/sklearn/impute/_base.py:647: UserWarning: Skipping features without any observed values: ['od_max_conf_drying_bed']. At least one non-missing value is needed for imputation with strategy='median'.
  warnings.warn(
/work/GRDVULN/tp_qa/correction/.venv/lib64/python3.11/site-packages/sklearn/impute/_base.py:647: UserWarning: Skipping features without any observed values: ['od_max_conf_drying_bed']. At least one non-missing value is needed for imputation with strategy='median'.
  warnings.warn(
/work/GRDVULN/tp_qa/correction/.venv/lib64/python3.11/site-packages/sklearn/impute/_base.py:647: UserWarning: Skipping features without any observed values: ['od_max_conf_drying_bed']. At least one non-missing value is needed for imputation with strategy='median'.
  warnings.warn(
/work/GRDVULN/tp_qa/correction/.venv/lib64/python3.11/site-packages/sklearn/impute/_base.py:647: UserWarning: Skipping features without any observed values: ['od_max_conf_chlorine_contact' 'od_max_conf_drying_bed']. At least one non-missing value is needed for imputation with strategy='median'.
  warnings.warn(
/work/GRDVULN/tp_qa/correction/.venv/lib64/python3.11/site-packages/sklearn/impute/_base.py:647: UserWarning: Skipping features without any observed values: ['od_max_conf_drying_bed']. At least one non-missing value is needed for imputation with strategy='median'.
  warnings.warn(
/work/GRDVULN/tp_qa/correction/.venv/lib64/python3.11/site-packages/sklearn/impute/_base.py:647: UserWarning: Skipping features without any observed values: ['od_max_conf_drying_bed']. At least one non-missing value is needed for imputation with strategy='median'.
  warnings.warn(
/work/GRDVULN/tp_qa/correction/.venv/lib64/python3.11/site-packages/sklearn/impute/_base.py:647: UserWarning: Skipping features without any observed values: ['od_max_conf_drying_bed']. At least one non-missing value is needed for imputation with strategy='median'.
  warnings.warn(
/work/GRDVULN/tp_qa/correction/.venv/lib64/python3.11/site-packages/sklearn/impute/_base.py:647: UserWarning: Skipping features without any observed values: ['od_max_conf_drying_bed']. At least one non-missing value is needed for imputation with strategy='median'.
  warnings.warn(
/work/GRDVULN/tp_qa/correction/.venv/lib64/python3.11/site-packages/sklearn/impute/_base.py:647: UserWarning: Skipping features without any observed values: ['od_max_conf_drying_bed']. At least one non-missing value is needed for imputation with strategy='median'.
  warnings.warn(
/work/GRDVULN/tp_qa/correction/.venv/lib64/python3.11/site-packages/sklearn/impute/_base.py:647: UserWarning: Skipping features without any observed values: ['od_max_conf_chlorine_contact' 'od_max_conf_drying_bed']. At least one non-missing value is needed for imputation with strategy='median'.
  warnings.warn(
/work/GRDVULN/tp_qa/correction/.venv/lib64/python3.11/site-packages/sklearn/impute/_base.py:647: UserWarning: Skipping features without any observed values: ['od_max_conf_drying_bed']. At least one non-missing value is needed for imputation with strategy='median'.
  warnings.warn(
/work/GRDVULN/tp_qa/correction/.venv/lib64/python3.11/site-packages/sklearn/impute/_base.py:647: UserWarning: Skipping features without any observed values: ['od_max_conf_drying_bed']. At least one non-missing value is needed for imputation with strategy='median'.
  warnings.warn(
/work/GRDVULN/tp_qa/correction/.venv/lib64/python3.11/site-packages/sklearn/impute/_base.py:647: UserWarning: Skipping features without any observed values: ['od_max_conf_drying_bed']. At least one non-missing value is needed for imputation with strategy='median'.
  warnings.warn(
/work/GRDVULN/tp_qa/correction/.venv/lib64/python3.11/site-packages/sklearn/impute/_base.py:647: UserWarning: Skipping features without any observed values: ['od_max_conf_drying_bed']. At least one non-missing value is needed for imputation with strategy='median'.
  warnings.warn(
/work/GRDVULN/tp_qa/correction/.venv/lib64/python3.11/site-packages/sklearn/impute/_base.py:647: UserWarning: Skipping features without any observed values: ['od_max_conf_drying_bed']. At least one non-missing value is needed for imputation with strategy='median'.
  warnings.warn(
/work/GRDVULN/tp_qa/correction/.venv/lib64/python3.11/site-packages/sklearn/impute/_base.py:647: UserWarning: Skipping features without any observed values: ['od_max_conf_drying_bed']. At least one non-missing value is needed for imputation with strategy='median'.
  warnings.warn(
/work/GRDVULN/tp_qa/correction/.venv/lib64/python3.11/site-packages/sklearn/impute/_base.py:647: UserWarning: Skipping features without any observed values: ['od_max_conf_drying_bed']. At least one non-missing value is needed for imputation with strategy='median'.
  warnings.warn(
/work/GRDVULN/tp_qa/correction/.venv/lib64/python3.11/site-packages/sklearn/impute/_base.py:647: UserWarning: Skipping features without any observed values: ['od_max_conf_chlorine_contact' 'od_max_conf_drying_bed']. At least one non-missing value is needed for imputation with strategy='median'.
  warnings.warn(
/work/GRDVULN/tp_qa/correction/.venv/lib64/python3.11/site-packages/sklearn/impute/_base.py:647: UserWarning: Skipping features without any observed values: ['od_max_conf_chlorine_contact' 'od_max_conf_drying_bed']. At least one non-missing value is needed for imputation with strategy='median'.
  warnings.warn(
/work/GRDVULN/tp_qa/correction/.venv/lib64/python3.11/site-packages/sklearn/impute/_base.py:647: UserWarning: Skipping features without any observed values: ['od_max_conf_drying_bed']. At least one non-missing value is needed for imputation with strategy='median'.
  warnings.warn(
/work/GRDVULN/tp_qa/correction/.venv/lib64/python3.11/site-packages/sklearn/impute/_base.py:647: UserWarning: Skipping features without any observed values: ['od_max_conf_drying_bed']. At least one non-missing value is needed for imputation with strategy='median'.
  warnings.warn(
/work/GRDVULN/tp_qa/correction/.venv/lib64/python3.11/site-packages/sklearn/impute/_base.py:647: UserWarning: Skipping features without any observed values: ['od_max_conf_drying_bed']. At least one non-missing value is needed for imputation with strategy='median'.
  warnings.warn(
/work/GRDVULN/tp_qa/correction/.venv/lib64/python3.11/site-packages/sklearn/impute/_base.py:647: UserWarning: Skipping features without any observed values: ['od_max_conf_chlorine_contact' 'od_max_conf_drying_bed']. At least one non-missing value is needed for imputation with strategy='median'.
  warnings.warn(
/work/GRDVULN/tp_qa/correction/.venv/lib64/python3.11/site-packages/sklearn/impute/_base.py:647: UserWarning: Skipping features without any observed values: ['od_max_conf_drying_bed']. At least one non-missing value is needed for imputation with strategy='median'.
  warnings.warn(
/work/GRDVULN/tp_qa/correction/.venv/lib64/python3.11/site-packages/sklearn/impute/_base.py:647: UserWarning: Skipping features without any observed values: ['od_max_conf_drying_bed']. At least one non-missing value is needed for imputation with strategy='median'.
  warnings.warn(
/work/GRDVULN/tp_qa/correction/.venv/lib64/python3.11/site-packages/sklearn/impute/_base.py:647: UserWarning: Skipping features without any observed values: ['od_max_conf_drying_bed']. At least one non-missing value is needed for imputation with strategy='median'.
  warnings.warn(
/work/GRDVULN/tp_qa/correction/.venv/lib64/python3.11/site-packages/sklearn/impute/_base.py:647: UserWarning: Skipping features without any observed values: ['od_max_conf_drying_bed']. At least one non-missing value is needed for imputation with strategy='median'.
  warnings.warn(
/work/GRDVULN/tp_qa/correction/.venv/lib64/python3.11/site-packages/sklearn/impute/_base.py:647: UserWarning: Skipping features without any observed values: ['od_max_conf_drying_bed']. At least one non-missing value is needed for imputation with strategy='median'.
  warnings.warn(
/work/GRDVULN/tp_qa/correction/.venv/lib64/python3.11/site-packages/sklearn/impute/_base.py:647: UserWarning: Skipping features without any observed values: ['od_max_conf_drying_bed']. At least one non-missing value is needed for imputation with strategy='median'.
  warnings.warn(
/work/GRDVULN/tp_qa/correction/.venv/lib64/python3.11/site-packages/sklearn/impute/_base.py:647: UserWarning: Skipping features without any observed values: ['od_max_conf_chlorine_contact' 'od_max_conf_drying_bed']. At least one non-missing value is needed for imputation with strategy='median'.
  warnings.warn(
/work/GRDVULN/tp_qa/correction/.venv/lib64/python3.11/site-packages/sklearn/impute/_base.py:647: UserWarning: Skipping features without any observed values: ['od_max_conf_drying_bed']. At least one non-missing value is needed for imputation with strategy='median'.
  warnings.warn(
/work/GRDVULN/tp_qa/correction/.venv/lib64/python3.11/site-packages/sklearn/impute/_base.py:647: UserWarning: Skipping features without any observed values: ['od_max_conf_drying_bed']. At least one non-missing value is needed for imputation with strategy='median'.
  warnings.warn(
/work/GRDVULN/tp_qa/correction/.venv/lib64/python3.11/site-packages/sklearn/impute/_base.py:647: UserWarning: Skipping features without any observed values: ['od_max_conf_drying_bed']. At least one non-missing value is needed for imputation with strategy='median'.
  warnings.warn(
/work/GRDVULN/tp_qa/correction/.venv/lib64/python3.11/site-packages/sklearn/impute/_base.py:647: UserWarning: Skipping features without any observed values: ['od_max_conf_drying_bed']. At least one non-missing value is needed for imputation with strategy='median'.
  warnings.warn(
/work/GRDVULN/tp_qa/correction/.venv/lib64/python3.11/site-packages/sklearn/impute/_base.py:647: UserWarning: Skipping features without any observed values: ['od_max_conf_drying_bed']. At least one non-missing value is needed for imputation with strategy='median'.
  warnings.warn(
/work/GRDVULN/tp_qa/correction/.venv/lib64/python3.11/site-packages/sklearn/impute/_base.py:647: UserWarning: Skipping features without any observed values: ['od_max_conf_drying_bed']. At least one non-missing value is needed for imputation with strategy='median'.
  warnings.warn(
/work/GRDVULN/tp_qa/correction/.venv/lib64/python3.11/site-packages/sklearn/impute/_base.py:647: UserWarning: Skipping features without any observed values: ['od_max_conf_chlorine_contact' 'od_max_conf_drying_bed']. At least one non-missing value is needed for imputation with strategy='median'.
  warnings.warn(
/work/GRDVULN/tp_qa/correction/.venv/lib64/python3.11/site-packages/sklearn/impute/_base.py:647: UserWarning: Skipping features without any observed values: ['od_max_conf_drying_bed']. At least one non-missing value is needed for imputation with strategy='median'.
  warnings.warn(
/work/GRDVULN/tp_qa/correction/.venv/lib64/python3.11/site-packages/sklearn/impute/_base.py:647: UserWarning: Skipping features without any observed values: ['od_max_conf_drying_bed']. At least one non-missing value is needed for imputation with strategy='median'.
  warnings.warn(
/work/GRDVULN/tp_qa/correction/.venv/lib64/python3.11/site-packages/sklearn/impute/_base.py:647: UserWarning: Skipping features without any observed values: ['od_max_conf_chlorine_contact' 'od_max_conf_drying_bed']. At least one non-missing value is needed for imputation with strategy='median'.
  warnings.warn(
/work/GRDVULN/tp_qa/correction/.venv/lib64/python3.11/site-packages/sklearn/impute/_base.py:647: UserWarning: Skipping features without any observed values: ['od_max_conf_drying_bed']. At least one non-missing value is needed for imputation with strategy='median'.
  warnings.warn(
/work/GRDVULN/tp_qa/correction/.venv/lib64/python3.11/site-packages/sklearn/impute/_base.py:647: UserWarning: Skipping features without any observed values: ['od_max_conf_drying_bed']. At least one non-missing value is needed for imputation with strategy='median'.
  warnings.warn(
/work/GRDVULN/tp_qa/correction/.venv/lib64/python3.11/site-packages/sklearn/impute/_base.py:647: UserWarning: Skipping features without any observed values: ['od_max_conf_drying_bed']. At least one non-missing value is needed for imputation with strategy='median'.
  warnings.warn(
/work/GRDVULN/tp_qa/correction/.venv/lib64/python3.11/site-packages/sklearn/impute/_base.py:647: UserWarning: Skipping features without any observed values: ['od_max_conf_drying_bed']. At least one non-missing value is needed for imputation with strategy='median'.
  warnings.warn(
/work/GRDVULN/tp_qa/correction/.venv/lib64/python3.11/site-packages/sklearn/impute/_base.py:647: UserWarning: Skipping features without any observed values: ['od_max_conf_drying_bed']. At least one non-missing value is needed for imputation with strategy='median'.
  warnings.warn(
/work/GRDVULN/tp_qa/correction/.venv/lib64/python3.11/site-packages/sklearn/impute/_base.py:647: UserWarning: Skipping features without any observed values: ['od_max_conf_drying_bed']. At least one non-missing value is needed for imputation with strategy='median'.
  warnings.warn(
/work/GRDVULN/tp_qa/correction/.venv/lib64/python3.11/site-packages/sklearn/impute/_base.py:647: UserWarning: Skipping features without any observed values: ['od_max_conf_drying_bed']. At least one non-missing value is needed for imputation with strategy='median'.
  warnings.warn(
/work/GRDVULN/tp_qa/correction/.venv/lib64/python3.11/site-packages/sklearn/impute/_base.py:647: UserWarning: Skipping features without any observed values: ['od_max_conf_chlorine_contact' 'od_max_conf_drying_bed']. At least one non-missing value is needed for imputation with strategy='median'.
  warnings.warn(
/work/GRDVULN/tp_qa/correction/.venv/lib64/python3.11/site-packages/sklearn/impute/_base.py:647: UserWarning: Skipping features without any observed values: ['od_max_conf_chlorine_contact' 'od_max_conf_drying_bed']. At least one non-missing value is needed for imputation with strategy='median'.
  warnings.warn(
/work/GRDVULN/tp_qa/correction/.venv/lib64/python3.11/site-packages/sklearn/impute/_base.py:647: UserWarning: Skipping features without any observed values: ['od_max_conf_drying_bed']. At least one non-missing value is needed for imputation with strategy='median'.
  warnings.warn(
/work/GRDVULN/tp_qa/correction/.venv/lib64/python3.11/site-packages/sklearn/impute/_base.py:647: UserWarning: Skipping features without any observed values: ['od_max_conf_drying_bed']. At least one non-missing value is needed for imputation with strategy='median'.
  warnings.warn(
/work/GRDVULN/tp_qa/correction/.venv/lib64/python3.11/site-packages/sklearn/impute/_base.py:647: UserWarning: Skipping features without any observed values: ['od_max_conf_drying_bed']. At least one non-missing value is needed for imputation with strategy='median'.
  warnings.warn(
/work/GRDVULN/tp_qa/correction/.venv/lib64/python3.11/site-packages/sklearn/impute/_base.py:647: UserWarning: Skipping features without any observed values: ['od_max_conf_drying_bed']. At least one non-missing value is needed for imputation with strategy='median'.
  warnings.warn(
/work/GRDVULN/tp_qa/correction/.venv/lib64/python3.11/site-packages/sklearn/impute/_base.py:647: UserWarning: Skipping features without any observed values: ['od_max_conf_drying_bed']. At least one non-missing value is needed for imputation with strategy='median'.
  warnings.warn(
/work/GRDVULN/tp_qa/correction/.venv/lib64/python3.11/site-packages/sklearn/impute/_base.py:647: UserWarning: Skipping features without any observed values: ['od_max_conf_drying_bed']. At least one non-missing value is needed for imputation with strategy='median'.
  warnings.warn(
/work/GRDVULN/tp_qa/correction/.venv/lib64/python3.11/site-packages/sklearn/impute/_base.py:647: UserWarning: Skipping features without any observed values: ['od_max_conf_drying_bed']. At least one non-missing value is needed for imputation with strategy='median'.
  warnings.warn(
/work/GRDVULN/tp_qa/correction/.venv/lib64/python3.11/site-packages/sklearn/impute/_base.py:647: UserWarning: Skipping features without any observed values: ['od_max_conf_drying_bed']. At least one non-missing value is needed for imputation with strategy='median'.
  warnings.warn(
/work/GRDVULN/tp_qa/correction/.venv/lib64/python3.11/site-packages/sklearn/impute/_base.py:647: UserWarning: Skipping features without any observed values: ['od_max_conf_chlorine_contact' 'od_max_conf_drying_bed']. At least one non-missing value is needed for imputation with strategy='median'.
  warnings.warn(
/work/GRDVULN/tp_qa/correction/.venv/lib64/python3.11/site-packages/sklearn/impute/_base.py:647: UserWarning: Skipping features without any observed values: ['od_max_conf_drying_bed']. At least one non-missing value is needed for imputation with strategy='median'.
  warnings.warn(
/work/GRDVULN/tp_qa/correction/.venv/lib64/python3.11/site-packages/sklearn/impute/_base.py:647: UserWarning: Skipping features without any observed values: ['od_max_conf_drying_bed']. At least one non-missing value is needed for imputation with strategy='median'.
  warnings.warn(
/work/GRDVULN/tp_qa/correction/.venv/lib64/python3.11/site-packages/sklearn/impute/_base.py:647: UserWarning: Skipping features without any observed values: ['od_max_conf_chlorine_contact' 'od_max_conf_drying_bed']. At least one non-missing value is needed for imputation with strategy='median'.
  warnings.warn(
/work/GRDVULN/tp_qa/correction/.venv/lib64/python3.11/site-packages/sklearn/impute/_base.py:647: UserWarning: Skipping features without any observed values: ['od_max_conf_chlorine_contact' 'od_max_conf_drying_bed']. At least one non-missing value is needed for imputation with strategy='median'.
  warnings.warn(
/work/GRDVULN/tp_qa/correction/.venv/lib64/python3.11/site-packages/sklearn/impute/_base.py:647: UserWarning: Skipping features without any observed values: ['od_max_conf_drying_bed']. At least one non-missing value is needed for imputation with strategy='median'.
  warnings.warn(
/work/GRDVULN/tp_qa/correction/.venv/lib64/python3.11/site-packages/sklearn/impute/_base.py:647: UserWarning: Skipping features without any observed values: ['od_max_conf_drying_bed']. At least one non-missing value is needed for imputation with strategy='median'.
  warnings.warn(
/work/GRDVULN/tp_qa/correction/.venv/lib64/python3.11/site-packages/sklearn/impute/_base.py:647: UserWarning: Skipping features without any observed values: ['od_max_conf_drying_bed']. At least one non-missing value is needed for imputation with strategy='median'.
  warnings.warn(
/work/GRDVULN/tp_qa/correction/.venv/lib64/python3.11/site-packages/sklearn/impute/_base.py:647: UserWarning: Skipping features without any observed values: ['od_max_conf_drying_bed']. At least one non-missing value is needed for imputation with strategy='median'.
  warnings.warn(
/work/GRDVULN/tp_qa/correction/.venv/lib64/python3.11/site-packages/sklearn/impute/_base.py:647: UserWarning: Skipping features without any observed values: ['od_max_conf_drying_bed']. At least one non-missing value is needed for imputation with strategy='median'.
  warnings.warn(
/work/GRDVULN/tp_qa/correction/.venv/lib64/python3.11/site-packages/sklearn/impute/_base.py:647: UserWarning: Skipping features without any observed values: ['od_max_conf_drying_bed']. At least one non-missing value is needed for imputation with strategy='median'.
  warnings.warn(
/work/GRDVULN/tp_qa/correction/.venv/lib64/python3.11/site-packages/sklearn/impute/_base.py:647: UserWarning: Skipping features without any observed values: ['od_max_conf_chlorine_contact' 'od_max_conf_drying_bed']. At least one non-missing value is needed for imputation with strategy='median'.
  warnings.warn(
/work/GRDVULN/tp_qa/correction/.venv/lib64/python3.11/site-packages/sklearn/impute/_base.py:647: UserWarning: Skipping features without any observed values: ['od_max_conf_drying_bed']. At least one non-missing value is needed for imputation with strategy='median'.
  warnings.warn(
/work/GRDVULN/tp_qa/correction/.venv/lib64/python3.11/site-packages/sklearn/impute/_base.py:647: UserWarning: Skipping features without any observed values: ['od_max_conf_drying_bed']. At least one non-missing value is needed for imputation with strategy='median'.
  warnings.warn(
/work/GRDVULN/tp_qa/correction/.venv/lib64/python3.11/site-packages/sklearn/impute/_base.py:647: UserWarning: Skipping features without any observed values: ['od_max_conf_drying_bed']. At least one non-missing value is needed for imputation with strategy='median'.
  warnings.warn(
/work/GRDVULN/tp_qa/correction/.venv/lib64/python3.11/site-packages/sklearn/impute/_base.py:647: UserWarning: Skipping features without any observed values: ['od_max_conf_drying_bed']. At least one non-missing value is needed for imputation with strategy='median'.
  warnings.warn(
/work/GRDVULN/tp_qa/correction/.venv/lib64/python3.11/site-packages/sklearn/impute/_base.py:647: UserWarning: Skipping features without any observed values: ['od_max_conf_drying_bed']. At least one non-missing value is needed for imputation with strategy='median'.
  warnings.warn(
/work/GRDVULN/tp_qa/correction/.venv/lib64/python3.11/site-packages/sklearn/impute/_base.py:647: UserWarning: Skipping features without any observed values: ['od_max_conf_drying_bed']. At least one non-missing value is needed for imputation with strategy='median'.
  warnings.warn(
/work/GRDVULN/tp_qa/correction/.venv/lib64/python3.11/site-packages/sklearn/impute/_base.py:647: UserWarning: Skipping features without any observed values: ['od_max_conf_chlorine_contact' 'od_max_conf_drying_bed']. At least one non-missing value is needed for imputation with strategy='median'.
  warnings.warn(
/work/GRDVULN/tp_qa/correction/.venv/lib64/python3.11/site-packages/sklearn/impute/_base.py:647: UserWarning: Skipping features without any observed values: ['od_max_conf_drying_bed']. At least one non-missing value is needed for imputation with strategy='median'.
  warnings.warn(
/work/GRDVULN/tp_qa/correction/.venv/lib64/python3.11/site-packages/sklearn/impute/_base.py:647: UserWarning: Skipping features without any observed values: ['od_max_conf_drying_bed']. At least one non-missing value is needed for imputation with strategy='median'.
  warnings.warn(
/work/GRDVULN/tp_qa/correction/.venv/lib64/python3.11/site-packages/sklearn/impute/_base.py:647: UserWarning: Skipping features without any observed values: ['od_max_conf_drying_bed']. At least one non-missing value is needed for imputation with strategy='median'.
  warnings.warn(
/work/GRDVULN/tp_qa/correction/.venv/lib64/python3.11/site-packages/sklearn/impute/_base.py:647: UserWarning: Skipping features without any observed values: ['od_max_conf_drying_bed']. At least one non-missing value is needed for imputation with strategy='median'.
  warnings.warn(
/work/GRDVULN/tp_qa/correction/.venv/lib64/python3.11/site-packages/sklearn/impute/_base.py:647: UserWarning: Skipping features without any observed values: ['od_max_conf_chlorine_contact' 'od_max_conf_drying_bed']. At least one non-missing value is needed for imputation with strategy='median'.
  warnings.warn(
/work/GRDVULN/tp_qa/correction/.venv/lib64/python3.11/site-packages/sklearn/impute/_base.py:647: UserWarning: Skipping features without any observed values: ['od_max_conf_drying_bed']. At least one non-missing value is needed for imputation with strategy='median'.
  warnings.warn(
/work/GRDVULN/tp_qa/correction/.venv/lib64/python3.11/site-packages/sklearn/impute/_base.py:647: UserWarning: Skipping features without any observed values: ['od_max_conf_drying_bed']. At least one non-missing value is needed for imputation with strategy='median'.
  warnings.warn(
/work/GRDVULN/tp_qa/correction/.venv/lib64/python3.11/site-packages/sklearn/impute/_base.py:647: UserWarning: Skipping features without any observed values: ['od_max_conf_drying_bed']. At least one non-missing value is needed for imputation with strategy='median'.
  warnings.warn(
/work/GRDVULN/tp_qa/correction/.venv/lib64/python3.11/site-packages/sklearn/impute/_base.py:647: UserWarning: Skipping features without any observed values: ['od_max_conf_drying_bed']. At least one non-missing value is needed for imputation with strategy='median'.
  warnings.warn(
/work/GRDVULN/tp_qa/correction/.venv/lib64/python3.11/site-packages/sklearn/impute/_base.py:647: UserWarning: Skipping features without any observed values: ['od_max_conf_drying_bed']. At least one non-missing value is needed for imputation with strategy='median'.
  warnings.warn(
/work/GRDVULN/tp_qa/correction/.venv/lib64/python3.11/site-packages/sklearn/impute/_base.py:647: UserWarning: Skipping features without any observed values: ['od_max_conf_chlorine_contact' 'od_max_conf_drying_bed']. At least one non-missing value is needed for imputation with strategy='median'.
  warnings.warn(
/work/GRDVULN/tp_qa/correction/.venv/lib64/python3.11/site-packages/sklearn/impute/_base.py:647: UserWarning: Skipping features without any observed values: ['od_max_conf_drying_bed']. At least one non-missing value is needed for imputation with strategy='median'.
  warnings.warn(
/work/GRDVULN/tp_qa/correction/.venv/lib64/python3.11/site-packages/sklearn/impute/_base.py:647: UserWarning: Skipping features without any observed values: ['od_max_conf_drying_bed']. At least one non-missing value is needed for imputation with strategy='median'.
  warnings.warn(
/work/GRDVULN/tp_qa/correction/.venv/lib64/python3.11/site-packages/sklearn/impute/_base.py:647: UserWarning: Skipping features without any observed values: ['od_max_conf_drying_bed']. At least one non-missing value is needed for imputation with strategy='median'.
  warnings.warn(
/work/GRDVULN/tp_qa/correction/.venv/lib64/python3.11/site-packages/sklearn/impute/_base.py:647: UserWarning: Skipping features without any observed values: ['od_max_conf_chlorine_contact' 'od_max_conf_drying_bed']. At least one non-missing value is needed for imputation with strategy='median'.
  warnings.warn(
/work/GRDVULN/tp_qa/correction/.venv/lib64/python3.11/site-packages/sklearn/impute/_base.py:647: UserWarning: Skipping features without any observed values: ['od_max_conf_drying_bed']. At least one non-missing value is needed for imputation with strategy='median'.
  warnings.warn(
/work/GRDVULN/tp_qa/correction/.venv/lib64/python3.11/site-packages/sklearn/impute/_base.py:647: UserWarning: Skipping features without any observed values: ['od_max_conf_drying_bed']. At least one non-missing value is needed for imputation with strategy='median'.
  warnings.warn(
/work/GRDVULN/tp_qa/correction/.venv/lib64/python3.11/site-packages/sklearn/impute/_base.py:647: UserWarning: Skipping features without any observed values: ['od_max_conf_drying_bed']. At least one non-missing value is needed for imputation with strategy='median'.
  warnings.warn(
/work/GRDVULN/tp_qa/correction/.venv/lib64/python3.11/site-packages/sklearn/impute/_base.py:647: UserWarning: Skipping features without any observed values: ['od_max_conf_drying_bed']. At least one non-missing value is needed for imputation with strategy='median'.
  warnings.warn(
/work/GRDVULN/tp_qa/correction/.venv/lib64/python3.11/site-packages/sklearn/impute/_base.py:647: UserWarning: Skipping features without any observed values: ['od_max_conf_drying_bed']. At least one non-missing value is needed for imputation with strategy='median'.
  warnings.warn(
/work/GRDVULN/tp_qa/correction/.venv/lib64/python3.11/site-packages/sklearn/impute/_base.py:647: UserWarning: Skipping features without any observed values: ['od_max_conf_chlorine_contact' 'od_max_conf_drying_bed']. At least one non-missing value is needed for imputation with strategy='median'.
  warnings.warn(
/work/GRDVULN/tp_qa/correction/.venv/lib64/python3.11/site-packages/sklearn/impute/_base.py:647: UserWarning: Skipping features without any observed values: ['od_max_conf_drying_bed']. At least one non-missing value is needed for imputation with strategy='median'.
  warnings.warn(
/work/GRDVULN/tp_qa/correction/.venv/lib64/python3.11/site-packages/sklearn/impute/_base.py:647: UserWarning: Skipping features without any observed values: ['od_max_conf_drying_bed']. At least one non-missing value is needed for imputation with strategy='median'.
  warnings.warn(
/work/GRDVULN/tp_qa/correction/.venv/lib64/python3.11/site-packages/sklearn/impute/_base.py:647: UserWarning: Skipping features without any observed values: ['od_max_conf_drying_bed']. At least one non-missing value is needed for imputation with strategy='median'.
  warnings.warn(
/work/GRDVULN/tp_qa/correction/.venv/lib64/python3.11/site-packages/sklearn/impute/_base.py:647: UserWarning: Skipping features without any observed values: ['od_max_conf_drying_bed']. At least one non-missing value is needed for imputation with strategy='median'.
  warnings.warn(
/work/GRDVULN/tp_qa/correction/.venv/lib64/python3.11/site-packages/sklearn/impute/_base.py:647: UserWarning: Skipping features without any observed values: ['od_max_conf_drying_bed']. At least one non-missing value is needed for imputation with strategy='median'.
  warnings.warn(
/work/GRDVULN/tp_qa/correction/.venv/lib64/python3.11/site-packages/sklearn/impute/_base.py:647: UserWarning: Skipping features without any observed values: ['od_max_conf_chlorine_contact' 'od_max_conf_drying_bed']. At least one non-missing value is needed for imputation with strategy='median'.
  warnings.warn(
/work/GRDVULN/tp_qa/correction/.venv/lib64/python3.11/site-packages/sklearn/impute/_base.py:647: UserWarning: Skipping features without any observed values: ['od_max_conf_chlorine_contact' 'od_max_conf_drying_bed']. At least one non-missing value is needed for imputation with strategy='median'.
  warnings.warn(
/work/GRDVULN/tp_qa/correction/.venv/lib64/python3.11/site-packages/sklearn/impute/_base.py:647: UserWarning: Skipping features without any observed values: ['od_max_conf_drying_bed']. At least one non-missing value is needed for imputation with strategy='median'.
  warnings.warn(
/work/GRDVULN/tp_qa/correction/.venv/lib64/python3.11/site-packages/sklearn/impute/_base.py:647: UserWarning: Skipping features without any observed values: ['od_max_conf_drying_bed']. At least one non-missing value is needed for imputation with strategy='median'.
  warnings.warn(
/work/GRDVULN/tp_qa/correction/.venv/lib64/python3.11/site-packages/sklearn/impute/_base.py:647: UserWarning: Skipping features without any observed values: ['od_max_conf_drying_bed']. At least one non-missing value is needed for imputation with strategy='median'.
  warnings.warn(
/work/GRDVULN/tp_qa/correction/.venv/lib64/python3.11/site-packages/sklearn/impute/_base.py:647: UserWarning: Skipping features without any observed values: ['od_max_conf_drying_bed']. At least one non-missing value is needed for imputation with strategy='median'.
  warnings.warn(
/work/GRDVULN/tp_qa/correction/.venv/lib64/python3.11/site-packages/sklearn/impute/_base.py:647: UserWarning: Skipping features without any observed values: ['od_max_conf_drying_bed']. At least one non-missing value is needed for imputation with strategy='median'.
  warnings.warn(
/work/GRDVULN/tp_qa/correction/.venv/lib64/python3.11/site-packages/sklearn/impute/_base.py:647: UserWarning: Skipping features without any observed values: ['od_max_conf_chlorine_contact' 'od_max_conf_drying_bed']. At least one non-missing value is needed for imputation with strategy='median'.
  warnings.warn(
/work/GRDVULN/tp_qa/correction/.venv/lib64/python3.11/site-packages/sklearn/impute/_base.py:647: UserWarning: Skipping features without any observed values: ['od_max_conf_drying_bed']. At least one non-missing value is needed for imputation with strategy='median'.
  warnings.warn(
/work/GRDVULN/tp_qa/correction/.venv/lib64/python3.11/site-packages/sklearn/impute/_base.py:647: UserWarning: Skipping features without any observed values: ['od_max_conf_drying_bed']. At least one non-missing value is needed for imputation with strategy='median'.
  warnings.warn(
/work/GRDVULN/tp_qa/correction/.venv/lib64/python3.11/site-packages/sklearn/impute/_base.py:647: UserWarning: Skipping features without any observed values: ['od_max_conf_drying_bed']. At least one non-missing value is needed for imputation with strategy='median'.
  warnings.warn(
/work/GRDVULN/tp_qa/correction/.venv/lib64/python3.11/site-packages/sklearn/impute/_base.py:647: UserWarning: Skipping features without any observed values: ['od_max_conf_drying_bed']. At least one non-missing value is needed for imputation with strategy='median'.
  warnings.warn(
/work/GRDVULN/tp_qa/correction/.venv/lib64/python3.11/site-packages/sklearn/impute/_base.py:647: UserWarning: Skipping features without any observed values: ['od_max_conf_drying_bed']. At least one non-missing value is needed for imputation with strategy='median'.
  warnings.warn(
/work/GRDVULN/tp_qa/correction/.venv/lib64/python3.11/site-packages/sklearn/impute/_base.py:647: UserWarning: Skipping features without any observed values: ['od_max_conf_drying_bed']. At least one non-missing value is needed for imputation with strategy='median'.
  warnings.warn(
/work/GRDVULN/tp_qa/correction/.venv/lib64/python3.11/site-packages/sklearn/impute/_base.py:647: UserWarning: Skipping features without any observed values: ['od_max_conf_drying_bed']. At least one non-missing value is needed for imputation with strategy='median'.
  warnings.warn(
/work/GRDVULN/tp_qa/correction/.venv/lib64/python3.11/site-packages/sklearn/impute/_base.py:647: UserWarning: Skipping features without any observed values: ['od_max_conf_drying_bed']. At least one non-missing value is needed for imputation with strategy='median'.
  warnings.warn(
/work/GRDVULN/tp_qa/correction/.venv/lib64/python3.11/site-packages/sklearn/impute/_base.py:647: UserWarning: Skipping features without any observed values: ['od_max_conf_drying_bed']. At least one non-missing value is needed for imputation with strategy='median'.
  warnings.warn(
/work/GRDVULN/tp_qa/correction/.venv/lib64/python3.11/site-packages/sklearn/impute/_base.py:647: UserWarning: Skipping features without any observed values: ['od_max_conf_drying_bed']. At least one non-missing value is needed for imputation with strategy='median'.
  warnings.warn(
/work/GRDVULN/tp_qa/correction/.venv/lib64/python3.11/site-packages/sklearn/impute/_base.py:647: UserWarning: Skipping features without any observed values: ['od_max_conf_chlorine_contact' 'od_max_conf_drying_bed']. At least one non-missing value is needed for imputation with strategy='median'.
  warnings.warn(
/work/GRDVULN/tp_qa/correction/.venv/lib64/python3.11/site-packages/sklearn/impute/_base.py:647: UserWarning: Skipping features without any observed values: ['od_max_conf_chlorine_contact' 'od_max_conf_drying_bed']. At least one non-missing value is needed for imputation with strategy='median'.
  warnings.warn(
/work/GRDVULN/tp_qa/correction/.venv/lib64/python3.11/site-packages/sklearn/impute/_base.py:647: UserWarning: Skipping features without any observed values: ['od_max_conf_drying_bed']. At least one non-missing value is needed for imputation with strategy='median'.
  warnings.warn(
/work/GRDVULN/tp_qa/correction/.venv/lib64/python3.11/site-packages/sklearn/impute/_base.py:647: UserWarning: Skipping features without any observed values: ['od_max_conf_drying_bed']. At least one non-missing value is needed for imputation with strategy='median'.
  warnings.warn(
/work/GRDVULN/tp_qa/correction/.venv/lib64/python3.11/site-packages/sklearn/impute/_base.py:647: UserWarning: Skipping features without any observed values: ['od_max_conf_drying_bed']. At least one non-missing value is needed for imputation with strategy='median'.
  warnings.warn(
/work/GRDVULN/tp_qa/correction/.venv/lib64/python3.11/site-packages/sklearn/impute/_base.py:647: UserWarning: Skipping features without any observed values: ['od_max_conf_drying_bed']. At least one non-missing value is needed for imputation with strategy='median'.
  warnings.warn(
/work/GRDVULN/tp_qa/correction/.venv/lib64/python3.11/site-packages/sklearn/impute/_base.py:647: UserWarning: Skipping features without any observed values: ['od_max_conf_drying_bed']. At least one non-missing value is needed for imputation with strategy='median'.
  warnings.warn(
/work/GRDVULN/tp_qa/correction/.venv/lib64/python3.11/site-packages/sklearn/impute/_base.py:647: UserWarning: Skipping features without any observed values: ['od_max_conf_drying_bed']. At least one non-missing value is needed for imputation with strategy='median'.
  warnings.warn(
/work/GRDVULN/tp_qa/correction/.venv/lib64/python3.11/site-packages/sklearn/impute/_base.py:647: UserWarning: Skipping features without any observed values: ['od_max_conf_chlorine_contact' 'od_max_conf_drying_bed']. At least one non-missing value is needed for imputation with strategy='median'.
  warnings.warn(
/work/GRDVULN/tp_qa/correction/.venv/lib64/python3.11/site-packages/sklearn/impute/_base.py:647: UserWarning: Skipping features without any observed values: ['od_max_conf_drying_bed']. At least one non-missing value is needed for imputation with strategy='median'.
  warnings.warn(
/work/GRDVULN/tp_qa/correction/.venv/lib64/python3.11/site-packages/sklearn/impute/_base.py:647: UserWarning: Skipping features without any observed values: ['od_max_conf_drying_bed']. At least one non-missing value is needed for imputation with strategy='median'.
  warnings.warn(
/work/GRDVULN/tp_qa/correction/.venv/lib64/python3.11/site-packages/sklearn/impute/_base.py:647: UserWarning: Skipping features without any observed values: ['od_max_conf_drying_bed']. At least one non-missing value is needed for imputation with strategy='median'.
  warnings.warn(
/work/GRDVULN/tp_qa/correction/.venv/lib64/python3.11/site-packages/sklearn/impute/_base.py:647: UserWarning: Skipping features without any observed values: ['od_max_conf_drying_bed']. At least one non-missing value is needed for imputation with strategy='median'.
  warnings.warn(
/work/GRDVULN/tp_qa/correction/.venv/lib64/python3.11/site-packages/sklearn/impute/_base.py:647: UserWarning: Skipping features without any observed values: ['od_max_conf_chlorine_contact' 'od_max_conf_drying_bed']. At least one non-missing value is needed for imputation with strategy='median'.
  warnings.warn(
/work/GRDVULN/tp_qa/correction/.venv/lib64/python3.11/site-packages/sklearn/impute/_base.py:647: UserWarning: Skipping features without any observed values: ['od_max_conf_drying_bed']. At least one non-missing value is needed for imputation with strategy='median'.
  warnings.warn(
/work/GRDVULN/tp_qa/correction/.venv/lib64/python3.11/site-packages/sklearn/impute/_base.py:647: UserWarning: Skipping features without any observed values: ['od_max_conf_drying_bed']. At least one non-missing value is needed for imputation with strategy='median'.
  warnings.warn(
/work/GRDVULN/tp_qa/correction/.venv/lib64/python3.11/site-packages/sklearn/impute/_base.py:647: UserWarning: Skipping features without any observed values: ['od_max_conf_drying_bed']. At least one non-missing value is needed for imputation with strategy='median'.
  warnings.warn(
/work/GRDVULN/tp_qa/correction/.venv/lib64/python3.11/site-packages/sklearn/impute/_base.py:647: UserWarning: Skipping features without any observed values: ['od_max_conf_drying_bed']. At least one non-missing value is needed for imputation with strategy='median'.
  warnings.warn(
/work/GRDVULN/tp_qa/correction/.venv/lib64/python3.11/site-packages/sklearn/impute/_base.py:647: UserWarning: Skipping features without any observed values: ['od_max_conf_chlorine_contact' 'od_max_conf_drying_bed']. At least one non-missing value is needed for imputation with strategy='median'.
  warnings.warn(
/work/GRDVULN/tp_qa/correction/.venv/lib64/python3.11/site-packages/sklearn/impute/_base.py:647: UserWarning: Skipping features without any observed values: ['od_max_conf_drying_bed']. At least one non-missing value is needed for imputation with strategy='median'.
  warnings.warn(
/work/GRDVULN/tp_qa/correction/.venv/lib64/python3.11/site-packages/sklearn/impute/_base.py:647: UserWarning: Skipping features without any observed values: ['od_max_conf_drying_bed']. At least one non-missing value is needed for imputation with strategy='median'.
  warnings.warn(
/work/GRDVULN/tp_qa/correction/.venv/lib64/python3.11/site-packages/sklearn/impute/_base.py:647: UserWarning: Skipping features without any observed values: ['od_max_conf_drying_bed']. At least one non-missing value is needed for imputation with strategy='median'.
  warnings.warn(
/work/GRDVULN/tp_qa/correction/.venv/lib64/python3.11/site-packages/sklearn/impute/_base.py:647: UserWarning: Skipping features without any observed values: ['od_max_conf_drying_bed']. At least one non-missing value is needed for imputation with strategy='median'.
  warnings.warn(
/work/GRDVULN/tp_qa/correction/.venv/lib64/python3.11/site-packages/sklearn/impute/_base.py:647: UserWarning: Skipping features without any observed values: ['od_max_conf_chlorine_contact' 'od_max_conf_drying_bed']. At least one non-missing value is needed for imputation with strategy='median'.
  warnings.warn(
/work/GRDVULN/tp_qa/correction/.venv/lib64/python3.11/site-packages/sklearn/impute/_base.py:647: UserWarning: Skipping features without any observed values: ['od_max_conf_drying_bed']. At least one non-missing value is needed for imputation with strategy='median'.
  warnings.warn(
/work/GRDVULN/tp_qa/correction/.venv/lib64/python3.11/site-packages/sklearn/impute/_base.py:647: UserWarning: Skipping features without any observed values: ['od_max_conf_drying_bed']. At least one non-missing value is needed for imputation with strategy='median'.
  warnings.warn(
/work/GRDVULN/tp_qa/correction/.venv/lib64/python3.11/site-packages/sklearn/impute/_base.py:647: UserWarning: Skipping features without any observed values: ['od_max_conf_drying_bed']. At least one non-missing value is needed for imputation with strategy='median'.
  warnings.warn(
/work/GRDVULN/tp_qa/correction/.venv/lib64/python3.11/site-packages/sklearn/impute/_base.py:647: UserWarning: Skipping features without any observed values: ['od_max_conf_drying_bed']. At least one non-missing value is needed for imputation with strategy='median'.
  warnings.warn(
/work/GRDVULN/tp_qa/correction/.venv/lib64/python3.11/site-packages/sklearn/impute/_base.py:647: UserWarning: Skipping features without any observed values: ['od_max_conf_chlorine_contact' 'od_max_conf_drying_bed']. At least one non-missing value is needed for imputation with strategy='median'.
  warnings.warn(
/work/GRDVULN/tp_qa/correction/.venv/lib64/python3.11/site-packages/sklearn/impute/_base.py:647: UserWarning: Skipping features without any observed values: ['od_max_conf_drying_bed']. At least one non-missing value is needed for imputation with strategy='median'.
  warnings.warn(
/work/GRDVULN/tp_qa/correction/.venv/lib64/python3.11/site-packages/sklearn/impute/_base.py:647: UserWarning: Skipping features without any observed values: ['od_max_conf_drying_bed']. At least one non-missing value is needed for imputation with strategy='median'.
  warnings.warn(
/work/GRDVULN/tp_qa/correction/.venv/lib64/python3.11/site-packages/sklearn/impute/_base.py:647: UserWarning: Skipping features without any observed values: ['od_max_conf_drying_bed']. At least one non-missing value is needed for imputation with strategy='median'.
  warnings.warn(
/work/GRDVULN/tp_qa/correction/.venv/lib64/python3.11/site-packages/sklearn/impute/_base.py:647: UserWarning: Skipping features without any observed values: ['od_max_conf_drying_bed']. At least one non-missing value is needed for imputation with strategy='median'.
  warnings.warn(
/work/GRDVULN/tp_qa/correction/.venv/lib64/python3.11/site-packages/sklearn/impute/_base.py:647: UserWarning: Skipping features without any observed values: ['od_max_conf_chlorine_contact' 'od_max_conf_drying_bed']. At least one non-missing value is needed for imputation with strategy='median'.
  warnings.warn(
/work/GRDVULN/tp_qa/correction/.venv/lib64/python3.11/site-packages/sklearn/impute/_base.py:647: UserWarning: Skipping features without any observed values: ['od_max_conf_drying_bed']. At least one non-missing value is needed for imputation with strategy='median'.
  warnings.warn(
/work/GRDVULN/tp_qa/correction/.venv/lib64/python3.11/site-packages/sklearn/impute/_base.py:647: UserWarning: Skipping features without any observed values: ['od_max_conf_drying_bed']. At least one non-missing value is needed for imputation with strategy='median'.
  warnings.warn(
/work/GRDVULN/tp_qa/correction/.venv/lib64/python3.11/site-packages/sklearn/impute/_base.py:647: UserWarning: Skipping features without any observed values: ['od_max_conf_drying_bed']. At least one non-missing value is needed for imputation with strategy='median'.
  warnings.warn(
/work/GRDVULN/tp_qa/correction/.venv/lib64/python3.11/site-packages/sklearn/impute/_base.py:647: UserWarning: Skipping features without any observed values: ['od_max_conf_drying_bed']. At least one non-missing value is needed for imputation with strategy='median'.
  warnings.warn(
/work/GRDVULN/tp_qa/correction/.venv/lib64/python3.11/site-packages/sklearn/impute/_base.py:647: UserWarning: Skipping features without any observed values: ['od_max_conf_drying_bed']. At least one non-missing value is needed for imputation with strategy='median'.
  warnings.warn(
/work/GRDVULN/tp_qa/correction/.venv/lib64/python3.11/site-packages/sklearn/impute/_base.py:647: UserWarning: Skipping features without any observed values: ['od_max_conf_drying_bed']. At least one non-missing value is needed for imputation with strategy='median'.
  warnings.warn(
/work/GRDVULN/tp_qa/correction/.venv/lib64/python3.11/site-packages/sklearn/impute/_base.py:647: UserWarning: Skipping features without any observed values: ['od_max_conf_chlorine_contact' 'od_max_conf_drying_bed']. At least one non-missing value is needed for imputation with strategy='median'.
  warnings.warn(
/work/GRDVULN/tp_qa/correction/.venv/lib64/python3.11/site-packages/sklearn/impute/_base.py:647: UserWarning: Skipping features without any observed values: ['od_max_conf_drying_bed']. At least one non-missing value is needed for imputation with strategy='median'.
  warnings.warn(
/work/GRDVULN/tp_qa/correction/.venv/lib64/python3.11/site-packages/sklearn/impute/_base.py:647: UserWarning: Skipping features without any observed values: ['od_max_conf_drying_bed']. At least one non-missing value is needed for imputation with strategy='median'.
  warnings.warn(
/work/GRDVULN/tp_qa/correction/.venv/lib64/python3.11/site-packages/sklearn/impute/_base.py:647: UserWarning: Skipping features without any observed values: ['od_max_conf_drying_bed']. At least one non-missing value is needed for imputation with strategy='median'.
  warnings.warn(
/work/GRDVULN/tp_qa/correction/.venv/lib64/python3.11/site-packages/sklearn/impute/_base.py:647: UserWarning: Skipping features without any observed values: ['od_max_conf_chlorine_contact' 'od_max_conf_drying_bed']. At least one non-missing value is needed for imputation with strategy='median'.
  warnings.warn(
/work/GRDVULN/tp_qa/correction/.venv/lib64/python3.11/site-packages/sklearn/impute/_base.py:647: UserWarning: Skipping features without any observed values: ['od_max_conf_drying_bed']. At least one non-missing value is needed for imputation with strategy='median'.
  warnings.warn(
/work/GRDVULN/tp_qa/correction/.venv/lib64/python3.11/site-packages/sklearn/impute/_base.py:647: UserWarning: Skipping features without any observed values: ['od_max_conf_drying_bed']. At least one non-missing value is needed for imputation with strategy='median'.
  warnings.warn(
/work/GRDVULN/tp_qa/correction/.venv/lib64/python3.11/site-packages/sklearn/impute/_base.py:647: UserWarning: Skipping features without any observed values: ['od_max_conf_drying_bed']. At least one non-missing value is needed for imputation with strategy='median'.
  warnings.warn(
/work/GRDVULN/tp_qa/correction/.venv/lib64/python3.11/site-packages/sklearn/impute/_base.py:647: UserWarning: Skipping features without any observed values: ['od_max_conf_drying_bed']. At least one non-missing value is needed for imputation with strategy='median'.
  warnings.warn(
/work/GRDVULN/tp_qa/correction/.venv/lib64/python3.11/site-packages/sklearn/impute/_base.py:647: UserWarning: Skipping features without any observed values: ['od_max_conf_drying_bed']. At least one non-missing value is needed for imputation with strategy='median'.
  warnings.warn(
/work/GRDVULN/tp_qa/correction/.venv/lib64/python3.11/site-packages/sklearn/impute/_base.py:647: UserWarning: Skipping features without any observed values: ['od_max_conf_drying_bed']. At least one non-missing value is needed for imputation with strategy='median'.
  warnings.warn(
/work/GRDVULN/tp_qa/correction/.venv/lib64/python3.11/site-packages/sklearn/impute/_base.py:647: UserWarning: Skipping features without any observed values: ['od_max_conf_drying_bed']. At least one non-missing value is needed for imputation with strategy='median'.
  warnings.warn(
/work/GRDVULN/tp_qa/correction/.venv/lib64/python3.11/site-packages/sklearn/impute/_base.py:647: UserWarning: Skipping features without any observed values: ['od_max_conf_chlorine_contact' 'od_max_conf_drying_bed']. At least one non-missing value is needed for imputation with strategy='median'.
  warnings.warn(
/work/GRDVULN/tp_qa/correction/.venv/lib64/python3.11/site-packages/sklearn/impute/_base.py:647: UserWarning: Skipping features without any observed values: ['od_max_conf_chlorine_contact' 'od_max_conf_drying_bed']. At least one non-missing value is needed for imputation with strategy='median'.
  warnings.warn(
/work/GRDVULN/tp_qa/correction/.venv/lib64/python3.11/site-packages/sklearn/impute/_base.py:647: UserWarning: Skipping features without any observed values: ['od_max_conf_drying_bed']. At least one non-missing value is needed for imputation with strategy='median'.
  warnings.warn(
/work/GRDVULN/tp_qa/correction/.venv/lib64/python3.11/site-packages/sklearn/impute/_base.py:647: UserWarning: Skipping features without any observed values: ['od_max_conf_drying_bed']. At least one non-missing value is needed for imputation with strategy='median'.
  warnings.warn(
/work/GRDVULN/tp_qa/correction/.venv/lib64/python3.11/site-packages/sklearn/impute/_base.py:647: UserWarning: Skipping features without any observed values: ['od_max_conf_drying_bed']. At least one non-missing value is needed for imputation with strategy='median'.
  warnings.warn(
/work/GRDVULN/tp_qa/correction/.venv/lib64/python3.11/site-packages/sklearn/impute/_base.py:647: UserWarning: Skipping features without any observed values: ['od_max_conf_drying_bed']. At least one non-missing value is needed for imputation with strategy='median'.
  warnings.warn(
/work/GRDVULN/tp_qa/correction/.venv/lib64/python3.11/site-packages/sklearn/impute/_base.py:647: UserWarning: Skipping features without any observed values: ['od_max_conf_drying_bed']. At least one non-missing value is needed for imputation with strategy='median'.
  warnings.warn(
/work/GRDVULN/tp_qa/correction/.venv/lib64/python3.11/site-packages/sklearn/impute/_base.py:647: UserWarning: Skipping features without any observed values: ['od_max_conf_drying_bed']. At least one non-missing value is needed for imputation with strategy='median'.
  warnings.warn(
/work/GRDVULN/tp_qa/correction/.venv/lib64/python3.11/site-packages/sklearn/impute/_base.py:647: UserWarning: Skipping features without any observed values: ['od_max_conf_drying_bed']. At least one non-missing value is needed for imputation with strategy='median'.
  warnings.warn(
/work/GRDVULN/tp_qa/correction/.venv/lib64/python3.11/site-packages/sklearn/impute/_base.py:647: UserWarning: Skipping features without any observed values: ['od_max_conf_chlorine_contact' 'od_max_conf_drying_bed']. At least one non-missing value is needed for imputation with strategy='median'.
  warnings.warn(
/work/GRDVULN/tp_qa/correction/.venv/lib64/python3.11/site-packages/sklearn/impute/_base.py:647: UserWarning: Skipping features without any observed values: ['od_max_conf_drying_bed']. At least one non-missing value is needed for imputation with strategy='median'.
  warnings.warn(
/work/GRDVULN/tp_qa/correction/.venv/lib64/python3.11/site-packages/sklearn/impute/_base.py:647: UserWarning: Skipping features without any observed values: ['od_max_conf_chlorine_contact' 'od_max_conf_drying_bed']. At least one non-missing value is needed for imputation with strategy='median'.
  warnings.warn(
/work/GRDVULN/tp_qa/correction/.venv/lib64/python3.11/site-packages/sklearn/impute/_base.py:647: UserWarning: Skipping features without any observed values: ['od_max_conf_drying_bed']. At least one non-missing value is needed for imputation with strategy='median'.
  warnings.warn(
/work/GRDVULN/tp_qa/correction/.venv/lib64/python3.11/site-packages/sklearn/impute/_base.py:647: UserWarning: Skipping features without any observed values: ['od_max_conf_drying_bed']. At least one non-missing value is needed for imputation with strategy='median'.
  warnings.warn(
/work/GRDVULN/tp_qa/correction/.venv/lib64/python3.11/site-packages/sklearn/impute/_base.py:647: UserWarning: Skipping features without any observed values: ['od_max_conf_drying_bed']. At least one non-missing value is needed for imputation with strategy='median'.
  warnings.warn(
/work/GRDVULN/tp_qa/correction/.venv/lib64/python3.11/site-packages/sklearn/impute/_base.py:647: UserWarning: Skipping features without any observed values: ['od_max_conf_drying_bed']. At least one non-missing value is needed for imputation with strategy='median'.
  warnings.warn(
/work/GRDVULN/tp_qa/correction/.venv/lib64/python3.11/site-packages/sklearn/impute/_base.py:647: UserWarning: Skipping features without any observed values: ['od_max_conf_drying_bed']. At least one non-missing value is needed for imputation with strategy='median'.
  warnings.warn(
/work/GRDVULN/tp_qa/correction/.venv/lib64/python3.11/site-packages/sklearn/impute/_base.py:647: UserWarning: Skipping features without any observed values: ['od_max_conf_drying_bed']. At least one non-missing value is needed for imputation with strategy='median'.
  warnings.warn(
/work/GRDVULN/tp_qa/correction/.venv/lib64/python3.11/site-packages/sklearn/impute/_base.py:647: UserWarning: Skipping features without any observed values: ['od_max_conf_drying_bed']. At least one non-missing value is needed for imputation with strategy='median'.
  warnings.warn(
/work/GRDVULN/tp_qa/correction/.venv/lib64/python3.11/site-packages/sklearn/impute/_base.py:647: UserWarning: Skipping features without any observed values: ['od_max_conf_chlorine_contact' 'od_max_conf_drying_bed']. At least one non-missing value is needed for imputation with strategy='median'.
  warnings.warn(
/work/GRDVULN/tp_qa/correction/.venv/lib64/python3.11/site-packages/sklearn/impute/_base.py:647: UserWarning: Skipping features without any observed values: ['od_max_conf_chlorine_contact' 'od_max_conf_drying_bed']. At least one non-missing value is needed for imputation with strategy='median'.
  warnings.warn(
/work/GRDVULN/tp_qa/correction/.venv/lib64/python3.11/site-packages/sklearn/impute/_base.py:647: UserWarning: Skipping features without any observed values: ['od_max_conf_drying_bed']. At least one non-missing value is needed for imputation with strategy='median'.
  warnings.warn(
/work/GRDVULN/tp_qa/correction/.venv/lib64/python3.11/site-packages/sklearn/impute/_base.py:647: UserWarning: Skipping features without any observed values: ['od_max_conf_drying_bed']. At least one non-missing value is needed for imputation with strategy='median'.
  warnings.warn(
/work/GRDVULN/tp_qa/correction/.venv/lib64/python3.11/site-packages/sklearn/impute/_base.py:647: UserWarning: Skipping features without any observed values: ['od_max_conf_drying_bed']. At least one non-missing value is needed for imputation with strategy='median'.
  warnings.warn(
/work/GRDVULN/tp_qa/correction/.venv/lib64/python3.11/site-packages/sklearn/impute/_base.py:647: UserWarning: Skipping features without any observed values: ['od_max_conf_drying_bed']. At least one non-missing value is needed for imputation with strategy='median'.
  warnings.warn(
/work/GRDVULN/tp_qa/correction/.venv/lib64/python3.11/site-packages/sklearn/impute/_base.py:647: UserWarning: Skipping features without any observed values: ['od_max_conf_drying_bed']. At least one non-missing value is needed for imputation with strategy='median'.
  warnings.warn(
/work/GRDVULN/tp_qa/correction/.venv/lib64/python3.11/site-packages/sklearn/impute/_base.py:647: UserWarning: Skipping features without any observed values: ['od_max_conf_drying_bed']. At least one non-missing value is needed for imputation with strategy='median'.
  warnings.warn(
/work/GRDVULN/tp_qa/correction/.venv/lib64/python3.11/site-packages/sklearn/impute/_base.py:647: UserWarning: Skipping features without any observed values: ['od_max_conf_drying_bed']. At least one non-missing value is needed for imputation with strategy='median'.
  warnings.warn(
/work/GRDVULN/tp_qa/correction/.venv/lib64/python3.11/site-packages/sklearn/impute/_base.py:647: UserWarning: Skipping features without any observed values: ['od_max_conf_drying_bed']. At least one non-missing value is needed for imputation with strategy='median'.
  warnings.warn(
/work/GRDVULN/tp_qa/correction/.venv/lib64/python3.11/site-packages/sklearn/impute/_base.py:647: UserWarning: Skipping features without any observed values: ['od_max_conf_chlorine_contact' 'od_max_conf_drying_bed']. At least one non-missing value is needed for imputation with strategy='median'.
  warnings.warn(
/work/GRDVULN/tp_qa/correction/.venv/lib64/python3.11/site-packages/sklearn/impute/_base.py:647: UserWarning: Skipping features without any observed values: ['od_max_conf_chlorine_contact' 'od_max_conf_drying_bed']. At least one non-missing value is needed for imputation with strategy='median'.
  warnings.warn(
/work/GRDVULN/tp_qa/correction/.venv/lib64/python3.11/site-packages/sklearn/impute/_base.py:647: UserWarning: Skipping features without any observed values: ['od_max_conf_drying_bed']. At least one non-missing value is needed for imputation with strategy='median'.
  warnings.warn(
/work/GRDVULN/tp_qa/correction/.venv/lib64/python3.11/site-packages/sklearn/impute/_base.py:647: UserWarning: Skipping features without any observed values: ['od_max_conf_drying_bed']. At least one non-missing value is needed for imputation with strategy='median'.
  warnings.warn(
/work/GRDVULN/tp_qa/correction/.venv/lib64/python3.11/site-packages/sklearn/impute/_base.py:647: UserWarning: Skipping features without any observed values: ['od_max_conf_drying_bed']. At least one non-missing value is needed for imputation with strategy='median'.
  warnings.warn(
/work/GRDVULN/tp_qa/correction/.venv/lib64/python3.11/site-packages/sklearn/impute/_base.py:647: UserWarning: Skipping features without any observed values: ['od_max_conf_drying_bed']. At least one non-missing value is needed for imputation with strategy='median'.
  warnings.warn(
/work/GRDVULN/tp_qa/correction/.venv/lib64/python3.11/site-packages/sklearn/impute/_base.py:647: UserWarning: Skipping features without any observed values: ['od_max_conf_drying_bed']. At least one non-missing value is needed for imputation with strategy='median'.
  warnings.warn(
/work/GRDVULN/tp_qa/correction/.venv/lib64/python3.11/site-packages/sklearn/impute/_base.py:647: UserWarning: Skipping features without any observed values: ['od_max_conf_drying_bed']. At least one non-missing value is needed for imputation with strategy='median'.
  warnings.warn(
/work/GRDVULN/tp_qa/correction/.venv/lib64/python3.11/site-packages/sklearn/impute/_base.py:647: UserWarning: Skipping features without any observed values: ['od_max_conf_drying_bed']. At least one non-missing value is needed for imputation with strategy='median'.
  warnings.warn(
/work/GRDVULN/tp_qa/correction/.venv/lib64/python3.11/site-packages/sklearn/impute/_base.py:647: UserWarning: Skipping features without any observed values: ['od_max_conf_drying_bed']. At least one non-missing value is needed for imputation with strategy='median'.
  warnings.warn(
/work/GRDVULN/tp_qa/correction/.venv/lib64/python3.11/site-packages/sklearn/impute/_base.py:647: UserWarning: Skipping features without any observed values: ['od_max_conf_drying_bed']. At least one non-missing value is needed for imputation with strategy='median'.
  warnings.warn(
/work/GRDVULN/tp_qa/correction/.venv/lib64/python3.11/site-packages/sklearn/impute/_base.py:647: UserWarning: Skipping features without any observed values: ['od_max_conf_chlorine_contact' 'od_max_conf_drying_bed']. At least one non-missing value is needed for imputation with strategy='median'.
  warnings.warn(
/work/GRDVULN/tp_qa/correction/.venv/lib64/python3.11/site-packages/sklearn/impute/_base.py:647: UserWarning: Skipping features without any observed values: ['od_max_conf_chlorine_contact' 'od_max_conf_drying_bed']. At least one non-missing value is needed for imputation with strategy='median'.
  warnings.warn(
/work/GRDVULN/tp_qa/correction/.venv/lib64/python3.11/site-packages/sklearn/impute/_base.py:647: UserWarning: Skipping features without any observed values: ['od_max_conf_drying_bed']. At least one non-missing value is needed for imputation with strategy='median'.
  warnings.warn(
/work/GRDVULN/tp_qa/correction/.venv/lib64/python3.11/site-packages/sklearn/impute/_base.py:647: UserWarning: Skipping features without any observed values: ['od_max_conf_drying_bed']. At least one non-missing value is needed for imputation with strategy='median'.
  warnings.warn(
/work/GRDVULN/tp_qa/correction/.venv/lib64/python3.11/site-packages/sklearn/impute/_base.py:647: UserWarning: Skipping features without any observed values: ['od_max_conf_drying_bed']. At least one non-missing value is needed for imputation with strategy='median'.
  warnings.warn(
/work/GRDVULN/tp_qa/correction/.venv/lib64/python3.11/site-packages/sklearn/impute/_base.py:647: UserWarning: Skipping features without any observed values: ['od_max_conf_drying_bed']. At least one non-missing value is needed for imputation with strategy='median'.
  warnings.warn(
/work/GRDVULN/tp_qa/correction/.venv/lib64/python3.11/site-packages/sklearn/impute/_base.py:647: UserWarning: Skipping features without any observed values: ['od_max_conf_drying_bed']. At least one non-missing value is needed for imputation with strategy='median'.
  warnings.warn(
/work/GRDVULN/tp_qa/correction/.venv/lib64/python3.11/site-packages/sklearn/impute/_base.py:647: UserWarning: Skipping features without any observed values: ['od_max_conf_drying_bed']. At least one non-missing value is needed for imputation with strategy='median'.
  warnings.warn(
/work/GRDVULN/tp_qa/correction/.venv/lib64/python3.11/site-packages/sklearn/impute/_base.py:647: UserWarning: Skipping features without any observed values: ['od_max_conf_drying_bed']. At least one non-missing value is needed for imputation with strategy='median'.
  warnings.warn(
/work/GRDVULN/tp_qa/correction/.venv/lib64/python3.11/site-packages/sklearn/impute/_base.py:647: UserWarning: Skipping features without any observed values: ['od_max_conf_drying_bed']. At least one non-missing value is needed for imputation with strategy='median'.
  warnings.warn(
/work/GRDVULN/tp_qa/correction/.venv/lib64/python3.11/site-packages/sklearn/impute/_base.py:647: UserWarning: Skipping features without any observed values: ['od_max_conf_drying_bed']. At least one non-missing value is needed for imputation with strategy='median'.
  warnings.warn(
/work/GRDVULN/tp_qa/correction/.venv/lib64/python3.11/site-packages/sklearn/impute/_base.py:647: UserWarning: Skipping features without any observed values: ['od_max_conf_chlorine_contact' 'od_max_conf_drying_bed']. At least one non-missing value is needed for imputation with strategy='median'.
  warnings.warn(
/work/GRDVULN/tp_qa/correction/.venv/lib64/python3.11/site-packages/sklearn/impute/_base.py:647: UserWarning: Skipping features without any observed values: ['od_max_conf_chlorine_contact' 'od_max_conf_drying_bed']. At least one non-missing value is needed for imputation with strategy='median'.
  warnings.warn(
/work/GRDVULN/tp_qa/correction/.venv/lib64/python3.11/site-packages/sklearn/impute/_base.py:647: UserWarning: Skipping features without any observed values: ['od_max_conf_drying_bed']. At least one non-missing value is needed for imputation with strategy='median'.
  warnings.warn(
/work/GRDVULN/tp_qa/correction/.venv/lib64/python3.11/site-packages/sklearn/impute/_base.py:647: UserWarning: Skipping features without any observed values: ['od_max_conf_drying_bed']. At least one non-missing value is needed for imputation with strategy='median'.
  warnings.warn(
/work/GRDVULN/tp_qa/correction/.venv/lib64/python3.11/site-packages/sklearn/impute/_base.py:647: UserWarning: Skipping features without any observed values: ['od_max_conf_drying_bed']. At least one non-missing value is needed for imputation with strategy='median'.
  warnings.warn(
/work/GRDVULN/tp_qa/correction/.venv/lib64/python3.11/site-packages/sklearn/impute/_base.py:647: UserWarning: Skipping features without any observed values: ['od_max_conf_chlorine_contact' 'od_max_conf_drying_bed']. At least one non-missing value is needed for imputation with strategy='median'.
  warnings.warn(
/work/GRDVULN/tp_qa/correction/.venv/lib64/python3.11/site-packages/sklearn/impute/_base.py:647: UserWarning: Skipping features without any observed values: ['od_max_conf_drying_bed']. At least one non-missing value is needed for imputation with strategy='median'.
  warnings.warn(
/work/GRDVULN/tp_qa/correction/.venv/lib64/python3.11/site-packages/sklearn/impute/_base.py:647: UserWarning: Skipping features without any observed values: ['od_max_conf_drying_bed']. At least one non-missing value is needed for imputation with strategy='median'.
  warnings.warn(
/work/GRDVULN/tp_qa/correction/.venv/lib64/python3.11/site-packages/sklearn/impute/_base.py:647: UserWarning: Skipping features without any observed values: ['od_max_conf_drying_bed']. At least one non-missing value is needed for imputation with strategy='median'.
  warnings.warn(
/work/GRDVULN/tp_qa/correction/.venv/lib64/python3.11/site-packages/sklearn/impute/_base.py:647: UserWarning: Skipping features without any observed values: ['od_max_conf_chlorine_contact' 'od_max_conf_drying_bed']. At least one non-missing value is needed for imputation with strategy='median'.
  warnings.warn(
/work/GRDVULN/tp_qa/correction/.venv/lib64/python3.11/site-packages/sklearn/impute/_base.py:647: UserWarning: Skipping features without any observed values: ['od_max_conf_drying_bed']. At least one non-missing value is needed for imputation with strategy='median'.
  warnings.warn(
/work/GRDVULN/tp_qa/correction/.venv/lib64/python3.11/site-packages/sklearn/impute/_base.py:647: UserWarning: Skipping features without any observed values: ['od_max_conf_drying_bed']. At least one non-missing value is needed for imputation with strategy='median'.
  warnings.warn(
/work/GRDVULN/tp_qa/correction/.venv/lib64/python3.11/site-packages/sklearn/impute/_base.py:647: UserWarning: Skipping features without any observed values: ['od_max_conf_drying_bed']. At least one non-missing value is needed for imputation with strategy='median'.
  warnings.warn(
/work/GRDVULN/tp_qa/correction/.venv/lib64/python3.11/site-packages/sklearn/impute/_base.py:647: UserWarning: Skipping features without any observed values: ['od_max_conf_drying_bed']. At least one non-missing value is needed for imputation with strategy='median'.
  warnings.warn(
/work/GRDVULN/tp_qa/correction/.venv/lib64/python3.11/site-packages/sklearn/impute/_base.py:647: UserWarning: Skipping features without any observed values: ['od_max_conf_drying_bed']. At least one non-missing value is needed for imputation with strategy='median'.
  warnings.warn(
/work/GRDVULN/tp_qa/correction/.venv/lib64/python3.11/site-packages/sklearn/impute/_base.py:647: UserWarning: Skipping features without any observed values: ['od_max_conf_drying_bed']. At least one non-missing value is needed for imputation with strategy='median'.
  warnings.warn(
/work/GRDVULN/tp_qa/correction/.venv/lib64/python3.11/site-packages/sklearn/impute/_base.py:647: UserWarning: Skipping features without any observed values: ['od_max_conf_drying_bed']. At least one non-missing value is needed for imputation with strategy='median'.
  warnings.warn(
/work/GRDVULN/tp_qa/correction/.venv/lib64/python3.11/site-packages/sklearn/impute/_base.py:647: UserWarning: Skipping features without any observed values: ['od_max_conf_drying_bed']. At least one non-missing value is needed for imputation with strategy='median'.
  warnings.warn(
/work/GRDVULN/tp_qa/correction/.venv/lib64/python3.11/site-packages/sklearn/impute/_base.py:647: UserWarning: Skipping features without any observed values: ['od_max_conf_chlorine_contact' 'od_max_conf_drying_bed']. At least one non-missing value is needed for imputation with strategy='median'.
  warnings.warn(
/work/GRDVULN/tp_qa/correction/.venv/lib64/python3.11/site-packages/sklearn/impute/_base.py:647: UserWarning: Skipping features without any observed values: ['od_max_conf_drying_bed']. At least one non-missing value is needed for imputation with strategy='median'.
  warnings.warn(
/work/GRDVULN/tp_qa/correction/.venv/lib64/python3.11/site-packages/sklearn/impute/_base.py:647: UserWarning: Skipping features without any observed values: ['od_max_conf_chlorine_contact' 'od_max_conf_drying_bed']. At least one non-missing value is needed for imputation with strategy='median'.
  warnings.warn(
/work/GRDVULN/tp_qa/correction/.venv/lib64/python3.11/site-packages/sklearn/impute/_base.py:647: UserWarning: Skipping features without any observed values: ['od_max_conf_drying_bed']. At least one non-missing value is needed for imputation with strategy='median'.
  warnings.warn(
/work/GRDVULN/tp_qa/correction/.venv/lib64/python3.11/site-packages/sklearn/impute/_base.py:647: UserWarning: Skipping features without any observed values: ['od_max_conf_drying_bed']. At least one non-missing value is needed for imputation with strategy='median'.
  warnings.warn(
/work/GRDVULN/tp_qa/correction/.venv/lib64/python3.11/site-packages/sklearn/impute/_base.py:647: UserWarning: Skipping features without any observed values: ['od_max_conf_drying_bed']. At least one non-missing value is needed for imputation with strategy='median'.
  warnings.warn(
/work/GRDVULN/tp_qa/correction/.venv/lib64/python3.11/site-packages/sklearn/impute/_base.py:647: UserWarning: Skipping features without any observed values: ['od_max_conf_drying_bed']. At least one non-missing value is needed for imputation with strategy='median'.
  warnings.warn(
/work/GRDVULN/tp_qa/correction/.venv/lib64/python3.11/site-packages/sklearn/impute/_base.py:647: UserWarning: Skipping features without any observed values: ['od_max_conf_drying_bed']. At least one non-missing value is needed for imputation with strategy='median'.
  warnings.warn(
/work/GRDVULN/tp_qa/correction/.venv/lib64/python3.11/site-packages/sklearn/impute/_base.py:647: UserWarning: Skipping features without any observed values: ['od_max_conf_drying_bed']. At least one non-missing value is needed for imputation with strategy='median'.
  warnings.warn(
/work/GRDVULN/tp_qa/correction/.venv/lib64/python3.11/site-packages/sklearn/impute/_base.py:647: UserWarning: Skipping features without any observed values: ['od_max_conf_drying_bed']. At least one non-missing value is needed for imputation with strategy='median'.
  warnings.warn(
/work/GRDVULN/tp_qa/correction/.venv/lib64/python3.11/site-packages/sklearn/impute/_base.py:647: UserWarning: Skipping features without any observed values: ['od_max_conf_chlorine_contact' 'od_max_conf_drying_bed']. At least one non-missing value is needed for imputation with strategy='median'.
  warnings.warn(
/work/GRDVULN/tp_qa/correction/.venv/lib64/python3.11/site-packages/sklearn/impute/_base.py:647: UserWarning: Skipping features without any observed values: ['od_max_conf_drying_bed']. At least one non-missing value is needed for imputation with strategy='median'.
  warnings.warn(
/work/GRDVULN/tp_qa/correction/.venv/lib64/python3.11/site-packages/sklearn/impute/_base.py:647: UserWarning: Skipping features without any observed values: ['od_max_conf_drying_bed']. At least one non-missing value is needed for imputation with strategy='median'.
  warnings.warn(
/work/GRDVULN/tp_qa/correction/.venv/lib64/python3.11/site-packages/sklearn/impute/_base.py:647: UserWarning: Skipping features without any observed values: ['od_max_conf_drying_bed']. At least one non-missing value is needed for imputation with strategy='median'.
  warnings.warn(
/work/GRDVULN/tp_qa/correction/.venv/lib64/python3.11/site-packages/sklearn/impute/_base.py:647: UserWarning: Skipping features without any observed values: ['od_max_conf_chlorine_contact' 'od_max_conf_drying_bed']. At least one non-missing value is needed for imputation with strategy='median'.
  warnings.warn(
/work/GRDVULN/tp_qa/correction/.venv/lib64/python3.11/site-packages/sklearn/impute/_base.py:647: UserWarning: Skipping features without any observed values: ['od_max_conf_drying_bed']. At least one non-missing value is needed for imputation with strategy='median'.
  warnings.warn(
/work/GRDVULN/tp_qa/correction/.venv/lib64/python3.11/site-packages/sklearn/impute/_base.py:647: UserWarning: Skipping features without any observed values: ['od_max_conf_drying_bed']. At least one non-missing value is needed for imputation with strategy='median'.
  warnings.warn(
/work/GRDVULN/tp_qa/correction/.venv/lib64/python3.11/site-packages/sklearn/impute/_base.py:647: UserWarning: Skipping features without any observed values: ['od_max_conf_drying_bed']. At least one non-missing value is needed for imputation with strategy='median'.
  warnings.warn(
/work/GRDVULN/tp_qa/correction/.venv/lib64/python3.11/site-packages/sklearn/impute/_base.py:647: UserWarning: Skipping features without any observed values: ['od_max_conf_drying_bed']. At least one non-missing value is needed for imputation with strategy='median'.
  warnings.warn(
/work/GRDVULN/tp_qa/correction/.venv/lib64/python3.11/site-packages/sklearn/impute/_base.py:647: UserWarning: Skipping features without any observed values: ['od_max_conf_drying_bed']. At least one non-missing value is needed for imputation with strategy='median'.
  warnings.warn(
/work/GRDVULN/tp_qa/correction/.venv/lib64/python3.11/site-packages/sklearn/impute/_base.py:647: UserWarning: Skipping features without any observed values: ['od_max_conf_drying_bed']. At least one non-missing value is needed for imputation with strategy='median'.
  warnings.warn(
/work/GRDVULN/tp_qa/correction/.venv/lib64/python3.11/site-packages/sklearn/impute/_base.py:647: UserWarning: Skipping features without any observed values: ['od_max_conf_drying_bed']. At least one non-missing value is needed for imputation with strategy='median'.
  warnings.warn(
/work/GRDVULN/tp_qa/correction/.venv/lib64/python3.11/site-packages/sklearn/impute/_base.py:647: UserWarning: Skipping features without any observed values: ['od_max_conf_chlorine_contact' 'od_max_conf_drying_bed']. At least one non-missing value is needed for imputation with strategy='median'.
  warnings.warn(
/work/GRDVULN/tp_qa/correction/.venv/lib64/python3.11/site-packages/sklearn/impute/_base.py:647: UserWarning: Skipping features without any observed values: ['od_max_conf_drying_bed']. At least one non-missing value is needed for imputation with strategy='median'.
  warnings.warn(
/work/GRDVULN/tp_qa/correction/.venv/lib64/python3.11/site-packages/sklearn/impute/_base.py:647: UserWarning: Skipping features without any observed values: ['od_max_conf_drying_bed']. At least one non-missing value is needed for imputation with strategy='median'.
  warnings.warn(
/work/GRDVULN/tp_qa/correction/.venv/lib64/python3.11/site-packages/sklearn/impute/_base.py:647: UserWarning: Skipping features without any observed values: ['od_max_conf_drying_bed']. At least one non-missing value is needed for imputation with strategy='median'.
  warnings.warn(
/work/GRDVULN/tp_qa/correction/.venv/lib64/python3.11/site-packages/sklearn/impute/_base.py:647: UserWarning: Skipping features without any observed values: ['od_max_conf_drying_bed']. At least one non-missing value is needed for imputation with strategy='median'.
  warnings.warn(
/work/GRDVULN/tp_qa/correction/.venv/lib64/python3.11/site-packages/sklearn/impute/_base.py:647: UserWarning: Skipping features without any observed values: ['od_max_conf_chlorine_contact' 'od_max_conf_drying_bed']. At least one non-missing value is needed for imputation with strategy='median'.
  warnings.warn(
/work/GRDVULN/tp_qa/correction/.venv/lib64/python3.11/site-packages/sklearn/impute/_base.py:647: UserWarning: Skipping features without any observed values: ['od_max_conf_drying_bed']. At least one non-missing value is needed for imputation with strategy='median'.
  warnings.warn(
/work/GRDVULN/tp_qa/correction/.venv/lib64/python3.11/site-packages/sklearn/impute/_base.py:647: UserWarning: Skipping features without any observed values: ['od_max_conf_drying_bed']. At least one non-missing value is needed for imputation with strategy='median'.
  warnings.warn(
/work/GRDVULN/tp_qa/correction/.venv/lib64/python3.11/site-packages/sklearn/impute/_base.py:647: UserWarning: Skipping features without any observed values: ['od_max_conf_drying_bed']. At least one non-missing value is needed for imputation with strategy='median'.
  warnings.warn(
/work/GRDVULN/tp_qa/correction/.venv/lib64/python3.11/site-packages/sklearn/impute/_base.py:647: UserWarning: Skipping features without any observed values: ['od_max_conf_drying_bed']. At least one non-missing value is needed for imputation with strategy='median'.
  warnings.warn(
/work/GRDVULN/tp_qa/correction/.venv/lib64/python3.11/site-packages/sklearn/impute/_base.py:647: UserWarning: Skipping features without any observed values: ['od_max_conf_chlorine_contact' 'od_max_conf_drying_bed']. At least one non-missing value is needed for imputation with strategy='median'.
  warnings.warn(
/work/GRDVULN/tp_qa/correction/.venv/lib64/python3.11/site-packages/sklearn/impute/_base.py:647: UserWarning: Skipping features without any observed values: ['od_max_conf_drying_bed']. At least one non-missing value is needed for imputation with strategy='median'.
  warnings.warn(
/work/GRDVULN/tp_qa/correction/.venv/lib64/python3.11/site-packages/sklearn/impute/_base.py:647: UserWarning: Skipping features without any observed values: ['od_max_conf_drying_bed']. At least one non-missing value is needed for imputation with strategy='median'.
  warnings.warn(
/work/GRDVULN/tp_qa/correction/.venv/lib64/python3.11/site-packages/sklearn/impute/_base.py:647: UserWarning: Skipping features without any observed values: ['od_max_conf_drying_bed']. At least one non-missing value is needed for imputation with strategy='median'.
  warnings.warn(
/work/GRDVULN/tp_qa/correction/.venv/lib64/python3.11/site-packages/sklearn/impute/_base.py:647: UserWarning: Skipping features without any observed values: ['od_max_conf_chlorine_contact' 'od_max_conf_drying_bed']. At least one non-missing value is needed for imputation with strategy='median'.
  warnings.warn(
/work/GRDVULN/tp_qa/correction/.venv/lib64/python3.11/site-packages/sklearn/impute/_base.py:647: UserWarning: Skipping features without any observed values: ['od_max_conf_drying_bed']. At least one non-missing value is needed for imputation with strategy='median'.
  warnings.warn(
/work/GRDVULN/tp_qa/correction/.venv/lib64/python3.11/site-packages/sklearn/impute/_base.py:647: UserWarning: Skipping features without any observed values: ['od_max_conf_drying_bed']. At least one non-missing value is needed for imputation with strategy='median'.
  warnings.warn(
/work/GRDVULN/tp_qa/correction/.venv/lib64/python3.11/site-packages/sklearn/impute/_base.py:647: UserWarning: Skipping features without any observed values: ['od_max_conf_drying_bed']. At least one non-missing value is needed for imputation with strategy='median'.
  warnings.warn(
/work/GRDVULN/tp_qa/correction/.venv/lib64/python3.11/site-packages/sklearn/impute/_base.py:647: UserWarning: Skipping features without any observed values: ['od_max_conf_chlorine_contact' 'od_max_conf_drying_bed']. At least one non-missing value is needed for imputation with strategy='median'.
  warnings.warn(
/work/GRDVULN/tp_qa/correction/.venv/lib64/python3.11/site-packages/sklearn/impute/_base.py:647: UserWarning: Skipping features without any observed values: ['od_max_conf_chlorine_contact' 'od_max_conf_drying_bed']. At least one non-missing value is needed for imputation with strategy='median'.
  warnings.warn(
/work/GRDVULN/tp_qa/correction/.venv/lib64/python3.11/site-packages/sklearn/impute/_base.py:647: UserWarning: Skipping features without any observed values: ['od_max_conf_drying_bed']. At least one non-missing value is needed for imputation with strategy='median'.
  warnings.warn(
/work/GRDVULN/tp_qa/correction/.venv/lib64/python3.11/site-packages/sklearn/impute/_base.py:647: UserWarning: Skipping features without any observed values: ['od_max_conf_drying_bed']. At least one non-missing value is needed for imputation with strategy='median'.
  warnings.warn(
/work/GRDVULN/tp_qa/correction/.venv/lib64/python3.11/site-packages/sklearn/impute/_base.py:647: UserWarning: Skipping features without any observed values: ['od_max_conf_drying_bed']. At least one non-missing value is needed for imputation with strategy='median'.
  warnings.warn(
/work/GRDVULN/tp_qa/correction/.venv/lib64/python3.11/site-packages/sklearn/impute/_base.py:647: UserWarning: Skipping features without any observed values: ['od_max_conf_drying_bed']. At least one non-missing value is needed for imputation with strategy='median'.
  warnings.warn(
/work/GRDVULN/tp_qa/correction/.venv/lib64/python3.11/site-packages/sklearn/impute/_base.py:647: UserWarning: Skipping features without any observed values: ['od_max_conf_drying_bed']. At least one non-missing value is needed for imputation with strategy='median'.
  warnings.warn(
/work/GRDVULN/tp_qa/correction/.venv/lib64/python3.11/site-packages/sklearn/impute/_base.py:647: UserWarning: Skipping features without any observed values: ['od_max_conf_drying_bed']. At least one non-missing value is needed for imputation with strategy='median'.
  warnings.warn(
/work/GRDVULN/tp_qa/correction/.venv/lib64/python3.11/site-packages/sklearn/impute/_base.py:647: UserWarning: Skipping features without any observed values: ['od_max_conf_drying_bed']. At least one non-missing value is needed for imputation with strategy='median'.
  warnings.warn(
/work/GRDVULN/tp_qa/correction/.venv/lib64/python3.11/site-packages/sklearn/impute/_base.py:647: UserWarning: Skipping features without any observed values: ['od_max_conf_drying_bed']. At least one non-missing value is needed for imputation with strategy='median'.
  warnings.warn(
/work/GRDVULN/tp_qa/correction/.venv/lib64/python3.11/site-packages/sklearn/impute/_base.py:647: UserWarning: Skipping features without any observed values: ['od_max_conf_drying_bed']. At least one non-missing value is needed for imputation with strategy='median'.
  warnings.warn(
/work/GRDVULN/tp_qa/correction/.venv/lib64/python3.11/site-packages/sklearn/impute/_base.py:647: UserWarning: Skipping features without any observed values: ['od_max_conf_chlorine_contact' 'od_max_conf_drying_bed']. At least one non-missing value is needed for imputation with strategy='median'.
  warnings.warn(
/work/GRDVULN/tp_qa/correction/.venv/lib64/python3.11/site-packages/sklearn/impute/_base.py:647: UserWarning: Skipping features without any observed values: ['od_max_conf_chlorine_contact' 'od_max_conf_drying_bed']. At least one non-missing value is needed for imputation with strategy='median'.
  warnings.warn(
/work/GRDVULN/tp_qa/correction/.venv/lib64/python3.11/site-packages/sklearn/impute/_base.py:647: UserWarning: Skipping features without any observed values: ['od_max_conf_drying_bed']. At least one non-missing value is needed for imputation with strategy='median'.
  warnings.warn(
/work/GRDVULN/tp_qa/correction/.venv/lib64/python3.11/site-packages/sklearn/impute/_base.py:647: UserWarning: Skipping features without any observed values: ['od_max_conf_drying_bed']. At least one non-missing value is needed for imputation with strategy='median'.
  warnings.warn(
/work/GRDVULN/tp_qa/correction/.venv/lib64/python3.11/site-packages/sklearn/impute/_base.py:647: UserWarning: Skipping features without any observed values: ['od_max_conf_drying_bed']. At least one non-missing value is needed for imputation with strategy='median'.
  warnings.warn(
/work/GRDVULN/tp_qa/correction/.venv/lib64/python3.11/site-packages/sklearn/impute/_base.py:647: UserWarning: Skipping features without any observed values: ['od_max_conf_drying_bed']. At least one non-missing value is needed for imputation with strategy='median'.
  warnings.warn(
/work/GRDVULN/tp_qa/correction/.venv/lib64/python3.11/site-packages/sklearn/impute/_base.py:647: UserWarning: Skipping features without any observed values: ['od_max_conf_drying_bed']. At least one non-missing value is needed for imputation with strategy='median'.
  warnings.warn(
/work/GRDVULN/tp_qa/correction/.venv/lib64/python3.11/site-packages/sklearn/impute/_base.py:647: UserWarning: Skipping features without any observed values: ['od_max_conf_chlorine_contact' 'od_max_conf_drying_bed']. At least one non-missing value is needed for imputation with strategy='median'.
  warnings.warn(
/work/GRDVULN/tp_qa/correction/.venv/lib64/python3.11/site-packages/sklearn/impute/_base.py:647: UserWarning: Skipping features without any observed values: ['od_max_conf_drying_bed']. At least one non-missing value is needed for imputation with strategy='median'.
  warnings.warn(
/work/GRDVULN/tp_qa/correction/.venv/lib64/python3.11/site-packages/sklearn/impute/_base.py:647: UserWarning: Skipping features without any observed values: ['od_max_conf_drying_bed']. At least one non-missing value is needed for imputation with strategy='median'.
  warnings.warn(
/work/GRDVULN/tp_qa/correction/.venv/lib64/python3.11/site-packages/sklearn/impute/_base.py:647: UserWarning: Skipping features without any observed values: ['od_max_conf_drying_bed']. At least one non-missing value is needed for imputation with strategy='median'.
  warnings.warn(
/work/GRDVULN/tp_qa/correction/.venv/lib64/python3.11/site-packages/sklearn/impute/_base.py:647: UserWarning: Skipping features without any observed values: ['od_max_conf_chlorine_contact' 'od_max_conf_drying_bed']. At least one non-missing value is needed for imputation with strategy='median'.
  warnings.warn(
/work/GRDVULN/tp_qa/correction/.venv/lib64/python3.11/site-packages/sklearn/impute/_base.py:647: UserWarning: Skipping features without any observed values: ['od_max_conf_drying_bed']. At least one non-missing value is needed for imputation with strategy='median'.
  warnings.warn(
/work/GRDVULN/tp_qa/correction/.venv/lib64/python3.11/site-packages/sklearn/impute/_base.py:647: UserWarning: Skipping features without any observed values: ['od_max_conf_drying_bed']. At least one non-missing value is needed for imputation with strategy='median'.
  warnings.warn(
/work/GRDVULN/tp_qa/correction/.venv/lib64/python3.11/site-packages/sklearn/impute/_base.py:647: UserWarning: Skipping features without any observed values: ['od_max_conf_drying_bed']. At least one non-missing value is needed for imputation with strategy='median'.
  warnings.warn(
/work/GRDVULN/tp_qa/correction/.venv/lib64/python3.11/site-packages/sklearn/impute/_base.py:647: UserWarning: Skipping features without any observed values: ['od_max_conf_drying_bed']. At least one non-missing value is needed for imputation with strategy='median'.
  warnings.warn(
/work/GRDVULN/tp_qa/correction/.venv/lib64/python3.11/site-packages/sklearn/impute/_base.py:647: UserWarning: Skipping features without any observed values: ['od_max_conf_chlorine_contact' 'od_max_conf_drying_bed']. At least one non-missing value is needed for imputation with strategy='median'.
  warnings.warn(
/work/GRDVULN/tp_qa/correction/.venv/lib64/python3.11/site-packages/sklearn/impute/_base.py:647: UserWarning: Skipping features without any observed values: ['od_max_conf_drying_bed']. At least one non-missing value is needed for imputation with strategy='median'.
  warnings.warn(
/work/GRDVULN/tp_qa/correction/.venv/lib64/python3.11/site-packages/sklearn/impute/_base.py:647: UserWarning: Skipping features without any observed values: ['od_max_conf_drying_bed']. At least one non-missing value is needed for imputation with strategy='median'.
  warnings.warn(
/work/GRDVULN/tp_qa/correction/.venv/lib64/python3.11/site-packages/sklearn/impute/_base.py:647: UserWarning: Skipping features without any observed values: ['od_max_conf_drying_bed']. At least one non-missing value is needed for imputation with strategy='median'.
  warnings.warn(
/work/GRDVULN/tp_qa/correction/.venv/lib64/python3.11/site-packages/sklearn/impute/_base.py:647: UserWarning: Skipping features without any observed values: ['od_max_conf_drying_bed']. At least one non-missing value is needed for imputation with strategy='median'.
  warnings.warn(
/work/GRDVULN/tp_qa/correction/.venv/lib64/python3.11/site-packages/sklearn/impute/_base.py:647: UserWarning: Skipping features without any observed values: ['od_max_conf_chlorine_contact' 'od_max_conf_drying_bed']. At least one non-missing value is needed for imputation with strategy='median'.
  warnings.warn(
/work/GRDVULN/tp_qa/correction/.venv/lib64/python3.11/site-packages/sklearn/impute/_base.py:647: UserWarning: Skipping features without any observed values: ['od_max_conf_drying_bed']. At least one non-missing value is needed for imputation with strategy='median'.
  warnings.warn(
/work/GRDVULN/tp_qa/correction/.venv/lib64/python3.11/site-packages/sklearn/impute/_base.py:647: UserWarning: Skipping features without any observed values: ['od_max_conf_drying_bed']. At least one non-missing value is needed for imputation with strategy='median'.
  warnings.warn(
/work/GRDVULN/tp_qa/correction/.venv/lib64/python3.11/site-packages/sklearn/impute/_base.py:647: UserWarning: Skipping features without any observed values: ['od_max_conf_drying_bed']. At least one non-missing value is needed for imputation with strategy='median'.
  warnings.warn(
/work/GRDVULN/tp_qa/correction/.venv/lib64/python3.11/site-packages/sklearn/impute/_base.py:647: UserWarning: Skipping features without any observed values: ['od_max_conf_drying_bed']. At least one non-missing value is needed for imputation with strategy='median'.
  warnings.warn(
/work/GRDVULN/tp_qa/correction/.venv/lib64/python3.11/site-packages/sklearn/impute/_base.py:647: UserWarning: Skipping features without any observed values: ['od_max_conf_drying_bed']. At least one non-missing value is needed for imputation with strategy='median'.
  warnings.warn(
/work/GRDVULN/tp_qa/correction/.venv/lib64/python3.11/site-packages/sklearn/impute/_base.py:647: UserWarning: Skipping features without any observed values: ['od_max_conf_drying_bed']. At least one non-missing value is needed for imputation with strategy='median'.
  warnings.warn(
/work/GRDVULN/tp_qa/correction/.venv/lib64/python3.11/site-packages/sklearn/impute/_base.py:647: UserWarning: Skipping features without any observed values: ['od_max_conf_drying_bed']. At least one non-missing value is needed for imputation with strategy='median'.
  warnings.warn(
/work/GRDVULN/tp_qa/correction/.venv/lib64/python3.11/site-packages/sklearn/impute/_base.py:647: UserWarning: Skipping features without any observed values: ['od_max_conf_drying_bed']. At least one non-missing value is needed for imputation with strategy='median'.
  warnings.warn(
/work/GRDVULN/tp_qa/correction/.venv/lib64/python3.11/site-packages/sklearn/impute/_base.py:647: UserWarning: Skipping features without any observed values: ['od_max_conf_drying_bed']. At least one non-missing value is needed for imputation with strategy='median'.
  warnings.warn(
/work/GRDVULN/tp_qa/correction/.venv/lib64/python3.11/site-packages/sklearn/impute/_base.py:647: UserWarning: Skipping features without any observed values: ['od_max_conf_chlorine_contact' 'od_max_conf_drying_bed']. At least one non-missing value is needed for imputation with strategy='median'.
  warnings.warn(
/work/GRDVULN/tp_qa/correction/.venv/lib64/python3.11/site-packages/sklearn/impute/_base.py:647: UserWarning: Skipping features without any observed values: ['od_max_conf_drying_bed']. At least one non-missing value is needed for imputation with strategy='median'.
  warnings.warn(
/work/GRDVULN/tp_qa/correction/.venv/lib64/python3.11/site-packages/sklearn/impute/_base.py:647: UserWarning: Skipping features without any observed values: ['od_max_conf_drying_bed']. At least one non-missing value is needed for imputation with strategy='median'.
  warnings.warn(
/work/GRDVULN/tp_qa/correction/.venv/lib64/python3.11/site-packages/sklearn/impute/_base.py:647: UserWarning: Skipping features without any observed values: ['od_max_conf_drying_bed']. At least one non-missing value is needed for imputation with strategy='median'.
  warnings.warn(
/work/GRDVULN/tp_qa/correction/.venv/lib64/python3.11/site-packages/sklearn/impute/_base.py:647: UserWarning: Skipping features without any observed values: ['od_max_conf_drying_bed']. At least one non-missing value is needed for imputation with strategy='median'.
  warnings.warn(
/work/GRDVULN/tp_qa/correction/.venv/lib64/python3.11/site-packages/sklearn/impute/_base.py:647: UserWarning: Skipping features without any observed values: ['od_max_conf_chlorine_contact' 'od_max_conf_drying_bed']. At least one non-missing value is needed for imputation with strategy='median'.
  warnings.warn(
/work/GRDVULN/tp_qa/correction/.venv/lib64/python3.11/site-packages/sklearn/impute/_base.py:647: UserWarning: Skipping features without any observed values: ['od_max_conf_chlorine_contact' 'od_max_conf_drying_bed']. At least one non-missing value is needed for imputation with strategy='median'.
  warnings.warn(
/work/GRDVULN/tp_qa/correction/.venv/lib64/python3.11/site-packages/sklearn/impute/_base.py:647: UserWarning: Skipping features without any observed values: ['od_max_conf_drying_bed']. At least one non-missing value is needed for imputation with strategy='median'.
  warnings.warn(
/work/GRDVULN/tp_qa/correction/.venv/lib64/python3.11/site-packages/sklearn/impute/_base.py:647: UserWarning: Skipping features without any observed values: ['od_max_conf_drying_bed']. At least one non-missing value is needed for imputation with strategy='median'.
  warnings.warn(
/work/GRDVULN/tp_qa/correction/.venv/lib64/python3.11/site-packages/sklearn/impute/_base.py:647: UserWarning: Skipping features without any observed values: ['od_max_conf_drying_bed']. At least one non-missing value is needed for imputation with strategy='median'.
  warnings.warn(
/work/GRDVULN/tp_qa/correction/.venv/lib64/python3.11/site-packages/sklearn/impute/_base.py:647: UserWarning: Skipping features without any observed values: ['od_max_conf_drying_bed']. At least one non-missing value is needed for imputation with strategy='median'.
  warnings.warn(
/work/GRDVULN/tp_qa/correction/.venv/lib64/python3.11/site-packages/sklearn/impute/_base.py:647: UserWarning: Skipping features without any observed values: ['od_max_conf_drying_bed']. At least one non-missing value is needed for imputation with strategy='median'.
  warnings.warn(
/work/GRDVULN/tp_qa/correction/.venv/lib64/python3.11/site-packages/sklearn/impute/_base.py:647: UserWarning: Skipping features without any observed values: ['od_max_conf_drying_bed']. At least one non-missing value is needed for imputation with strategy='median'.
  warnings.warn(
/work/GRDVULN/tp_qa/correction/.venv/lib64/python3.11/site-packages/sklearn/impute/_base.py:647: UserWarning: Skipping features without any observed values: ['od_max_conf_drying_bed']. At least one non-missing value is needed for imputation with strategy='median'.
  warnings.warn(
/work/GRDVULN/tp_qa/correction/.venv/lib64/python3.11/site-packages/sklearn/impute/_base.py:647: UserWarning: Skipping features without any observed values: ['od_max_conf_drying_bed']. At least one non-missing value is needed for imputation with strategy='median'.
  warnings.warn(
/work/GRDVULN/tp_qa/correction/.venv/lib64/python3.11/site-packages/sklearn/impute/_base.py:647: UserWarning: Skipping features without any observed values: ['od_max_conf_drying_bed']. At least one non-missing value is needed for imputation with strategy='median'.
  warnings.warn(
/work/GRDVULN/tp_qa/correction/.venv/lib64/python3.11/site-packages/sklearn/impute/_base.py:647: UserWarning: Skipping features without any observed values: ['od_max_conf_drying_bed']. At least one non-missing value is needed for imputation with strategy='median'.
  warnings.warn(
/work/GRDVULN/tp_qa/correction/.venv/lib64/python3.11/site-packages/sklearn/impute/_base.py:647: UserWarning: Skipping features without any observed values: ['od_max_conf_drying_bed']. At least one non-missing value is needed for imputation with strategy='median'.
  warnings.warn(
/work/GRDVULN/tp_qa/correction/.venv/lib64/python3.11/site-packages/sklearn/impute/_base.py:647: UserWarning: Skipping features without any observed values: ['od_max_conf_drying_bed']. At least one non-missing value is needed for imputation with strategy='median'.
  warnings.warn(
/work/GRDVULN/tp_qa/correction/.venv/lib64/python3.11/site-packages/sklearn/impute/_base.py:647: UserWarning: Skipping features without any observed values: ['od_max_conf_drying_bed']. At least one non-missing value is needed for imputation with strategy='median'.
  warnings.warn(
/work/GRDVULN/tp_qa/correction/.venv/lib64/python3.11/site-packages/sklearn/impute/_base.py:647: UserWarning: Skipping features without any observed values: ['od_max_conf_drying_bed']. At least one non-missing value is needed for imputation with strategy='median'.
  warnings.warn(
/work/GRDVULN/tp_qa/correction/.venv/lib64/python3.11/site-packages/sklearn/impute/_base.py:647: UserWarning: Skipping features without any observed values: ['od_max_conf_drying_bed']. At least one non-missing value is needed for imputation with strategy='median'.
  warnings.warn(
/work/GRDVULN/tp_qa/correction/.venv/lib64/python3.11/site-packages/sklearn/impute/_base.py:647: UserWarning: Skipping features without any observed values: ['od_max_conf_drying_bed']. At least one non-missing value is needed for imputation with strategy='median'.
  warnings.warn(
/work/GRDVULN/tp_qa/correction/.venv/lib64/python3.11/site-packages/sklearn/impute/_base.py:647: UserWarning: Skipping features without any observed values: ['od_max_conf_drying_bed']. At least one non-missing value is needed for imputation with strategy='median'.
  warnings.warn(
/work/GRDVULN/tp_qa/correction/.venv/lib64/python3.11/site-packages/sklearn/impute/_base.py:647: UserWarning: Skipping features without any observed values: ['od_max_conf_drying_bed']. At least one non-missing value is needed for imputation with strategy='median'.
  warnings.warn(
/work/GRDVULN/tp_qa/correction/.venv/lib64/python3.11/site-packages/sklearn/impute/_base.py:647: UserWarning: Skipping features without any observed values: ['od_max_conf_drying_bed']. At least one non-missing value is needed for imputation with strategy='median'.
  warnings.warn(
/work/GRDVULN/tp_qa/correction/.venv/lib64/python3.11/site-packages/sklearn/impute/_base.py:647: UserWarning: Skipping features without any observed values: ['od_max_conf_drying_bed']. At least one non-missing value is needed for imputation with strategy='median'.
  warnings.warn(
/work/GRDVULN/tp_qa/correction/.venv/lib64/python3.11/site-packages/sklearn/impute/_base.py:647: UserWarning: Skipping features without any observed values: ['od_max_conf_drying_bed']. At least one non-missing value is needed for imputation with strategy='median'.
  warnings.warn(
/work/GRDVULN/tp_qa/correction/.venv/lib64/python3.11/site-packages/sklearn/impute/_base.py:647: UserWarning: Skipping features without any observed values: ['od_max_conf_drying_bed']. At least one non-missing value is needed for imputation with strategy='median'.
  warnings.warn(
/work/GRDVULN/tp_qa/correction/.venv/lib64/python3.11/site-packages/sklearn/impute/_base.py:647: UserWarning: Skipping features without any observed values: ['od_max_conf_drying_bed']. At least one non-missing value is needed for imputation with strategy='median'.
  warnings.warn(
/work/GRDVULN/tp_qa/correction/.venv/lib64/python3.11/site-packages/sklearn/impute/_base.py:647: UserWarning: Skipping features without any observed values: ['od_max_conf_drying_bed']. At least one non-missing value is needed for imputation with strategy='median'.
  warnings.warn(
/work/GRDVULN/tp_qa/correction/.venv/lib64/python3.11/site-packages/sklearn/impute/_base.py:647: UserWarning: Skipping features without any observed values: ['od_max_conf_drying_bed']. At least one non-missing value is needed for imputation with strategy='median'.
  warnings.warn(
/work/GRDVULN/tp_qa/correction/.venv/lib64/python3.11/site-packages/sklearn/impute/_base.py:647: UserWarning: Skipping features without any observed values: ['od_max_conf_drying_bed']. At least one non-missing value is needed for imputation with strategy='median'.
  warnings.warn(
/work/GRDVULN/tp_qa/correction/.venv/lib64/python3.11/site-packages/sklearn/impute/_base.py:647: UserWarning: Skipping features without any observed values: ['od_max_conf_drying_bed']. At least one non-missing value is needed for imputation with strategy='median'.
  warnings.warn(
/work/GRDVULN/tp_qa/correction/.venv/lib64/python3.11/site-packages/sklearn/impute/_base.py:647: UserWarning: Skipping features without any observed values: ['od_max_conf_drying_bed']. At least one non-missing value is needed for imputation with strategy='median'.
  warnings.warn(
/work/GRDVULN/tp_qa/correction/.venv/lib64/python3.11/site-packages/sklearn/impute/_base.py:647: UserWarning: Skipping features without any observed values: ['od_max_conf_drying_bed']. At least one non-missing value is needed for imputation with strategy='median'.
  warnings.warn(
/work/GRDVULN/tp_qa/correction/.venv/lib64/python3.11/site-packages/sklearn/impute/_base.py:647: UserWarning: Skipping features without any observed values: ['od_max_conf_drying_bed']. At least one non-missing value is needed for imputation with strategy='median'.
  warnings.warn(
/work/GRDVULN/tp_qa/correction/.venv/lib64/python3.11/site-packages/sklearn/impute/_base.py:647: UserWarning: Skipping features without any observed values: ['od_max_conf_drying_bed']. At least one non-missing value is needed for imputation with strategy='median'.
  warnings.warn(
/work/GRDVULN/tp_qa/correction/.venv/lib64/python3.11/site-packages/sklearn/impute/_base.py:647: UserWarning: Skipping features without any observed values: ['od_max_conf_drying_bed']. At least one non-missing value is needed for imputation with strategy='median'.
  warnings.warn(
/work/GRDVULN/tp_qa/correction/.venv/lib64/python3.11/site-packages/sklearn/impute/_base.py:647: UserWarning: Skipping features without any observed values: ['od_max_conf_drying_bed']. At least one non-missing value is needed for imputation with strategy='median'.
  warnings.warn(
/work/GRDVULN/tp_qa/correction/.venv/lib64/python3.11/site-packages/sklearn/impute/_base.py:647: UserWarning: Skipping features without any observed values: ['od_max_conf_drying_bed']. At least one non-missing value is needed for imputation with strategy='median'.
  warnings.warn(
/work/GRDVULN/tp_qa/correction/.venv/lib64/python3.11/site-packages/sklearn/impute/_base.py:647: UserWarning: Skipping features without any observed values: ['od_max_conf_drying_bed']. At least one non-missing value is needed for imputation with strategy='median'.
  warnings.warn(
/work/GRDVULN/tp_qa/correction/.venv/lib64/python3.11/site-packages/sklearn/impute/_base.py:647: UserWarning: Skipping features without any observed values: ['od_max_conf_drying_bed']. At least one non-missing value is needed for imputation with strategy='median'.
  warnings.warn(
/work/GRDVULN/tp_qa/correction/.venv/lib64/python3.11/site-packages/sklearn/impute/_base.py:647: UserWarning: Skipping features without any observed values: ['od_max_conf_drying_bed']. At least one non-missing value is needed for imputation with strategy='median'.
  warnings.warn(
/work/GRDVULN/tp_qa/correction/.venv/lib64/python3.11/site-packages/sklearn/impute/_base.py:647: UserWarning: Skipping features without any observed values: ['od_max_conf_drying_bed']. At least one non-missing value is needed for imputation with strategy='median'.
  warnings.warn(
/work/GRDVULN/tp_qa/correction/.venv/lib64/python3.11/site-packages/sklearn/impute/_base.py:647: UserWarning: Skipping features without any observed values: ['od_max_conf_drying_bed']. At least one non-missing value is needed for imputation with strategy='median'.
  warnings.warn(
/work/GRDVULN/tp_qa/correction/.venv/lib64/python3.11/site-packages/sklearn/impute/_base.py:647: UserWarning: Skipping features without any observed values: ['od_max_conf_drying_bed']. At least one non-missing value is needed for imputation with strategy='median'.
  warnings.warn(
/work/GRDVULN/tp_qa/correction/.venv/lib64/python3.11/site-packages/sklearn/impute/_base.py:647: UserWarning: Skipping features without any observed values: ['od_max_conf_drying_bed']. At least one non-missing value is needed for imputation with strategy='median'.
  warnings.warn(
/work/GRDVULN/tp_qa/correction/.venv/lib64/python3.11/site-packages/sklearn/impute/_base.py:647: UserWarning: Skipping features without any observed values: ['od_max_conf_drying_bed']. At least one non-missing value is needed for imputation with strategy='median'.
  warnings.warn(
/work/GRDVULN/tp_qa/correction/.venv/lib64/python3.11/site-packages/sklearn/impute/_base.py:647: UserWarning: Skipping features without any observed values: ['od_max_conf_drying_bed']. At least one non-missing value is needed for imputation with strategy='median'.
  warnings.warn(
/work/GRDVULN/tp_qa/correction/.venv/lib64/python3.11/site-packages/sklearn/impute/_base.py:647: UserWarning: Skipping features without any observed values: ['od_max_conf_drying_bed']. At least one non-missing value is needed for imputation with strategy='median'.
  warnings.warn(
/work/GRDVULN/tp_qa/correction/.venv/lib64/python3.11/site-packages/sklearn/impute/_base.py:647: UserWarning: Skipping features without any observed values: ['od_max_conf_drying_bed']. At least one non-missing value is needed for imputation with strategy='median'.
  warnings.warn(
/work/GRDVULN/tp_qa/correction/.venv/lib64/python3.11/site-packages/sklearn/impute/_base.py:647: UserWarning: Skipping features without any observed values: ['od_max_conf_drying_bed']. At least one non-missing value is needed for imputation with strategy='median'.
  warnings.warn(
/work/GRDVULN/tp_qa/correction/.venv/lib64/python3.11/site-packages/sklearn/impute/_base.py:647: UserWarning: Skipping features without any observed values: ['od_max_conf_drying_bed']. At least one non-missing value is needed for imputation with strategy='median'.
  warnings.warn(
/work/GRDVULN/tp_qa/correction/.venv/lib64/python3.11/site-packages/sklearn/impute/_base.py:647: UserWarning: Skipping features without any observed values: ['od_max_conf_drying_bed']. At least one non-missing value is needed for imputation with strategy='median'.
  warnings.warn(
/work/GRDVULN/tp_qa/correction/.venv/lib64/python3.11/site-packages/sklearn/impute/_base.py:647: UserWarning: Skipping features without any observed values: ['od_max_conf_drying_bed']. At least one non-missing value is needed for imputation with strategy='median'.
  warnings.warn(
/work/GRDVULN/tp_qa/correction/.venv/lib64/python3.11/site-packages/sklearn/impute/_base.py:647: UserWarning: Skipping features without any observed values: ['od_max_conf_drying_bed']. At least one non-missing value is needed for imputation with strategy='median'.
  warnings.warn(
/work/GRDVULN/tp_qa/correction/.venv/lib64/python3.11/site-packages/sklearn/impute/_base.py:647: UserWarning: Skipping features without any observed values: ['od_max_conf_drying_bed']. At least one non-missing value is needed for imputation with strategy='median'.
  warnings.warn(
/work/GRDVULN/tp_qa/correction/.venv/lib64/python3.11/site-packages/sklearn/impute/_base.py:647: UserWarning: Skipping features without any observed values: ['od_max_conf_drying_bed']. At least one non-missing value is needed for imputation with strategy='median'.
  warnings.warn(
/work/GRDVULN/tp_qa/correction/.venv/lib64/python3.11/site-packages/sklearn/impute/_base.py:647: UserWarning: Skipping features without any observed values: ['od_max_conf_drying_bed']. At least one non-missing value is needed for imputation with strategy='median'.
  warnings.warn(
/work/GRDVULN/tp_qa/correction/.venv/lib64/python3.11/site-packages/sklearn/impute/_base.py:647: UserWarning: Skipping features without any observed values: ['od_max_conf_drying_bed']. At least one non-missing value is needed for imputation with strategy='median'.
  warnings.warn(
/work/GRDVULN/tp_qa/correction/.venv/lib64/python3.11/site-packages/sklearn/impute/_base.py:647: UserWarning: Skipping features without any observed values: ['od_max_conf_drying_bed']. At least one non-missing value is needed for imputation with strategy='median'.
  warnings.warn(
/work/GRDVULN/tp_qa/correction/.venv/lib64/python3.11/site-packages/sklearn/impute/_base.py:647: UserWarning: Skipping features without any observed values: ['od_max_conf_drying_bed']. At least one non-missing value is needed for imputation with strategy='median'.
  warnings.warn(
/work/GRDVULN/tp_qa/correction/.venv/lib64/python3.11/site-packages/sklearn/impute/_base.py:647: UserWarning: Skipping features without any observed values: ['od_max_conf_drying_bed']. At least one non-missing value is needed for imputation with strategy='median'.
  warnings.warn(
/work/GRDVULN/tp_qa/correction/.venv/lib64/python3.11/site-packages/sklearn/impute/_base.py:647: UserWarning: Skipping features without any observed values: ['od_max_conf_drying_bed']. At least one non-missing value is needed for imputation with strategy='median'.
  warnings.warn(
/work/GRDVULN/tp_qa/correction/.venv/lib64/python3.11/site-packages/sklearn/impute/_base.py:647: UserWarning: Skipping features without any observed values: ['od_max_conf_drying_bed']. At least one non-missing value is needed for imputation with strategy='median'.
  warnings.warn(
/work/GRDVULN/tp_qa/correction/.venv/lib64/python3.11/site-packages/sklearn/impute/_base.py:647: UserWarning: Skipping features without any observed values: ['od_max_conf_drying_bed']. At least one non-missing value is needed for imputation with strategy='median'.
  warnings.warn(
/work/GRDVULN/tp_qa/correction/.venv/lib64/python3.11/site-packages/sklearn/impute/_base.py:647: UserWarning: Skipping features without any observed values: ['od_max_conf_drying_bed']. At least one non-missing value is needed for imputation with strategy='median'.
  warnings.warn(
/work/GRDVULN/tp_qa/correction/.venv/lib64/python3.11/site-packages/sklearn/impute/_base.py:647: UserWarning: Skipping features without any observed values: ['od_max_conf_drying_bed']. At least one non-missing value is needed for imputation with strategy='median'.
  warnings.warn(
/work/GRDVULN/tp_qa/correction/.venv/lib64/python3.11/site-packages/sklearn/impute/_base.py:647: UserWarning: Skipping features without any observed values: ['od_max_conf_drying_bed']. At least one non-missing value is needed for imputation with strategy='median'.
  warnings.warn(
/work/GRDVULN/tp_qa/correction/.venv/lib64/python3.11/site-packages/sklearn/impute/_base.py:647: UserWarning: Skipping features without any observed values: ['od_max_conf_drying_bed']. At least one non-missing value is needed for imputation with strategy='median'.
  warnings.warn(
/work/GRDVULN/tp_qa/correction/.venv/lib64/python3.11/site-packages/sklearn/impute/_base.py:647: UserWarning: Skipping features without any observed values: ['od_max_conf_drying_bed']. At least one non-missing value is needed for imputation with strategy='median'.
  warnings.warn(
/work/GRDVULN/tp_qa/correction/.venv/lib64/python3.11/site-packages/sklearn/impute/_base.py:647: UserWarning: Skipping features without any observed values: ['od_max_conf_drying_bed']. At least one non-missing value is needed for imputation with strategy='median'.
  warnings.warn(
/work/GRDVULN/tp_qa/correction/.venv/lib64/python3.11/site-packages/sklearn/impute/_base.py:647: UserWarning: Skipping features without any observed values: ['od_max_conf_drying_bed']. At least one non-missing value is needed for imputation with strategy='median'.
  warnings.warn(
/work/GRDVULN/tp_qa/correction/.venv/lib64/python3.11/site-packages/sklearn/impute/_base.py:647: UserWarning: Skipping features without any observed values: ['od_max_conf_drying_bed']. At least one non-missing value is needed for imputation with strategy='median'.
  warnings.warn(
/work/GRDVULN/tp_qa/correction/.venv/lib64/python3.11/site-packages/sklearn/impute/_base.py:647: UserWarning: Skipping features without any observed values: ['od_max_conf_drying_bed']. At least one non-missing value is needed for imputation with strategy='median'.
  warnings.warn(
/work/GRDVULN/tp_qa/correction/.venv/lib64/python3.11/site-packages/sklearn/impute/_base.py:647: UserWarning: Skipping features without any observed values: ['od_max_conf_drying_bed']. At least one non-missing value is needed for imputation with strategy='median'.
  warnings.warn(
/work/GRDVULN/tp_qa/correction/.venv/lib64/python3.11/site-packages/sklearn/impute/_base.py:647: UserWarning: Skipping features without any observed values: ['od_max_conf_drying_bed']. At least one non-missing value is needed for imputation with strategy='median'.
  warnings.warn(
/work/GRDVULN/tp_qa/correction/.venv/lib64/python3.11/site-packages/sklearn/impute/_base.py:647: UserWarning: Skipping features without any observed values: ['od_max_conf_drying_bed']. At least one non-missing value is needed for imputation with strategy='median'.
  warnings.warn(
/work/GRDVULN/tp_qa/correction/.venv/lib64/python3.11/site-packages/sklearn/impute/_base.py:647: UserWarning: Skipping features without any observed values: ['od_max_conf_drying_bed']. At least one non-missing value is needed for imputation with strategy='median'.
  warnings.warn(
/work/GRDVULN/tp_qa/correction/.venv/lib64/python3.11/site-packages/sklearn/impute/_base.py:647: UserWarning: Skipping features without any observed values: ['od_max_conf_drying_bed']. At least one non-missing value is needed for imputation with strategy='median'.
  warnings.warn(
/work/GRDVULN/tp_qa/correction/.venv/lib64/python3.11/site-packages/sklearn/impute/_base.py:647: UserWarning: Skipping features without any observed values: ['od_max_conf_drying_bed']. At least one non-missing value is needed for imputation with strategy='median'.
  warnings.warn(
/work/GRDVULN/tp_qa/correction/.venv/lib64/python3.11/site-packages/sklearn/impute/_base.py:647: UserWarning: Skipping features without any observed values: ['od_max_conf_drying_bed']. At least one non-missing value is needed for imputation with strategy='median'.
  warnings.warn(
/work/GRDVULN/tp_qa/correction/.venv/lib64/python3.11/site-packages/sklearn/impute/_base.py:647: UserWarning: Skipping features without any observed values: ['od_max_conf_drying_bed']. At least one non-missing value is needed for imputation with strategy='median'.
  warnings.warn(
/work/GRDVULN/tp_qa/correction/.venv/lib64/python3.11/site-packages/sklearn/impute/_base.py:647: UserWarning: Skipping features without any observed values: ['od_max_conf_drying_bed']. At least one non-missing value is needed for imputation with strategy='median'.
  warnings.warn(
/work/GRDVULN/tp_qa/correction/.venv/lib64/python3.11/site-packages/sklearn/impute/_base.py:647: UserWarning: Skipping features without any observed values: ['od_max_conf_drying_bed']. At least one non-missing value is needed for imputation with strategy='median'.
  warnings.warn(
/work/GRDVULN/tp_qa/correction/.venv/lib64/python3.11/site-packages/sklearn/impute/_base.py:647: UserWarning: Skipping features without any observed values: ['od_max_conf_drying_bed']. At least one non-missing value is needed for imputation with strategy='median'.
  warnings.warn(
/work/GRDVULN/tp_qa/correction/.venv/lib64/python3.11/site-packages/sklearn/impute/_base.py:647: UserWarning: Skipping features without any observed values: ['od_max_conf_drying_bed']. At least one non-missing value is needed for imputation with strategy='median'.
  warnings.warn(
/work/GRDVULN/tp_qa/correction/.venv/lib64/python3.11/site-packages/sklearn/impute/_base.py:647: UserWarning: Skipping features without any observed values: ['od_max_conf_drying_bed']. At least one non-missing value is needed for imputation with strategy='median'.
  warnings.warn(
/work/GRDVULN/tp_qa/correction/.venv/lib64/python3.11/site-packages/sklearn/impute/_base.py:647: UserWarning: Skipping features without any observed values: ['od_max_conf_drying_bed']. At least one non-missing value is needed for imputation with strategy='median'.
  warnings.warn(
/work/GRDVULN/tp_qa/correction/.venv/lib64/python3.11/site-packages/sklearn/impute/_base.py:647: UserWarning: Skipping features without any observed values: ['od_max_conf_drying_bed']. At least one non-missing value is needed for imputation with strategy='median'.
  warnings.warn(
/work/GRDVULN/tp_qa/correction/.venv/lib64/python3.11/site-packages/sklearn/impute/_base.py:647: UserWarning: Skipping features without any observed values: ['od_max_conf_drying_bed']. At least one non-missing value is needed for imputation with strategy='median'.
  warnings.warn(
/work/GRDVULN/tp_qa/correction/.venv/lib64/python3.11/site-packages/sklearn/impute/_base.py:647: UserWarning: Skipping features without any observed values: ['od_max_conf_drying_bed']. At least one non-missing value is needed for imputation with strategy='median'.
  warnings.warn(
/work/GRDVULN/tp_qa/correction/.venv/lib64/python3.11/site-packages/sklearn/impute/_base.py:647: UserWarning: Skipping features without any observed values: ['od_max_conf_drying_bed']. At least one non-missing value is needed for imputation with strategy='median'.
  warnings.warn(
/work/GRDVULN/tp_qa/correction/.venv/lib64/python3.11/site-packages/sklearn/impute/_base.py:647: UserWarning: Skipping features without any observed values: ['od_max_conf_drying_bed']. At least one non-missing value is needed for imputation with strategy='median'.
  warnings.warn(
/work/GRDVULN/tp_qa/correction/.venv/lib64/python3.11/site-packages/sklearn/impute/_base.py:647: UserWarning: Skipping features without any observed values: ['od_max_conf_drying_bed']. At least one non-missing value is needed for imputation with strategy='median'.
  warnings.warn(
/work/GRDVULN/tp_qa/correction/.venv/lib64/python3.11/site-packages/sklearn/impute/_base.py:647: UserWarning: Skipping features without any observed values: ['od_max_conf_drying_bed']. At least one non-missing value is needed for imputation with strategy='median'.
  warnings.warn(
/work/GRDVULN/tp_qa/correction/.venv/lib64/python3.11/site-packages/sklearn/impute/_base.py:647: UserWarning: Skipping features without any observed values: ['od_max_conf_drying_bed']. At least one non-missing value is needed for imputation with strategy='median'.
  warnings.warn(
/work/GRDVULN/tp_qa/correction/.venv/lib64/python3.11/site-packages/sklearn/impute/_base.py:647: UserWarning: Skipping features without any observed values: ['od_max_conf_drying_bed']. At least one non-missing value is needed for imputation with strategy='median'.
  warnings.warn(
/work/GRDVULN/tp_qa/correction/.venv/lib64/python3.11/site-packages/sklearn/impute/_base.py:647: UserWarning: Skipping features without any observed values: ['od_max_conf_drying_bed']. At least one non-missing value is needed for imputation with strategy='median'.
  warnings.warn(
/work/GRDVULN/tp_qa/correction/.venv/lib64/python3.11/site-packages/sklearn/impute/_base.py:647: UserWarning: Skipping features without any observed values: ['od_max_conf_drying_bed']. At least one non-missing value is needed for imputation with strategy='median'.
  warnings.warn(
/work/GRDVULN/tp_qa/correction/.venv/lib64/python3.11/site-packages/sklearn/impute/_base.py:647: UserWarning: Skipping features without any observed values: ['od_max_conf_drying_bed']. At least one non-missing value is needed for imputation with strategy='median'.
  warnings.warn(
/work/GRDVULN/tp_qa/correction/.venv/lib64/python3.11/site-packages/sklearn/impute/_base.py:647: UserWarning: Skipping features without any observed values: ['od_max_conf_drying_bed']. At least one non-missing value is needed for imputation with strategy='median'.
  warnings.warn(
/work/GRDVULN/tp_qa/correction/.venv/lib64/python3.11/site-packages/sklearn/impute/_base.py:647: UserWarning: Skipping features without any observed values: ['od_max_conf_drying_bed']. At least one non-missing value is needed for imputation with strategy='median'.
  warnings.warn(
/work/GRDVULN/tp_qa/correction/.venv/lib64/python3.11/site-packages/sklearn/impute/_base.py:647: UserWarning: Skipping features without any observed values: ['od_max_conf_drying_bed']. At least one non-missing value is needed for imputation with strategy='median'.
  warnings.warn(
/work/GRDVULN/tp_qa/correction/.venv/lib64/python3.11/site-packages/sklearn/impute/_base.py:647: UserWarning: Skipping features without any observed values: ['od_max_conf_drying_bed']. At least one non-missing value is needed for imputation with strategy='median'.
  warnings.warn(
/work/GRDVULN/tp_qa/correction/.venv/lib64/python3.11/site-packages/sklearn/impute/_base.py:647: UserWarning: Skipping features without any observed values: ['od_max_conf_drying_bed']. At least one non-missing value is needed for imputation with strategy='median'.
  warnings.warn(
/work/GRDVULN/tp_qa/correction/.venv/lib64/python3.11/site-packages/sklearn/impute/_base.py:647: UserWarning: Skipping features without any observed values: ['od_max_conf_drying_bed']. At least one non-missing value is needed for imputation with strategy='median'.
  warnings.warn(
/work/GRDVULN/tp_qa/correction/.venv/lib64/python3.11/site-packages/sklearn/impute/_base.py:647: UserWarning: Skipping features without any observed values: ['od_max_conf_drying_bed']. At least one non-missing value is needed for imputation with strategy='median'.
  warnings.warn(
/work/GRDVULN/tp_qa/correction/.venv/lib64/python3.11/site-packages/sklearn/impute/_base.py:647: UserWarning: Skipping features without any observed values: ['od_max_conf_drying_bed']. At least one non-missing value is needed for imputation with strategy='median'.
  warnings.warn(
/work/GRDVULN/tp_qa/correction/.venv/lib64/python3.11/site-packages/sklearn/impute/_base.py:647: UserWarning: Skipping features without any observed values: ['od_max_conf_drying_bed']. At least one non-missing value is needed for imputation with strategy='median'.
  warnings.warn(
/work/GRDVULN/tp_qa/correction/.venv/lib64/python3.11/site-packages/sklearn/impute/_base.py:647: UserWarning: Skipping features without any observed values: ['od_max_conf_drying_bed']. At least one non-missing value is needed for imputation with strategy='median'.
  warnings.warn(
/work/GRDVULN/tp_qa/correction/.venv/lib64/python3.11/site-packages/sklearn/impute/_base.py:647: UserWarning: Skipping features without any observed values: ['od_max_conf_drying_bed']. At least one non-missing value is needed for imputation with strategy='median'.
  warnings.warn(
/work/GRDVULN/tp_qa/correction/.venv/lib64/python3.11/site-packages/sklearn/impute/_base.py:647: UserWarning: Skipping features without any observed values: ['od_max_conf_drying_bed']. At least one non-missing value is needed for imputation with strategy='median'.
  warnings.warn(
/work/GRDVULN/tp_qa/correction/.venv/lib64/python3.11/site-packages/sklearn/impute/_base.py:647: UserWarning: Skipping features without any observed values: ['od_max_conf_drying_bed']. At least one non-missing value is needed for imputation with strategy='median'.
  warnings.warn(
/work/GRDVULN/tp_qa/correction/.venv/lib64/python3.11/site-packages/sklearn/impute/_base.py:647: UserWarning: Skipping features without any observed values: ['od_max_conf_drying_bed']. At least one non-missing value is needed for imputation with strategy='median'.
  warnings.warn(
/work/GRDVULN/tp_qa/correction/.venv/lib64/python3.11/site-packages/sklearn/impute/_base.py:647: UserWarning: Skipping features without any observed values: ['od_max_conf_drying_bed']. At least one non-missing value is needed for imputation with strategy='median'.
  warnings.warn(
/work/GRDVULN/tp_qa/correction/.venv/lib64/python3.11/site-packages/sklearn/impute/_base.py:647: UserWarning: Skipping features without any observed values: ['od_max_conf_drying_bed']. At least one non-missing value is needed for imputation with strategy='median'.
  warnings.warn(
/work/GRDVULN/tp_qa/correction/.venv/lib64/python3.11/site-packages/sklearn/impute/_base.py:647: UserWarning: Skipping features without any observed values: ['od_max_conf_drying_bed']. At least one non-missing value is needed for imputation with strategy='median'.
  warnings.warn(
/work/GRDVULN/tp_qa/correction/.venv/lib64/python3.11/site-packages/sklearn/impute/_base.py:647: UserWarning: Skipping features without any observed values: ['od_max_conf_drying_bed']. At least one non-missing value is needed for imputation with strategy='median'.
  warnings.warn(
/work/GRDVULN/tp_qa/correction/.venv/lib64/python3.11/site-packages/sklearn/impute/_base.py:647: UserWarning: Skipping features without any observed values: ['od_max_conf_drying_bed']. At least one non-missing value is needed for imputation with strategy='median'.
  warnings.warn(
/work/GRDVULN/tp_qa/correction/.venv/lib64/python3.11/site-packages/sklearn/impute/_base.py:647: UserWarning: Skipping features without any observed values: ['od_max_conf_drying_bed']. At least one non-missing value is needed for imputation with strategy='median'.
  warnings.warn(
/work/GRDVULN/tp_qa/correction/.venv/lib64/python3.11/site-packages/sklearn/impute/_base.py:647: UserWarning: Skipping features without any observed values: ['od_max_conf_drying_bed']. At least one non-missing value is needed for imputation with strategy='median'.
  warnings.warn(
/work/GRDVULN/tp_qa/correction/.venv/lib64/python3.11/site-packages/sklearn/impute/_base.py:647: UserWarning: Skipping features without any observed values: ['od_max_conf_drying_bed']. At least one non-missing value is needed for imputation with strategy='median'.
  warnings.warn(
/work/GRDVULN/tp_qa/correction/.venv/lib64/python3.11/site-packages/sklearn/impute/_base.py:647: UserWarning: Skipping features without any observed values: ['od_max_conf_drying_bed']. At least one non-missing value is needed for imputation with strategy='median'.
  warnings.warn(
/work/GRDVULN/tp_qa/correction/.venv/lib64/python3.11/site-packages/sklearn/impute/_base.py:647: UserWarning: Skipping features without any observed values: ['od_max_conf_drying_bed']. At least one non-missing value is needed for imputation with strategy='median'.
  warnings.warn(
/work/GRDVULN/tp_qa/correction/.venv/lib64/python3.11/site-packages/sklearn/impute/_base.py:647: UserWarning: Skipping features without any observed values: ['od_max_conf_drying_bed']. At least one non-missing value is needed for imputation with strategy='median'.
  warnings.warn(
/work/GRDVULN/tp_qa/correction/.venv/lib64/python3.11/site-packages/sklearn/impute/_base.py:647: UserWarning: Skipping features without any observed values: ['od_max_conf_drying_bed']. At least one non-missing value is needed for imputation with strategy='median'.
  warnings.warn(
/work/GRDVULN/tp_qa/correction/.venv/lib64/python3.11/site-packages/sklearn/impute/_base.py:647: UserWarning: Skipping features without any observed values: ['od_max_conf_drying_bed']. At least one non-missing value is needed for imputation with strategy='median'.
  warnings.warn(
/work/GRDVULN/tp_qa/correction/.venv/lib64/python3.11/site-packages/sklearn/impute/_base.py:647: UserWarning: Skipping features without any observed values: ['od_max_conf_drying_bed']. At least one non-missing value is needed for imputation with strategy='median'.
  warnings.warn(
/work/GRDVULN/tp_qa/correction/.venv/lib64/python3.11/site-packages/sklearn/impute/_base.py:647: UserWarning: Skipping features without any observed values: ['od_max_conf_drying_bed']. At least one non-missing value is needed for imputation with strategy='median'.
  warnings.warn(
/work/GRDVULN/tp_qa/correction/.venv/lib64/python3.11/site-packages/sklearn/impute/_base.py:647: UserWarning: Skipping features without any observed values: ['od_max_conf_drying_bed']. At least one non-missing value is needed for imputation with strategy='median'.
  warnings.warn(
/work/GRDVULN/tp_qa/correction/.venv/lib64/python3.11/site-packages/sklearn/impute/_base.py:647: UserWarning: Skipping features without any observed values: ['od_max_conf_drying_bed']. At least one non-missing value is needed for imputation with strategy='median'.
  warnings.warn(
/work/GRDVULN/tp_qa/correction/.venv/lib64/python3.11/site-packages/sklearn/impute/_base.py:647: UserWarning: Skipping features without any observed values: ['od_max_conf_drying_bed']. At least one non-missing value is needed for imputation with strategy='median'.
  warnings.warn(
/work/GRDVULN/tp_qa/correction/.venv/lib64/python3.11/site-packages/sklearn/impute/_base.py:647: UserWarning: Skipping features without any observed values: ['od_max_conf_drying_bed']. At least one non-missing value is needed for imputation with strategy='median'.
  warnings.warn(
/work/GRDVULN/tp_qa/correction/.venv/lib64/python3.11/site-packages/sklearn/impute/_base.py:647: UserWarning: Skipping features without any observed values: ['od_max_conf_drying_bed']. At least one non-missing value is needed for imputation with strategy='median'.
  warnings.warn(
/work/GRDVULN/tp_qa/correction/.venv/lib64/python3.11/site-packages/sklearn/impute/_base.py:647: UserWarning: Skipping features without any observed values: ['od_max_conf_drying_bed']. At least one non-missing value is needed for imputation with strategy='median'.
  warnings.warn(
/work/GRDVULN/tp_qa/correction/.venv/lib64/python3.11/site-packages/sklearn/impute/_base.py:647: UserWarning: Skipping features without any observed values: ['od_max_conf_drying_bed']. At least one non-missing value is needed for imputation with strategy='median'.
  warnings.warn(
/work/GRDVULN/tp_qa/correction/.venv/lib64/python3.11/site-packages/sklearn/impute/_base.py:647: UserWarning: Skipping features without any observed values: ['od_max_conf_drying_bed']. At least one non-missing value is needed for imputation with strategy='median'.
  warnings.warn(
/work/GRDVULN/tp_qa/correction/.venv/lib64/python3.11/site-packages/sklearn/impute/_base.py:647: UserWarning: Skipping features without any observed values: ['od_max_conf_drying_bed']. At least one non-missing value is needed for imputation with strategy='median'.
  warnings.warn(
/work/GRDVULN/tp_qa/correction/.venv/lib64/python3.11/site-packages/sklearn/impute/_base.py:647: UserWarning: Skipping features without any observed values: ['od_max_conf_drying_bed']. At least one non-missing value is needed for imputation with strategy='median'.
  warnings.warn(
/work/GRDVULN/tp_qa/correction/.venv/lib64/python3.11/site-packages/sklearn/impute/_base.py:647: UserWarning: Skipping features without any observed values: ['od_max_conf_drying_bed']. At least one non-missing value is needed for imputation with strategy='median'.
  warnings.warn(
/work/GRDVULN/tp_qa/correction/.venv/lib64/python3.11/site-packages/sklearn/impute/_base.py:647: UserWarning: Skipping features without any observed values: ['od_max_conf_drying_bed']. At least one non-missing value is needed for imputation with strategy='median'.
  warnings.warn(
/work/GRDVULN/tp_qa/correction/.venv/lib64/python3.11/site-packages/sklearn/impute/_base.py:647: UserWarning: Skipping features without any observed values: ['od_max_conf_drying_bed']. At least one non-missing value is needed for imputation with strategy='median'.
  warnings.warn(
/work/GRDVULN/tp_qa/correction/.venv/lib64/python3.11/site-packages/sklearn/impute/_base.py:647: UserWarning: Skipping features without any observed values: ['od_max_conf_drying_bed']. At least one non-missing value is needed for imputation with strategy='median'.
  warnings.warn(
/work/GRDVULN/tp_qa/correction/.venv/lib64/python3.11/site-packages/sklearn/impute/_base.py:647: UserWarning: Skipping features without any observed values: ['od_max_conf_drying_bed']. At least one non-missing value is needed for imputation with strategy='median'.
  warnings.warn(
/work/GRDVULN/tp_qa/correction/.venv/lib64/python3.11/site-packages/sklearn/impute/_base.py:647: UserWarning: Skipping features without any observed values: ['od_max_conf_drying_bed']. At least one non-missing value is needed for imputation with strategy='median'.
  warnings.warn(
/work/GRDVULN/tp_qa/correction/.venv/lib64/python3.11/site-packages/sklearn/impute/_base.py:647: UserWarning: Skipping features without any observed values: ['od_max_conf_drying_bed']. At least one non-missing value is needed for imputation with strategy='median'.
  warnings.warn(
/work/GRDVULN/tp_qa/correction/.venv/lib64/python3.11/site-packages/sklearn/impute/_base.py:647: UserWarning: Skipping features without any observed values: ['od_max_conf_drying_bed']. At least one non-missing value is needed for imputation with strategy='median'.
  warnings.warn(
/work/GRDVULN/tp_qa/correction/.venv/lib64/python3.11/site-packages/sklearn/impute/_base.py:647: UserWarning: Skipping features without any observed values: ['od_max_conf_drying_bed']. At least one non-missing value is needed for imputation with strategy='median'.
  warnings.warn(
/work/GRDVULN/tp_qa/correction/.venv/lib64/python3.11/site-packages/sklearn/impute/_base.py:647: UserWarning: Skipping features without any observed values: ['od_max_conf_drying_bed']. At least one non-missing value is needed for imputation with strategy='median'.
  warnings.warn(
/work/GRDVULN/tp_qa/correction/.venv/lib64/python3.11/site-packages/sklearn/impute/_base.py:647: UserWarning: Skipping features without any observed values: ['od_max_conf_drying_bed']. At least one non-missing value is needed for imputation with strategy='median'.
  warnings.warn(
/work/GRDVULN/tp_qa/correction/.venv/lib64/python3.11/site-packages/sklearn/impute/_base.py:647: UserWarning: Skipping features without any observed values: ['od_max_conf_drying_bed']. At least one non-missing value is needed for imputation with strategy='median'.
  warnings.warn(
/work/GRDVULN/tp_qa/correction/.venv/lib64/python3.11/site-packages/sklearn/impute/_base.py:647: UserWarning: Skipping features without any observed values: ['od_max_conf_drying_bed']. At least one non-missing value is needed for imputation with strategy='median'.
  warnings.warn(
/work/GRDVULN/tp_qa/correction/.venv/lib64/python3.11/site-packages/sklearn/impute/_base.py:647: UserWarning: Skipping features without any observed values: ['od_max_conf_drying_bed']. At least one non-missing value is needed for imputation with strategy='median'.
  warnings.warn(
/work/GRDVULN/tp_qa/correction/.venv/lib64/python3.11/site-packages/sklearn/impute/_base.py:647: UserWarning: Skipping features without any observed values: ['od_max_conf_drying_bed']. At least one non-missing value is needed for imputation with strategy='median'.
  warnings.warn(
/work/GRDVULN/tp_qa/correction/.venv/lib64/python3.11/site-packages/sklearn/impute/_base.py:647: UserWarning: Skipping features without any observed values: ['od_max_conf_drying_bed']. At least one non-missing value is needed for imputation with strategy='median'.
  warnings.warn(
/work/GRDVULN/tp_qa/correction/.venv/lib64/python3.11/site-packages/sklearn/impute/_base.py:647: UserWarning: Skipping features without any observed values: ['od_max_conf_drying_bed']. At least one non-missing value is needed for imputation with strategy='median'.
  warnings.warn(
/work/GRDVULN/tp_qa/correction/.venv/lib64/python3.11/site-packages/sklearn/impute/_base.py:647: UserWarning: Skipping features without any observed values: ['od_max_conf_drying_bed']. At least one non-missing value is needed for imputation with strategy='median'.
  warnings.warn(
/work/GRDVULN/tp_qa/correction/.venv/lib64/python3.11/site-packages/sklearn/impute/_base.py:647: UserWarning: Skipping features without any observed values: ['od_max_conf_drying_bed']. At least one non-missing value is needed for imputation with strategy='median'.
  warnings.warn(
/work/GRDVULN/tp_qa/correction/.venv/lib64/python3.11/site-packages/sklearn/impute/_base.py:647: UserWarning: Skipping features without any observed values: ['od_max_conf_drying_bed']. At least one non-missing value is needed for imputation with strategy='median'.
  warnings.warn(
/work/GRDVULN/tp_qa/correction/.venv/lib64/python3.11/site-packages/sklearn/impute/_base.py:647: UserWarning: Skipping features without any observed values: ['od_max_conf_drying_bed']. At least one non-missing value is needed for imputation with strategy='median'.
  warnings.warn(
/work/GRDVULN/tp_qa/correction/.venv/lib64/python3.11/site-packages/sklearn/impute/_base.py:647: UserWarning: Skipping features without any observed values: ['od_max_conf_drying_bed']. At least one non-missing value is needed for imputation with strategy='median'.
  warnings.warn(
/work/GRDVULN/tp_qa/correction/.venv/lib64/python3.11/site-packages/sklearn/impute/_base.py:647: UserWarning: Skipping features without any observed values: ['od_max_conf_drying_bed']. At least one non-missing value is needed for imputation with strategy='median'.
  warnings.warn(
/work/GRDVULN/tp_qa/correction/.venv/lib64/python3.11/site-packages/sklearn/impute/_base.py:647: UserWarning: Skipping features without any observed values: ['od_max_conf_drying_bed']. At least one non-missing value is needed for imputation with strategy='median'.
  warnings.warn(
/work/GRDVULN/tp_qa/correction/.venv/lib64/python3.11/site-packages/sklearn/impute/_base.py:647: UserWarning: Skipping features without any observed values: ['od_max_conf_drying_bed']. At least one non-missing value is needed for imputation with strategy='median'.
  warnings.warn(
/work/GRDVULN/tp_qa/correction/.venv/lib64/python3.11/site-packages/sklearn/impute/_base.py:647: UserWarning: Skipping features without any observed values: ['od_max_conf_drying_bed']. At least one non-missing value is needed for imputation with strategy='median'.
  warnings.warn(
/work/GRDVULN/tp_qa/correction/.venv/lib64/python3.11/site-packages/sklearn/impute/_base.py:647: UserWarning: Skipping features without any observed values: ['od_max_conf_drying_bed']. At least one non-missing value is needed for imputation with strategy='median'.
  warnings.warn(
/work/GRDVULN/tp_qa/correction/.venv/lib64/python3.11/site-packages/sklearn/impute/_base.py:647: UserWarning: Skipping features without any observed values: ['od_max_conf_drying_bed']. At least one non-missing value is needed for imputation with strategy='median'.
  warnings.warn(
/work/GRDVULN/tp_qa/correction/.venv/lib64/python3.11/site-packages/sklearn/impute/_base.py:647: UserWarning: Skipping features without any observed values: ['od_max_conf_drying_bed']. At least one non-missing value is needed for imputation with strategy='median'.
  warnings.warn(
/work/GRDVULN/tp_qa/correction/.venv/lib64/python3.11/site-packages/sklearn/impute/_base.py:647: UserWarning: Skipping features without any observed values: ['od_max_conf_drying_bed']. At least one non-missing value is needed for imputation with strategy='median'.
  warnings.warn(
/work/GRDVULN/tp_qa/correction/.venv/lib64/python3.11/site-packages/sklearn/impute/_base.py:647: UserWarning: Skipping features without any observed values: ['od_max_conf_drying_bed']. At least one non-missing value is needed for imputation with strategy='median'.
  warnings.warn(
/work/GRDVULN/tp_qa/correction/.venv/lib64/python3.11/site-packages/sklearn/impute/_base.py:647: UserWarning: Skipping features without any observed values: ['od_max_conf_drying_bed']. At least one non-missing value is needed for imputation with strategy='median'.
  warnings.warn(
/work/GRDVULN/tp_qa/correction/.venv/lib64/python3.11/site-packages/sklearn/impute/_base.py:647: UserWarning: Skipping features without any observed values: ['od_max_conf_drying_bed']. At least one non-missing value is needed for imputation with strategy='median'.
  warnings.warn(
/work/GRDVULN/tp_qa/correction/.venv/lib64/python3.11/site-packages/sklearn/impute/_base.py:647: UserWarning: Skipping features without any observed values: ['od_max_conf_drying_bed']. At least one non-missing value is needed for imputation with strategy='median'.
  warnings.warn(
/work/GRDVULN/tp_qa/correction/.venv/lib64/python3.11/site-packages/sklearn/impute/_base.py:647: UserWarning: Skipping features without any observed values: ['od_max_conf_drying_bed']. At least one non-missing value is needed for imputation with strategy='median'.
  warnings.warn(
/work/GRDVULN/tp_qa/correction/.venv/lib64/python3.11/site-packages/sklearn/impute/_base.py:647: UserWarning: Skipping features without any observed values: ['od_max_conf_drying_bed']. At least one non-missing value is needed for imputation with strategy='median'.
  warnings.warn(
/work/GRDVULN/tp_qa/correction/.venv/lib64/python3.11/site-packages/sklearn/impute/_base.py:647: UserWarning: Skipping features without any observed values: ['od_max_conf_drying_bed']. At least one non-missing value is needed for imputation with strategy='median'.
  warnings.warn(
/work/GRDVULN/tp_qa/correction/.venv/lib64/python3.11/site-packages/sklearn/impute/_base.py:647: UserWarning: Skipping features without any observed values: ['od_max_conf_drying_bed']. At least one non-missing value is needed for imputation with strategy='median'.
  warnings.warn(
/work/GRDVULN/tp_qa/correction/.venv/lib64/python3.11/site-packages/sklearn/impute/_base.py:647: UserWarning: Skipping features without any observed values: ['od_max_conf_drying_bed']. At least one non-missing value is needed for imputation with strategy='median'.
  warnings.warn(
/work/GRDVULN/tp_qa/correction/.venv/lib64/python3.11/site-packages/sklearn/impute/_base.py:647: UserWarning: Skipping features without any observed values: ['od_max_conf_drying_bed']. At least one non-missing value is needed for imputation with strategy='median'.
  warnings.warn(
/work/GRDVULN/tp_qa/correction/.venv/lib64/python3.11/site-packages/sklearn/impute/_base.py:647: UserWarning: Skipping features without any observed values: ['od_max_conf_drying_bed']. At least one non-missing value is needed for imputation with strategy='median'.
  warnings.warn(
/work/GRDVULN/tp_qa/correction/.venv/lib64/python3.11/site-packages/sklearn/impute/_base.py:647: UserWarning: Skipping features without any observed values: ['od_max_conf_drying_bed']. At least one non-missing value is needed for imputation with strategy='median'.
  warnings.warn(
/work/GRDVULN/tp_qa/correction/.venv/lib64/python3.11/site-packages/sklearn/impute/_base.py:647: UserWarning: Skipping features without any observed values: ['od_max_conf_drying_bed']. At least one non-missing value is needed for imputation with strategy='median'.
  warnings.warn(
/work/GRDVULN/tp_qa/correction/.venv/lib64/python3.11/site-packages/sklearn/impute/_base.py:647: UserWarning: Skipping features without any observed values: ['od_max_conf_drying_bed']. At least one non-missing value is needed for imputation with strategy='median'.
  warnings.warn(
/work/GRDVULN/tp_qa/correction/.venv/lib64/python3.11/site-packages/sklearn/impute/_base.py:647: UserWarning: Skipping features without any observed values: ['od_max_conf_drying_bed']. At least one non-missing value is needed for imputation with strategy='median'.
  warnings.warn(
/work/GRDVULN/tp_qa/correction/.venv/lib64/python3.11/site-packages/sklearn/impute/_base.py:647: UserWarning: Skipping features without any observed values: ['od_max_conf_drying_bed']. At least one non-missing value is needed for imputation with strategy='median'.
  warnings.warn(
/work/GRDVULN/tp_qa/correction/.venv/lib64/python3.11/site-packages/sklearn/impute/_base.py:647: UserWarning: Skipping features without any observed values: ['od_max_conf_drying_bed']. At least one non-missing value is needed for imputation with strategy='median'.
  warnings.warn(
/work/GRDVULN/tp_qa/correction/.venv/lib64/python3.11/site-packages/sklearn/impute/_base.py:647: UserWarning: Skipping features without any observed values: ['od_max_conf_drying_bed']. At least one non-missing value is needed for imputation with strategy='median'.
  warnings.warn(
/work/GRDVULN/tp_qa/correction/.venv/lib64/python3.11/site-packages/sklearn/impute/_base.py:647: UserWarning: Skipping features without any observed values: ['od_max_conf_drying_bed']. At least one non-missing value is needed for imputation with strategy='median'.
  warnings.warn(
/work/GRDVULN/tp_qa/correction/.venv/lib64/python3.11/site-packages/sklearn/impute/_base.py:647: UserWarning: Skipping features without any observed values: ['od_max_conf_drying_bed']. At least one non-missing value is needed for imputation with strategy='median'.
  warnings.warn(
/work/GRDVULN/tp_qa/correction/.venv/lib64/python3.11/site-packages/sklearn/impute/_base.py:647: UserWarning: Skipping features without any observed values: ['od_max_conf_drying_bed']. At least one non-missing value is needed for imputation with strategy='median'.
  warnings.warn(
/work/GRDVULN/tp_qa/correction/.venv/lib64/python3.11/site-packages/sklearn/impute/_base.py:647: UserWarning: Skipping features without any observed values: ['od_max_conf_drying_bed']. At least one non-missing value is needed for imputation with strategy='median'.
  warnings.warn(
/work/GRDVULN/tp_qa/correction/.venv/lib64/python3.11/site-packages/sklearn/impute/_base.py:647: UserWarning: Skipping features without any observed values: ['od_max_conf_drying_bed']. At least one non-missing value is needed for imputation with strategy='median'.
  warnings.warn(
/work/GRDVULN/tp_qa/correction/.venv/lib64/python3.11/site-packages/sklearn/impute/_base.py:647: UserWarning: Skipping features without any observed values: ['od_max_conf_drying_bed']. At least one non-missing value is needed for imputation with strategy='median'.
  warnings.warn(
/work/GRDVULN/tp_qa/correction/.venv/lib64/python3.11/site-packages/sklearn/impute/_base.py:647: UserWarning: Skipping features without any observed values: ['od_max_conf_drying_bed']. At least one non-missing value is needed for imputation with strategy='median'.
  warnings.warn(
/work/GRDVULN/tp_qa/correction/.venv/lib64/python3.11/site-packages/sklearn/impute/_base.py:647: UserWarning: Skipping features without any observed values: ['od_max_conf_drying_bed']. At least one non-missing value is needed for imputation with strategy='median'.
  warnings.warn(
/work/GRDVULN/tp_qa/correction/.venv/lib64/python3.11/site-packages/sklearn/impute/_base.py:647: UserWarning: Skipping features without any observed values: ['od_max_conf_drying_bed']. At least one non-missing value is needed for imputation with strategy='median'.
  warnings.warn(
/work/GRDVULN/tp_qa/correction/.venv/lib64/python3.11/site-packages/sklearn/impute/_base.py:647: UserWarning: Skipping features without any observed values: ['od_max_conf_drying_bed']. At least one non-missing value is needed for imputation with strategy='median'.
  warnings.warn(
/work/GRDVULN/tp_qa/correction/.venv/lib64/python3.11/site-packages/sklearn/impute/_base.py:647: UserWarning: Skipping features without any observed values: ['od_max_conf_drying_bed']. At least one non-missing value is needed for imputation with strategy='median'.
  warnings.warn(
/work/GRDVULN/tp_qa/correction/.venv/lib64/python3.11/site-packages/sklearn/impute/_base.py:647: UserWarning: Skipping features without any observed values: ['od_max_conf_drying_bed']. At least one non-missing value is needed for imputation with strategy='median'.
  warnings.warn(
/work/GRDVULN/tp_qa/correction/.venv/lib64/python3.11/site-packages/sklearn/impute/_base.py:647: UserWarning: Skipping features without any observed values: ['od_max_conf_drying_bed']. At least one non-missing value is needed for imputation with strategy='median'.
  warnings.warn(
/work/GRDVULN/tp_qa/correction/.venv/lib64/python3.11/site-packages/sklearn/impute/_base.py:647: UserWarning: Skipping features without any observed values: ['od_max_conf_drying_bed']. At least one non-missing value is needed for imputation with strategy='median'.
  warnings.warn(
/work/GRDVULN/tp_qa/correction/.venv/lib64/python3.11/site-packages/sklearn/impute/_base.py:647: UserWarning: Skipping features without any observed values: ['od_max_conf_drying_bed']. At least one non-missing value is needed for imputation with strategy='median'.
  warnings.warn(
/work/GRDVULN/tp_qa/correction/.venv/lib64/python3.11/site-packages/sklearn/impute/_base.py:647: UserWarning: Skipping features without any observed values: ['od_max_conf_drying_bed']. At least one non-missing value is needed for imputation with strategy='median'.
  warnings.warn(
/work/GRDVULN/tp_qa/correction/.venv/lib64/python3.11/site-packages/sklearn/impute/_base.py:647: UserWarning: Skipping features without any observed values: ['od_max_conf_drying_bed']. At least one non-missing value is needed for imputation with strategy='median'.
  warnings.warn(
/work/GRDVULN/tp_qa/correction/.venv/lib64/python3.11/site-packages/sklearn/impute/_base.py:647: UserWarning: Skipping features without any observed values: ['od_max_conf_drying_bed']. At least one non-missing value is needed for imputation with strategy='median'.
  warnings.warn(
/work/GRDVULN/tp_qa/correction/.venv/lib64/python3.11/site-packages/sklearn/impute/_base.py:647: UserWarning: Skipping features without any observed values: ['od_max_conf_drying_bed']. At least one non-missing value is needed for imputation with strategy='median'.
  warnings.warn(
/work/GRDVULN/tp_qa/correction/.venv/lib64/python3.11/site-packages/sklearn/impute/_base.py:647: UserWarning: Skipping features without any observed values: ['od_max_conf_drying_bed']. At least one non-missing value is needed for imputation with strategy='median'.
  warnings.warn(
/work/GRDVULN/tp_qa/correction/.venv/lib64/python3.11/site-packages/sklearn/impute/_base.py:647: UserWarning: Skipping features without any observed values: ['od_max_conf_drying_bed']. At least one non-missing value is needed for imputation with strategy='median'.
  warnings.warn(
/work/GRDVULN/tp_qa/correction/.venv/lib64/python3.11/site-packages/sklearn/impute/_base.py:647: UserWarning: Skipping features without any observed values: ['od_max_conf_drying_bed']. At least one non-missing value is needed for imputation with strategy='median'.
  warnings.warn(
/work/GRDVULN/tp_qa/correction/.venv/lib64/python3.11/site-packages/sklearn/impute/_base.py:647: UserWarning: Skipping features without any observed values: ['od_max_conf_drying_bed']. At least one non-missing value is needed for imputation with strategy='median'.
  warnings.warn(
/work/GRDVULN/tp_qa/correction/.venv/lib64/python3.11/site-packages/sklearn/impute/_base.py:647: UserWarning: Skipping features without any observed values: ['od_max_conf_drying_bed']. At least one non-missing value is needed for imputation with strategy='median'.
  warnings.warn(
/work/GRDVULN/tp_qa/correction/.venv/lib64/python3.11/site-packages/sklearn/impute/_base.py:647: UserWarning: Skipping features without any observed values: ['od_max_conf_drying_bed']. At least one non-missing value is needed for imputation with strategy='median'.
  warnings.warn(
/work/GRDVULN/tp_qa/correction/.venv/lib64/python3.11/site-packages/sklearn/impute/_base.py:647: UserWarning: Skipping features without any observed values: ['od_max_conf_drying_bed']. At least one non-missing value is needed for imputation with strategy='median'.
  warnings.warn(
/work/GRDVULN/tp_qa/correction/.venv/lib64/python3.11/site-packages/sklearn/impute/_base.py:647: UserWarning: Skipping features without any observed values: ['od_max_conf_drying_bed']. At least one non-missing value is needed for imputation with strategy='median'.
  warnings.warn(
/work/GRDVULN/tp_qa/correction/.venv/lib64/python3.11/site-packages/sklearn/impute/_base.py:647: UserWarning: Skipping features without any observed values: ['od_max_conf_drying_bed']. At least one non-missing value is needed for imputation with strategy='median'.
  warnings.warn(
/work/GRDVULN/tp_qa/correction/.venv/lib64/python3.11/site-packages/sklearn/impute/_base.py:647: UserWarning: Skipping features without any observed values: ['od_max_conf_drying_bed']. At least one non-missing value is needed for imputation with strategy='median'.
  warnings.warn(
/work/GRDVULN/tp_qa/correction/.venv/lib64/python3.11/site-packages/sklearn/impute/_base.py:647: UserWarning: Skipping features without any observed values: ['od_max_conf_drying_bed']. At least one non-missing value is needed for imputation with strategy='median'.
  warnings.warn(
/work/GRDVULN/tp_qa/correction/.venv/lib64/python3.11/site-packages/sklearn/impute/_base.py:647: UserWarning: Skipping features without any observed values: ['od_max_conf_drying_bed']. At least one non-missing value is needed for imputation with strategy='median'.
  warnings.warn(
/work/GRDVULN/tp_qa/correction/.venv/lib64/python3.11/site-packages/sklearn/impute/_base.py:647: UserWarning: Skipping features without any observed values: ['od_max_conf_drying_bed']. At least one non-missing value is needed for imputation with strategy='median'.
  warnings.warn(
/work/GRDVULN/tp_qa/correction/.venv/lib64/python3.11/site-packages/sklearn/impute/_base.py:647: UserWarning: Skipping features without any observed values: ['od_max_conf_drying_bed']. At least one non-missing value is needed for imputation with strategy='median'.
  warnings.warn(
/work/GRDVULN/tp_qa/correction/.venv/lib64/python3.11/site-packages/sklearn/impute/_base.py:647: UserWarning: Skipping features without any observed values: ['od_max_conf_drying_bed']. At least one non-missing value is needed for imputation with strategy='median'.
  warnings.warn(
/work/GRDVULN/tp_qa/correction/.venv/lib64/python3.11/site-packages/sklearn/impute/_base.py:647: UserWarning: Skipping features without any observed values: ['od_max_conf_drying_bed']. At least one non-missing value is needed for imputation with strategy='median'.
  warnings.warn(
/work/GRDVULN/tp_qa/correction/.venv/lib64/python3.11/site-packages/sklearn/impute/_base.py:647: UserWarning: Skipping features without any observed values: ['od_max_conf_drying_bed']. At least one non-missing value is needed for imputation with strategy='median'.
  warnings.warn(
/work/GRDVULN/tp_qa/correction/.venv/lib64/python3.11/site-packages/sklearn/impute/_base.py:647: UserWarning: Skipping features without any observed values: ['od_max_conf_drying_bed']. At least one non-missing value is needed for imputation with strategy='median'.
  warnings.warn(
/work/GRDVULN/tp_qa/correction/.venv/lib64/python3.11/site-packages/sklearn/impute/_base.py:647: UserWarning: Skipping features without any observed values: ['od_max_conf_drying_bed']. At least one non-missing value is needed for imputation with strategy='median'.
  warnings.warn(
/work/GRDVULN/tp_qa/correction/.venv/lib64/python3.11/site-packages/sklearn/impute/_base.py:647: UserWarning: Skipping features without any observed values: ['od_max_conf_drying_bed']. At least one non-missing value is needed for imputation with strategy='median'.
  warnings.warn(
/work/GRDVULN/tp_qa/correction/.venv/lib64/python3.11/site-packages/sklearn/impute/_base.py:647: UserWarning: Skipping features without any observed values: ['od_max_conf_drying_bed']. At least one non-missing value is needed for imputation with strategy='median'.
  warnings.warn(
/work/GRDVULN/tp_qa/correction/.venv/lib64/python3.11/site-packages/sklearn/impute/_base.py:647: UserWarning: Skipping features without any observed values: ['od_max_conf_drying_bed']. At least one non-missing value is needed for imputation with strategy='median'.
  warnings.warn(
/work/GRDVULN/tp_qa/correction/.venv/lib64/python3.11/site-packages/sklearn/impute/_base.py:647: UserWarning: Skipping features without any observed values: ['od_max_conf_drying_bed']. At least one non-missing value is needed for imputation with strategy='median'.
  warnings.warn(
/work/GRDVULN/tp_qa/correction/.venv/lib64/python3.11/site-packages/sklearn/impute/_base.py:647: UserWarning: Skipping features without any observed values: ['od_max_conf_drying_bed']. At least one non-missing value is needed for imputation with strategy='median'.
  warnings.warn(
/work/GRDVULN/tp_qa/correction/.venv/lib64/python3.11/site-packages/sklearn/impute/_base.py:647: UserWarning: Skipping features without any observed values: ['od_max_conf_drying_bed']. At least one non-missing value is needed for imputation with strategy='median'.
  warnings.warn(
/work/GRDVULN/tp_qa/correction/.venv/lib64/python3.11/site-packages/sklearn/impute/_base.py:647: UserWarning: Skipping features without any observed values: ['od_max_conf_drying_bed']. At least one non-missing value is needed for imputation with strategy='median'.
  warnings.warn(
/work/GRDVULN/tp_qa/correction/.venv/lib64/python3.11/site-packages/sklearn/impute/_base.py:647: UserWarning: Skipping features without any observed values: ['od_max_conf_drying_bed']. At least one non-missing value is needed for imputation with strategy='median'.
  warnings.warn(
/work/GRDVULN/tp_qa/correction/.venv/lib64/python3.11/site-packages/sklearn/impute/_base.py:647: UserWarning: Skipping features without any observed values: ['od_max_conf_drying_bed']. At least one non-missing value is needed for imputation with strategy='median'.
  warnings.warn(
/work/GRDVULN/tp_qa/correction/.venv/lib64/python3.11/site-packages/sklearn/impute/_base.py:647: UserWarning: Skipping features without any observed values: ['od_max_conf_drying_bed']. At least one non-missing value is needed for imputation with strategy='median'.
  warnings.warn(
/work/GRDVULN/tp_qa/correction/.venv/lib64/python3.11/site-packages/sklearn/impute/_base.py:647: UserWarning: Skipping features without any observed values: ['od_max_conf_drying_bed']. At least one non-missing value is needed for imputation with strategy='median'.
  warnings.warn(
/work/GRDVULN/tp_qa/correction/.venv/lib64/python3.11/site-packages/sklearn/impute/_base.py:647: UserWarning: Skipping features without any observed values: ['od_max_conf_drying_bed']. At least one non-missing value is needed for imputation with strategy='median'.
  warnings.warn(
/work/GRDVULN/tp_qa/correction/.venv/lib64/python3.11/site-packages/sklearn/impute/_base.py:647: UserWarning: Skipping features without any observed values: ['od_max_conf_drying_bed']. At least one non-missing value is needed for imputation with strategy='median'.
  warnings.warn(
/work/GRDVULN/tp_qa/correction/.venv/lib64/python3.11/site-packages/sklearn/impute/_base.py:647: UserWarning: Skipping features without any observed values: ['od_max_conf_drying_bed']. At least one non-missing value is needed for imputation with strategy='median'.
  warnings.warn(
/work/GRDVULN/tp_qa/correction/.venv/lib64/python3.11/site-packages/sklearn/impute/_base.py:647: UserWarning: Skipping features without any observed values: ['od_max_conf_drying_bed']. At least one non-missing value is needed for imputation with strategy='median'.
  warnings.warn(
/work/GRDVULN/tp_qa/correction/.venv/lib64/python3.11/site-packages/sklearn/impute/_base.py:647: UserWarning: Skipping features without any observed values: ['od_max_conf_drying_bed']. At least one non-missing value is needed for imputation with strategy='median'.
  warnings.warn(
/work/GRDVULN/tp_qa/correction/.venv/lib64/python3.11/site-packages/sklearn/impute/_base.py:647: UserWarning: Skipping features without any observed values: ['od_max_conf_drying_bed']. At least one non-missing value is needed for imputation with strategy='median'.
  warnings.warn(
/work/GRDVULN/tp_qa/correction/.venv/lib64/python3.11/site-packages/sklearn/impute/_base.py:647: UserWarning: Skipping features without any observed values: ['od_max_conf_drying_bed']. At least one non-missing value is needed for imputation with strategy='median'.
  warnings.warn(
/work/GRDVULN/tp_qa/correction/.venv/lib64/python3.11/site-packages/sklearn/impute/_base.py:647: UserWarning: Skipping features without any observed values: ['od_max_conf_drying_bed']. At least one non-missing value is needed for imputation with strategy='median'.
  warnings.warn(
/work/GRDVULN/tp_qa/correction/.venv/lib64/python3.11/site-packages/sklearn/impute/_base.py:647: UserWarning: Skipping features without any observed values: ['od_max_conf_drying_bed']. At least one non-missing value is needed for imputation with strategy='median'.
  warnings.warn(
/work/GRDVULN/tp_qa/correction/.venv/lib64/python3.11/site-packages/sklearn/impute/_base.py:647: UserWarning: Skipping features without any observed values: ['od_max_conf_drying_bed']. At least one non-missing value is needed for imputation with strategy='median'.
  warnings.warn(
/work/GRDVULN/tp_qa/correction/.venv/lib64/python3.11/site-packages/sklearn/impute/_base.py:647: UserWarning: Skipping features without any observed values: ['od_max_conf_drying_bed']. At least one non-missing value is needed for imputation with strategy='median'.
  warnings.warn(
/work/GRDVULN/tp_qa/correction/.venv/lib64/python3.11/site-packages/sklearn/impute/_base.py:647: UserWarning: Skipping features without any observed values: ['od_max_conf_drying_bed']. At least one non-missing value is needed for imputation with strategy='median'.
  warnings.warn(
/work/GRDVULN/tp_qa/correction/.venv/lib64/python3.11/site-packages/sklearn/impute/_base.py:647: UserWarning: Skipping features without any observed values: ['od_max_conf_drying_bed']. At least one non-missing value is needed for imputation with strategy='median'.
  warnings.warn(
/work/GRDVULN/tp_qa/correction/.venv/lib64/python3.11/site-packages/sklearn/impute/_base.py:647: UserWarning: Skipping features without any observed values: ['od_max_conf_drying_bed']. At least one non-missing value is needed for imputation with strategy='median'.
  warnings.warn(
/work/GRDVULN/tp_qa/correction/.venv/lib64/python3.11/site-packages/sklearn/impute/_base.py:647: UserWarning: Skipping features without any observed values: ['od_max_conf_drying_bed']. At least one non-missing value is needed for imputation with strategy='median'.
  warnings.warn(
/work/GRDVULN/tp_qa/correction/.venv/lib64/python3.11/site-packages/sklearn/impute/_base.py:647: UserWarning: Skipping features without any observed values: ['od_max_conf_drying_bed']. At least one non-missing value is needed for imputation with strategy='median'.
  warnings.warn(
/work/GRDVULN/tp_qa/correction/.venv/lib64/python3.11/site-packages/sklearn/impute/_base.py:647: UserWarning: Skipping features without any observed values: ['od_max_conf_drying_bed']. At least one non-missing value is needed for imputation with strategy='median'.
  warnings.warn(
/work/GRDVULN/tp_qa/correction/.venv/lib64/python3.11/site-packages/sklearn/impute/_base.py:647: UserWarning: Skipping features without any observed values: ['od_max_conf_drying_bed']. At least one non-missing value is needed for imputation with strategy='median'.
  warnings.warn(
/work/GRDVULN/tp_qa/correction/.venv/lib64/python3.11/site-packages/sklearn/impute/_base.py:647: UserWarning: Skipping features without any observed values: ['od_max_conf_drying_bed']. At least one non-missing value is needed for imputation with strategy='median'.
  warnings.warn(
/work/GRDVULN/tp_qa/correction/.venv/lib64/python3.11/site-packages/sklearn/impute/_base.py:647: UserWarning: Skipping features without any observed values: ['od_max_conf_drying_bed']. At least one non-missing value is needed for imputation with strategy='median'.
  warnings.warn(
/work/GRDVULN/tp_qa/correction/.venv/lib64/python3.11/site-packages/sklearn/impute/_base.py:647: UserWarning: Skipping features without any observed values: ['od_max_conf_drying_bed']. At least one non-missing value is needed for imputation with strategy='median'.
  warnings.warn(
/work/GRDVULN/tp_qa/correction/.venv/lib64/python3.11/site-packages/sklearn/impute/_base.py:647: UserWarning: Skipping features without any observed values: ['od_max_conf_drying_bed']. At least one non-missing value is needed for imputation with strategy='median'.
  warnings.warn(
/work/GRDVULN/tp_qa/correction/.venv/lib64/python3.11/site-packages/sklearn/impute/_base.py:647: UserWarning: Skipping features without any observed values: ['od_max_conf_drying_bed']. At least one non-missing value is needed for imputation with strategy='median'.
  warnings.warn(
/work/GRDVULN/tp_qa/correction/.venv/lib64/python3.11/site-packages/sklearn/impute/_base.py:647: UserWarning: Skipping features without any observed values: ['od_max_conf_drying_bed']. At least one non-missing value is needed for imputation with strategy='median'.
  warnings.warn(
/work/GRDVULN/tp_qa/correction/.venv/lib64/python3.11/site-packages/sklearn/impute/_base.py:647: UserWarning: Skipping features without any observed values: ['od_max_conf_drying_bed']. At least one non-missing value is needed for imputation with strategy='median'.
  warnings.warn(
/work/GRDVULN/tp_qa/correction/.venv/lib64/python3.11/site-packages/sklearn/impute/_base.py:647: UserWarning: Skipping features without any observed values: ['od_max_conf_drying_bed']. At least one non-missing value is needed for imputation with strategy='median'.
  warnings.warn(
/work/GRDVULN/tp_qa/correction/.venv/lib64/python3.11/site-packages/sklearn/impute/_base.py:647: UserWarning: Skipping features without any observed values: ['od_max_conf_drying_bed']. At least one non-missing value is needed for imputation with strategy='median'.
  warnings.warn(
/work/GRDVULN/tp_qa/correction/.venv/lib64/python3.11/site-packages/sklearn/impute/_base.py:647: UserWarning: Skipping features without any observed values: ['od_max_conf_drying_bed']. At least one non-missing value is needed for imputation with strategy='median'.
  warnings.warn(
/work/GRDVULN/tp_qa/correction/.venv/lib64/python3.11/site-packages/sklearn/impute/_base.py:647: UserWarning: Skipping features without any observed values: ['od_max_conf_drying_bed']. At least one non-missing value is needed for imputation with strategy='median'.
  warnings.warn(
/work/GRDVULN/tp_qa/correction/.venv/lib64/python3.11/site-packages/sklearn/impute/_base.py:647: UserWarning: Skipping features without any observed values: ['od_max_conf_drying_bed']. At least one non-missing value is needed for imputation with strategy='median'.
  warnings.warn(
/work/GRDVULN/tp_qa/correction/.venv/lib64/python3.11/site-packages/sklearn/impute/_base.py:647: UserWarning: Skipping features without any observed values: ['od_max_conf_drying_bed']. At least one non-missing value is needed for imputation with strategy='median'.
  warnings.warn(
/work/GRDVULN/tp_qa/correction/.venv/lib64/python3.11/site-packages/sklearn/impute/_base.py:647: UserWarning: Skipping features without any observed values: ['od_max_conf_drying_bed']. At least one non-missing value is needed for imputation with strategy='median'.
  warnings.warn(
/work/GRDVULN/tp_qa/correction/.venv/lib64/python3.11/site-packages/sklearn/impute/_base.py:647: UserWarning: Skipping features without any observed values: ['od_max_conf_drying_bed']. At least one non-missing value is needed for imputation with strategy='median'.
  warnings.warn(
/work/GRDVULN/tp_qa/correction/.venv/lib64/python3.11/site-packages/sklearn/impute/_base.py:647: UserWarning: Skipping features without any observed values: ['od_max_conf_drying_bed']. At least one non-missing value is needed for imputation with strategy='median'.
  warnings.warn(
/work/GRDVULN/tp_qa/correction/.venv/lib64/python3.11/site-packages/sklearn/impute/_base.py:647: UserWarning: Skipping features without any observed values: ['od_max_conf_drying_bed']. At least one non-missing value is needed for imputation with strategy='median'.
  warnings.warn(
/work/GRDVULN/tp_qa/correction/.venv/lib64/python3.11/site-packages/sklearn/impute/_base.py:647: UserWarning: Skipping features without any observed values: ['od_max_conf_drying_bed']. At least one non-missing value is needed for imputation with strategy='median'.
  warnings.warn(
/work/GRDVULN/tp_qa/correction/.venv/lib64/python3.11/site-packages/sklearn/impute/_base.py:647: UserWarning: Skipping features without any observed values: ['od_max_conf_drying_bed']. At least one non-missing value is needed for imputation with strategy='median'.
  warnings.warn(
/work/GRDVULN/tp_qa/correction/.venv/lib64/python3.11/site-packages/sklearn/impute/_base.py:647: UserWarning: Skipping features without any observed values: ['od_max_conf_drying_bed']. At least one non-missing value is needed for imputation with strategy='median'.
  warnings.warn(
/work/GRDVULN/tp_qa/correction/.venv/lib64/python3.11/site-packages/sklearn/impute/_base.py:647: UserWarning: Skipping features without any observed values: ['od_max_conf_drying_bed']. At least one non-missing value is needed for imputation with strategy='median'.
  warnings.warn(
/work/GRDVULN/tp_qa/correction/.venv/lib64/python3.11/site-packages/sklearn/impute/_base.py:647: UserWarning: Skipping features without any observed values: ['od_max_conf_drying_bed']. At least one non-missing value is needed for imputation with strategy='median'.
  warnings.warn(
/work/GRDVULN/tp_qa/correction/.venv/lib64/python3.11/site-packages/sklearn/impute/_base.py:647: UserWarning: Skipping features without any observed values: ['od_max_conf_drying_bed']. At least one non-missing value is needed for imputation with strategy='median'.
  warnings.warn(
/work/GRDVULN/tp_qa/correction/.venv/lib64/python3.11/site-packages/sklearn/impute/_base.py:647: UserWarning: Skipping features without any observed values: ['od_max_conf_drying_bed']. At least one non-missing value is needed for imputation with strategy='median'.
  warnings.warn(
/work/GRDVULN/tp_qa/correction/.venv/lib64/python3.11/site-packages/sklearn/impute/_base.py:647: UserWarning: Skipping features without any observed values: ['od_max_conf_drying_bed']. At least one non-missing value is needed for imputation with strategy='median'.
  warnings.warn(
/work/GRDVULN/tp_qa/correction/.venv/lib64/python3.11/site-packages/sklearn/impute/_base.py:647: UserWarning: Skipping features without any observed values: ['od_max_conf_drying_bed']. At least one non-missing value is needed for imputation with strategy='median'.
  warnings.warn(
/work/GRDVULN/tp_qa/correction/.venv/lib64/python3.11/site-packages/sklearn/impute/_base.py:647: UserWarning: Skipping features without any observed values: ['od_max_conf_drying_bed']. At least one non-missing value is needed for imputation with strategy='median'.
  warnings.warn(
/work/GRDVULN/tp_qa/correction/.venv/lib64/python3.11/site-packages/sklearn/impute/_base.py:647: UserWarning: Skipping features without any observed values: ['od_max_conf_drying_bed']. At least one non-missing value is needed for imputation with strategy='median'.
  warnings.warn(
/work/GRDVULN/tp_qa/correction/.venv/lib64/python3.11/site-packages/sklearn/impute/_base.py:647: UserWarning: Skipping features without any observed values: ['od_max_conf_drying_bed']. At least one non-missing value is needed for imputation with strategy='median'.
  warnings.warn(
/work/GRDVULN/tp_qa/correction/.venv/lib64/python3.11/site-packages/sklearn/impute/_base.py:647: UserWarning: Skipping features without any observed values: ['od_max_conf_drying_bed']. At least one non-missing value is needed for imputation with strategy='median'.
  warnings.warn(
/work/GRDVULN/tp_qa/correction/.venv/lib64/python3.11/site-packages/sklearn/impute/_base.py:647: UserWarning: Skipping features without any observed values: ['od_max_conf_drying_bed']. At least one non-missing value is needed for imputation with strategy='median'.
  warnings.warn(
/work/GRDVULN/tp_qa/correction/.venv/lib64/python3.11/site-packages/sklearn/impute/_base.py:647: UserWarning: Skipping features without any observed values: ['od_max_conf_drying_bed']. At least one non-missing value is needed for imputation with strategy='median'.
  warnings.warn(
/work/GRDVULN/tp_qa/correction/.venv/lib64/python3.11/site-packages/sklearn/impute/_base.py:647: UserWarning: Skipping features without any observed values: ['od_max_conf_drying_bed']. At least one non-missing value is needed for imputation with strategy='median'.
  warnings.warn(
/work/GRDVULN/tp_qa/correction/.venv/lib64/python3.11/site-packages/sklearn/impute/_base.py:647: UserWarning: Skipping features without any observed values: ['od_max_conf_drying_bed']. At least one non-missing value is needed for imputation with strategy='median'.
  warnings.warn(
/work/GRDVULN/tp_qa/correction/.venv/lib64/python3.11/site-packages/sklearn/impute/_base.py:647: UserWarning: Skipping features without any observed values: ['od_max_conf_drying_bed']. At least one non-missing value is needed for imputation with strategy='median'.
  warnings.warn(
/work/GRDVULN/tp_qa/correction/.venv/lib64/python3.11/site-packages/sklearn/impute/_base.py:647: UserWarning: Skipping features without any observed values: ['od_max_conf_drying_bed']. At least one non-missing value is needed for imputation with strategy='median'.
  warnings.warn(
/work/GRDVULN/tp_qa/correction/.venv/lib64/python3.11/site-packages/sklearn/impute/_base.py:647: UserWarning: Skipping features without any observed values: ['od_max_conf_drying_bed']. At least one non-missing value is needed for imputation with strategy='median'.
  warnings.warn(
/work/GRDVULN/tp_qa/correction/.venv/lib64/python3.11/site-packages/sklearn/impute/_base.py:647: UserWarning: Skipping features without any observed values: ['od_max_conf_drying_bed']. At least one non-missing value is needed for imputation with strategy='median'.
  warnings.warn(
/work/GRDVULN/tp_qa/correction/.venv/lib64/python3.11/site-packages/sklearn/impute/_base.py:647: UserWarning: Skipping features without any observed values: ['od_max_conf_drying_bed']. At least one non-missing value is needed for imputation with strategy='median'.
  warnings.warn(
/work/GRDVULN/tp_qa/correction/.venv/lib64/python3.11/site-packages/sklearn/impute/_base.py:647: UserWarning: Skipping features without any observed values: ['od_max_conf_drying_bed']. At least one non-missing value is needed for imputation with strategy='median'.
  warnings.warn(
/work/GRDVULN/tp_qa/correction/.venv/lib64/python3.11/site-packages/sklearn/impute/_base.py:647: UserWarning: Skipping features without any observed values: ['od_max_conf_drying_bed']. At least one non-missing value is needed for imputation with strategy='median'.
  warnings.warn(
/work/GRDVULN/tp_qa/correction/.venv/lib64/python3.11/site-packages/sklearn/impute/_base.py:647: UserWarning: Skipping features without any observed values: ['od_max_conf_drying_bed']. At least one non-missing value is needed for imputation with strategy='median'.
  warnings.warn(
/work/GRDVULN/tp_qa/correction/.venv/lib64/python3.11/site-packages/sklearn/impute/_base.py:647: UserWarning: Skipping features without any observed values: ['od_max_conf_drying_bed']. At least one non-missing value is needed for imputation with strategy='median'.
  warnings.warn(
/work/GRDVULN/tp_qa/correction/.venv/lib64/python3.11/site-packages/sklearn/impute/_base.py:647: UserWarning: Skipping features without any observed values: ['od_max_conf_drying_bed']. At least one non-missing value is needed for imputation with strategy='median'.
  warnings.warn(
/work/GRDVULN/tp_qa/correction/.venv/lib64/python3.11/site-packages/sklearn/impute/_base.py:647: UserWarning: Skipping features without any observed values: ['od_max_conf_drying_bed']. At least one non-missing value is needed for imputation with strategy='median'.
  warnings.warn(
/work/GRDVULN/tp_qa/correction/.venv/lib64/python3.11/site-packages/sklearn/impute/_base.py:647: UserWarning: Skipping features without any observed values: ['od_max_conf_drying_bed']. At least one non-missing value is needed for imputation with strategy='median'.
  warnings.warn(
/work/GRDVULN/tp_qa/correction/.venv/lib64/python3.11/site-packages/sklearn/impute/_base.py:647: UserWarning: Skipping features without any observed values: ['od_max_conf_drying_bed']. At least one non-missing value is needed for imputation with strategy='median'.
  warnings.warn(
/work/GRDVULN/tp_qa/correction/.venv/lib64/python3.11/site-packages/sklearn/impute/_base.py:647: UserWarning: Skipping features without any observed values: ['od_max_conf_drying_bed']. At least one non-missing value is needed for imputation with strategy='median'.
  warnings.warn(
/work/GRDVULN/tp_qa/correction/.venv/lib64/python3.11/site-packages/sklearn/impute/_base.py:647: UserWarning: Skipping features without any observed values: ['od_max_conf_drying_bed']. At least one non-missing value is needed for imputation with strategy='median'.
  warnings.warn(
/work/GRDVULN/tp_qa/correction/.venv/lib64/python3.11/site-packages/sklearn/impute/_base.py:647: UserWarning: Skipping features without any observed values: ['od_max_conf_drying_bed']. At least one non-missing value is needed for imputation with strategy='median'.
  warnings.warn(
/work/GRDVULN/tp_qa/correction/.venv/lib64/python3.11/site-packages/sklearn/impute/_base.py:647: UserWarning: Skipping features without any observed values: ['od_max_conf_drying_bed']. At least one non-missing value is needed for imputation with strategy='median'.
  warnings.warn(
/work/GRDVULN/tp_qa/correction/.venv/lib64/python3.11/site-packages/sklearn/impute/_base.py:647: UserWarning: Skipping features without any observed values: ['od_max_conf_drying_bed']. At least one non-missing value is needed for imputation with strategy='median'.
  warnings.warn(
/work/GRDVULN/tp_qa/correction/.venv/lib64/python3.11/site-packages/sklearn/impute/_base.py:647: UserWarning: Skipping features without any observed values: ['od_max_conf_drying_bed']. At least one non-missing value is needed for imputation with strategy='median'.
  warnings.warn(
/work/GRDVULN/tp_qa/correction/.venv/lib64/python3.11/site-packages/sklearn/impute/_base.py:647: UserWarning: Skipping features without any observed values: ['od_max_conf_drying_bed']. At least one non-missing value is needed for imputation with strategy='median'.
  warnings.warn(
/work/GRDVULN/tp_qa/correction/.venv/lib64/python3.11/site-packages/sklearn/impute/_base.py:647: UserWarning: Skipping features without any observed values: ['od_max_conf_drying_bed']. At least one non-missing value is needed for imputation with strategy='median'.
  warnings.warn(
/work/GRDVULN/tp_qa/correction/.venv/lib64/python3.11/site-packages/sklearn/impute/_base.py:647: UserWarning: Skipping features without any observed values: ['od_max_conf_drying_bed']. At least one non-missing value is needed for imputation with strategy='median'.
  warnings.warn(
/work/GRDVULN/tp_qa/correction/.venv/lib64/python3.11/site-packages/sklearn/impute/_base.py:647: UserWarning: Skipping features without any observed values: ['od_max_conf_drying_bed']. At least one non-missing value is needed for imputation with strategy='median'.
  warnings.warn(
/work/GRDVULN/tp_qa/correction/.venv/lib64/python3.11/site-packages/sklearn/impute/_base.py:647: UserWarning: Skipping features without any observed values: ['od_max_conf_drying_bed']. At least one non-missing value is needed for imputation with strategy='median'.
  warnings.warn(
/work/GRDVULN/tp_qa/correction/.venv/lib64/python3.11/site-packages/sklearn/impute/_base.py:647: UserWarning: Skipping features without any observed values: ['od_max_conf_drying_bed']. At least one non-missing value is needed for imputation with strategy='median'.
  warnings.warn(
/work/GRDVULN/tp_qa/correction/.venv/lib64/python3.11/site-packages/sklearn/impute/_base.py:647: UserWarning: Skipping features without any observed values: ['od_max_conf_drying_bed']. At least one non-missing value is needed for imputation with strategy='median'.
  warnings.warn(
/work/GRDVULN/tp_qa/correction/.venv/lib64/python3.11/site-packages/sklearn/impute/_base.py:647: UserWarning: Skipping features without any observed values: ['od_max_conf_drying_bed']. At least one non-missing value is needed for imputation with strategy='median'.
  warnings.warn(
/work/GRDVULN/tp_qa/correction/.venv/lib64/python3.11/site-packages/sklearn/impute/_base.py:647: UserWarning: Skipping features without any observed values: ['od_max_conf_drying_bed']. At least one non-missing value is needed for imputation with strategy='median'.
  warnings.warn(
/work/GRDVULN/tp_qa/correction/.venv/lib64/python3.11/site-packages/sklearn/impute/_base.py:647: UserWarning: Skipping features without any observed values: ['od_max_conf_drying_bed']. At least one non-missing value is needed for imputation with strategy='median'.
  warnings.warn(
/work/GRDVULN/tp_qa/correction/.venv/lib64/python3.11/site-packages/sklearn/impute/_base.py:647: UserWarning: Skipping features without any observed values: ['od_max_conf_drying_bed']. At least one non-missing value is needed for imputation with strategy='median'.
  warnings.warn(
/work/GRDVULN/tp_qa/correction/.venv/lib64/python3.11/site-packages/sklearn/impute/_base.py:647: UserWarning: Skipping features without any observed values: ['od_max_conf_drying_bed']. At least one non-missing value is needed for imputation with strategy='median'.
  warnings.warn(
/work/GRDVULN/tp_qa/correction/.venv/lib64/python3.11/site-packages/sklearn/impute/_base.py:647: UserWarning: Skipping features without any observed values: ['od_max_conf_drying_bed']. At least one non-missing value is needed for imputation with strategy='median'.
  warnings.warn(
/work/GRDVULN/tp_qa/correction/.venv/lib64/python3.11/site-packages/sklearn/impute/_base.py:647: UserWarning: Skipping features without any observed values: ['od_max_conf_drying_bed']. At least one non-missing value is needed for imputation with strategy='median'.
  warnings.warn(
/work/GRDVULN/tp_qa/correction/.venv/lib64/python3.11/site-packages/sklearn/impute/_base.py:647: UserWarning: Skipping features without any observed values: ['od_max_conf_drying_bed']. At least one non-missing value is needed for imputation with strategy='median'.
  warnings.warn(
/work/GRDVULN/tp_qa/correction/.venv/lib64/python3.11/site-packages/sklearn/impute/_base.py:647: UserWarning: Skipping features without any observed values: ['od_max_conf_drying_bed']. At least one non-missing value is needed for imputation with strategy='median'.
  warnings.warn(
/work/GRDVULN/tp_qa/correction/.venv/lib64/python3.11/site-packages/sklearn/impute/_base.py:647: UserWarning: Skipping features without any observed values: ['od_max_conf_drying_bed']. At least one non-missing value is needed for imputation with strategy='median'.
  warnings.warn(
/work/GRDVULN/tp_qa/correction/.venv/lib64/python3.11/site-packages/sklearn/impute/_base.py:647: UserWarning: Skipping features without any observed values: ['od_max_conf_drying_bed']. At least one non-missing value is needed for imputation with strategy='median'.
  warnings.warn(
/work/GRDVULN/tp_qa/correction/.venv/lib64/python3.11/site-packages/sklearn/impute/_base.py:647: UserWarning: Skipping features without any observed values: ['od_max_conf_drying_bed']. At least one non-missing value is needed for imputation with strategy='median'.
  warnings.warn(
/work/GRDVULN/tp_qa/correction/.venv/lib64/python3.11/site-packages/sklearn/impute/_base.py:647: UserWarning: Skipping features without any observed values: ['od_max_conf_drying_bed']. At least one non-missing value is needed for imputation with strategy='median'.
  warnings.warn(
/work/GRDVULN/tp_qa/correction/.venv/lib64/python3.11/site-packages/sklearn/impute/_base.py:647: UserWarning: Skipping features without any observed values: ['od_max_conf_drying_bed']. At least one non-missing value is needed for imputation with strategy='median'.
  warnings.warn(
/work/GRDVULN/tp_qa/correction/.venv/lib64/python3.11/site-packages/sklearn/impute/_base.py:647: UserWarning: Skipping features without any observed values: ['od_max_conf_drying_bed']. At least one non-missing value is needed for imputation with strategy='median'.
  warnings.warn(
/work/GRDVULN/tp_qa/correction/.venv/lib64/python3.11/site-packages/sklearn/impute/_base.py:647: UserWarning: Skipping features without any observed values: ['od_max_conf_drying_bed']. At least one non-missing value is needed for imputation with strategy='median'.
  warnings.warn(
/work/GRDVULN/tp_qa/correction/.venv/lib64/python3.11/site-packages/sklearn/impute/_base.py:647: UserWarning: Skipping features without any observed values: ['od_max_conf_drying_bed']. At least one non-missing value is needed for imputation with strategy='median'.
  warnings.warn(
/work/GRDVULN/tp_qa/correction/.venv/lib64/python3.11/site-packages/sklearn/impute/_base.py:647: UserWarning: Skipping features without any observed values: ['od_max_conf_drying_bed']. At least one non-missing value is needed for imputation with strategy='median'.
  warnings.warn(
/work/GRDVULN/tp_qa/correction/.venv/lib64/python3.11/site-packages/sklearn/impute/_base.py:647: UserWarning: Skipping features without any observed values: ['od_max_conf_drying_bed']. At least one non-missing value is needed for imputation with strategy='median'.
  warnings.warn(
/work/GRDVULN/tp_qa/correction/.venv/lib64/python3.11/site-packages/sklearn/impute/_base.py:647: UserWarning: Skipping features without any observed values: ['od_max_conf_drying_bed']. At least one non-missing value is needed for imputation with strategy='median'.
  warnings.warn(
/work/GRDVULN/tp_qa/correction/.venv/lib64/python3.11/site-packages/sklearn/impute/_base.py:647: UserWarning: Skipping features without any observed values: ['od_max_conf_drying_bed']. At least one non-missing value is needed for imputation with strategy='median'.
  warnings.warn(
/work/GRDVULN/tp_qa/correction/.venv/lib64/python3.11/site-packages/sklearn/impute/_base.py:647: UserWarning: Skipping features without any observed values: ['od_max_conf_drying_bed']. At least one non-missing value is needed for imputation with strategy='median'.
  warnings.warn(
/work/GRDVULN/tp_qa/correction/.venv/lib64/python3.11/site-packages/sklearn/impute/_base.py:647: UserWarning: Skipping features without any observed values: ['od_max_conf_drying_bed']. At least one non-missing value is needed for imputation with strategy='median'.
  warnings.warn(
/work/GRDVULN/tp_qa/correction/.venv/lib64/python3.11/site-packages/sklearn/impute/_base.py:647: UserWarning: Skipping features without any observed values: ['od_max_conf_drying_bed']. At least one non-missing value is needed for imputation with strategy='median'.
  warnings.warn(
/work/GRDVULN/tp_qa/correction/.venv/lib64/python3.11/site-packages/sklearn/impute/_base.py:647: UserWarning: Skipping features without any observed values: ['od_max_conf_drying_bed']. At least one non-missing value is needed for imputation with strategy='median'.
  warnings.warn(
/work/GRDVULN/tp_qa/correction/.venv/lib64/python3.11/site-packages/sklearn/impute/_base.py:647: UserWarning: Skipping features without any observed values: ['od_max_conf_drying_bed']. At least one non-missing value is needed for imputation with strategy='median'.
  warnings.warn(
/work/GRDVULN/tp_qa/correction/.venv/lib64/python3.11/site-packages/sklearn/impute/_base.py:647: UserWarning: Skipping features without any observed values: ['od_max_conf_drying_bed']. At least one non-missing value is needed for imputation with strategy='median'.
  warnings.warn(
/work/GRDVULN/tp_qa/correction/.venv/lib64/python3.11/site-packages/sklearn/impute/_base.py:647: UserWarning: Skipping features without any observed values: ['od_max_conf_drying_bed']. At least one non-missing value is needed for imputation with strategy='median'.
  warnings.warn(
/work/GRDVULN/tp_qa/correction/.venv/lib64/python3.11/site-packages/sklearn/impute/_base.py:647: UserWarning: Skipping features without any observed values: ['od_max_conf_drying_bed']. At least one non-missing value is needed for imputation with strategy='median'.
  warnings.warn(
/work/GRDVULN/tp_qa/correction/.venv/lib64/python3.11/site-packages/sklearn/impute/_base.py:647: UserWarning: Skipping features without any observed values: ['od_max_conf_drying_bed']. At least one non-missing value is needed for imputation with strategy='median'.
  warnings.warn(
/work/GRDVULN/tp_qa/correction/.venv/lib64/python3.11/site-packages/sklearn/impute/_base.py:647: UserWarning: Skipping features without any observed values: ['od_max_conf_drying_bed']. At least one non-missing value is needed for imputation with strategy='median'.
  warnings.warn(
/work/GRDVULN/tp_qa/correction/.venv/lib64/python3.11/site-packages/sklearn/impute/_base.py:647: UserWarning: Skipping features without any observed values: ['od_max_conf_drying_bed']. At least one non-missing value is needed for imputation with strategy='median'.
  warnings.warn(
/work/GRDVULN/tp_qa/correction/.venv/lib64/python3.11/site-packages/sklearn/impute/_base.py:647: UserWarning: Skipping features without any observed values: ['od_max_conf_drying_bed']. At least one non-missing value is needed for imputation with strategy='median'.
  warnings.warn(
/work/GRDVULN/tp_qa/correction/.venv/lib64/python3.11/site-packages/sklearn/impute/_base.py:647: UserWarning: Skipping features without any observed values: ['od_max_conf_drying_bed']. At least one non-missing value is needed for imputation with strategy='median'.
  warnings.warn(
/work/GRDVULN/tp_qa/correction/.venv/lib64/python3.11/site-packages/sklearn/impute/_base.py:647: UserWarning: Skipping features without any observed values: ['od_max_conf_drying_bed']. At least one non-missing value is needed for imputation with strategy='median'.
  warnings.warn(
/work/GRDVULN/tp_qa/correction/.venv/lib64/python3.11/site-packages/sklearn/impute/_base.py:647: UserWarning: Skipping features without any observed values: ['od_max_conf_drying_bed']. At least one non-missing value is needed for imputation with strategy='median'.
  warnings.warn(
/work/GRDVULN/tp_qa/correction/.venv/lib64/python3.11/site-packages/sklearn/impute/_base.py:647: UserWarning: Skipping features without any observed values: ['od_max_conf_drying_bed']. At least one non-missing value is needed for imputation with strategy='median'.
  warnings.warn(
/work/GRDVULN/tp_qa/correction/.venv/lib64/python3.11/site-packages/sklearn/impute/_base.py:647: UserWarning: Skipping features without any observed values: ['od_max_conf_drying_bed']. At least one non-missing value is needed for imputation with strategy='median'.
  warnings.warn(
/work/GRDVULN/tp_qa/correction/.venv/lib64/python3.11/site-packages/sklearn/impute/_base.py:647: UserWarning: Skipping features without any observed values: ['od_max_conf_drying_bed']. At least one non-missing value is needed for imputation with strategy='median'.
  warnings.warn(
/work/GRDVULN/tp_qa/correction/.venv/lib64/python3.11/site-packages/sklearn/impute/_base.py:647: UserWarning: Skipping features without any observed values: ['od_max_conf_drying_bed']. At least one non-missing value is needed for imputation with strategy='median'.
  warnings.warn(
/work/GRDVULN/tp_qa/correction/.venv/lib64/python3.11/site-packages/sklearn/impute/_base.py:647: UserWarning: Skipping features without any observed values: ['od_max_conf_drying_bed']. At least one non-missing value is needed for imputation with strategy='median'.
  warnings.warn(
/work/GRDVULN/tp_qa/correction/.venv/lib64/python3.11/site-packages/sklearn/impute/_base.py:647: UserWarning: Skipping features without any observed values: ['od_max_conf_drying_bed']. At least one non-missing value is needed for imputation with strategy='median'.
  warnings.warn(
/work/GRDVULN/tp_qa/correction/.venv/lib64/python3.11/site-packages/sklearn/impute/_base.py:647: UserWarning: Skipping features without any observed values: ['od_max_conf_drying_bed']. At least one non-missing value is needed for imputation with strategy='median'.
  warnings.warn(
/work/GRDVULN/tp_qa/correction/.venv/lib64/python3.11/site-packages/sklearn/impute/_base.py:647: UserWarning: Skipping features without any observed values: ['od_max_conf_drying_bed']. At least one non-missing value is needed for imputation with strategy='median'.
  warnings.warn(
/work/GRDVULN/tp_qa/correction/.venv/lib64/python3.11/site-packages/sklearn/impute/_base.py:647: UserWarning: Skipping features without any observed values: ['od_max_conf_drying_bed']. At least one non-missing value is needed for imputation with strategy='median'.
  warnings.warn(
/work/GRDVULN/tp_qa/correction/.venv/lib64/python3.11/site-packages/sklearn/impute/_base.py:647: UserWarning: Skipping features without any observed values: ['od_max_conf_drying_bed']. At least one non-missing value is needed for imputation with strategy='median'.
  warnings.warn(
/work/GRDVULN/tp_qa/correction/.venv/lib64/python3.11/site-packages/sklearn/impute/_base.py:647: UserWarning: Skipping features without any observed values: ['od_max_conf_drying_bed']. At least one non-missing value is needed for imputation with strategy='median'.
  warnings.warn(
/work/GRDVULN/tp_qa/correction/.venv/lib64/python3.11/site-packages/sklearn/impute/_base.py:647: UserWarning: Skipping features without any observed values: ['od_max_conf_drying_bed']. At least one non-missing value is needed for imputation with strategy='median'.
  warnings.warn(
/work/GRDVULN/tp_qa/correction/.venv/lib64/python3.11/site-packages/sklearn/impute/_base.py:647: UserWarning: Skipping features without any observed values: ['od_max_conf_drying_bed']. At least one non-missing value is needed for imputation with strategy='median'.
  warnings.warn(
/work/GRDVULN/tp_qa/correction/.venv/lib64/python3.11/site-packages/sklearn/impute/_base.py:647: UserWarning: Skipping features without any observed values: ['od_max_conf_drying_bed']. At least one non-missing value is needed for imputation with strategy='median'.
  warnings.warn(
/work/GRDVULN/tp_qa/correction/.venv/lib64/python3.11/site-packages/sklearn/impute/_base.py:647: UserWarning: Skipping features without any observed values: ['od_max_conf_drying_bed']. At least one non-missing value is needed for imputation with strategy='median'.
  warnings.warn(
/work/GRDVULN/tp_qa/correction/.venv/lib64/python3.11/site-packages/sklearn/impute/_base.py:647: UserWarning: Skipping features without any observed values: ['od_max_conf_drying_bed']. At least one non-missing value is needed for imputation with strategy='median'.
  warnings.warn(
/work/GRDVULN/tp_qa/correction/.venv/lib64/python3.11/site-packages/sklearn/impute/_base.py:647: UserWarning: Skipping features without any observed values: ['od_max_conf_drying_bed']. At least one non-missing value is needed for imputation with strategy='median'.
  warnings.warn(
/work/GRDVULN/tp_qa/correction/.venv/lib64/python3.11/site-packages/sklearn/impute/_base.py:647: UserWarning: Skipping features without any observed values: ['od_max_conf_drying_bed']. At least one non-missing value is needed for imputation with strategy='median'.
  warnings.warn(
/work/GRDVULN/tp_qa/correction/.venv/lib64/python3.11/site-packages/sklearn/impute/_base.py:647: UserWarning: Skipping features without any observed values: ['od_max_conf_drying_bed']. At least one non-missing value is needed for imputation with strategy='median'.
  warnings.warn(
/work/GRDVULN/tp_qa/correction/.venv/lib64/python3.11/site-packages/sklearn/impute/_base.py:647: UserWarning: Skipping features without any observed values: ['od_max_conf_drying_bed']. At least one non-missing value is needed for imputation with strategy='median'.
  warnings.warn(
/work/GRDVULN/tp_qa/correction/.venv/lib64/python3.11/site-packages/sklearn/impute/_base.py:647: UserWarning: Skipping features without any observed values: ['od_max_conf_drying_bed']. At least one non-missing value is needed for imputation with strategy='median'.
  warnings.warn(
/work/GRDVULN/tp_qa/correction/.venv/lib64/python3.11/site-packages/sklearn/impute/_base.py:647: UserWarning: Skipping features without any observed values: ['od_max_conf_drying_bed']. At least one non-missing value is needed for imputation with strategy='median'.
  warnings.warn(
/work/GRDVULN/tp_qa/correction/.venv/lib64/python3.11/site-packages/sklearn/impute/_base.py:647: UserWarning: Skipping features without any observed values: ['od_max_conf_drying_bed']. At least one non-missing value is needed for imputation with strategy='median'.
  warnings.warn(
/work/GRDVULN/tp_qa/correction/.venv/lib64/python3.11/site-packages/sklearn/impute/_base.py:647: UserWarning: Skipping features without any observed values: ['od_max_conf_drying_bed']. At least one non-missing value is needed for imputation with strategy='median'.
  warnings.warn(
/work/GRDVULN/tp_qa/correction/.venv/lib64/python3.11/site-packages/sklearn/impute/_base.py:647: UserWarning: Skipping features without any observed values: ['od_max_conf_drying_bed']. At least one non-missing value is needed for imputation with strategy='median'.
  warnings.warn(
/work/GRDVULN/tp_qa/correction/.venv/lib64/python3.11/site-packages/sklearn/impute/_base.py:647: UserWarning: Skipping features without any observed values: ['od_max_conf_drying_bed']. At least one non-missing value is needed for imputation with strategy='median'.
  warnings.warn(
/work/GRDVULN/tp_qa/correction/.venv/lib64/python3.11/site-packages/sklearn/impute/_base.py:647: UserWarning: Skipping features without any observed values: ['od_max_conf_drying_bed']. At least one non-missing value is needed for imputation with strategy='median'.
  warnings.warn(
/work/GRDVULN/tp_qa/correction/.venv/lib64/python3.11/site-packages/sklearn/impute/_base.py:647: UserWarning: Skipping features without any observed values: ['od_max_conf_drying_bed']. At least one non-missing value is needed for imputation with strategy='median'.
  warnings.warn(
/work/GRDVULN/tp_qa/correction/.venv/lib64/python3.11/site-packages/sklearn/impute/_base.py:647: UserWarning: Skipping features without any observed values: ['od_max_conf_drying_bed']. At least one non-missing value is needed for imputation with strategy='median'.
  warnings.warn(
/work/GRDVULN/tp_qa/correction/.venv/lib64/python3.11/site-packages/sklearn/impute/_base.py:647: UserWarning: Skipping features without any observed values: ['od_max_conf_drying_bed']. At least one non-missing value is needed for imputation with strategy='median'.
  warnings.warn(
/work/GRDVULN/tp_qa/correction/.venv/lib64/python3.11/site-packages/sklearn/impute/_base.py:647: UserWarning: Skipping features without any observed values: ['od_max_conf_drying_bed']. At least one non-missing value is needed for imputation with strategy='median'.
  warnings.warn(
/work/GRDVULN/tp_qa/correction/.venv/lib64/python3.11/site-packages/sklearn/impute/_base.py:647: UserWarning: Skipping features without any observed values: ['od_max_conf_drying_bed']. At least one non-missing value is needed for imputation with strategy='median'.
  warnings.warn(
/work/GRDVULN/tp_qa/correction/.venv/lib64/python3.11/site-packages/sklearn/impute/_base.py:647: UserWarning: Skipping features without any observed values: ['od_max_conf_drying_bed']. At least one non-missing value is needed for imputation with strategy='median'.
  warnings.warn(
/work/GRDVULN/tp_qa/correction/.venv/lib64/python3.11/site-packages/sklearn/impute/_base.py:647: UserWarning: Skipping features without any observed values: ['od_max_conf_drying_bed']. At least one non-missing value is needed for imputation with strategy='median'.
  warnings.warn(
/work/GRDVULN/tp_qa/correction/.venv/lib64/python3.11/site-packages/sklearn/impute/_base.py:647: UserWarning: Skipping features without any observed values: ['od_max_conf_drying_bed']. At least one non-missing value is needed for imputation with strategy='median'.
  warnings.warn(
/work/GRDVULN/tp_qa/correction/.venv/lib64/python3.11/site-packages/sklearn/impute/_base.py:647: UserWarning: Skipping features without any observed values: ['od_max_conf_drying_bed']. At least one non-missing value is needed for imputation with strategy='median'.
  warnings.warn(
/work/GRDVULN/tp_qa/correction/.venv/lib64/python3.11/site-packages/sklearn/impute/_base.py:647: UserWarning: Skipping features without any observed values: ['od_max_conf_drying_bed']. At least one non-missing value is needed for imputation with strategy='median'.
  warnings.warn(
/work/GRDVULN/tp_qa/correction/.venv/lib64/python3.11/site-packages/sklearn/impute/_base.py:647: UserWarning: Skipping features without any observed values: ['od_max_conf_drying_bed']. At least one non-missing value is needed for imputation with strategy='median'.
  warnings.warn(
/work/GRDVULN/tp_qa/correction/.venv/lib64/python3.11/site-packages/sklearn/impute/_base.py:647: UserWarning: Skipping features without any observed values: ['od_max_conf_drying_bed']. At least one non-missing value is needed for imputation with strategy='median'.
  warnings.warn(
/work/GRDVULN/tp_qa/correction/.venv/lib64/python3.11/site-packages/sklearn/impute/_base.py:647: UserWarning: Skipping features without any observed values: ['od_max_conf_drying_bed']. At least one non-missing value is needed for imputation with strategy='median'.
  warnings.warn(
/work/GRDVULN/tp_qa/correction/.venv/lib64/python3.11/site-packages/sklearn/impute/_base.py:647: UserWarning: Skipping features without any observed values: ['od_max_conf_drying_bed']. At least one non-missing value is needed for imputation with strategy='median'.
  warnings.warn(
/work/GRDVULN/tp_qa/correction/.venv/lib64/python3.11/site-packages/sklearn/impute/_base.py:647: UserWarning: Skipping features without any observed values: ['od_max_conf_drying_bed']. At least one non-missing value is needed for imputation with strategy='median'.
  warnings.warn(
/work/GRDVULN/tp_qa/correction/.venv/lib64/python3.11/site-packages/sklearn/impute/_base.py:647: UserWarning: Skipping features without any observed values: ['od_max_conf_drying_bed']. At least one non-missing value is needed for imputation with strategy='median'.
  warnings.warn(
/work/GRDVULN/tp_qa/correction/.venv/lib64/python3.11/site-packages/sklearn/impute/_base.py:647: UserWarning: Skipping features without any observed values: ['od_max_conf_drying_bed']. At least one non-missing value is needed for imputation with strategy='median'.
  warnings.warn(
/work/GRDVULN/tp_qa/correction/.venv/lib64/python3.11/site-packages/sklearn/impute/_base.py:647: UserWarning: Skipping features without any observed values: ['od_max_conf_drying_bed']. At least one non-missing value is needed for imputation with strategy='median'.
  warnings.warn(
/work/GRDVULN/tp_qa/correction/.venv/lib64/python3.11/site-packages/sklearn/impute/_base.py:647: UserWarning: Skipping features without any observed values: ['od_max_conf_drying_bed']. At least one non-missing value is needed for imputation with strategy='median'.
  warnings.warn(
/work/GRDVULN/tp_qa/correction/.venv/lib64/python3.11/site-packages/sklearn/impute/_base.py:647: UserWarning: Skipping features without any observed values: ['od_max_conf_drying_bed']. At least one non-missing value is needed for imputation with strategy='median'.
  warnings.warn(
/work/GRDVULN/tp_qa/correction/.venv/lib64/python3.11/site-packages/sklearn/impute/_base.py:647: UserWarning: Skipping features without any observed values: ['od_max_conf_drying_bed']. At least one non-missing value is needed for imputation with strategy='median'.
  warnings.warn(
/work/GRDVULN/tp_qa/correction/.venv/lib64/python3.11/site-packages/sklearn/impute/_base.py:647: UserWarning: Skipping features without any observed values: ['od_max_conf_drying_bed']. At least one non-missing value is needed for imputation with strategy='median'.
  warnings.warn(
/work/GRDVULN/tp_qa/correction/.venv/lib64/python3.11/site-packages/sklearn/impute/_base.py:647: UserWarning: Skipping features without any observed values: ['od_max_conf_drying_bed']. At least one non-missing value is needed for imputation with strategy='median'.
  warnings.warn(
/work/GRDVULN/tp_qa/correction/.venv/lib64/python3.11/site-packages/sklearn/impute/_base.py:647: UserWarning: Skipping features without any observed values: ['od_max_conf_drying_bed']. At least one non-missing value is needed for imputation with strategy='median'.
  warnings.warn(
/work/GRDVULN/tp_qa/correction/.venv/lib64/python3.11/site-packages/sklearn/impute/_base.py:647: UserWarning: Skipping features without any observed values: ['od_max_conf_drying_bed']. At least one non-missing value is needed for imputation with strategy='median'.
  warnings.warn(
/work/GRDVULN/tp_qa/correction/.venv/lib64/python3.11/site-packages/sklearn/impute/_base.py:647: UserWarning: Skipping features without any observed values: ['od_max_conf_drying_bed']. At least one non-missing value is needed for imputation with strategy='median'.
  warnings.warn(
/work/GRDVULN/tp_qa/correction/.venv/lib64/python3.11/site-packages/sklearn/impute/_base.py:647: UserWarning: Skipping features without any observed values: ['od_max_conf_drying_bed']. At least one non-missing value is needed for imputation with strategy='median'.
  warnings.warn(
/work/GRDVULN/tp_qa/correction/.venv/lib64/python3.11/site-packages/sklearn/impute/_base.py:647: UserWarning: Skipping features without any observed values: ['od_max_conf_drying_bed']. At least one non-missing value is needed for imputation with strategy='median'.
  warnings.warn(
/work/GRDVULN/tp_qa/correction/.venv/lib64/python3.11/site-packages/sklearn/impute/_base.py:647: UserWarning: Skipping features without any observed values: ['od_max_conf_drying_bed']. At least one non-missing value is needed for imputation with strategy='median'.
  warnings.warn(
/work/GRDVULN/tp_qa/correction/.venv/lib64/python3.11/site-packages/sklearn/impute/_base.py:647: UserWarning: Skipping features without any observed values: ['od_max_conf_drying_bed']. At least one non-missing value is needed for imputation with strategy='median'.
  warnings.warn(
/work/GRDVULN/tp_qa/correction/.venv/lib64/python3.11/site-packages/sklearn/impute/_base.py:647: UserWarning: Skipping features without any observed values: ['od_max_conf_drying_bed']. At least one non-missing value is needed for imputation with strategy='median'.
  warnings.warn(
/work/GRDVULN/tp_qa/correction/.venv/lib64/python3.11/site-packages/sklearn/impute/_base.py:647: UserWarning: Skipping features without any observed values: ['od_max_conf_drying_bed']. At least one non-missing value is needed for imputation with strategy='median'.
  warnings.warn(
/work/GRDVULN/tp_qa/correction/.venv/lib64/python3.11/site-packages/sklearn/impute/_base.py:647: UserWarning: Skipping features without any observed values: ['od_max_conf_drying_bed']. At least one non-missing value is needed for imputation with strategy='median'.
  warnings.warn(
/work/GRDVULN/tp_qa/correction/.venv/lib64/python3.11/site-packages/sklearn/impute/_base.py:647: UserWarning: Skipping features without any observed values: ['od_max_conf_drying_bed']. At least one non-missing value is needed for imputation with strategy='median'.
  warnings.warn(
/work/GRDVULN/tp_qa/correction/.venv/lib64/python3.11/site-packages/sklearn/impute/_base.py:647: UserWarning: Skipping features without any observed values: ['od_max_conf_drying_bed']. At least one non-missing value is needed for imputation with strategy='median'.
  warnings.warn(
/work/GRDVULN/tp_qa/correction/.venv/lib64/python3.11/site-packages/sklearn/impute/_base.py:647: UserWarning: Skipping features without any observed values: ['od_max_conf_drying_bed']. At least one non-missing value is needed for imputation with strategy='median'.
  warnings.warn(
/work/GRDVULN/tp_qa/correction/.venv/lib64/python3.11/site-packages/sklearn/impute/_base.py:647: UserWarning: Skipping features without any observed values: ['od_max_conf_drying_bed']. At least one non-missing value is needed for imputation with strategy='median'.
  warnings.warn(
/work/GRDVULN/tp_qa/correction/.venv/lib64/python3.11/site-packages/sklearn/impute/_base.py:647: UserWarning: Skipping features without any observed values: ['od_max_conf_drying_bed']. At least one non-missing value is needed for imputation with strategy='median'.
  warnings.warn(
/work/GRDVULN/tp_qa/correction/.venv/lib64/python3.11/site-packages/sklearn/impute/_base.py:647: UserWarning: Skipping features without any observed values: ['od_max_conf_drying_bed']. At least one non-missing value is needed for imputation with strategy='median'.
  warnings.warn(
/work/GRDVULN/tp_qa/correction/.venv/lib64/python3.11/site-packages/sklearn/impute/_base.py:647: UserWarning: Skipping features without any observed values: ['od_max_conf_drying_bed']. At least one non-missing value is needed for imputation with strategy='median'.
  warnings.warn(
/work/GRDVULN/tp_qa/correction/.venv/lib64/python3.11/site-packages/sklearn/impute/_base.py:647: UserWarning: Skipping features without any observed values: ['od_max_conf_drying_bed']. At least one non-missing value is needed for imputation with strategy='median'.
  warnings.warn(
/work/GRDVULN/tp_qa/correction/.venv/lib64/python3.11/site-packages/sklearn/impute/_base.py:647: UserWarning: Skipping features without any observed values: ['od_max_conf_drying_bed']. At least one non-missing value is needed for imputation with strategy='median'.
  warnings.warn(
/work/GRDVULN/tp_qa/correction/.venv/lib64/python3.11/site-packages/sklearn/impute/_base.py:647: UserWarning: Skipping features without any observed values: ['od_max_conf_drying_bed']. At least one non-missing value is needed for imputation with strategy='median'.
  warnings.warn(
/work/GRDVULN/tp_qa/correction/.venv/lib64/python3.11/site-packages/sklearn/impute/_base.py:647: UserWarning: Skipping features without any observed values: ['od_max_conf_drying_bed']. At least one non-missing value is needed for imputation with strategy='median'.
  warnings.warn(
/work/GRDVULN/tp_qa/correction/.venv/lib64/python3.11/site-packages/sklearn/impute/_base.py:647: UserWarning: Skipping features without any observed values: ['od_max_conf_drying_bed']. At least one non-missing value is needed for imputation with strategy='median'.
  warnings.warn(
/work/GRDVULN/tp_qa/correction/.venv/lib64/python3.11/site-packages/sklearn/impute/_base.py:647: UserWarning: Skipping features without any observed values: ['od_max_conf_drying_bed']. At least one non-missing value is needed for imputation with strategy='median'.
  warnings.warn(
/work/GRDVULN/tp_qa/correction/.venv/lib64/python3.11/site-packages/sklearn/impute/_base.py:647: UserWarning: Skipping features without any observed values: ['od_max_conf_drying_bed']. At least one non-missing value is needed for imputation with strategy='median'.
  warnings.warn(
/work/GRDVULN/tp_qa/correction/.venv/lib64/python3.11/site-packages/sklearn/impute/_base.py:647: UserWarning: Skipping features without any observed values: ['od_max_conf_drying_bed']. At least one non-missing value is needed for imputation with strategy='median'.
  warnings.warn(
/work/GRDVULN/tp_qa/correction/.venv/lib64/python3.11/site-packages/sklearn/impute/_base.py:647: UserWarning: Skipping features without any observed values: ['od_max_conf_drying_bed']. At least one non-missing value is needed for imputation with strategy='median'.
  warnings.warn(
/work/GRDVULN/tp_qa/correction/.venv/lib64/python3.11/site-packages/sklearn/impute/_base.py:647: UserWarning: Skipping features without any observed values: ['od_max_conf_drying_bed']. At least one non-missing value is needed for imputation with strategy='median'.
  warnings.warn(
/work/GRDVULN/tp_qa/correction/.venv/lib64/python3.11/site-packages/sklearn/impute/_base.py:647: UserWarning: Skipping features without any observed values: ['od_max_conf_drying_bed']. At least one non-missing value is needed for imputation with strategy='median'.
  warnings.warn(
/work/GRDVULN/tp_qa/correction/.venv/lib64/python3.11/site-packages/sklearn/impute/_base.py:647: UserWarning: Skipping features without any observed values: ['od_max_conf_drying_bed']. At least one non-missing value is needed for imputation with strategy='median'.
  warnings.warn(
/work/GRDVULN/tp_qa/correction/.venv/lib64/python3.11/site-packages/sklearn/impute/_base.py:647: UserWarning: Skipping features without any observed values: ['od_max_conf_drying_bed']. At least one non-missing value is needed for imputation with strategy='median'.
  warnings.warn(
/work/GRDVULN/tp_qa/correction/.venv/lib64/python3.11/site-packages/sklearn/impute/_base.py:647: UserWarning: Skipping features without any observed values: ['od_max_conf_drying_bed']. At least one non-missing value is needed for imputation with strategy='median'.
  warnings.warn(
/work/GRDVULN/tp_qa/correction/.venv/lib64/python3.11/site-packages/sklearn/impute/_base.py:647: UserWarning: Skipping features without any observed values: ['od_max_conf_drying_bed']. At least one non-missing value is needed for imputation with strategy='median'.
  warnings.warn(
/work/GRDVULN/tp_qa/correction/.venv/lib64/python3.11/site-packages/sklearn/impute/_base.py:647: UserWarning: Skipping features without any observed values: ['od_max_conf_drying_bed']. At least one non-missing value is needed for imputation with strategy='median'.
  warnings.warn(
/work/GRDVULN/tp_qa/correction/.venv/lib64/python3.11/site-packages/sklearn/impute/_base.py:647: UserWarning: Skipping features without any observed values: ['od_max_conf_drying_bed']. At least one non-missing value is needed for imputation with strategy='median'.
  warnings.warn(
/work/GRDVULN/tp_qa/correction/.venv/lib64/python3.11/site-packages/sklearn/impute/_base.py:647: UserWarning: Skipping features without any observed values: ['od_max_conf_drying_bed']. At least one non-missing value is needed for imputation with strategy='median'.
  warnings.warn(
/work/GRDVULN/tp_qa/correction/.venv/lib64/python3.11/site-packages/sklearn/impute/_base.py:647: UserWarning: Skipping features without any observed values: ['od_max_conf_drying_bed']. At least one non-missing value is needed for imputation with strategy='median'.
  warnings.warn(
/work/GRDVULN/tp_qa/correction/.venv/lib64/python3.11/site-packages/sklearn/impute/_base.py:647: UserWarning: Skipping features without any observed values: ['od_max_conf_drying_bed']. At least one non-missing value is needed for imputation with strategy='median'.
  warnings.warn(
/work/GRDVULN/tp_qa/correction/.venv/lib64/python3.11/site-packages/sklearn/impute/_base.py:647: UserWarning: Skipping features without any observed values: ['od_max_conf_drying_bed']. At least one non-missing value is needed for imputation with strategy='median'.
  warnings.warn(
/work/GRDVULN/tp_qa/correction/.venv/lib64/python3.11/site-packages/sklearn/impute/_base.py:647: UserWarning: Skipping features without any observed values: ['od_max_conf_drying_bed']. At least one non-missing value is needed for imputation with strategy='median'.
  warnings.warn(
/work/GRDVULN/tp_qa/correction/.venv/lib64/python3.11/site-packages/sklearn/impute/_base.py:647: UserWarning: Skipping features without any observed values: ['od_max_conf_drying_bed']. At least one non-missing value is needed for imputation with strategy='median'.
  warnings.warn(
/work/GRDVULN/tp_qa/correction/.venv/lib64/python3.11/site-packages/sklearn/impute/_base.py:647: UserWarning: Skipping features without any observed values: ['od_max_conf_drying_bed']. At least one non-missing value is needed for imputation with strategy='median'.
  warnings.warn(
/work/GRDVULN/tp_qa/correction/.venv/lib64/python3.11/site-packages/sklearn/impute/_base.py:647: UserWarning: Skipping features without any observed values: ['od_max_conf_drying_bed']. At least one non-missing value is needed for imputation with strategy='median'.
  warnings.warn(
/work/GRDVULN/tp_qa/correction/.venv/lib64/python3.11/site-packages/sklearn/impute/_base.py:647: UserWarning: Skipping features without any observed values: ['od_max_conf_drying_bed']. At least one non-missing value is needed for imputation with strategy='median'.
  warnings.warn(
/work/GRDVULN/tp_qa/correction/.venv/lib64/python3.11/site-packages/sklearn/impute/_base.py:647: UserWarning: Skipping features without any observed values: ['od_max_conf_drying_bed']. At least one non-missing value is needed for imputation with strategy='median'.
  warnings.warn(
/work/GRDVULN/tp_qa/correction/.venv/lib64/python3.11/site-packages/sklearn/impute/_base.py:647: UserWarning: Skipping features without any observed values: ['od_max_conf_drying_bed']. At least one non-missing value is needed for imputation with strategy='median'.
  warnings.warn(
/work/GRDVULN/tp_qa/correction/.venv/lib64/python3.11/site-packages/sklearn/impute/_base.py:647: UserWarning: Skipping features without any observed values: ['od_max_conf_drying_bed']. At least one non-missing value is needed for imputation with strategy='median'.
  warnings.warn(
/work/GRDVULN/tp_qa/correction/.venv/lib64/python3.11/site-packages/sklearn/impute/_base.py:647: UserWarning: Skipping features without any observed values: ['od_max_conf_drying_bed']. At least one non-missing value is needed for imputation with strategy='median'.
  warnings.warn(
/work/GRDVULN/tp_qa/correction/.venv/lib64/python3.11/site-packages/sklearn/impute/_base.py:647: UserWarning: Skipping features without any observed values: ['od_max_conf_drying_bed']. At least one non-missing value is needed for imputation with strategy='median'.
  warnings.warn(
/work/GRDVULN/tp_qa/correction/.venv/lib64/python3.11/site-packages/sklearn/impute/_base.py:647: UserWarning: Skipping features without any observed values: ['od_max_conf_drying_bed']. At least one non-missing value is needed for imputation with strategy='median'.
  warnings.warn(
/work/GRDVULN/tp_qa/correction/.venv/lib64/python3.11/site-packages/sklearn/impute/_base.py:647: UserWarning: Skipping features without any observed values: ['od_max_conf_drying_bed']. At least one non-missing value is needed for imputation with strategy='median'.
  warnings.warn(
/work/GRDVULN/tp_qa/correction/.venv/lib64/python3.11/site-packages/sklearn/impute/_base.py:647: UserWarning: Skipping features without any observed values: ['od_max_conf_drying_bed']. At least one non-missing value is needed for imputation with strategy='median'.
  warnings.warn(
/work/GRDVULN/tp_qa/correction/.venv/lib64/python3.11/site-packages/sklearn/impute/_base.py:647: UserWarning: Skipping features without any observed values: ['od_max_conf_drying_bed']. At least one non-missing value is needed for imputation with strategy='median'.
  warnings.warn(
/work/GRDVULN/tp_qa/correction/.venv/lib64/python3.11/site-packages/sklearn/impute/_base.py:647: UserWarning: Skipping features without any observed values: ['od_max_conf_drying_bed']. At least one non-missing value is needed for imputation with strategy='median'.
  warnings.warn(
/work/GRDVULN/tp_qa/correction/.venv/lib64/python3.11/site-packages/sklearn/impute/_base.py:647: UserWarning: Skipping features without any observed values: ['od_max_conf_drying_bed']. At least one non-missing value is needed for imputation with strategy='median'.
  warnings.warn(
/work/GRDVULN/tp_qa/correction/.venv/lib64/python3.11/site-packages/sklearn/impute/_base.py:647: UserWarning: Skipping features without any observed values: ['od_max_conf_drying_bed']. At least one non-missing value is needed for imputation with strategy='median'.
  warnings.warn(
/work/GRDVULN/tp_qa/correction/.venv/lib64/python3.11/site-packages/sklearn/impute/_base.py:647: UserWarning: Skipping features without any observed values: ['od_max_conf_drying_bed']. At least one non-missing value is needed for imputation with strategy='median'.
  warnings.warn(
/work/GRDVULN/tp_qa/correction/.venv/lib64/python3.11/site-packages/sklearn/impute/_base.py:647: UserWarning: Skipping features without any observed values: ['od_max_conf_drying_bed']. At least one non-missing value is needed for imputation with strategy='median'.
  warnings.warn(
/work/GRDVULN/tp_qa/correction/.venv/lib64/python3.11/site-packages/sklearn/impute/_base.py:647: UserWarning: Skipping features without any observed values: ['od_max_conf_drying_bed']. At least one non-missing value is needed for imputation with strategy='median'.
  warnings.warn(
/work/GRDVULN/tp_qa/correction/.venv/lib64/python3.11/site-packages/sklearn/impute/_base.py:647: UserWarning: Skipping features without any observed values: ['od_max_conf_drying_bed']. At least one non-missing value is needed for imputation with strategy='median'.
  warnings.warn(
/work/GRDVULN/tp_qa/correction/.venv/lib64/python3.11/site-packages/sklearn/impute/_base.py:647: UserWarning: Skipping features without any observed values: ['od_max_conf_drying_bed']. At least one non-missing value is needed for imputation with strategy='median'.
  warnings.warn(
/work/GRDVULN/tp_qa/correction/.venv/lib64/python3.11/site-packages/sklearn/impute/_base.py:647: UserWarning: Skipping features without any observed values: ['od_max_conf_drying_bed']. At least one non-missing value is needed for imputation with strategy='median'.
  warnings.warn(
/work/GRDVULN/tp_qa/correction/.venv/lib64/python3.11/site-packages/sklearn/impute/_base.py:647: UserWarning: Skipping features without any observed values: ['od_max_conf_drying_bed']. At least one non-missing value is needed for imputation with strategy='median'.
  warnings.warn(
/work/GRDVULN/tp_qa/correction/.venv/lib64/python3.11/site-packages/sklearn/impute/_base.py:647: UserWarning: Skipping features without any observed values: ['od_max_conf_drying_bed']. At least one non-missing value is needed for imputation with strategy='median'.
  warnings.warn(
/work/GRDVULN/tp_qa/correction/.venv/lib64/python3.11/site-packages/sklearn/impute/_base.py:647: UserWarning: Skipping features without any observed values: ['od_max_conf_drying_bed']. At least one non-missing value is needed for imputation with strategy='median'.
  warnings.warn(
/work/GRDVULN/tp_qa/correction/.venv/lib64/python3.11/site-packages/sklearn/impute/_base.py:647: UserWarning: Skipping features without any observed values: ['od_max_conf_drying_bed']. At least one non-missing value is needed for imputation with strategy='median'.
  warnings.warn(
/work/GRDVULN/tp_qa/correction/.venv/lib64/python3.11/site-packages/sklearn/impute/_base.py:647: UserWarning: Skipping features without any observed values: ['od_max_conf_drying_bed']. At least one non-missing value is needed for imputation with strategy='median'.
  warnings.warn(
/work/GRDVULN/tp_qa/correction/.venv/lib64/python3.11/site-packages/sklearn/impute/_base.py:647: UserWarning: Skipping features without any observed values: ['od_max_conf_drying_bed']. At least one non-missing value is needed for imputation with strategy='median'.
  warnings.warn(
/work/GRDVULN/tp_qa/correction/.venv/lib64/python3.11/site-packages/sklearn/impute/_base.py:647: UserWarning: Skipping features without any observed values: ['od_max_conf_drying_bed']. At least one non-missing value is needed for imputation with strategy='median'.
  warnings.warn(
/work/GRDVULN/tp_qa/correction/.venv/lib64/python3.11/site-packages/sklearn/impute/_base.py:647: UserWarning: Skipping features without any observed values: ['od_max_conf_drying_bed']. At least one non-missing value is needed for imputation with strategy='median'.
  warnings.warn(
/work/GRDVULN/tp_qa/correction/.venv/lib64/python3.11/site-packages/sklearn/impute/_base.py:647: UserWarning: Skipping features without any observed values: ['od_max_conf_drying_bed']. At least one non-missing value is needed for imputation with strategy='median'.
  warnings.warn(
/work/GRDVULN/tp_qa/correction/.venv/lib64/python3.11/site-packages/sklearn/impute/_base.py:647: UserWarning: Skipping features without any observed values: ['od_max_conf_drying_bed']. At least one non-missing value is needed for imputation with strategy='median'.
  warnings.warn(
/work/GRDVULN/tp_qa/correction/.venv/lib64/python3.11/site-packages/sklearn/impute/_base.py:647: UserWarning: Skipping features without any observed values: ['od_max_conf_drying_bed']. At least one non-missing value is needed for imputation with strategy='median'.
  warnings.warn(
/work/GRDVULN/tp_qa/correction/.venv/lib64/python3.11/site-packages/sklearn/impute/_base.py:647: UserWarning: Skipping features without any observed values: ['od_max_conf_drying_bed']. At least one non-missing value is needed for imputation with strategy='median'.
  warnings.warn(
/work/GRDVULN/tp_qa/correction/.venv/lib64/python3.11/site-packages/sklearn/impute/_base.py:647: UserWarning: Skipping features without any observed values: ['od_max_conf_drying_bed']. At least one non-missing value is needed for imputation with strategy='median'.
  warnings.warn(
/work/GRDVULN/tp_qa/correction/.venv/lib64/python3.11/site-packages/sklearn/impute/_base.py:647: UserWarning: Skipping features without any observed values: ['od_max_conf_drying_bed']. At least one non-missing value is needed for imputation with strategy='median'.
  warnings.warn(
/work/GRDVULN/tp_qa/correction/.venv/lib64/python3.11/site-packages/sklearn/impute/_base.py:647: UserWarning: Skipping features without any observed values: ['od_max_conf_drying_bed']. At least one non-missing value is needed for imputation with strategy='median'.
  warnings.warn(
/work/GRDVULN/tp_qa/correction/.venv/lib64/python3.11/site-packages/sklearn/impute/_base.py:647: UserWarning: Skipping features without any observed values: ['od_max_conf_drying_bed']. At least one non-missing value is needed for imputation with strategy='median'.
  warnings.warn(
/work/GRDVULN/tp_qa/correction/.venv/lib64/python3.11/site-packages/sklearn/impute/_base.py:647: UserWarning: Skipping features without any observed values: ['od_max_conf_drying_bed']. At least one non-missing value is needed for imputation with strategy='median'.
  warnings.warn(
/work/GRDVULN/tp_qa/correction/.venv/lib64/python3.11/site-packages/sklearn/impute/_base.py:647: UserWarning: Skipping features without any observed values: ['od_max_conf_drying_bed']. At least one non-missing value is needed for imputation with strategy='median'.
  warnings.warn(
/work/GRDVULN/tp_qa/correction/.venv/lib64/python3.11/site-packages/sklearn/impute/_base.py:647: UserWarning: Skipping features without any observed values: ['od_max_conf_drying_bed']. At least one non-missing value is needed for imputation with strategy='median'.
  warnings.warn(
/work/GRDVULN/tp_qa/correction/.venv/lib64/python3.11/site-packages/sklearn/impute/_base.py:647: UserWarning: Skipping features without any observed values: ['od_max_conf_drying_bed']. At least one non-missing value is needed for imputation with strategy='median'.
  warnings.warn(
/work/GRDVULN/tp_qa/correction/.venv/lib64/python3.11/site-packages/sklearn/impute/_base.py:647: UserWarning: Skipping features without any observed values: ['od_max_conf_drying_bed']. At least one non-missing value is needed for imputation with strategy='median'.
  warnings.warn(
/work/GRDVULN/tp_qa/correction/.venv/lib64/python3.11/site-packages/sklearn/impute/_base.py:647: UserWarning: Skipping features without any observed values: ['od_max_conf_drying_bed']. At least one non-missing value is needed for imputation with strategy='median'.
  warnings.warn(
/work/GRDVULN/tp_qa/correction/.venv/lib64/python3.11/site-packages/sklearn/impute/_base.py:647: UserWarning: Skipping features without any observed values: ['od_max_conf_drying_bed']. At least one non-missing value is needed for imputation with strategy='median'.
  warnings.warn(
/work/GRDVULN/tp_qa/correction/.venv/lib64/python3.11/site-packages/sklearn/impute/_base.py:647: UserWarning: Skipping features without any observed values: ['od_max_conf_drying_bed']. At least one non-missing value is needed for imputation with strategy='median'.
  warnings.warn(
/work/GRDVULN/tp_qa/correction/.venv/lib64/python3.11/site-packages/sklearn/impute/_base.py:647: UserWarning: Skipping features without any observed values: ['od_max_conf_drying_bed']. At least one non-missing value is needed for imputation with strategy='median'.
  warnings.warn(
/work/GRDVULN/tp_qa/correction/.venv/lib64/python3.11/site-packages/sklearn/impute/_base.py:647: UserWarning: Skipping features without any observed values: ['od_max_conf_drying_bed']. At least one non-missing value is needed for imputation with strategy='median'.
  warnings.warn(
/work/GRDVULN/tp_qa/correction/.venv/lib64/python3.11/site-packages/sklearn/impute/_base.py:647: UserWarning: Skipping features without any observed values: ['od_max_conf_drying_bed']. At least one non-missing value is needed for imputation with strategy='median'.
  warnings.warn(
/work/GRDVULN/tp_qa/correction/.venv/lib64/python3.11/site-packages/sklearn/impute/_base.py:647: UserWarning: Skipping features without any observed values: ['od_max_conf_drying_bed']. At least one non-missing value is needed for imputation with strategy='median'.
  warnings.warn(
/work/GRDVULN/tp_qa/correction/.venv/lib64/python3.11/site-packages/sklearn/impute/_base.py:647: UserWarning: Skipping features without any observed values: ['od_max_conf_drying_bed']. At least one non-missing value is needed for imputation with strategy='median'.
  warnings.warn(
/work/GRDVULN/tp_qa/correction/.venv/lib64/python3.11/site-packages/sklearn/impute/_base.py:647: UserWarning: Skipping features without any observed values: ['od_max_conf_drying_bed']. At least one non-missing value is needed for imputation with strategy='median'.
  warnings.warn(
/work/GRDVULN/tp_qa/correction/.venv/lib64/python3.11/site-packages/sklearn/impute/_base.py:647: UserWarning: Skipping features without any observed values: ['od_max_conf_drying_bed']. At least one non-missing value is needed for imputation with strategy='median'.
  warnings.warn(
/work/GRDVULN/tp_qa/correction/.venv/lib64/python3.11/site-packages/sklearn/impute/_base.py:647: UserWarning: Skipping features without any observed values: ['od_max_conf_drying_bed']. At least one non-missing value is needed for imputation with strategy='median'.
  warnings.warn(
/work/GRDVULN/tp_qa/correction/.venv/lib64/python3.11/site-packages/sklearn/impute/_base.py:647: UserWarning: Skipping features without any observed values: ['od_max_conf_drying_bed']. At least one non-missing value is needed for imputation with strategy='median'.
  warnings.warn(
/work/GRDVULN/tp_qa/correction/.venv/lib64/python3.11/site-packages/sklearn/impute/_base.py:647: UserWarning: Skipping features without any observed values: ['od_max_conf_drying_bed']. At least one non-missing value is needed for imputation with strategy='median'.
  warnings.warn(
/work/GRDVULN/tp_qa/correction/.venv/lib64/python3.11/site-packages/sklearn/impute/_base.py:647: UserWarning: Skipping features without any observed values: ['od_max_conf_drying_bed']. At least one non-missing value is needed for imputation with strategy='median'.
  warnings.warn(
/work/GRDVULN/tp_qa/correction/.venv/lib64/python3.11/site-packages/sklearn/impute/_base.py:647: UserWarning: Skipping features without any observed values: ['od_max_conf_drying_bed']. At least one non-missing value is needed for imputation with strategy='median'.
  warnings.warn(
/work/GRDVULN/tp_qa/correction/.venv/lib64/python3.11/site-packages/sklearn/impute/_base.py:647: UserWarning: Skipping features without any observed values: ['od_max_conf_drying_bed']. At least one non-missing value is needed for imputation with strategy='median'.
  warnings.warn(
/work/GRDVULN/tp_qa/correction/.venv/lib64/python3.11/site-packages/sklearn/impute/_base.py:647: UserWarning: Skipping features without any observed values: ['od_max_conf_drying_bed']. At least one non-missing value is needed for imputation with strategy='median'.
  warnings.warn(
/work/GRDVULN/tp_qa/correction/.venv/lib64/python3.11/site-packages/sklearn/impute/_base.py:647: UserWarning: Skipping features without any observed values: ['od_max_conf_drying_bed']. At least one non-missing value is needed for imputation with strategy='median'.
  warnings.warn(
/work/GRDVULN/tp_qa/correction/.venv/lib64/python3.11/site-packages/sklearn/impute/_base.py:647: UserWarning: Skipping features without any observed values: ['od_max_conf_drying_bed']. At least one non-missing value is needed for imputation with strategy='median'.
  warnings.warn(
/work/GRDVULN/tp_qa/correction/.venv/lib64/python3.11/site-packages/sklearn/impute/_base.py:647: UserWarning: Skipping features without any observed values: ['od_max_conf_drying_bed']. At least one non-missing value is needed for imputation with strategy='median'.
  warnings.warn(
/work/GRDVULN/tp_qa/correction/.venv/lib64/python3.11/site-packages/sklearn/impute/_base.py:647: UserWarning: Skipping features without any observed values: ['od_max_conf_drying_bed']. At least one non-missing value is needed for imputation with strategy='median'.
  warnings.warn(
/work/GRDVULN/tp_qa/correction/.venv/lib64/python3.11/site-packages/sklearn/impute/_base.py:647: UserWarning: Skipping features without any observed values: ['od_max_conf_drying_bed']. At least one non-missing value is needed for imputation with strategy='median'.
  warnings.warn(
/work/GRDVULN/tp_qa/correction/.venv/lib64/python3.11/site-packages/sklearn/impute/_base.py:647: UserWarning: Skipping features without any observed values: ['od_max_conf_drying_bed']. At least one non-missing value is needed for imputation with strategy='median'.
  warnings.warn(
/work/GRDVULN/tp_qa/correction/.venv/lib64/python3.11/site-packages/sklearn/impute/_base.py:647: UserWarning: Skipping features without any observed values: ['od_max_conf_drying_bed']. At least one non-missing value is needed for imputation with strategy='median'.
  warnings.warn(
/work/GRDVULN/tp_qa/correction/.venv/lib64/python3.11/site-packages/sklearn/impute/_base.py:647: UserWarning: Skipping features without any observed values: ['od_max_conf_drying_bed']. At least one non-missing value is needed for imputation with strategy='median'.
  warnings.warn(
/work/GRDVULN/tp_qa/correction/.venv/lib64/python3.11/site-packages/sklearn/impute/_base.py:647: UserWarning: Skipping features without any observed values: ['od_max_conf_drying_bed']. At least one non-missing value is needed for imputation with strategy='median'.
  warnings.warn(
/work/GRDVULN/tp_qa/correction/.venv/lib64/python3.11/site-packages/sklearn/impute/_base.py:647: UserWarning: Skipping features without any observed values: ['od_max_conf_drying_bed']. At least one non-missing value is needed for imputation with strategy='median'.
  warnings.warn(
/work/GRDVULN/tp_qa/correction/.venv/lib64/python3.11/site-packages/sklearn/impute/_base.py:647: UserWarning: Skipping features without any observed values: ['od_max_conf_drying_bed']. At least one non-missing value is needed for imputation with strategy='median'.
  warnings.warn(
/work/GRDVULN/tp_qa/correction/.venv/lib64/python3.11/site-packages/sklearn/impute/_base.py:647: UserWarning: Skipping features without any observed values: ['od_max_conf_drying_bed']. At least one non-missing value is needed for imputation with strategy='median'.
  warnings.warn(
/work/GRDVULN/tp_qa/correction/.venv/lib64/python3.11/site-packages/sklearn/impute/_base.py:647: UserWarning: Skipping features without any observed values: ['od_max_conf_drying_bed']. At least one non-missing value is needed for imputation with strategy='median'.
  warnings.warn(
/work/GRDVULN/tp_qa/correction/.venv/lib64/python3.11/site-packages/sklearn/impute/_base.py:647: UserWarning: Skipping features without any observed values: ['od_max_conf_drying_bed']. At least one non-missing value is needed for imputation with strategy='median'.
  warnings.warn(
/work/GRDVULN/tp_qa/correction/.venv/lib64/python3.11/site-packages/sklearn/impute/_base.py:647: UserWarning: Skipping features without any observed values: ['od_max_conf_drying_bed']. At least one non-missing value is needed for imputation with strategy='median'.
  warnings.warn(
/work/GRDVULN/tp_qa/correction/.venv/lib64/python3.11/site-packages/sklearn/impute/_base.py:647: UserWarning: Skipping features without any observed values: ['od_max_conf_drying_bed']. At least one non-missing value is needed for imputation with strategy='median'.
  warnings.warn(
/work/GRDVULN/tp_qa/correction/.venv/lib64/python3.11/site-packages/sklearn/impute/_base.py:647: UserWarning: Skipping features without any observed values: ['od_max_conf_drying_bed']. At least one non-missing value is needed for imputation with strategy='median'.
  warnings.warn(
/work/GRDVULN/tp_qa/correction/.venv/lib64/python3.11/site-packages/sklearn/impute/_base.py:647: UserWarning: Skipping features without any observed values: ['od_max_conf_drying_bed']. At least one non-missing value is needed for imputation with strategy='median'.
  warnings.warn(
/work/GRDVULN/tp_qa/correction/.venv/lib64/python3.11/site-packages/sklearn/impute/_base.py:647: UserWarning: Skipping features without any observed values: ['od_max_conf_drying_bed']. At least one non-missing value is needed for imputation with strategy='median'.
  warnings.warn(
/work/GRDVULN/tp_qa/correction/.venv/lib64/python3.11/site-packages/sklearn/impute/_base.py:647: UserWarning: Skipping features without any observed values: ['od_max_conf_drying_bed']. At least one non-missing value is needed for imputation with strategy='median'.
  warnings.warn(
/work/GRDVULN/tp_qa/correction/.venv/lib64/python3.11/site-packages/sklearn/impute/_base.py:647: UserWarning: Skipping features without any observed values: ['od_max_conf_drying_bed']. At least one non-missing value is needed for imputation with strategy='median'.
  warnings.warn(
/work/GRDVULN/tp_qa/correction/.venv/lib64/python3.11/site-packages/sklearn/impute/_base.py:647: UserWarning: Skipping features without any observed values: ['od_max_conf_drying_bed']. At least one non-missing value is needed for imputation with strategy='median'.
  warnings.warn(
/work/GRDVULN/tp_qa/correction/.venv/lib64/python3.11/site-packages/sklearn/impute/_base.py:647: UserWarning: Skipping features without any observed values: ['od_max_conf_drying_bed']. At least one non-missing value is needed for imputation with strategy='median'.
  warnings.warn(
/work/GRDVULN/tp_qa/correction/.venv/lib64/python3.11/site-packages/sklearn/impute/_base.py:647: UserWarning: Skipping features without any observed values: ['od_max_conf_drying_bed']. At least one non-missing value is needed for imputation with strategy='median'.
  warnings.warn(
/work/GRDVULN/tp_qa/correction/.venv/lib64/python3.11/site-packages/sklearn/impute/_base.py:647: UserWarning: Skipping features without any observed values: ['od_max_conf_drying_bed']. At least one non-missing value is needed for imputation with strategy='median'.
  warnings.warn(
/work/GRDVULN/tp_qa/correction/.venv/lib64/python3.11/site-packages/sklearn/impute/_base.py:647: UserWarning: Skipping features without any observed values: ['od_max_conf_drying_bed']. At least one non-missing value is needed for imputation with strategy='median'.
  warnings.warn(
/work/GRDVULN/tp_qa/correction/.venv/lib64/python3.11/site-packages/sklearn/impute/_base.py:647: UserWarning: Skipping features without any observed values: ['od_max_conf_drying_bed']. At least one non-missing value is needed for imputation with strategy='median'.
  warnings.warn(
/work/GRDVULN/tp_qa/correction/.venv/lib64/python3.11/site-packages/sklearn/impute/_base.py:647: UserWarning: Skipping features without any observed values: ['od_max_conf_drying_bed']. At least one non-missing value is needed for imputation with strategy='median'.
  warnings.warn(
/work/GRDVULN/tp_qa/correction/.venv/lib64/python3.11/site-packages/sklearn/impute/_base.py:647: UserWarning: Skipping features without any observed values: ['od_max_conf_drying_bed']. At least one non-missing value is needed for imputation with strategy='median'.
  warnings.warn(
/work/GRDVULN/tp_qa/correction/.venv/lib64/python3.11/site-packages/sklearn/impute/_base.py:647: UserWarning: Skipping features without any observed values: ['od_max_conf_drying_bed']. At least one non-missing value is needed for imputation with strategy='median'.
  warnings.warn(
/work/GRDVULN/tp_qa/correction/.venv/lib64/python3.11/site-packages/sklearn/impute/_base.py:647: UserWarning: Skipping features without any observed values: ['od_max_conf_drying_bed']. At least one non-missing value is needed for imputation with strategy='median'.
  warnings.warn(
/work/GRDVULN/tp_qa/correction/.venv/lib64/python3.11/site-packages/sklearn/impute/_base.py:647: UserWarning: Skipping features without any observed values: ['od_max_conf_drying_bed']. At least one non-missing value is needed for imputation with strategy='median'.
  warnings.warn(
/work/GRDVULN/tp_qa/correction/.venv/lib64/python3.11/site-packages/sklearn/impute/_base.py:647: UserWarning: Skipping features without any observed values: ['od_max_conf_drying_bed']. At least one non-missing value is needed for imputation with strategy='median'.
  warnings.warn(
/work/GRDVULN/tp_qa/correction/.venv/lib64/python3.11/site-packages/sklearn/impute/_base.py:647: UserWarning: Skipping features without any observed values: ['od_max_conf_drying_bed']. At least one non-missing value is needed for imputation with strategy='median'.
  warnings.warn(
/work/GRDVULN/tp_qa/correction/.venv/lib64/python3.11/site-packages/sklearn/impute/_base.py:647: UserWarning: Skipping features without any observed values: ['od_max_conf_drying_bed']. At least one non-missing value is needed for imputation with strategy='median'.
  warnings.warn(
/work/GRDVULN/tp_qa/correction/.venv/lib64/python3.11/site-packages/sklearn/impute/_base.py:647: UserWarning: Skipping features without any observed values: ['od_max_conf_drying_bed']. At least one non-missing value is needed for imputation with strategy='median'.
  warnings.warn(
/work/GRDVULN/tp_qa/correction/.venv/lib64/python3.11/site-packages/sklearn/impute/_base.py:647: UserWarning: Skipping features without any observed values: ['od_max_conf_drying_bed']. At least one non-missing value is needed for imputation with strategy='median'.
  warnings.warn(
/work/GRDVULN/tp_qa/correction/.venv/lib64/python3.11/site-packages/sklearn/impute/_base.py:647: UserWarning: Skipping features without any observed values: ['od_max_conf_drying_bed']. At least one non-missing value is needed for imputation with strategy='median'.
  warnings.warn(
/work/GRDVULN/tp_qa/correction/.venv/lib64/python3.11/site-packages/sklearn/impute/_base.py:647: UserWarning: Skipping features without any observed values: ['od_max_conf_drying_bed']. At least one non-missing value is needed for imputation with strategy='median'.
  warnings.warn(
/work/GRDVULN/tp_qa/correction/.venv/lib64/python3.11/site-packages/sklearn/impute/_base.py:647: UserWarning: Skipping features without any observed values: ['od_max_conf_drying_bed']. At least one non-missing value is needed for imputation with strategy='median'.
  warnings.warn(
/work/GRDVULN/tp_qa/correction/.venv/lib64/python3.11/site-packages/sklearn/impute/_base.py:647: UserWarning: Skipping features without any observed values: ['od_max_conf_drying_bed']. At least one non-missing value is needed for imputation with strategy='median'.
  warnings.warn(
/work/GRDVULN/tp_qa/correction/.venv/lib64/python3.11/site-packages/sklearn/impute/_base.py:647: UserWarning: Skipping features without any observed values: ['od_max_conf_drying_bed']. At least one non-missing value is needed for imputation with strategy='median'.
  warnings.warn(
/work/GRDVULN/tp_qa/correction/.venv/lib64/python3.11/site-packages/sklearn/impute/_base.py:647: UserWarning: Skipping features without any observed values: ['od_max_conf_drying_bed']. At least one non-missing value is needed for imputation with strategy='median'.
  warnings.warn(
/work/GRDVULN/tp_qa/correction/.venv/lib64/python3.11/site-packages/sklearn/impute/_base.py:647: UserWarning: Skipping features without any observed values: ['od_max_conf_drying_bed']. At least one non-missing value is needed for imputation with strategy='median'.
  warnings.warn(
/work/GRDVULN/tp_qa/correction/.venv/lib64/python3.11/site-packages/sklearn/impute/_base.py:647: UserWarning: Skipping features without any observed values: ['od_max_conf_drying_bed']. At least one non-missing value is needed for imputation with strategy='median'.
  warnings.warn(
/work/GRDVULN/tp_qa/correction/.venv/lib64/python3.11/site-packages/sklearn/impute/_base.py:647: UserWarning: Skipping features without any observed values: ['od_max_conf_drying_bed']. At least one non-missing value is needed for imputation with strategy='median'.
  warnings.warn(
/work/GRDVULN/tp_qa/correction/.venv/lib64/python3.11/site-packages/sklearn/impute/_base.py:647: UserWarning: Skipping features without any observed values: ['od_max_conf_drying_bed']. At least one non-missing value is needed for imputation with strategy='median'.
  warnings.warn(
/work/GRDVULN/tp_qa/correction/.venv/lib64/python3.11/site-packages/sklearn/impute/_base.py:647: UserWarning: Skipping features without any observed values: ['od_max_conf_drying_bed']. At least one non-missing value is needed for imputation with strategy='median'.
  warnings.warn(
/work/GRDVULN/tp_qa/correction/.venv/lib64/python3.11/site-packages/sklearn/impute/_base.py:647: UserWarning: Skipping features without any observed values: ['od_max_conf_drying_bed']. At least one non-missing value is needed for imputation with strategy='median'.
  warnings.warn(
/work/GRDVULN/tp_qa/correction/.venv/lib64/python3.11/site-packages/sklearn/impute/_base.py:647: UserWarning: Skipping features without any observed values: ['od_max_conf_drying_bed']. At least one non-missing value is needed for imputation with strategy='median'.
  warnings.warn(
/work/GRDVULN/tp_qa/correction/.venv/lib64/python3.11/site-packages/sklearn/impute/_base.py:647: UserWarning: Skipping features without any observed values: ['od_max_conf_drying_bed']. At least one non-missing value is needed for imputation with strategy='median'.
  warnings.warn(
/work/GRDVULN/tp_qa/correction/.venv/lib64/python3.11/site-packages/sklearn/impute/_base.py:647: UserWarning: Skipping features without any observed values: ['od_max_conf_drying_bed']. At least one non-missing value is needed for imputation with strategy='median'.
  warnings.warn(
/work/GRDVULN/tp_qa/correction/.venv/lib64/python3.11/site-packages/sklearn/impute/_base.py:647: UserWarning: Skipping features without any observed values: ['od_max_conf_drying_bed']. At least one non-missing value is needed for imputation with strategy='median'.
  warnings.warn(
/work/GRDVULN/tp_qa/correction/.venv/lib64/python3.11/site-packages/sklearn/impute/_base.py:647: UserWarning: Skipping features without any observed values: ['od_max_conf_drying_bed']. At least one non-missing value is needed for imputation with strategy='median'.
  warnings.warn(
/work/GRDVULN/tp_qa/correction/.venv/lib64/python3.11/site-packages/sklearn/impute/_base.py:647: UserWarning: Skipping features without any observed values: ['od_max_conf_drying_bed']. At least one non-missing value is needed for imputation with strategy='median'.
  warnings.warn(
/work/GRDVULN/tp_qa/correction/.venv/lib64/python3.11/site-packages/sklearn/impute/_base.py:647: UserWarning: Skipping features without any observed values: ['od_max_conf_drying_bed']. At least one non-missing value is needed for imputation with strategy='median'.
  warnings.warn(
/work/GRDVULN/tp_qa/correction/.venv/lib64/python3.11/site-packages/sklearn/impute/_base.py:647: UserWarning: Skipping features without any observed values: ['od_max_conf_drying_bed']. At least one non-missing value is needed for imputation with strategy='median'.
  warnings.warn(
/work/GRDVULN/tp_qa/correction/.venv/lib64/python3.11/site-packages/sklearn/impute/_base.py:647: UserWarning: Skipping features without any observed values: ['od_max_conf_drying_bed']. At least one non-missing value is needed for imputation with strategy='median'.
  warnings.warn(
/work/GRDVULN/tp_qa/correction/.venv/lib64/python3.11/site-packages/sklearn/impute/_base.py:647: UserWarning: Skipping features without any observed values: ['od_max_conf_drying_bed']. At least one non-missing value is needed for imputation with strategy='median'.
  warnings.warn(
/work/GRDVULN/tp_qa/correction/.venv/lib64/python3.11/site-packages/sklearn/impute/_base.py:647: UserWarning: Skipping features without any observed values: ['od_max_conf_drying_bed']. At least one non-missing value is needed for imputation with strategy='median'.
  warnings.warn(
/work/GRDVULN/tp_qa/correction/.venv/lib64/python3.11/site-packages/sklearn/impute/_base.py:647: UserWarning: Skipping features without any observed values: ['od_max_conf_drying_bed']. At least one non-missing value is needed for imputation with strategy='median'.
  warnings.warn(
/work/GRDVULN/tp_qa/correction/.venv/lib64/python3.11/site-packages/sklearn/impute/_base.py:647: UserWarning: Skipping features without any observed values: ['od_max_conf_drying_bed']. At least one non-missing value is needed for imputation with strategy='median'.
  warnings.warn(
/work/GRDVULN/tp_qa/correction/.venv/lib64/python3.11/site-packages/sklearn/impute/_base.py:647: UserWarning: Skipping features without any observed values: ['od_max_conf_drying_bed']. At least one non-missing value is needed for imputation with strategy='median'.
  warnings.warn(
/work/GRDVULN/tp_qa/correction/.venv/lib64/python3.11/site-packages/sklearn/impute/_base.py:647: UserWarning: Skipping features without any observed values: ['od_max_conf_drying_bed']. At least one non-missing value is needed for imputation with strategy='median'.
  warnings.warn(
/work/GRDVULN/tp_qa/correction/.venv/lib64/python3.11/site-packages/sklearn/impute/_base.py:647: UserWarning: Skipping features without any observed values: ['od_max_conf_drying_bed']. At least one non-missing value is needed for imputation with strategy='median'.
  warnings.warn(
/work/GRDVULN/tp_qa/correction/.venv/lib64/python3.11/site-packages/sklearn/impute/_base.py:647: UserWarning: Skipping features without any observed values: ['od_max_conf_drying_bed']. At least one non-missing value is needed for imputation with strategy='median'.
  warnings.warn(
/work/GRDVULN/tp_qa/correction/.venv/lib64/python3.11/site-packages/sklearn/impute/_base.py:647: UserWarning: Skipping features without any observed values: ['od_max_conf_drying_bed']. At least one non-missing value is needed for imputation with strategy='median'.
  warnings.warn(
/work/GRDVULN/tp_qa/correction/.venv/lib64/python3.11/site-packages/sklearn/impute/_base.py:647: UserWarning: Skipping features without any observed values: ['od_max_conf_drying_bed']. At least one non-missing value is needed for imputation with strategy='median'.
  warnings.warn(
/work/GRDVULN/tp_qa/correction/.venv/lib64/python3.11/site-packages/sklearn/impute/_base.py:647: UserWarning: Skipping features without any observed values: ['od_max_conf_drying_bed']. At least one non-missing value is needed for imputation with strategy='median'.
  warnings.warn(
/work/GRDVULN/tp_qa/correction/.venv/lib64/python3.11/site-packages/sklearn/impute/_base.py:647: UserWarning: Skipping features without any observed values: ['od_max_conf_drying_bed']. At least one non-missing value is needed for imputation with strategy='median'.
  warnings.warn(
/work/GRDVULN/tp_qa/correction/.venv/lib64/python3.11/site-packages/sklearn/impute/_base.py:647: UserWarning: Skipping features without any observed values: ['od_max_conf_drying_bed']. At least one non-missing value is needed for imputation with strategy='median'.
  warnings.warn(
/work/GRDVULN/tp_qa/correction/.venv/lib64/python3.11/site-packages/sklearn/impute/_base.py:647: UserWarning: Skipping features without any observed values: ['od_max_conf_drying_bed']. At least one non-missing value is needed for imputation with strategy='median'.
  warnings.warn(
/work/GRDVULN/tp_qa/correction/.venv/lib64/python3.11/site-packages/sklearn/impute/_base.py:647: UserWarning: Skipping features without any observed values: ['od_max_conf_drying_bed']. At least one non-missing value is needed for imputation with strategy='median'.
  warnings.warn(
/work/GRDVULN/tp_qa/correction/.venv/lib64/python3.11/site-packages/sklearn/impute/_base.py:647: UserWarning: Skipping features without any observed values: ['od_max_conf_drying_bed']. At least one non-missing value is needed for imputation with strategy='median'.
  warnings.warn(
/work/GRDVULN/tp_qa/correction/.venv/lib64/python3.11/site-packages/sklearn/impute/_base.py:647: UserWarning: Skipping features without any observed values: ['od_max_conf_drying_bed']. At least one non-missing value is needed for imputation with strategy='median'.
  warnings.warn(
/work/GRDVULN/tp_qa/correction/.venv/lib64/python3.11/site-packages/sklearn/impute/_base.py:647: UserWarning: Skipping features without any observed values: ['od_max_conf_drying_bed']. At least one non-missing value is needed for imputation with strategy='median'.
  warnings.warn(
/work/GRDVULN/tp_qa/correction/.venv/lib64/python3.11/site-packages/sklearn/impute/_base.py:647: UserWarning: Skipping features without any observed values: ['od_max_conf_drying_bed']. At least one non-missing value is needed for imputation with strategy='median'.
  warnings.warn(
/work/GRDVULN/tp_qa/correction/.venv/lib64/python3.11/site-packages/sklearn/impute/_base.py:647: UserWarning: Skipping features without any observed values: ['od_max_conf_drying_bed']. At least one non-missing value is needed for imputation with strategy='median'.
  warnings.warn(
/work/GRDVULN/tp_qa/correction/.venv/lib64/python3.11/site-packages/sklearn/impute/_base.py:647: UserWarning: Skipping features without any observed values: ['od_max_conf_drying_bed']. At least one non-missing value is needed for imputation with strategy='median'.
  warnings.warn(
/work/GRDVULN/tp_qa/correction/.venv/lib64/python3.11/site-packages/sklearn/impute/_base.py:647: UserWarning: Skipping features without any observed values: ['od_max_conf_drying_bed']. At least one non-missing value is needed for imputation with strategy='median'.
  warnings.warn(
/work/GRDVULN/tp_qa/correction/.venv/lib64/python3.11/site-packages/sklearn/impute/_base.py:647: UserWarning: Skipping features without any observed values: ['od_max_conf_drying_bed']. At least one non-missing value is needed for imputation with strategy='median'.
  warnings.warn(
/work/GRDVULN/tp_qa/correction/.venv/lib64/python3.11/site-packages/sklearn/impute/_base.py:647: UserWarning: Skipping features without any observed values: ['od_max_conf_drying_bed']. At least one non-missing value is needed for imputation with strategy='median'.
  warnings.warn(
/work/GRDVULN/tp_qa/correction/.venv/lib64/python3.11/site-packages/sklearn/impute/_base.py:647: UserWarning: Skipping features without any observed values: ['od_max_conf_drying_bed']. At least one non-missing value is needed for imputation with strategy='median'.
  warnings.warn(
/work/GRDVULN/tp_qa/correction/.venv/lib64/python3.11/site-packages/sklearn/impute/_base.py:647: UserWarning: Skipping features without any observed values: ['od_max_conf_drying_bed']. At least one non-missing value is needed for imputation with strategy='median'.
  warnings.warn(
/work/GRDVULN/tp_qa/correction/.venv/lib64/python3.11/site-packages/sklearn/impute/_base.py:647: UserWarning: Skipping features without any observed values: ['od_max_conf_drying_bed']. At least one non-missing value is needed for imputation with strategy='median'.
  warnings.warn(
/work/GRDVULN/tp_qa/correction/.venv/lib64/python3.11/site-packages/sklearn/impute/_base.py:647: UserWarning: Skipping features without any observed values: ['od_max_conf_drying_bed']. At least one non-missing value is needed for imputation with strategy='median'.
  warnings.warn(
/work/GRDVULN/tp_qa/correction/.venv/lib64/python3.11/site-packages/sklearn/impute/_base.py:647: UserWarning: Skipping features without any observed values: ['od_max_conf_drying_bed']. At least one non-missing value is needed for imputation with strategy='median'.
  warnings.warn(
/work/GRDVULN/tp_qa/correction/.venv/lib64/python3.11/site-packages/sklearn/impute/_base.py:647: UserWarning: Skipping features without any observed values: ['od_max_conf_drying_bed']. At least one non-missing value is needed for imputation with strategy='median'.
  warnings.warn(
/work/GRDVULN/tp_qa/correction/.venv/lib64/python3.11/site-packages/sklearn/impute/_base.py:647: UserWarning: Skipping features without any observed values: ['od_max_conf_drying_bed']. At least one non-missing value is needed for imputation with strategy='median'.
  warnings.warn(
/work/GRDVULN/tp_qa/correction/.venv/lib64/python3.11/site-packages/sklearn/impute/_base.py:647: UserWarning: Skipping features without any observed values: ['od_max_conf_drying_bed']. At least one non-missing value is needed for imputation with strategy='median'.
  warnings.warn(
/work/GRDVULN/tp_qa/correction/.venv/lib64/python3.11/site-packages/sklearn/impute/_base.py:647: UserWarning: Skipping features without any observed values: ['od_max_conf_drying_bed']. At least one non-missing value is needed for imputation with strategy='median'.
  warnings.warn(
/work/GRDVULN/tp_qa/correction/.venv/lib64/python3.11/site-packages/sklearn/impute/_base.py:647: UserWarning: Skipping features without any observed values: ['od_max_conf_drying_bed']. At least one non-missing value is needed for imputation with strategy='median'.
  warnings.warn(
/work/GRDVULN/tp_qa/correction/.venv/lib64/python3.11/site-packages/sklearn/impute/_base.py:647: UserWarning: Skipping features without any observed values: ['od_max_conf_drying_bed']. At least one non-missing value is needed for imputation with strategy='median'.
  warnings.warn(
/work/GRDVULN/tp_qa/correction/.venv/lib64/python3.11/site-packages/sklearn/impute/_base.py:647: UserWarning: Skipping features without any observed values: ['od_max_conf_drying_bed']. At least one non-missing value is needed for imputation with strategy='median'.
  warnings.warn(
/work/GRDVULN/tp_qa/correction/.venv/lib64/python3.11/site-packages/sklearn/impute/_base.py:647: UserWarning: Skipping features without any observed values: ['od_max_conf_drying_bed']. At least one non-missing value is needed for imputation with strategy='median'.
  warnings.warn(
/work/GRDVULN/tp_qa/correction/.venv/lib64/python3.11/site-packages/sklearn/impute/_base.py:647: UserWarning: Skipping features without any observed values: ['od_max_conf_drying_bed']. At least one non-missing value is needed for imputation with strategy='median'.
  warnings.warn(
/work/GRDVULN/tp_qa/correction/.venv/lib64/python3.11/site-packages/sklearn/impute/_base.py:647: UserWarning: Skipping features without any observed values: ['od_max_conf_drying_bed']. At least one non-missing value is needed for imputation with strategy='median'.
  warnings.warn(
/work/GRDVULN/tp_qa/correction/.venv/lib64/python3.11/site-packages/sklearn/impute/_base.py:647: UserWarning: Skipping features without any observed values: ['od_max_conf_drying_bed']. At least one non-missing value is needed for imputation with strategy='median'.
  warnings.warn(
/work/GRDVULN/tp_qa/correction/.venv/lib64/python3.11/site-packages/sklearn/impute/_base.py:647: UserWarning: Skipping features without any observed values: ['od_max_conf_drying_bed']. At least one non-missing value is needed for imputation with strategy='median'.
  warnings.warn(
/work/GRDVULN/tp_qa/correction/.venv/lib64/python3.11/site-packages/sklearn/impute/_base.py:647: UserWarning: Skipping features without any observed values: ['od_max_conf_drying_bed']. At least one non-missing value is needed for imputation with strategy='median'.
  warnings.warn(
/work/GRDVULN/tp_qa/correction/.venv/lib64/python3.11/site-packages/sklearn/impute/_base.py:647: UserWarning: Skipping features without any observed values: ['od_max_conf_drying_bed']. At least one non-missing value is needed for imputation with strategy='median'.
  warnings.warn(
/work/GRDVULN/tp_qa/correction/.venv/lib64/python3.11/site-packages/sklearn/impute/_base.py:647: UserWarning: Skipping features without any observed values: ['od_max_conf_drying_bed']. At least one non-missing value is needed for imputation with strategy='median'.
  warnings.warn(
/work/GRDVULN/tp_qa/correction/.venv/lib64/python3.11/site-packages/sklearn/impute/_base.py:647: UserWarning: Skipping features without any observed values: ['od_max_conf_drying_bed']. At least one non-missing value is needed for imputation with strategy='median'.
  warnings.warn(
/work/GRDVULN/tp_qa/correction/.venv/lib64/python3.11/site-packages/sklearn/impute/_base.py:647: UserWarning: Skipping features without any observed values: ['od_max_conf_drying_bed']. At least one non-missing value is needed for imputation with strategy='median'.
  warnings.warn(
/work/GRDVULN/tp_qa/correction/.venv/lib64/python3.11/site-packages/sklearn/impute/_base.py:647: UserWarning: Skipping features without any observed values: ['od_max_conf_drying_bed']. At least one non-missing value is needed for imputation with strategy='median'.
  warnings.warn(
/work/GRDVULN/tp_qa/correction/.venv/lib64/python3.11/site-packages/sklearn/impute/_base.py:647: UserWarning: Skipping features without any observed values: ['od_max_conf_drying_bed']. At least one non-missing value is needed for imputation with strategy='median'.
  warnings.warn(
/work/GRDVULN/tp_qa/correction/.venv/lib64/python3.11/site-packages/sklearn/impute/_base.py:647: UserWarning: Skipping features without any observed values: ['od_max_conf_drying_bed']. At least one non-missing value is needed for imputation with strategy='median'.
  warnings.warn(
/work/GRDVULN/tp_qa/correction/.venv/lib64/python3.11/site-packages/sklearn/impute/_base.py:647: UserWarning: Skipping features without any observed values: ['od_max_conf_drying_bed']. At least one non-missing value is needed for imputation with strategy='median'.
  warnings.warn(
/work/GRDVULN/tp_qa/correction/.venv/lib64/python3.11/site-packages/sklearn/impute/_base.py:647: UserWarning: Skipping features without any observed values: ['od_max_conf_drying_bed']. At least one non-missing value is needed for imputation with strategy='median'.
  warnings.warn(
/work/GRDVULN/tp_qa/correction/.venv/lib64/python3.11/site-packages/sklearn/impute/_base.py:647: UserWarning: Skipping features without any observed values: ['od_max_conf_drying_bed']. At least one non-missing value is needed for imputation with strategy='median'.
  warnings.warn(
/work/GRDVULN/tp_qa/correction/.venv/lib64/python3.11/site-packages/sklearn/impute/_base.py:647: UserWarning: Skipping features without any observed values: ['od_max_conf_drying_bed']. At least one non-missing value is needed for imputation with strategy='median'.
  warnings.warn(
/work/GRDVULN/tp_qa/correction/.venv/lib64/python3.11/site-packages/sklearn/impute/_base.py:647: UserWarning: Skipping features without any observed values: ['od_max_conf_drying_bed']. At least one non-missing value is needed for imputation with strategy='median'.
  warnings.warn(
/work/GRDVULN/tp_qa/correction/.venv/lib64/python3.11/site-packages/sklearn/impute/_base.py:647: UserWarning: Skipping features without any observed values: ['od_max_conf_drying_bed']. At least one non-missing value is needed for imputation with strategy='median'.
  warnings.warn(
/work/GRDVULN/tp_qa/correction/.venv/lib64/python3.11/site-packages/sklearn/impute/_base.py:647: UserWarning: Skipping features without any observed values: ['od_max_conf_drying_bed']. At least one non-missing value is needed for imputation with strategy='median'.
  warnings.warn(
/work/GRDVULN/tp_qa/correction/.venv/lib64/python3.11/site-packages/sklearn/impute/_base.py:647: UserWarning: Skipping features without any observed values: ['od_max_conf_drying_bed']. At least one non-missing value is needed for imputation with strategy='median'.
  warnings.warn(
/work/GRDVULN/tp_qa/correction/.venv/lib64/python3.11/site-packages/sklearn/impute/_base.py:647: UserWarning: Skipping features without any observed values: ['od_max_conf_drying_bed']. At least one non-missing value is needed for imputation with strategy='median'.
  warnings.warn(
/work/GRDVULN/tp_qa/correction/.venv/lib64/python3.11/site-packages/sklearn/impute/_base.py:647: UserWarning: Skipping features without any observed values: ['od_max_conf_drying_bed']. At least one non-missing value is needed for imputation with strategy='median'.
  warnings.warn(
/work/GRDVULN/tp_qa/correction/.venv/lib64/python3.11/site-packages/sklearn/impute/_base.py:647: UserWarning: Skipping features without any observed values: ['od_max_conf_drying_bed']. At least one non-missing value is needed for imputation with strategy='median'.
  warnings.warn(
/work/GRDVULN/tp_qa/correction/.venv/lib64/python3.11/site-packages/sklearn/impute/_base.py:647: UserWarning: Skipping features without any observed values: ['od_max_conf_drying_bed']. At least one non-missing value is needed for imputation with strategy='median'.
  warnings.warn(
/work/GRDVULN/tp_qa/correction/.venv/lib64/python3.11/site-packages/sklearn/impute/_base.py:647: UserWarning: Skipping features without any observed values: ['od_max_conf_drying_bed']. At least one non-missing value is needed for imputation with strategy='median'.
  warnings.warn(
/work/GRDVULN/tp_qa/correction/.venv/lib64/python3.11/site-packages/sklearn/impute/_base.py:647: UserWarning: Skipping features without any observed values: ['od_max_conf_drying_bed']. At least one non-missing value is needed for imputation with strategy='median'.
  warnings.warn(
/work/GRDVULN/tp_qa/correction/.venv/lib64/python3.11/site-packages/sklearn/impute/_base.py:647: UserWarning: Skipping features without any observed values: ['od_max_conf_drying_bed']. At least one non-missing value is needed for imputation with strategy='median'.
  warnings.warn(
/work/GRDVULN/tp_qa/correction/.venv/lib64/python3.11/site-packages/sklearn/impute/_base.py:647: UserWarning: Skipping features without any observed values: ['od_max_conf_drying_bed']. At least one non-missing value is needed for imputation with strategy='median'.
  warnings.warn(
/work/GRDVULN/tp_qa/correction/.venv/lib64/python3.11/site-packages/sklearn/impute/_base.py:647: UserWarning: Skipping features without any observed values: ['od_max_conf_drying_bed']. At least one non-missing value is needed for imputation with strategy='median'.
  warnings.warn(
/work/GRDVULN/tp_qa/correction/.venv/lib64/python3.11/site-packages/sklearn/impute/_base.py:647: UserWarning: Skipping features without any observed values: ['od_max_conf_drying_bed']. At least one non-missing value is needed for imputation with strategy='median'.
  warnings.warn(
/work/GRDVULN/tp_qa/correction/.venv/lib64/python3.11/site-packages/sklearn/impute/_base.py:647: UserWarning: Skipping features without any observed values: ['od_max_conf_drying_bed']. At least one non-missing value is needed for imputation with strategy='median'.
  warnings.warn(
/work/GRDVULN/tp_qa/correction/.venv/lib64/python3.11/site-packages/sklearn/impute/_base.py:647: UserWarning: Skipping features without any observed values: ['od_max_conf_drying_bed']. At least one non-missing value is needed for imputation with strategy='median'.
  warnings.warn(
/work/GRDVULN/tp_qa/correction/.venv/lib64/python3.11/site-packages/sklearn/impute/_base.py:647: UserWarning: Skipping features without any observed values: ['od_max_conf_drying_bed']. At least one non-missing value is needed for imputation with strategy='median'.
  warnings.warn(
/work/GRDVULN/tp_qa/correction/.venv/lib64/python3.11/site-packages/sklearn/impute/_base.py:647: UserWarning: Skipping features without any observed values: ['od_max_conf_drying_bed']. At least one non-missing value is needed for imputation with strategy='median'.
  warnings.warn(
/work/GRDVULN/tp_qa/correction/.venv/lib64/python3.11/site-packages/sklearn/impute/_base.py:647: UserWarning: Skipping features without any observed values: ['od_max_conf_drying_bed']. At least one non-missing value is needed for imputation with strategy='median'.
  warnings.warn(
/work/GRDVULN/tp_qa/correction/.venv/lib64/python3.11/site-packages/sklearn/impute/_base.py:647: UserWarning: Skipping features without any observed values: ['od_max_conf_drying_bed']. At least one non-missing value is needed for imputation with strategy='median'.
  warnings.warn(
/work/GRDVULN/tp_qa/correction/.venv/lib64/python3.11/site-packages/sklearn/impute/_base.py:647: UserWarning: Skipping features without any observed values: ['od_max_conf_drying_bed']. At least one non-missing value is needed for imputation with strategy='median'.
  warnings.warn(
/work/GRDVULN/tp_qa/correction/.venv/lib64/python3.11/site-packages/sklearn/impute/_base.py:647: UserWarning: Skipping features without any observed values: ['od_max_conf_drying_bed']. At least one non-missing value is needed for imputation with strategy='median'.
  warnings.warn(
/work/GRDVULN/tp_qa/correction/.venv/lib64/python3.11/site-packages/sklearn/impute/_base.py:647: UserWarning: Skipping features without any observed values: ['od_max_conf_drying_bed']. At least one non-missing value is needed for imputation with strategy='median'.
  warnings.warn(
/work/GRDVULN/tp_qa/correction/.venv/lib64/python3.11/site-packages/sklearn/impute/_base.py:647: UserWarning: Skipping features without any observed values: ['od_max_conf_drying_bed']. At least one non-missing value is needed for imputation with strategy='median'.
  warnings.warn(
/work/GRDVULN/tp_qa/correction/.venv/lib64/python3.11/site-packages/sklearn/impute/_base.py:647: UserWarning: Skipping features without any observed values: ['od_max_conf_drying_bed']. At least one non-missing value is needed for imputation with strategy='median'.
  warnings.warn(
/work/GRDVULN/tp_qa/correction/.venv/lib64/python3.11/site-packages/sklearn/impute/_base.py:647: UserWarning: Skipping features without any observed values: ['od_max_conf_drying_bed']. At least one non-missing value is needed for imputation with strategy='median'.
  warnings.warn(
/work/GRDVULN/tp_qa/correction/.venv/lib64/python3.11/site-packages/sklearn/impute/_base.py:647: UserWarning: Skipping features without any observed values: ['od_max_conf_drying_bed']. At least one non-missing value is needed for imputation with strategy='median'.
  warnings.warn(
/work/GRDVULN/tp_qa/correction/.venv/lib64/python3.11/site-packages/sklearn/impute/_base.py:647: UserWarning: Skipping features without any observed values: ['od_max_conf_drying_bed']. At least one non-missing value is needed for imputation with strategy='median'.
  warnings.warn(
/work/GRDVULN/tp_qa/correction/.venv/lib64/python3.11/site-packages/sklearn/impute/_base.py:647: UserWarning: Skipping features without any observed values: ['od_max_conf_drying_bed']. At least one non-missing value is needed for imputation with strategy='median'.
  warnings.warn(
/work/GRDVULN/tp_qa/correction/.venv/lib64/python3.11/site-packages/sklearn/impute/_base.py:647: UserWarning: Skipping features without any observed values: ['od_max_conf_drying_bed']. At least one non-missing value is needed for imputation with strategy='median'.
  warnings.warn(
/work/GRDVULN/tp_qa/correction/.venv/lib64/python3.11/site-packages/sklearn/impute/_base.py:647: UserWarning: Skipping features without any observed values: ['od_max_conf_drying_bed']. At least one non-missing value is needed for imputation with strategy='median'.
  warnings.warn(
/work/GRDVULN/tp_qa/correction/.venv/lib64/python3.11/site-packages/sklearn/impute/_base.py:647: UserWarning: Skipping features without any observed values: ['od_max_conf_drying_bed']. At least one non-missing value is needed for imputation with strategy='median'.
  warnings.warn(
/work/GRDVULN/tp_qa/correction/.venv/lib64/python3.11/site-packages/sklearn/impute/_base.py:647: UserWarning: Skipping features without any observed values: ['od_max_conf_drying_bed']. At least one non-missing value is needed for imputation with strategy='median'.
  warnings.warn(
/work/GRDVULN/tp_qa/correction/.venv/lib64/python3.11/site-packages/sklearn/impute/_base.py:647: UserWarning: Skipping features without any observed values: ['od_max_conf_drying_bed']. At least one non-missing value is needed for imputation with strategy='median'.
  warnings.warn(
/work/GRDVULN/tp_qa/correction/.venv/lib64/python3.11/site-packages/sklearn/impute/_base.py:647: UserWarning: Skipping features without any observed values: ['od_max_conf_drying_bed']. At least one non-missing value is needed for imputation with strategy='median'.
  warnings.warn(
/work/GRDVULN/tp_qa/correction/.venv/lib64/python3.11/site-packages/sklearn/impute/_base.py:647: UserWarning: Skipping features without any observed values: ['od_max_conf_drying_bed']. At least one non-missing value is needed for imputation with strategy='median'.
  warnings.warn(
/work/GRDVULN/tp_qa/correction/.venv/lib64/python3.11/site-packages/sklearn/impute/_base.py:647: UserWarning: Skipping features without any observed values: ['od_max_conf_drying_bed']. At least one non-missing value is needed for imputation with strategy='median'.
  warnings.warn(
/work/GRDVULN/tp_qa/correction/.venv/lib64/python3.11/site-packages/sklearn/impute/_base.py:647: UserWarning: Skipping features without any observed values: ['od_max_conf_drying_bed']. At least one non-missing value is needed for imputation with strategy='median'.
  warnings.warn(
/work/GRDVULN/tp_qa/correction/.venv/lib64/python3.11/site-packages/sklearn/impute/_base.py:647: UserWarning: Skipping features without any observed values: ['od_max_conf_drying_bed']. At least one non-missing value is needed for imputation with strategy='median'.
  warnings.warn(
/work/GRDVULN/tp_qa/correction/.venv/lib64/python3.11/site-packages/sklearn/impute/_base.py:647: UserWarning: Skipping features without any observed values: ['od_max_conf_drying_bed']. At least one non-missing value is needed for imputation with strategy='median'.
  warnings.warn(
/work/GRDVULN/tp_qa/correction/.venv/lib64/python3.11/site-packages/sklearn/impute/_base.py:647: UserWarning: Skipping features without any observed values: ['od_max_conf_drying_bed']. At least one non-missing value is needed for imputation with strategy='median'.
  warnings.warn(
/work/GRDVULN/tp_qa/correction/.venv/lib64/python3.11/site-packages/sklearn/impute/_base.py:647: UserWarning: Skipping features without any observed values: ['od_max_conf_drying_bed']. At least one non-missing value is needed for imputation with strategy='median'.
  warnings.warn(
/work/GRDVULN/tp_qa/correction/.venv/lib64/python3.11/site-packages/sklearn/impute/_base.py:647: UserWarning: Skipping features without any observed values: ['od_max_conf_drying_bed']. At least one non-missing value is needed for imputation with strategy='median'.
  warnings.warn(
/work/GRDVULN/tp_qa/correction/.venv/lib64/python3.11/site-packages/sklearn/impute/_base.py:647: UserWarning: Skipping features without any observed values: ['od_max_conf_drying_bed']. At least one non-missing value is needed for imputation with strategy='median'.
  warnings.warn(
/work/GRDVULN/tp_qa/correction/.venv/lib64/python3.11/site-packages/sklearn/impute/_base.py:647: UserWarning: Skipping features without any observed values: ['od_max_conf_drying_bed']. At least one non-missing value is needed for imputation with strategy='median'.
  warnings.warn(
/work/GRDVULN/tp_qa/correction/.venv/lib64/python3.11/site-packages/sklearn/impute/_base.py:647: UserWarning: Skipping features without any observed values: ['od_max_conf_drying_bed']. At least one non-missing value is needed for imputation with strategy='median'.
  warnings.warn(
/work/GRDVULN/tp_qa/correction/.venv/lib64/python3.11/site-packages/sklearn/impute/_base.py:647: UserWarning: Skipping features without any observed values: ['od_max_conf_drying_bed']. At least one non-missing value is needed for imputation with strategy='median'.
  warnings.warn(
/work/GRDVULN/tp_qa/correction/.venv/lib64/python3.11/site-packages/sklearn/impute/_base.py:647: UserWarning: Skipping features without any observed values: ['od_max_conf_drying_bed']. At least one non-missing value is needed for imputation with strategy='median'.
  warnings.warn(
/work/GRDVULN/tp_qa/correction/.venv/lib64/python3.11/site-packages/sklearn/impute/_base.py:647: UserWarning: Skipping features without any observed values: ['od_max_conf_drying_bed']. At least one non-missing value is needed for imputation with strategy='median'.
  warnings.warn(
/work/GRDVULN/tp_qa/correction/.venv/lib64/python3.11/site-packages/sklearn/impute/_base.py:647: UserWarning: Skipping features without any observed values: ['od_max_conf_drying_bed']. At least one non-missing value is needed for imputation with strategy='median'.
  warnings.warn(
/work/GRDVULN/tp_qa/correction/.venv/lib64/python3.11/site-packages/sklearn/impute/_base.py:647: UserWarning: Skipping features without any observed values: ['od_max_conf_drying_bed']. At least one non-missing value is needed for imputation with strategy='median'.
  warnings.warn(
/work/GRDVULN/tp_qa/correction/.venv/lib64/python3.11/site-packages/sklearn/impute/_base.py:647: UserWarning: Skipping features without any observed values: ['od_max_conf_drying_bed']. At least one non-missing value is needed for imputation with strategy='median'.
  warnings.warn(
/work/GRDVULN/tp_qa/correction/.venv/lib64/python3.11/site-packages/sklearn/impute/_base.py:647: UserWarning: Skipping features without any observed values: ['od_max_conf_drying_bed']. At least one non-missing value is needed for imputation with strategy='median'.
  warnings.warn(
/work/GRDVULN/tp_qa/correction/.venv/lib64/python3.11/site-packages/sklearn/impute/_base.py:647: UserWarning: Skipping features without any observed values: ['od_max_conf_drying_bed']. At least one non-missing value is needed for imputation with strategy='median'.
  warnings.warn(
/work/GRDVULN/tp_qa/correction/.venv/lib64/python3.11/site-packages/sklearn/impute/_base.py:647: UserWarning: Skipping features without any observed values: ['od_max_conf_drying_bed']. At least one non-missing value is needed for imputation with strategy='median'.
  warnings.warn(
/work/GRDVULN/tp_qa/correction/.venv/lib64/python3.11/site-packages/sklearn/impute/_base.py:647: UserWarning: Skipping features without any observed values: ['od_max_conf_drying_bed']. At least one non-missing value is needed for imputation with strategy='median'.
  warnings.warn(
/work/GRDVULN/tp_qa/correction/.venv/lib64/python3.11/site-packages/sklearn/impute/_base.py:647: UserWarning: Skipping features without any observed values: ['od_max_conf_drying_bed']. At least one non-missing value is needed for imputation with strategy='median'.
  warnings.warn(
/work/GRDVULN/tp_qa/correction/.venv/lib64/python3.11/site-packages/sklearn/impute/_base.py:647: UserWarning: Skipping features without any observed values: ['od_max_conf_drying_bed']. At least one non-missing value is needed for imputation with strategy='median'.
  warnings.warn(
/work/GRDVULN/tp_qa/correction/.venv/lib64/python3.11/site-packages/sklearn/impute/_base.py:647: UserWarning: Skipping features without any observed values: ['od_max_conf_drying_bed']. At least one non-missing value is needed for imputation with strategy='median'.
  warnings.warn(
/work/GRDVULN/tp_qa/correction/.venv/lib64/python3.11/site-packages/sklearn/impute/_base.py:647: UserWarning: Skipping features without any observed values: ['od_max_conf_drying_bed']. At least one non-missing value is needed for imputation with strategy='median'.
  warnings.warn(
/work/GRDVULN/tp_qa/correction/.venv/lib64/python3.11/site-packages/sklearn/impute/_base.py:647: UserWarning: Skipping features without any observed values: ['od_max_conf_drying_bed']. At least one non-missing value is needed for imputation with strategy='median'.
  warnings.warn(
/work/GRDVULN/tp_qa/correction/.venv/lib64/python3.11/site-packages/sklearn/impute/_base.py:647: UserWarning: Skipping features without any observed values: ['od_max_conf_drying_bed']. At least one non-missing value is needed for imputation with strategy='median'.
  warnings.warn(
/work/GRDVULN/tp_qa/correction/.venv/lib64/python3.11/site-packages/sklearn/impute/_base.py:647: UserWarning: Skipping features without any observed values: ['od_max_conf_drying_bed']. At least one non-missing value is needed for imputation with strategy='median'.
  warnings.warn(
/work/GRDVULN/tp_qa/correction/.venv/lib64/python3.11/site-packages/sklearn/impute/_base.py:647: UserWarning: Skipping features without any observed values: ['od_max_conf_drying_bed']. At least one non-missing value is needed for imputation with strategy='median'.
  warnings.warn(
/work/GRDVULN/tp_qa/correction/.venv/lib64/python3.11/site-packages/sklearn/impute/_base.py:647: UserWarning: Skipping features without any observed values: ['od_max_conf_drying_bed']. At least one non-missing value is needed for imputation with strategy='median'.
  warnings.warn(
/work/GRDVULN/tp_qa/correction/.venv/lib64/python3.11/site-packages/sklearn/impute/_base.py:647: UserWarning: Skipping features without any observed values: ['od_max_conf_drying_bed']. At least one non-missing value is needed for imputation with strategy='median'.
  warnings.warn(
/work/GRDVULN/tp_qa/correction/.venv/lib64/python3.11/site-packages/sklearn/impute/_base.py:647: UserWarning: Skipping features without any observed values: ['od_max_conf_drying_bed']. At least one non-missing value is needed for imputation with strategy='median'.
  warnings.warn(
/work/GRDVULN/tp_qa/correction/.venv/lib64/python3.11/site-packages/sklearn/impute/_base.py:647: UserWarning: Skipping features without any observed values: ['od_max_conf_drying_bed']. At least one non-missing value is needed for imputation with strategy='median'.
  warnings.warn(
/work/GRDVULN/tp_qa/correction/.venv/lib64/python3.11/site-packages/sklearn/impute/_base.py:647: UserWarning: Skipping features without any observed values: ['od_max_conf_drying_bed']. At least one non-missing value is needed for imputation with strategy='median'.
  warnings.warn(
/work/GRDVULN/tp_qa/correction/.venv/lib64/python3.11/site-packages/sklearn/impute/_base.py:647: UserWarning: Skipping features without any observed values: ['od_max_conf_drying_bed']. At least one non-missing value is needed for imputation with strategy='median'.
  warnings.warn(
/work/GRDVULN/tp_qa/correction/.venv/lib64/python3.11/site-packages/sklearn/impute/_base.py:647: UserWarning: Skipping features without any observed values: ['od_max_conf_drying_bed']. At least one non-missing value is needed for imputation with strategy='median'.
  warnings.warn(
/work/GRDVULN/tp_qa/correction/.venv/lib64/python3.11/site-packages/sklearn/impute/_base.py:647: UserWarning: Skipping features without any observed values: ['od_max_conf_drying_bed']. At least one non-missing value is needed for imputation with strategy='median'.
  warnings.warn(
/work/GRDVULN/tp_qa/correction/.venv/lib64/python3.11/site-packages/sklearn/impute/_base.py:647: UserWarning: Skipping features without any observed values: ['od_max_conf_drying_bed']. At least one non-missing value is needed for imputation with strategy='median'.
  warnings.warn(
/work/GRDVULN/tp_qa/correction/.venv/lib64/python3.11/site-packages/sklearn/impute/_base.py:647: UserWarning: Skipping features without any observed values: ['od_max_conf_drying_bed']. At least one non-missing value is needed for imputation with strategy='median'.
  warnings.warn(
/work/GRDVULN/tp_qa/correction/.venv/lib64/python3.11/site-packages/sklearn/impute/_base.py:647: UserWarning: Skipping features without any observed values: ['od_max_conf_drying_bed']. At least one non-missing value is needed for imputation with strategy='median'.
  warnings.warn(
/work/GRDVULN/tp_qa/correction/.venv/lib64/python3.11/site-packages/sklearn/impute/_base.py:647: UserWarning: Skipping features without any observed values: ['od_max_conf_drying_bed']. At least one non-missing value is needed for imputation with strategy='median'.
  warnings.warn(
/work/GRDVULN/tp_qa/correction/.venv/lib64/python3.11/site-packages/sklearn/impute/_base.py:647: UserWarning: Skipping features without any observed values: ['od_max_conf_drying_bed']. At least one non-missing value is needed for imputation with strategy='median'.
  warnings.warn(
/work/GRDVULN/tp_qa/correction/.venv/lib64/python3.11/site-packages/sklearn/impute/_base.py:647: UserWarning: Skipping features without any observed values: ['od_max_conf_drying_bed']. At least one non-missing value is needed for imputation with strategy='median'.
  warnings.warn(
/work/GRDVULN/tp_qa/correction/.venv/lib64/python3.11/site-packages/sklearn/impute/_base.py:647: UserWarning: Skipping features without any observed values: ['od_max_conf_drying_bed']. At least one non-missing value is needed for imputation with strategy='median'.
  warnings.warn(
/work/GRDVULN/tp_qa/correction/.venv/lib64/python3.11/site-packages/sklearn/impute/_base.py:647: UserWarning: Skipping features without any observed values: ['od_max_conf_drying_bed']. At least one non-missing value is needed for imputation with strategy='median'.
  warnings.warn(
/work/GRDVULN/tp_qa/correction/.venv/lib64/python3.11/site-packages/sklearn/impute/_base.py:647: UserWarning: Skipping features without any observed values: ['od_max_conf_drying_bed']. At least one non-missing value is needed for imputation with strategy='median'.
  warnings.warn(
/work/GRDVULN/tp_qa/correction/.venv/lib64/python3.11/site-packages/sklearn/impute/_base.py:647: UserWarning: Skipping features without any observed values: ['od_max_conf_drying_bed']. At least one non-missing value is needed for imputation with strategy='median'.
  warnings.warn(
/work/GRDVULN/tp_qa/correction/.venv/lib64/python3.11/site-packages/sklearn/impute/_base.py:647: UserWarning: Skipping features without any observed values: ['od_max_conf_drying_bed']. At least one non-missing value is needed for imputation with strategy='median'.
  warnings.warn(
/work/GRDVULN/tp_qa/correction/.venv/lib64/python3.11/site-packages/sklearn/impute/_base.py:647: UserWarning: Skipping features without any observed values: ['od_max_conf_drying_bed']. At least one non-missing value is needed for imputation with strategy='median'.
  warnings.warn(
/work/GRDVULN/tp_qa/correction/.venv/lib64/python3.11/site-packages/sklearn/impute/_base.py:647: UserWarning: Skipping features without any observed values: ['od_max_conf_drying_bed']. At least one non-missing value is needed for imputation with strategy='median'.
  warnings.warn(
/work/GRDVULN/tp_qa/correction/.venv/lib64/python3.11/site-packages/sklearn/impute/_base.py:647: UserWarning: Skipping features without any observed values: ['od_max_conf_drying_bed']. At least one non-missing value is needed for imputation with strategy='median'.
  warnings.warn(
/work/GRDVULN/tp_qa/correction/.venv/lib64/python3.11/site-packages/sklearn/impute/_base.py:647: UserWarning: Skipping features without any observed values: ['od_max_conf_drying_bed']. At least one non-missing value is needed for imputation with strategy='median'.
  warnings.warn(
/work/GRDVULN/tp_qa/correction/.venv/lib64/python3.11/site-packages/sklearn/impute/_base.py:647: UserWarning: Skipping features without any observed values: ['od_max_conf_drying_bed']. At least one non-missing value is needed for imputation with strategy='median'.
  warnings.warn(
/work/GRDVULN/tp_qa/correction/.venv/lib64/python3.11/site-packages/sklearn/impute/_base.py:647: UserWarning: Skipping features without any observed values: ['od_max_conf_drying_bed']. At least one non-missing value is needed for imputation with strategy='median'.
  warnings.warn(
/work/GRDVULN/tp_qa/correction/.venv/lib64/python3.11/site-packages/sklearn/impute/_base.py:647: UserWarning: Skipping features without any observed values: ['od_max_conf_drying_bed']. At least one non-missing value is needed for imputation with strategy='median'.
  warnings.warn(
/work/GRDVULN/tp_qa/correction/.venv/lib64/python3.11/site-packages/sklearn/impute/_base.py:647: UserWarning: Skipping features without any observed values: ['od_max_conf_drying_bed']. At least one non-missing value is needed for imputation with strategy='median'.
  warnings.warn(
/work/GRDVULN/tp_qa/correction/.venv/lib64/python3.11/site-packages/sklearn/impute/_base.py:647: UserWarning: Skipping features without any observed values: ['od_max_conf_drying_bed']. At least one non-missing value is needed for imputation with strategy='median'.
  warnings.warn(
/work/GRDVULN/tp_qa/correction/.venv/lib64/python3.11/site-packages/sklearn/impute/_base.py:647: UserWarning: Skipping features without any observed values: ['od_max_conf_drying_bed']. At least one non-missing value is needed for imputation with strategy='median'.
  warnings.warn(
/work/GRDVULN/tp_qa/correction/.venv/lib64/python3.11/site-packages/sklearn/impute/_base.py:647: UserWarning: Skipping features without any observed values: ['od_max_conf_drying_bed']. At least one non-missing value is needed for imputation with strategy='median'.
  warnings.warn(
/work/GRDVULN/tp_qa/correction/.venv/lib64/python3.11/site-packages/sklearn/impute/_base.py:647: UserWarning: Skipping features without any observed values: ['od_max_conf_drying_bed']. At least one non-missing value is needed for imputation with strategy='median'.
  warnings.warn(
/work/GRDVULN/tp_qa/correction/.venv/lib64/python3.11/site-packages/sklearn/impute/_base.py:647: UserWarning: Skipping features without any observed values: ['od_max_conf_drying_bed']. At least one non-missing value is needed for imputation with strategy='median'.
  warnings.warn(
/work/GRDVULN/tp_qa/correction/.venv/lib64/python3.11/site-packages/sklearn/impute/_base.py:647: UserWarning: Skipping features without any observed values: ['od_max_conf_drying_bed']. At least one non-missing value is needed for imputation with strategy='median'.
  warnings.warn(
/work/GRDVULN/tp_qa/correction/.venv/lib64/python3.11/site-packages/sklearn/impute/_base.py:647: UserWarning: Skipping features without any observed values: ['od_max_conf_drying_bed']. At least one non-missing value is needed for imputation with strategy='median'.
  warnings.warn(
/work/GRDVULN/tp_qa/correction/.venv/lib64/python3.11/site-packages/sklearn/impute/_base.py:647: UserWarning: Skipping features without any observed values: ['od_max_conf_drying_bed']. At least one non-missing value is needed for imputation with strategy='median'.
  warnings.warn(
/work/GRDVULN/tp_qa/correction/.venv/lib64/python3.11/site-packages/sklearn/impute/_base.py:647: UserWarning: Skipping features without any observed values: ['od_max_conf_drying_bed']. At least one non-missing value is needed for imputation with strategy='median'.
  warnings.warn(
/work/GRDVULN/tp_qa/correction/.venv/lib64/python3.11/site-packages/sklearn/impute/_base.py:647: UserWarning: Skipping features without any observed values: ['od_max_conf_drying_bed']. At least one non-missing value is needed for imputation with strategy='median'.
  warnings.warn(
/work/GRDVULN/tp_qa/correction/.venv/lib64/python3.11/site-packages/sklearn/impute/_base.py:647: UserWarning: Skipping features without any observed values: ['od_max_conf_drying_bed']. At least one non-missing value is needed for imputation with strategy='median'.
  warnings.warn(
/work/GRDVULN/tp_qa/correction/.venv/lib64/python3.11/site-packages/sklearn/impute/_base.py:647: UserWarning: Skipping features without any observed values: ['od_max_conf_drying_bed']. At least one non-missing value is needed for imputation with strategy='median'.
  warnings.warn(
/work/GRDVULN/tp_qa/correction/.venv/lib64/python3.11/site-packages/sklearn/impute/_base.py:647: UserWarning: Skipping features without any observed values: ['od_max_conf_drying_bed']. At least one non-missing value is needed for imputation with strategy='median'.
  warnings.warn(
/work/GRDVULN/tp_qa/correction/.venv/lib64/python3.11/site-packages/sklearn/impute/_base.py:647: UserWarning: Skipping features without any observed values: ['od_max_conf_drying_bed']. At least one non-missing value is needed for imputation with strategy='median'.
  warnings.warn(
/work/GRDVULN/tp_qa/correction/.venv/lib64/python3.11/site-packages/sklearn/impute/_base.py:647: UserWarning: Skipping features without any observed values: ['od_max_conf_drying_bed']. At least one non-missing value is needed for imputation with strategy='median'.
  warnings.warn(
/work/GRDVULN/tp_qa/correction/.venv/lib64/python3.11/site-packages/sklearn/impute/_base.py:647: UserWarning: Skipping features without any observed values: ['od_max_conf_drying_bed']. At least one non-missing value is needed for imputation with strategy='median'.
  warnings.warn(
/work/GRDVULN/tp_qa/correction/.venv/lib64/python3.11/site-packages/sklearn/impute/_base.py:647: UserWarning: Skipping features without any observed values: ['od_max_conf_drying_bed']. At least one non-missing value is needed for imputation with strategy='median'.
  warnings.warn(
/work/GRDVULN/tp_qa/correction/.venv/lib64/python3.11/site-packages/sklearn/impute/_base.py:647: UserWarning: Skipping features without any observed values: ['od_max_conf_drying_bed']. At least one non-missing value is needed for imputation with strategy='median'.
  warnings.warn(
/work/GRDVULN/tp_qa/correction/.venv/lib64/python3.11/site-packages/sklearn/impute/_base.py:647: UserWarning: Skipping features without any observed values: ['od_max_conf_drying_bed']. At least one non-missing value is needed for imputation with strategy='median'.
  warnings.warn(
/work/GRDVULN/tp_qa/correction/.venv/lib64/python3.11/site-packages/sklearn/impute/_base.py:647: UserWarning: Skipping features without any observed values: ['od_max_conf_drying_bed']. At least one non-missing value is needed for imputation with strategy='median'.
  warnings.warn(
/work/GRDVULN/tp_qa/correction/.venv/lib64/python3.11/site-packages/sklearn/impute/_base.py:647: UserWarning: Skipping features without any observed values: ['od_max_conf_drying_bed']. At least one non-missing value is needed for imputation with strategy='median'.
  warnings.warn(
/work/GRDVULN/tp_qa/correction/.venv/lib64/python3.11/site-packages/sklearn/impute/_base.py:647: UserWarning: Skipping features without any observed values: ['od_max_conf_drying_bed']. At least one non-missing value is needed for imputation with strategy='median'.
  warnings.warn(
/work/GRDVULN/tp_qa/correction/.venv/lib64/python3.11/site-packages/sklearn/impute/_base.py:647: UserWarning: Skipping features without any observed values: ['od_max_conf_drying_bed']. At least one non-missing value is needed for imputation with strategy='median'.
  warnings.warn(
/work/GRDVULN/tp_qa/correction/.venv/lib64/python3.11/site-packages/sklearn/impute/_base.py:647: UserWarning: Skipping features without any observed values: ['od_max_conf_drying_bed']. At least one non-missing value is needed for imputation with strategy='median'.
  warnings.warn(
/work/GRDVULN/tp_qa/correction/.venv/lib64/python3.11/site-packages/sklearn/impute/_base.py:647: UserWarning: Skipping features without any observed values: ['od_max_conf_drying_bed']. At least one non-missing value is needed for imputation with strategy='median'.
  warnings.warn(
/work/GRDVULN/tp_qa/correction/.venv/lib64/python3.11/site-packages/sklearn/impute/_base.py:647: UserWarning: Skipping features without any observed values: ['od_max_conf_drying_bed']. At least one non-missing value is needed for imputation with strategy='median'.
  warnings.warn(
/work/GRDVULN/tp_qa/correction/.venv/lib64/python3.11/site-packages/sklearn/impute/_base.py:647: UserWarning: Skipping features without any observed values: ['od_max_conf_drying_bed']. At least one non-missing value is needed for imputation with strategy='median'.
  warnings.warn(
/work/GRDVULN/tp_qa/correction/.venv/lib64/python3.11/site-packages/sklearn/impute/_base.py:647: UserWarning: Skipping features without any observed values: ['od_max_conf_drying_bed']. At least one non-missing value is needed for imputation with strategy='median'.
  warnings.warn(
  SPATIAL CV complete in 2.0 minutes
  Best SPATIAL ROC AUC: 0.9593

========================================
Tuning with STANDARD cross-validation...
========================================
  STANDARD CV complete in 2.0 minutes
  Best STANDARD ROC AUC: 0.9634

CV Comparison:
         cv   roc_auc
1  Standard  0.963383
0   Spatial  0.959293

========================================
Fitting final model on full training data...
========================================
Test set metrics:
  roc_auc     : 0.9564
  accuracy    : 0.9198
  sensitivity : 0.9205
  specificity : 0.9153
  brier_class : 0.0600

Confusion matrix (rows=truth, cols=predicted; 1=Correct, 0=Incorrect):
[[ 54   5]
 [ 35 405]]

Computing feature importance...
Top 20 features:
             Variable  Importance  Importance_std
               osm_ww    0.303735        0.028569
        ll_bldg_count    0.037787        0.007904
         is_municipal    0.033987        0.009650
      water_pixel_pct    0.003763        0.002368
    od_max_confidence    0.002371        0.001012
           pop_served    0.002309        0.001197
parcel_bbox_max_dim_m    0.001327        0.002145
   od_mean_confidence    0.001138        0.000713
        bldg_per_acre    0.001040        0.001568
       parcel_area_m2    0.000915        0.001662
         water_pixels    0.000851        0.001023
         total_pixels    0.000774        0.001435
          log_gisacre    0.000686        0.000648
           ll_gisacre    0.000609        0.000664
     od_has_detection    0.000439        0.000310
       has_ww_keyword    0.000260        0.001141
 dominant_class_group    0.000250        0.001164
         od_n_objects    0.000227        0.000194
       lbcs_ownership    0.000216        0.001189
    od_dominant_class    0.000216        0.000219

Running threshold analysis...
  Optimal Stage 1 threshold (Youden J): 0.464

Saving model...
  stage1_rf_model.joblib saved: 5.2 MB

=== Stage 1 training complete ===

FINAL RESULTS SUMMARY
  Test roc_auc: 0.9564
  Optimal threshold: 0.464
  CV comparison:
         cv   roc_auc
1  Standard  0.963383
0   Spatial  0.959293
Finished: Wed Sep 23 22:48:15 EDT 2026

