==========================================
Node:    r4n19
Job ID:  7413561
CPUs:    16
Started: Wed Sep  9 01:37:34 EDT 2026
==========================================
Loaded module: python/3.11
Python:  Python 3.11.13  (/work/GRDVULN/correction/.venv/bin/python)
------------------------------------------
Processing state: OH  (array index 32 of 48)
Running: python /work/GRDVULN/correction/scripts/01e_run_od_candidates.py --all --states OH --workers 8
/work/GRDVULN/correction/.venv/lib64/python3.11/site-packages/torch/serialization.py:1813: SourceChangeWarning: source code of class 'torch.nn.modules.conv.Conv2d' has changed. you can retrieve the original source code by accessing the object's source attribute or set `torch.nn.Module.dump_patches = True` and use the patch tool to revert the changes.
  _check_container_source(*data)
/work/GRDVULN/correction/.venv/lib64/python3.11/site-packages/torch/serialization.py:1813: SourceChangeWarning: source code of class 'torch.nn.modules.batchnorm.BatchNorm2d' has changed. you can retrieve the original source code by accessing the object's source attribute or set `torch.nn.Module.dump_patches = True` and use the patch tool to revert the changes.
  _check_container_source(*data)
=== 01e_run_od_candidates.py ===
output: /work/GRDVULN/correction/data/od_features_candidates

Loading Stage 2a candidates...
  240546 candidate(s) across 12030 plant(s) (top 20 each)
  --all: no scope restriction
  Restricted to ['OH']: 13460 candidate(s)

--- work plan ---
  OH: 13460 candidate parcel(s), 673 plant(s)
  TOTAL: 13460 candidate parcel(s)
  Each is tiled by 01b's generate_tile_grid -- most parcels are one tile, large ones more.
  Using weights: best.pt

Weights: /work/GRDVULN/correction/models/object_detection/best.pt
Classes: {0: 'aeration_basin', 1: 'clarifier', 2: 'digester'}

Connecting to Planetary Computer STAC API...
Connected.

--- State OH: 13460 candidate(s) ---
  Resume: skipping 20 already done
    Transient error (You have exceeded a rate limit. Contact planetarycomputer@microsoft.com.) -- retrying in 12s (attempt 1/5)
    Transient error (You have exceeded a rate limit. Contact planetarycomputer@microsoft.com.) -- retrying in 13s (attempt 1/5)
    Transient error (You have exceeded a rate limit. Contact planetarycomputer@microsoft.com.) -- retrying in 23s (attempt 2/5)
    Transient error (You have exceeded a rate limit. Contact planetarycomputer@microsoft.com.) -- retrying in 8s (attempt 1/5)
    Transient error (You have exceeded a rate limit. Contact planetarycomputer@microsoft.com.) -- retrying in 14s (attempt 1/5)
    Transient error (You have exceeded a rate limit. Contact planetarycomputer@microsoft.com.) -- retrying in 13s (attempt 1/5)
    Transient error (You have exceeded a rate limit. Contact planetarycomputer@microsoft.com.) -- retrying in 9s (attempt 1/5)
    Transient error (You have exceeded a rate limit. Contact planetarycomputer@microsoft.com.) -- retrying in 15s (attempt 1/5)
    Transient error (You have exceeded a rate limit. Contact planetarycomputer@microsoft.com.) -- retrying in 15s (attempt 1/5)
    ...200 candidate(s) done (4.0 min elapsed)
    Transient error (You have exceeded a rate limit. Contact planetarycomputer@microsoft.com.) -- retrying in 16s (attempt 1/5)
    Transient error (You have exceeded a rate limit. Contact planetarycomputer@microsoft.com.) -- retrying in 10s (attempt 1/5)
    Transient error (You have exceeded a rate limit. Contact planetarycomputer@microsoft.com.) -- retrying in 11s (attempt 1/5)
    Transient error (You have exceeded a rate limit. Contact planetarycomputer@microsoft.com.) -- retrying in 9s (attempt 1/5)
    Transient error (You have exceeded a rate limit. Contact planetarycomputer@microsoft.com.) -- retrying in 21s (attempt 2/5)
    Transient error (You have exceeded a rate limit. Contact planetarycomputer@microsoft.com.) -- retrying in 9s (attempt 1/5)
    Transient error (You have exceeded a rate limit. Contact planetarycomputer@microsoft.com.) -- retrying in 16s (attempt 1/5)
    Transient error (You have exceeded a rate limit. Contact planetarycomputer@microsoft.com.) -- retrying in 9s (attempt 1/5)
    ...400 candidate(s) done (6.5 min elapsed)
    Transient error (You have exceeded a rate limit. Contact planetarycomputer@microsoft.com.) -- retrying in 8s (attempt 1/5)
    Transient error (You have exceeded a rate limit. Contact planetarycomputer@microsoft.com.) -- retrying in 19s (attempt 2/5)
    Transient error (You have exceeded a rate limit. Contact planetarycomputer@microsoft.com.) -- retrying in 14s (attempt 1/5)
    Transient error (You have exceeded a rate limit. Contact planetarycomputer@microsoft.com.) -- retrying in 8s (attempt 1/5)
    Transient error (You have exceeded a rate limit. Contact planetarycomputer@microsoft.com.) -- retrying in 14s (attempt 1/5)
    Transient error (You have exceeded a rate limit. Contact planetarycomputer@microsoft.com.) -- retrying in 23s (attempt 2/5)
    Transient error (You have exceeded a rate limit. Contact planetarycomputer@microsoft.com.) -- retrying in 39s (attempt 3/5)
    Transient error (You have exceeded a rate limit. Contact planetarycomputer@microsoft.com.) -- retrying in 66s (attempt 4/5)
    Transient error (You have exceeded a rate limit. Contact planetarycomputer@microsoft.com.) -- retrying in 11s (attempt 1/5)
    Transient error (You have exceeded a rate limit. Contact planetarycomputer@microsoft.com.) -- retrying in 15s (attempt 1/5)
    Transient error (You have exceeded a rate limit. Contact planetarycomputer@microsoft.com.) -- retrying in 10s (attempt 1/5)
    Transient error (You have exceeded a rate limit. Contact planetarycomputer@microsoft.com.) -- retrying in 11s (attempt 1/5)
    Transient error (You have exceeded a rate limit. Contact planetarycomputer@microsoft.com.) -- retrying in 12s (attempt 1/5)
    Transient error (You have exceeded a rate limit. Contact planetarycomputer@microsoft.com.) -- retrying in 14s (attempt 1/5)
    Transient error (You have exceeded a rate limit. Contact planetarycomputer@microsoft.com.) -- retrying in 22s (attempt 2/5)
    Transient error (You have exceeded a rate limit. Contact planetarycomputer@microsoft.com.) -- retrying in 35s (attempt 3/5)
    ...600 candidate(s) done (13.4 min elapsed)
    Transient error (You have exceeded a rate limit. Contact planetarycomputer@microsoft.com.) -- retrying in 15s (attempt 1/5)
    Transient error (You have exceeded a rate limit. Contact planetarycomputer@microsoft.com.) -- retrying in 11s (attempt 1/5)
    Transient error (You have exceeded a rate limit. Contact planetarycomputer@microsoft.com.) -- retrying in 8s (attempt 1/5)
    Transient error (You have exceeded a rate limit. Contact planetarycomputer@microsoft.com.) -- retrying in 12s (attempt 1/5)
    Transient error (You have exceeded a rate limit. Contact planetarycomputer@microsoft.com.) -- retrying in 15s (attempt 1/5)
    Transient error (You have exceeded a rate limit. Contact planetarycomputer@microsoft.com.) -- retrying in 10s (attempt 1/5)
    Transient error (You have exceeded a rate limit. Contact planetarycomputer@microsoft.com.) -- retrying in 11s (attempt 1/5)
    Transient error (You have exceeded a rate limit. Contact planetarycomputer@microsoft.com.) -- retrying in 13s (attempt 1/5)
    Transient error (You have exceeded a rate limit. Contact planetarycomputer@microsoft.com.) -- retrying in 15s (attempt 1/5)
    Transient error (You have exceeded a rate limit. Contact planetarycomputer@microsoft.com.) -- retrying in 16s (attempt 2/5)
    Transient error (You have exceeded a rate limit. Contact planetarycomputer@microsoft.com.) -- retrying in 16s (attempt 2/5)
    ...800 candidate(s) done (16.7 min elapsed)
    Transient error (You have exceeded a rate limit. Contact planetarycomputer@microsoft.com.) -- retrying in 15s (attempt 1/5)
    Transient error (You have exceeded a rate limit. Contact planetarycomputer@microsoft.com.) -- retrying in 14s (attempt 1/5)
    Transient error (You have exceeded a rate limit. Contact planetarycomputer@microsoft.com.) -- retrying in 11s (attempt 1/5)
    Transient error (You have exceeded a rate limit. Contact planetarycomputer@microsoft.com.) -- retrying in 16s (attempt 1/5)
    Transient error (You have exceeded a rate limit. Contact planetarycomputer@microsoft.com.) -- retrying in 11s (attempt 1/5)
    Transient error (You have exceeded a rate limit. Contact planetarycomputer@microsoft.com.) -- retrying in 10s (attempt 1/5)
    Transient error (You have exceeded a rate limit. Contact planetarycomputer@microsoft.com.) -- retrying in 12s (attempt 1/5)
    Transient error (You have exceeded a rate limit. Contact planetarycomputer@microsoft.com.) -- retrying in 13s (attempt 1/5)
    Transient error (You have exceeded a rate limit. Contact planetarycomputer@microsoft.com.) -- retrying in 11s (attempt 1/5)
    Transient error (You have exceeded a rate limit. Contact planetarycomputer@microsoft.com.) -- retrying in 9s (attempt 1/5)
    Transient error (You have exceeded a rate limit. Contact planetarycomputer@microsoft.com.) -- retrying in 8s (attempt 1/5)
    Transient error (You have exceeded a rate limit. Contact planetarycomputer@microsoft.com.) -- retrying in 24s (attempt 2/5)
    Transient error (You have exceeded a rate limit. Contact planetarycomputer@microsoft.com.) -- retrying in 14s (attempt 1/5)
    Transient error (You have exceeded a rate limit. Contact planetarycomputer@microsoft.com.) -- retrying in 9s (attempt 1/5)
    Transient error (You have exceeded a rate limit. Contact planetarycomputer@microsoft.com.) -- retrying in 15s (attempt 1/5)
    Transient error (You have exceeded a rate limit. Contact planetarycomputer@microsoft.com.) -- retrying in 19s (attempt 2/5)
    Transient error (You have exceeded a rate limit. Contact planetarycomputer@microsoft.com.) -- retrying in 16s (attempt 1/5)
    Transient error (You have exceeded a rate limit. Contact planetarycomputer@microsoft.com.) -- retrying in 15s (attempt 1/5)
    Transient error (You have exceeded a rate limit. Contact planetarycomputer@microsoft.com.) -- retrying in 8s (attempt 1/5)
    Transient error (You have exceeded a rate limit. Contact planetarycomputer@microsoft.com.) -- retrying in 8s (attempt 1/5)
    ...1000 candidate(s) done (21.2 min elapsed)
    Transient error (You have exceeded a rate limit. Contact planetarycomputer@microsoft.com.) -- retrying in 15s (attempt 1/5)
    Transient error (You have exceeded a rate limit. Contact planetarycomputer@microsoft.com.) -- retrying in 13s (attempt 1/5)
    Transient error (You have exceeded a rate limit. Contact planetarycomputer@microsoft.com.) -- retrying in 14s (attempt 1/5)
    Transient error (You have exceeded a rate limit. Contact planetarycomputer@microsoft.com.) -- retrying in 8s (attempt 1/5)
    Transient error (You have exceeded a rate limit. Contact planetarycomputer@microsoft.com.) -- retrying in 18s (attempt 2/5)
    Transient error (You have exceeded a rate limit. Contact planetarycomputer@microsoft.com.) -- retrying in 11s (attempt 1/5)
    Transient error (You have exceeded a rate limit. Contact planetarycomputer@microsoft.com.) -- retrying in 23s (attempt 2/5)
    Transient error (You have exceeded a rate limit. Contact planetarycomputer@microsoft.com.) -- retrying in 10s (attempt 1/5)
    Transient error (You have exceeded a rate limit. Contact planetarycomputer@microsoft.com.) -- retrying in 9s (attempt 1/5)
    Transient error (You have exceeded a rate limit. Contact planetarycomputer@microsoft.com.) -- retrying in 22s (attempt 2/5)
    Transient error (You have exceeded a rate limit. Contact planetarycomputer@microsoft.com.) -- retrying in 13s (attempt 1/5)
    Transient error (You have exceeded a rate limit. Contact planetarycomputer@microsoft.com.) -- retrying in 11s (attempt 1/5)
    Transient error (You have exceeded a rate limit. Contact planetarycomputer@microsoft.com.) -- retrying in 12s (attempt 1/5)
    Transient error (You have exceeded a rate limit. Contact planetarycomputer@microsoft.com.) -- retrying in 19s (attempt 2/5)
    Transient error (You have exceeded a rate limit. Contact planetarycomputer@microsoft.com.) -- retrying in 13s (attempt 1/5)
    Transient error (You have exceeded a rate limit. Contact planetarycomputer@microsoft.com.) -- retrying in 9s (attempt 1/5)
    Transient error (You have exceeded a rate limit. Contact planetarycomputer@microsoft.com.) -- retrying in 15s (attempt 1/5)
    Transient error (You have exceeded a rate limit. Contact planetarycomputer@microsoft.com.) -- retrying in 12s (attempt 1/5)
    Transient error (You have exceeded a rate limit. Contact planetarycomputer@microsoft.com.) -- retrying in 10s (attempt 1/5)
    Transient error (You have exceeded a rate limit. Contact planetarycomputer@microsoft.com.) -- retrying in 15s (attempt 1/5)
    Transient error (You have exceeded a rate limit. Contact planetarycomputer@microsoft.com.) -- retrying in 11s (attempt 1/5)
    ...1200 candidate(s) done (27.1 min elapsed)
    Transient error (You have exceeded a rate limit. Contact planetarycomputer@microsoft.com.) -- retrying in 9s (attempt 1/5)
    Transient error (You have exceeded a rate limit. Contact planetarycomputer@microsoft.com.) -- retrying in 12s (attempt 1/5)
    Transient error (You have exceeded a rate limit. Contact planetarycomputer@microsoft.com.) -- retrying in 16s (attempt 1/5)
    Transient error (You have exceeded a rate limit. Contact planetarycomputer@microsoft.com.) -- retrying in 9s (attempt 1/5)
    Transient error (You have exceeded a rate limit. Contact planetarycomputer@microsoft.com.) -- retrying in 15s (attempt 1/5)
    Transient error (You have exceeded a rate limit. Contact planetarycomputer@microsoft.com.) -- retrying in 14s (attempt 1/5)
    Transient error (You have exceeded a rate limit. Contact planetarycomputer@microsoft.com.) -- retrying in 20s (attempt 2/5)
    Transient error (You have exceeded a rate limit. Contact planetarycomputer@microsoft.com.) -- retrying in 12s (attempt 1/5)
    Transient error (You have exceeded a rate limit. Contact planetarycomputer@microsoft.com.) -- retrying in 24s (attempt 2/5)
    Transient error (You have exceeded a rate limit. Contact planetarycomputer@microsoft.com.) -- retrying in 12s (attempt 1/5)
    Transient error (You have exceeded a rate limit. Contact planetarycomputer@microsoft.com.) -- retrying in 12s (attempt 1/5)
    Transient error (You have exceeded a rate limit. Contact planetarycomputer@microsoft.com.) -- retrying in 15s (attempt 1/5)
    Transient error (You have exceeded a rate limit. Contact planetarycomputer@microsoft.com.) -- retrying in 13s (attempt 1/5)
    Transient error (You have exceeded a rate limit. Contact planetarycomputer@microsoft.com.) -- retrying in 14s (attempt 1/5)
    Transient error (You have exceeded a rate limit. Contact planetarycomputer@microsoft.com.) -- retrying in 9s (attempt 1/5)
    Transient error (You have exceeded a rate limit. Contact planetarycomputer@microsoft.com.) -- retrying in 23s (attempt 2/5)
    Transient error (You have exceeded a rate limit. Contact planetarycomputer@microsoft.com.) -- retrying in 10s (attempt 1/5)
    Transient error (You have exceeded a rate limit. Contact planetarycomputer@microsoft.com.) -- retrying in 14s (attempt 1/5)
    Transient error (You have exceeded a rate limit. Contact planetarycomputer@microsoft.com.) -- retrying in 9s (attempt 1/5)
    Transient error (You have exceeded a rate limit. Contact planetarycomputer@microsoft.com.) -- retrying in 16s (attempt 1/5)
    Transient error (You have exceeded a rate limit. Contact planetarycomputer@microsoft.com.) -- retrying in 15s (attempt 1/5)
    Transient error (You have exceeded a rate limit. Contact planetarycomputer@microsoft.com.) -- retrying in 13s (attempt 1/5)
    Transient error (You have exceeded a rate limit. Contact planetarycomputer@microsoft.com.) -- retrying in 14s (attempt 1/5)
    Transient error (You have exceeded a rate limit. Contact planetarycomputer@microsoft.com.) -- retrying in 11s (attempt 1/5)
    ...1400 candidate(s) done (33.0 min elapsed)
    Transient error (You have exceeded a rate limit. Contact planetarycomputer@microsoft.com.) -- retrying in 8s (attempt 1/5)
    Transient error (You have exceeded a rate limit. Contact planetarycomputer@microsoft.com.) -- retrying in 11s (attempt 1/5)
    Transient error (You have exceeded a rate limit. Contact planetarycomputer@microsoft.com.) -- retrying in 17s (attempt 2/5)
    Transient error (You have exceeded a rate limit. Contact planetarycomputer@microsoft.com.) -- retrying in 15s (attempt 1/5)
    Transient error (You have exceeded a rate limit. Contact planetarycomputer@microsoft.com.) -- retrying in 13s (attempt 1/5)
    Transient error (You have exceeded a rate limit. Contact planetarycomputer@microsoft.com.) -- retrying in 22s (attempt 2/5)
    Transient error (You have exceeded a rate limit. Contact planetarycomputer@microsoft.com.) -- retrying in 14s (attempt 1/5)
    Transient error (You have exceeded a rate limit. Contact planetarycomputer@microsoft.com.) -- retrying in 11s (attempt 1/5)
    Transient error (You have exceeded a rate limit. Contact planetarycomputer@microsoft.com.) -- retrying in 12s (attempt 1/5)
    Transient error (You have exceeded a rate limit. Contact planetarycomputer@microsoft.com.) -- retrying in 13s (attempt 1/5)
    Transient error (You have exceeded a rate limit. Contact planetarycomputer@microsoft.com.) -- retrying in 16s (attempt 1/5)
    Transient error (You have exceeded a rate limit. Contact planetarycomputer@microsoft.com.) -- retrying in 13s (attempt 1/5)
    Transient error (You have exceeded a rate limit. Contact planetarycomputer@microsoft.com.) -- retrying in 13s (attempt 1/5)
    Transient error (You have exceeded a rate limit. Contact planetarycomputer@microsoft.com.) -- retrying in 13s (attempt 1/5)
    Transient error (You have exceeded a rate limit. Contact planetarycomputer@microsoft.com.) -- retrying in 10s (attempt 1/5)
    Transient error (You have exceeded a rate limit. Contact planetarycomputer@microsoft.com.) -- retrying in 19s (attempt 2/5)
    Transient error (You have exceeded a rate limit. Contact planetarycomputer@microsoft.com.) -- retrying in 8s (attempt 1/5)
    Transient error (You have exceeded a rate limit. Contact planetarycomputer@microsoft.com.) -- retrying in 11s (attempt 1/5)
    Transient error (You have exceeded a rate limit. Contact planetarycomputer@microsoft.com.) -- retrying in 19s (attempt 2/5)
    Transient error (You have exceeded a rate limit. Contact planetarycomputer@microsoft.com.) -- retrying in 11s (attempt 1/5)
    Transient error (You have exceeded a rate limit. Contact planetarycomputer@microsoft.com.) -- retrying in 23s (attempt 2/5)
    ...1600 candidate(s) done (37.0 min elapsed)
    Transient error (You have exceeded a rate limit. Contact planetarycomputer@microsoft.com.) -- retrying in 8s (attempt 1/5)
    Transient error (You have exceeded a rate limit. Contact planetarycomputer@microsoft.com.) -- retrying in 11s (attempt 1/5)
    Transient error (You have exceeded a rate limit. Contact planetarycomputer@microsoft.com.) -- retrying in 12s (attempt 1/5)
    Transient error (You have exceeded a rate limit. Contact planetarycomputer@microsoft.com.) -- retrying in 8s (attempt 1/5)
    Transient error (You have exceeded a rate limit. Contact planetarycomputer@microsoft.com.) -- retrying in 11s (attempt 1/5)
    Transient error (You have exceeded a rate limit. Contact planetarycomputer@microsoft.com.) -- retrying in 14s (attempt 1/5)
    Transient error (You have exceeded a rate limit. Contact planetarycomputer@microsoft.com.) -- retrying in 12s (attempt 1/5)
    Transient error (You have exceeded a rate limit. Contact planetarycomputer@microsoft.com.) -- retrying in 15s (attempt 1/5)
    ...1800 candidate(s) done (39.7 min elapsed)
    Transient error (You have exceeded a rate limit. Contact planetarycomputer@microsoft.com.) -- retrying in 11s (attempt 1/5)
    Transient error (You have exceeded a rate limit. Contact planetarycomputer@microsoft.com.) -- retrying in 15s (attempt 1/5)
    Transient error (You have exceeded a rate limit. Contact planetarycomputer@microsoft.com.) -- retrying in 9s (attempt 1/5)
    Transient error (You have exceeded a rate limit. Contact planetarycomputer@microsoft.com.) -- retrying in 14s (attempt 1/5)
    Transient error (You have exceeded a rate limit. Contact planetarycomputer@microsoft.com.) -- retrying in 13s (attempt 1/5)
    Transient error (You have exceeded a rate limit. Contact planetarycomputer@microsoft.com.) -- retrying in 11s (attempt 1/5)
    Transient error (You have exceeded a rate limit. Contact planetarycomputer@microsoft.com.) -- retrying in 9s (attempt 1/5)
    Transient error (You have exceeded a rate limit. Contact planetarycomputer@microsoft.com.) -- retrying in 12s (attempt 1/5)
    Transient error (You have exceeded a rate limit. Contact planetarycomputer@microsoft.com.) -- retrying in 14s (attempt 1/5)
    Transient error (You have exceeded a rate limit. Contact planetarycomputer@microsoft.com.) -- retrying in 11s (attempt 1/5)
    Transient error (You have exceeded a rate limit. Contact planetarycomputer@microsoft.com.) -- retrying in 11s (attempt 1/5)
    Transient error (You have exceeded a rate limit. Contact planetarycomputer@microsoft.com.) -- retrying in 12s (attempt 1/5)
    Transient error (You have exceeded a rate limit. Contact planetarycomputer@microsoft.com.) -- retrying in 9s (attempt 1/5)
    Transient error (You have exceeded a rate limit. Contact planetarycomputer@microsoft.com.) -- retrying in 15s (attempt 1/5)
    Transient error (You have exceeded a rate limit. Contact planetarycomputer@microsoft.com.) -- retrying in 15s (attempt 1/5)
    Transient error (You have exceeded a rate limit. Contact planetarycomputer@microsoft.com.) -- retrying in 9s (attempt 1/5)
    Transient error (You have exceeded a rate limit. Contact planetarycomputer@microsoft.com.) -- retrying in 14s (attempt 1/5)
    Transient error (You have exceeded a rate limit. Contact planetarycomputer@microsoft.com.) -- retrying in 9s (attempt 1/5)
    Transient error (You have exceeded a rate limit. Contact planetarycomputer@microsoft.com.) -- retrying in 11s (attempt 1/5)
    Transient error (You have exceeded a rate limit. Contact planetarycomputer@microsoft.com.) -- retrying in 20s (attempt 2/5)
    Transient error (You have exceeded a rate limit. Contact planetarycomputer@microsoft.com.) -- retrying in 19s (attempt 2/5)
    ...2000 candidate(s) done (44.2 min elapsed)
    Transient error (You have exceeded a rate limit. Contact planetarycomputer@microsoft.com.) -- retrying in 13s (attempt 1/5)
    Transient error (You have exceeded a rate limit. Contact planetarycomputer@microsoft.com.) -- retrying in 12s (attempt 1/5)
    Transient error (You have exceeded a rate limit. Contact planetarycomputer@microsoft.com.) -- retrying in 10s (attempt 1/5)
    Transient error (You have exceeded a rate limit. Contact planetarycomputer@microsoft.com.) -- retrying in 16s (attempt 2/5)
    Transient error (You have exceeded a rate limit. Contact planetarycomputer@microsoft.com.) -- retrying in 9s (attempt 1/5)
    Transient error (You have exceeded a rate limit. Contact planetarycomputer@microsoft.com.) -- retrying in 15s (attempt 1/5)
    Transient error (You have exceeded a rate limit. Contact planetarycomputer@microsoft.com.) -- retrying in 14s (attempt 1/5)
    Transient error (You have exceeded a rate limit. Contact planetarycomputer@microsoft.com.) -- retrying in 12s (attempt 1/5)
    Transient error (You have exceeded a rate limit. Contact planetarycomputer@microsoft.com.) -- retrying in 14s (attempt 1/5)
    ...2200 candidate(s) done (47.6 min elapsed)
    Transient error (You have exceeded a rate limit. Contact planetarycomputer@microsoft.com.) -- retrying in 14s (attempt 1/5)
    Transient error (You have exceeded a rate limit. Contact planetarycomputer@microsoft.com.) -- retrying in 12s (attempt 1/5)
    Transient error (You have exceeded a rate limit. Contact planetarycomputer@microsoft.com.) -- retrying in 9s (attempt 1/5)
    Transient error (You have exceeded a rate limit. Contact planetarycomputer@microsoft.com.) -- retrying in 8s (attempt 1/5)
    Transient error (You have exceeded a rate limit. Contact planetarycomputer@microsoft.com.) -- retrying in 23s (attempt 2/5)
    Transient error (You have exceeded a rate limit. Contact planetarycomputer@microsoft.com.) -- retrying in 14s (attempt 1/5)
    Transient error (You have exceeded a rate limit. Contact planetarycomputer@microsoft.com.) -- retrying in 9s (attempt 1/5)
    Transient error (You have exceeded a rate limit. Contact planetarycomputer@microsoft.com.) -- retrying in 15s (attempt 1/5)
    Transient error (You have exceeded a rate limit. Contact planetarycomputer@microsoft.com.) -- retrying in 17s (attempt 2/5)
    Transient error (You have exceeded a rate limit. Contact planetarycomputer@microsoft.com.) -- retrying in 16s (attempt 1/5)
    Transient error (You have exceeded a rate limit. Contact planetarycomputer@microsoft.com.) -- retrying in 14s (attempt 1/5)
    Transient error (You have exceeded a rate limit. Contact planetarycomputer@microsoft.com.) -- retrying in 9s (attempt 1/5)
    Transient error (You have exceeded a rate limit. Contact planetarycomputer@microsoft.com.) -- retrying in 22s (attempt 2/5)
    Transient error (You have exceeded a rate limit. Contact planetarycomputer@microsoft.com.) -- retrying in 35s (attempt 3/5)
    ...2400 candidate(s) done (52.8 min elapsed)
    Transient error (You have exceeded a rate limit. Contact planetarycomputer@microsoft.com.) -- retrying in 15s (attempt 1/5)
    Transient error (You have exceeded a rate limit. Contact planetarycomputer@microsoft.com.) -- retrying in 9s (attempt 1/5)
    Transient error (You have exceeded a rate limit. Contact planetarycomputer@microsoft.com.) -- retrying in 20s (attempt 2/5)
    Transient error (You have exceeded a rate limit. Contact planetarycomputer@microsoft.com.) -- retrying in 13s (attempt 1/5)
    Transient error (You have exceeded a rate limit. Contact planetarycomputer@microsoft.com.) -- retrying in 17s (attempt 2/5)
    Transient error (You have exceeded a rate limit. Contact planetarycomputer@microsoft.com.) -- retrying in 14s (attempt 1/5)
    Transient error (You have exceeded a rate limit. Contact planetarycomputer@microsoft.com.) -- retrying in 23s (attempt 2/5)
    Transient error (You have exceeded a rate limit. Contact planetarycomputer@microsoft.com.) -- retrying in 9s (attempt 1/5)
    Transient error (You have exceeded a rate limit. Contact planetarycomputer@microsoft.com.) -- retrying in 15s (attempt 1/5)
    Transient error (You have exceeded a rate limit. Contact planetarycomputer@microsoft.com.) -- retrying in 13s (attempt 1/5)
    Transient error (You have exceeded a rate limit. Contact planetarycomputer@microsoft.com.) -- retrying in 13s (attempt 1/5)
    Transient error (You have exceeded a rate limit. Contact planetarycomputer@microsoft.com.) -- retrying in 13s (attempt 1/5)
    Transient error (You have exceeded a rate limit. Contact planetarycomputer@microsoft.com.) -- retrying in 15s (attempt 1/5)
    Transient error (You have exceeded a rate limit. Contact planetarycomputer@microsoft.com.) -- retrying in 8s (attempt 1/5)
    Transient error (You have exceeded a rate limit. Contact planetarycomputer@microsoft.com.) -- retrying in 15s (attempt 1/5)
    Transient error (You have exceeded a rate limit. Contact planetarycomputer@microsoft.com.) -- retrying in 19s (attempt 2/5)
    Transient error (You have exceeded a rate limit. Contact planetarycomputer@microsoft.com.) -- retrying in 15s (attempt 1/5)
    ...2600 candidate(s) done (58.4 min elapsed)
    Transient error (You have exceeded a rate limit. Contact planetarycomputer@microsoft.com.) -- retrying in 11s (attempt 1/5)
    Transient error (You have exceeded a rate limit. Contact planetarycomputer@microsoft.com.) -- retrying in 17s (attempt 2/5)
    Transient error (You have exceeded a rate limit. Contact planetarycomputer@microsoft.com.) -- retrying in 36s (attempt 3/5)
    Transient error (You have exceeded a rate limit. Contact planetarycomputer@microsoft.com.) -- retrying in 69s (attempt 4/5)
    Transient error (You have exceeded a rate limit. Contact planetarycomputer@microsoft.com.) -- retrying in 8s (attempt 1/5)
    Transient error (You have exceeded a rate limit. Contact planetarycomputer@microsoft.com.) -- retrying in 12s (attempt 1/5)
    Transient error (You have exceeded a rate limit. Contact planetarycomputer@microsoft.com.) -- retrying in 11s (attempt 1/5)
    Transient error (You have exceeded a rate limit. Contact planetarycomputer@microsoft.com.) -- retrying in 11s (attempt 1/5)
    Transient error (You have exceeded a rate limit. Contact planetarycomputer@microsoft.com.) -- retrying in 14s (attempt 1/5)
    Transient error (You have exceeded a rate limit. Contact planetarycomputer@microsoft.com.) -- retrying in 15s (attempt 1/5)
    Transient error (You have exceeded a rate limit. Contact planetarycomputer@microsoft.com.) -- retrying in 16s (attempt 1/5)
    Transient error (You have exceeded a rate limit. Contact planetarycomputer@microsoft.com.) -- retrying in 22s (attempt 2/5)
    ...2800 candidate(s) done (64.0 min elapsed)
    Transient error (You have exceeded a rate limit. Contact planetarycomputer@microsoft.com.) -- retrying in 13s (attempt 1/5)
    Transient error (You have exceeded a rate limit. Contact planetarycomputer@microsoft.com.) -- retrying in 12s (attempt 1/5)
    Transient error (You have exceeded a rate limit. Contact planetarycomputer@microsoft.com.) -- retrying in 11s (attempt 1/5)
    Transient error (You have exceeded a rate limit. Contact planetarycomputer@microsoft.com.) -- retrying in 11s (attempt 1/5)
    Transient error (You have exceeded a rate limit. Contact planetarycomputer@microsoft.com.) -- retrying in 10s (attempt 1/5)
    Transient error (You have exceeded a rate limit. Contact planetarycomputer@microsoft.com.) -- retrying in 12s (attempt 1/5)
    Transient error (You have exceeded a rate limit. Contact planetarycomputer@microsoft.com.) -- retrying in 9s (attempt 1/5)
    Transient error (You have exceeded a rate limit. Contact planetarycomputer@microsoft.com.) -- retrying in 13s (attempt 1/5)
    Transient error (You have exceeded a rate limit. Contact planetarycomputer@microsoft.com.) -- retrying in 9s (attempt 1/5)
    Transient error (You have exceeded a rate limit. Contact planetarycomputer@microsoft.com.) -- retrying in 11s (attempt 1/5)
    Transient error (You have exceeded a rate limit. Contact planetarycomputer@microsoft.com.) -- retrying in 11s (attempt 1/5)
    Transient error (You have exceeded a rate limit. Contact planetarycomputer@microsoft.com.) -- retrying in 15s (attempt 1/5)
    Transient error (You have exceeded a rate limit. Contact planetarycomputer@microsoft.com.) -- retrying in 9s (attempt 1/5)
    Transient error (You have exceeded a rate limit. Contact planetarycomputer@microsoft.com.) -- retrying in 20s (attempt 2/5)
    Transient error (You have exceeded a rate limit. Contact planetarycomputer@microsoft.com.) -- retrying in 16s (attempt 2/5)
    Transient error (You have exceeded a rate limit. Contact planetarycomputer@microsoft.com.) -- retrying in 21s (attempt 2/5)
    Transient error (You have exceeded a rate limit. Contact planetarycomputer@microsoft.com.) -- retrying in 18s (attempt 2/5)
    Transient error (You have exceeded a rate limit. Contact planetarycomputer@microsoft.com.) -- retrying in 33s (attempt 3/5)
    ...3000 candidate(s) done (67.9 min elapsed)
    Transient error (You have exceeded a rate limit. Contact planetarycomputer@microsoft.com.) -- retrying in 12s (attempt 1/5)
    Transient error (You have exceeded a rate limit. Contact planetarycomputer@microsoft.com.) -- retrying in 11s (attempt 1/5)
    Transient error (You have exceeded a rate limit. Contact planetarycomputer@microsoft.com.) -- retrying in 10s (attempt 1/5)
    Transient error (You have exceeded a rate limit. Contact planetarycomputer@microsoft.com.) -- retrying in 14s (attempt 1/5)
    ...3200 candidate(s) done (70.6 min elapsed)
    Transient error (You have exceeded a rate limit. Contact planetarycomputer@microsoft.com.) -- retrying in 9s (attempt 1/5)
    Transient error (You have exceeded a rate limit. Contact planetarycomputer@microsoft.com.) -- retrying in 21s (attempt 2/5)
    Transient error (You have exceeded a rate limit. Contact planetarycomputer@microsoft.com.) -- retrying in 10s (attempt 1/5)
    Transient error (You have exceeded a rate limit. Contact planetarycomputer@microsoft.com.) -- retrying in 24s (attempt 2/5)
    Transient error (You have exceeded a rate limit. Contact planetarycomputer@microsoft.com.) -- retrying in 13s (attempt 1/5)
    Transient error (You have exceeded a rate limit. Contact planetarycomputer@microsoft.com.) -- retrying in 11s (attempt 1/5)
    Transient error (You have exceeded a rate limit. Contact planetarycomputer@microsoft.com.) -- retrying in 11s (attempt 1/5)
    Transient error (You have exceeded a rate limit. Contact planetarycomputer@microsoft.com.) -- retrying in 15s (attempt 1/5)
    Transient error (You have exceeded a rate limit. Contact planetarycomputer@microsoft.com.) -- retrying in 13s (attempt 1/5)
    Transient error (You have exceeded a rate limit. Contact planetarycomputer@microsoft.com.) -- retrying in 15s (attempt 1/5)
    Transient error (You have exceeded a rate limit. Contact planetarycomputer@microsoft.com.) -- retrying in 22s (attempt 2/5)
    Transient error (You have exceeded a rate limit. Contact planetarycomputer@microsoft.com.) -- retrying in 34s (attempt 3/5)
    Transient error (You have exceeded a rate limit. Contact planetarycomputer@microsoft.com.) -- retrying in 66s (attempt 4/5)
    Transient error (You have exceeded a rate limit. Contact planetarycomputer@microsoft.com.) -- retrying in 9s (attempt 1/5)
    Transient error (You have exceeded a rate limit. Contact planetarycomputer@microsoft.com.) -- retrying in 12s (attempt 1/5)
    Transient error (You have exceeded a rate limit. Contact planetarycomputer@microsoft.com.) -- retrying in 9s (attempt 1/5)
    Transient error (You have exceeded a rate limit. Contact planetarycomputer@microsoft.com.) -- retrying in 14s (attempt 1/5)
    Transient error (You have exceeded a rate limit. Contact planetarycomputer@microsoft.com.) -- retrying in 11s (attempt 1/5)
    Transient error (You have exceeded a rate limit. Contact planetarycomputer@microsoft.com.) -- retrying in 14s (attempt 1/5)
    Transient error (You have exceeded a rate limit. Contact planetarycomputer@microsoft.com.) -- retrying in 11s (attempt 1/5)
    Transient error (You have exceeded a rate limit. Contact planetarycomputer@microsoft.com.) -- retrying in 19s (attempt 2/5)
    ...3400 candidate(s) done (77.2 min elapsed)
    Transient error (You have exceeded a rate limit. Contact planetarycomputer@microsoft.com.) -- retrying in 15s (attempt 1/5)
    Transient error (You have exceeded a rate limit. Contact planetarycomputer@microsoft.com.) -- retrying in 8s (attempt 1/5)
    Transient error (You have exceeded a rate limit. Contact planetarycomputer@microsoft.com.) -- retrying in 8s (attempt 1/5)
    Transient error (You have exceeded a rate limit. Contact planetarycomputer@microsoft.com.) -- retrying in 11s (attempt 1/5)
    Transient error (You have exceeded a rate limit. Contact planetarycomputer@microsoft.com.) -- retrying in 21s (attempt 2/5)
    Transient error (You have exceeded a rate limit. Contact planetarycomputer@microsoft.com.) -- retrying in 13s (attempt 1/5)
    Transient error (You have exceeded a rate limit. Contact planetarycomputer@microsoft.com.) -- retrying in 12s (attempt 1/5)
    Transient error (You have exceeded a rate limit. Contact planetarycomputer@microsoft.com.) -- retrying in 17s (attempt 2/5)
    Transient error (You have exceeded a rate limit. Contact planetarycomputer@microsoft.com.) -- retrying in 12s (attempt 1/5)
    Transient error (You have exceeded a rate limit. Contact planetarycomputer@microsoft.com.) -- retrying in 20s (attempt 2/5)
    Transient error (You have exceeded a rate limit. Contact planetarycomputer@microsoft.com.) -- retrying in 16s (attempt 2/5)
    Transient error (You have exceeded a rate limit. Contact planetarycomputer@microsoft.com.) -- retrying in 34s (attempt 3/5)
    ...3600 candidate(s) done (80.6 min elapsed)
    Transient error (You have exceeded a rate limit. Contact planetarycomputer@microsoft.com.) -- retrying in 12s (attempt 1/5)
    Transient error (You have exceeded a rate limit. Contact planetarycomputer@microsoft.com.) -- retrying in 10s (attempt 1/5)
    Transient error (You have exceeded a rate limit. Contact planetarycomputer@microsoft.com.) -- retrying in 14s (attempt 1/5)
    Transient error (You have exceeded a rate limit. Contact planetarycomputer@microsoft.com.) -- retrying in 10s (attempt 1/5)
    Transient error (You have exceeded a rate limit. Contact planetarycomputer@microsoft.com.) -- retrying in 10s (attempt 1/5)
    Transient error (You have exceeded a rate limit. Contact planetarycomputer@microsoft.com.) -- retrying in 16s (attempt 1/5)
    Transient error (You have exceeded a rate limit. Contact planetarycomputer@microsoft.com.) -- retrying in 16s (attempt 1/5)
    Transient error (You have exceeded a rate limit. Contact planetarycomputer@microsoft.com.) -- retrying in 10s (attempt 1/5)
    Transient error (You have exceeded a rate limit. Contact planetarycomputer@microsoft.com.) -- retrying in 20s (attempt 2/5)
    Transient error (You have exceeded a rate limit. Contact planetarycomputer@microsoft.com.) -- retrying in 16s (attempt 1/5)
    Transient error (You have exceeded a rate limit. Contact planetarycomputer@microsoft.com.) -- retrying in 12s (attempt 1/5)
    Transient error (You have exceeded a rate limit. Contact planetarycomputer@microsoft.com.) -- retrying in 13s (attempt 1/5)
    Transient error (You have exceeded a rate limit. Contact planetarycomputer@microsoft.com.) -- retrying in 14s (attempt 1/5)
    Transient error (You have exceeded a rate limit. Contact planetarycomputer@microsoft.com.) -- retrying in 14s (attempt 1/5)
    Transient error (You have exceeded a rate limit. Contact planetarycomputer@microsoft.com.) -- retrying in 14s (attempt 1/5)
    Transient error (You have exceeded a rate limit. Contact planetarycomputer@microsoft.com.) -- retrying in 10s (attempt 1/5)
    Transient error (You have exceeded a rate limit. Contact planetarycomputer@microsoft.com.) -- retrying in 16s (attempt 2/5)
    ...3800 candidate(s) done (84.9 min elapsed)
    Transient error (You have exceeded a rate limit. Contact planetarycomputer@microsoft.com.) -- retrying in 15s (attempt 1/5)
    Transient error (You have exceeded a rate limit. Contact planetarycomputer@microsoft.com.) -- retrying in 10s (attempt 1/5)
    Transient error (You have exceeded a rate limit. Contact planetarycomputer@microsoft.com.) -- retrying in 11s (attempt 1/5)
    Transient error (You have exceeded a rate limit. Contact planetarycomputer@microsoft.com.) -- retrying in 12s (attempt 1/5)
    Transient error (You have exceeded a rate limit. Contact planetarycomputer@microsoft.com.) -- retrying in 11s (attempt 1/5)
    Transient error (You have exceeded a rate limit. Contact planetarycomputer@microsoft.com.) -- retrying in 16s (attempt 1/5)
    Transient error (You have exceeded a rate limit. Contact planetarycomputer@microsoft.com.) -- retrying in 9s (attempt 1/5)
    Transient error (You have exceeded a rate limit. Contact planetarycomputer@microsoft.com.) -- retrying in 12s (attempt 1/5)
    Transient error (You have exceeded a rate limit. Contact planetarycomputer@microsoft.com.) -- retrying in 20s (attempt 2/5)
    Transient error (You have exceeded a rate limit. Contact planetarycomputer@microsoft.com.) -- retrying in 12s (attempt 1/5)
    Transient error (You have exceeded a rate limit. Contact planetarycomputer@microsoft.com.) -- retrying in 20s (attempt 2/5)
    ...4000 candidate(s) done (88.1 min elapsed)
    Transient error (You have exceeded a rate limit. Contact planetarycomputer@microsoft.com.) -- retrying in 9s (attempt 1/5)
    Transient error (You have exceeded a rate limit. Contact planetarycomputer@microsoft.com.) -- retrying in 12s (attempt 1/5)
    Transient error (You have exceeded a rate limit. Contact planetarycomputer@microsoft.com.) -- retrying in 16s (attempt 1/5)
    Transient error (You have exceeded a rate limit. Contact planetarycomputer@microsoft.com.) -- retrying in 12s (attempt 1/5)
    Transient error (You have exceeded a rate limit. Contact planetarycomputer@microsoft.com.) -- retrying in 12s (attempt 1/5)
    Transient error (You have exceeded a rate limit. Contact planetarycomputer@microsoft.com.) -- retrying in 16s (attempt 1/5)
    Transient error (You have exceeded a rate limit. Contact planetarycomputer@microsoft.com.) -- retrying in 8s (attempt 1/5)
    Transient error (You have exceeded a rate limit. Contact planetarycomputer@microsoft.com.) -- retrying in 18s (attempt 2/5)
    Transient error (You have exceeded a rate limit. Contact planetarycomputer@microsoft.com.) -- retrying in 37s (attempt 3/5)
    Transient error (You have exceeded a rate limit. Contact planetarycomputer@microsoft.com.) -- retrying in 9s (attempt 1/5)
    Transient error (You have exceeded a rate limit. Contact planetarycomputer@microsoft.com.) -- retrying in 15s (attempt 1/5)
    Transient error (You have exceeded a rate limit. Contact planetarycomputer@microsoft.com.) -- retrying in 14s (attempt 1/5)
    Transient error (You have exceeded a rate limit. Contact planetarycomputer@microsoft.com.) -- retrying in 10s (attempt 1/5)
    Transient error (You have exceeded a rate limit. Contact planetarycomputer@microsoft.com.) -- retrying in 12s (attempt 1/5)
    ...4200 candidate(s) done (92.2 min elapsed)
    Transient error (You have exceeded a rate limit. Contact planetarycomputer@microsoft.com.) -- retrying in 12s (attempt 1/5)
    Transient error (You have exceeded a rate limit. Contact planetarycomputer@microsoft.com.) -- retrying in 10s (attempt 1/5)
    Transient error (You have exceeded a rate limit. Contact planetarycomputer@microsoft.com.) -- retrying in 12s (attempt 1/5)
    Transient error (You have exceeded a rate limit. Contact planetarycomputer@microsoft.com.) -- retrying in 21s (attempt 2/5)
    Transient error (You have exceeded a rate limit. Contact planetarycomputer@microsoft.com.) -- retrying in 15s (attempt 1/5)
    Transient error (You have exceeded a rate limit. Contact planetarycomputer@microsoft.com.) -- retrying in 20s (attempt 2/5)
    Transient error (You have exceeded a rate limit. Contact planetarycomputer@microsoft.com.) -- retrying in 9s (attempt 1/5)
    Transient error (You have exceeded a rate limit. Contact planetarycomputer@microsoft.com.) -- retrying in 16s (attempt 1/5)
    Transient error (You have exceeded a rate limit. Contact planetarycomputer@microsoft.com.) -- retrying in 19s (attempt 2/5)
    Transient error (You have exceeded a rate limit. Contact planetarycomputer@microsoft.com.) -- retrying in 12s (attempt 1/5)
    Transient error (You have exceeded a rate limit. Contact planetarycomputer@microsoft.com.) -- retrying in 14s (attempt 1/5)
    Transient error (You have exceeded a rate limit. Contact planetarycomputer@microsoft.com.) -- retrying in 10s (attempt 1/5)
    ...4400 candidate(s) done (96.6 min elapsed)
    Transient error (You have exceeded a rate limit. Contact planetarycomputer@microsoft.com.) -- retrying in 13s (attempt 1/5)
    Transient error (You have exceeded a rate limit. Contact planetarycomputer@microsoft.com.) -- retrying in 21s (attempt 2/5)
    Transient error (You have exceeded a rate limit. Contact planetarycomputer@microsoft.com.) -- retrying in 13s (attempt 1/5)
    Transient error (You have exceeded a rate limit. Contact planetarycomputer@microsoft.com.) -- retrying in 10s (attempt 1/5)
    Transient error (You have exceeded a rate limit. Contact planetarycomputer@microsoft.com.) -- retrying in 9s (attempt 1/5)
    Transient error (You have exceeded a rate limit. Contact planetarycomputer@microsoft.com.) -- retrying in 12s (attempt 1/5)
    Transient error (You have exceeded a rate limit. Contact planetarycomputer@microsoft.com.) -- retrying in 11s (attempt 1/5)
    Transient error (You have exceeded a rate limit. Contact planetarycomputer@microsoft.com.) -- retrying in 16s (attempt 2/5)
    Transient error (You have exceeded a rate limit. Contact planetarycomputer@microsoft.com.) -- retrying in 15s (attempt 1/5)
    Transient error (You have exceeded a rate limit. Contact planetarycomputer@microsoft.com.) -- retrying in 9s (attempt 1/5)
    Transient error (You have exceeded a rate limit. Contact planetarycomputer@microsoft.com.) -- retrying in 23s (attempt 2/5)
    Transient error (You have exceeded a rate limit. Contact planetarycomputer@microsoft.com.) -- retrying in 9s (attempt 1/5)
    Transient error (You have exceeded a rate limit. Contact planetarycomputer@microsoft.com.) -- retrying in 11s (attempt 1/5)
    Transient error (You have exceeded a rate limit. Contact planetarycomputer@microsoft.com.) -- retrying in 9s (attempt 1/5)
    Transient error (You have exceeded a rate limit. Contact planetarycomputer@microsoft.com.) -- retrying in 12s (attempt 1/5)
    Transient error (You have exceeded a rate limit. Contact planetarycomputer@microsoft.com.) -- retrying in 14s (attempt 1/5)
    Transient error (You have exceeded a rate limit. Contact planetarycomputer@microsoft.com.) -- retrying in 16s (attempt 2/5)
    Transient error (You have exceeded a rate limit. Contact planetarycomputer@microsoft.com.) -- retrying in 32s (attempt 3/5)
    Transient error (You have exceeded a rate limit. Contact planetarycomputer@microsoft.com.) -- retrying in 69s (attempt 4/5)
    Transient error (You have exceeded a rate limit. Contact planetarycomputer@microsoft.com.) -- retrying in 8s (attempt 1/5)
    Transient error (You have exceeded a rate limit. Contact planetarycomputer@microsoft.com.) -- retrying in 14s (attempt 1/5)
    ...4600 candidate(s) done (104.1 min elapsed)
    Transient error (You have exceeded a rate limit. Contact planetarycomputer@microsoft.com.) -- retrying in 14s (attempt 1/5)
    Transient error (You have exceeded a rate limit. Contact planetarycomputer@microsoft.com.) -- retrying in 10s (attempt 1/5)
    Transient error (You have exceeded a rate limit. Contact planetarycomputer@microsoft.com.) -- retrying in 18s (attempt 2/5)
    Transient error (You have exceeded a rate limit. Contact planetarycomputer@microsoft.com.) -- retrying in 10s (attempt 1/5)
    Transient error (You have exceeded a rate limit. Contact planetarycomputer@microsoft.com.) -- retrying in 8s (attempt 1/5)
    Transient error (You have exceeded a rate limit. Contact planetarycomputer@microsoft.com.) -- retrying in 11s (attempt 1/5)
    Transient error (You have exceeded a rate limit. Contact planetarycomputer@microsoft.com.) -- retrying in 23s (attempt 2/5)
    Transient error (You have exceeded a rate limit. Contact planetarycomputer@microsoft.com.) -- retrying in 9s (attempt 1/5)
    Transient error (You have exceeded a rate limit. Contact planetarycomputer@microsoft.com.) -- retrying in 14s (attempt 1/5)
    Transient error (You have exceeded a rate limit. Contact planetarycomputer@microsoft.com.) -- retrying in 8s (attempt 1/5)
    Transient error (You have exceeded a rate limit. Contact planetarycomputer@microsoft.com.) -- retrying in 11s (attempt 1/5)
    Transient error (You have exceeded a rate limit. Contact planetarycomputer@microsoft.com.) -- retrying in 14s (attempt 1/5)
    Transient error (You have exceeded a rate limit. Contact planetarycomputer@microsoft.com.) -- retrying in 14s (attempt 1/5)
    Transient error (You have exceeded a rate limit. Contact planetarycomputer@microsoft.com.) -- retrying in 14s (attempt 1/5)
    Transient error (You have exceeded a rate limit. Contact planetarycomputer@microsoft.com.) -- retrying in 15s (attempt 1/5)
    Transient error (You have exceeded a rate limit. Contact planetarycomputer@microsoft.com.) -- retrying in 21s (attempt 2/5)
    Transient error (You have exceeded a rate limit. Contact planetarycomputer@microsoft.com.) -- retrying in 17s (attempt 2/5)
    Transient error (You have exceeded a rate limit. Contact planetarycomputer@microsoft.com.) -- retrying in 13s (attempt 1/5)
    Transient error (You have exceeded a rate limit. Contact planetarycomputer@microsoft.com.) -- retrying in 11s (attempt 1/5)
    ...4800 candidate(s) done (107.5 min elapsed)
    Transient error (You have exceeded a rate limit. Contact planetarycomputer@microsoft.com.) -- retrying in 10s (attempt 1/5)
    Transient error (You have exceeded a rate limit. Contact planetarycomputer@microsoft.com.) -- retrying in 12s (attempt 1/5)
    Transient error (You have exceeded a rate limit. Contact planetarycomputer@microsoft.com.) -- retrying in 16s (attempt 1/5)
    Transient error (You have exceeded a rate limit. Contact planetarycomputer@microsoft.com.) -- retrying in 19s (attempt 2/5)
    Transient error (You have exceeded a rate limit. Contact planetarycomputer@microsoft.com.) -- retrying in 9s (attempt 1/5)
    Transient error (You have exceeded a rate limit. Contact planetarycomputer@microsoft.com.) -- retrying in 8s (attempt 1/5)
    Transient error (You have exceeded a rate limit. Contact planetarycomputer@microsoft.com.) -- retrying in 21s (attempt 2/5)
    Transient error (You have exceeded a rate limit. Contact planetarycomputer@microsoft.com.) -- retrying in 11s (attempt 1/5)
    ...5000 candidate(s) done (110.9 min elapsed)
    Transient error (You have exceeded a rate limit. Contact planetarycomputer@microsoft.com.) -- retrying in 15s (attempt 1/5)
    Transient error (You have exceeded a rate limit. Contact planetarycomputer@microsoft.com.) -- retrying in 12s (attempt 1/5)
    Transient error (You have exceeded a rate limit. Contact planetarycomputer@microsoft.com.) -- retrying in 9s (attempt 1/5)
    Transient error (You have exceeded a rate limit. Contact planetarycomputer@microsoft.com.) -- retrying in 9s (attempt 1/5)
    Transient error (You have exceeded a rate limit. Contact planetarycomputer@microsoft.com.) -- retrying in 17s (attempt 2/5)
    Transient error (You have exceeded a rate limit. Contact planetarycomputer@microsoft.com.) -- retrying in 11s (attempt 1/5)
    Transient error (You have exceeded a rate limit. Contact planetarycomputer@microsoft.com.) -- retrying in 12s (attempt 1/5)
    Transient error (You have exceeded a rate limit. Contact planetarycomputer@microsoft.com.) -- retrying in 9s (attempt 1/5)
    Transient error (You have exceeded a rate limit. Contact planetarycomputer@microsoft.com.) -- retrying in 17s (attempt 2/5)
    Transient error (You have exceeded a rate limit. Contact planetarycomputer@microsoft.com.) -- retrying in 10s (attempt 1/5)
    Transient error (You have exceeded a rate limit. Contact planetarycomputer@microsoft.com.) -- retrying in 8s (attempt 1/5)
    Transient error (You have exceeded a rate limit. Contact planetarycomputer@microsoft.com.) -- retrying in 14s (attempt 1/5)
    Transient error (You have exceeded a rate limit. Contact planetarycomputer@microsoft.com.) -- retrying in 9s (attempt 1/5)
    Transient error (You have exceeded a rate limit. Contact planetarycomputer@microsoft.com.) -- retrying in 13s (attempt 1/5)
    Transient error (You have exceeded a rate limit. Contact planetarycomputer@microsoft.com.) -- retrying in 16s (attempt 1/5)
    ...5200 candidate(s) done (115.7 min elapsed)
    Transient error (You have exceeded a rate limit. Contact planetarycomputer@microsoft.com.) -- retrying in 13s (attempt 1/5)
    Transient error (You have exceeded a rate limit. Contact planetarycomputer@microsoft.com.) -- retrying in 9s (attempt 1/5)
    ...5400 candidate(s) done (117.6 min elapsed)
    Transient error (You have exceeded a rate limit. Contact planetarycomputer@microsoft.com.) -- retrying in 15s (attempt 1/5)
    Transient error (You have exceeded a rate limit. Contact planetarycomputer@microsoft.com.) -- retrying in 24s (attempt 2/5)
    Transient error (You have exceeded a rate limit. Contact planetarycomputer@microsoft.com.) -- retrying in 11s (attempt 1/5)
    Transient error (You have exceeded a rate limit. Contact planetarycomputer@microsoft.com.) -- retrying in 11s (attempt 1/5)
    Transient error (You have exceeded a rate limit. Contact planetarycomputer@microsoft.com.) -- retrying in 14s (attempt 1/5)
    Transient error (You have exceeded a rate limit. Contact planetarycomputer@microsoft.com.) -- retrying in 13s (attempt 1/5)
    Transient error (You have exceeded a rate limit. Contact planetarycomputer@microsoft.com.) -- retrying in 16s (attempt 1/5)
    Transient error (You have exceeded a rate limit. Contact planetarycomputer@microsoft.com.) -- retrying in 9s (attempt 1/5)
    Transient error (You have exceeded a rate limit. Contact planetarycomputer@microsoft.com.) -- retrying in 8s (attempt 1/5)
    Transient error (You have exceeded a rate limit. Contact planetarycomputer@microsoft.com.) -- retrying in 22s (attempt 2/5)
    Transient error (You have exceeded a rate limit. Contact planetarycomputer@microsoft.com.) -- retrying in 14s (attempt 1/5)
    Transient error (You have exceeded a rate limit. Contact planetarycomputer@microsoft.com.) -- retrying in 16s (attempt 1/5)
    Transient error (You have exceeded a rate limit. Contact planetarycomputer@microsoft.com.) -- retrying in 11s (attempt 1/5)
    Transient error (You have exceeded a rate limit. Contact planetarycomputer@microsoft.com.) -- retrying in 9s (attempt 1/5)
    Transient error (You have exceeded a rate limit. Contact planetarycomputer@microsoft.com.) -- retrying in 23s (attempt 2/5)
    Transient error (You have exceeded a rate limit. Contact planetarycomputer@microsoft.com.) -- retrying in 24s (attempt 2/5)
    ...5600 candidate(s) done (122.2 min elapsed)
    Transient error (You have exceeded a rate limit. Contact planetarycomputer@microsoft.com.) -- retrying in 11s (attempt 1/5)
    Transient error (You have exceeded a rate limit. Contact planetarycomputer@microsoft.com.) -- retrying in 16s (attempt 2/5)
    Transient error (You have exceeded a rate limit. Contact planetarycomputer@microsoft.com.) -- retrying in 11s (attempt 1/5)
    Transient error (You have exceeded a rate limit. Contact planetarycomputer@microsoft.com.) -- retrying in 22s (attempt 2/5)
    Transient error (You have exceeded a rate limit. Contact planetarycomputer@microsoft.com.) -- retrying in 10s (attempt 1/5)
    Transient error (You have exceeded a rate limit. Contact planetarycomputer@microsoft.com.) -- retrying in 14s (attempt 1/5)
    Transient error (You have exceeded a rate limit. Contact planetarycomputer@microsoft.com.) -- retrying in 11s (attempt 1/5)
    Transient error (You have exceeded a rate limit. Contact planetarycomputer@microsoft.com.) -- retrying in 13s (attempt 1/5)
    Transient error (You have exceeded a rate limit. Contact planetarycomputer@microsoft.com.) -- retrying in 12s (attempt 1/5)
    Transient error (You have exceeded a rate limit. Contact planetarycomputer@microsoft.com.) -- retrying in 12s (attempt 1/5)
    Transient error (You have exceeded a rate limit. Contact planetarycomputer@microsoft.com.) -- retrying in 10s (attempt 1/5)
    Transient error (You have exceeded a rate limit. Contact planetarycomputer@microsoft.com.) -- retrying in 13s (attempt 1/5)
    Transient error (You have exceeded a rate limit. Contact planetarycomputer@microsoft.com.) -- retrying in 17s (attempt 2/5)
    Transient error (You have exceeded a rate limit. Contact planetarycomputer@microsoft.com.) -- retrying in 14s (attempt 1/5)
    Transient error (You have exceeded a rate limit. Contact planetarycomputer@microsoft.com.) -- retrying in 12s (attempt 1/5)
    Transient error (You have exceeded a rate limit. Contact planetarycomputer@microsoft.com.) -- retrying in 23s (attempt 2/5)
    Transient error (You have exceeded a rate limit. Contact planetarycomputer@microsoft.com.) -- retrying in 13s (attempt 1/5)
    Transient error (You have exceeded a rate limit. Contact planetarycomputer@microsoft.com.) -- retrying in 16s (attempt 1/5)
    Transient error (You have exceeded a rate limit. Contact planetarycomputer@microsoft.com.) -- retrying in 12s (attempt 1/5)
    Transient error (You have exceeded a rate limit. Contact planetarycomputer@microsoft.com.) -- retrying in 14s (attempt 1/5)
    Transient error (You have exceeded a rate limit. Contact planetarycomputer@microsoft.com.) -- retrying in 12s (attempt 1/5)
    Transient error (You have exceeded a rate limit. Contact planetarycomputer@microsoft.com.) -- retrying in 10s (attempt 1/5)
    Transient error (You have exceeded a rate limit. Contact planetarycomputer@microsoft.com.) -- retrying in 20s (attempt 2/5)
    Transient error (You have exceeded a rate limit. Contact planetarycomputer@microsoft.com.) -- retrying in 10s (attempt 1/5)
    Transient error (You have exceeded a rate limit. Contact planetarycomputer@microsoft.com.) -- retrying in 9s (attempt 1/5)
    Transient error (You have exceeded a rate limit. Contact planetarycomputer@microsoft.com.) -- retrying in 23s (attempt 2/5)
    Transient error (You have exceeded a rate limit. Contact planetarycomputer@microsoft.com.) -- retrying in 17s (attempt 2/5)
    Transient error (You have exceeded a rate limit. Contact planetarycomputer@microsoft.com.) -- retrying in 19s (attempt 2/5)
    Transient error (You have exceeded a rate limit. Contact planetarycomputer@microsoft.com.) -- retrying in 20s (attempt 2/5)
    ...5800 candidate(s) done (128.0 min elapsed)
    Transient error (You have exceeded a rate limit. Contact planetarycomputer@microsoft.com.) -- retrying in 12s (attempt 1/5)
    Transient error (You have exceeded a rate limit. Contact planetarycomputer@microsoft.com.) -- retrying in 18s (attempt 2/5)
    Transient error (You have exceeded a rate limit. Contact planetarycomputer@microsoft.com.) -- retrying in 8s (attempt 1/5)
    Transient error (You have exceeded a rate limit. Contact planetarycomputer@microsoft.com.) -- retrying in 14s (attempt 1/5)
    Transient error (You have exceeded a rate limit. Contact planetarycomputer@microsoft.com.) -- retrying in 20s (attempt 2/5)
    Transient error (You have exceeded a rate limit. Contact planetarycomputer@microsoft.com.) -- retrying in 9s (attempt 1/5)
    Transient error (You have exceeded a rate limit. Contact planetarycomputer@microsoft.com.) -- retrying in 12s (attempt 1/5)
    Transient error (You have exceeded a rate limit. Contact planetarycomputer@microsoft.com.) -- retrying in 14s (attempt 1/5)
    Transient error (You have exceeded a rate limit. Contact planetarycomputer@microsoft.com.) -- retrying in 11s (attempt 1/5)
    Transient error (You have exceeded a rate limit. Contact planetarycomputer@microsoft.com.) -- retrying in 22s (attempt 2/5)
    Transient error (You have exceeded a rate limit. Contact planetarycomputer@microsoft.com.) -- retrying in 39s (attempt 3/5)
    Transient error (You have exceeded a rate limit. Contact planetarycomputer@microsoft.com.) -- retrying in 13s (attempt 1/5)
    Transient error (You have exceeded a rate limit. Contact planetarycomputer@microsoft.com.) -- retrying in 16s (attempt 1/5)
    Transient error (You have exceeded a rate limit. Contact planetarycomputer@microsoft.com.) -- retrying in 13s (attempt 1/5)
    Transient error (You have exceeded a rate limit. Contact planetarycomputer@microsoft.com.) -- retrying in 13s (attempt 1/5)
    Transient error (You have exceeded a rate limit. Contact planetarycomputer@microsoft.com.) -- retrying in 9s (attempt 1/5)
    Transient error (You have exceeded a rate limit. Contact planetarycomputer@microsoft.com.) -- retrying in 15s (attempt 1/5)
    Transient error (You have exceeded a rate limit. Contact planetarycomputer@microsoft.com.) -- retrying in 9s (attempt 1/5)
    ...6000 candidate(s) done (133.2 min elapsed)
    Transient error (You have exceeded a rate limit. Contact planetarycomputer@microsoft.com.) -- retrying in 11s (attempt 1/5)
    Transient error (You have exceeded a rate limit. Contact planetarycomputer@microsoft.com.) -- retrying in 15s (attempt 1/5)
    Transient error (You have exceeded a rate limit. Contact planetarycomputer@microsoft.com.) -- retrying in 14s (attempt 1/5)
    Transient error (You have exceeded a rate limit. Contact planetarycomputer@microsoft.com.) -- retrying in 13s (attempt 1/5)
    Transient error (You have exceeded a rate limit. Contact planetarycomputer@microsoft.com.) -- retrying in 12s (attempt 1/5)
    Transient error (You have exceeded a rate limit. Contact planetarycomputer@microsoft.com.) -- retrying in 13s (attempt 1/5)
    Transient error (You have exceeded a rate limit. Contact planetarycomputer@microsoft.com.) -- retrying in 14s (attempt 1/5)
    Transient error (You have exceeded a rate limit. Contact planetarycomputer@microsoft.com.) -- retrying in 18s (attempt 2/5)
    Transient error (You have exceeded a rate limit. Contact planetarycomputer@microsoft.com.) -- retrying in 11s (attempt 1/5)
    Transient error (You have exceeded a rate limit. Contact planetarycomputer@microsoft.com.) -- retrying in 12s (attempt 1/5)
    Transient error (You have exceeded a rate limit. Contact planetarycomputer@microsoft.com.) -- retrying in 8s (attempt 1/5)
    Transient error (You have exceeded a rate limit. Contact planetarycomputer@microsoft.com.) -- retrying in 10s (attempt 1/5)
    Transient error (You have exceeded a rate limit. Contact planetarycomputer@microsoft.com.) -- retrying in 9s (attempt 1/5)
    Transient error (You have exceeded a rate limit. Contact planetarycomputer@microsoft.com.) -- retrying in 10s (attempt 1/5)
    Transient error (You have exceeded a rate limit. Contact planetarycomputer@microsoft.com.) -- retrying in 13s (attempt 1/5)
    Transient error (You have exceeded a rate limit. Contact planetarycomputer@microsoft.com.) -- retrying in 13s (attempt 1/5)
    Transient error (You have exceeded a rate limit. Contact planetarycomputer@microsoft.com.) -- retrying in 10s (attempt 1/5)
    Transient error (You have exceeded a rate limit. Contact planetarycomputer@microsoft.com.) -- retrying in 20s (attempt 2/5)
    Transient error (You have exceeded a rate limit. Contact planetarycomputer@microsoft.com.) -- retrying in 11s (attempt 1/5)
    Transient error (You have exceeded a rate limit. Contact planetarycomputer@microsoft.com.) -- retrying in 10s (attempt 1/5)
    Transient error (You have exceeded a rate limit. Contact planetarycomputer@microsoft.com.) -- retrying in 13s (attempt 1/5)
    Transient error (You have exceeded a rate limit. Contact planetarycomputer@microsoft.com.) -- retrying in 14s (attempt 1/5)
    Transient error (You have exceeded a rate limit. Contact planetarycomputer@microsoft.com.) -- retrying in 12s (attempt 1/5)
    Transient error (You have exceeded a rate limit. Contact planetarycomputer@microsoft.com.) -- retrying in 22s (attempt 2/5)
    Transient error (You have exceeded a rate limit. Contact planetarycomputer@microsoft.com.) -- retrying in 19s (attempt 2/5)
    Transient error (You have exceeded a rate limit. Contact planetarycomputer@microsoft.com.) -- retrying in 16s (attempt 2/5)
    Transient error (You have exceeded a rate limit. Contact planetarycomputer@microsoft.com.) -- retrying in 17s (attempt 2/5)
    Transient error (You have exceeded a rate limit. Contact planetarycomputer@microsoft.com.) -- retrying in 16s (attempt 2/5)
    Transient error (You have exceeded a rate limit. Contact planetarycomputer@microsoft.com.) -- retrying in 16s (attempt 1/5)
    Transient error (You have exceeded a rate limit. Contact planetarycomputer@microsoft.com.) -- retrying in 16s (attempt 1/5)
    Transient error (You have exceeded a rate limit. Contact planetarycomputer@microsoft.com.) -- retrying in 13s (attempt 1/5)
    ...6200 candidate(s) done (138.2 min elapsed)
    Transient error (You have exceeded a rate limit. Contact planetarycomputer@microsoft.com.) -- retrying in 9s (attempt 1/5)
    Transient error (You have exceeded a rate limit. Contact planetarycomputer@microsoft.com.) -- retrying in 8s (attempt 1/5)
    Transient error (You have exceeded a rate limit. Contact planetarycomputer@microsoft.com.) -- retrying in 10s (attempt 1/5)
    Transient error (You have exceeded a rate limit. Contact planetarycomputer@microsoft.com.) -- retrying in 9s (attempt 1/5)
    Transient error (You have exceeded a rate limit. Contact planetarycomputer@microsoft.com.) -- retrying in 12s (attempt 1/5)
    Transient error (You have exceeded a rate limit. Contact planetarycomputer@microsoft.com.) -- retrying in 17s (attempt 2/5)
    Transient error (You have exceeded a rate limit. Contact planetarycomputer@microsoft.com.) -- retrying in 14s (attempt 1/5)
    Transient error (You have exceeded a rate limit. Contact planetarycomputer@microsoft.com.) -- retrying in 17s (attempt 2/5)
    ...6400 candidate(s) done (141.5 min elapsed)
    Transient error (You have exceeded a rate limit. Contact planetarycomputer@microsoft.com.) -- retrying in 14s (attempt 1/5)
    Transient error (You have exceeded a rate limit. Contact planetarycomputer@microsoft.com.) -- retrying in 10s (attempt 1/5)
    Transient error (You have exceeded a rate limit. Contact planetarycomputer@microsoft.com.) -- retrying in 17s (attempt 2/5)
    Transient error (You have exceeded a rate limit. Contact planetarycomputer@microsoft.com.) -- retrying in 10s (attempt 1/5)
    Transient error (You have exceeded a rate limit. Contact planetarycomputer@microsoft.com.) -- retrying in 16s (attempt 1/5)
    Transient error (You have exceeded a rate limit. Contact planetarycomputer@microsoft.com.) -- retrying in 23s (attempt 2/5)
    Transient error (You have exceeded a rate limit. Contact planetarycomputer@microsoft.com.) -- retrying in 12s (attempt 1/5)
    Transient error (You have exceeded a rate limit. Contact planetarycomputer@microsoft.com.) -- retrying in 9s (attempt 1/5)
    Transient error (You have exceeded a rate limit. Contact planetarycomputer@microsoft.com.) -- retrying in 11s (attempt 1/5)
    Transient error (You have exceeded a rate limit. Contact planetarycomputer@microsoft.com.) -- retrying in 22s (attempt 2/5)
    Transient error (You have exceeded a rate limit. Contact planetarycomputer@microsoft.com.) -- retrying in 34s (attempt 3/5)
    ...6600 candidate(s) done (145.4 min elapsed)
    Transient error (You have exceeded a rate limit. Contact planetarycomputer@microsoft.com.) -- retrying in 13s (attempt 1/5)
    Transient error (You have exceeded a rate limit. Contact planetarycomputer@microsoft.com.) -- retrying in 14s (attempt 1/5)
    Transient error (You have exceeded a rate limit. Contact planetarycomputer@microsoft.com.) -- retrying in 11s (attempt 1/5)
    Transient error (You have exceeded a rate limit. Contact planetarycomputer@microsoft.com.) -- retrying in 10s (attempt 1/5)
    Transient error (You have exceeded a rate limit. Contact planetarycomputer@microsoft.com.) -- retrying in 24s (attempt 2/5)
    Transient error (You have exceeded a rate limit. Contact planetarycomputer@microsoft.com.) -- retrying in 9s (attempt 1/5)
    Transient error (You have exceeded a rate limit. Contact planetarycomputer@microsoft.com.) -- retrying in 15s (attempt 1/5)
    Transient error (You have exceeded a rate limit. Contact planetarycomputer@microsoft.com.) -- retrying in 13s (attempt 1/5)
    Transient error (You have exceeded a rate limit. Contact planetarycomputer@microsoft.com.) -- retrying in 12s (attempt 1/5)
    ...6800 candidate(s) done (149.4 min elapsed)
    Transient error (You have exceeded a rate limit. Contact planetarycomputer@microsoft.com.) -- retrying in 10s (attempt 1/5)
    Transient error (You have exceeded a rate limit. Contact planetarycomputer@microsoft.com.) -- retrying in 12s (attempt 1/5)
    Transient error (You have exceeded a rate limit. Contact planetarycomputer@microsoft.com.) -- retrying in 12s (attempt 1/5)
    Transient error (You have exceeded a rate limit. Contact planetarycomputer@microsoft.com.) -- retrying in 9s (attempt 1/5)
    Transient error (You have exceeded a rate limit. Contact planetarycomputer@microsoft.com.) -- retrying in 10s (attempt 1/5)
    Transient error (You have exceeded a rate limit. Contact planetarycomputer@microsoft.com.) -- retrying in 17s (attempt 2/5)
    Transient error (You have exceeded a rate limit. Contact planetarycomputer@microsoft.com.) -- retrying in 11s (attempt 1/5)
    Transient error (You have exceeded a rate limit. Contact planetarycomputer@microsoft.com.) -- retrying in 14s (attempt 1/5)
    Transient error (You have exceeded a rate limit. Contact planetarycomputer@microsoft.com.) -- retrying in 9s (attempt 1/5)
    Transient error (You have exceeded a rate limit. Contact planetarycomputer@microsoft.com.) -- retrying in 16s (attempt 1/5)
    Transient error (You have exceeded a rate limit. Contact planetarycomputer@microsoft.com.) -- retrying in 14s (attempt 1/5)
    Transient error (You have exceeded a rate limit. Contact planetarycomputer@microsoft.com.) -- retrying in 8s (attempt 1/5)
    Transient error (You have exceeded a rate limit. Contact planetarycomputer@microsoft.com.) -- retrying in 14s (attempt 1/5)
    Transient error (You have exceeded a rate limit. Contact planetarycomputer@microsoft.com.) -- retrying in 14s (attempt 1/5)
    Transient error (You have exceeded a rate limit. Contact planetarycomputer@microsoft.com.) -- retrying in 11s (attempt 1/5)
    Transient error (You have exceeded a rate limit. Contact planetarycomputer@microsoft.com.) -- retrying in 8s (attempt 1/5)
    Transient error (You have exceeded a rate limit. Contact planetarycomputer@microsoft.com.) -- retrying in 12s (attempt 1/5)
    ...7000 candidate(s) done (154.1 min elapsed)
    Transient error (You have exceeded a rate limit. Contact planetarycomputer@microsoft.com.) -- retrying in 13s (attempt 1/5)
    Transient error (You have exceeded a rate limit. Contact planetarycomputer@microsoft.com.) -- retrying in 9s (attempt 1/5)
    Transient error (You have exceeded a rate limit. Contact planetarycomputer@microsoft.com.) -- retrying in 9s (attempt 1/5)
    Transient error (You have exceeded a rate limit. Contact planetarycomputer@microsoft.com.) -- retrying in 12s (attempt 1/5)
    Transient error (You have exceeded a rate limit. Contact planetarycomputer@microsoft.com.) -- retrying in 15s (attempt 1/5)
    Transient error (You have exceeded a rate limit. Contact planetarycomputer@microsoft.com.) -- retrying in 19s (attempt 2/5)
    ...7200 candidate(s) done (157.0 min elapsed)
    Transient error (You have exceeded a rate limit. Contact planetarycomputer@microsoft.com.) -- retrying in 14s (attempt 1/5)
    Transient error (You have exceeded a rate limit. Contact planetarycomputer@microsoft.com.) -- retrying in 10s (attempt 1/5)
    Transient error (You have exceeded a rate limit. Contact planetarycomputer@microsoft.com.) -- retrying in 10s (attempt 1/5)
    Transient error (You have exceeded a rate limit. Contact planetarycomputer@microsoft.com.) -- retrying in 11s (attempt 1/5)
    Transient error (You have exceeded a rate limit. Contact planetarycomputer@microsoft.com.) -- retrying in 15s (attempt 1/5)
    Transient error (You have exceeded a rate limit. Contact planetarycomputer@microsoft.com.) -- retrying in 12s (attempt 1/5)
    Transient error (You have exceeded a rate limit. Contact planetarycomputer@microsoft.com.) -- retrying in 22s (attempt 2/5)
    Transient error (You have exceeded a rate limit. Contact planetarycomputer@microsoft.com.) -- retrying in 15s (attempt 1/5)
    Transient error (You have exceeded a rate limit. Contact planetarycomputer@microsoft.com.) -- retrying in 13s (attempt 1/5)
    Transient error (You have exceeded a rate limit. Contact planetarycomputer@microsoft.com.) -- retrying in 14s (attempt 1/5)
    Transient error (You have exceeded a rate limit. Contact planetarycomputer@microsoft.com.) -- retrying in 15s (attempt 1/5)
    Transient error (You have exceeded a rate limit. Contact planetarycomputer@microsoft.com.) -- retrying in 12s (attempt 1/5)
    Transient error (You have exceeded a rate limit. Contact planetarycomputer@microsoft.com.) -- retrying in 13s (attempt 1/5)
    Transient error (You have exceeded a rate limit. Contact planetarycomputer@microsoft.com.) -- retrying in 11s (attempt 1/5)
    Transient error (You have exceeded a rate limit. Contact planetarycomputer@microsoft.com.) -- retrying in 13s (attempt 1/5)
    Transient error (You have exceeded a rate limit. Contact planetarycomputer@microsoft.com.) -- retrying in 13s (attempt 1/5)
    Transient error (You have exceeded a rate limit. Contact planetarycomputer@microsoft.com.) -- retrying in 14s (attempt 1/5)
    Transient error (You have exceeded a rate limit. Contact planetarycomputer@microsoft.com.) -- retrying in 19s (attempt 2/5)
    Transient error (You have exceeded a rate limit. Contact planetarycomputer@microsoft.com.) -- retrying in 11s (attempt 1/5)
    Transient error (You have exceeded a rate limit. Contact planetarycomputer@microsoft.com.) -- retrying in 24s (attempt 2/5)
    Transient error (You have exceeded a rate limit. Contact planetarycomputer@microsoft.com.) -- retrying in 21s (attempt 2/5)
    Transient error (You have exceeded a rate limit. Contact planetarycomputer@microsoft.com.) -- retrying in 12s (attempt 1/5)
    Transient error (You have exceeded a rate limit. Contact planetarycomputer@microsoft.com.) -- retrying in 21s (attempt 2/5)
    Transient error (You have exceeded a rate limit. Contact planetarycomputer@microsoft.com.) -- retrying in 9s (attempt 1/5)
    Transient error (You have exceeded a rate limit. Contact planetarycomputer@microsoft.com.) -- retrying in 40s (attempt 3/5)
    Transient error (You have exceeded a rate limit. Contact planetarycomputer@microsoft.com.) -- retrying in 16s (attempt 1/5)
    Transient error (You have exceeded a rate limit. Contact planetarycomputer@microsoft.com.) -- retrying in 68s (attempt 4/5)
    ...7400 candidate(s) done (163.1 min elapsed)
    Transient error (You have exceeded a rate limit. Contact planetarycomputer@microsoft.com.) -- retrying in 15s (attempt 1/5)
    Transient error (You have exceeded a rate limit. Contact planetarycomputer@microsoft.com.) -- retrying in 14s (attempt 1/5)
    Transient error (You have exceeded a rate limit. Contact planetarycomputer@microsoft.com.) -- retrying in 15s (attempt 1/5)
    Transient error (You have exceeded a rate limit. Contact planetarycomputer@microsoft.com.) -- retrying in 14s (attempt 1/5)
    Transient error (You have exceeded a rate limit. Contact planetarycomputer@microsoft.com.) -- retrying in 11s (attempt 1/5)
    Transient error (You have exceeded a rate limit. Contact planetarycomputer@microsoft.com.) -- retrying in 17s (attempt 2/5)
    Transient error (You have exceeded a rate limit. Contact planetarycomputer@microsoft.com.) -- retrying in 13s (attempt 1/5)
    Transient error (You have exceeded a rate limit. Contact planetarycomputer@microsoft.com.) -- retrying in 16s (attempt 1/5)
    Transient error (You have exceeded a rate limit. Contact planetarycomputer@microsoft.com.) -- retrying in 8s (attempt 1/5)
    Transient error (You have exceeded a rate limit. Contact planetarycomputer@microsoft.com.) -- retrying in 8s (attempt 1/5)
    Transient error (You have exceeded a rate limit. Contact planetarycomputer@microsoft.com.) -- retrying in 12s (attempt 1/5)
    ...7600 candidate(s) done (166.9 min elapsed)
    Transient error (You have exceeded a rate limit. Contact planetarycomputer@microsoft.com.) -- retrying in 12s (attempt 1/5)
    Transient error (You have exceeded a rate limit. Contact planetarycomputer@microsoft.com.) -- retrying in 13s (attempt 1/5)
    Transient error (You have exceeded a rate limit. Contact planetarycomputer@microsoft.com.) -- retrying in 24s (attempt 2/5)
    Transient error (You have exceeded a rate limit. Contact planetarycomputer@microsoft.com.) -- retrying in 10s (attempt 1/5)
    Transient error (You have exceeded a rate limit. Contact planetarycomputer@microsoft.com.) -- retrying in 8s (attempt 1/5)
    Transient error (You have exceeded a rate limit. Contact planetarycomputer@microsoft.com.) -- retrying in 19s (attempt 2/5)
    Transient error (You have exceeded a rate limit. Contact planetarycomputer@microsoft.com.) -- retrying in 37s (attempt 3/5)
    Transient error (You have exceeded a rate limit. Contact planetarycomputer@microsoft.com.) -- retrying in 10s (attempt 1/5)
    Transient error (You have exceeded a rate limit. Contact planetarycomputer@microsoft.com.) -- retrying in 12s (attempt 1/5)
    Transient error (You have exceeded a rate limit. Contact planetarycomputer@microsoft.com.) -- retrying in 10s (attempt 1/5)
    ...7800 candidate(s) done (171.2 min elapsed)
    ...8000 candidate(s) done (174.3 min elapsed)
    Transient error (You have exceeded a rate limit. Contact planetarycomputer@microsoft.com.) -- retrying in 8s (attempt 1/5)
    Transient error (You have exceeded a rate limit. Contact planetarycomputer@microsoft.com.) -- retrying in 11s (attempt 1/5)
    Transient error (You have exceeded a rate limit. Contact planetarycomputer@microsoft.com.) -- retrying in 8s (attempt 1/5)
    Transient error (You have exceeded a rate limit. Contact planetarycomputer@microsoft.com.) -- retrying in 10s (attempt 1/5)
    ...8200 candidate(s) done (176.5 min elapsed)
    Transient error (You have exceeded a rate limit. Contact planetarycomputer@microsoft.com.) -- retrying in 12s (attempt 1/5)
    Transient error (You have exceeded a rate limit. Contact planetarycomputer@microsoft.com.) -- retrying in 15s (attempt 1/5)
    Transient error (You have exceeded a rate limit. Contact planetarycomputer@microsoft.com.) -- retrying in 9s (attempt 1/5)
    Transient error (You have exceeded a rate limit. Contact planetarycomputer@microsoft.com.) -- retrying in 15s (attempt 1/5)
    Transient error (You have exceeded a rate limit. Contact planetarycomputer@microsoft.com.) -- retrying in 15s (attempt 1/5)
    Transient error (You have exceeded a rate limit. Contact planetarycomputer@microsoft.com.) -- retrying in 9s (attempt 1/5)
    Transient error (You have exceeded a rate limit. Contact planetarycomputer@microsoft.com.) -- retrying in 17s (attempt 2/5)
    ...8400 candidate(s) done (179.7 min elapsed)
    Transient error (You have exceeded a rate limit. Contact planetarycomputer@microsoft.com.) -- retrying in 12s (attempt 1/5)
    Transient error (You have exceeded a rate limit. Contact planetarycomputer@microsoft.com.) -- retrying in 11s (attempt 1/5)
    Transient error (You have exceeded a rate limit. Contact planetarycomputer@microsoft.com.) -- retrying in 10s (attempt 1/5)
    Transient error (You have exceeded a rate limit. Contact planetarycomputer@microsoft.com.) -- retrying in 8s (attempt 1/5)
    Transient error (You have exceeded a rate limit. Contact planetarycomputer@microsoft.com.) -- retrying in 12s (attempt 1/5)
    Transient error (You have exceeded a rate limit. Contact planetarycomputer@microsoft.com.) -- retrying in 11s (attempt 1/5)
    Transient error (You have exceeded a rate limit. Contact planetarycomputer@microsoft.com.) -- retrying in 12s (attempt 1/5)
    ...8600 candidate(s) done (182.3 min elapsed)
    Transient error (You have exceeded a rate limit. Contact planetarycomputer@microsoft.com.) -- retrying in 10s (attempt 1/5)
    Transient error (You have exceeded a rate limit. Contact planetarycomputer@microsoft.com.) -- retrying in 10s (attempt 1/5)
    Transient error (You have exceeded a rate limit. Contact planetarycomputer@microsoft.com.) -- retrying in 20s (attempt 2/5)
    Transient error (You have exceeded a rate limit. Contact planetarycomputer@microsoft.com.) -- retrying in 11s (attempt 1/5)
    Transient error (You have exceeded a rate limit. Contact planetarycomputer@microsoft.com.) -- retrying in 14s (attempt 1/5)
    Transient error (You have exceeded a rate limit. Contact planetarycomputer@microsoft.com.) -- retrying in 16s (attempt 1/5)
    Transient error (You have exceeded a rate limit. Contact planetarycomputer@microsoft.com.) -- retrying in 12s (attempt 1/5)
    Transient error (You have exceeded a rate limit. Contact planetarycomputer@microsoft.com.) -- retrying in 13s (attempt 1/5)
    Transient error (You have exceeded a rate limit. Contact planetarycomputer@microsoft.com.) -- retrying in 9s (attempt 1/5)
    Transient error (You have exceeded a rate limit. Contact planetarycomputer@microsoft.com.) -- retrying in 9s (attempt 1/5)
    ...8800 candidate(s) done (186.0 min elapsed)
    Transient error (You have exceeded a rate limit. Contact planetarycomputer@microsoft.com.) -- retrying in 8s (attempt 1/5)
    Transient error (You have exceeded a rate limit. Contact planetarycomputer@microsoft.com.) -- retrying in 21s (attempt 2/5)
    Transient error (You have exceeded a rate limit. Contact planetarycomputer@microsoft.com.) -- retrying in 10s (attempt 1/5)
    Transient error (You have exceeded a rate limit. Contact planetarycomputer@microsoft.com.) -- retrying in 16s (attempt 1/5)
    Transient error (You have exceeded a rate limit. Contact planetarycomputer@microsoft.com.) -- retrying in 11s (attempt 1/5)
    Transient error (You have exceeded a rate limit. Contact planetarycomputer@microsoft.com.) -- retrying in 10s (attempt 1/5)
    ...9000 candidate(s) done (189.3 min elapsed)
    Transient error (You have exceeded a rate limit. Contact planetarycomputer@microsoft.com.) -- retrying in 10s (attempt 1/5)
    Transient error (You have exceeded a rate limit. Contact planetarycomputer@microsoft.com.) -- retrying in 20s (attempt 2/5)
    Transient error (You have exceeded a rate limit. Contact planetarycomputer@microsoft.com.) -- retrying in 8s (attempt 1/5)
    Transient error (You have exceeded a rate limit. Contact planetarycomputer@microsoft.com.) -- retrying in 11s (attempt 1/5)
    Transient error (You have exceeded a rate limit. Contact planetarycomputer@microsoft.com.) -- retrying in 10s (attempt 1/5)
    Transient error (You have exceeded a rate limit. Contact planetarycomputer@microsoft.com.) -- retrying in 13s (attempt 1/5)
    Transient error (You have exceeded a rate limit. Contact planetarycomputer@microsoft.com.) -- retrying in 15s (attempt 1/5)
    Transient error (You have exceeded a rate limit. Contact planetarycomputer@microsoft.com.) -- retrying in 12s (attempt 1/5)
    Transient error (You have exceeded a rate limit. Contact planetarycomputer@microsoft.com.) -- retrying in 12s (attempt 1/5)
    Transient error (You have exceeded a rate limit. Contact planetarycomputer@microsoft.com.) -- retrying in 12s (attempt 1/5)
    Transient error (You have exceeded a rate limit. Contact planetarycomputer@microsoft.com.) -- retrying in 14s (attempt 1/5)
    ...9200 candidate(s) done (193.1 min elapsed)
    Transient error (You have exceeded a rate limit. Contact planetarycomputer@microsoft.com.) -- retrying in 9s (attempt 1/5)
    Transient error (You have exceeded a rate limit. Contact planetarycomputer@microsoft.com.) -- retrying in 22s (attempt 2/5)
    Transient error (You have exceeded a rate limit. Contact planetarycomputer@microsoft.com.) -- retrying in 35s (attempt 3/5)
    Transient error (You have exceeded a rate limit. Contact planetarycomputer@microsoft.com.) -- retrying in 9s (attempt 1/5)
    Transient error (You have exceeded a rate limit. Contact planetarycomputer@microsoft.com.) -- retrying in 13s (attempt 1/5)
    Transient error (You have exceeded a rate limit. Contact planetarycomputer@microsoft.com.) -- retrying in 22s (attempt 2/5)
    Transient error (You have exceeded a rate limit. Contact planetarycomputer@microsoft.com.) -- retrying in 12s (attempt 1/5)
    Transient error (You have exceeded a rate limit. Contact planetarycomputer@microsoft.com.) -- retrying in 15s (attempt 1/5)
    Transient error (You have exceeded a rate limit. Contact planetarycomputer@microsoft.com.) -- retrying in 17s (attempt 2/5)
    Transient error (You have exceeded a rate limit. Contact planetarycomputer@microsoft.com.) -- retrying in 9s (attempt 1/5)
    Transient error (You have exceeded a rate limit. Contact planetarycomputer@microsoft.com.) -- retrying in 16s (attempt 1/5)
    Transient error (You have exceeded a rate limit. Contact planetarycomputer@microsoft.com.) -- retrying in 12s (attempt 1/5)
    Transient error (You have exceeded a rate limit. Contact planetarycomputer@microsoft.com.) -- retrying in 13s (attempt 1/5)
    Transient error (You have exceeded a rate limit. Contact planetarycomputer@microsoft.com.) -- retrying in 12s (attempt 1/5)
    Transient error (You have exceeded a rate limit. Contact planetarycomputer@microsoft.com.) -- retrying in 13s (attempt 1/5)
    Transient error (You have exceeded a rate limit. Contact planetarycomputer@microsoft.com.) -- retrying in 13s (attempt 1/5)
    Transient error (You have exceeded a rate limit. Contact planetarycomputer@microsoft.com.) -- retrying in 12s (attempt 1/5)
    Transient error (You have exceeded a rate limit. Contact planetarycomputer@microsoft.com.) -- retrying in 15s (attempt 1/5)
    Transient error (You have exceeded a rate limit. Contact planetarycomputer@microsoft.com.) -- retrying in 12s (attempt 1/5)
    ...9400 candidate(s) done (199.1 min elapsed)
    Transient error (You have exceeded a rate limit. Contact planetarycomputer@microsoft.com.) -- retrying in 13s (attempt 1/5)
    Transient error (You have exceeded a rate limit. Contact planetarycomputer@microsoft.com.) -- retrying in 14s (attempt 1/5)
    Transient error (You have exceeded a rate limit. Contact planetarycomputer@microsoft.com.) -- retrying in 10s (attempt 1/5)
    Transient error (You have exceeded a rate limit. Contact planetarycomputer@microsoft.com.) -- retrying in 15s (attempt 1/5)
    Transient error (You have exceeded a rate limit. Contact planetarycomputer@microsoft.com.) -- retrying in 8s (attempt 1/5)
    ...9600 candidate(s) done (202.1 min elapsed)
    Transient error (You have exceeded a rate limit. Contact planetarycomputer@microsoft.com.) -- retrying in 11s (attempt 1/5)
    Transient error (You have exceeded a rate limit. Contact planetarycomputer@microsoft.com.) -- retrying in 12s (attempt 1/5)
    Transient error (You have exceeded a rate limit. Contact planetarycomputer@microsoft.com.) -- retrying in 14s (attempt 1/5)
    Transient error (You have exceeded a rate limit. Contact planetarycomputer@microsoft.com.) -- retrying in 22s (attempt 2/5)
    Transient error (You have exceeded a rate limit. Contact planetarycomputer@microsoft.com.) -- retrying in 14s (attempt 1/5)
    Transient error (You have exceeded a rate limit. Contact planetarycomputer@microsoft.com.) -- retrying in 9s (attempt 1/5)
    Transient error (You have exceeded a rate limit. Contact planetarycomputer@microsoft.com.) -- retrying in 16s (attempt 1/5)
    Transient error (You have exceeded a rate limit. Contact planetarycomputer@microsoft.com.) -- retrying in 16s (attempt 1/5)
    Transient error (You have exceeded a rate limit. Contact planetarycomputer@microsoft.com.) -- retrying in 21s (attempt 2/5)
    Transient error (You have exceeded a rate limit. Contact planetarycomputer@microsoft.com.) -- retrying in 9s (attempt 1/5)
    Transient error (You have exceeded a rate limit. Contact planetarycomputer@microsoft.com.) -- retrying in 16s (attempt 1/5)
    Transient error (You have exceeded a rate limit. Contact planetarycomputer@microsoft.com.) -- retrying in 10s (attempt 1/5)
    Transient error (You have exceeded a rate limit. Contact planetarycomputer@microsoft.com.) -- retrying in 12s (attempt 1/5)
    Transient error (You have exceeded a rate limit. Contact planetarycomputer@microsoft.com.) -- retrying in 13s (attempt 1/5)
    Transient error (You have exceeded a rate limit. Contact planetarycomputer@microsoft.com.) -- retrying in 13s (attempt 1/5)
    Transient error (You have exceeded a rate limit. Contact planetarycomputer@microsoft.com.) -- retrying in 9s (attempt 1/5)
    Transient error (You have exceeded a rate limit. Contact planetarycomputer@microsoft.com.) -- retrying in 20s (attempt 2/5)
    Transient error (You have exceeded a rate limit. Contact planetarycomputer@microsoft.com.) -- retrying in 16s (attempt 2/5)
    Transient error (You have exceeded a rate limit. Contact planetarycomputer@microsoft.com.) -- retrying in 18s (attempt 2/5)
    Transient error (You have exceeded a rate limit. Contact planetarycomputer@microsoft.com.) -- retrying in 21s (attempt 2/5)
    Transient error (You have exceeded a rate limit. Contact planetarycomputer@microsoft.com.) -- retrying in 22s (attempt 2/5)
    Transient error (You have exceeded a rate limit. Contact planetarycomputer@microsoft.com.) -- retrying in 22s (attempt 2/5)
    Transient error (You have exceeded a rate limit. Contact planetarycomputer@microsoft.com.) -- retrying in 21s (attempt 2/5)
    Transient error (You have exceeded a rate limit. Contact planetarycomputer@microsoft.com.) -- retrying in 10s (attempt 1/5)
    Transient error (You have exceeded a rate limit. Contact planetarycomputer@microsoft.com.) -- retrying in 10s (attempt 1/5)
    Transient error (You have exceeded a rate limit. Contact planetarycomputer@microsoft.com.) -- retrying in 8s (attempt 1/5)
    Transient error (You have exceeded a rate limit. Contact planetarycomputer@microsoft.com.) -- retrying in 23s (attempt 2/5)
    Transient error (You have exceeded a rate limit. Contact planetarycomputer@microsoft.com.) -- retrying in 33s (attempt 3/5)
    ...9800 candidate(s) done (207.4 min elapsed)
    Transient error (You have exceeded a rate limit. Contact planetarycomputer@microsoft.com.) -- retrying in 12s (attempt 1/5)
    Transient error (You have exceeded a rate limit. Contact planetarycomputer@microsoft.com.) -- retrying in 13s (attempt 1/5)
    Transient error (You have exceeded a rate limit. Contact planetarycomputer@microsoft.com.) -- retrying in 23s (attempt 2/5)
    Transient error (You have exceeded a rate limit. Contact planetarycomputer@microsoft.com.) -- retrying in 9s (attempt 1/5)
    Transient error (You have exceeded a rate limit. Contact planetarycomputer@microsoft.com.) -- retrying in 13s (attempt 1/5)
    Transient error (You have exceeded a rate limit. Contact planetarycomputer@microsoft.com.) -- retrying in 11s (attempt 1/5)
    Transient error (You have exceeded a rate limit. Contact planetarycomputer@microsoft.com.) -- retrying in 14s (attempt 1/5)
    Transient error (You have exceeded a rate limit. Contact planetarycomputer@microsoft.com.) -- retrying in 16s (attempt 2/5)
    Transient error (You have exceeded a rate limit. Contact planetarycomputer@microsoft.com.) -- retrying in 19s (attempt 2/5)
    Transient error (You have exceeded a rate limit. Contact planetarycomputer@microsoft.com.) -- retrying in 22s (attempt 2/5)
    Transient error (You have exceeded a rate limit. Contact planetarycomputer@microsoft.com.) -- retrying in 33s (attempt 3/5)
    Transient error (You have exceeded a rate limit. Contact planetarycomputer@microsoft.com.) -- retrying in 32s (attempt 3/5)
    Transient error (You have exceeded a rate limit. Contact planetarycomputer@microsoft.com.) -- retrying in 70s (attempt 4/5)
    ...10000 candidate(s) done (211.7 min elapsed)
    Transient error (You have exceeded a rate limit. Contact planetarycomputer@microsoft.com.) -- retrying in 11s (attempt 1/5)
    Transient error (You have exceeded a rate limit. Contact planetarycomputer@microsoft.com.) -- retrying in 10s (attempt 1/5)
    Transient error (You have exceeded a rate limit. Contact planetarycomputer@microsoft.com.) -- retrying in 23s (attempt 2/5)
    Transient error (You have exceeded a rate limit. Contact planetarycomputer@microsoft.com.) -- retrying in 8s (attempt 1/5)
    Transient error (You have exceeded a rate limit. Contact planetarycomputer@microsoft.com.) -- retrying in 16s (attempt 1/5)
    ...10200 candidate(s) done (214.1 min elapsed)
    Transient error (You have exceeded a rate limit. Contact planetarycomputer@microsoft.com.) -- retrying in 9s (attempt 1/5)
    Transient error (You have exceeded a rate limit. Contact planetarycomputer@microsoft.com.) -- retrying in 10s (attempt 1/5)
    Transient error (You have exceeded a rate limit. Contact planetarycomputer@microsoft.com.) -- retrying in 10s (attempt 1/5)
    Transient error (You have exceeded a rate limit. Contact planetarycomputer@microsoft.com.) -- retrying in 11s (attempt 1/5)
    Transient error (You have exceeded a rate limit. Contact planetarycomputer@microsoft.com.) -- retrying in 12s (attempt 1/5)
    Transient error (You have exceeded a rate limit. Contact planetarycomputer@microsoft.com.) -- retrying in 18s (attempt 2/5)
    Transient error (You have exceeded a rate limit. Contact planetarycomputer@microsoft.com.) -- retrying in 13s (attempt 1/5)
    ...10400 candidate(s) done (217.1 min elapsed)
    Transient error (You have exceeded a rate limit. Contact planetarycomputer@microsoft.com.) -- retrying in 8s (attempt 1/5)
    Transient error (You have exceeded a rate limit. Contact planetarycomputer@microsoft.com.) -- retrying in 22s (attempt 2/5)
    Transient error (You have exceeded a rate limit. Contact planetarycomputer@microsoft.com.) -- retrying in 39s (attempt 3/5)
    Transient error (You have exceeded a rate limit. Contact planetarycomputer@microsoft.com.) -- retrying in 13s (attempt 1/5)
    Transient error (You have exceeded a rate limit. Contact planetarycomputer@microsoft.com.) -- retrying in 10s (attempt 1/5)
    Transient error (You have exceeded a rate limit. Contact planetarycomputer@microsoft.com.) -- retrying in 13s (attempt 1/5)
    Transient error (You have exceeded a rate limit. Contact planetarycomputer@microsoft.com.) -- retrying in 16s (attempt 2/5)
    Transient error (You have exceeded a rate limit. Contact planetarycomputer@microsoft.com.) -- retrying in 37s (attempt 3/5)
    Transient error (You have exceeded a rate limit. Contact planetarycomputer@microsoft.com.) -- retrying in 67s (attempt 4/5)
    Transient error (You have exceeded a rate limit. Contact planetarycomputer@microsoft.com.) -- retrying in 14s (attempt 1/5)
    Transient error (You have exceeded a rate limit. Contact planetarycomputer@microsoft.com.) -- retrying in 10s (attempt 1/5)
    Transient error (You have exceeded a rate limit. Contact planetarycomputer@microsoft.com.) -- retrying in 15s (attempt 1/5)
    Transient error (You have exceeded a rate limit. Contact planetarycomputer@microsoft.com.) -- retrying in 23s (attempt 2/5)
    ...10600 candidate(s) done (223.4 min elapsed)
    Transient error (You have exceeded a rate limit. Contact planetarycomputer@microsoft.com.) -- retrying in 9s (attempt 1/5)
    Transient error (You have exceeded a rate limit. Contact planetarycomputer@microsoft.com.) -- retrying in 11s (attempt 1/5)
    Transient error (You have exceeded a rate limit. Contact planetarycomputer@microsoft.com.) -- retrying in 9s (attempt 1/5)
    Transient error (You have exceeded a rate limit. Contact planetarycomputer@microsoft.com.) -- retrying in 11s (attempt 1/5)
    Transient error (You have exceeded a rate limit. Contact planetarycomputer@microsoft.com.) -- retrying in 15s (attempt 1/5)
    Transient error (You have exceeded a rate limit. Contact planetarycomputer@microsoft.com.) -- retrying in 12s (attempt 1/5)
    Transient error (You have exceeded a rate limit. Contact planetarycomputer@microsoft.com.) -- retrying in 12s (attempt 1/5)
    Transient error (You have exceeded a rate limit. Contact planetarycomputer@microsoft.com.) -- retrying in 13s (attempt 1/5)
    Transient error (You have exceeded a rate limit. Contact planetarycomputer@microsoft.com.) -- retrying in 18s (attempt 2/5)
    Transient error (You have exceeded a rate limit. Contact planetarycomputer@microsoft.com.) -- retrying in 9s (attempt 1/5)
    Transient error (You have exceeded a rate limit. Contact planetarycomputer@microsoft.com.) -- retrying in 8s (attempt 1/5)
    Transient error (You have exceeded a rate limit. Contact planetarycomputer@microsoft.com.) -- retrying in 20s (attempt 2/5)
    Transient error (You have exceeded a rate limit. Contact planetarycomputer@microsoft.com.) -- retrying in 11s (attempt 1/5)
    Transient error (You have exceeded a rate limit. Contact planetarycomputer@microsoft.com.) -- retrying in 9s (attempt 1/5)
    Transient error (You have exceeded a rate limit. Contact planetarycomputer@microsoft.com.) -- retrying in 15s (attempt 1/5)
    Transient error (You have exceeded a rate limit. Contact planetarycomputer@microsoft.com.) -- retrying in 9s (attempt 1/5)
    Transient error (You have exceeded a rate limit. Contact planetarycomputer@microsoft.com.) -- retrying in 8s (attempt 1/5)
    Transient error (You have exceeded a rate limit. Contact planetarycomputer@microsoft.com.) -- retrying in 11s (attempt 1/5)
    Transient error (You have exceeded a rate limit. Contact planetarycomputer@microsoft.com.) -- retrying in 17s (attempt 2/5)
    Transient error (You have exceeded a rate limit. Contact planetarycomputer@microsoft.com.) -- retrying in 18s (attempt 2/5)
    Transient error (You have exceeded a rate limit. Contact planetarycomputer@microsoft.com.) -- retrying in 23s (attempt 2/5)
    ...10800 candidate(s) done (228.1 min elapsed)
    Transient error (You have exceeded a rate limit. Contact planetarycomputer@microsoft.com.) -- retrying in 11s (attempt 1/5)
    Transient error (You have exceeded a rate limit. Contact planetarycomputer@microsoft.com.) -- retrying in 12s (attempt 1/5)
    Transient error (You have exceeded a rate limit. Contact planetarycomputer@microsoft.com.) -- retrying in 16s (attempt 2/5)
    Transient error (You have exceeded a rate limit. Contact planetarycomputer@microsoft.com.) -- retrying in 9s (attempt 1/5)
    Transient error (You have exceeded a rate limit. Contact planetarycomputer@microsoft.com.) -- retrying in 13s (attempt 1/5)
    Transient error (You have exceeded a rate limit. Contact planetarycomputer@microsoft.com.) -- retrying in 10s (attempt 1/5)
    Transient error (You have exceeded a rate limit. Contact planetarycomputer@microsoft.com.) -- retrying in 13s (attempt 1/5)
    Transient error (You have exceeded a rate limit. Contact planetarycomputer@microsoft.com.) -- retrying in 14s (attempt 1/5)
    ...11000 candidate(s) done (231.2 min elapsed)
    Transient error (You have exceeded a rate limit. Contact planetarycomputer@microsoft.com.) -- retrying in 8s (attempt 1/5)
    Transient error (You have exceeded a rate limit. Contact planetarycomputer@microsoft.com.) -- retrying in 15s (attempt 1/5)
    Transient error (You have exceeded a rate limit. Contact planetarycomputer@microsoft.com.) -- retrying in 10s (attempt 1/5)
    Transient error (You have exceeded a rate limit. Contact planetarycomputer@microsoft.com.) -- retrying in 19s (attempt 2/5)
    Transient error (You have exceeded a rate limit. Contact planetarycomputer@microsoft.com.) -- retrying in 15s (attempt 1/5)
    Transient error (You have exceeded a rate limit. Contact planetarycomputer@microsoft.com.) -- retrying in 10s (attempt 1/5)
    Transient error (You have exceeded a rate limit. Contact planetarycomputer@microsoft.com.) -- retrying in 13s (attempt 1/5)
    Transient error (You have exceeded a rate limit. Contact planetarycomputer@microsoft.com.) -- retrying in 14s (attempt 1/5)
    Transient error (You have exceeded a rate limit. Contact planetarycomputer@microsoft.com.) -- retrying in 10s (attempt 1/5)
    Transient error (You have exceeded a rate limit. Contact planetarycomputer@microsoft.com.) -- retrying in 19s (attempt 2/5)
    Transient error (You have exceeded a rate limit. Contact planetarycomputer@microsoft.com.) -- retrying in 16s (attempt 2/5)
    Transient error (You have exceeded a rate limit. Contact planetarycomputer@microsoft.com.) -- retrying in 35s (attempt 3/5)
    Transient error (You have exceeded a rate limit. Contact planetarycomputer@microsoft.com.) -- retrying in 38s (attempt 3/5)
    Transient error (You have exceeded a rate limit. Contact planetarycomputer@microsoft.com.) -- retrying in 66s (attempt 4/5)
    Transient error (You have exceeded a rate limit. Contact planetarycomputer@microsoft.com.) -- retrying in 72s (attempt 4/5)
    ...11200 candidate(s) done (236.7 min elapsed)
    Transient error (You have exceeded a rate limit. Contact planetarycomputer@microsoft.com.) -- retrying in 16s (attempt 1/5)
    Transient error (You have exceeded a rate limit. Contact planetarycomputer@microsoft.com.) -- retrying in 20s (attempt 2/5)
    Transient error (You have exceeded a rate limit. Contact planetarycomputer@microsoft.com.) -- retrying in 15s (attempt 1/5)
    Transient error (You have exceeded a rate limit. Contact planetarycomputer@microsoft.com.) -- retrying in 18s (attempt 2/5)
    Transient error (You have exceeded a rate limit. Contact planetarycomputer@microsoft.com.) -- retrying in 15s (attempt 1/5)
    Transient error (You have exceeded a rate limit. Contact planetarycomputer@microsoft.com.) -- retrying in 18s (attempt 2/5)
    Transient error (You have exceeded a rate limit. Contact planetarycomputer@microsoft.com.) -- retrying in 34s (attempt 3/5)
    Transient error (You have exceeded a rate limit. Contact planetarycomputer@microsoft.com.) -- retrying in 15s (attempt 1/5)
    Transient error (You have exceeded a rate limit. Contact planetarycomputer@microsoft.com.) -- retrying in 11s (attempt 1/5)
    Transient error (You have exceeded a rate limit. Contact planetarycomputer@microsoft.com.) -- retrying in 17s (attempt 2/5)
    Transient error (You have exceeded a rate limit. Contact planetarycomputer@microsoft.com.) -- retrying in 37s (attempt 3/5)
    Transient error (You have exceeded a rate limit. Contact planetarycomputer@microsoft.com.) -- retrying in 15s (attempt 1/5)
    Transient error (You have exceeded a rate limit. Contact planetarycomputer@microsoft.com.) -- retrying in 10s (attempt 1/5)
    Transient error (You have exceeded a rate limit. Contact planetarycomputer@microsoft.com.) -- retrying in 13s (attempt 1/5)
    Transient error (You have exceeded a rate limit. Contact planetarycomputer@microsoft.com.) -- retrying in 16s (attempt 1/5)
    Transient error (You have exceeded a rate limit. Contact planetarycomputer@microsoft.com.) -- retrying in 11s (attempt 1/5)
    Transient error (You have exceeded a rate limit. Contact planetarycomputer@microsoft.com.) -- retrying in 11s (attempt 1/5)
    Transient error (You have exceeded a rate limit. Contact planetarycomputer@microsoft.com.) -- retrying in 11s (attempt 1/5)
    Transient error (You have exceeded a rate limit. Contact planetarycomputer@microsoft.com.) -- retrying in 10s (attempt 1/5)
    Transient error (You have exceeded a rate limit. Contact planetarycomputer@microsoft.com.) -- retrying in 9s (attempt 1/5)
    Transient error (You have exceeded a rate limit. Contact planetarycomputer@microsoft.com.) -- retrying in 13s (attempt 1/5)
    Transient error (You have exceeded a rate limit. Contact planetarycomputer@microsoft.com.) -- retrying in 20s (attempt 2/5)
    Transient error (You have exceeded a rate limit. Contact planetarycomputer@microsoft.com.) -- retrying in 18s (attempt 2/5)
    Transient error (You have exceeded a rate limit. Contact planetarycomputer@microsoft.com.) -- retrying in 18s (attempt 2/5)
    Transient error (You have exceeded a rate limit. Contact planetarycomputer@microsoft.com.) -- retrying in 13s (attempt 1/5)
    Transient error (You have exceeded a rate limit. Contact planetarycomputer@microsoft.com.) -- retrying in 12s (attempt 1/5)
    Transient error (You have exceeded a rate limit. Contact planetarycomputer@microsoft.com.) -- retrying in 16s (attempt 2/5)
    ...11400 candidate(s) done (260.1 min elapsed)
    Transient error (You have exceeded a rate limit. Contact planetarycomputer@microsoft.com.) -- retrying in 14s (attempt 1/5)
    Transient error (You have exceeded a rate limit. Contact planetarycomputer@microsoft.com.) -- retrying in 10s (attempt 1/5)
    Transient error (You have exceeded a rate limit. Contact planetarycomputer@microsoft.com.) -- retrying in 11s (attempt 1/5)
    Transient error (You have exceeded a rate limit. Contact planetarycomputer@microsoft.com.) -- retrying in 9s (attempt 1/5)
    Transient error (You have exceeded a rate limit. Contact planetarycomputer@microsoft.com.) -- retrying in 12s (attempt 1/5)
    Transient error (You have exceeded a rate limit. Contact planetarycomputer@microsoft.com.) -- retrying in 15s (attempt 1/5)
    Transient error (You have exceeded a rate limit. Contact planetarycomputer@microsoft.com.) -- retrying in 20s (attempt 2/5)
    Transient error (You have exceeded a rate limit. Contact planetarycomputer@microsoft.com.) -- retrying in 20s (attempt 2/5)
    Transient error (You have exceeded a rate limit. Contact planetarycomputer@microsoft.com.) -- retrying in 12s (attempt 1/5)
    Transient error (You have exceeded a rate limit. Contact planetarycomputer@microsoft.com.) -- retrying in 16s (attempt 2/5)
    Transient error (You have exceeded a rate limit. Contact planetarycomputer@microsoft.com.) -- retrying in 12s (attempt 1/5)
    Transient error (You have exceeded a rate limit. Contact planetarycomputer@microsoft.com.) -- retrying in 14s (attempt 1/5)
    ...11600 candidate(s) done (262.3 min elapsed)
    Transient error (You have exceeded a rate limit. Contact planetarycomputer@microsoft.com.) -- retrying in 13s (attempt 1/5)
    Transient error (You have exceeded a rate limit. Contact planetarycomputer@microsoft.com.) -- retrying in 16s (attempt 1/5)
    Transient error (You have exceeded a rate limit. Contact planetarycomputer@microsoft.com.) -- retrying in 18s (attempt 2/5)
    Transient error (You have exceeded a rate limit. Contact planetarycomputer@microsoft.com.) -- retrying in 15s (attempt 1/5)
    Transient error (You have exceeded a rate limit. Contact planetarycomputer@microsoft.com.) -- retrying in 24s (attempt 2/5)
    Transient error (You have exceeded a rate limit. Contact planetarycomputer@microsoft.com.) -- retrying in 15s (attempt 1/5)
    Transient error (You have exceeded a rate limit. Contact planetarycomputer@microsoft.com.) -- retrying in 15s (attempt 1/5)
    ...11800 candidate(s) done (265.8 min elapsed)
    Transient error (You have exceeded a rate limit. Contact planetarycomputer@microsoft.com.) -- retrying in 16s (attempt 1/5)
    Transient error (You have exceeded a rate limit. Contact planetarycomputer@microsoft.com.) -- retrying in 13s (attempt 1/5)
    Transient error (You have exceeded a rate limit. Contact planetarycomputer@microsoft.com.) -- retrying in 11s (attempt 1/5)
    Transient error (You have exceeded a rate limit. Contact planetarycomputer@microsoft.com.) -- retrying in 20s (attempt 2/5)
    Transient error (You have exceeded a rate limit. Contact planetarycomputer@microsoft.com.) -- retrying in 14s (attempt 1/5)
    Transient error (You have exceeded a rate limit. Contact planetarycomputer@microsoft.com.) -- retrying in 14s (attempt 1/5)
    Transient error (You have exceeded a rate limit. Contact planetarycomputer@microsoft.com.) -- retrying in 16s (attempt 1/5)
    ...12000 candidate(s) done (269.4 min elapsed)
    Transient error (You have exceeded a rate limit. Contact planetarycomputer@microsoft.com.) -- retrying in 13s (attempt 1/5)
    Transient error (You have exceeded a rate limit. Contact planetarycomputer@microsoft.com.) -- retrying in 14s (attempt 1/5)
    ...12200 candidate(s) done (272.1 min elapsed)
    Transient error (You have exceeded a rate limit. Contact planetarycomputer@microsoft.com.) -- retrying in 11s (attempt 1/5)
    Transient error (You have exceeded a rate limit. Contact planetarycomputer@microsoft.com.) -- retrying in 18s (attempt 2/5)
    Transient error (You have exceeded a rate limit. Contact planetarycomputer@microsoft.com.) -- retrying in 11s (attempt 1/5)
    Transient error (You have exceeded a rate limit. Contact planetarycomputer@microsoft.com.) -- retrying in 12s (attempt 1/5)
    Transient error (You have exceeded a rate limit. Contact planetarycomputer@microsoft.com.) -- retrying in 16s (attempt 1/5)
    Transient error (You have exceeded a rate limit. Contact planetarycomputer@microsoft.com.) -- retrying in 15s (attempt 1/5)
    Transient error (You have exceeded a rate limit. Contact planetarycomputer@microsoft.com.) -- retrying in 16s (attempt 2/5)
    ...12400 candidate(s) done (291.2 min elapsed)
    Transient error (You have exceeded a rate limit. Contact planetarycomputer@microsoft.com.) -- retrying in 15s (attempt 1/5)
    Transient error (You have exceeded a rate limit. Contact planetarycomputer@microsoft.com.) -- retrying in 21s (attempt 2/5)
    Transient error (You have exceeded a rate limit. Contact planetarycomputer@microsoft.com.) -- retrying in 16s (attempt 1/5)
    Transient error (You have exceeded a rate limit. Contact planetarycomputer@microsoft.com.) -- retrying in 12s (attempt 1/5)
    Transient error (You have exceeded a rate limit. Contact planetarycomputer@microsoft.com.) -- retrying in 8s (attempt 1/5)
    Transient error (You have exceeded a rate limit. Contact planetarycomputer@microsoft.com.) -- retrying in 9s (attempt 1/5)
    Transient error (You have exceeded a rate limit. Contact planetarycomputer@microsoft.com.) -- retrying in 11s (attempt 1/5)
    Transient error (You have exceeded a rate limit. Contact planetarycomputer@microsoft.com.) -- retrying in 16s (attempt 1/5)
    Transient error (You have exceeded a rate limit. Contact planetarycomputer@microsoft.com.) -- retrying in 11s (attempt 1/5)
    Transient error (You have exceeded a rate limit. Contact planetarycomputer@microsoft.com.) -- retrying in 17s (attempt 2/5)
    Transient error (You have exceeded a rate limit. Contact planetarycomputer@microsoft.com.) -- retrying in 11s (attempt 1/5)
    Transient error (You have exceeded a rate limit. Contact planetarycomputer@microsoft.com.) -- retrying in 24s (attempt 2/5)
    Transient error (You have exceeded a rate limit. Contact planetarycomputer@microsoft.com.) -- retrying in 35s (attempt 3/5)
    ...12600 candidate(s) done (295.0 min elapsed)
    Transient error (You have exceeded a rate limit. Contact planetarycomputer@microsoft.com.) -- retrying in 14s (attempt 1/5)
    Transient error (You have exceeded a rate limit. Contact planetarycomputer@microsoft.com.) -- retrying in 15s (attempt 1/5)
    Transient error (You have exceeded a rate limit. Contact planetarycomputer@microsoft.com.) -- retrying in 14s (attempt 1/5)
    ...12800 candidate(s) done (297.0 min elapsed)
    Transient error (You have exceeded a rate limit. Contact planetarycomputer@microsoft.com.) -- retrying in 14s (attempt 1/5)
    Transient error (You have exceeded a rate limit. Contact planetarycomputer@microsoft.com.) -- retrying in 15s (attempt 1/5)
    Transient error (You have exceeded a rate limit. Contact planetarycomputer@microsoft.com.) -- retrying in 13s (attempt 1/5)
    Transient error (You have exceeded a rate limit. Contact planetarycomputer@microsoft.com.) -- retrying in 12s (attempt 1/5)
    Transient error (You have exceeded a rate limit. Contact planetarycomputer@microsoft.com.) -- retrying in 11s (attempt 1/5)
    Transient error (You have exceeded a rate limit. Contact planetarycomputer@microsoft.com.) -- retrying in 18s (attempt 2/5)
    Transient error (You have exceeded a rate limit. Contact planetarycomputer@microsoft.com.) -- retrying in 9s (attempt 1/5)
    Transient error (You have exceeded a rate limit. Contact planetarycomputer@microsoft.com.) -- retrying in 9s (attempt 1/5)
    Transient error (You have exceeded a rate limit. Contact planetarycomputer@microsoft.com.) -- retrying in 20s (attempt 2/5)
    Transient error (You have exceeded a rate limit. Contact planetarycomputer@microsoft.com.) -- retrying in 11s (attempt 1/5)
    Transient error (You have exceeded a rate limit. Contact planetarycomputer@microsoft.com.) -- retrying in 13s (attempt 1/5)
    Transient error (You have exceeded a rate limit. Contact planetarycomputer@microsoft.com.) -- retrying in 9s (attempt 1/5)
    Transient error (You have exceeded a rate limit. Contact planetarycomputer@microsoft.com.) -- retrying in 15s (attempt 1/5)
    Transient error (You have exceeded a rate limit. Contact planetarycomputer@microsoft.com.) -- retrying in 12s (attempt 1/5)
    Transient error (You have exceeded a rate limit. Contact planetarycomputer@microsoft.com.) -- retrying in 11s (attempt 1/5)
    Transient error (You have exceeded a rate limit. Contact planetarycomputer@microsoft.com.) -- retrying in 12s (attempt 1/5)
    Transient error (You have exceeded a rate limit. Contact planetarycomputer@microsoft.com.) -- retrying in 12s (attempt 1/5)
    ...13000 candidate(s) done (300.8 min elapsed)
    Transient error (You have exceeded a rate limit. Contact planetarycomputer@microsoft.com.) -- retrying in 12s (attempt 1/5)
    Transient error (You have exceeded a rate limit. Contact planetarycomputer@microsoft.com.) -- retrying in 21s (attempt 2/5)
    Transient error (You have exceeded a rate limit. Contact planetarycomputer@microsoft.com.) -- retrying in 12s (attempt 1/5)
    Transient error (You have exceeded a rate limit. Contact planetarycomputer@microsoft.com.) -- retrying in 14s (attempt 1/5)
    Transient error (You have exceeded a rate limit. Contact planetarycomputer@microsoft.com.) -- retrying in 12s (attempt 1/5)
    Transient error (You have exceeded a rate limit. Contact planetarycomputer@microsoft.com.) -- retrying in 23s (attempt 2/5)
    ...13200 candidate(s) done (303.8 min elapsed)
    Transient error (You have exceeded a rate limit. Contact planetarycomputer@microsoft.com.) -- retrying in 14s (attempt 1/5)
    Transient error (You have exceeded a rate limit. Contact planetarycomputer@microsoft.com.) -- retrying in 16s (attempt 1/5)
    ...13400 candidate(s) done (305.8 min elapsed)
    Transient error (You have exceeded a rate limit. Contact planetarycomputer@microsoft.com.) -- retrying in 9s (attempt 1/5)
    Transient error (You have exceeded a rate limit. Contact planetarycomputer@microsoft.com.) -- retrying in 9s (attempt 1/5)
    ...13440 candidate(s) done (306.4 min elapsed)
  Flushed 13440 candidate row(s)

=== Summary ===
  Candidates processed : 13440
  Skipped (resume)     : 20
  No parcel geometry   : 0
  Elapsed              : 306.4 min

Outputs in: /work/GRDVULN/correction/data/od_features_candidates
Next: score these with stage2b_rf_model.joblib and compare rank-1 accuracy against Stage 2a alone, on the holdout's known truth.
Finished: Wed Sep  9 06:44:25 EDT 2026  (exit 0, 306 min)
THROUGHPUT NOTE: divide this task's 'Candidates processed' by 306
  min, then SUM across concurrent tasks to get aggregate rate. Compare
  that against the 39/min single-job baseline before raising the throttle.
