==========================================
Node:    r4n19
Job ID:  7413559
CPUs:    16
Started: Wed Sep  9 01:19:23 EDT 2026
==========================================
Loaded module: python/3.11
Python:  Python 3.11.13  (/work/GRDVULN/correction/.venv/bin/python)
------------------------------------------
Processing state: NY  (array index 31 of 48)
Running: python /work/GRDVULN/correction/scripts/01e_run_od_candidates.py --all --states NY --workers 8
/work/GRDVULN/correction/.venv/lib64/python3.11/site-packages/torch/serialization.py:1813: SourceChangeWarning: source code of class 'torch.nn.modules.conv.Conv2d' has changed. you can retrieve the original source code by accessing the object's source attribute or set `torch.nn.Module.dump_patches = True` and use the patch tool to revert the changes.
  _check_container_source(*data)
/work/GRDVULN/correction/.venv/lib64/python3.11/site-packages/torch/serialization.py:1813: SourceChangeWarning: source code of class 'torch.nn.modules.batchnorm.BatchNorm2d' has changed. you can retrieve the original source code by accessing the object's source attribute or set `torch.nn.Module.dump_patches = True` and use the patch tool to revert the changes.
  _check_container_source(*data)
=== 01e_run_od_candidates.py ===
output: /work/GRDVULN/correction/data/od_features_candidates

Loading Stage 2a candidates...
  240546 candidate(s) across 12030 plant(s) (top 20 each)
  --all: no scope restriction
  Restricted to ['NY']: 10920 candidate(s)

--- work plan ---
  NY: 10920 candidate parcel(s), 546 plant(s)
  TOTAL: 10920 candidate parcel(s)
  Each is tiled by 01b's generate_tile_grid -- most parcels are one tile, large ones more.
  Using weights: best.pt

Weights: /work/GRDVULN/correction/models/object_detection/best.pt
Classes: {0: 'aeration_basin', 1: 'clarifier', 2: 'digester'}

Connecting to Planetary Computer STAC API...
Connected.

--- State NY: 10920 candidate(s) ---
  Resume: skipping 60 already done
    Transient error (You have exceeded a rate limit. Contact planetarycomputer@microsoft.com.) -- retrying in 12s (attempt 1/5)
    Transient error (You have exceeded a rate limit. Contact planetarycomputer@microsoft.com.) -- retrying in 14s (attempt 1/5)
    Transient error (You have exceeded a rate limit. Contact planetarycomputer@microsoft.com.) -- retrying in 8s (attempt 1/5)
    Transient error (You have exceeded a rate limit. Contact planetarycomputer@microsoft.com.) -- retrying in 11s (attempt 1/5)
    Transient error (You have exceeded a rate limit. Contact planetarycomputer@microsoft.com.) -- retrying in 11s (attempt 1/5)
    Transient error (You have exceeded a rate limit. Contact planetarycomputer@microsoft.com.) -- retrying in 16s (attempt 1/5)
    Transient error (You have exceeded a rate limit. Contact planetarycomputer@microsoft.com.) -- retrying in 9s (attempt 1/5)
    Transient error (You have exceeded a rate limit. Contact planetarycomputer@microsoft.com.) -- retrying in 13s (attempt 1/5)
    Transient error (You have exceeded a rate limit. Contact planetarycomputer@microsoft.com.) -- retrying in 8s (attempt 1/5)
    Transient error (You have exceeded a rate limit. Contact planetarycomputer@microsoft.com.) -- retrying in 15s (attempt 1/5)
    Transient error (You have exceeded a rate limit. Contact planetarycomputer@microsoft.com.) -- retrying in 21s (attempt 2/5)
    Transient error (You have exceeded a rate limit. Contact planetarycomputer@microsoft.com.) -- retrying in 11s (attempt 1/5)
    Transient error (You have exceeded a rate limit. Contact planetarycomputer@microsoft.com.) -- retrying in 11s (attempt 1/5)
    Transient error (You have exceeded a rate limit. Contact planetarycomputer@microsoft.com.) -- retrying in 15s (attempt 1/5)
    Transient error (You have exceeded a rate limit. Contact planetarycomputer@microsoft.com.) -- retrying in 13s (attempt 1/5)
    Transient error (You have exceeded a rate limit. Contact planetarycomputer@microsoft.com.) -- retrying in 10s (attempt 1/5)
    ...200 candidate(s) done (5.5 min elapsed)
    Transient error (You have exceeded a rate limit. Contact planetarycomputer@microsoft.com.) -- retrying in 11s (attempt 1/5)
    Transient error (You have exceeded a rate limit. Contact planetarycomputer@microsoft.com.) -- retrying in 15s (attempt 1/5)
    Transient error (You have exceeded a rate limit. Contact planetarycomputer@microsoft.com.) -- retrying in 13s (attempt 1/5)
    Transient error (You have exceeded a rate limit. Contact planetarycomputer@microsoft.com.) -- retrying in 15s (attempt 1/5)
    Transient error (You have exceeded a rate limit. Contact planetarycomputer@microsoft.com.) -- retrying in 9s (attempt 1/5)
    Transient error (You have exceeded a rate limit. Contact planetarycomputer@microsoft.com.) -- retrying in 15s (attempt 1/5)
    Transient error (You have exceeded a rate limit. Contact planetarycomputer@microsoft.com.) -- retrying in 8s (attempt 1/5)
    Transient error (You have exceeded a rate limit. Contact planetarycomputer@microsoft.com.) -- retrying in 14s (attempt 1/5)
    Transient error (You have exceeded a rate limit. Contact planetarycomputer@microsoft.com.) -- retrying in 22s (attempt 2/5)
    Transient error (You have exceeded a rate limit. Contact planetarycomputer@microsoft.com.) -- retrying in 13s (attempt 1/5)
    Transient error (You have exceeded a rate limit. Contact planetarycomputer@microsoft.com.) -- retrying in 11s (attempt 1/5)
    Transient error (You have exceeded a rate limit. Contact planetarycomputer@microsoft.com.) -- retrying in 12s (attempt 1/5)
    Transient error (You have exceeded a rate limit. Contact planetarycomputer@microsoft.com.) -- retrying in 13s (attempt 1/5)
    Transient error (You have exceeded a rate limit. Contact planetarycomputer@microsoft.com.) -- retrying in 14s (attempt 1/5)
    Transient error (You have exceeded a rate limit. Contact planetarycomputer@microsoft.com.) -- retrying in 19s (attempt 2/5)
    Transient error (You have exceeded a rate limit. Contact planetarycomputer@microsoft.com.) -- retrying in 14s (attempt 1/5)
    Transient error (You have exceeded a rate limit. Contact planetarycomputer@microsoft.com.) -- retrying in 11s (attempt 1/5)
    Transient error (You have exceeded a rate limit. Contact planetarycomputer@microsoft.com.) -- retrying in 16s (attempt 1/5)
    Transient error (You have exceeded a rate limit. Contact planetarycomputer@microsoft.com.) -- retrying in 10s (attempt 1/5)
    Transient error (You have exceeded a rate limit. Contact planetarycomputer@microsoft.com.) -- retrying in 22s (attempt 2/5)
    Transient error (You have exceeded a rate limit. Contact planetarycomputer@microsoft.com.) -- retrying in 20s (attempt 2/5)
    Transient error (You have exceeded a rate limit. Contact planetarycomputer@microsoft.com.) -- retrying in 11s (attempt 1/5)
    Transient error (You have exceeded a rate limit. Contact planetarycomputer@microsoft.com.) -- retrying in 35s (attempt 3/5)
    Transient error (You have exceeded a rate limit. Contact planetarycomputer@microsoft.com.) -- retrying in 14s (attempt 1/5)
    Transient error (You have exceeded a rate limit. Contact planetarycomputer@microsoft.com.) -- retrying in 11s (attempt 1/5)
    Transient error (You have exceeded a rate limit. Contact planetarycomputer@microsoft.com.) -- retrying in 9s (attempt 1/5)
    Transient error (You have exceeded a rate limit. Contact planetarycomputer@microsoft.com.) -- retrying in 11s (attempt 1/5)
    Transient error (You have exceeded a rate limit. Contact planetarycomputer@microsoft.com.) -- retrying in 9s (attempt 1/5)
    Transient error (You have exceeded a rate limit. Contact planetarycomputer@microsoft.com.) -- retrying in 14s (attempt 1/5)
    Transient error (You have exceeded a rate limit. Contact planetarycomputer@microsoft.com.) -- retrying in 19s (attempt 2/5)
    Transient error (You have exceeded a rate limit. Contact planetarycomputer@microsoft.com.) -- retrying in 23s (attempt 2/5)
    Transient error (You have exceeded a rate limit. Contact planetarycomputer@microsoft.com.) -- retrying in 22s (attempt 2/5)
    Transient error (You have exceeded a rate limit. Contact planetarycomputer@microsoft.com.) -- retrying in 8s (attempt 1/5)
    Transient error (You have exceeded a rate limit. Contact planetarycomputer@microsoft.com.) -- retrying in 12s (attempt 1/5)
    Transient error (You have exceeded a rate limit. Contact planetarycomputer@microsoft.com.) -- retrying in 17s (attempt 2/5)
    Transient error (You have exceeded a rate limit. Contact planetarycomputer@microsoft.com.) -- retrying in 13s (attempt 1/5)
    Transient error (You have exceeded a rate limit. Contact planetarycomputer@microsoft.com.) -- retrying in 21s (attempt 2/5)
    Transient error (You have exceeded a rate limit. Contact planetarycomputer@microsoft.com.) -- retrying in 38s (attempt 3/5)
    Transient error (You have exceeded a rate limit. Contact planetarycomputer@microsoft.com.) -- retrying in 9s (attempt 1/5)
    Transient error (You have exceeded a rate limit. Contact planetarycomputer@microsoft.com.) -- retrying in 70s (attempt 4/5)
    Transient error (You have exceeded a rate limit. Contact planetarycomputer@microsoft.com.) -- retrying in 34s (attempt 3/5)
    Transient error (You have exceeded a rate limit. Contact planetarycomputer@microsoft.com.) -- retrying in 36s (attempt 3/5)
    Transient error (You have exceeded a rate limit. Contact planetarycomputer@microsoft.com.) -- retrying in 33s (attempt 3/5)
    Transient error (You have exceeded a rate limit. Contact planetarycomputer@microsoft.com.) -- retrying in 9s (attempt 1/5)
    ...400 candidate(s) done (10.4 min elapsed)
    Transient error (You have exceeded a rate limit. Contact planetarycomputer@microsoft.com.) -- retrying in 14s (attempt 1/5)
    Transient error (You have exceeded a rate limit. Contact planetarycomputer@microsoft.com.) -- retrying in 21s (attempt 2/5)
    Transient error (You have exceeded a rate limit. Contact planetarycomputer@microsoft.com.) -- retrying in 34s (attempt 3/5)
    Transient error (You have exceeded a rate limit. Contact planetarycomputer@microsoft.com.) -- retrying in 12s (attempt 1/5)
    Transient error (You have exceeded a rate limit. Contact planetarycomputer@microsoft.com.) -- retrying in 12s (attempt 1/5)
    Transient error (You have exceeded a rate limit. Contact planetarycomputer@microsoft.com.) -- retrying in 9s (attempt 1/5)
    Transient error (You have exceeded a rate limit. Contact planetarycomputer@microsoft.com.) -- retrying in 8s (attempt 1/5)
    Transient error (You have exceeded a rate limit. Contact planetarycomputer@microsoft.com.) -- retrying in 13s (attempt 1/5)
    Transient error (You have exceeded a rate limit. Contact planetarycomputer@microsoft.com.) -- retrying in 15s (attempt 1/5)
    Transient error (You have exceeded a rate limit. Contact planetarycomputer@microsoft.com.) -- retrying in 11s (attempt 1/5)
    Transient error (You have exceeded a rate limit. Contact planetarycomputer@microsoft.com.) -- retrying in 9s (attempt 1/5)
    Transient error (You have exceeded a rate limit. Contact planetarycomputer@microsoft.com.) -- retrying in 14s (attempt 1/5)
    Transient error (You have exceeded a rate limit. Contact planetarycomputer@microsoft.com.) -- retrying in 13s (attempt 1/5)
    Transient error (You have exceeded a rate limit. Contact planetarycomputer@microsoft.com.) -- retrying in 14s (attempt 1/5)
    Transient error (You have exceeded a rate limit. Contact planetarycomputer@microsoft.com.) -- retrying in 14s (attempt 1/5)
    Transient error (You have exceeded a rate limit. Contact planetarycomputer@microsoft.com.) -- retrying in 13s (attempt 1/5)
    Transient error (You have exceeded a rate limit. Contact planetarycomputer@microsoft.com.) -- retrying in 12s (attempt 1/5)
    ...600 candidate(s) done (14.5 min elapsed)
    Transient error (You have exceeded a rate limit. Contact planetarycomputer@microsoft.com.) -- retrying in 9s (attempt 1/5)
    Transient error (You have exceeded a rate limit. Contact planetarycomputer@microsoft.com.) -- retrying in 13s (attempt 1/5)
    Transient error (You have exceeded a rate limit. Contact planetarycomputer@microsoft.com.) -- retrying in 11s (attempt 1/5)
    Transient error (You have exceeded a rate limit. Contact planetarycomputer@microsoft.com.) -- retrying in 11s (attempt 1/5)
    Transient error (You have exceeded a rate limit. Contact planetarycomputer@microsoft.com.) -- retrying in 9s (attempt 1/5)
    Transient error (You have exceeded a rate limit. Contact planetarycomputer@microsoft.com.) -- retrying in 11s (attempt 1/5)
    Transient error (You have exceeded a rate limit. Contact planetarycomputer@microsoft.com.) -- retrying in 14s (attempt 1/5)
    Transient error (You have exceeded a rate limit. Contact planetarycomputer@microsoft.com.) -- retrying in 17s (attempt 2/5)
    ...800 candidate(s) done (17.2 min elapsed)
    Transient error (You have exceeded a rate limit. Contact planetarycomputer@microsoft.com.) -- retrying in 12s (attempt 1/5)
    Transient error (You have exceeded a rate limit. Contact planetarycomputer@microsoft.com.) -- retrying in 11s (attempt 1/5)
    Transient error (You have exceeded a rate limit. Contact planetarycomputer@microsoft.com.) -- retrying in 18s (attempt 2/5)
    Transient error (You have exceeded a rate limit. Contact planetarycomputer@microsoft.com.) -- retrying in 37s (attempt 3/5)
    Transient error (You have exceeded a rate limit. Contact planetarycomputer@microsoft.com.) -- retrying in 15s (attempt 1/5)
    Transient error (You have exceeded a rate limit. Contact planetarycomputer@microsoft.com.) -- retrying in 11s (attempt 1/5)
    Transient error (You have exceeded a rate limit. Contact planetarycomputer@microsoft.com.) -- retrying in 8s (attempt 1/5)
    Transient error (You have exceeded a rate limit. Contact planetarycomputer@microsoft.com.) -- retrying in 12s (attempt 1/5)
    Transient error (You have exceeded a rate limit. Contact planetarycomputer@microsoft.com.) -- retrying in 12s (attempt 1/5)
    Transient error (You have exceeded a rate limit. Contact planetarycomputer@microsoft.com.) -- retrying in 15s (attempt 1/5)
    Transient error (You have exceeded a rate limit. Contact planetarycomputer@microsoft.com.) -- retrying in 15s (attempt 1/5)
    ...1000 candidate(s) done (21.2 min elapsed)
    Transient error (You have exceeded a rate limit. Contact planetarycomputer@microsoft.com.) -- retrying in 11s (attempt 1/5)
    Transient error (You have exceeded a rate limit. Contact planetarycomputer@microsoft.com.) -- retrying in 12s (attempt 1/5)
    Transient error (You have exceeded a rate limit. Contact planetarycomputer@microsoft.com.) -- retrying in 10s (attempt 1/5)
    Transient error (You have exceeded a rate limit. Contact planetarycomputer@microsoft.com.) -- retrying in 14s (attempt 1/5)
    Transient error (You have exceeded a rate limit. Contact planetarycomputer@microsoft.com.) -- retrying in 12s (attempt 1/5)
    Transient error (You have exceeded a rate limit. Contact planetarycomputer@microsoft.com.) -- retrying in 15s (attempt 1/5)
    Transient error (You have exceeded a rate limit. Contact planetarycomputer@microsoft.com.) -- retrying in 15s (attempt 1/5)
    Transient error (You have exceeded a rate limit. Contact planetarycomputer@microsoft.com.) -- retrying in 13s (attempt 1/5)
    Transient error (You have exceeded a rate limit. Contact planetarycomputer@microsoft.com.) -- retrying in 16s (attempt 1/5)
    Transient error (You have exceeded a rate limit. Contact planetarycomputer@microsoft.com.) -- retrying in 11s (attempt 1/5)
    Transient error (You have exceeded a rate limit. Contact planetarycomputer@microsoft.com.) -- retrying in 20s (attempt 2/5)
    Transient error (You have exceeded a rate limit. Contact planetarycomputer@microsoft.com.) -- retrying in 8s (attempt 1/5)
    Transient error (You have exceeded a rate limit. Contact planetarycomputer@microsoft.com.) -- retrying in 39s (attempt 3/5)
    Transient error (You have exceeded a rate limit. Contact planetarycomputer@microsoft.com.) -- retrying in 22s (attempt 2/5)
    ...1200 candidate(s) done (24.2 min elapsed)
    Transient error (You have exceeded a rate limit. Contact planetarycomputer@microsoft.com.) -- retrying in 9s (attempt 1/5)
    Transient error (You have exceeded a rate limit. Contact planetarycomputer@microsoft.com.) -- retrying in 16s (attempt 1/5)
    Transient error (You have exceeded a rate limit. Contact planetarycomputer@microsoft.com.) -- retrying in 19s (attempt 2/5)
    Transient error (You have exceeded a rate limit. Contact planetarycomputer@microsoft.com.) -- retrying in 11s (attempt 1/5)
    Transient error (You have exceeded a rate limit. Contact planetarycomputer@microsoft.com.) -- retrying in 12s (attempt 1/5)
    Transient error (You have exceeded a rate limit. Contact planetarycomputer@microsoft.com.) -- retrying in 8s (attempt 1/5)
    Transient error (You have exceeded a rate limit. Contact planetarycomputer@microsoft.com.) -- retrying in 20s (attempt 2/5)
    Transient error (You have exceeded a rate limit. Contact planetarycomputer@microsoft.com.) -- retrying in 11s (attempt 1/5)
    Transient error (You have exceeded a rate limit. Contact planetarycomputer@microsoft.com.) -- retrying in 13s (attempt 1/5)
    Transient error (You have exceeded a rate limit. Contact planetarycomputer@microsoft.com.) -- retrying in 14s (attempt 1/5)
    Transient error (You have exceeded a rate limit. Contact planetarycomputer@microsoft.com.) -- retrying in 9s (attempt 1/5)
    ...1400 candidate(s) done (27.1 min elapsed)
    Transient error (You have exceeded a rate limit. Contact planetarycomputer@microsoft.com.) -- retrying in 15s (attempt 1/5)
    Transient error (You have exceeded a rate limit. Contact planetarycomputer@microsoft.com.) -- retrying in 8s (attempt 1/5)
    Transient error (You have exceeded a rate limit. Contact planetarycomputer@microsoft.com.) -- retrying in 9s (attempt 1/5)
    Transient error (You have exceeded a rate limit. Contact planetarycomputer@microsoft.com.) -- retrying in 13s (attempt 1/5)
    Transient error (You have exceeded a rate limit. Contact planetarycomputer@microsoft.com.) -- retrying in 13s (attempt 1/5)
    Transient error (You have exceeded a rate limit. Contact planetarycomputer@microsoft.com.) -- retrying in 10s (attempt 1/5)
    ...1600 candidate(s) done (29.5 min elapsed)
    Transient error (You have exceeded a rate limit. Contact planetarycomputer@microsoft.com.) -- retrying in 13s (attempt 1/5)
    Transient error (You have exceeded a rate limit. Contact planetarycomputer@microsoft.com.) -- retrying in 13s (attempt 1/5)
    Transient error (You have exceeded a rate limit. Contact planetarycomputer@microsoft.com.) -- retrying in 10s (attempt 1/5)
    Transient error (You have exceeded a rate limit. Contact planetarycomputer@microsoft.com.) -- retrying in 12s (attempt 1/5)
    Transient error (You have exceeded a rate limit. Contact planetarycomputer@microsoft.com.) -- retrying in 11s (attempt 1/5)
    Transient error (You have exceeded a rate limit. Contact planetarycomputer@microsoft.com.) -- retrying in 21s (attempt 2/5)
    Transient error (You have exceeded a rate limit. Contact planetarycomputer@microsoft.com.) -- retrying in 11s (attempt 1/5)
    Transient error (You have exceeded a rate limit. Contact planetarycomputer@microsoft.com.) -- retrying in 19s (attempt 2/5)
    Transient error (You have exceeded a rate limit. Contact planetarycomputer@microsoft.com.) -- retrying in 33s (attempt 3/5)
    Transient error (You have exceeded a rate limit. Contact planetarycomputer@microsoft.com.) -- retrying in 13s (attempt 1/5)
    Transient error (You have exceeded a rate limit. Contact planetarycomputer@microsoft.com.) -- retrying in 17s (attempt 2/5)
    Transient error (You have exceeded a rate limit. Contact planetarycomputer@microsoft.com.) -- retrying in 10s (attempt 1/5)
    Transient error (You have exceeded a rate limit. Contact planetarycomputer@microsoft.com.) -- retrying in 12s (attempt 1/5)
    Transient error (You have exceeded a rate limit. Contact planetarycomputer@microsoft.com.) -- retrying in 8s (attempt 1/5)
    Transient error (You have exceeded a rate limit. Contact planetarycomputer@microsoft.com.) -- retrying in 20s (attempt 2/5)
    Transient error (You have exceeded a rate limit. Contact planetarycomputer@microsoft.com.) -- retrying in 15s (attempt 1/5)
    ...1800 candidate(s) done (34.4 min elapsed)
    Transient error (You have exceeded a rate limit. Contact planetarycomputer@microsoft.com.) -- retrying in 16s (attempt 1/5)
    Transient error (You have exceeded a rate limit. Contact planetarycomputer@microsoft.com.) -- retrying in 12s (attempt 1/5)
    Transient error (You have exceeded a rate limit. Contact planetarycomputer@microsoft.com.) -- retrying in 10s (attempt 1/5)
    Transient error (You have exceeded a rate limit. Contact planetarycomputer@microsoft.com.) -- retrying in 13s (attempt 1/5)
    Transient error (You have exceeded a rate limit. Contact planetarycomputer@microsoft.com.) -- retrying in 23s (attempt 2/5)
    Transient error (You have exceeded a rate limit. Contact planetarycomputer@microsoft.com.) -- retrying in 11s (attempt 1/5)
    Transient error (You have exceeded a rate limit. Contact planetarycomputer@microsoft.com.) -- retrying in 9s (attempt 1/5)
    Transient error (You have exceeded a rate limit. Contact planetarycomputer@microsoft.com.) -- retrying in 11s (attempt 1/5)
    Transient error (You have exceeded a rate limit. Contact planetarycomputer@microsoft.com.) -- retrying in 21s (attempt 2/5)
    Transient error (You have exceeded a rate limit. Contact planetarycomputer@microsoft.com.) -- retrying in 14s (attempt 1/5)
    Transient error (You have exceeded a rate limit. Contact planetarycomputer@microsoft.com.) -- retrying in 12s (attempt 1/5)
    Transient error (You have exceeded a rate limit. Contact planetarycomputer@microsoft.com.) -- retrying in 11s (attempt 1/5)
    Transient error (You have exceeded a rate limit. Contact planetarycomputer@microsoft.com.) -- retrying in 9s (attempt 1/5)
    Transient error (You have exceeded a rate limit. Contact planetarycomputer@microsoft.com.) -- retrying in 13s (attempt 1/5)
    Transient error (You have exceeded a rate limit. Contact planetarycomputer@microsoft.com.) -- retrying in 15s (attempt 1/5)
    Transient error (You have exceeded a rate limit. Contact planetarycomputer@microsoft.com.) -- retrying in 10s (attempt 1/5)
    Transient error (You have exceeded a rate limit. Contact planetarycomputer@microsoft.com.) -- retrying in 15s (attempt 1/5)
    ...2000 candidate(s) done (39.4 min elapsed)
    Transient error (You have exceeded a rate limit. Contact planetarycomputer@microsoft.com.) -- retrying in 8s (attempt 1/5)
    Transient error (You have exceeded a rate limit. Contact planetarycomputer@microsoft.com.) -- retrying in 14s (attempt 1/5)
    Transient error (You have exceeded a rate limit. Contact planetarycomputer@microsoft.com.) -- retrying in 14s (attempt 1/5)
    Transient error (You have exceeded a rate limit. Contact planetarycomputer@microsoft.com.) -- retrying in 16s (attempt 1/5)
    Transient error (You have exceeded a rate limit. Contact planetarycomputer@microsoft.com.) -- retrying in 15s (attempt 1/5)
    Transient error (You have exceeded a rate limit. Contact planetarycomputer@microsoft.com.) -- retrying in 20s (attempt 2/5)
    Transient error (You have exceeded a rate limit. Contact planetarycomputer@microsoft.com.) -- retrying in 12s (attempt 1/5)
    Transient error (You have exceeded a rate limit. Contact planetarycomputer@microsoft.com.) -- retrying in 21s (attempt 2/5)
    Transient error (You have exceeded a rate limit. Contact planetarycomputer@microsoft.com.) -- retrying in 36s (attempt 3/5)
    Transient error (You have exceeded a rate limit. Contact planetarycomputer@microsoft.com.) -- retrying in 67s (attempt 4/5)
    Transient error (You have exceeded a rate limit. Contact planetarycomputer@microsoft.com.) -- retrying in 11s (attempt 1/5)
    ...2200 candidate(s) done (44.8 min elapsed)
    Transient error (You have exceeded a rate limit. Contact planetarycomputer@microsoft.com.) -- retrying in 15s (attempt 1/5)
    Transient error (You have exceeded a rate limit. Contact planetarycomputer@microsoft.com.) -- retrying in 21s (attempt 2/5)
    Transient error (You have exceeded a rate limit. Contact planetarycomputer@microsoft.com.) -- retrying in 8s (attempt 1/5)
    Transient error (You have exceeded a rate limit. Contact planetarycomputer@microsoft.com.) -- retrying in 15s (attempt 1/5)
    Transient error (You have exceeded a rate limit. Contact planetarycomputer@microsoft.com.) -- retrying in 11s (attempt 1/5)
    Transient error (You have exceeded a rate limit. Contact planetarycomputer@microsoft.com.) -- retrying in 12s (attempt 1/5)
    Transient error (You have exceeded a rate limit. Contact planetarycomputer@microsoft.com.) -- retrying in 14s (attempt 1/5)
    Transient error (You have exceeded a rate limit. Contact planetarycomputer@microsoft.com.) -- retrying in 10s (attempt 1/5)
    Transient error (You have exceeded a rate limit. Contact planetarycomputer@microsoft.com.) -- retrying in 16s (attempt 1/5)
    Transient error (You have exceeded a rate limit. Contact planetarycomputer@microsoft.com.) -- retrying in 12s (attempt 1/5)
    Transient error (You have exceeded a rate limit. Contact planetarycomputer@microsoft.com.) -- retrying in 14s (attempt 1/5)
    Transient error (You have exceeded a rate limit. Contact planetarycomputer@microsoft.com.) -- retrying in 9s (attempt 1/5)
    Transient error (You have exceeded a rate limit. Contact planetarycomputer@microsoft.com.) -- retrying in 13s (attempt 1/5)
    Transient error (You have exceeded a rate limit. Contact planetarycomputer@microsoft.com.) -- retrying in 9s (attempt 1/5)
    Transient error (You have exceeded a rate limit. Contact planetarycomputer@microsoft.com.) -- retrying in 13s (attempt 1/5)
    Transient error (You have exceeded a rate limit. Contact planetarycomputer@microsoft.com.) -- retrying in 13s (attempt 1/5)
    Transient error (You have exceeded a rate limit. Contact planetarycomputer@microsoft.com.) -- retrying in 16s (attempt 1/5)
    Transient error (You have exceeded a rate limit. Contact planetarycomputer@microsoft.com.) -- retrying in 13s (attempt 1/5)
    Transient error (You have exceeded a rate limit. Contact planetarycomputer@microsoft.com.) -- retrying in 19s (attempt 2/5)
    ...2400 candidate(s) done (49.8 min elapsed)
    Transient error (You have exceeded a rate limit. Contact planetarycomputer@microsoft.com.) -- retrying in 11s (attempt 1/5)
    Transient error (You have exceeded a rate limit. Contact planetarycomputer@microsoft.com.) -- retrying in 9s (attempt 1/5)
    Transient error (You have exceeded a rate limit. Contact planetarycomputer@microsoft.com.) -- retrying in 9s (attempt 1/5)
    Transient error (You have exceeded a rate limit. Contact planetarycomputer@microsoft.com.) -- retrying in 16s (attempt 1/5)
    Transient error (You have exceeded a rate limit. Contact planetarycomputer@microsoft.com.) -- retrying in 9s (attempt 1/5)
    Transient error (You have exceeded a rate limit. Contact planetarycomputer@microsoft.com.) -- retrying in 10s (attempt 1/5)
    Transient error (You have exceeded a rate limit. Contact planetarycomputer@microsoft.com.) -- retrying in 13s (attempt 1/5)
    Transient error (You have exceeded a rate limit. Contact planetarycomputer@microsoft.com.) -- retrying in 9s (attempt 1/5)
    Transient error (You have exceeded a rate limit. Contact planetarycomputer@microsoft.com.) -- retrying in 17s (attempt 2/5)
    Transient error (You have exceeded a rate limit. Contact planetarycomputer@microsoft.com.) -- retrying in 10s (attempt 1/5)
    Transient error (You have exceeded a rate limit. Contact planetarycomputer@microsoft.com.) -- retrying in 10s (attempt 1/5)
    Transient error (You have exceeded a rate limit. Contact planetarycomputer@microsoft.com.) -- retrying in 8s (attempt 1/5)
    ...2600 candidate(s) done (52.4 min elapsed)
    Transient error (You have exceeded a rate limit. Contact planetarycomputer@microsoft.com.) -- retrying in 13s (attempt 1/5)
    Transient error (You have exceeded a rate limit. Contact planetarycomputer@microsoft.com.) -- retrying in 9s (attempt 1/5)
    Transient error (You have exceeded a rate limit. Contact planetarycomputer@microsoft.com.) -- retrying in 22s (attempt 2/5)
    Transient error (You have exceeded a rate limit. Contact planetarycomputer@microsoft.com.) -- retrying in 36s (attempt 3/5)
    Transient error (You have exceeded a rate limit. Contact planetarycomputer@microsoft.com.) -- retrying in 10s (attempt 1/5)
    Transient error (You have exceeded a rate limit. Contact planetarycomputer@microsoft.com.) -- retrying in 13s (attempt 1/5)
    Transient error (You have exceeded a rate limit. Contact planetarycomputer@microsoft.com.) -- retrying in 14s (attempt 1/5)
    Transient error (You have exceeded a rate limit. Contact planetarycomputer@microsoft.com.) -- retrying in 16s (attempt 2/5)
    Transient error (You have exceeded a rate limit. Contact planetarycomputer@microsoft.com.) -- retrying in 12s (attempt 1/5)
    Transient error (You have exceeded a rate limit. Contact planetarycomputer@microsoft.com.) -- retrying in 20s (attempt 2/5)
    Transient error (You have exceeded a rate limit. Contact planetarycomputer@microsoft.com.) -- retrying in 16s (attempt 1/5)
    Transient error (You have exceeded a rate limit. Contact planetarycomputer@microsoft.com.) -- retrying in 9s (attempt 1/5)
    Transient error (You have exceeded a rate limit. Contact planetarycomputer@microsoft.com.) -- retrying in 9s (attempt 1/5)
    Transient error (You have exceeded a rate limit. Contact planetarycomputer@microsoft.com.) -- retrying in 8s (attempt 1/5)
    Transient error (You have exceeded a rate limit. Contact planetarycomputer@microsoft.com.) -- retrying in 12s (attempt 1/5)
    Transient error (You have exceeded a rate limit. Contact planetarycomputer@microsoft.com.) -- retrying in 10s (attempt 1/5)
    Transient error (You have exceeded a rate limit. Contact planetarycomputer@microsoft.com.) -- retrying in 14s (attempt 1/5)
    Transient error (You have exceeded a rate limit. Contact planetarycomputer@microsoft.com.) -- retrying in 16s (attempt 1/5)
    Transient error (You have exceeded a rate limit. Contact planetarycomputer@microsoft.com.) -- retrying in 9s (attempt 1/5)
    Transient error (You have exceeded a rate limit. Contact planetarycomputer@microsoft.com.) -- retrying in 9s (attempt 1/5)
    Transient error (You have exceeded a rate limit. Contact planetarycomputer@microsoft.com.) -- retrying in 10s (attempt 1/5)
    Transient error (You have exceeded a rate limit. Contact planetarycomputer@microsoft.com.) -- retrying in 14s (attempt 1/5)
    Transient error (You have exceeded a rate limit. Contact planetarycomputer@microsoft.com.) -- retrying in 19s (attempt 2/5)
    ...2800 candidate(s) done (58.0 min elapsed)
    Transient error (You have exceeded a rate limit. Contact planetarycomputer@microsoft.com.) -- retrying in 8s (attempt 1/5)
    Transient error (You have exceeded a rate limit. Contact planetarycomputer@microsoft.com.) -- retrying in 14s (attempt 1/5)
    Transient error (You have exceeded a rate limit. Contact planetarycomputer@microsoft.com.) -- retrying in 15s (attempt 1/5)
    Transient error (You have exceeded a rate limit. Contact planetarycomputer@microsoft.com.) -- retrying in 22s (attempt 2/5)
    Transient error (You have exceeded a rate limit. Contact planetarycomputer@microsoft.com.) -- retrying in 11s (attempt 1/5)
    Transient error (You have exceeded a rate limit. Contact planetarycomputer@microsoft.com.) -- retrying in 8s (attempt 1/5)
    Transient error (You have exceeded a rate limit. Contact planetarycomputer@microsoft.com.) -- retrying in 11s (attempt 1/5)
    Transient error (You have exceeded a rate limit. Contact planetarycomputer@microsoft.com.) -- retrying in 10s (attempt 1/5)
    Transient error (You have exceeded a rate limit. Contact planetarycomputer@microsoft.com.) -- retrying in 11s (attempt 1/5)
    Transient error (You have exceeded a rate limit. Contact planetarycomputer@microsoft.com.) -- retrying in 22s (attempt 2/5)
    Transient error (You have exceeded a rate limit. Contact planetarycomputer@microsoft.com.) -- retrying in 12s (attempt 1/5)
    Transient error (You have exceeded a rate limit. Contact planetarycomputer@microsoft.com.) -- retrying in 10s (attempt 1/5)
    Transient error (You have exceeded a rate limit. Contact planetarycomputer@microsoft.com.) -- retrying in 22s (attempt 2/5)
    Transient error (You have exceeded a rate limit. Contact planetarycomputer@microsoft.com.) -- retrying in 37s (attempt 3/5)
    Transient error (You have exceeded a rate limit. Contact planetarycomputer@microsoft.com.) -- retrying in 69s (attempt 4/5)
    Transient error (You have exceeded a rate limit. Contact planetarycomputer@microsoft.com.) -- retrying in 16s (attempt 1/5)
    Transient error (You have exceeded a rate limit. Contact planetarycomputer@microsoft.com.) -- retrying in 9s (attempt 1/5)
    Transient error (You have exceeded a rate limit. Contact planetarycomputer@microsoft.com.) -- retrying in 9s (attempt 1/5)
    Transient error (You have exceeded a rate limit. Contact planetarycomputer@microsoft.com.) -- retrying in 9s (attempt 1/5)
    Transient error (You have exceeded a rate limit. Contact planetarycomputer@microsoft.com.) -- retrying in 8s (attempt 1/5)
    Transient error (You have exceeded a rate limit. Contact planetarycomputer@microsoft.com.) -- retrying in 14s (attempt 1/5)
    Transient error (You have exceeded a rate limit. Contact planetarycomputer@microsoft.com.) -- retrying in 15s (attempt 1/5)
    Transient error (You have exceeded a rate limit. Contact planetarycomputer@microsoft.com.) -- retrying in 16s (attempt 1/5)
    Transient error (You have exceeded a rate limit. Contact planetarycomputer@microsoft.com.) -- retrying in 16s (attempt 1/5)
    Transient error (You have exceeded a rate limit. Contact planetarycomputer@microsoft.com.) -- retrying in 15s (attempt 1/5)
    Transient error (You have exceeded a rate limit. Contact planetarycomputer@microsoft.com.) -- retrying in 12s (attempt 1/5)
    Transient error (You have exceeded a rate limit. Contact planetarycomputer@microsoft.com.) -- retrying in 13s (attempt 1/5)
    ...3000 candidate(s) done (65.4 min elapsed)
    Transient error (You have exceeded a rate limit. Contact planetarycomputer@microsoft.com.) -- retrying in 9s (attempt 1/5)
    Transient error (You have exceeded a rate limit. Contact planetarycomputer@microsoft.com.) -- retrying in 14s (attempt 1/5)
    Transient error (You have exceeded a rate limit. Contact planetarycomputer@microsoft.com.) -- retrying in 9s (attempt 1/5)
    Transient error (You have exceeded a rate limit. Contact planetarycomputer@microsoft.com.) -- retrying in 13s (attempt 1/5)
    Transient error (You have exceeded a rate limit. Contact planetarycomputer@microsoft.com.) -- retrying in 22s (attempt 2/5)
    Transient error (You have exceeded a rate limit. Contact planetarycomputer@microsoft.com.) -- retrying in 9s (attempt 1/5)
    Transient error (You have exceeded a rate limit. Contact planetarycomputer@microsoft.com.) -- retrying in 8s (attempt 1/5)
    Transient error (You have exceeded a rate limit. Contact planetarycomputer@microsoft.com.) -- retrying in 9s (attempt 1/5)
    Transient error (You have exceeded a rate limit. Contact planetarycomputer@microsoft.com.) -- retrying in 15s (attempt 1/5)
    Transient error (You have exceeded a rate limit. Contact planetarycomputer@microsoft.com.) -- retrying in 15s (attempt 1/5)
    Transient error (You have exceeded a rate limit. Contact planetarycomputer@microsoft.com.) -- retrying in 12s (attempt 1/5)
    Transient error (You have exceeded a rate limit. Contact planetarycomputer@microsoft.com.) -- retrying in 19s (attempt 2/5)
    Transient error (You have exceeded a rate limit. Contact planetarycomputer@microsoft.com.) -- retrying in 37s (attempt 3/5)
    ...3200 candidate(s) done (70.4 min elapsed)
    Transient error (You have exceeded a rate limit. Contact planetarycomputer@microsoft.com.) -- retrying in 12s (attempt 1/5)
    Transient error (You have exceeded a rate limit. Contact planetarycomputer@microsoft.com.) -- retrying in 13s (attempt 1/5)
    Transient error (You have exceeded a rate limit. Contact planetarycomputer@microsoft.com.) -- retrying in 10s (attempt 1/5)
    Transient error (You have exceeded a rate limit. Contact planetarycomputer@microsoft.com.) -- retrying in 13s (attempt 1/5)
    Transient error (You have exceeded a rate limit. Contact planetarycomputer@microsoft.com.) -- retrying in 20s (attempt 2/5)
    Transient error (You have exceeded a rate limit. Contact planetarycomputer@microsoft.com.) -- retrying in 40s (attempt 3/5)
    Transient error (You have exceeded a rate limit. Contact planetarycomputer@microsoft.com.) -- retrying in 14s (attempt 1/5)
    Transient error (You have exceeded a rate limit. Contact planetarycomputer@microsoft.com.) -- retrying in 24s (attempt 2/5)
    Transient error (You have exceeded a rate limit. Contact planetarycomputer@microsoft.com.) -- retrying in 13s (attempt 1/5)
    Transient error (You have exceeded a rate limit. Contact planetarycomputer@microsoft.com.) -- retrying in 15s (attempt 1/5)
    Transient error (You have exceeded a rate limit. Contact planetarycomputer@microsoft.com.) -- retrying in 20s (attempt 2/5)
    Transient error (You have exceeded a rate limit. Contact planetarycomputer@microsoft.com.) -- retrying in 15s (attempt 1/5)
    Transient error (You have exceeded a rate limit. Contact planetarycomputer@microsoft.com.) -- retrying in 9s (attempt 1/5)
    Transient error (You have exceeded a rate limit. Contact planetarycomputer@microsoft.com.) -- retrying in 13s (attempt 1/5)
    Transient error (You have exceeded a rate limit. Contact planetarycomputer@microsoft.com.) -- retrying in 9s (attempt 1/5)
    Transient error (You have exceeded a rate limit. Contact planetarycomputer@microsoft.com.) -- retrying in 19s (attempt 2/5)
    Transient error (You have exceeded a rate limit. Contact planetarycomputer@microsoft.com.) -- retrying in 33s (attempt 3/5)
    Transient error (You have exceeded a rate limit. Contact planetarycomputer@microsoft.com.) -- retrying in 12s (attempt 1/5)
    Transient error (You have exceeded a rate limit. Contact planetarycomputer@microsoft.com.) -- retrying in 13s (attempt 1/5)
    Transient error (You have exceeded a rate limit. Contact planetarycomputer@microsoft.com.) -- retrying in 11s (attempt 1/5)
    Transient error (You have exceeded a rate limit. Contact planetarycomputer@microsoft.com.) -- retrying in 11s (attempt 1/5)
    ...3400 candidate(s) done (77.1 min elapsed)
    Transient error (You have exceeded a rate limit. Contact planetarycomputer@microsoft.com.) -- retrying in 11s (attempt 1/5)
    Transient error (You have exceeded a rate limit. Contact planetarycomputer@microsoft.com.) -- retrying in 8s (attempt 1/5)
    Transient error (You have exceeded a rate limit. Contact planetarycomputer@microsoft.com.) -- retrying in 14s (attempt 1/5)
    Transient error (You have exceeded a rate limit. Contact planetarycomputer@microsoft.com.) -- retrying in 13s (attempt 1/5)
    Transient error (You have exceeded a rate limit. Contact planetarycomputer@microsoft.com.) -- retrying in 11s (attempt 1/5)
    Transient error (You have exceeded a rate limit. Contact planetarycomputer@microsoft.com.) -- retrying in 14s (attempt 1/5)
    Transient error (You have exceeded a rate limit. Contact planetarycomputer@microsoft.com.) -- retrying in 14s (attempt 1/5)
    Transient error (You have exceeded a rate limit. Contact planetarycomputer@microsoft.com.) -- retrying in 9s (attempt 1/5)
    Transient error (You have exceeded a rate limit. Contact planetarycomputer@microsoft.com.) -- retrying in 10s (attempt 1/5)
    Transient error (You have exceeded a rate limit. Contact planetarycomputer@microsoft.com.) -- retrying in 12s (attempt 1/5)
    Transient error (You have exceeded a rate limit. Contact planetarycomputer@microsoft.com.) -- retrying in 15s (attempt 1/5)
    Transient error (You have exceeded a rate limit. Contact planetarycomputer@microsoft.com.) -- retrying in 14s (attempt 1/5)
    Transient error (You have exceeded a rate limit. Contact planetarycomputer@microsoft.com.) -- retrying in 10s (attempt 1/5)
    Transient error (You have exceeded a rate limit. Contact planetarycomputer@microsoft.com.) -- retrying in 16s (attempt 2/5)
    Transient error (You have exceeded a rate limit. Contact planetarycomputer@microsoft.com.) -- retrying in 9s (attempt 1/5)
    Transient error (You have exceeded a rate limit. Contact planetarycomputer@microsoft.com.) -- retrying in 11s (attempt 1/5)
    Transient error (You have exceeded a rate limit. Contact planetarycomputer@microsoft.com.) -- retrying in 17s (attempt 2/5)
    Transient error (You have exceeded a rate limit. Contact planetarycomputer@microsoft.com.) -- retrying in 16s (attempt 2/5)
    Transient error (You have exceeded a rate limit. Contact planetarycomputer@microsoft.com.) -- retrying in 11s (attempt 1/5)
    ...3600 candidate(s) done (80.4 min elapsed)
    Transient error (You have exceeded a rate limit. Contact planetarycomputer@microsoft.com.) -- retrying in 9s (attempt 1/5)
    Transient error (You have exceeded a rate limit. Contact planetarycomputer@microsoft.com.) -- retrying in 11s (attempt 1/5)
    Transient error (You have exceeded a rate limit. Contact planetarycomputer@microsoft.com.) -- retrying in 22s (attempt 2/5)
    Transient error (You have exceeded a rate limit. Contact planetarycomputer@microsoft.com.) -- retrying in 12s (attempt 1/5)
    Transient error (You have exceeded a rate limit. Contact planetarycomputer@microsoft.com.) -- retrying in 16s (attempt 1/5)
    ...3800 candidate(s) done (83.4 min elapsed)
    Transient error (You have exceeded a rate limit. Contact planetarycomputer@microsoft.com.) -- retrying in 13s (attempt 1/5)
    Transient error (You have exceeded a rate limit. Contact planetarycomputer@microsoft.com.) -- retrying in 13s (attempt 1/5)
    ...4000 candidate(s) done (85.9 min elapsed)
    Transient error (You have exceeded a rate limit. Contact planetarycomputer@microsoft.com.) -- retrying in 9s (attempt 1/5)
    Transient error (You have exceeded a rate limit. Contact planetarycomputer@microsoft.com.) -- retrying in 11s (attempt 1/5)
    ...4200 candidate(s) done (88.5 min elapsed)
    Transient error (You have exceeded a rate limit. Contact planetarycomputer@microsoft.com.) -- retrying in 11s (attempt 1/5)
    Transient error (You have exceeded a rate limit. Contact planetarycomputer@microsoft.com.) -- retrying in 8s (attempt 1/5)
    Transient error (You have exceeded a rate limit. Contact planetarycomputer@microsoft.com.) -- retrying in 13s (attempt 1/5)
    Transient error (You have exceeded a rate limit. Contact planetarycomputer@microsoft.com.) -- retrying in 11s (attempt 1/5)
    Transient error (You have exceeded a rate limit. Contact planetarycomputer@microsoft.com.) -- retrying in 12s (attempt 1/5)
    Transient error (You have exceeded a rate limit. Contact planetarycomputer@microsoft.com.) -- retrying in 13s (attempt 1/5)
    Transient error (You have exceeded a rate limit. Contact planetarycomputer@microsoft.com.) -- retrying in 13s (attempt 1/5)
    Transient error (You have exceeded a rate limit. Contact planetarycomputer@microsoft.com.) -- retrying in 14s (attempt 1/5)
    Transient error (You have exceeded a rate limit. Contact planetarycomputer@microsoft.com.) -- retrying in 10s (attempt 1/5)
    Transient error (You have exceeded a rate limit. Contact planetarycomputer@microsoft.com.) -- retrying in 8s (attempt 1/5)
    Transient error (You have exceeded a rate limit. Contact planetarycomputer@microsoft.com.) -- retrying in 17s (attempt 2/5)
    Transient error (You have exceeded a rate limit. Contact planetarycomputer@microsoft.com.) -- retrying in 11s (attempt 1/5)
    Transient error (You have exceeded a rate limit. Contact planetarycomputer@microsoft.com.) -- retrying in 12s (attempt 1/5)
    Transient error (You have exceeded a rate limit. Contact planetarycomputer@microsoft.com.) -- retrying in 15s (attempt 1/5)
    Transient error (You have exceeded a rate limit. Contact planetarycomputer@microsoft.com.) -- retrying in 13s (attempt 1/5)
    Transient error (You have exceeded a rate limit. Contact planetarycomputer@microsoft.com.) -- retrying in 15s (attempt 1/5)
    Transient error (You have exceeded a rate limit. Contact planetarycomputer@microsoft.com.) -- retrying in 21s (attempt 2/5)
    Transient error (You have exceeded a rate limit. Contact planetarycomputer@microsoft.com.) -- retrying in 8s (attempt 1/5)
    Transient error (You have exceeded a rate limit. Contact planetarycomputer@microsoft.com.) -- retrying in 8s (attempt 1/5)
    Transient error (You have exceeded a rate limit. Contact planetarycomputer@microsoft.com.) -- retrying in 14s (attempt 1/5)
    Transient error (You have exceeded a rate limit. Contact planetarycomputer@microsoft.com.) -- retrying in 8s (attempt 1/5)
    Transient error (You have exceeded a rate limit. Contact planetarycomputer@microsoft.com.) -- retrying in 9s (attempt 1/5)
    Transient error (You have exceeded a rate limit. Contact planetarycomputer@microsoft.com.) -- retrying in 10s (attempt 1/5)
    Transient error (You have exceeded a rate limit. Contact planetarycomputer@microsoft.com.) -- retrying in 18s (attempt 2/5)
    Transient error (You have exceeded a rate limit. Contact planetarycomputer@microsoft.com.) -- retrying in 22s (attempt 2/5)
    Transient error (You have exceeded a rate limit. Contact planetarycomputer@microsoft.com.) -- retrying in 12s (attempt 1/5)
    Transient error (You have exceeded a rate limit. Contact planetarycomputer@microsoft.com.) -- retrying in 9s (attempt 1/5)
    Transient error (You have exceeded a rate limit. Contact planetarycomputer@microsoft.com.) -- retrying in 10s (attempt 1/5)
    Transient error (You have exceeded a rate limit. Contact planetarycomputer@microsoft.com.) -- retrying in 19s (attempt 2/5)
    Transient error (You have exceeded a rate limit. Contact planetarycomputer@microsoft.com.) -- retrying in 13s (attempt 1/5)
    Transient error (You have exceeded a rate limit. Contact planetarycomputer@microsoft.com.) -- retrying in 16s (attempt 2/5)
    Transient error (You have exceeded a rate limit. Contact planetarycomputer@microsoft.com.) -- retrying in 37s (attempt 3/5)
    Transient error (You have exceeded a rate limit. Contact planetarycomputer@microsoft.com.) -- retrying in 12s (attempt 1/5)
    Transient error (You have exceeded a rate limit. Contact planetarycomputer@microsoft.com.) -- retrying in 15s (attempt 1/5)
    Transient error (You have exceeded a rate limit. Contact planetarycomputer@microsoft.com.) -- retrying in 15s (attempt 1/5)
    Transient error (You have exceeded a rate limit. Contact planetarycomputer@microsoft.com.) -- retrying in 11s (attempt 1/5)
    Transient error (You have exceeded a rate limit. Contact planetarycomputer@microsoft.com.) -- retrying in 71s (attempt 4/5)
    ...4400 candidate(s) done (96.0 min elapsed)
    Transient error (You have exceeded a rate limit. Contact planetarycomputer@microsoft.com.) -- retrying in 12s (attempt 1/5)
    Transient error (You have exceeded a rate limit. Contact planetarycomputer@microsoft.com.) -- retrying in 13s (attempt 1/5)
    Transient error (You have exceeded a rate limit. Contact planetarycomputer@microsoft.com.) -- retrying in 17s (attempt 2/5)
    Transient error (You have exceeded a rate limit. Contact planetarycomputer@microsoft.com.) -- retrying in 9s (attempt 1/5)
    Transient error (You have exceeded a rate limit. Contact planetarycomputer@microsoft.com.) -- retrying in 15s (attempt 1/5)
    Transient error (You have exceeded a rate limit. Contact planetarycomputer@microsoft.com.) -- retrying in 14s (attempt 1/5)
    Transient error (You have exceeded a rate limit. Contact planetarycomputer@microsoft.com.) -- retrying in 11s (attempt 1/5)
    ...4600 candidate(s) done (99.3 min elapsed)
    Transient error (You have exceeded a rate limit. Contact planetarycomputer@microsoft.com.) -- retrying in 8s (attempt 1/5)
    Transient error (You have exceeded a rate limit. Contact planetarycomputer@microsoft.com.) -- retrying in 10s (attempt 1/5)
    Transient error (You have exceeded a rate limit. Contact planetarycomputer@microsoft.com.) -- retrying in 10s (attempt 1/5)
    Transient error (You have exceeded a rate limit. Contact planetarycomputer@microsoft.com.) -- retrying in 9s (attempt 1/5)
    Transient error (You have exceeded a rate limit. Contact planetarycomputer@microsoft.com.) -- retrying in 15s (attempt 1/5)
    Transient error (You have exceeded a rate limit. Contact planetarycomputer@microsoft.com.) -- retrying in 12s (attempt 1/5)
    Transient error (You have exceeded a rate limit. Contact planetarycomputer@microsoft.com.) -- retrying in 13s (attempt 1/5)
    Transient error (You have exceeded a rate limit. Contact planetarycomputer@microsoft.com.) -- retrying in 15s (attempt 1/5)
    Transient error (You have exceeded a rate limit. Contact planetarycomputer@microsoft.com.) -- retrying in 9s (attempt 1/5)
    Transient error (You have exceeded a rate limit. Contact planetarycomputer@microsoft.com.) -- retrying in 14s (attempt 1/5)
    Transient error (You have exceeded a rate limit. Contact planetarycomputer@microsoft.com.) -- retrying in 11s (attempt 1/5)
    Transient error (You have exceeded a rate limit. Contact planetarycomputer@microsoft.com.) -- retrying in 22s (attempt 2/5)
    Transient error (You have exceeded a rate limit. Contact planetarycomputer@microsoft.com.) -- retrying in 12s (attempt 1/5)
    Transient error (You have exceeded a rate limit. Contact planetarycomputer@microsoft.com.) -- retrying in 8s (attempt 1/5)
    Transient error (You have exceeded a rate limit. Contact planetarycomputer@microsoft.com.) -- retrying in 9s (attempt 1/5)
    Transient error (You have exceeded a rate limit. Contact planetarycomputer@microsoft.com.) -- retrying in 19s (attempt 2/5)
    Transient error (You have exceeded a rate limit. Contact planetarycomputer@microsoft.com.) -- retrying in 18s (attempt 2/5)
    ...4800 candidate(s) done (103.4 min elapsed)
    Transient error (You have exceeded a rate limit. Contact planetarycomputer@microsoft.com.) -- retrying in 12s (attempt 1/5)
    Transient error (You have exceeded a rate limit. Contact planetarycomputer@microsoft.com.) -- retrying in 12s (attempt 1/5)
    Transient error (You have exceeded a rate limit. Contact planetarycomputer@microsoft.com.) -- retrying in 11s (attempt 1/5)
    Transient error (You have exceeded a rate limit. Contact planetarycomputer@microsoft.com.) -- retrying in 11s (attempt 1/5)
    Transient error (You have exceeded a rate limit. Contact planetarycomputer@microsoft.com.) -- retrying in 13s (attempt 1/5)
    Transient error (You have exceeded a rate limit. Contact planetarycomputer@microsoft.com.) -- retrying in 13s (attempt 1/5)
    Transient error (You have exceeded a rate limit. Contact planetarycomputer@microsoft.com.) -- retrying in 9s (attempt 1/5)
    Transient error (You have exceeded a rate limit. Contact planetarycomputer@microsoft.com.) -- retrying in 9s (attempt 1/5)
    Transient error (You have exceeded a rate limit. Contact planetarycomputer@microsoft.com.) -- retrying in 15s (attempt 1/5)
    Transient error (You have exceeded a rate limit. Contact planetarycomputer@microsoft.com.) -- retrying in 15s (attempt 1/5)
    ...5000 candidate(s) done (107.5 min elapsed)
    Transient error (You have exceeded a rate limit. Contact planetarycomputer@microsoft.com.) -- retrying in 12s (attempt 1/5)
    Transient error (You have exceeded a rate limit. Contact planetarycomputer@microsoft.com.) -- retrying in 15s (attempt 1/5)
    Transient error (You have exceeded a rate limit. Contact planetarycomputer@microsoft.com.) -- retrying in 10s (attempt 1/5)
    Transient error (You have exceeded a rate limit. Contact planetarycomputer@microsoft.com.) -- retrying in 18s (attempt 2/5)
    Transient error (You have exceeded a rate limit. Contact planetarycomputer@microsoft.com.) -- retrying in 15s (attempt 1/5)
    Transient error (You have exceeded a rate limit. Contact planetarycomputer@microsoft.com.) -- retrying in 12s (attempt 1/5)
    Transient error (You have exceeded a rate limit. Contact planetarycomputer@microsoft.com.) -- retrying in 15s (attempt 1/5)
    Transient error (You have exceeded a rate limit. Contact planetarycomputer@microsoft.com.) -- retrying in 22s (attempt 2/5)
    Transient error (You have exceeded a rate limit. Contact planetarycomputer@microsoft.com.) -- retrying in 9s (attempt 1/5)
    Transient error (You have exceeded a rate limit. Contact planetarycomputer@microsoft.com.) -- retrying in 22s (attempt 2/5)
    Transient error (You have exceeded a rate limit. Contact planetarycomputer@microsoft.com.) -- retrying in 34s (attempt 3/5)
    Transient error (You have exceeded a rate limit. Contact planetarycomputer@microsoft.com.) -- retrying in 10s (attempt 1/5)
    Transient error (You have exceeded a rate limit. Contact planetarycomputer@microsoft.com.) -- retrying in 14s (attempt 1/5)
    Transient error (You have exceeded a rate limit. Contact planetarycomputer@microsoft.com.) -- retrying in 20s (attempt 2/5)
    Transient error (You have exceeded a rate limit. Contact planetarycomputer@microsoft.com.) -- retrying in 14s (attempt 1/5)
    Transient error (You have exceeded a rate limit. Contact planetarycomputer@microsoft.com.) -- retrying in 20s (attempt 2/5)
    Transient error (You have exceeded a rate limit. Contact planetarycomputer@microsoft.com.) -- retrying in 8s (attempt 1/5)
    Transient error (You have exceeded a rate limit. Contact planetarycomputer@microsoft.com.) -- retrying in 8s (attempt 1/5)
    Transient error (You have exceeded a rate limit. Contact planetarycomputer@microsoft.com.) -- retrying in 9s (attempt 1/5)
    ...5200 candidate(s) done (114.0 min elapsed)
    Transient error (You have exceeded a rate limit. Contact planetarycomputer@microsoft.com.) -- retrying in 10s (attempt 1/5)
    Transient error (You have exceeded a rate limit. Contact planetarycomputer@microsoft.com.) -- retrying in 9s (attempt 1/5)
    Transient error (You have exceeded a rate limit. Contact planetarycomputer@microsoft.com.) -- retrying in 10s (attempt 1/5)
    Transient error (You have exceeded a rate limit. Contact planetarycomputer@microsoft.com.) -- retrying in 20s (attempt 2/5)
    Transient error (You have exceeded a rate limit. Contact planetarycomputer@microsoft.com.) -- retrying in 14s (attempt 1/5)
    Transient error (You have exceeded a rate limit. Contact planetarycomputer@microsoft.com.) -- retrying in 11s (attempt 1/5)
    Transient error (You have exceeded a rate limit. Contact planetarycomputer@microsoft.com.) -- retrying in 10s (attempt 1/5)
    Transient error (You have exceeded a rate limit. Contact planetarycomputer@microsoft.com.) -- retrying in 11s (attempt 1/5)
    Transient error (You have exceeded a rate limit. Contact planetarycomputer@microsoft.com.) -- retrying in 9s (attempt 1/5)
    Transient error (You have exceeded a rate limit. Contact planetarycomputer@microsoft.com.) -- retrying in 12s (attempt 1/5)
    Transient error (You have exceeded a rate limit. Contact planetarycomputer@microsoft.com.) -- retrying in 15s (attempt 1/5)
    Transient error (You have exceeded a rate limit. Contact planetarycomputer@microsoft.com.) -- retrying in 10s (attempt 1/5)
    Transient error (You have exceeded a rate limit. Contact planetarycomputer@microsoft.com.) -- retrying in 15s (attempt 1/5)
    Transient error (You have exceeded a rate limit. Contact planetarycomputer@microsoft.com.) -- retrying in 13s (attempt 1/5)
    Transient error (You have exceeded a rate limit. Contact planetarycomputer@microsoft.com.) -- retrying in 9s (attempt 1/5)
    Transient error (You have exceeded a rate limit. Contact planetarycomputer@microsoft.com.) -- retrying in 11s (attempt 1/5)
    Transient error (You have exceeded a rate limit. Contact planetarycomputer@microsoft.com.) -- retrying in 15s (attempt 1/5)
    Transient error (You have exceeded a rate limit. Contact planetarycomputer@microsoft.com.) -- retrying in 24s (attempt 2/5)
    Transient error (You have exceeded a rate limit. Contact planetarycomputer@microsoft.com.) -- retrying in 8s (attempt 1/5)
    Transient error (You have exceeded a rate limit. Contact planetarycomputer@microsoft.com.) -- retrying in 16s (attempt 2/5)
    Transient error (You have exceeded a rate limit. Contact planetarycomputer@microsoft.com.) -- retrying in 24s (attempt 2/5)
    Transient error (You have exceeded a rate limit. Contact planetarycomputer@microsoft.com.) -- retrying in 37s (attempt 3/5)
    Transient error (You have exceeded a rate limit. Contact planetarycomputer@microsoft.com.) -- retrying in 39s (attempt 3/5)
    Transient error (You have exceeded a rate limit. Contact planetarycomputer@microsoft.com.) -- retrying in 71s (attempt 4/5)
    ...5400 candidate(s) done (119.9 min elapsed)
    Transient error (You have exceeded a rate limit. Contact planetarycomputer@microsoft.com.) -- retrying in 8s (attempt 1/5)
    Transient error (You have exceeded a rate limit. Contact planetarycomputer@microsoft.com.) -- retrying in 21s (attempt 2/5)
    Transient error (You have exceeded a rate limit. Contact planetarycomputer@microsoft.com.) -- retrying in 37s (attempt 3/5)
    Transient error (You have exceeded a rate limit. Contact planetarycomputer@microsoft.com.) -- retrying in 9s (attempt 1/5)
    Transient error (You have exceeded a rate limit. Contact planetarycomputer@microsoft.com.) -- retrying in 11s (attempt 1/5)
    Transient error (You have exceeded a rate limit. Contact planetarycomputer@microsoft.com.) -- retrying in 10s (attempt 1/5)
    Transient error (You have exceeded a rate limit. Contact planetarycomputer@microsoft.com.) -- retrying in 10s (attempt 1/5)
    Transient error (You have exceeded a rate limit. Contact planetarycomputer@microsoft.com.) -- retrying in 11s (attempt 1/5)
    Transient error (You have exceeded a rate limit. Contact planetarycomputer@microsoft.com.) -- retrying in 10s (attempt 1/5)
    Transient error (You have exceeded a rate limit. Contact planetarycomputer@microsoft.com.) -- retrying in 12s (attempt 1/5)
    Transient error (You have exceeded a rate limit. Contact planetarycomputer@microsoft.com.) -- retrying in 9s (attempt 1/5)
    Transient error (You have exceeded a rate limit. Contact planetarycomputer@microsoft.com.) -- retrying in 9s (attempt 1/5)
    Transient error (You have exceeded a rate limit. Contact planetarycomputer@microsoft.com.) -- retrying in 18s (attempt 2/5)
    Transient error (You have exceeded a rate limit. Contact planetarycomputer@microsoft.com.) -- retrying in 21s (attempt 2/5)
    Transient error (You have exceeded a rate limit. Contact planetarycomputer@microsoft.com.) -- retrying in 21s (attempt 2/5)
    Transient error (You have exceeded a rate limit. Contact planetarycomputer@microsoft.com.) -- retrying in 18s (attempt 2/5)
    Transient error (You have exceeded a rate limit. Contact planetarycomputer@microsoft.com.) -- retrying in 17s (attempt 2/5)
    Transient error (You have exceeded a rate limit. Contact planetarycomputer@microsoft.com.) -- retrying in 18s (attempt 2/5)
    Transient error (You have exceeded a rate limit. Contact planetarycomputer@microsoft.com.) -- retrying in 11s (attempt 1/5)
    Transient error (You have exceeded a rate limit. Contact planetarycomputer@microsoft.com.) -- retrying in 12s (attempt 1/5)
    Transient error (You have exceeded a rate limit. Contact planetarycomputer@microsoft.com.) -- retrying in 14s (attempt 1/5)
    Transient error (You have exceeded a rate limit. Contact planetarycomputer@microsoft.com.) -- retrying in 10s (attempt 1/5)
    Transient error (You have exceeded a rate limit. Contact planetarycomputer@microsoft.com.) -- retrying in 13s (attempt 1/5)
    Transient error (You have exceeded a rate limit. Contact planetarycomputer@microsoft.com.) -- retrying in 15s (attempt 1/5)
    Transient error (You have exceeded a rate limit. Contact planetarycomputer@microsoft.com.) -- retrying in 19s (attempt 2/5)
    Transient error (You have exceeded a rate limit. Contact planetarycomputer@microsoft.com.) -- retrying in 19s (attempt 2/5)
    Transient error (You have exceeded a rate limit. Contact planetarycomputer@microsoft.com.) -- retrying in 20s (attempt 2/5)
    Transient error (You have exceeded a rate limit. Contact planetarycomputer@microsoft.com.) -- retrying in 38s (attempt 3/5)
    ...5600 candidate(s) done (124.7 min elapsed)
    Transient error (You have exceeded a rate limit. Contact planetarycomputer@microsoft.com.) -- retrying in 14s (attempt 1/5)
    Transient error (You have exceeded a rate limit. Contact planetarycomputer@microsoft.com.) -- retrying in 11s (attempt 1/5)
    Transient error (You have exceeded a rate limit. Contact planetarycomputer@microsoft.com.) -- retrying in 9s (attempt 1/5)
    Transient error (You have exceeded a rate limit. Contact planetarycomputer@microsoft.com.) -- retrying in 9s (attempt 1/5)
    Transient error (You have exceeded a rate limit. Contact planetarycomputer@microsoft.com.) -- retrying in 18s (attempt 2/5)
    Transient error (You have exceeded a rate limit. Contact planetarycomputer@microsoft.com.) -- retrying in 14s (attempt 1/5)
    Transient error (You have exceeded a rate limit. Contact planetarycomputer@microsoft.com.) -- retrying in 9s (attempt 1/5)
    Transient error (You have exceeded a rate limit. Contact planetarycomputer@microsoft.com.) -- retrying in 8s (attempt 1/5)
    Transient error (You have exceeded a rate limit. Contact planetarycomputer@microsoft.com.) -- retrying in 14s (attempt 1/5)
    Transient error (You have exceeded a rate limit. Contact planetarycomputer@microsoft.com.) -- retrying in 14s (attempt 1/5)
    Transient error (You have exceeded a rate limit. Contact planetarycomputer@microsoft.com.) -- retrying in 24s (attempt 2/5)
    Transient error (You have exceeded a rate limit. Contact planetarycomputer@microsoft.com.) -- retrying in 12s (attempt 1/5)
    Transient error (You have exceeded a rate limit. Contact planetarycomputer@microsoft.com.) -- retrying in 11s (attempt 1/5)
    Transient error (You have exceeded a rate limit. Contact planetarycomputer@microsoft.com.) -- retrying in 15s (attempt 1/5)
    Transient error (You have exceeded a rate limit. Contact planetarycomputer@microsoft.com.) -- retrying in 11s (attempt 1/5)
    Transient error (You have exceeded a rate limit. Contact planetarycomputer@microsoft.com.) -- retrying in 11s (attempt 1/5)
    Transient error (You have exceeded a rate limit. Contact planetarycomputer@microsoft.com.) -- retrying in 13s (attempt 1/5)
    Transient error (You have exceeded a rate limit. Contact planetarycomputer@microsoft.com.) -- retrying in 16s (attempt 1/5)
    Transient error (You have exceeded a rate limit. Contact planetarycomputer@microsoft.com.) -- retrying in 9s (attempt 1/5)
    ...5800 candidate(s) done (129.8 min elapsed)
    Transient error (You have exceeded a rate limit. Contact planetarycomputer@microsoft.com.) -- retrying in 10s (attempt 1/5)
    Transient error (You have exceeded a rate limit. Contact planetarycomputer@microsoft.com.) -- retrying in 10s (attempt 1/5)
    Transient error (You have exceeded a rate limit. Contact planetarycomputer@microsoft.com.) -- retrying in 20s (attempt 2/5)
    Transient error (You have exceeded a rate limit. Contact planetarycomputer@microsoft.com.) -- retrying in 12s (attempt 1/5)
    Transient error (You have exceeded a rate limit. Contact planetarycomputer@microsoft.com.) -- retrying in 11s (attempt 1/5)
    Transient error (You have exceeded a rate limit. Contact planetarycomputer@microsoft.com.) -- retrying in 19s (attempt 2/5)
    Transient error (You have exceeded a rate limit. Contact planetarycomputer@microsoft.com.) -- retrying in 10s (attempt 1/5)
    Transient error (You have exceeded a rate limit. Contact planetarycomputer@microsoft.com.) -- retrying in 16s (attempt 1/5)
    Transient error (You have exceeded a rate limit. Contact planetarycomputer@microsoft.com.) -- retrying in 23s (attempt 2/5)
    Transient error (You have exceeded a rate limit. Contact planetarycomputer@microsoft.com.) -- retrying in 14s (attempt 1/5)
    Transient error (You have exceeded a rate limit. Contact planetarycomputer@microsoft.com.) -- retrying in 11s (attempt 1/5)
    Transient error (You have exceeded a rate limit. Contact planetarycomputer@microsoft.com.) -- retrying in 13s (attempt 1/5)
    Transient error (You have exceeded a rate limit. Contact planetarycomputer@microsoft.com.) -- retrying in 11s (attempt 1/5)
    Transient error (You have exceeded a rate limit. Contact planetarycomputer@microsoft.com.) -- retrying in 16s (attempt 1/5)
    Transient error (You have exceeded a rate limit. Contact planetarycomputer@microsoft.com.) -- retrying in 13s (attempt 1/5)
    Transient error (You have exceeded a rate limit. Contact planetarycomputer@microsoft.com.) -- retrying in 12s (attempt 1/5)
    ...6000 candidate(s) done (135.1 min elapsed)
    Transient error (You have exceeded a rate limit. Contact planetarycomputer@microsoft.com.) -- retrying in 10s (attempt 1/5)
    Transient error (You have exceeded a rate limit. Contact planetarycomputer@microsoft.com.) -- retrying in 21s (attempt 2/5)
    Transient error (You have exceeded a rate limit. Contact planetarycomputer@microsoft.com.) -- retrying in 12s (attempt 1/5)
    Transient error (You have exceeded a rate limit. Contact planetarycomputer@microsoft.com.) -- retrying in 12s (attempt 1/5)
    Transient error (You have exceeded a rate limit. Contact planetarycomputer@microsoft.com.) -- retrying in 15s (attempt 1/5)
    Transient error (You have exceeded a rate limit. Contact planetarycomputer@microsoft.com.) -- retrying in 9s (attempt 1/5)
    Transient error (You have exceeded a rate limit. Contact planetarycomputer@microsoft.com.) -- retrying in 22s (attempt 2/5)
    Transient error (You have exceeded a rate limit. Contact planetarycomputer@microsoft.com.) -- retrying in 23s (attempt 2/5)
    Transient error (You have exceeded a rate limit. Contact planetarycomputer@microsoft.com.) -- retrying in 14s (attempt 1/5)
    ...6200 candidate(s) done (137.6 min elapsed)
    Transient error (You have exceeded a rate limit. Contact planetarycomputer@microsoft.com.) -- retrying in 14s (attempt 1/5)
    Transient error (You have exceeded a rate limit. Contact planetarycomputer@microsoft.com.) -- retrying in 12s (attempt 1/5)
    Transient error (You have exceeded a rate limit. Contact planetarycomputer@microsoft.com.) -- retrying in 12s (attempt 1/5)
    Transient error (You have exceeded a rate limit. Contact planetarycomputer@microsoft.com.) -- retrying in 11s (attempt 1/5)
    Transient error (You have exceeded a rate limit. Contact planetarycomputer@microsoft.com.) -- retrying in 8s (attempt 1/5)
    Transient error (You have exceeded a rate limit. Contact planetarycomputer@microsoft.com.) -- retrying in 8s (attempt 1/5)
    Transient error (You have exceeded a rate limit. Contact planetarycomputer@microsoft.com.) -- retrying in 10s (attempt 1/5)
    Transient error (You have exceeded a rate limit. Contact planetarycomputer@microsoft.com.) -- retrying in 10s (attempt 1/5)
    Transient error (You have exceeded a rate limit. Contact planetarycomputer@microsoft.com.) -- retrying in 13s (attempt 1/5)
    Transient error (You have exceeded a rate limit. Contact planetarycomputer@microsoft.com.) -- retrying in 22s (attempt 2/5)
    Transient error (You have exceeded a rate limit. Contact planetarycomputer@microsoft.com.) -- retrying in 17s (attempt 2/5)
    Transient error (You have exceeded a rate limit. Contact planetarycomputer@microsoft.com.) -- retrying in 13s (attempt 1/5)
    Transient error (You have exceeded a rate limit. Contact planetarycomputer@microsoft.com.) -- retrying in 20s (attempt 2/5)
    Transient error (You have exceeded a rate limit. Contact planetarycomputer@microsoft.com.) -- retrying in 10s (attempt 1/5)
    Transient error (You have exceeded a rate limit. Contact planetarycomputer@microsoft.com.) -- retrying in 20s (attempt 2/5)
    Transient error (You have exceeded a rate limit. Contact planetarycomputer@microsoft.com.) -- retrying in 21s (attempt 2/5)
    Transient error (You have exceeded a rate limit. Contact planetarycomputer@microsoft.com.) -- retrying in 38s (attempt 3/5)
    Transient error (You have exceeded a rate limit. Contact planetarycomputer@microsoft.com.) -- retrying in 69s (attempt 4/5)
    ...6400 candidate(s) done (142.0 min elapsed)
    Transient error (You have exceeded a rate limit. Contact planetarycomputer@microsoft.com.) -- retrying in 8s (attempt 1/5)
    Transient error (You have exceeded a rate limit. Contact planetarycomputer@microsoft.com.) -- retrying in 23s (attempt 2/5)
    Transient error (You have exceeded a rate limit. Contact planetarycomputer@microsoft.com.) -- retrying in 14s (attempt 1/5)
    Transient error (You have exceeded a rate limit. Contact planetarycomputer@microsoft.com.) -- retrying in 11s (attempt 1/5)
    Transient error (You have exceeded a rate limit. Contact planetarycomputer@microsoft.com.) -- retrying in 11s (attempt 1/5)
    Transient error (You have exceeded a rate limit. Contact planetarycomputer@microsoft.com.) -- retrying in 10s (attempt 1/5)
    Transient error (You have exceeded a rate limit. Contact planetarycomputer@microsoft.com.) -- retrying in 12s (attempt 1/5)
    Transient error (You have exceeded a rate limit. Contact planetarycomputer@microsoft.com.) -- retrying in 15s (attempt 1/5)
    Transient error (You have exceeded a rate limit. Contact planetarycomputer@microsoft.com.) -- retrying in 15s (attempt 1/5)
    Transient error (You have exceeded a rate limit. Contact planetarycomputer@microsoft.com.) -- retrying in 11s (attempt 1/5)
    Transient error (You have exceeded a rate limit. Contact planetarycomputer@microsoft.com.) -- retrying in 16s (attempt 2/5)
    Transient error (You have exceeded a rate limit. Contact planetarycomputer@microsoft.com.) -- retrying in 13s (attempt 1/5)
    Transient error (You have exceeded a rate limit. Contact planetarycomputer@microsoft.com.) -- retrying in 11s (attempt 1/5)
    Transient error (You have exceeded a rate limit. Contact planetarycomputer@microsoft.com.) -- retrying in 13s (attempt 1/5)
    Transient error (You have exceeded a rate limit. Contact planetarycomputer@microsoft.com.) -- retrying in 16s (attempt 1/5)
    Transient error (You have exceeded a rate limit. Contact planetarycomputer@microsoft.com.) -- retrying in 10s (attempt 1/5)
    ...6600 candidate(s) done (146.6 min elapsed)
    Transient error (You have exceeded a rate limit. Contact planetarycomputer@microsoft.com.) -- retrying in 15s (attempt 1/5)
    Transient error (You have exceeded a rate limit. Contact planetarycomputer@microsoft.com.) -- retrying in 13s (attempt 1/5)
    Transient error (You have exceeded a rate limit. Contact planetarycomputer@microsoft.com.) -- retrying in 14s (attempt 1/5)
    Transient error (You have exceeded a rate limit. Contact planetarycomputer@microsoft.com.) -- retrying in 9s (attempt 1/5)
    Transient error (You have exceeded a rate limit. Contact planetarycomputer@microsoft.com.) -- retrying in 23s (attempt 2/5)
    Transient error (You have exceeded a rate limit. Contact planetarycomputer@microsoft.com.) -- retrying in 34s (attempt 3/5)
    Transient error (You have exceeded a rate limit. Contact planetarycomputer@microsoft.com.) -- retrying in 8s (attempt 1/5)
    Transient error (You have exceeded a rate limit. Contact planetarycomputer@microsoft.com.) -- retrying in 12s (attempt 1/5)
    Transient error (You have exceeded a rate limit. Contact planetarycomputer@microsoft.com.) -- retrying in 10s (attempt 1/5)
    Transient error (You have exceeded a rate limit. Contact planetarycomputer@microsoft.com.) -- retrying in 22s (attempt 2/5)
    Transient error (You have exceeded a rate limit. Contact planetarycomputer@microsoft.com.) -- retrying in 39s (attempt 3/5)
    Transient error (You have exceeded a rate limit. Contact planetarycomputer@microsoft.com.) -- retrying in 14s (attempt 1/5)
    Transient error (You have exceeded a rate limit. Contact planetarycomputer@microsoft.com.) -- retrying in 18s (attempt 2/5)
    Transient error (You have exceeded a rate limit. Contact planetarycomputer@microsoft.com.) -- retrying in 13s (attempt 1/5)
    Transient error (You have exceeded a rate limit. Contact planetarycomputer@microsoft.com.) -- retrying in 16s (attempt 1/5)
    Transient error (You have exceeded a rate limit. Contact planetarycomputer@microsoft.com.) -- retrying in 9s (attempt 1/5)
    Transient error (You have exceeded a rate limit. Contact planetarycomputer@microsoft.com.) -- retrying in 16s (attempt 1/5)
    Transient error (You have exceeded a rate limit. Contact planetarycomputer@microsoft.com.) -- retrying in 16s (attempt 1/5)
    Transient error (You have exceeded a rate limit. Contact planetarycomputer@microsoft.com.) -- retrying in 13s (attempt 1/5)
    Transient error (You have exceeded a rate limit. Contact planetarycomputer@microsoft.com.) -- retrying in 9s (attempt 1/5)
    Transient error (You have exceeded a rate limit. Contact planetarycomputer@microsoft.com.) -- retrying in 13s (attempt 1/5)
    Transient error (You have exceeded a rate limit. Contact planetarycomputer@microsoft.com.) -- retrying in 9s (attempt 1/5)
    Transient error (You have exceeded a rate limit. Contact planetarycomputer@microsoft.com.) -- retrying in 15s (attempt 1/5)
    Transient error (You have exceeded a rate limit. Contact planetarycomputer@microsoft.com.) -- retrying in 23s (attempt 2/5)
    Transient error (You have exceeded a rate limit. Contact planetarycomputer@microsoft.com.) -- retrying in 17s (attempt 2/5)
    Transient error (You have exceeded a rate limit. Contact planetarycomputer@microsoft.com.) -- retrying in 16s (attempt 1/5)
    Transient error (You have exceeded a rate limit. Contact planetarycomputer@microsoft.com.) -- retrying in 9s (attempt 1/5)
    Transient error (You have exceeded a rate limit. Contact planetarycomputer@microsoft.com.) -- retrying in 10s (attempt 1/5)
    Transient error (You have exceeded a rate limit. Contact planetarycomputer@microsoft.com.) -- retrying in 11s (attempt 1/5)
    Transient error (You have exceeded a rate limit. Contact planetarycomputer@microsoft.com.) -- retrying in 23s (attempt 2/5)
    ...6800 candidate(s) done (153.6 min elapsed)
    Transient error (You have exceeded a rate limit. Contact planetarycomputer@microsoft.com.) -- retrying in 10s (attempt 1/5)
    Transient error (You have exceeded a rate limit. Contact planetarycomputer@microsoft.com.) -- retrying in 15s (attempt 1/5)
    Transient error (You have exceeded a rate limit. Contact planetarycomputer@microsoft.com.) -- retrying in 15s (attempt 1/5)
    Transient error (You have exceeded a rate limit. Contact planetarycomputer@microsoft.com.) -- retrying in 9s (attempt 1/5)
    Transient error (You have exceeded a rate limit. Contact planetarycomputer@microsoft.com.) -- retrying in 12s (attempt 1/5)
    Transient error (You have exceeded a rate limit. Contact planetarycomputer@microsoft.com.) -- retrying in 12s (attempt 1/5)
    Transient error (You have exceeded a rate limit. Contact planetarycomputer@microsoft.com.) -- retrying in 10s (attempt 1/5)
    Transient error (You have exceeded a rate limit. Contact planetarycomputer@microsoft.com.) -- retrying in 11s (attempt 1/5)
    Transient error (You have exceeded a rate limit. Contact planetarycomputer@microsoft.com.) -- retrying in 13s (attempt 1/5)
    Transient error (You have exceeded a rate limit. Contact planetarycomputer@microsoft.com.) -- retrying in 11s (attempt 1/5)
    ...7000 candidate(s) done (157.0 min elapsed)
    Transient error (You have exceeded a rate limit. Contact planetarycomputer@microsoft.com.) -- retrying in 12s (attempt 1/5)
    Transient error (You have exceeded a rate limit. Contact planetarycomputer@microsoft.com.) -- retrying in 14s (attempt 1/5)
    Transient error (You have exceeded a rate limit. Contact planetarycomputer@microsoft.com.) -- retrying in 12s (attempt 1/5)
    Transient error (You have exceeded a rate limit. Contact planetarycomputer@microsoft.com.) -- retrying in 20s (attempt 2/5)
    Transient error (You have exceeded a rate limit. Contact planetarycomputer@microsoft.com.) -- retrying in 9s (attempt 1/5)
    Transient error (You have exceeded a rate limit. Contact planetarycomputer@microsoft.com.) -- retrying in 18s (attempt 2/5)
    Transient error (You have exceeded a rate limit. Contact planetarycomputer@microsoft.com.) -- retrying in 10s (attempt 1/5)
    Transient error (You have exceeded a rate limit. Contact planetarycomputer@microsoft.com.) -- retrying in 15s (attempt 1/5)
    Transient error (You have exceeded a rate limit. Contact planetarycomputer@microsoft.com.) -- retrying in 14s (attempt 1/5)
    Transient error (You have exceeded a rate limit. Contact planetarycomputer@microsoft.com.) -- retrying in 10s (attempt 1/5)
    Transient error (You have exceeded a rate limit. Contact planetarycomputer@microsoft.com.) -- retrying in 14s (attempt 1/5)
    Transient error (You have exceeded a rate limit. Contact planetarycomputer@microsoft.com.) -- retrying in 13s (attempt 1/5)
    Transient error (You have exceeded a rate limit. Contact planetarycomputer@microsoft.com.) -- retrying in 8s (attempt 1/5)
    Transient error (You have exceeded a rate limit. Contact planetarycomputer@microsoft.com.) -- retrying in 9s (attempt 1/5)
    Transient error (You have exceeded a rate limit. Contact planetarycomputer@microsoft.com.) -- retrying in 12s (attempt 1/5)
    Transient error (You have exceeded a rate limit. Contact planetarycomputer@microsoft.com.) -- retrying in 9s (attempt 1/5)
    Transient error (You have exceeded a rate limit. Contact planetarycomputer@microsoft.com.) -- retrying in 9s (attempt 1/5)
    Transient error (You have exceeded a rate limit. Contact planetarycomputer@microsoft.com.) -- retrying in 20s (attempt 2/5)
    Transient error (You have exceeded a rate limit. Contact planetarycomputer@microsoft.com.) -- retrying in 19s (attempt 2/5)
    Transient error (You have exceeded a rate limit. Contact planetarycomputer@microsoft.com.) -- retrying in 9s (attempt 1/5)
    Transient error (You have exceeded a rate limit. Contact planetarycomputer@microsoft.com.) -- retrying in 20s (attempt 2/5)
    Transient error (You have exceeded a rate limit. Contact planetarycomputer@microsoft.com.) -- retrying in 15s (attempt 1/5)
    Transient error (You have exceeded a rate limit. Contact planetarycomputer@microsoft.com.) -- retrying in 11s (attempt 1/5)
    Transient error (You have exceeded a rate limit. Contact planetarycomputer@microsoft.com.) -- retrying in 12s (attempt 1/5)
    Transient error (You have exceeded a rate limit. Contact planetarycomputer@microsoft.com.) -- retrying in 13s (attempt 1/5)
    Transient error (You have exceeded a rate limit. Contact planetarycomputer@microsoft.com.) -- retrying in 16s (attempt 1/5)
    Transient error (You have exceeded a rate limit. Contact planetarycomputer@microsoft.com.) -- retrying in 37s (attempt 3/5)
    Transient error (You have exceeded a rate limit. Contact planetarycomputer@microsoft.com.) -- retrying in 16s (attempt 2/5)
    Transient error (You have exceeded a rate limit. Contact planetarycomputer@microsoft.com.) -- retrying in 70s (attempt 4/5)
    Transient error (You have exceeded a rate limit. Contact planetarycomputer@microsoft.com.) -- retrying in 8s (attempt 1/5)
    ...7200 candidate(s) done (162.9 min elapsed)
    Transient error (You have exceeded a rate limit. Contact planetarycomputer@microsoft.com.) -- retrying in 14s (attempt 1/5)
    Transient error (You have exceeded a rate limit. Contact planetarycomputer@microsoft.com.) -- retrying in 11s (attempt 1/5)
    Transient error (You have exceeded a rate limit. Contact planetarycomputer@microsoft.com.) -- retrying in 22s (attempt 2/5)
    Transient error (You have exceeded a rate limit. Contact planetarycomputer@microsoft.com.) -- retrying in 12s (attempt 1/5)
    Transient error (You have exceeded a rate limit. Contact planetarycomputer@microsoft.com.) -- retrying in 23s (attempt 2/5)
    Transient error (You have exceeded a rate limit. Contact planetarycomputer@microsoft.com.) -- retrying in 14s (attempt 1/5)
    Transient error (You have exceeded a rate limit. Contact planetarycomputer@microsoft.com.) -- retrying in 12s (attempt 1/5)
    Transient error (You have exceeded a rate limit. Contact planetarycomputer@microsoft.com.) -- retrying in 10s (attempt 1/5)
    Transient error (You have exceeded a rate limit. Contact planetarycomputer@microsoft.com.) -- retrying in 20s (attempt 2/5)
    Transient error (You have exceeded a rate limit. Contact planetarycomputer@microsoft.com.) -- retrying in 34s (attempt 3/5)
    Transient error (You have exceeded a rate limit. Contact planetarycomputer@microsoft.com.) -- retrying in 12s (attempt 1/5)
    ...7400 candidate(s) done (167.7 min elapsed)
    Transient error (You have exceeded a rate limit. Contact planetarycomputer@microsoft.com.) -- retrying in 15s (attempt 1/5)
    Transient error (You have exceeded a rate limit. Contact planetarycomputer@microsoft.com.) -- retrying in 14s (attempt 1/5)
    Transient error (You have exceeded a rate limit. Contact planetarycomputer@microsoft.com.) -- retrying in 13s (attempt 1/5)
    Transient error (You have exceeded a rate limit. Contact planetarycomputer@microsoft.com.) -- retrying in 9s (attempt 1/5)
    Transient error (You have exceeded a rate limit. Contact planetarycomputer@microsoft.com.) -- retrying in 10s (attempt 1/5)
    Transient error (You have exceeded a rate limit. Contact planetarycomputer@microsoft.com.) -- retrying in 14s (attempt 1/5)
    Transient error (You have exceeded a rate limit. Contact planetarycomputer@microsoft.com.) -- retrying in 10s (attempt 1/5)
    Transient error (You have exceeded a rate limit. Contact planetarycomputer@microsoft.com.) -- retrying in 16s (attempt 1/5)
    Transient error (You have exceeded a rate limit. Contact planetarycomputer@microsoft.com.) -- retrying in 9s (attempt 1/5)
    Transient error (You have exceeded a rate limit. Contact planetarycomputer@microsoft.com.) -- retrying in 15s (attempt 1/5)
    Transient error (You have exceeded a rate limit. Contact planetarycomputer@microsoft.com.) -- retrying in 10s (attempt 1/5)
    Transient error (You have exceeded a rate limit. Contact planetarycomputer@microsoft.com.) -- retrying in 16s (attempt 1/5)
    Transient error (You have exceeded a rate limit. Contact planetarycomputer@microsoft.com.) -- retrying in 9s (attempt 1/5)
    Transient error (You have exceeded a rate limit. Contact planetarycomputer@microsoft.com.) -- retrying in 17s (attempt 2/5)
    Transient error (You have exceeded a rate limit. Contact planetarycomputer@microsoft.com.) -- retrying in 15s (attempt 1/5)
    Transient error (You have exceeded a rate limit. Contact planetarycomputer@microsoft.com.) -- retrying in 12s (attempt 1/5)
    Transient error (You have exceeded a rate limit. Contact planetarycomputer@microsoft.com.) -- retrying in 15s (attempt 1/5)
    Transient error (You have exceeded a rate limit. Contact planetarycomputer@microsoft.com.) -- retrying in 14s (attempt 1/5)
    Transient error (You have exceeded a rate limit. Contact planetarycomputer@microsoft.com.) -- retrying in 10s (attempt 1/5)
    Transient error (You have exceeded a rate limit. Contact planetarycomputer@microsoft.com.) -- retrying in 17s (attempt 2/5)
    Transient error (You have exceeded a rate limit. Contact planetarycomputer@microsoft.com.) -- retrying in 10s (attempt 1/5)
    Transient error (You have exceeded a rate limit. Contact planetarycomputer@microsoft.com.) -- retrying in 12s (attempt 1/5)
    Transient error (You have exceeded a rate limit. Contact planetarycomputer@microsoft.com.) -- retrying in 15s (attempt 1/5)
    Transient error (You have exceeded a rate limit. Contact planetarycomputer@microsoft.com.) -- retrying in 15s (attempt 1/5)
    Transient error (You have exceeded a rate limit. Contact planetarycomputer@microsoft.com.) -- retrying in 11s (attempt 1/5)
    Transient error (You have exceeded a rate limit. Contact planetarycomputer@microsoft.com.) -- retrying in 15s (attempt 1/5)
    Transient error (You have exceeded a rate limit. Contact planetarycomputer@microsoft.com.) -- retrying in 21s (attempt 2/5)
    Transient error (You have exceeded a rate limit. Contact planetarycomputer@microsoft.com.) -- retrying in 14s (attempt 1/5)
    Transient error (You have exceeded a rate limit. Contact planetarycomputer@microsoft.com.) -- retrying in 22s (attempt 2/5)
    Transient error (You have exceeded a rate limit. Contact planetarycomputer@microsoft.com.) -- retrying in 17s (attempt 2/5)
    Transient error (You have exceeded a rate limit. Contact planetarycomputer@microsoft.com.) -- retrying in 18s (attempt 2/5)
    ...7600 candidate(s) done (172.1 min elapsed)
    Transient error (You have exceeded a rate limit. Contact planetarycomputer@microsoft.com.) -- retrying in 9s (attempt 1/5)
    Transient error (You have exceeded a rate limit. Contact planetarycomputer@microsoft.com.) -- retrying in 12s (attempt 1/5)
    Transient error (You have exceeded a rate limit. Contact planetarycomputer@microsoft.com.) -- retrying in 24s (attempt 2/5)
    Transient error (You have exceeded a rate limit. Contact planetarycomputer@microsoft.com.) -- retrying in 34s (attempt 3/5)
    Transient error (You have exceeded a rate limit. Contact planetarycomputer@microsoft.com.) -- retrying in 10s (attempt 1/5)
    Transient error (You have exceeded a rate limit. Contact planetarycomputer@microsoft.com.) -- retrying in 11s (attempt 1/5)
    Transient error (You have exceeded a rate limit. Contact planetarycomputer@microsoft.com.) -- retrying in 16s (attempt 1/5)
    Transient error (You have exceeded a rate limit. Contact planetarycomputer@microsoft.com.) -- retrying in 9s (attempt 1/5)
    Transient error (You have exceeded a rate limit. Contact planetarycomputer@microsoft.com.) -- retrying in 16s (attempt 2/5)
    ...7800 candidate(s) done (176.1 min elapsed)
    Transient error (You have exceeded a rate limit. Contact planetarycomputer@microsoft.com.) -- retrying in 11s (attempt 1/5)
    Transient error (You have exceeded a rate limit. Contact planetarycomputer@microsoft.com.) -- retrying in 12s (attempt 1/5)
    Transient error (You have exceeded a rate limit. Contact planetarycomputer@microsoft.com.) -- retrying in 18s (attempt 2/5)
    Transient error (You have exceeded a rate limit. Contact planetarycomputer@microsoft.com.) -- retrying in 33s (attempt 3/5)
    Transient error (You have exceeded a rate limit. Contact planetarycomputer@microsoft.com.) -- retrying in 13s (attempt 1/5)
    Transient error (You have exceeded a rate limit. Contact planetarycomputer@microsoft.com.) -- retrying in 14s (attempt 1/5)
    Transient error (You have exceeded a rate limit. Contact planetarycomputer@microsoft.com.) -- retrying in 19s (attempt 2/5)
    Transient error (You have exceeded a rate limit. Contact planetarycomputer@microsoft.com.) -- retrying in 15s (attempt 1/5)
    Transient error (You have exceeded a rate limit. Contact planetarycomputer@microsoft.com.) -- retrying in 13s (attempt 1/5)
    Transient error (You have exceeded a rate limit. Contact planetarycomputer@microsoft.com.) -- retrying in 14s (attempt 1/5)
    Transient error (You have exceeded a rate limit. Contact planetarycomputer@microsoft.com.) -- retrying in 12s (attempt 1/5)
    Transient error (You have exceeded a rate limit. Contact planetarycomputer@microsoft.com.) -- retrying in 8s (attempt 1/5)
    ...8000 candidate(s) done (180.8 min elapsed)
    Transient error (You have exceeded a rate limit. Contact planetarycomputer@microsoft.com.) -- retrying in 13s (attempt 1/5)
    Transient error (You have exceeded a rate limit. Contact planetarycomputer@microsoft.com.) -- retrying in 13s (attempt 1/5)
    Transient error (You have exceeded a rate limit. Contact planetarycomputer@microsoft.com.) -- retrying in 22s (attempt 2/5)
    Transient error (You have exceeded a rate limit. Contact planetarycomputer@microsoft.com.) -- retrying in 11s (attempt 1/5)
    Transient error (You have exceeded a rate limit. Contact planetarycomputer@microsoft.com.) -- retrying in 11s (attempt 1/5)
    Transient error (You have exceeded a rate limit. Contact planetarycomputer@microsoft.com.) -- retrying in 18s (attempt 2/5)
    Transient error (You have exceeded a rate limit. Contact planetarycomputer@microsoft.com.) -- retrying in 9s (attempt 1/5)
    Transient error (You have exceeded a rate limit. Contact planetarycomputer@microsoft.com.) -- retrying in 11s (attempt 1/5)
    Transient error (You have exceeded a rate limit. Contact planetarycomputer@microsoft.com.) -- retrying in 23s (attempt 2/5)
    Transient error (You have exceeded a rate limit. Contact planetarycomputer@microsoft.com.) -- retrying in 12s (attempt 1/5)
    Transient error (You have exceeded a rate limit. Contact planetarycomputer@microsoft.com.) -- retrying in 9s (attempt 1/5)
    Transient error (You have exceeded a rate limit. Contact planetarycomputer@microsoft.com.) -- retrying in 11s (attempt 1/5)
    Transient error (You have exceeded a rate limit. Contact planetarycomputer@microsoft.com.) -- retrying in 15s (attempt 1/5)
    ...8200 candidate(s) done (184.4 min elapsed)
    Transient error (You have exceeded a rate limit. Contact planetarycomputer@microsoft.com.) -- retrying in 11s (attempt 1/5)
    Transient error (You have exceeded a rate limit. Contact planetarycomputer@microsoft.com.) -- retrying in 10s (attempt 1/5)
    Transient error (You have exceeded a rate limit. Contact planetarycomputer@microsoft.com.) -- retrying in 15s (attempt 1/5)
    Transient error (You have exceeded a rate limit. Contact planetarycomputer@microsoft.com.) -- retrying in 22s (attempt 2/5)
    Transient error (You have exceeded a rate limit. Contact planetarycomputer@microsoft.com.) -- retrying in 10s (attempt 1/5)
    Transient error (You have exceeded a rate limit. Contact planetarycomputer@microsoft.com.) -- retrying in 10s (attempt 1/5)
    Transient error (You have exceeded a rate limit. Contact planetarycomputer@microsoft.com.) -- retrying in 9s (attempt 1/5)
    Transient error (You have exceeded a rate limit. Contact planetarycomputer@microsoft.com.) -- retrying in 11s (attempt 1/5)
    Transient error (You have exceeded a rate limit. Contact planetarycomputer@microsoft.com.) -- retrying in 11s (attempt 1/5)
    Transient error (You have exceeded a rate limit. Contact planetarycomputer@microsoft.com.) -- retrying in 22s (attempt 2/5)
    Transient error (You have exceeded a rate limit. Contact planetarycomputer@microsoft.com.) -- retrying in 14s (attempt 1/5)
    ...8400 candidate(s) done (188.5 min elapsed)
    Transient error (You have exceeded a rate limit. Contact planetarycomputer@microsoft.com.) -- retrying in 8s (attempt 1/5)
    Transient error (You have exceeded a rate limit. Contact planetarycomputer@microsoft.com.) -- retrying in 12s (attempt 1/5)
    Transient error (You have exceeded a rate limit. Contact planetarycomputer@microsoft.com.) -- retrying in 10s (attempt 1/5)
    Transient error (You have exceeded a rate limit. Contact planetarycomputer@microsoft.com.) -- retrying in 9s (attempt 1/5)
    Transient error (You have exceeded a rate limit. Contact planetarycomputer@microsoft.com.) -- retrying in 12s (attempt 1/5)
    ...8600 candidate(s) done (191.4 min elapsed)
    Transient error (You have exceeded a rate limit. Contact planetarycomputer@microsoft.com.) -- retrying in 9s (attempt 1/5)
    Transient error (You have exceeded a rate limit. Contact planetarycomputer@microsoft.com.) -- retrying in 18s (attempt 2/5)
    Transient error (You have exceeded a rate limit. Contact planetarycomputer@microsoft.com.) -- retrying in 12s (attempt 1/5)
    Transient error (You have exceeded a rate limit. Contact planetarycomputer@microsoft.com.) -- retrying in 13s (attempt 1/5)
    Transient error (You have exceeded a rate limit. Contact planetarycomputer@microsoft.com.) -- retrying in 9s (attempt 1/5)
    Transient error (You have exceeded a rate limit. Contact planetarycomputer@microsoft.com.) -- retrying in 15s (attempt 1/5)
    Transient error (You have exceeded a rate limit. Contact planetarycomputer@microsoft.com.) -- retrying in 8s (attempt 1/5)
    Transient error (You have exceeded a rate limit. Contact planetarycomputer@microsoft.com.) -- retrying in 8s (attempt 1/5)
    Transient error (You have exceeded a rate limit. Contact planetarycomputer@microsoft.com.) -- retrying in 12s (attempt 1/5)
    Transient error (You have exceeded a rate limit. Contact planetarycomputer@microsoft.com.) -- retrying in 15s (attempt 1/5)
    Transient error (You have exceeded a rate limit. Contact planetarycomputer@microsoft.com.) -- retrying in 16s (attempt 2/5)
    Transient error (You have exceeded a rate limit. Contact planetarycomputer@microsoft.com.) -- retrying in 20s (attempt 2/5)
    Transient error (You have exceeded a rate limit. Contact planetarycomputer@microsoft.com.) -- retrying in 11s (attempt 1/5)
    Transient error (You have exceeded a rate limit. Contact planetarycomputer@microsoft.com.) -- retrying in 11s (attempt 1/5)
    Transient error (You have exceeded a rate limit. Contact planetarycomputer@microsoft.com.) -- retrying in 35s (attempt 3/5)
    Transient error (You have exceeded a rate limit. Contact planetarycomputer@microsoft.com.) -- retrying in 66s (attempt 4/5)
    ...8800 candidate(s) done (196.3 min elapsed)
    Transient error (You have exceeded a rate limit. Contact planetarycomputer@microsoft.com.) -- retrying in 12s (attempt 1/5)
    Transient error (You have exceeded a rate limit. Contact planetarycomputer@microsoft.com.) -- retrying in 13s (attempt 1/5)
    Transient error (You have exceeded a rate limit. Contact planetarycomputer@microsoft.com.) -- retrying in 23s (attempt 2/5)
    Transient error (You have exceeded a rate limit. Contact planetarycomputer@microsoft.com.) -- retrying in 10s (attempt 1/5)
    Transient error (You have exceeded a rate limit. Contact planetarycomputer@microsoft.com.) -- retrying in 17s (attempt 2/5)
    Transient error (You have exceeded a rate limit. Contact planetarycomputer@microsoft.com.) -- retrying in 13s (attempt 1/5)
    ...9000 candidate(s) done (199.0 min elapsed)
    Transient error (You have exceeded a rate limit. Contact planetarycomputer@microsoft.com.) -- retrying in 14s (attempt 1/5)
    Transient error (You have exceeded a rate limit. Contact planetarycomputer@microsoft.com.) -- retrying in 13s (attempt 1/5)
    Transient error (You have exceeded a rate limit. Contact planetarycomputer@microsoft.com.) -- retrying in 15s (attempt 1/5)
    Transient error (You have exceeded a rate limit. Contact planetarycomputer@microsoft.com.) -- retrying in 8s (attempt 1/5)
    Transient error (You have exceeded a rate limit. Contact planetarycomputer@microsoft.com.) -- retrying in 11s (attempt 1/5)
    Transient error (You have exceeded a rate limit. Contact planetarycomputer@microsoft.com.) -- retrying in 9s (attempt 1/5)
    Transient error (You have exceeded a rate limit. Contact planetarycomputer@microsoft.com.) -- retrying in 23s (attempt 2/5)
    Transient error (You have exceeded a rate limit. Contact planetarycomputer@microsoft.com.) -- retrying in 10s (attempt 1/5)
    Transient error (You have exceeded a rate limit. Contact planetarycomputer@microsoft.com.) -- retrying in 13s (attempt 1/5)
    Transient error (You have exceeded a rate limit. Contact planetarycomputer@microsoft.com.) -- retrying in 11s (attempt 1/5)
    Transient error (You have exceeded a rate limit. Contact planetarycomputer@microsoft.com.) -- retrying in 13s (attempt 1/5)
    Transient error (You have exceeded a rate limit. Contact planetarycomputer@microsoft.com.) -- retrying in 13s (attempt 1/5)
    Transient error (You have exceeded a rate limit. Contact planetarycomputer@microsoft.com.) -- retrying in 9s (attempt 1/5)
    ...9200 candidate(s) done (203.1 min elapsed)
    Transient error (You have exceeded a rate limit. Contact planetarycomputer@microsoft.com.) -- retrying in 9s (attempt 1/5)
    Transient error (You have exceeded a rate limit. Contact planetarycomputer@microsoft.com.) -- retrying in 16s (attempt 1/5)
    Transient error (You have exceeded a rate limit. Contact planetarycomputer@microsoft.com.) -- retrying in 14s (attempt 1/5)
    Transient error (You have exceeded a rate limit. Contact planetarycomputer@microsoft.com.) -- retrying in 10s (attempt 1/5)
    Transient error (You have exceeded a rate limit. Contact planetarycomputer@microsoft.com.) -- retrying in 14s (attempt 1/5)
    Transient error (You have exceeded a rate limit. Contact planetarycomputer@microsoft.com.) -- retrying in 14s (attempt 1/5)
    Transient error (You have exceeded a rate limit. Contact planetarycomputer@microsoft.com.) -- retrying in 13s (attempt 1/5)
    Transient error (You have exceeded a rate limit. Contact planetarycomputer@microsoft.com.) -- retrying in 14s (attempt 1/5)
    Transient error (You have exceeded a rate limit. Contact planetarycomputer@microsoft.com.) -- retrying in 11s (attempt 1/5)
    ...9400 candidate(s) done (206.9 min elapsed)
    Transient error (You have exceeded a rate limit. Contact planetarycomputer@microsoft.com.) -- retrying in 10s (attempt 1/5)
    Transient error (You have exceeded a rate limit. Contact planetarycomputer@microsoft.com.) -- retrying in 15s (attempt 1/5)
    Transient error (You have exceeded a rate limit. Contact planetarycomputer@microsoft.com.) -- retrying in 11s (attempt 1/5)
    Transient error (You have exceeded a rate limit. Contact planetarycomputer@microsoft.com.) -- retrying in 15s (attempt 1/5)
    Transient error (You have exceeded a rate limit. Contact planetarycomputer@microsoft.com.) -- retrying in 9s (attempt 1/5)
    Transient error (You have exceeded a rate limit. Contact planetarycomputer@microsoft.com.) -- retrying in 9s (attempt 1/5)
    Transient error (You have exceeded a rate limit. Contact planetarycomputer@microsoft.com.) -- retrying in 9s (attempt 1/5)
    Transient error (You have exceeded a rate limit. Contact planetarycomputer@microsoft.com.) -- retrying in 15s (attempt 1/5)
    Transient error (You have exceeded a rate limit. Contact planetarycomputer@microsoft.com.) -- retrying in 10s (attempt 1/5)
    Transient error (You have exceeded a rate limit. Contact planetarycomputer@microsoft.com.) -- retrying in 16s (attempt 2/5)
    Transient error (You have exceeded a rate limit. Contact planetarycomputer@microsoft.com.) -- retrying in 11s (attempt 1/5)
    Transient error (You have exceeded a rate limit. Contact planetarycomputer@microsoft.com.) -- retrying in 24s (attempt 2/5)
    Transient error (You have exceeded a rate limit. Contact planetarycomputer@microsoft.com.) -- retrying in 20s (attempt 2/5)
    Transient error (You have exceeded a rate limit. Contact planetarycomputer@microsoft.com.) -- retrying in 22s (attempt 2/5)
    Transient error (You have exceeded a rate limit. Contact planetarycomputer@microsoft.com.) -- retrying in 17s (attempt 2/5)
    ...9600 candidate(s) done (210.2 min elapsed)
    Transient error (You have exceeded a rate limit. Contact planetarycomputer@microsoft.com.) -- retrying in 9s (attempt 1/5)
    Transient error (You have exceeded a rate limit. Contact planetarycomputer@microsoft.com.) -- retrying in 14s (attempt 1/5)
    Transient error (You have exceeded a rate limit. Contact planetarycomputer@microsoft.com.) -- retrying in 9s (attempt 1/5)
    Transient error (You have exceeded a rate limit. Contact planetarycomputer@microsoft.com.) -- retrying in 13s (attempt 1/5)
    Transient error (You have exceeded a rate limit. Contact planetarycomputer@microsoft.com.) -- retrying in 13s (attempt 1/5)
    Transient error (You have exceeded a rate limit. Contact planetarycomputer@microsoft.com.) -- retrying in 24s (attempt 2/5)
    Transient error (You have exceeded a rate limit. Contact planetarycomputer@microsoft.com.) -- retrying in 14s (attempt 1/5)
    Transient error (You have exceeded a rate limit. Contact planetarycomputer@microsoft.com.) -- retrying in 23s (attempt 2/5)
    Transient error (You have exceeded a rate limit. Contact planetarycomputer@microsoft.com.) -- retrying in 35s (attempt 3/5)
    Transient error (You have exceeded a rate limit. Contact planetarycomputer@microsoft.com.) -- retrying in 14s (attempt 1/5)
    Transient error (You have exceeded a rate limit. Contact planetarycomputer@microsoft.com.) -- retrying in 11s (attempt 1/5)
    Transient error (You have exceeded a rate limit. Contact planetarycomputer@microsoft.com.) -- retrying in 19s (attempt 2/5)
    Transient error (You have exceeded a rate limit. Contact planetarycomputer@microsoft.com.) -- retrying in 12s (attempt 1/5)
    Transient error (You have exceeded a rate limit. Contact planetarycomputer@microsoft.com.) -- retrying in 15s (attempt 1/5)
    Transient error (You have exceeded a rate limit. Contact planetarycomputer@microsoft.com.) -- retrying in 16s (attempt 1/5)
    Transient error (You have exceeded a rate limit. Contact planetarycomputer@microsoft.com.) -- retrying in 16s (attempt 1/5)
    Transient error (You have exceeded a rate limit. Contact planetarycomputer@microsoft.com.) -- retrying in 15s (attempt 1/5)
    Transient error (You have exceeded a rate limit. Contact planetarycomputer@microsoft.com.) -- retrying in 9s (attempt 1/5)
    Transient error (You have exceeded a rate limit. Contact planetarycomputer@microsoft.com.) -- retrying in 15s (attempt 1/5)
    Transient error (You have exceeded a rate limit. Contact planetarycomputer@microsoft.com.) -- retrying in 11s (attempt 1/5)
    Transient error (You have exceeded a rate limit. Contact planetarycomputer@microsoft.com.) -- retrying in 12s (attempt 1/5)
    Transient error (You have exceeded a rate limit. Contact planetarycomputer@microsoft.com.) -- retrying in 9s (attempt 1/5)
    Transient error (You have exceeded a rate limit. Contact planetarycomputer@microsoft.com.) -- retrying in 12s (attempt 1/5)
    Transient error (You have exceeded a rate limit. Contact planetarycomputer@microsoft.com.) -- retrying in 18s (attempt 2/5)
    Transient error (You have exceeded a rate limit. Contact planetarycomputer@microsoft.com.) -- retrying in 11s (attempt 1/5)
    Transient error (You have exceeded a rate limit. Contact planetarycomputer@microsoft.com.) -- retrying in 18s (attempt 2/5)
    Transient error (You have exceeded a rate limit. Contact planetarycomputer@microsoft.com.) -- retrying in 19s (attempt 2/5)
    Transient error (You have exceeded a rate limit. Contact planetarycomputer@microsoft.com.) -- retrying in 11s (attempt 1/5)
    Transient error (You have exceeded a rate limit. Contact planetarycomputer@microsoft.com.) -- retrying in 14s (attempt 1/5)
    Transient error (You have exceeded a rate limit. Contact planetarycomputer@microsoft.com.) -- retrying in 17s (attempt 2/5)
    Transient error (You have exceeded a rate limit. Contact planetarycomputer@microsoft.com.) -- retrying in 9s (attempt 1/5)
    Transient error (You have exceeded a rate limit. Contact planetarycomputer@microsoft.com.) -- retrying in 16s (attempt 1/5)
    Transient error (You have exceeded a rate limit. Contact planetarycomputer@microsoft.com.) -- retrying in 10s (attempt 1/5)
    Transient error (You have exceeded a rate limit. Contact planetarycomputer@microsoft.com.) -- retrying in 13s (attempt 1/5)
    Transient error (You have exceeded a rate limit. Contact planetarycomputer@microsoft.com.) -- retrying in 15s (attempt 1/5)
    Transient error (You have exceeded a rate limit. Contact planetarycomputer@microsoft.com.) -- retrying in 10s (attempt 1/5)
    Transient error (You have exceeded a rate limit. Contact planetarycomputer@microsoft.com.) -- retrying in 11s (attempt 1/5)
    Transient error (You have exceeded a rate limit. Contact planetarycomputer@microsoft.com.) -- retrying in 10s (attempt 1/5)
    Transient error (You have exceeded a rate limit. Contact planetarycomputer@microsoft.com.) -- retrying in 21s (attempt 2/5)
    Transient error (You have exceeded a rate limit. Contact planetarycomputer@microsoft.com.) -- retrying in 12s (attempt 1/5)
    Transient error (You have exceeded a rate limit. Contact planetarycomputer@microsoft.com.) -- retrying in 18s (attempt 2/5)
    Transient error (You have exceeded a rate limit. Contact planetarycomputer@microsoft.com.) -- retrying in 12s (attempt 1/5)
    Transient error (You have exceeded a rate limit. Contact planetarycomputer@microsoft.com.) -- retrying in 15s (attempt 1/5)
    Transient error (You have exceeded a rate limit. Contact planetarycomputer@microsoft.com.) -- retrying in 14s (attempt 1/5)
    Transient error (You have exceeded a rate limit. Contact planetarycomputer@microsoft.com.) -- retrying in 13s (attempt 1/5)
    ...9800 candidate(s) done (217.7 min elapsed)
    Transient error (You have exceeded a rate limit. Contact planetarycomputer@microsoft.com.) -- retrying in 13s (attempt 1/5)
    Transient error (You have exceeded a rate limit. Contact planetarycomputer@microsoft.com.) -- retrying in 10s (attempt 1/5)
    Transient error (You have exceeded a rate limit. Contact planetarycomputer@microsoft.com.) -- retrying in 20s (attempt 2/5)
    Transient error (You have exceeded a rate limit. Contact planetarycomputer@microsoft.com.) -- retrying in 8s (attempt 1/5)
    Transient error (You have exceeded a rate limit. Contact planetarycomputer@microsoft.com.) -- retrying in 20s (attempt 2/5)
    Transient error (You have exceeded a rate limit. Contact planetarycomputer@microsoft.com.) -- retrying in 36s (attempt 3/5)
    ...10000 candidate(s) done (221.2 min elapsed)
    Transient error (You have exceeded a rate limit. Contact planetarycomputer@microsoft.com.) -- retrying in 10s (attempt 1/5)
    Transient error (You have exceeded a rate limit. Contact planetarycomputer@microsoft.com.) -- retrying in 11s (attempt 1/5)
    Transient error (You have exceeded a rate limit. Contact planetarycomputer@microsoft.com.) -- retrying in 16s (attempt 1/5)
    Transient error (You have exceeded a rate limit. Contact planetarycomputer@microsoft.com.) -- retrying in 13s (attempt 1/5)
    Transient error (You have exceeded a rate limit. Contact planetarycomputer@microsoft.com.) -- retrying in 15s (attempt 1/5)
    Transient error (You have exceeded a rate limit. Contact planetarycomputer@microsoft.com.) -- retrying in 13s (attempt 1/5)
    Transient error (You have exceeded a rate limit. Contact planetarycomputer@microsoft.com.) -- retrying in 14s (attempt 1/5)
    Transient error (You have exceeded a rate limit. Contact planetarycomputer@microsoft.com.) -- retrying in 13s (attempt 1/5)
    Transient error (You have exceeded a rate limit. Contact planetarycomputer@microsoft.com.) -- retrying in 11s (attempt 1/5)
    Transient error (You have exceeded a rate limit. Contact planetarycomputer@microsoft.com.) -- retrying in 12s (attempt 1/5)
    Transient error (You have exceeded a rate limit. Contact planetarycomputer@microsoft.com.) -- retrying in 14s (attempt 1/5)
    Transient error (You have exceeded a rate limit. Contact planetarycomputer@microsoft.com.) -- retrying in 17s (attempt 2/5)
    Transient error (You have exceeded a rate limit. Contact planetarycomputer@microsoft.com.) -- retrying in 21s (attempt 2/5)
    Transient error (You have exceeded a rate limit. Contact planetarycomputer@microsoft.com.) -- retrying in 10s (attempt 1/5)
    Transient error (You have exceeded a rate limit. Contact planetarycomputer@microsoft.com.) -- retrying in 16s (attempt 1/5)
    Transient error (You have exceeded a rate limit. Contact planetarycomputer@microsoft.com.) -- retrying in 12s (attempt 1/5)
    Transient error (You have exceeded a rate limit. Contact planetarycomputer@microsoft.com.) -- retrying in 12s (attempt 1/5)
    Transient error (You have exceeded a rate limit. Contact planetarycomputer@microsoft.com.) -- retrying in 33s (attempt 3/5)
    Transient error (You have exceeded a rate limit. Contact planetarycomputer@microsoft.com.) -- retrying in 17s (attempt 2/5)
    Transient error (You have exceeded a rate limit. Contact planetarycomputer@microsoft.com.) -- retrying in 38s (attempt 3/5)
    Transient error (You have exceeded a rate limit. Contact planetarycomputer@microsoft.com.) -- retrying in 71s (attempt 4/5)
    ...10200 candidate(s) done (226.3 min elapsed)
    Transient error (You have exceeded a rate limit. Contact planetarycomputer@microsoft.com.) -- retrying in 10s (attempt 1/5)
    Transient error (You have exceeded a rate limit. Contact planetarycomputer@microsoft.com.) -- retrying in 12s (attempt 1/5)
    Transient error (You have exceeded a rate limit. Contact planetarycomputer@microsoft.com.) -- retrying in 23s (attempt 2/5)
    Transient error (You have exceeded a rate limit. Contact planetarycomputer@microsoft.com.) -- retrying in 16s (attempt 1/5)
    Transient error (You have exceeded a rate limit. Contact planetarycomputer@microsoft.com.) -- retrying in 16s (attempt 1/5)
    Transient error (You have exceeded a rate limit. Contact planetarycomputer@microsoft.com.) -- retrying in 21s (attempt 2/5)
    Transient error (You have exceeded a rate limit. Contact planetarycomputer@microsoft.com.) -- retrying in 13s (attempt 1/5)
    Transient error (You have exceeded a rate limit. Contact planetarycomputer@microsoft.com.) -- retrying in 16s (attempt 1/5)
    Transient error (You have exceeded a rate limit. Contact planetarycomputer@microsoft.com.) -- retrying in 9s (attempt 1/5)
    Transient error (You have exceeded a rate limit. Contact planetarycomputer@microsoft.com.) -- retrying in 8s (attempt 1/5)
    ...10400 candidate(s) done (230.4 min elapsed)
    Transient error (You have exceeded a rate limit. Contact planetarycomputer@microsoft.com.) -- retrying in 13s (attempt 1/5)
    Transient error (You have exceeded a rate limit. Contact planetarycomputer@microsoft.com.) -- retrying in 22s (attempt 2/5)
    Transient error (You have exceeded a rate limit. Contact planetarycomputer@microsoft.com.) -- retrying in 11s (attempt 1/5)
    Transient error (You have exceeded a rate limit. Contact planetarycomputer@microsoft.com.) -- retrying in 13s (attempt 1/5)
    Transient error (You have exceeded a rate limit. Contact planetarycomputer@microsoft.com.) -- retrying in 12s (attempt 1/5)
    Transient error (You have exceeded a rate limit. Contact planetarycomputer@microsoft.com.) -- retrying in 12s (attempt 1/5)
    Transient error (You have exceeded a rate limit. Contact planetarycomputer@microsoft.com.) -- retrying in 13s (attempt 1/5)
    Transient error (You have exceeded a rate limit. Contact planetarycomputer@microsoft.com.) -- retrying in 19s (attempt 2/5)
    Transient error (You have exceeded a rate limit. Contact planetarycomputer@microsoft.com.) -- retrying in 9s (attempt 1/5)
    Transient error (You have exceeded a rate limit. Contact planetarycomputer@microsoft.com.) -- retrying in 10s (attempt 1/5)
    Transient error (You have exceeded a rate limit. Contact planetarycomputer@microsoft.com.) -- retrying in 22s (attempt 2/5)
    Transient error (You have exceeded a rate limit. Contact planetarycomputer@microsoft.com.) -- retrying in 33s (attempt 3/5)
    Transient error (You have exceeded a rate limit. Contact planetarycomputer@microsoft.com.) -- retrying in 9s (attempt 1/5)
    Transient error (You have exceeded a rate limit. Contact planetarycomputer@microsoft.com.) -- retrying in 14s (attempt 1/5)
    Transient error (You have exceeded a rate limit. Contact planetarycomputer@microsoft.com.) -- retrying in 10s (attempt 1/5)
    Transient error (You have exceeded a rate limit. Contact planetarycomputer@microsoft.com.) -- retrying in 12s (attempt 1/5)
    Transient error (You have exceeded a rate limit. Contact planetarycomputer@microsoft.com.) -- retrying in 13s (attempt 1/5)
    Transient error (You have exceeded a rate limit. Contact planetarycomputer@microsoft.com.) -- retrying in 15s (attempt 1/5)
    Transient error (You have exceeded a rate limit. Contact planetarycomputer@microsoft.com.) -- retrying in 15s (attempt 1/5)
    Transient error (You have exceeded a rate limit. Contact planetarycomputer@microsoft.com.) -- retrying in 18s (attempt 2/5)
    Transient error (You have exceeded a rate limit. Contact planetarycomputer@microsoft.com.) -- retrying in 22s (attempt 2/5)
    Transient error (You have exceeded a rate limit. Contact planetarycomputer@microsoft.com.) -- retrying in 18s (attempt 2/5)
    Transient error (You have exceeded a rate limit. Contact planetarycomputer@microsoft.com.) -- retrying in 9s (attempt 1/5)
    Transient error (You have exceeded a rate limit. Contact planetarycomputer@microsoft.com.) -- retrying in 13s (attempt 1/5)
    Transient error (You have exceeded a rate limit. Contact planetarycomputer@microsoft.com.) -- retrying in 8s (attempt 1/5)
    Transient error (You have exceeded a rate limit. Contact planetarycomputer@microsoft.com.) -- retrying in 15s (attempt 1/5)
    Transient error (You have exceeded a rate limit. Contact planetarycomputer@microsoft.com.) -- retrying in 9s (attempt 1/5)
    ...10600 candidate(s) done (236.3 min elapsed)
    Transient error (You have exceeded a rate limit. Contact planetarycomputer@microsoft.com.) -- retrying in 13s (attempt 1/5)
    Transient error (You have exceeded a rate limit. Contact planetarycomputer@microsoft.com.) -- retrying in 13s (attempt 1/5)
    Transient error (You have exceeded a rate limit. Contact planetarycomputer@microsoft.com.) -- retrying in 12s (attempt 1/5)
    Transient error (You have exceeded a rate limit. Contact planetarycomputer@microsoft.com.) -- retrying in 14s (attempt 1/5)
    Transient error (You have exceeded a rate limit. Contact planetarycomputer@microsoft.com.) -- retrying in 12s (attempt 1/5)
    Transient error (You have exceeded a rate limit. Contact planetarycomputer@microsoft.com.) -- retrying in 14s (attempt 1/5)
    Transient error (You have exceeded a rate limit. Contact planetarycomputer@microsoft.com.) -- retrying in 15s (attempt 1/5)
    Transient error (You have exceeded a rate limit. Contact planetarycomputer@microsoft.com.) -- retrying in 14s (attempt 1/5)
    ...10800 candidate(s) done (240.0 min elapsed)
    Transient error (You have exceeded a rate limit. Contact planetarycomputer@microsoft.com.) -- retrying in 10s (attempt 1/5)
    Transient error (You have exceeded a rate limit. Contact planetarycomputer@microsoft.com.) -- retrying in 14s (attempt 1/5)
    Transient error (You have exceeded a rate limit. Contact planetarycomputer@microsoft.com.) -- retrying in 12s (attempt 1/5)
    Transient error (You have exceeded a rate limit. Contact planetarycomputer@microsoft.com.) -- retrying in 15s (attempt 1/5)
    ...10860 candidate(s) done (241.4 min elapsed)
  Flushed 10860 candidate row(s)

=== Summary ===
  Candidates processed : 10860
  Skipped (resume)     : 60
  No parcel geometry   : 0
  Elapsed              : 241.5 min

Outputs in: /work/GRDVULN/correction/data/od_features_candidates
Next: score these with stage2b_rf_model.joblib and compare rank-1 accuracy against Stage 2a alone, on the holdout's known truth.
Finished: Wed Sep  9 05:21:15 EDT 2026  (exit 0, 241 min)
THROUGHPUT NOTE: divide this task's 'Candidates processed' by 241
  min, then SUM across concurrent tasks to get aggregate rate. Compare
  that against the 39/min single-job baseline before raising the throttle.
