==========================================
Node:    r4n19
Job ID:  7413541
CPUs:    16
Started: Tue Sep  8 22:37:03 EDT 2026
==========================================
Loaded module: python/3.11
Python:  Python 3.11.13  (/work/GRDVULN/correction/.venv/bin/python)
------------------------------------------
Processing state: MO  (array index 21 of 48)
Running: python /work/GRDVULN/correction/scripts/01e_run_od_candidates.py --all --states MO --workers 8
/work/GRDVULN/correction/.venv/lib64/python3.11/site-packages/torch/serialization.py:1813: SourceChangeWarning: source code of class 'torch.nn.modules.conv.Conv2d' has changed. you can retrieve the original source code by accessing the object's source attribute or set `torch.nn.Module.dump_patches = True` and use the patch tool to revert the changes.
  _check_container_source(*data)
/work/GRDVULN/correction/.venv/lib64/python3.11/site-packages/torch/serialization.py:1813: SourceChangeWarning: source code of class 'torch.nn.modules.batchnorm.BatchNorm2d' has changed. you can retrieve the original source code by accessing the object's source attribute or set `torch.nn.Module.dump_patches = True` and use the patch tool to revert the changes.
  _check_container_source(*data)
=== 01e_run_od_candidates.py ===
output: /work/GRDVULN/correction/data/od_features_candidates

Loading Stage 2a candidates...
  240546 candidate(s) across 12030 plant(s) (top 20 each)
  --all: no scope restriction
  Restricted to ['MO']: 13322 candidate(s)

--- work plan ---
  MO: 13322 candidate parcel(s), 667 plant(s)
  TOTAL: 13322 candidate parcel(s)
  Each is tiled by 01b's generate_tile_grid -- most parcels are one tile, large ones more.
  Using weights: best.pt

Weights: /work/GRDVULN/correction/models/object_detection/best.pt
Classes: {0: 'aeration_basin', 1: 'clarifier', 2: 'digester'}

Connecting to Planetary Computer STAC API...
Connected.

--- State MO: 13322 candidate(s) ---
    Transient error (You have exceeded a rate limit. Contact planetarycomputer@microsoft.com.) -- retrying in 12s (attempt 1/5)
    Transient error (You have exceeded a rate limit. Contact planetarycomputer@microsoft.com.) -- retrying in 24s (attempt 2/5)
    Transient error (You have exceeded a rate limit. Contact planetarycomputer@microsoft.com.) -- retrying in 9s (attempt 1/5)
    Transient error (You have exceeded a rate limit. Contact planetarycomputer@microsoft.com.) -- retrying in 10s (attempt 1/5)
    Transient error (You have exceeded a rate limit. Contact planetarycomputer@microsoft.com.) -- retrying in 10s (attempt 1/5)
    Transient error (You have exceeded a rate limit. Contact planetarycomputer@microsoft.com.) -- retrying in 20s (attempt 2/5)
    Transient error (You have exceeded a rate limit. Contact planetarycomputer@microsoft.com.) -- retrying in 11s (attempt 1/5)
    Transient error (You have exceeded a rate limit. Contact planetarycomputer@microsoft.com.) -- retrying in 12s (attempt 1/5)
    Transient error (You have exceeded a rate limit. Contact planetarycomputer@microsoft.com.) -- retrying in 14s (attempt 1/5)
    Transient error (You have exceeded a rate limit. Contact planetarycomputer@microsoft.com.) -- retrying in 15s (attempt 1/5)
    Transient error (You have exceeded a rate limit. Contact planetarycomputer@microsoft.com.) -- retrying in 8s (attempt 1/5)
    Transient error (You have exceeded a rate limit. Contact planetarycomputer@microsoft.com.) -- retrying in 15s (attempt 1/5)
    Transient error (You have exceeded a rate limit. Contact planetarycomputer@microsoft.com.) -- retrying in 15s (attempt 1/5)
    Transient error (You have exceeded a rate limit. Contact planetarycomputer@microsoft.com.) -- retrying in 21s (attempt 2/5)
    ...200 candidate(s) done (3.8 min elapsed)
    Transient error (You have exceeded a rate limit. Contact planetarycomputer@microsoft.com.) -- retrying in 14s (attempt 1/5)
    Transient error (You have exceeded a rate limit. Contact planetarycomputer@microsoft.com.) -- retrying in 11s (attempt 1/5)
    Transient error (You have exceeded a rate limit. Contact planetarycomputer@microsoft.com.) -- retrying in 24s (attempt 2/5)
    Transient error (You have exceeded a rate limit. Contact planetarycomputer@microsoft.com.) -- retrying in 14s (attempt 1/5)
    Transient error (You have exceeded a rate limit. Contact planetarycomputer@microsoft.com.) -- retrying in 12s (attempt 1/5)
    Transient error (You have exceeded a rate limit. Contact planetarycomputer@microsoft.com.) -- retrying in 12s (attempt 1/5)
    Transient error (You have exceeded a rate limit. Contact planetarycomputer@microsoft.com.) -- retrying in 10s (attempt 1/5)
    Transient error (You have exceeded a rate limit. Contact planetarycomputer@microsoft.com.) -- retrying in 14s (attempt 1/5)
    Transient error (You have exceeded a rate limit. Contact planetarycomputer@microsoft.com.) -- retrying in 10s (attempt 1/5)
    Transient error (You have exceeded a rate limit. Contact planetarycomputer@microsoft.com.) -- retrying in 10s (attempt 1/5)
    Transient error (You have exceeded a rate limit. Contact planetarycomputer@microsoft.com.) -- retrying in 23s (attempt 2/5)
    Transient error (You have exceeded a rate limit. Contact planetarycomputer@microsoft.com.) -- retrying in 32s (attempt 3/5)
    Transient error (You have exceeded a rate limit. Contact planetarycomputer@microsoft.com.) -- retrying in 8s (attempt 1/5)
    Transient error (You have exceeded a rate limit. Contact planetarycomputer@microsoft.com.) -- retrying in 15s (attempt 1/5)
    Transient error (You have exceeded a rate limit. Contact planetarycomputer@microsoft.com.) -- retrying in 11s (attempt 1/5)
    Transient error (You have exceeded a rate limit. Contact planetarycomputer@microsoft.com.) -- retrying in 8s (attempt 1/5)
    Transient error (You have exceeded a rate limit. Contact planetarycomputer@microsoft.com.) -- retrying in 13s (attempt 1/5)
    Transient error (You have exceeded a rate limit. Contact planetarycomputer@microsoft.com.) -- retrying in 16s (attempt 2/5)
    ...400 candidate(s) done (8.8 min elapsed)
    Transient error (You have exceeded a rate limit. Contact planetarycomputer@microsoft.com.) -- retrying in 15s (attempt 1/5)
    Transient error (You have exceeded a rate limit. Contact planetarycomputer@microsoft.com.) -- retrying in 9s (attempt 1/5)
    Transient error (You have exceeded a rate limit. Contact planetarycomputer@microsoft.com.) -- retrying in 14s (attempt 1/5)
    Transient error (You have exceeded a rate limit. Contact planetarycomputer@microsoft.com.) -- retrying in 16s (attempt 1/5)
    Transient error (You have exceeded a rate limit. Contact planetarycomputer@microsoft.com.) -- retrying in 19s (attempt 2/5)
    Transient error (You have exceeded a rate limit. Contact planetarycomputer@microsoft.com.) -- retrying in 33s (attempt 3/5)
    Transient error (You have exceeded a rate limit. Contact planetarycomputer@microsoft.com.) -- retrying in 12s (attempt 1/5)
    Transient error (You have exceeded a rate limit. Contact planetarycomputer@microsoft.com.) -- retrying in 15s (attempt 1/5)
    Transient error (You have exceeded a rate limit. Contact planetarycomputer@microsoft.com.) -- retrying in 20s (attempt 2/5)
    Transient error (You have exceeded a rate limit. Contact planetarycomputer@microsoft.com.) -- retrying in 9s (attempt 1/5)
    Transient error (You have exceeded a rate limit. Contact planetarycomputer@microsoft.com.) -- retrying in 15s (attempt 1/5)
    Transient error (You have exceeded a rate limit. Contact planetarycomputer@microsoft.com.) -- retrying in 9s (attempt 1/5)
    Transient error (You have exceeded a rate limit. Contact planetarycomputer@microsoft.com.) -- retrying in 14s (attempt 1/5)
    Transient error (You have exceeded a rate limit. Contact planetarycomputer@microsoft.com.) -- retrying in 10s (attempt 1/5)
    Transient error (You have exceeded a rate limit. Contact planetarycomputer@microsoft.com.) -- retrying in 21s (attempt 2/5)
    ...600 candidate(s) done (13.9 min elapsed)
    Transient error (You have exceeded a rate limit. Contact planetarycomputer@microsoft.com.) -- retrying in 12s (attempt 1/5)
    Transient error (You have exceeded a rate limit. Contact planetarycomputer@microsoft.com.) -- retrying in 10s (attempt 1/5)
    Transient error (You have exceeded a rate limit. Contact planetarycomputer@microsoft.com.) -- retrying in 12s (attempt 1/5)
    Transient error (You have exceeded a rate limit. Contact planetarycomputer@microsoft.com.) -- retrying in 10s (attempt 1/5)
    Transient error (You have exceeded a rate limit. Contact planetarycomputer@microsoft.com.) -- retrying in 10s (attempt 1/5)
    Transient error (You have exceeded a rate limit. Contact planetarycomputer@microsoft.com.) -- retrying in 10s (attempt 1/5)
    Transient error (You have exceeded a rate limit. Contact planetarycomputer@microsoft.com.) -- retrying in 14s (attempt 1/5)
    Transient error (You have exceeded a rate limit. Contact planetarycomputer@microsoft.com.) -- retrying in 10s (attempt 1/5)
    ...800 candidate(s) done (16.9 min elapsed)
    Transient error (You have exceeded a rate limit. Contact planetarycomputer@microsoft.com.) -- retrying in 14s (attempt 1/5)
    Transient error (You have exceeded a rate limit. Contact planetarycomputer@microsoft.com.) -- retrying in 15s (attempt 1/5)
    Transient error (You have exceeded a rate limit. Contact planetarycomputer@microsoft.com.) -- retrying in 10s (attempt 1/5)
    Transient error (You have exceeded a rate limit. Contact planetarycomputer@microsoft.com.) -- retrying in 17s (attempt 2/5)
    Transient error (You have exceeded a rate limit. Contact planetarycomputer@microsoft.com.) -- retrying in 33s (attempt 3/5)
    Transient error (You have exceeded a rate limit. Contact planetarycomputer@microsoft.com.) -- retrying in 12s (attempt 1/5)
    Transient error (You have exceeded a rate limit. Contact planetarycomputer@microsoft.com.) -- retrying in 9s (attempt 1/5)
    Transient error (You have exceeded a rate limit. Contact planetarycomputer@microsoft.com.) -- retrying in 12s (attempt 1/5)
    Transient error (You have exceeded a rate limit. Contact planetarycomputer@microsoft.com.) -- retrying in 11s (attempt 1/5)
    Transient error (You have exceeded a rate limit. Contact planetarycomputer@microsoft.com.) -- retrying in 10s (attempt 1/5)
    Transient error (You have exceeded a rate limit. Contact planetarycomputer@microsoft.com.) -- retrying in 15s (attempt 1/5)
    Transient error (You have exceeded a rate limit. Contact planetarycomputer@microsoft.com.) -- retrying in 13s (attempt 1/5)
    Transient error (You have exceeded a rate limit. Contact planetarycomputer@microsoft.com.) -- retrying in 15s (attempt 1/5)
    Transient error (You have exceeded a rate limit. Contact planetarycomputer@microsoft.com.) -- retrying in 11s (attempt 1/5)
    Transient error (You have exceeded a rate limit. Contact planetarycomputer@microsoft.com.) -- retrying in 10s (attempt 1/5)
    Transient error (You have exceeded a rate limit. Contact planetarycomputer@microsoft.com.) -- retrying in 16s (attempt 1/5)
    Transient error (You have exceeded a rate limit. Contact planetarycomputer@microsoft.com.) -- retrying in 14s (attempt 1/5)
    Transient error (You have exceeded a rate limit. Contact planetarycomputer@microsoft.com.) -- retrying in 9s (attempt 1/5)
    Transient error (You have exceeded a rate limit. Contact planetarycomputer@microsoft.com.) -- retrying in 12s (attempt 1/5)
    Transient error (You have exceeded a rate limit. Contact planetarycomputer@microsoft.com.) -- retrying in 19s (attempt 2/5)
    Transient error (You have exceeded a rate limit. Contact planetarycomputer@microsoft.com.) -- retrying in 35s (attempt 3/5)
    ...1000 candidate(s) done (21.9 min elapsed)
    Transient error (You have exceeded a rate limit. Contact planetarycomputer@microsoft.com.) -- retrying in 10s (attempt 1/5)
    Transient error (You have exceeded a rate limit. Contact planetarycomputer@microsoft.com.) -- retrying in 11s (attempt 1/5)
    Transient error (You have exceeded a rate limit. Contact planetarycomputer@microsoft.com.) -- retrying in 9s (attempt 1/5)
    Transient error (You have exceeded a rate limit. Contact planetarycomputer@microsoft.com.) -- retrying in 23s (attempt 2/5)
    Transient error (You have exceeded a rate limit. Contact planetarycomputer@microsoft.com.) -- retrying in 14s (attempt 1/5)
    Transient error (You have exceeded a rate limit. Contact planetarycomputer@microsoft.com.) -- retrying in 15s (attempt 1/5)
    Transient error (You have exceeded a rate limit. Contact planetarycomputer@microsoft.com.) -- retrying in 11s (attempt 1/5)
    Transient error (You have exceeded a rate limit. Contact planetarycomputer@microsoft.com.) -- retrying in 12s (attempt 1/5)
    ...1200 candidate(s) done (25.2 min elapsed)
    Transient error (You have exceeded a rate limit. Contact planetarycomputer@microsoft.com.) -- retrying in 16s (attempt 1/5)
    Transient error (You have exceeded a rate limit. Contact planetarycomputer@microsoft.com.) -- retrying in 18s (attempt 2/5)
    Transient error (You have exceeded a rate limit. Contact planetarycomputer@microsoft.com.) -- retrying in 8s (attempt 1/5)
    Transient error (You have exceeded a rate limit. Contact planetarycomputer@microsoft.com.) -- retrying in 11s (attempt 1/5)
    Transient error (You have exceeded a rate limit. Contact planetarycomputer@microsoft.com.) -- retrying in 15s (attempt 1/5)
    Transient error (You have exceeded a rate limit. Contact planetarycomputer@microsoft.com.) -- retrying in 11s (attempt 1/5)
    Transient error (You have exceeded a rate limit. Contact planetarycomputer@microsoft.com.) -- retrying in 10s (attempt 1/5)
    Transient error (You have exceeded a rate limit. Contact planetarycomputer@microsoft.com.) -- retrying in 12s (attempt 1/5)
    Transient error (You have exceeded a rate limit. Contact planetarycomputer@microsoft.com.) -- retrying in 15s (attempt 1/5)
    ...1400 candidate(s) done (28.3 min elapsed)
    Transient error (You have exceeded a rate limit. Contact planetarycomputer@microsoft.com.) -- retrying in 11s (attempt 1/5)
    Transient error (You have exceeded a rate limit. Contact planetarycomputer@microsoft.com.) -- retrying in 8s (attempt 1/5)
    Transient error (You have exceeded a rate limit. Contact planetarycomputer@microsoft.com.) -- retrying in 13s (attempt 1/5)
    Transient error (You have exceeded a rate limit. Contact planetarycomputer@microsoft.com.) -- retrying in 21s (attempt 2/5)
    Transient error (You have exceeded a rate limit. Contact planetarycomputer@microsoft.com.) -- retrying in 8s (attempt 1/5)
    Transient error (You have exceeded a rate limit. Contact planetarycomputer@microsoft.com.) -- retrying in 9s (attempt 1/5)
    Transient error (You have exceeded a rate limit. Contact planetarycomputer@microsoft.com.) -- retrying in 19s (attempt 2/5)
    Transient error (You have exceeded a rate limit. Contact planetarycomputer@microsoft.com.) -- retrying in 15s (attempt 1/5)
    Transient error (You have exceeded a rate limit. Contact planetarycomputer@microsoft.com.) -- retrying in 11s (attempt 1/5)
    Transient error (You have exceeded a rate limit. Contact planetarycomputer@microsoft.com.) -- retrying in 14s (attempt 1/5)
    Transient error (You have exceeded a rate limit. Contact planetarycomputer@microsoft.com.) -- retrying in 12s (attempt 1/5)
    Transient error (You have exceeded a rate limit. Contact planetarycomputer@microsoft.com.) -- retrying in 13s (attempt 1/5)
    Transient error (You have exceeded a rate limit. Contact planetarycomputer@microsoft.com.) -- retrying in 10s (attempt 1/5)
    Transient error (You have exceeded a rate limit. Contact planetarycomputer@microsoft.com.) -- retrying in 8s (attempt 1/5)
    Transient error (You have exceeded a rate limit. Contact planetarycomputer@microsoft.com.) -- retrying in 13s (attempt 1/5)
    Transient error (You have exceeded a rate limit. Contact planetarycomputer@microsoft.com.) -- retrying in 24s (attempt 2/5)
    Transient error (You have exceeded a rate limit. Contact planetarycomputer@microsoft.com.) -- retrying in 24s (attempt 2/5)
    Transient error (You have exceeded a rate limit. Contact planetarycomputer@microsoft.com.) -- retrying in 16s (attempt 2/5)
    Transient error (You have exceeded a rate limit. Contact planetarycomputer@microsoft.com.) -- retrying in 8s (attempt 1/5)
    Transient error (You have exceeded a rate limit. Contact planetarycomputer@microsoft.com.) -- retrying in 10s (attempt 1/5)
    Transient error (You have exceeded a rate limit. Contact planetarycomputer@microsoft.com.) -- retrying in 9s (attempt 1/5)
    Transient error (You have exceeded a rate limit. Contact planetarycomputer@microsoft.com.) -- retrying in 32s (attempt 3/5)
    ...1600 candidate(s) done (32.4 min elapsed)
    Transient error (You have exceeded a rate limit. Contact planetarycomputer@microsoft.com.) -- retrying in 13s (attempt 1/5)
    Transient error (You have exceeded a rate limit. Contact planetarycomputer@microsoft.com.) -- retrying in 13s (attempt 1/5)
    Transient error (You have exceeded a rate limit. Contact planetarycomputer@microsoft.com.) -- retrying in 9s (attempt 1/5)
    Transient error (You have exceeded a rate limit. Contact planetarycomputer@microsoft.com.) -- retrying in 13s (attempt 1/5)
    Transient error (You have exceeded a rate limit. Contact planetarycomputer@microsoft.com.) -- retrying in 9s (attempt 1/5)
    Transient error (You have exceeded a rate limit. Contact planetarycomputer@microsoft.com.) -- retrying in 10s (attempt 1/5)
    Transient error (You have exceeded a rate limit. Contact planetarycomputer@microsoft.com.) -- retrying in 16s (attempt 2/5)
    Transient error (You have exceeded a rate limit. Contact planetarycomputer@microsoft.com.) -- retrying in 15s (attempt 1/5)
    Transient error (You have exceeded a rate limit. Contact planetarycomputer@microsoft.com.) -- retrying in 9s (attempt 1/5)
    Transient error (You have exceeded a rate limit. Contact planetarycomputer@microsoft.com.) -- retrying in 19s (attempt 2/5)
    Transient error (You have exceeded a rate limit. Contact planetarycomputer@microsoft.com.) -- retrying in 14s (attempt 1/5)
    ...1800 candidate(s) done (36.0 min elapsed)
    Transient error (You have exceeded a rate limit. Contact planetarycomputer@microsoft.com.) -- retrying in 13s (attempt 1/5)
    Transient error (You have exceeded a rate limit. Contact planetarycomputer@microsoft.com.) -- retrying in 20s (attempt 2/5)
    Transient error (You have exceeded a rate limit. Contact planetarycomputer@microsoft.com.) -- retrying in 12s (attempt 1/5)
    Transient error (You have exceeded a rate limit. Contact planetarycomputer@microsoft.com.) -- retrying in 10s (attempt 1/5)
    Transient error (You have exceeded a rate limit. Contact planetarycomputer@microsoft.com.) -- retrying in 15s (attempt 1/5)
    Transient error (You have exceeded a rate limit. Contact planetarycomputer@microsoft.com.) -- retrying in 17s (attempt 2/5)
    Transient error (You have exceeded a rate limit. Contact planetarycomputer@microsoft.com.) -- retrying in 10s (attempt 1/5)
    Transient error (You have exceeded a rate limit. Contact planetarycomputer@microsoft.com.) -- retrying in 8s (attempt 1/5)
    Transient error (You have exceeded a rate limit. Contact planetarycomputer@microsoft.com.) -- retrying in 12s (attempt 1/5)
    Transient error (You have exceeded a rate limit. Contact planetarycomputer@microsoft.com.) -- retrying in 22s (attempt 2/5)
    Transient error (You have exceeded a rate limit. Contact planetarycomputer@microsoft.com.) -- retrying in 15s (attempt 1/5)
    Transient error (You have exceeded a rate limit. Contact planetarycomputer@microsoft.com.) -- retrying in 21s (attempt 2/5)
    Transient error (You have exceeded a rate limit. Contact planetarycomputer@microsoft.com.) -- retrying in 39s (attempt 3/5)
    Transient error (You have exceeded a rate limit. Contact planetarycomputer@microsoft.com.) -- retrying in 12s (attempt 1/5)
    Transient error (You have exceeded a rate limit. Contact planetarycomputer@microsoft.com.) -- retrying in 16s (attempt 1/5)
    Transient error (You have exceeded a rate limit. Contact planetarycomputer@microsoft.com.) -- retrying in 15s (attempt 1/5)
    Transient error (You have exceeded a rate limit. Contact planetarycomputer@microsoft.com.) -- retrying in 11s (attempt 1/5)
    Transient error (You have exceeded a rate limit. Contact planetarycomputer@microsoft.com.) -- retrying in 8s (attempt 1/5)
    Transient error (You have exceeded a rate limit. Contact planetarycomputer@microsoft.com.) -- retrying in 24s (attempt 2/5)
    ...2000 candidate(s) done (42.4 min elapsed)
    Transient error (You have exceeded a rate limit. Contact planetarycomputer@microsoft.com.) -- retrying in 15s (attempt 1/5)
    29000000139::c84a0e50-c198-4c63-8de8-54e9c8729391: prepare failed -- The request exceeded the maximum allowed time, please try again. If the issue persists, please contact planetarycomputer
    Transient error (You have exceeded a rate limit. Contact planetarycomputer@microsoft.com.) -- retrying in 9s (attempt 1/5)
    Transient error (You have exceeded a rate limit. Contact planetarycomputer@microsoft.com.) -- retrying in 9s (attempt 1/5)
    Transient error (You have exceeded a rate limit. Contact planetarycomputer@microsoft.com.) -- retrying in 22s (attempt 2/5)
    Transient error (You have exceeded a rate limit. Contact planetarycomputer@microsoft.com.) -- retrying in 10s (attempt 1/5)
    Transient error (You have exceeded a rate limit. Contact planetarycomputer@microsoft.com.) -- retrying in 12s (attempt 1/5)
    ...2199 candidate(s) done (45.3 min elapsed)
    Transient error (You have exceeded a rate limit. Contact planetarycomputer@microsoft.com.) -- retrying in 8s (attempt 1/5)
    Transient error (You have exceeded a rate limit. Contact planetarycomputer@microsoft.com.) -- retrying in 18s (attempt 2/5)
    Transient error (You have exceeded a rate limit. Contact planetarycomputer@microsoft.com.) -- retrying in 13s (attempt 1/5)
    Transient error (You have exceeded a rate limit. Contact planetarycomputer@microsoft.com.) -- retrying in 23s (attempt 2/5)
    Transient error (You have exceeded a rate limit. Contact planetarycomputer@microsoft.com.) -- retrying in 15s (attempt 1/5)
    Transient error (You have exceeded a rate limit. Contact planetarycomputer@microsoft.com.) -- retrying in 22s (attempt 2/5)
    Transient error (You have exceeded a rate limit. Contact planetarycomputer@microsoft.com.) -- retrying in 14s (attempt 1/5)
    Transient error (You have exceeded a rate limit. Contact planetarycomputer@microsoft.com.) -- retrying in 19s (attempt 2/5)
    Transient error (You have exceeded a rate limit. Contact planetarycomputer@microsoft.com.) -- retrying in 8s (attempt 1/5)
    Transient error (You have exceeded a rate limit. Contact planetarycomputer@microsoft.com.) -- retrying in 23s (attempt 2/5)
    Transient error (You have exceeded a rate limit. Contact planetarycomputer@microsoft.com.) -- retrying in 13s (attempt 1/5)
    Transient error (You have exceeded a rate limit. Contact planetarycomputer@microsoft.com.) -- retrying in 11s (attempt 1/5)
    Transient error (You have exceeded a rate limit. Contact planetarycomputer@microsoft.com.) -- retrying in 15s (attempt 1/5)
    Transient error (You have exceeded a rate limit. Contact planetarycomputer@microsoft.com.) -- retrying in 15s (attempt 1/5)
    Transient error (You have exceeded a rate limit. Contact planetarycomputer@microsoft.com.) -- retrying in 12s (attempt 1/5)
    Transient error (You have exceeded a rate limit. Contact planetarycomputer@microsoft.com.) -- retrying in 15s (attempt 1/5)
    Transient error (You have exceeded a rate limit. Contact planetarycomputer@microsoft.com.) -- retrying in 11s (attempt 1/5)
    Transient error (You have exceeded a rate limit. Contact planetarycomputer@microsoft.com.) -- retrying in 17s (attempt 2/5)
    ...2399 candidate(s) done (50.8 min elapsed)
    Transient error (You have exceeded a rate limit. Contact planetarycomputer@microsoft.com.) -- retrying in 14s (attempt 1/5)
    Transient error (You have exceeded a rate limit. Contact planetarycomputer@microsoft.com.) -- retrying in 10s (attempt 1/5)
    Transient error (You have exceeded a rate limit. Contact planetarycomputer@microsoft.com.) -- retrying in 13s (attempt 1/5)
    Transient error (You have exceeded a rate limit. Contact planetarycomputer@microsoft.com.) -- retrying in 22s (attempt 2/5)
    Transient error (You have exceeded a rate limit. Contact planetarycomputer@microsoft.com.) -- retrying in 10s (attempt 1/5)
    Transient error (You have exceeded a rate limit. Contact planetarycomputer@microsoft.com.) -- retrying in 16s (attempt 1/5)
    Transient error (You have exceeded a rate limit. Contact planetarycomputer@microsoft.com.) -- retrying in 12s (attempt 1/5)
    Transient error (You have exceeded a rate limit. Contact planetarycomputer@microsoft.com.) -- retrying in 14s (attempt 1/5)
    Transient error (You have exceeded a rate limit. Contact planetarycomputer@microsoft.com.) -- retrying in 14s (attempt 1/5)
    Transient error (You have exceeded a rate limit. Contact planetarycomputer@microsoft.com.) -- retrying in 12s (attempt 1/5)
    Transient error (You have exceeded a rate limit. Contact planetarycomputer@microsoft.com.) -- retrying in 14s (attempt 1/5)
    Transient error (You have exceeded a rate limit. Contact planetarycomputer@microsoft.com.) -- retrying in 24s (attempt 2/5)
    Transient error (You have exceeded a rate limit. Contact planetarycomputer@microsoft.com.) -- retrying in 11s (attempt 1/5)
    Transient error (You have exceeded a rate limit. Contact planetarycomputer@microsoft.com.) -- retrying in 8s (attempt 1/5)
    Transient error (You have exceeded a rate limit. Contact planetarycomputer@microsoft.com.) -- retrying in 15s (attempt 1/5)
    Transient error (You have exceeded a rate limit. Contact planetarycomputer@microsoft.com.) -- retrying in 21s (attempt 2/5)
    Transient error (You have exceeded a rate limit. Contact planetarycomputer@microsoft.com.) -- retrying in 9s (attempt 1/5)
    Transient error (You have exceeded a rate limit. Contact planetarycomputer@microsoft.com.) -- retrying in 11s (attempt 1/5)
    Transient error (You have exceeded a rate limit. Contact planetarycomputer@microsoft.com.) -- retrying in 9s (attempt 1/5)
    Transient error (You have exceeded a rate limit. Contact planetarycomputer@microsoft.com.) -- retrying in 11s (attempt 1/5)
    Transient error (You have exceeded a rate limit. Contact planetarycomputer@microsoft.com.) -- retrying in 15s (attempt 1/5)
    Transient error (You have exceeded a rate limit. Contact planetarycomputer@microsoft.com.) -- retrying in 15s (attempt 1/5)
    Transient error (You have exceeded a rate limit. Contact planetarycomputer@microsoft.com.) -- retrying in 10s (attempt 1/5)
    ...2599 candidate(s) done (57.0 min elapsed)
    Transient error (You have exceeded a rate limit. Contact planetarycomputer@microsoft.com.) -- retrying in 10s (attempt 1/5)
    Transient error (You have exceeded a rate limit. Contact planetarycomputer@microsoft.com.) -- retrying in 9s (attempt 1/5)
    Transient error (You have exceeded a rate limit. Contact planetarycomputer@microsoft.com.) -- retrying in 11s (attempt 1/5)
    Transient error (You have exceeded a rate limit. Contact planetarycomputer@microsoft.com.) -- retrying in 10s (attempt 1/5)
    Transient error (You have exceeded a rate limit. Contact planetarycomputer@microsoft.com.) -- retrying in 10s (attempt 1/5)
    Transient error (You have exceeded a rate limit. Contact planetarycomputer@microsoft.com.) -- retrying in 10s (attempt 1/5)
    Transient error (You have exceeded a rate limit. Contact planetarycomputer@microsoft.com.) -- retrying in 12s (attempt 1/5)
    Transient error (You have exceeded a rate limit. Contact planetarycomputer@microsoft.com.) -- retrying in 8s (attempt 1/5)
    Transient error (You have exceeded a rate limit. Contact planetarycomputer@microsoft.com.) -- retrying in 16s (attempt 1/5)
    Transient error (You have exceeded a rate limit. Contact planetarycomputer@microsoft.com.) -- retrying in 15s (attempt 1/5)
    Transient error (You have exceeded a rate limit. Contact planetarycomputer@microsoft.com.) -- retrying in 9s (attempt 1/5)
    Transient error (You have exceeded a rate limit. Contact planetarycomputer@microsoft.com.) -- retrying in 15s (attempt 1/5)
    Transient error (You have exceeded a rate limit. Contact planetarycomputer@microsoft.com.) -- retrying in 11s (attempt 1/5)
    Transient error (You have exceeded a rate limit. Contact planetarycomputer@microsoft.com.) -- retrying in 9s (attempt 1/5)
    Transient error (You have exceeded a rate limit. Contact planetarycomputer@microsoft.com.) -- retrying in 17s (attempt 2/5)
    Transient error (You have exceeded a rate limit. Contact planetarycomputer@microsoft.com.) -- retrying in 13s (attempt 1/5)
    ...2799 candidate(s) done (60.0 min elapsed)
    Transient error (You have exceeded a rate limit. Contact planetarycomputer@microsoft.com.) -- retrying in 13s (attempt 1/5)
    Transient error (You have exceeded a rate limit. Contact planetarycomputer@microsoft.com.) -- retrying in 21s (attempt 2/5)
    Transient error (You have exceeded a rate limit. Contact planetarycomputer@microsoft.com.) -- retrying in 9s (attempt 1/5)
    Transient error (You have exceeded a rate limit. Contact planetarycomputer@microsoft.com.) -- retrying in 9s (attempt 1/5)
    Transient error (You have exceeded a rate limit. Contact planetarycomputer@microsoft.com.) -- retrying in 19s (attempt 2/5)
    Transient error (You have exceeded a rate limit. Contact planetarycomputer@microsoft.com.) -- retrying in 10s (attempt 1/5)
    Transient error (You have exceeded a rate limit. Contact planetarycomputer@microsoft.com.) -- retrying in 11s (attempt 1/5)
    Transient error (You have exceeded a rate limit. Contact planetarycomputer@microsoft.com.) -- retrying in 11s (attempt 1/5)
    Transient error (You have exceeded a rate limit. Contact planetarycomputer@microsoft.com.) -- retrying in 16s (attempt 2/5)
    Transient error (You have exceeded a rate limit. Contact planetarycomputer@microsoft.com.) -- retrying in 11s (attempt 1/5)
    Transient error (You have exceeded a rate limit. Contact planetarycomputer@microsoft.com.) -- retrying in 12s (attempt 1/5)
    Transient error (You have exceeded a rate limit. Contact planetarycomputer@microsoft.com.) -- retrying in 12s (attempt 1/5)
    Transient error (You have exceeded a rate limit. Contact planetarycomputer@microsoft.com.) -- retrying in 12s (attempt 1/5)
    Transient error (You have exceeded a rate limit. Contact planetarycomputer@microsoft.com.) -- retrying in 16s (attempt 1/5)
    Transient error (You have exceeded a rate limit. Contact planetarycomputer@microsoft.com.) -- retrying in 19s (attempt 2/5)
    ...2999 candidate(s) done (63.8 min elapsed)
    Transient error (You have exceeded a rate limit. Contact planetarycomputer@microsoft.com.) -- retrying in 8s (attempt 1/5)
    Transient error (You have exceeded a rate limit. Contact planetarycomputer@microsoft.com.) -- retrying in 11s (attempt 1/5)
    Transient error (You have exceeded a rate limit. Contact planetarycomputer@microsoft.com.) -- retrying in 15s (attempt 1/5)
    Transient error (You have exceeded a rate limit. Contact planetarycomputer@microsoft.com.) -- retrying in 23s (attempt 2/5)
    Transient error (You have exceeded a rate limit. Contact planetarycomputer@microsoft.com.) -- retrying in 33s (attempt 3/5)
    Transient error (You have exceeded a rate limit. Contact planetarycomputer@microsoft.com.) -- retrying in 12s (attempt 1/5)
    Transient error (You have exceeded a rate limit. Contact planetarycomputer@microsoft.com.) -- retrying in 13s (attempt 1/5)
    Transient error (You have exceeded a rate limit. Contact planetarycomputer@microsoft.com.) -- retrying in 11s (attempt 1/5)
    Transient error (You have exceeded a rate limit. Contact planetarycomputer@microsoft.com.) -- retrying in 15s (attempt 1/5)
    Transient error (You have exceeded a rate limit. Contact planetarycomputer@microsoft.com.) -- retrying in 9s (attempt 1/5)
    Transient error (You have exceeded a rate limit. Contact planetarycomputer@microsoft.com.) -- retrying in 11s (attempt 1/5)
    Transient error (You have exceeded a rate limit. Contact planetarycomputer@microsoft.com.) -- retrying in 14s (attempt 1/5)
    Transient error (You have exceeded a rate limit. Contact planetarycomputer@microsoft.com.) -- retrying in 14s (attempt 1/5)
    Transient error (You have exceeded a rate limit. Contact planetarycomputer@microsoft.com.) -- retrying in 11s (attempt 1/5)
    Transient error (You have exceeded a rate limit. Contact planetarycomputer@microsoft.com.) -- retrying in 16s (attempt 1/5)
    Transient error (You have exceeded a rate limit. Contact planetarycomputer@microsoft.com.) -- retrying in 14s (attempt 1/5)
    Transient error (You have exceeded a rate limit. Contact planetarycomputer@microsoft.com.) -- retrying in 13s (attempt 1/5)
    Transient error (You have exceeded a rate limit. Contact planetarycomputer@microsoft.com.) -- retrying in 11s (attempt 1/5)
    Transient error (You have exceeded a rate limit. Contact planetarycomputer@microsoft.com.) -- retrying in 13s (attempt 1/5)
    Transient error (You have exceeded a rate limit. Contact planetarycomputer@microsoft.com.) -- retrying in 23s (attempt 2/5)
    Transient error (You have exceeded a rate limit. Contact planetarycomputer@microsoft.com.) -- retrying in 15s (attempt 1/5)
    Transient error (You have exceeded a rate limit. Contact planetarycomputer@microsoft.com.) -- retrying in 19s (attempt 2/5)
    Transient error (You have exceeded a rate limit. Contact planetarycomputer@microsoft.com.) -- retrying in 9s (attempt 1/5)
    Transient error (You have exceeded a rate limit. Contact planetarycomputer@microsoft.com.) -- retrying in 11s (attempt 1/5)
    Transient error (You have exceeded a rate limit. Contact planetarycomputer@microsoft.com.) -- retrying in 32s (attempt 3/5)
    Transient error (You have exceeded a rate limit. Contact planetarycomputer@microsoft.com.) -- retrying in 70s (attempt 4/5)
    ...3199 candidate(s) done (69.2 min elapsed)
    Transient error (You have exceeded a rate limit. Contact planetarycomputer@microsoft.com.) -- retrying in 14s (attempt 1/5)
    Transient error (You have exceeded a rate limit. Contact planetarycomputer@microsoft.com.) -- retrying in 22s (attempt 2/5)
    Transient error (You have exceeded a rate limit. Contact planetarycomputer@microsoft.com.) -- retrying in 9s (attempt 1/5)
    Transient error (You have exceeded a rate limit. Contact planetarycomputer@microsoft.com.) -- retrying in 22s (attempt 2/5)
    Transient error (You have exceeded a rate limit. Contact planetarycomputer@microsoft.com.) -- retrying in 13s (attempt 1/5)
    Transient error (You have exceeded a rate limit. Contact planetarycomputer@microsoft.com.) -- retrying in 9s (attempt 1/5)
    Transient error (You have exceeded a rate limit. Contact planetarycomputer@microsoft.com.) -- retrying in 14s (attempt 1/5)
    Transient error (You have exceeded a rate limit. Contact planetarycomputer@microsoft.com.) -- retrying in 20s (attempt 2/5)
    Transient error (You have exceeded a rate limit. Contact planetarycomputer@microsoft.com.) -- retrying in 9s (attempt 1/5)
    Transient error (You have exceeded a rate limit. Contact planetarycomputer@microsoft.com.) -- retrying in 14s (attempt 1/5)
    Transient error (You have exceeded a rate limit. Contact planetarycomputer@microsoft.com.) -- retrying in 11s (attempt 1/5)
    Transient error (You have exceeded a rate limit. Contact planetarycomputer@microsoft.com.) -- retrying in 13s (attempt 1/5)
    Transient error (You have exceeded a rate limit. Contact planetarycomputer@microsoft.com.) -- retrying in 13s (attempt 1/5)
    Transient error (You have exceeded a rate limit. Contact planetarycomputer@microsoft.com.) -- retrying in 9s (attempt 1/5)
    Transient error (You have exceeded a rate limit. Contact planetarycomputer@microsoft.com.) -- retrying in 17s (attempt 2/5)
    Transient error (You have exceeded a rate limit. Contact planetarycomputer@microsoft.com.) -- retrying in 9s (attempt 1/5)
    Transient error (You have exceeded a rate limit. Contact planetarycomputer@microsoft.com.) -- retrying in 16s (attempt 1/5)
    Transient error (You have exceeded a rate limit. Contact planetarycomputer@microsoft.com.) -- retrying in 12s (attempt 1/5)
    Transient error (You have exceeded a rate limit. Contact planetarycomputer@microsoft.com.) -- retrying in 10s (attempt 1/5)
    ...3399 candidate(s) done (73.8 min elapsed)
    Transient error (You have exceeded a rate limit. Contact planetarycomputer@microsoft.com.) -- retrying in 12s (attempt 1/5)
    Transient error (You have exceeded a rate limit. Contact planetarycomputer@microsoft.com.) -- retrying in 19s (attempt 2/5)
    Transient error (You have exceeded a rate limit. Contact planetarycomputer@microsoft.com.) -- retrying in 40s (attempt 3/5)
    Transient error (You have exceeded a rate limit. Contact planetarycomputer@microsoft.com.) -- retrying in 69s (attempt 4/5)
    Transient error (You have exceeded a rate limit. Contact planetarycomputer@microsoft.com.) -- retrying in 15s (attempt 1/5)
    Transient error (You have exceeded a rate limit. Contact planetarycomputer@microsoft.com.) -- retrying in 16s (attempt 1/5)
    Transient error (You have exceeded a rate limit. Contact planetarycomputer@microsoft.com.) -- retrying in 10s (attempt 1/5)
    Transient error (You have exceeded a rate limit. Contact planetarycomputer@microsoft.com.) -- retrying in 9s (attempt 1/5)
    Transient error (You have exceeded a rate limit. Contact planetarycomputer@microsoft.com.) -- retrying in 19s (attempt 2/5)
    Transient error (You have exceeded a rate limit. Contact planetarycomputer@microsoft.com.) -- retrying in 15s (attempt 1/5)
    Transient error (You have exceeded a rate limit. Contact planetarycomputer@microsoft.com.) -- retrying in 12s (attempt 1/5)
    Transient error (You have exceeded a rate limit. Contact planetarycomputer@microsoft.com.) -- retrying in 15s (attempt 1/5)
    Transient error (You have exceeded a rate limit. Contact planetarycomputer@microsoft.com.) -- retrying in 9s (attempt 1/5)
    Transient error (You have exceeded a rate limit. Contact planetarycomputer@microsoft.com.) -- retrying in 23s (attempt 2/5)
    Transient error (You have exceeded a rate limit. Contact planetarycomputer@microsoft.com.) -- retrying in 12s (attempt 1/5)
    Transient error (You have exceeded a rate limit. Contact planetarycomputer@microsoft.com.) -- retrying in 9s (attempt 1/5)
    Transient error (You have exceeded a rate limit. Contact planetarycomputer@microsoft.com.) -- retrying in 17s (attempt 2/5)
    Transient error (You have exceeded a rate limit. Contact planetarycomputer@microsoft.com.) -- retrying in 11s (attempt 1/5)
    Transient error (You have exceeded a rate limit. Contact planetarycomputer@microsoft.com.) -- retrying in 16s (attempt 1/5)
    Transient error (You have exceeded a rate limit. Contact planetarycomputer@microsoft.com.) -- retrying in 9s (attempt 1/5)
    Transient error (You have exceeded a rate limit. Contact planetarycomputer@microsoft.com.) -- retrying in 9s (attempt 1/5)
    Transient error (You have exceeded a rate limit. Contact planetarycomputer@microsoft.com.) -- retrying in 21s (attempt 2/5)
    Transient error (You have exceeded a rate limit. Contact planetarycomputer@microsoft.com.) -- retrying in 33s (attempt 3/5)
    ...3599 candidate(s) done (82.0 min elapsed)
    Transient error (You have exceeded a rate limit. Contact planetarycomputer@microsoft.com.) -- retrying in 16s (attempt 1/5)
    Transient error (You have exceeded a rate limit. Contact planetarycomputer@microsoft.com.) -- retrying in 8s (attempt 1/5)
    Transient error (You have exceeded a rate limit. Contact planetarycomputer@microsoft.com.) -- retrying in 13s (attempt 1/5)
    Transient error (You have exceeded a rate limit. Contact planetarycomputer@microsoft.com.) -- retrying in 16s (attempt 1/5)
    Transient error (You have exceeded a rate limit. Contact planetarycomputer@microsoft.com.) -- retrying in 9s (attempt 1/5)
    Transient error (You have exceeded a rate limit. Contact planetarycomputer@microsoft.com.) -- retrying in 14s (attempt 1/5)
    Transient error (You have exceeded a rate limit. Contact planetarycomputer@microsoft.com.) -- retrying in 18s (attempt 2/5)
    Transient error (You have exceeded a rate limit. Contact planetarycomputer@microsoft.com.) -- retrying in 15s (attempt 1/5)
    ...3799 candidate(s) done (85.2 min elapsed)
    Transient error (You have exceeded a rate limit. Contact planetarycomputer@microsoft.com.) -- retrying in 10s (attempt 1/5)
    Transient error (You have exceeded a rate limit. Contact planetarycomputer@microsoft.com.) -- retrying in 10s (attempt 1/5)
    Transient error (You have exceeded a rate limit. Contact planetarycomputer@microsoft.com.) -- retrying in 17s (attempt 2/5)
    Transient error (You have exceeded a rate limit. Contact planetarycomputer@microsoft.com.) -- retrying in 16s (attempt 1/5)
    Transient error (You have exceeded a rate limit. Contact planetarycomputer@microsoft.com.) -- retrying in 9s (attempt 1/5)
    Transient error (You have exceeded a rate limit. Contact planetarycomputer@microsoft.com.) -- retrying in 12s (attempt 1/5)
    Transient error (You have exceeded a rate limit. Contact planetarycomputer@microsoft.com.) -- retrying in 14s (attempt 1/5)
    Transient error (You have exceeded a rate limit. Contact planetarycomputer@microsoft.com.) -- retrying in 13s (attempt 1/5)
    Transient error (You have exceeded a rate limit. Contact planetarycomputer@microsoft.com.) -- retrying in 14s (attempt 1/5)
    Transient error (You have exceeded a rate limit. Contact planetarycomputer@microsoft.com.) -- retrying in 12s (attempt 1/5)
    Transient error (You have exceeded a rate limit. Contact planetarycomputer@microsoft.com.) -- retrying in 22s (attempt 2/5)
    Transient error (You have exceeded a rate limit. Contact planetarycomputer@microsoft.com.) -- retrying in 35s (attempt 3/5)
    Transient error (You have exceeded a rate limit. Contact planetarycomputer@microsoft.com.) -- retrying in 12s (attempt 1/5)
    Transient error (You have exceeded a rate limit. Contact planetarycomputer@microsoft.com.) -- retrying in 11s (attempt 1/5)
    Transient error (You have exceeded a rate limit. Contact planetarycomputer@microsoft.com.) -- retrying in 8s (attempt 1/5)
    Transient error (You have exceeded a rate limit. Contact planetarycomputer@microsoft.com.) -- retrying in 11s (attempt 1/5)
    Transient error (You have exceeded a rate limit. Contact planetarycomputer@microsoft.com.) -- retrying in 9s (attempt 1/5)
    Transient error (You have exceeded a rate limit. Contact planetarycomputer@microsoft.com.) -- retrying in 20s (attempt 2/5)
    ...3999 candidate(s) done (91.0 min elapsed)
    Transient error (You have exceeded a rate limit. Contact planetarycomputer@microsoft.com.) -- retrying in 16s (attempt 1/5)
    Transient error (You have exceeded a rate limit. Contact planetarycomputer@microsoft.com.) -- retrying in 12s (attempt 1/5)
    Transient error (You have exceeded a rate limit. Contact planetarycomputer@microsoft.com.) -- retrying in 10s (attempt 1/5)
    Transient error (You have exceeded a rate limit. Contact planetarycomputer@microsoft.com.) -- retrying in 8s (attempt 1/5)
    Transient error (You have exceeded a rate limit. Contact planetarycomputer@microsoft.com.) -- retrying in 13s (attempt 1/5)
    Transient error (You have exceeded a rate limit. Contact planetarycomputer@microsoft.com.) -- retrying in 11s (attempt 1/5)
    Transient error (You have exceeded a rate limit. Contact planetarycomputer@microsoft.com.) -- retrying in 11s (attempt 1/5)
    Transient error (You have exceeded a rate limit. Contact planetarycomputer@microsoft.com.) -- retrying in 8s (attempt 1/5)
    ...4199 candidate(s) done (94.3 min elapsed)
    Transient error (You have exceeded a rate limit. Contact planetarycomputer@microsoft.com.) -- retrying in 9s (attempt 1/5)
    Transient error (You have exceeded a rate limit. Contact planetarycomputer@microsoft.com.) -- retrying in 15s (attempt 1/5)
    Transient error (You have exceeded a rate limit. Contact planetarycomputer@microsoft.com.) -- retrying in 10s (attempt 1/5)
    Transient error (You have exceeded a rate limit. Contact planetarycomputer@microsoft.com.) -- retrying in 17s (attempt 2/5)
    Transient error (You have exceeded a rate limit. Contact planetarycomputer@microsoft.com.) -- retrying in 14s (attempt 1/5)
    Transient error (You have exceeded a rate limit. Contact planetarycomputer@microsoft.com.) -- retrying in 9s (attempt 1/5)
    Transient error (You have exceeded a rate limit. Contact planetarycomputer@microsoft.com.) -- retrying in 15s (attempt 1/5)
    Transient error (You have exceeded a rate limit. Contact planetarycomputer@microsoft.com.) -- retrying in 23s (attempt 2/5)
    Transient error (You have exceeded a rate limit. Contact planetarycomputer@microsoft.com.) -- retrying in 11s (attempt 1/5)
    Transient error (You have exceeded a rate limit. Contact planetarycomputer@microsoft.com.) -- retrying in 10s (attempt 1/5)
    Transient error (You have exceeded a rate limit. Contact planetarycomputer@microsoft.com.) -- retrying in 9s (attempt 1/5)
    Transient error (You have exceeded a rate limit. Contact planetarycomputer@microsoft.com.) -- retrying in 14s (attempt 1/5)
    ...4399 candidate(s) done (98.3 min elapsed)
    Transient error (You have exceeded a rate limit. Contact planetarycomputer@microsoft.com.) -- retrying in 8s (attempt 1/5)
    Transient error (You have exceeded a rate limit. Contact planetarycomputer@microsoft.com.) -- retrying in 14s (attempt 1/5)
    Transient error (You have exceeded a rate limit. Contact planetarycomputer@microsoft.com.) -- retrying in 15s (attempt 1/5)
    Transient error (You have exceeded a rate limit. Contact planetarycomputer@microsoft.com.) -- retrying in 16s (attempt 1/5)
    Transient error (You have exceeded a rate limit. Contact planetarycomputer@microsoft.com.) -- retrying in 12s (attempt 1/5)
    ...4599 candidate(s) done (100.1 min elapsed)
    Transient error (You have exceeded a rate limit. Contact planetarycomputer@microsoft.com.) -- retrying in 15s (attempt 1/5)
    Transient error (You have exceeded a rate limit. Contact planetarycomputer@microsoft.com.) -- retrying in 9s (attempt 1/5)
    ...4799 candidate(s) done (102.1 min elapsed)
    Transient error (You have exceeded a rate limit. Contact planetarycomputer@microsoft.com.) -- retrying in 15s (attempt 1/5)
    Transient error (You have exceeded a rate limit. Contact planetarycomputer@microsoft.com.) -- retrying in 12s (attempt 1/5)
    Transient error (You have exceeded a rate limit. Contact planetarycomputer@microsoft.com.) -- retrying in 11s (attempt 1/5)
    Transient error (You have exceeded a rate limit. Contact planetarycomputer@microsoft.com.) -- retrying in 10s (attempt 1/5)
    Transient error (You have exceeded a rate limit. Contact planetarycomputer@microsoft.com.) -- retrying in 9s (attempt 1/5)
    Transient error (You have exceeded a rate limit. Contact planetarycomputer@microsoft.com.) -- retrying in 11s (attempt 1/5)
    Transient error (You have exceeded a rate limit. Contact planetarycomputer@microsoft.com.) -- retrying in 14s (attempt 1/5)
    Transient error (You have exceeded a rate limit. Contact planetarycomputer@microsoft.com.) -- retrying in 9s (attempt 1/5)
    Transient error (You have exceeded a rate limit. Contact planetarycomputer@microsoft.com.) -- retrying in 12s (attempt 1/5)
    Transient error (You have exceeded a rate limit. Contact planetarycomputer@microsoft.com.) -- retrying in 18s (attempt 2/5)
    Transient error (You have exceeded a rate limit. Contact planetarycomputer@microsoft.com.) -- retrying in 13s (attempt 1/5)
    Transient error (You have exceeded a rate limit. Contact planetarycomputer@microsoft.com.) -- retrying in 11s (attempt 1/5)
    Transient error (You have exceeded a rate limit. Contact planetarycomputer@microsoft.com.) -- retrying in 20s (attempt 2/5)
    ...4999 candidate(s) done (104.8 min elapsed)
    Transient error (You have exceeded a rate limit. Contact planetarycomputer@microsoft.com.) -- retrying in 11s (attempt 1/5)
    Transient error (You have exceeded a rate limit. Contact planetarycomputer@microsoft.com.) -- retrying in 13s (attempt 1/5)
    Transient error (You have exceeded a rate limit. Contact planetarycomputer@microsoft.com.) -- retrying in 13s (attempt 1/5)
    Transient error (You have exceeded a rate limit. Contact planetarycomputer@microsoft.com.) -- retrying in 10s (attempt 1/5)
    Transient error (You have exceeded a rate limit. Contact planetarycomputer@microsoft.com.) -- retrying in 10s (attempt 1/5)
    Transient error (You have exceeded a rate limit. Contact planetarycomputer@microsoft.com.) -- retrying in 11s (attempt 1/5)
    Transient error (You have exceeded a rate limit. Contact planetarycomputer@microsoft.com.) -- retrying in 15s (attempt 1/5)
    Transient error (You have exceeded a rate limit. Contact planetarycomputer@microsoft.com.) -- retrying in 12s (attempt 1/5)
    Transient error (You have exceeded a rate limit. Contact planetarycomputer@microsoft.com.) -- retrying in 13s (attempt 1/5)
    Transient error (You have exceeded a rate limit. Contact planetarycomputer@microsoft.com.) -- retrying in 9s (attempt 1/5)
    Transient error (You have exceeded a rate limit. Contact planetarycomputer@microsoft.com.) -- retrying in 13s (attempt 1/5)
    Transient error (You have exceeded a rate limit. Contact planetarycomputer@microsoft.com.) -- retrying in 13s (attempt 1/5)
    Transient error (You have exceeded a rate limit. Contact planetarycomputer@microsoft.com.) -- retrying in 10s (attempt 1/5)
    ...5199 candidate(s) done (107.7 min elapsed)
    Transient error (You have exceeded a rate limit. Contact planetarycomputer@microsoft.com.) -- retrying in 15s (attempt 1/5)
    Transient error (You have exceeded a rate limit. Contact planetarycomputer@microsoft.com.) -- retrying in 15s (attempt 1/5)
    Transient error (You have exceeded a rate limit. Contact planetarycomputer@microsoft.com.) -- retrying in 15s (attempt 1/5)
    Transient error (You have exceeded a rate limit. Contact planetarycomputer@microsoft.com.) -- retrying in 11s (attempt 1/5)
    Transient error (You have exceeded a rate limit. Contact planetarycomputer@microsoft.com.) -- retrying in 22s (attempt 2/5)
    Transient error (You have exceeded a rate limit. Contact planetarycomputer@microsoft.com.) -- retrying in 10s (attempt 1/5)
    Transient error (You have exceeded a rate limit. Contact planetarycomputer@microsoft.com.) -- retrying in 12s (attempt 1/5)
    Transient error (You have exceeded a rate limit. Contact planetarycomputer@microsoft.com.) -- retrying in 15s (attempt 1/5)
    ...5399 candidate(s) done (110.8 min elapsed)
    Transient error (You have exceeded a rate limit. Contact planetarycomputer@microsoft.com.) -- retrying in 12s (attempt 1/5)
    Transient error (You have exceeded a rate limit. Contact planetarycomputer@microsoft.com.) -- retrying in 9s (attempt 1/5)
    Transient error (You have exceeded a rate limit. Contact planetarycomputer@microsoft.com.) -- retrying in 15s (attempt 1/5)
    Transient error (You have exceeded a rate limit. Contact planetarycomputer@microsoft.com.) -- retrying in 9s (attempt 1/5)
    Transient error (You have exceeded a rate limit. Contact planetarycomputer@microsoft.com.) -- retrying in 18s (attempt 2/5)
    Transient error (You have exceeded a rate limit. Contact planetarycomputer@microsoft.com.) -- retrying in 14s (attempt 1/5)
    Transient error (You have exceeded a rate limit. Contact planetarycomputer@microsoft.com.) -- retrying in 12s (attempt 1/5)
    Transient error (You have exceeded a rate limit. Contact planetarycomputer@microsoft.com.) -- retrying in 10s (attempt 1/5)
    Transient error (You have exceeded a rate limit. Contact planetarycomputer@microsoft.com.) -- retrying in 12s (attempt 1/5)
    Transient error (You have exceeded a rate limit. Contact planetarycomputer@microsoft.com.) -- retrying in 10s (attempt 1/5)
    Transient error (You have exceeded a rate limit. Contact planetarycomputer@microsoft.com.) -- retrying in 11s (attempt 1/5)
    Transient error (You have exceeded a rate limit. Contact planetarycomputer@microsoft.com.) -- retrying in 10s (attempt 1/5)
    Transient error (You have exceeded a rate limit. Contact planetarycomputer@microsoft.com.) -- retrying in 13s (attempt 1/5)
    Transient error (You have exceeded a rate limit. Contact planetarycomputer@microsoft.com.) -- retrying in 12s (attempt 1/5)
    Transient error (You have exceeded a rate limit. Contact planetarycomputer@microsoft.com.) -- retrying in 14s (attempt 1/5)
    Transient error (You have exceeded a rate limit. Contact planetarycomputer@microsoft.com.) -- retrying in 9s (attempt 1/5)
    Transient error (You have exceeded a rate limit. Contact planetarycomputer@microsoft.com.) -- retrying in 20s (attempt 2/5)
    Transient error (You have exceeded a rate limit. Contact planetarycomputer@microsoft.com.) -- retrying in 12s (attempt 1/5)
    Transient error (You have exceeded a rate limit. Contact planetarycomputer@microsoft.com.) -- retrying in 19s (attempt 2/5)
    Transient error (You have exceeded a rate limit. Contact planetarycomputer@microsoft.com.) -- retrying in 20s (attempt 2/5)
    Transient error (You have exceeded a rate limit. Contact planetarycomputer@microsoft.com.) -- retrying in 23s (attempt 2/5)
    Transient error (You have exceeded a rate limit. Contact planetarycomputer@microsoft.com.) -- retrying in 17s (attempt 2/5)
    Transient error (You have exceeded a rate limit. Contact planetarycomputer@microsoft.com.) -- retrying in 11s (attempt 1/5)
    Transient error (You have exceeded a rate limit. Contact planetarycomputer@microsoft.com.) -- retrying in 15s (attempt 1/5)
    Transient error (You have exceeded a rate limit. Contact planetarycomputer@microsoft.com.) -- retrying in 16s (attempt 2/5)
    Transient error (You have exceeded a rate limit. Contact planetarycomputer@microsoft.com.) -- retrying in 19s (attempt 2/5)
    Transient error (You have exceeded a rate limit. Contact planetarycomputer@microsoft.com.) -- retrying in 39s (attempt 3/5)
    Transient error (You have exceeded a rate limit. Contact planetarycomputer@microsoft.com.) -- retrying in 8s (attempt 1/5)
    ...5599 candidate(s) done (115.0 min elapsed)
    Transient error (You have exceeded a rate limit. Contact planetarycomputer@microsoft.com.) -- retrying in 13s (attempt 1/5)
    Transient error (You have exceeded a rate limit. Contact planetarycomputer@microsoft.com.) -- retrying in 10s (attempt 1/5)
    Transient error (You have exceeded a rate limit. Contact planetarycomputer@microsoft.com.) -- retrying in 9s (attempt 1/5)
    Transient error (You have exceeded a rate limit. Contact planetarycomputer@microsoft.com.) -- retrying in 14s (attempt 1/5)
    Transient error (You have exceeded a rate limit. Contact planetarycomputer@microsoft.com.) -- retrying in 10s (attempt 1/5)
    Transient error (You have exceeded a rate limit. Contact planetarycomputer@microsoft.com.) -- retrying in 22s (attempt 2/5)
    Transient error (You have exceeded a rate limit. Contact planetarycomputer@microsoft.com.) -- retrying in 37s (attempt 3/5)
    Transient error (You have exceeded a rate limit. Contact planetarycomputer@microsoft.com.) -- retrying in 11s (attempt 1/5)
    Transient error (You have exceeded a rate limit. Contact planetarycomputer@microsoft.com.) -- retrying in 15s (attempt 1/5)
    Transient error (You have exceeded a rate limit. Contact planetarycomputer@microsoft.com.) -- retrying in 13s (attempt 1/5)
    Transient error (You have exceeded a rate limit. Contact planetarycomputer@microsoft.com.) -- retrying in 16s (attempt 1/5)
    Transient error (You have exceeded a rate limit. Contact planetarycomputer@microsoft.com.) -- retrying in 11s (attempt 1/5)
    Transient error (You have exceeded a rate limit. Contact planetarycomputer@microsoft.com.) -- retrying in 15s (attempt 1/5)
    Transient error (You have exceeded a rate limit. Contact planetarycomputer@microsoft.com.) -- retrying in 10s (attempt 1/5)
    Transient error (You have exceeded a rate limit. Contact planetarycomputer@microsoft.com.) -- retrying in 11s (attempt 1/5)
    Transient error (You have exceeded a rate limit. Contact planetarycomputer@microsoft.com.) -- retrying in 16s (attempt 2/5)
    Transient error (You have exceeded a rate limit. Contact planetarycomputer@microsoft.com.) -- retrying in 13s (attempt 1/5)
    Transient error (You have exceeded a rate limit. Contact planetarycomputer@microsoft.com.) -- retrying in 11s (attempt 1/5)
    Transient error (You have exceeded a rate limit. Contact planetarycomputer@microsoft.com.) -- retrying in 20s (attempt 2/5)
    Transient error (You have exceeded a rate limit. Contact planetarycomputer@microsoft.com.) -- retrying in 23s (attempt 2/5)
    Transient error (You have exceeded a rate limit. Contact planetarycomputer@microsoft.com.) -- retrying in 23s (attempt 2/5)
    Transient error (You have exceeded a rate limit. Contact planetarycomputer@microsoft.com.) -- retrying in 15s (attempt 1/5)
    Transient error (You have exceeded a rate limit. Contact planetarycomputer@microsoft.com.) -- retrying in 13s (attempt 1/5)
    Transient error (You have exceeded a rate limit. Contact planetarycomputer@microsoft.com.) -- retrying in 32s (attempt 3/5)
    Transient error (You have exceeded a rate limit. Contact planetarycomputer@microsoft.com.) -- retrying in 9s (attempt 1/5)
    Transient error (You have exceeded a rate limit. Contact planetarycomputer@microsoft.com.) -- retrying in 16s (attempt 1/5)
    ...5799 candidate(s) done (119.4 min elapsed)
    Transient error (You have exceeded a rate limit. Contact planetarycomputer@microsoft.com.) -- retrying in 14s (attempt 1/5)
    Transient error (You have exceeded a rate limit. Contact planetarycomputer@microsoft.com.) -- retrying in 15s (attempt 1/5)
    Transient error (You have exceeded a rate limit. Contact planetarycomputer@microsoft.com.) -- retrying in 13s (attempt 1/5)
    Transient error (You have exceeded a rate limit. Contact planetarycomputer@microsoft.com.) -- retrying in 12s (attempt 1/5)
    Transient error (You have exceeded a rate limit. Contact planetarycomputer@microsoft.com.) -- retrying in 15s (attempt 1/5)
    Transient error (You have exceeded a rate limit. Contact planetarycomputer@microsoft.com.) -- retrying in 12s (attempt 1/5)
    Transient error (You have exceeded a rate limit. Contact planetarycomputer@microsoft.com.) -- retrying in 13s (attempt 1/5)
    Transient error (You have exceeded a rate limit. Contact planetarycomputer@microsoft.com.) -- retrying in 12s (attempt 1/5)
    Transient error (You have exceeded a rate limit. Contact planetarycomputer@microsoft.com.) -- retrying in 12s (attempt 1/5)
    Transient error (You have exceeded a rate limit. Contact planetarycomputer@microsoft.com.) -- retrying in 16s (attempt 2/5)
    Transient error (You have exceeded a rate limit. Contact planetarycomputer@microsoft.com.) -- retrying in 15s (attempt 1/5)
    Transient error (You have exceeded a rate limit. Contact planetarycomputer@microsoft.com.) -- retrying in 17s (attempt 2/5)
    Transient error (You have exceeded a rate limit. Contact planetarycomputer@microsoft.com.) -- retrying in 17s (attempt 2/5)
    Transient error (You have exceeded a rate limit. Contact planetarycomputer@microsoft.com.) -- retrying in 18s (attempt 2/5)
    Transient error (You have exceeded a rate limit. Contact planetarycomputer@microsoft.com.) -- retrying in 22s (attempt 2/5)
    Transient error (You have exceeded a rate limit. Contact planetarycomputer@microsoft.com.) -- retrying in 16s (attempt 2/5)
    ...5999 candidate(s) done (121.9 min elapsed)
    Transient error (You have exceeded a rate limit. Contact planetarycomputer@microsoft.com.) -- retrying in 16s (attempt 1/5)
    Transient error (You have exceeded a rate limit. Contact planetarycomputer@microsoft.com.) -- retrying in 19s (attempt 2/5)
    Transient error (You have exceeded a rate limit. Contact planetarycomputer@microsoft.com.) -- retrying in 16s (attempt 1/5)
    Transient error (You have exceeded a rate limit. Contact planetarycomputer@microsoft.com.) -- retrying in 15s (attempt 1/5)
    Transient error (You have exceeded a rate limit. Contact planetarycomputer@microsoft.com.) -- retrying in 15s (attempt 1/5)
    Transient error (You have exceeded a rate limit. Contact planetarycomputer@microsoft.com.) -- retrying in 16s (attempt 1/5)
    Transient error (You have exceeded a rate limit. Contact planetarycomputer@microsoft.com.) -- retrying in 13s (attempt 1/5)
    Transient error (You have exceeded a rate limit. Contact planetarycomputer@microsoft.com.) -- retrying in 24s (attempt 2/5)
    Transient error (You have exceeded a rate limit. Contact planetarycomputer@microsoft.com.) -- retrying in 11s (attempt 1/5)
    Transient error (You have exceeded a rate limit. Contact planetarycomputer@microsoft.com.) -- retrying in 14s (attempt 1/5)
    Transient error (You have exceeded a rate limit. Contact planetarycomputer@microsoft.com.) -- retrying in 8s (attempt 1/5)
    Transient error (You have exceeded a rate limit. Contact planetarycomputer@microsoft.com.) -- retrying in 12s (attempt 1/5)
    Transient error (You have exceeded a rate limit. Contact planetarycomputer@microsoft.com.) -- retrying in 10s (attempt 1/5)
    ...6199 candidate(s) done (126.4 min elapsed)
    Transient error (You have exceeded a rate limit. Contact planetarycomputer@microsoft.com.) -- retrying in 14s (attempt 1/5)
    Transient error (You have exceeded a rate limit. Contact planetarycomputer@microsoft.com.) -- retrying in 19s (attempt 2/5)
    Transient error (You have exceeded a rate limit. Contact planetarycomputer@microsoft.com.) -- retrying in 13s (attempt 1/5)
    Transient error (You have exceeded a rate limit. Contact planetarycomputer@microsoft.com.) -- retrying in 17s (attempt 2/5)
    Transient error (You have exceeded a rate limit. Contact planetarycomputer@microsoft.com.) -- retrying in 35s (attempt 3/5)
    Transient error (You have exceeded a rate limit. Contact planetarycomputer@microsoft.com.) -- retrying in 8s (attempt 1/5)
    Transient error (You have exceeded a rate limit. Contact planetarycomputer@microsoft.com.) -- retrying in 20s (attempt 2/5)
    Transient error (You have exceeded a rate limit. Contact planetarycomputer@microsoft.com.) -- retrying in 11s (attempt 1/5)
    ...6399 candidate(s) done (130.2 min elapsed)
    Transient error (You have exceeded a rate limit. Contact planetarycomputer@microsoft.com.) -- retrying in 14s (attempt 1/5)
    Transient error (You have exceeded a rate limit. Contact planetarycomputer@microsoft.com.) -- retrying in 12s (attempt 1/5)
    Transient error (You have exceeded a rate limit. Contact planetarycomputer@microsoft.com.) -- retrying in 9s (attempt 1/5)
    ...6599 candidate(s) done (132.3 min elapsed)
    Transient error (You have exceeded a rate limit. Contact planetarycomputer@microsoft.com.) -- retrying in 15s (attempt 1/5)
    Transient error (You have exceeded a rate limit. Contact planetarycomputer@microsoft.com.) -- retrying in 12s (attempt 1/5)
    Transient error (You have exceeded a rate limit. Contact planetarycomputer@microsoft.com.) -- retrying in 10s (attempt 1/5)
    Transient error (You have exceeded a rate limit. Contact planetarycomputer@microsoft.com.) -- retrying in 13s (attempt 1/5)
    Transient error (You have exceeded a rate limit. Contact planetarycomputer@microsoft.com.) -- retrying in 10s (attempt 1/5)
    Transient error (You have exceeded a rate limit. Contact planetarycomputer@microsoft.com.) -- retrying in 23s (attempt 2/5)
    Transient error (You have exceeded a rate limit. Contact planetarycomputer@microsoft.com.) -- retrying in 16s (attempt 1/5)
    Transient error (You have exceeded a rate limit. Contact planetarycomputer@microsoft.com.) -- retrying in 14s (attempt 1/5)
    Transient error (You have exceeded a rate limit. Contact planetarycomputer@microsoft.com.) -- retrying in 15s (attempt 1/5)
    Transient error (You have exceeded a rate limit. Contact planetarycomputer@microsoft.com.) -- retrying in 12s (attempt 1/5)
    Transient error (You have exceeded a rate limit. Contact planetarycomputer@microsoft.com.) -- retrying in 9s (attempt 1/5)
    Transient error (You have exceeded a rate limit. Contact planetarycomputer@microsoft.com.) -- retrying in 10s (attempt 1/5)
    Transient error (You have exceeded a rate limit. Contact planetarycomputer@microsoft.com.) -- retrying in 16s (attempt 1/5)
    Transient error (You have exceeded a rate limit. Contact planetarycomputer@microsoft.com.) -- retrying in 14s (attempt 1/5)
    Transient error (You have exceeded a rate limit. Contact planetarycomputer@microsoft.com.) -- retrying in 24s (attempt 2/5)
    Transient error (You have exceeded a rate limit. Contact planetarycomputer@microsoft.com.) -- retrying in 21s (attempt 2/5)
    Transient error (You have exceeded a rate limit. Contact planetarycomputer@microsoft.com.) -- retrying in 16s (attempt 2/5)
    Transient error (You have exceeded a rate limit. Contact planetarycomputer@microsoft.com.) -- retrying in 14s (attempt 1/5)
    Transient error (You have exceeded a rate limit. Contact planetarycomputer@microsoft.com.) -- retrying in 19s (attempt 2/5)
    Transient error (You have exceeded a rate limit. Contact planetarycomputer@microsoft.com.) -- retrying in 20s (attempt 2/5)
    Transient error (You have exceeded a rate limit. Contact planetarycomputer@microsoft.com.) -- retrying in 33s (attempt 3/5)
    Transient error (You have exceeded a rate limit. Contact planetarycomputer@microsoft.com.) -- retrying in 16s (attempt 2/5)
    ...6799 candidate(s) done (136.1 min elapsed)
    Transient error (You have exceeded a rate limit. Contact planetarycomputer@microsoft.com.) -- retrying in 12s (attempt 1/5)
    Transient error (You have exceeded a rate limit. Contact planetarycomputer@microsoft.com.) -- retrying in 16s (attempt 2/5)
    Transient error (You have exceeded a rate limit. Contact planetarycomputer@microsoft.com.) -- retrying in 13s (attempt 1/5)
    Transient error (You have exceeded a rate limit. Contact planetarycomputer@microsoft.com.) -- retrying in 22s (attempt 2/5)
    Transient error (You have exceeded a rate limit. Contact planetarycomputer@microsoft.com.) -- retrying in 9s (attempt 1/5)
    Transient error (You have exceeded a rate limit. Contact planetarycomputer@microsoft.com.) -- retrying in 13s (attempt 1/5)
    Transient error (You have exceeded a rate limit. Contact planetarycomputer@microsoft.com.) -- retrying in 10s (attempt 1/5)
    Transient error (You have exceeded a rate limit. Contact planetarycomputer@microsoft.com.) -- retrying in 13s (attempt 1/5)
    Transient error (You have exceeded a rate limit. Contact planetarycomputer@microsoft.com.) -- retrying in 9s (attempt 1/5)
    Transient error (You have exceeded a rate limit. Contact planetarycomputer@microsoft.com.) -- retrying in 11s (attempt 1/5)
    Transient error (You have exceeded a rate limit. Contact planetarycomputer@microsoft.com.) -- retrying in 16s (attempt 1/5)
    Transient error (You have exceeded a rate limit. Contact planetarycomputer@microsoft.com.) -- retrying in 14s (attempt 1/5)
    Transient error (You have exceeded a rate limit. Contact planetarycomputer@microsoft.com.) -- retrying in 12s (attempt 1/5)
    Transient error (You have exceeded a rate limit. Contact planetarycomputer@microsoft.com.) -- retrying in 12s (attempt 1/5)
    Transient error (You have exceeded a rate limit. Contact planetarycomputer@microsoft.com.) -- retrying in 12s (attempt 1/5)
    Transient error (You have exceeded a rate limit. Contact planetarycomputer@microsoft.com.) -- retrying in 19s (attempt 2/5)
    Transient error (You have exceeded a rate limit. Contact planetarycomputer@microsoft.com.) -- retrying in 15s (attempt 1/5)
    ...6999 candidate(s) done (139.8 min elapsed)
    Transient error (You have exceeded a rate limit. Contact planetarycomputer@microsoft.com.) -- retrying in 14s (attempt 1/5)
    Transient error (You have exceeded a rate limit. Contact planetarycomputer@microsoft.com.) -- retrying in 11s (attempt 1/5)
    Transient error (You have exceeded a rate limit. Contact planetarycomputer@microsoft.com.) -- retrying in 23s (attempt 2/5)
    Transient error (You have exceeded a rate limit. Contact planetarycomputer@microsoft.com.) -- retrying in 10s (attempt 1/5)
    Transient error (You have exceeded a rate limit. Contact planetarycomputer@microsoft.com.) -- retrying in 9s (attempt 1/5)
    Transient error (You have exceeded a rate limit. Contact planetarycomputer@microsoft.com.) -- retrying in 9s (attempt 1/5)
    Transient error (You have exceeded a rate limit. Contact planetarycomputer@microsoft.com.) -- retrying in 14s (attempt 1/5)
    Transient error (You have exceeded a rate limit. Contact planetarycomputer@microsoft.com.) -- retrying in 15s (attempt 1/5)
    Transient error (You have exceeded a rate limit. Contact planetarycomputer@microsoft.com.) -- retrying in 22s (attempt 2/5)
    Transient error (You have exceeded a rate limit. Contact planetarycomputer@microsoft.com.) -- retrying in 14s (attempt 1/5)
    Transient error (You have exceeded a rate limit. Contact planetarycomputer@microsoft.com.) -- retrying in 11s (attempt 1/5)
    Transient error (You have exceeded a rate limit. Contact planetarycomputer@microsoft.com.) -- retrying in 9s (attempt 1/5)
    Transient error (You have exceeded a rate limit. Contact planetarycomputer@microsoft.com.) -- retrying in 9s (attempt 1/5)
    Transient error (You have exceeded a rate limit. Contact planetarycomputer@microsoft.com.) -- retrying in 14s (attempt 1/5)
    Transient error (You have exceeded a rate limit. Contact planetarycomputer@microsoft.com.) -- retrying in 9s (attempt 1/5)
    Transient error (You have exceeded a rate limit. Contact planetarycomputer@microsoft.com.) -- retrying in 15s (attempt 1/5)
    Transient error (You have exceeded a rate limit. Contact planetarycomputer@microsoft.com.) -- retrying in 8s (attempt 1/5)
    ...7199 candidate(s) done (143.8 min elapsed)
    Transient error (You have exceeded a rate limit. Contact planetarycomputer@microsoft.com.) -- retrying in 9s (attempt 1/5)
    Transient error (You have exceeded a rate limit. Contact planetarycomputer@microsoft.com.) -- retrying in 12s (attempt 1/5)
    Transient error (You have exceeded a rate limit. Contact planetarycomputer@microsoft.com.) -- retrying in 17s (attempt 2/5)
    Transient error (You have exceeded a rate limit. Contact planetarycomputer@microsoft.com.) -- retrying in 15s (attempt 1/5)
    Transient error (You have exceeded a rate limit. Contact planetarycomputer@microsoft.com.) -- retrying in 12s (attempt 1/5)
    ...7399 candidate(s) done (146.3 min elapsed)
    Transient error (You have exceeded a rate limit. Contact planetarycomputer@microsoft.com.) -- retrying in 16s (attempt 1/5)
    Transient error (You have exceeded a rate limit. Contact planetarycomputer@microsoft.com.) -- retrying in 15s (attempt 1/5)
    Transient error (You have exceeded a rate limit. Contact planetarycomputer@microsoft.com.) -- retrying in 13s (attempt 1/5)
    Transient error (You have exceeded a rate limit. Contact planetarycomputer@microsoft.com.) -- retrying in 24s (attempt 2/5)
    Transient error (You have exceeded a rate limit. Contact planetarycomputer@microsoft.com.) -- retrying in 38s (attempt 3/5)
    Transient error (You have exceeded a rate limit. Contact planetarycomputer@microsoft.com.) -- retrying in 11s (attempt 1/5)
    Transient error (You have exceeded a rate limit. Contact planetarycomputer@microsoft.com.) -- retrying in 8s (attempt 1/5)
    Transient error (You have exceeded a rate limit. Contact planetarycomputer@microsoft.com.) -- retrying in 11s (attempt 1/5)
    Transient error (You have exceeded a rate limit. Contact planetarycomputer@microsoft.com.) -- retrying in 16s (attempt 2/5)
    Transient error (You have exceeded a rate limit. Contact planetarycomputer@microsoft.com.) -- retrying in 12s (attempt 1/5)
    Transient error (You have exceeded a rate limit. Contact planetarycomputer@microsoft.com.) -- retrying in 10s (attempt 1/5)
    Transient error (You have exceeded a rate limit. Contact planetarycomputer@microsoft.com.) -- retrying in 18s (attempt 2/5)
    Transient error (You have exceeded a rate limit. Contact planetarycomputer@microsoft.com.) -- retrying in 14s (attempt 1/5)
    Transient error (You have exceeded a rate limit. Contact planetarycomputer@microsoft.com.) -- retrying in 13s (attempt 1/5)
    Transient error (You have exceeded a rate limit. Contact planetarycomputer@microsoft.com.) -- retrying in 13s (attempt 1/5)
    Transient error (You have exceeded a rate limit. Contact planetarycomputer@microsoft.com.) -- retrying in 13s (attempt 1/5)
    Transient error (You have exceeded a rate limit. Contact planetarycomputer@microsoft.com.) -- retrying in 17s (attempt 2/5)
    Transient error (You have exceeded a rate limit. Contact planetarycomputer@microsoft.com.) -- retrying in 18s (attempt 2/5)
    Transient error (You have exceeded a rate limit. Contact planetarycomputer@microsoft.com.) -- retrying in 19s (attempt 2/5)
    Transient error (You have exceeded a rate limit. Contact planetarycomputer@microsoft.com.) -- retrying in 36s (attempt 3/5)
    Transient error (You have exceeded a rate limit. Contact planetarycomputer@microsoft.com.) -- retrying in 40s (attempt 3/5)
    Transient error (You have exceeded a rate limit. Contact planetarycomputer@microsoft.com.) -- retrying in 34s (attempt 3/5)
    ...7599 candidate(s) done (152.1 min elapsed)
    Transient error (You have exceeded a rate limit. Contact planetarycomputer@microsoft.com.) -- retrying in 14s (attempt 1/5)
    Transient error (You have exceeded a rate limit. Contact planetarycomputer@microsoft.com.) -- retrying in 9s (attempt 1/5)
    Transient error (You have exceeded a rate limit. Contact planetarycomputer@microsoft.com.) -- retrying in 21s (attempt 2/5)
    Transient error (You have exceeded a rate limit. Contact planetarycomputer@microsoft.com.) -- retrying in 32s (attempt 3/5)
    Transient error (You have exceeded a rate limit. Contact planetarycomputer@microsoft.com.) -- retrying in 15s (attempt 1/5)
    Transient error (You have exceeded a rate limit. Contact planetarycomputer@microsoft.com.) -- retrying in 13s (attempt 1/5)
    Transient error (You have exceeded a rate limit. Contact planetarycomputer@microsoft.com.) -- retrying in 15s (attempt 1/5)
    Transient error (You have exceeded a rate limit. Contact planetarycomputer@microsoft.com.) -- retrying in 10s (attempt 1/5)
    Transient error (You have exceeded a rate limit. Contact planetarycomputer@microsoft.com.) -- retrying in 13s (attempt 1/5)
    Transient error (You have exceeded a rate limit. Contact planetarycomputer@microsoft.com.) -- retrying in 9s (attempt 1/5)
    Transient error (You have exceeded a rate limit. Contact planetarycomputer@microsoft.com.) -- retrying in 11s (attempt 1/5)
    Transient error (You have exceeded a rate limit. Contact planetarycomputer@microsoft.com.) -- retrying in 17s (attempt 2/5)
    Transient error (You have exceeded a rate limit. Contact planetarycomputer@microsoft.com.) -- retrying in 16s (attempt 1/5)
    Transient error (You have exceeded a rate limit. Contact planetarycomputer@microsoft.com.) -- retrying in 10s (attempt 1/5)
    Transient error (You have exceeded a rate limit. Contact planetarycomputer@microsoft.com.) -- retrying in 10s (attempt 1/5)
    Transient error (You have exceeded a rate limit. Contact planetarycomputer@microsoft.com.) -- retrying in 10s (attempt 1/5)
    ...7799 candidate(s) done (155.8 min elapsed)
    Transient error (You have exceeded a rate limit. Contact planetarycomputer@microsoft.com.) -- retrying in 10s (attempt 1/5)
    Transient error (You have exceeded a rate limit. Contact planetarycomputer@microsoft.com.) -- retrying in 15s (attempt 1/5)
    Transient error (You have exceeded a rate limit. Contact planetarycomputer@microsoft.com.) -- retrying in 17s (attempt 2/5)
    Transient error (You have exceeded a rate limit. Contact planetarycomputer@microsoft.com.) -- retrying in 16s (attempt 1/5)
    Transient error (You have exceeded a rate limit. Contact planetarycomputer@microsoft.com.) -- retrying in 10s (attempt 1/5)
    Transient error (You have exceeded a rate limit. Contact planetarycomputer@microsoft.com.) -- retrying in 13s (attempt 1/5)
    Transient error (You have exceeded a rate limit. Contact planetarycomputer@microsoft.com.) -- retrying in 9s (attempt 1/5)
    Transient error (You have exceeded a rate limit. Contact planetarycomputer@microsoft.com.) -- retrying in 12s (attempt 1/5)
    Transient error (You have exceeded a rate limit. Contact planetarycomputer@microsoft.com.) -- retrying in 9s (attempt 1/5)
    Transient error (You have exceeded a rate limit. Contact planetarycomputer@microsoft.com.) -- retrying in 13s (attempt 1/5)
    Transient error (You have exceeded a rate limit. Contact planetarycomputer@microsoft.com.) -- retrying in 10s (attempt 1/5)
    Transient error (You have exceeded a rate limit. Contact planetarycomputer@microsoft.com.) -- retrying in 13s (attempt 1/5)
    Transient error (You have exceeded a rate limit. Contact planetarycomputer@microsoft.com.) -- retrying in 15s (attempt 1/5)
    Transient error (You have exceeded a rate limit. Contact planetarycomputer@microsoft.com.) -- retrying in 14s (attempt 1/5)
    Transient error (You have exceeded a rate limit. Contact planetarycomputer@microsoft.com.) -- retrying in 13s (attempt 1/5)
    Transient error (You have exceeded a rate limit. Contact planetarycomputer@microsoft.com.) -- retrying in 12s (attempt 1/5)
    Transient error (You have exceeded a rate limit. Contact planetarycomputer@microsoft.com.) -- retrying in 17s (attempt 2/5)
    Transient error (You have exceeded a rate limit. Contact planetarycomputer@microsoft.com.) -- retrying in 24s (attempt 2/5)
    Transient error (You have exceeded a rate limit. Contact planetarycomputer@microsoft.com.) -- retrying in 17s (attempt 2/5)
    Transient error (You have exceeded a rate limit. Contact planetarycomputer@microsoft.com.) -- retrying in 22s (attempt 2/5)
    Transient error (You have exceeded a rate limit. Contact planetarycomputer@microsoft.com.) -- retrying in 20s (attempt 2/5)
    Transient error (You have exceeded a rate limit. Contact planetarycomputer@microsoft.com.) -- retrying in 18s (attempt 2/5)
    Transient error (You have exceeded a rate limit. Contact planetarycomputer@microsoft.com.) -- retrying in 13s (attempt 1/5)
    Transient error (You have exceeded a rate limit. Contact planetarycomputer@microsoft.com.) -- retrying in 38s (attempt 3/5)
    Transient error (You have exceeded a rate limit. Contact planetarycomputer@microsoft.com.) -- retrying in 34s (attempt 3/5)
    Transient error (You have exceeded a rate limit. Contact planetarycomputer@microsoft.com.) -- retrying in 67s (attempt 4/5)
    ...7999 candidate(s) done (161.1 min elapsed)
    Transient error (You have exceeded a rate limit. Contact planetarycomputer@microsoft.com.) -- retrying in 10s (attempt 1/5)
    Transient error (You have exceeded a rate limit. Contact planetarycomputer@microsoft.com.) -- retrying in 8s (attempt 1/5)
    Transient error (You have exceeded a rate limit. Contact planetarycomputer@microsoft.com.) -- retrying in 17s (attempt 2/5)
    ...8199 candidate(s) done (163.3 min elapsed)
    Transient error (You have exceeded a rate limit. Contact planetarycomputer@microsoft.com.) -- retrying in 15s (attempt 1/5)
    Transient error (You have exceeded a rate limit. Contact planetarycomputer@microsoft.com.) -- retrying in 18s (attempt 2/5)
    Transient error (You have exceeded a rate limit. Contact planetarycomputer@microsoft.com.) -- retrying in 15s (attempt 1/5)
    Transient error (You have exceeded a rate limit. Contact planetarycomputer@microsoft.com.) -- retrying in 14s (attempt 1/5)
    Transient error (You have exceeded a rate limit. Contact planetarycomputer@microsoft.com.) -- retrying in 9s (attempt 1/5)
    Transient error (You have exceeded a rate limit. Contact planetarycomputer@microsoft.com.) -- retrying in 10s (attempt 1/5)
    Transient error (You have exceeded a rate limit. Contact planetarycomputer@microsoft.com.) -- retrying in 9s (attempt 1/5)
    Transient error (You have exceeded a rate limit. Contact planetarycomputer@microsoft.com.) -- retrying in 22s (attempt 2/5)
    Transient error (You have exceeded a rate limit. Contact planetarycomputer@microsoft.com.) -- retrying in 10s (attempt 1/5)
    Transient error (You have exceeded a rate limit. Contact planetarycomputer@microsoft.com.) -- retrying in 16s (attempt 1/5)
    Transient error (You have exceeded a rate limit. Contact planetarycomputer@microsoft.com.) -- retrying in 13s (attempt 1/5)
    Transient error (You have exceeded a rate limit. Contact planetarycomputer@microsoft.com.) -- retrying in 14s (attempt 1/5)
    Transient error (You have exceeded a rate limit. Contact planetarycomputer@microsoft.com.) -- retrying in 12s (attempt 1/5)
    ...8399 candidate(s) done (167.6 min elapsed)
    Transient error (You have exceeded a rate limit. Contact planetarycomputer@microsoft.com.) -- retrying in 10s (attempt 1/5)
    Transient error (You have exceeded a rate limit. Contact planetarycomputer@microsoft.com.) -- retrying in 10s (attempt 1/5)
    Transient error (You have exceeded a rate limit. Contact planetarycomputer@microsoft.com.) -- retrying in 14s (attempt 1/5)
    Transient error (You have exceeded a rate limit. Contact planetarycomputer@microsoft.com.) -- retrying in 8s (attempt 1/5)
    Transient error (You have exceeded a rate limit. Contact planetarycomputer@microsoft.com.) -- retrying in 21s (attempt 2/5)
    ...8599 candidate(s) done (170.1 min elapsed)
    Transient error (You have exceeded a rate limit. Contact planetarycomputer@microsoft.com.) -- retrying in 8s (attempt 1/5)
    Transient error (You have exceeded a rate limit. Contact planetarycomputer@microsoft.com.) -- retrying in 17s (attempt 2/5)
    Transient error (You have exceeded a rate limit. Contact planetarycomputer@microsoft.com.) -- retrying in 35s (attempt 3/5)
    Transient error (You have exceeded a rate limit. Contact planetarycomputer@microsoft.com.) -- retrying in 66s (attempt 4/5)
    Transient error (You have exceeded a rate limit. Contact planetarycomputer@microsoft.com.) -- retrying in 13s (attempt 1/5)
    Transient error (You have exceeded a rate limit. Contact planetarycomputer@microsoft.com.) -- retrying in 15s (attempt 1/5)
    Transient error (You have exceeded a rate limit. Contact planetarycomputer@microsoft.com.) -- retrying in 11s (attempt 1/5)
    Transient error (You have exceeded a rate limit. Contact planetarycomputer@microsoft.com.) -- retrying in 20s (attempt 2/5)
    Transient error (You have exceeded a rate limit. Contact planetarycomputer@microsoft.com.) -- retrying in 10s (attempt 1/5)
    Transient error (You have exceeded a rate limit. Contact planetarycomputer@microsoft.com.) -- retrying in 12s (attempt 1/5)
    Transient error (You have exceeded a rate limit. Contact planetarycomputer@microsoft.com.) -- retrying in 12s (attempt 1/5)
    Transient error (You have exceeded a rate limit. Contact planetarycomputer@microsoft.com.) -- retrying in 12s (attempt 1/5)
    Transient error (You have exceeded a rate limit. Contact planetarycomputer@microsoft.com.) -- retrying in 14s (attempt 1/5)
    Transient error (You have exceeded a rate limit. Contact planetarycomputer@microsoft.com.) -- retrying in 15s (attempt 1/5)
    Transient error (You have exceeded a rate limit. Contact planetarycomputer@microsoft.com.) -- retrying in 13s (attempt 1/5)
    Transient error (You have exceeded a rate limit. Contact planetarycomputer@microsoft.com.) -- retrying in 9s (attempt 1/5)
    Transient error (You have exceeded a rate limit. Contact planetarycomputer@microsoft.com.) -- retrying in 18s (attempt 2/5)
    Transient error (You have exceeded a rate limit. Contact planetarycomputer@microsoft.com.) -- retrying in 22s (attempt 2/5)
    Transient error (You have exceeded a rate limit. Contact planetarycomputer@microsoft.com.) -- retrying in 22s (attempt 2/5)
    Transient error (You have exceeded a rate limit. Contact planetarycomputer@microsoft.com.) -- retrying in 10s (attempt 1/5)
    Transient error (You have exceeded a rate limit. Contact planetarycomputer@microsoft.com.) -- retrying in 9s (attempt 1/5)
    Transient error (You have exceeded a rate limit. Contact planetarycomputer@microsoft.com.) -- retrying in 13s (attempt 1/5)
    ...8799 candidate(s) done (175.6 min elapsed)
    Transient error (You have exceeded a rate limit. Contact planetarycomputer@microsoft.com.) -- retrying in 13s (attempt 1/5)
    Transient error (You have exceeded a rate limit. Contact planetarycomputer@microsoft.com.) -- retrying in 16s (attempt 1/5)
    Transient error (You have exceeded a rate limit. Contact planetarycomputer@microsoft.com.) -- retrying in 21s (attempt 2/5)
    Transient error (You have exceeded a rate limit. Contact planetarycomputer@microsoft.com.) -- retrying in 12s (attempt 1/5)
    Transient error (You have exceeded a rate limit. Contact planetarycomputer@microsoft.com.) -- retrying in 16s (attempt 1/5)
    Transient error (You have exceeded a rate limit. Contact planetarycomputer@microsoft.com.) -- retrying in 10s (attempt 1/5)
    Transient error (You have exceeded a rate limit. Contact planetarycomputer@microsoft.com.) -- retrying in 10s (attempt 1/5)
    Transient error (You have exceeded a rate limit. Contact planetarycomputer@microsoft.com.) -- retrying in 14s (attempt 1/5)
    Transient error (You have exceeded a rate limit. Contact planetarycomputer@microsoft.com.) -- retrying in 17s (attempt 2/5)
    Transient error (You have exceeded a rate limit. Contact planetarycomputer@microsoft.com.) -- retrying in 15s (attempt 1/5)
    Transient error (You have exceeded a rate limit. Contact planetarycomputer@microsoft.com.) -- retrying in 16s (attempt 1/5)
    Transient error (You have exceeded a rate limit. Contact planetarycomputer@microsoft.com.) -- retrying in 17s (attempt 2/5)
    Transient error (You have exceeded a rate limit. Contact planetarycomputer@microsoft.com.) -- retrying in 22s (attempt 2/5)
    ...8999 candidate(s) done (179.7 min elapsed)
    Transient error (You have exceeded a rate limit. Contact planetarycomputer@microsoft.com.) -- retrying in 9s (attempt 1/5)
    Transient error (You have exceeded a rate limit. Contact planetarycomputer@microsoft.com.) -- retrying in 14s (attempt 1/5)
    Transient error (You have exceeded a rate limit. Contact planetarycomputer@microsoft.com.) -- retrying in 15s (attempt 1/5)
    Transient error (You have exceeded a rate limit. Contact planetarycomputer@microsoft.com.) -- retrying in 9s (attempt 1/5)
    Transient error (You have exceeded a rate limit. Contact planetarycomputer@microsoft.com.) -- retrying in 11s (attempt 1/5)
    Transient error (You have exceeded a rate limit. Contact planetarycomputer@microsoft.com.) -- retrying in 14s (attempt 1/5)
    Transient error (You have exceeded a rate limit. Contact planetarycomputer@microsoft.com.) -- retrying in 16s (attempt 1/5)
    Transient error (You have exceeded a rate limit. Contact planetarycomputer@microsoft.com.) -- retrying in 13s (attempt 1/5)
    Transient error (You have exceeded a rate limit. Contact planetarycomputer@microsoft.com.) -- retrying in 8s (attempt 1/5)
    Transient error (You have exceeded a rate limit. Contact planetarycomputer@microsoft.com.) -- retrying in 14s (attempt 1/5)
    Transient error (You have exceeded a rate limit. Contact planetarycomputer@microsoft.com.) -- retrying in 9s (attempt 1/5)
    Transient error (You have exceeded a rate limit. Contact planetarycomputer@microsoft.com.) -- retrying in 16s (attempt 1/5)
    Transient error (You have exceeded a rate limit. Contact planetarycomputer@microsoft.com.) -- retrying in 13s (attempt 1/5)
    Transient error (You have exceeded a rate limit. Contact planetarycomputer@microsoft.com.) -- retrying in 13s (attempt 1/5)
    Transient error (You have exceeded a rate limit. Contact planetarycomputer@microsoft.com.) -- retrying in 23s (attempt 2/5)
    Transient error (You have exceeded a rate limit. Contact planetarycomputer@microsoft.com.) -- retrying in 17s (attempt 2/5)
    ...9199 candidate(s) done (183.8 min elapsed)
    Transient error (You have exceeded a rate limit. Contact planetarycomputer@microsoft.com.) -- retrying in 15s (attempt 1/5)
    Transient error (You have exceeded a rate limit. Contact planetarycomputer@microsoft.com.) -- retrying in 14s (attempt 1/5)
    Transient error (You have exceeded a rate limit. Contact planetarycomputer@microsoft.com.) -- retrying in 12s (attempt 1/5)
    Transient error (You have exceeded a rate limit. Contact planetarycomputer@microsoft.com.) -- retrying in 15s (attempt 1/5)
    Transient error (You have exceeded a rate limit. Contact planetarycomputer@microsoft.com.) -- retrying in 14s (attempt 1/5)
    Transient error (You have exceeded a rate limit. Contact planetarycomputer@microsoft.com.) -- retrying in 10s (attempt 1/5)
    Transient error (You have exceeded a rate limit. Contact planetarycomputer@microsoft.com.) -- retrying in 10s (attempt 1/5)
    Transient error (You have exceeded a rate limit. Contact planetarycomputer@microsoft.com.) -- retrying in 9s (attempt 1/5)
    Transient error (You have exceeded a rate limit. Contact planetarycomputer@microsoft.com.) -- retrying in 13s (attempt 1/5)
    Transient error (You have exceeded a rate limit. Contact planetarycomputer@microsoft.com.) -- retrying in 23s (attempt 2/5)
    Transient error (You have exceeded a rate limit. Contact planetarycomputer@microsoft.com.) -- retrying in 9s (attempt 1/5)
    Transient error (You have exceeded a rate limit. Contact planetarycomputer@microsoft.com.) -- retrying in 12s (attempt 1/5)
    Transient error (You have exceeded a rate limit. Contact planetarycomputer@microsoft.com.) -- retrying in 20s (attempt 2/5)
    Transient error (You have exceeded a rate limit. Contact planetarycomputer@microsoft.com.) -- retrying in 18s (attempt 2/5)
    Transient error (You have exceeded a rate limit. Contact planetarycomputer@microsoft.com.) -- retrying in 11s (attempt 1/5)
    Transient error (You have exceeded a rate limit. Contact planetarycomputer@microsoft.com.) -- retrying in 24s (attempt 2/5)
    ...9399 candidate(s) done (186.6 min elapsed)
    Transient error (You have exceeded a rate limit. Contact planetarycomputer@microsoft.com.) -- retrying in 16s (attempt 1/5)
    ...9599 candidate(s) done (188.2 min elapsed)
    Transient error (You have exceeded a rate limit. Contact planetarycomputer@microsoft.com.) -- retrying in 14s (attempt 1/5)
    Transient error (You have exceeded a rate limit. Contact planetarycomputer@microsoft.com.) -- retrying in 13s (attempt 1/5)
    Transient error (You have exceeded a rate limit. Contact planetarycomputer@microsoft.com.) -- retrying in 20s (attempt 2/5)
    Transient error (You have exceeded a rate limit. Contact planetarycomputer@microsoft.com.) -- retrying in 10s (attempt 1/5)
    Transient error (You have exceeded a rate limit. Contact planetarycomputer@microsoft.com.) -- retrying in 11s (attempt 1/5)
    Transient error (You have exceeded a rate limit. Contact planetarycomputer@microsoft.com.) -- retrying in 13s (attempt 1/5)
    Transient error (You have exceeded a rate limit. Contact planetarycomputer@microsoft.com.) -- retrying in 9s (attempt 1/5)
    Transient error (You have exceeded a rate limit. Contact planetarycomputer@microsoft.com.) -- retrying in 16s (attempt 1/5)
    ...9799 candidate(s) done (191.3 min elapsed)
    Transient error (You have exceeded a rate limit. Contact planetarycomputer@microsoft.com.) -- retrying in 14s (attempt 1/5)
    Transient error (You have exceeded a rate limit. Contact planetarycomputer@microsoft.com.) -- retrying in 9s (attempt 1/5)
    Transient error (You have exceeded a rate limit. Contact planetarycomputer@microsoft.com.) -- retrying in 16s (attempt 1/5)
    Transient error (You have exceeded a rate limit. Contact planetarycomputer@microsoft.com.) -- retrying in 14s (attempt 1/5)
    Transient error (You have exceeded a rate limit. Contact planetarycomputer@microsoft.com.) -- retrying in 14s (attempt 1/5)
    Transient error (You have exceeded a rate limit. Contact planetarycomputer@microsoft.com.) -- retrying in 11s (attempt 1/5)
    Transient error (You have exceeded a rate limit. Contact planetarycomputer@microsoft.com.) -- retrying in 19s (attempt 2/5)
    Transient error (You have exceeded a rate limit. Contact planetarycomputer@microsoft.com.) -- retrying in 9s (attempt 1/5)
    Transient error (You have exceeded a rate limit. Contact planetarycomputer@microsoft.com.) -- retrying in 22s (attempt 2/5)
    Transient error (You have exceeded a rate limit. Contact planetarycomputer@microsoft.com.) -- retrying in 40s (attempt 3/5)
    Transient error (You have exceeded a rate limit. Contact planetarycomputer@microsoft.com.) -- retrying in 12s (attempt 1/5)
    Transient error (You have exceeded a rate limit. Contact planetarycomputer@microsoft.com.) -- retrying in 15s (attempt 1/5)
    ...9999 candidate(s) done (196.0 min elapsed)
    Transient error (You have exceeded a rate limit. Contact planetarycomputer@microsoft.com.) -- retrying in 8s (attempt 1/5)
    Transient error (You have exceeded a rate limit. Contact planetarycomputer@microsoft.com.) -- retrying in 9s (attempt 1/5)
    Transient error (You have exceeded a rate limit. Contact planetarycomputer@microsoft.com.) -- retrying in 13s (attempt 1/5)
    Transient error (You have exceeded a rate limit. Contact planetarycomputer@microsoft.com.) -- retrying in 20s (attempt 2/5)
    Transient error (You have exceeded a rate limit. Contact planetarycomputer@microsoft.com.) -- retrying in 12s (attempt 1/5)
    Transient error (You have exceeded a rate limit. Contact planetarycomputer@microsoft.com.) -- retrying in 15s (attempt 1/5)
    Transient error (You have exceeded a rate limit. Contact planetarycomputer@microsoft.com.) -- retrying in 13s (attempt 1/5)
    Transient error (You have exceeded a rate limit. Contact planetarycomputer@microsoft.com.) -- retrying in 11s (attempt 1/5)
    Transient error (You have exceeded a rate limit. Contact planetarycomputer@microsoft.com.) -- retrying in 9s (attempt 1/5)
    Transient error (You have exceeded a rate limit. Contact planetarycomputer@microsoft.com.) -- retrying in 17s (attempt 2/5)
    Transient error (You have exceeded a rate limit. Contact planetarycomputer@microsoft.com.) -- retrying in 13s (attempt 1/5)
    Transient error (You have exceeded a rate limit. Contact planetarycomputer@microsoft.com.) -- retrying in 24s (attempt 2/5)
    Transient error (You have exceeded a rate limit. Contact planetarycomputer@microsoft.com.) -- retrying in 11s (attempt 1/5)
    Transient error (You have exceeded a rate limit. Contact planetarycomputer@microsoft.com.) -- retrying in 17s (attempt 2/5)
    Transient error (You have exceeded a rate limit. Contact planetarycomputer@microsoft.com.) -- retrying in 39s (attempt 3/5)
    Transient error (You have exceeded a rate limit. Contact planetarycomputer@microsoft.com.) -- retrying in 14s (attempt 1/5)
    Transient error (You have exceeded a rate limit. Contact planetarycomputer@microsoft.com.) -- retrying in 13s (attempt 1/5)
    Transient error (You have exceeded a rate limit. Contact planetarycomputer@microsoft.com.) -- retrying in 10s (attempt 1/5)
    Transient error (You have exceeded a rate limit. Contact planetarycomputer@microsoft.com.) -- retrying in 10s (attempt 1/5)
    Transient error (You have exceeded a rate limit. Contact planetarycomputer@microsoft.com.) -- retrying in 14s (attempt 1/5)
    Transient error (You have exceeded a rate limit. Contact planetarycomputer@microsoft.com.) -- retrying in 8s (attempt 1/5)
    Transient error (You have exceeded a rate limit. Contact planetarycomputer@microsoft.com.) -- retrying in 14s (attempt 1/5)
    Transient error (You have exceeded a rate limit. Contact planetarycomputer@microsoft.com.) -- retrying in 16s (attempt 2/5)
    Transient error (You have exceeded a rate limit. Contact planetarycomputer@microsoft.com.) -- retrying in 23s (attempt 2/5)
    Transient error (You have exceeded a rate limit. Contact planetarycomputer@microsoft.com.) -- retrying in 20s (attempt 2/5)
    Transient error (You have exceeded a rate limit. Contact planetarycomputer@microsoft.com.) -- retrying in 38s (attempt 3/5)
    Transient error (You have exceeded a rate limit. Contact planetarycomputer@microsoft.com.) -- retrying in 38s (attempt 3/5)
    Transient error (You have exceeded a rate limit. Contact planetarycomputer@microsoft.com.) -- retrying in 32s (attempt 3/5)
    Transient error (You have exceeded a rate limit. Contact planetarycomputer@microsoft.com.) -- retrying in 67s (attempt 4/5)
    Transient error (You have exceeded a rate limit. Contact planetarycomputer@microsoft.com.) -- retrying in 71s (attempt 4/5)
    Transient error (You have exceeded a rate limit. Contact planetarycomputer@microsoft.com.) -- retrying in 72s (attempt 4/5)
    Transient error (You have exceeded a rate limit. Contact planetarycomputer@microsoft.com.) -- retrying in 10s (attempt 1/5)
    Transient error (You have exceeded a rate limit. Contact planetarycomputer@microsoft.com.) -- retrying in 12s (attempt 1/5)
    ...10199 candidate(s) done (204.7 min elapsed)
    Transient error (You have exceeded a rate limit. Contact planetarycomputer@microsoft.com.) -- retrying in 11s (attempt 1/5)
    Transient error (You have exceeded a rate limit. Contact planetarycomputer@microsoft.com.) -- retrying in 12s (attempt 1/5)
    Transient error (You have exceeded a rate limit. Contact planetarycomputer@microsoft.com.) -- retrying in 10s (attempt 1/5)
    Transient error (You have exceeded a rate limit. Contact planetarycomputer@microsoft.com.) -- retrying in 18s (attempt 2/5)
    Transient error (You have exceeded a rate limit. Contact planetarycomputer@microsoft.com.) -- retrying in 14s (attempt 1/5)
    Transient error (You have exceeded a rate limit. Contact planetarycomputer@microsoft.com.) -- retrying in 10s (attempt 1/5)
    Transient error (You have exceeded a rate limit. Contact planetarycomputer@microsoft.com.) -- retrying in 15s (attempt 1/5)
    Transient error (You have exceeded a rate limit. Contact planetarycomputer@microsoft.com.) -- retrying in 14s (attempt 1/5)
    Transient error (You have exceeded a rate limit. Contact planetarycomputer@microsoft.com.) -- retrying in 9s (attempt 1/5)
    ...10399 candidate(s) done (208.1 min elapsed)
    Transient error (You have exceeded a rate limit. Contact planetarycomputer@microsoft.com.) -- retrying in 11s (attempt 1/5)
    Transient error (You have exceeded a rate limit. Contact planetarycomputer@microsoft.com.) -- retrying in 10s (attempt 1/5)
    Transient error (You have exceeded a rate limit. Contact planetarycomputer@microsoft.com.) -- retrying in 11s (attempt 1/5)
    Transient error (You have exceeded a rate limit. Contact planetarycomputer@microsoft.com.) -- retrying in 11s (attempt 1/5)
    Transient error (You have exceeded a rate limit. Contact planetarycomputer@microsoft.com.) -- retrying in 10s (attempt 1/5)
    Transient error (You have exceeded a rate limit. Contact planetarycomputer@microsoft.com.) -- retrying in 10s (attempt 1/5)
    Transient error (You have exceeded a rate limit. Contact planetarycomputer@microsoft.com.) -- retrying in 9s (attempt 1/5)
    Transient error (You have exceeded a rate limit. Contact planetarycomputer@microsoft.com.) -- retrying in 15s (attempt 1/5)
    Transient error (You have exceeded a rate limit. Contact planetarycomputer@microsoft.com.) -- retrying in 15s (attempt 1/5)
    Transient error (You have exceeded a rate limit. Contact planetarycomputer@microsoft.com.) -- retrying in 14s (attempt 1/5)
    Transient error (You have exceeded a rate limit. Contact planetarycomputer@microsoft.com.) -- retrying in 10s (attempt 1/5)
    Transient error (You have exceeded a rate limit. Contact planetarycomputer@microsoft.com.) -- retrying in 16s (attempt 1/5)
    Transient error (You have exceeded a rate limit. Contact planetarycomputer@microsoft.com.) -- retrying in 15s (attempt 1/5)
    Transient error (You have exceeded a rate limit. Contact planetarycomputer@microsoft.com.) -- retrying in 9s (attempt 1/5)
    Transient error (You have exceeded a rate limit. Contact planetarycomputer@microsoft.com.) -- retrying in 12s (attempt 1/5)
    Transient error (You have exceeded a rate limit. Contact planetarycomputer@microsoft.com.) -- retrying in 14s (attempt 1/5)
    Transient error (You have exceeded a rate limit. Contact planetarycomputer@microsoft.com.) -- retrying in 14s (attempt 1/5)
    Transient error (You have exceeded a rate limit. Contact planetarycomputer@microsoft.com.) -- retrying in 9s (attempt 1/5)
    ...10599 candidate(s) done (212.6 min elapsed)
    Transient error (You have exceeded a rate limit. Contact planetarycomputer@microsoft.com.) -- retrying in 15s (attempt 1/5)
    Transient error (You have exceeded a rate limit. Contact planetarycomputer@microsoft.com.) -- retrying in 9s (attempt 1/5)
    Transient error (You have exceeded a rate limit. Contact planetarycomputer@microsoft.com.) -- retrying in 9s (attempt 1/5)
    Transient error (You have exceeded a rate limit. Contact planetarycomputer@microsoft.com.) -- retrying in 10s (attempt 1/5)
    Transient error (You have exceeded a rate limit. Contact planetarycomputer@microsoft.com.) -- retrying in 10s (attempt 1/5)
    Transient error (You have exceeded a rate limit. Contact planetarycomputer@microsoft.com.) -- retrying in 9s (attempt 1/5)
    Transient error (You have exceeded a rate limit. Contact planetarycomputer@microsoft.com.) -- retrying in 12s (attempt 1/5)
    Transient error (You have exceeded a rate limit. Contact planetarycomputer@microsoft.com.) -- retrying in 15s (attempt 1/5)
    Transient error (You have exceeded a rate limit. Contact planetarycomputer@microsoft.com.) -- retrying in 13s (attempt 1/5)
    Transient error (You have exceeded a rate limit. Contact planetarycomputer@microsoft.com.) -- retrying in 11s (attempt 1/5)
    Transient error (You have exceeded a rate limit. Contact planetarycomputer@microsoft.com.) -- retrying in 17s (attempt 2/5)
    Transient error (You have exceeded a rate limit. Contact planetarycomputer@microsoft.com.) -- retrying in 13s (attempt 1/5)
    Transient error (You have exceeded a rate limit. Contact planetarycomputer@microsoft.com.) -- retrying in 15s (attempt 1/5)
    Transient error (You have exceeded a rate limit. Contact planetarycomputer@microsoft.com.) -- retrying in 17s (attempt 2/5)
    Transient error (You have exceeded a rate limit. Contact planetarycomputer@microsoft.com.) -- retrying in 15s (attempt 1/5)
    Transient error (You have exceeded a rate limit. Contact planetarycomputer@microsoft.com.) -- retrying in 20s (attempt 2/5)
    Transient error (You have exceeded a rate limit. Contact planetarycomputer@microsoft.com.) -- retrying in 12s (attempt 1/5)
    Transient error (You have exceeded a rate limit. Contact planetarycomputer@microsoft.com.) -- retrying in 9s (attempt 1/5)
    Transient error (You have exceeded a rate limit. Contact planetarycomputer@microsoft.com.) -- retrying in 39s (attempt 3/5)
    Transient error (You have exceeded a rate limit. Contact planetarycomputer@microsoft.com.) -- retrying in 19s (attempt 2/5)
    Transient error (You have exceeded a rate limit. Contact planetarycomputer@microsoft.com.) -- retrying in 14s (attempt 1/5)
    Transient error (You have exceeded a rate limit. Contact planetarycomputer@microsoft.com.) -- retrying in 36s (attempt 3/5)
    Transient error (You have exceeded a rate limit. Contact planetarycomputer@microsoft.com.) -- retrying in 21s (attempt 2/5)
    Transient error (You have exceeded a rate limit. Contact planetarycomputer@microsoft.com.) -- retrying in 20s (attempt 2/5)
    Transient error (You have exceeded a rate limit. Contact planetarycomputer@microsoft.com.) -- retrying in 33s (attempt 3/5)
    Transient error (You have exceeded a rate limit. Contact planetarycomputer@microsoft.com.) -- retrying in 14s (attempt 1/5)
    ...10799 candidate(s) done (216.1 min elapsed)
    Transient error (You have exceeded a rate limit. Contact planetarycomputer@microsoft.com.) -- retrying in 10s (attempt 1/5)
    Transient error (You have exceeded a rate limit. Contact planetarycomputer@microsoft.com.) -- retrying in 14s (attempt 1/5)
    Transient error (You have exceeded a rate limit. Contact planetarycomputer@microsoft.com.) -- retrying in 11s (attempt 1/5)
    Transient error (You have exceeded a rate limit. Contact planetarycomputer@microsoft.com.) -- retrying in 16s (attempt 2/5)
    Transient error (You have exceeded a rate limit. Contact planetarycomputer@microsoft.com.) -- retrying in 35s (attempt 3/5)
    Transient error (You have exceeded a rate limit. Contact planetarycomputer@microsoft.com.) -- retrying in 13s (attempt 1/5)
    Transient error (You have exceeded a rate limit. Contact planetarycomputer@microsoft.com.) -- retrying in 9s (attempt 1/5)
    Transient error (You have exceeded a rate limit. Contact planetarycomputer@microsoft.com.) -- retrying in 15s (attempt 1/5)
    Transient error (You have exceeded a rate limit. Contact planetarycomputer@microsoft.com.) -- retrying in 14s (attempt 1/5)
    Transient error (You have exceeded a rate limit. Contact planetarycomputer@microsoft.com.) -- retrying in 15s (attempt 1/5)
    Transient error (You have exceeded a rate limit. Contact planetarycomputer@microsoft.com.) -- retrying in 18s (attempt 2/5)
    ...10999 candidate(s) done (219.6 min elapsed)
    Transient error (You have exceeded a rate limit. Contact planetarycomputer@microsoft.com.) -- retrying in 11s (attempt 1/5)
    Transient error (You have exceeded a rate limit. Contact planetarycomputer@microsoft.com.) -- retrying in 15s (attempt 1/5)
    Transient error (You have exceeded a rate limit. Contact planetarycomputer@microsoft.com.) -- retrying in 10s (attempt 1/5)
    Transient error (You have exceeded a rate limit. Contact planetarycomputer@microsoft.com.) -- retrying in 16s (attempt 1/5)
    Transient error (You have exceeded a rate limit. Contact planetarycomputer@microsoft.com.) -- retrying in 9s (attempt 1/5)
    Transient error (You have exceeded a rate limit. Contact planetarycomputer@microsoft.com.) -- retrying in 16s (attempt 2/5)
    Transient error (You have exceeded a rate limit. Contact planetarycomputer@microsoft.com.) -- retrying in 11s (attempt 1/5)
    Transient error (You have exceeded a rate limit. Contact planetarycomputer@microsoft.com.) -- retrying in 8s (attempt 1/5)
    Transient error (You have exceeded a rate limit. Contact planetarycomputer@microsoft.com.) -- retrying in 14s (attempt 1/5)
    Transient error (You have exceeded a rate limit. Contact planetarycomputer@microsoft.com.) -- retrying in 9s (attempt 1/5)
    Transient error (You have exceeded a rate limit. Contact planetarycomputer@microsoft.com.) -- retrying in 13s (attempt 1/5)
    ...11199 candidate(s) done (223.1 min elapsed)
    Transient error (You have exceeded a rate limit. Contact planetarycomputer@microsoft.com.) -- retrying in 15s (attempt 1/5)
    Transient error (You have exceeded a rate limit. Contact planetarycomputer@microsoft.com.) -- retrying in 9s (attempt 1/5)
    Transient error (You have exceeded a rate limit. Contact planetarycomputer@microsoft.com.) -- retrying in 13s (attempt 1/5)
    Transient error (You have exceeded a rate limit. Contact planetarycomputer@microsoft.com.) -- retrying in 13s (attempt 1/5)
    Transient error (You have exceeded a rate limit. Contact planetarycomputer@microsoft.com.) -- retrying in 11s (attempt 1/5)
    Transient error (You have exceeded a rate limit. Contact planetarycomputer@microsoft.com.) -- retrying in 22s (attempt 2/5)
    Transient error (You have exceeded a rate limit. Contact planetarycomputer@microsoft.com.) -- retrying in 12s (attempt 1/5)
    Transient error (You have exceeded a rate limit. Contact planetarycomputer@microsoft.com.) -- retrying in 14s (attempt 1/5)
    Transient error (You have exceeded a rate limit. Contact planetarycomputer@microsoft.com.) -- retrying in 15s (attempt 1/5)
    Transient error (You have exceeded a rate limit. Contact planetarycomputer@microsoft.com.) -- retrying in 14s (attempt 1/5)
    Transient error (You have exceeded a rate limit. Contact planetarycomputer@microsoft.com.) -- retrying in 10s (attempt 1/5)
    Transient error (You have exceeded a rate limit. Contact planetarycomputer@microsoft.com.) -- retrying in 10s (attempt 1/5)
    Transient error (You have exceeded a rate limit. Contact planetarycomputer@microsoft.com.) -- retrying in 8s (attempt 1/5)
    Transient error (You have exceeded a rate limit. Contact planetarycomputer@microsoft.com.) -- retrying in 12s (attempt 1/5)
    Transient error (You have exceeded a rate limit. Contact planetarycomputer@microsoft.com.) -- retrying in 15s (attempt 1/5)
    Transient error (You have exceeded a rate limit. Contact planetarycomputer@microsoft.com.) -- retrying in 22s (attempt 2/5)
    Transient error (You have exceeded a rate limit. Contact planetarycomputer@microsoft.com.) -- retrying in 21s (attempt 2/5)
    Transient error (You have exceeded a rate limit. Contact planetarycomputer@microsoft.com.) -- retrying in 15s (attempt 1/5)
    Transient error (You have exceeded a rate limit. Contact planetarycomputer@microsoft.com.) -- retrying in 9s (attempt 1/5)
    ...11399 candidate(s) done (226.8 min elapsed)
    Transient error (You have exceeded a rate limit. Contact planetarycomputer@microsoft.com.) -- retrying in 14s (attempt 1/5)
    Transient error (You have exceeded a rate limit. Contact planetarycomputer@microsoft.com.) -- retrying in 11s (attempt 1/5)
    Transient error (You have exceeded a rate limit. Contact planetarycomputer@microsoft.com.) -- retrying in 10s (attempt 1/5)
    Transient error (You have exceeded a rate limit. Contact planetarycomputer@microsoft.com.) -- retrying in 8s (attempt 1/5)
    Transient error (You have exceeded a rate limit. Contact planetarycomputer@microsoft.com.) -- retrying in 14s (attempt 1/5)
    Transient error (You have exceeded a rate limit. Contact planetarycomputer@microsoft.com.) -- retrying in 10s (attempt 1/5)
    Transient error (You have exceeded a rate limit. Contact planetarycomputer@microsoft.com.) -- retrying in 8s (attempt 1/5)
    Transient error (You have exceeded a rate limit. Contact planetarycomputer@microsoft.com.) -- retrying in 14s (attempt 1/5)
    Transient error (You have exceeded a rate limit. Contact planetarycomputer@microsoft.com.) -- retrying in 17s (attempt 2/5)
    Transient error (You have exceeded a rate limit. Contact planetarycomputer@microsoft.com.) -- retrying in 15s (attempt 1/5)
    Transient error (You have exceeded a rate limit. Contact planetarycomputer@microsoft.com.) -- retrying in 16s (attempt 1/5)
    Transient error (You have exceeded a rate limit. Contact planetarycomputer@microsoft.com.) -- retrying in 9s (attempt 1/5)
    Transient error (You have exceeded a rate limit. Contact planetarycomputer@microsoft.com.) -- retrying in 9s (attempt 1/5)
    Transient error (You have exceeded a rate limit. Contact planetarycomputer@microsoft.com.) -- retrying in 11s (attempt 1/5)
    ...11599 candidate(s) done (231.1 min elapsed)
    Transient error (You have exceeded a rate limit. Contact planetarycomputer@microsoft.com.) -- retrying in 9s (attempt 1/5)
    Transient error (You have exceeded a rate limit. Contact planetarycomputer@microsoft.com.) -- retrying in 8s (attempt 1/5)
    Transient error (You have exceeded a rate limit. Contact planetarycomputer@microsoft.com.) -- retrying in 9s (attempt 1/5)
    Transient error (You have exceeded a rate limit. Contact planetarycomputer@microsoft.com.) -- retrying in 11s (attempt 1/5)
    Transient error (You have exceeded a rate limit. Contact planetarycomputer@microsoft.com.) -- retrying in 12s (attempt 1/5)
    Transient error (You have exceeded a rate limit. Contact planetarycomputer@microsoft.com.) -- retrying in 22s (attempt 2/5)
    Transient error (You have exceeded a rate limit. Contact planetarycomputer@microsoft.com.) -- retrying in 14s (attempt 1/5)
    Transient error (You have exceeded a rate limit. Contact planetarycomputer@microsoft.com.) -- retrying in 14s (attempt 1/5)
    Transient error (You have exceeded a rate limit. Contact planetarycomputer@microsoft.com.) -- retrying in 14s (attempt 1/5)
    Transient error (You have exceeded a rate limit. Contact planetarycomputer@microsoft.com.) -- retrying in 19s (attempt 2/5)
    Transient error (You have exceeded a rate limit. Contact planetarycomputer@microsoft.com.) -- retrying in 32s (attempt 3/5)
    Transient error (You have exceeded a rate limit. Contact planetarycomputer@microsoft.com.) -- retrying in 15s (attempt 1/5)
    Transient error (You have exceeded a rate limit. Contact planetarycomputer@microsoft.com.) -- retrying in 10s (attempt 1/5)
    Transient error (You have exceeded a rate limit. Contact planetarycomputer@microsoft.com.) -- retrying in 12s (attempt 1/5)
    Transient error (You have exceeded a rate limit. Contact planetarycomputer@microsoft.com.) -- retrying in 9s (attempt 1/5)
    Transient error (You have exceeded a rate limit. Contact planetarycomputer@microsoft.com.) -- retrying in 13s (attempt 1/5)
    Transient error (You have exceeded a rate limit. Contact planetarycomputer@microsoft.com.) -- retrying in 16s (attempt 1/5)
    Transient error (You have exceeded a rate limit. Contact planetarycomputer@microsoft.com.) -- retrying in 19s (attempt 2/5)
    Transient error (You have exceeded a rate limit. Contact planetarycomputer@microsoft.com.) -- retrying in 16s (attempt 1/5)
    Transient error (You have exceeded a rate limit. Contact planetarycomputer@microsoft.com.) -- retrying in 22s (attempt 2/5)
    Transient error (You have exceeded a rate limit. Contact planetarycomputer@microsoft.com.) -- retrying in 22s (attempt 2/5)
    Transient error (You have exceeded a rate limit. Contact planetarycomputer@microsoft.com.) -- retrying in 38s (attempt 3/5)
    Transient error (You have exceeded a rate limit. Contact planetarycomputer@microsoft.com.) -- retrying in 72s (attempt 4/5)
    ...11799 candidate(s) done (237.7 min elapsed)
    Transient error (You have exceeded a rate limit. Contact planetarycomputer@microsoft.com.) -- retrying in 10s (attempt 1/5)
    Transient error (You have exceeded a rate limit. Contact planetarycomputer@microsoft.com.) -- retrying in 9s (attempt 1/5)
    Transient error (You have exceeded a rate limit. Contact planetarycomputer@microsoft.com.) -- retrying in 12s (attempt 1/5)
    Transient error (You have exceeded a rate limit. Contact planetarycomputer@microsoft.com.) -- retrying in 20s (attempt 2/5)
    Transient error (You have exceeded a rate limit. Contact planetarycomputer@microsoft.com.) -- retrying in 8s (attempt 1/5)
    Transient error (You have exceeded a rate limit. Contact planetarycomputer@microsoft.com.) -- retrying in 22s (attempt 2/5)
    Transient error (You have exceeded a rate limit. Contact planetarycomputer@microsoft.com.) -- retrying in 13s (attempt 1/5)
    Transient error (You have exceeded a rate limit. Contact planetarycomputer@microsoft.com.) -- retrying in 8s (attempt 1/5)
    Transient error (You have exceeded a rate limit. Contact planetarycomputer@microsoft.com.) -- retrying in 22s (attempt 2/5)
    Transient error (You have exceeded a rate limit. Contact planetarycomputer@microsoft.com.) -- retrying in 9s (attempt 1/5)
    Transient error (You have exceeded a rate limit. Contact planetarycomputer@microsoft.com.) -- retrying in 13s (attempt 1/5)
    Transient error (You have exceeded a rate limit. Contact planetarycomputer@microsoft.com.) -- retrying in 11s (attempt 1/5)
    Transient error (You have exceeded a rate limit. Contact planetarycomputer@microsoft.com.) -- retrying in 11s (attempt 1/5)
    Transient error (You have exceeded a rate limit. Contact planetarycomputer@microsoft.com.) -- retrying in 12s (attempt 1/5)
    Transient error (You have exceeded a rate limit. Contact planetarycomputer@microsoft.com.) -- retrying in 15s (attempt 1/5)
    Transient error (You have exceeded a rate limit. Contact planetarycomputer@microsoft.com.) -- retrying in 10s (attempt 1/5)
    Transient error (You have exceeded a rate limit. Contact planetarycomputer@microsoft.com.) -- retrying in 10s (attempt 1/5)
    Transient error (You have exceeded a rate limit. Contact planetarycomputer@microsoft.com.) -- retrying in 19s (attempt 2/5)
    Transient error (You have exceeded a rate limit. Contact planetarycomputer@microsoft.com.) -- retrying in 11s (attempt 1/5)
    Transient error (You have exceeded a rate limit. Contact planetarycomputer@microsoft.com.) -- retrying in 9s (attempt 1/5)
    Transient error (You have exceeded a rate limit. Contact planetarycomputer@microsoft.com.) -- retrying in 13s (attempt 1/5)
    Transient error (You have exceeded a rate limit. Contact planetarycomputer@microsoft.com.) -- retrying in 15s (attempt 1/5)
    Transient error (You have exceeded a rate limit. Contact planetarycomputer@microsoft.com.) -- retrying in 17s (attempt 2/5)
    Transient error (You have exceeded a rate limit. Contact planetarycomputer@microsoft.com.) -- retrying in 18s (attempt 2/5)
    Transient error (You have exceeded a rate limit. Contact planetarycomputer@microsoft.com.) -- retrying in 36s (attempt 3/5)
    Transient error (You have exceeded a rate limit. Contact planetarycomputer@microsoft.com.) -- retrying in 71s (attempt 4/5)
    ...11999 candidate(s) done (244.3 min elapsed)
    Transient error (You have exceeded a rate limit. Contact planetarycomputer@microsoft.com.) -- retrying in 9s (attempt 1/5)
    Transient error (You have exceeded a rate limit. Contact planetarycomputer@microsoft.com.) -- retrying in 11s (attempt 1/5)
    Transient error (You have exceeded a rate limit. Contact planetarycomputer@microsoft.com.) -- retrying in 11s (attempt 1/5)
    Transient error (You have exceeded a rate limit. Contact planetarycomputer@microsoft.com.) -- retrying in 9s (attempt 1/5)
    Transient error (You have exceeded a rate limit. Contact planetarycomputer@microsoft.com.) -- retrying in 20s (attempt 2/5)
    ...12199 candidate(s) done (247.2 min elapsed)
    Transient error (You have exceeded a rate limit. Contact planetarycomputer@microsoft.com.) -- retrying in 14s (attempt 1/5)
    Transient error (You have exceeded a rate limit. Contact planetarycomputer@microsoft.com.) -- retrying in 11s (attempt 1/5)
    Transient error (You have exceeded a rate limit. Contact planetarycomputer@microsoft.com.) -- retrying in 13s (attempt 1/5)
    Transient error (You have exceeded a rate limit. Contact planetarycomputer@microsoft.com.) -- retrying in 14s (attempt 1/5)
    Transient error (You have exceeded a rate limit. Contact planetarycomputer@microsoft.com.) -- retrying in 15s (attempt 1/5)
    Transient error (You have exceeded a rate limit. Contact planetarycomputer@microsoft.com.) -- retrying in 13s (attempt 1/5)
    ...12399 candidate(s) done (250.4 min elapsed)
    Transient error (You have exceeded a rate limit. Contact planetarycomputer@microsoft.com.) -- retrying in 8s (attempt 1/5)
    Transient error (You have exceeded a rate limit. Contact planetarycomputer@microsoft.com.) -- retrying in 22s (attempt 2/5)
    Transient error (You have exceeded a rate limit. Contact planetarycomputer@microsoft.com.) -- retrying in 11s (attempt 1/5)
    Transient error (You have exceeded a rate limit. Contact planetarycomputer@microsoft.com.) -- retrying in 13s (attempt 1/5)
    Transient error (You have exceeded a rate limit. Contact planetarycomputer@microsoft.com.) -- retrying in 8s (attempt 1/5)
    Transient error (You have exceeded a rate limit. Contact planetarycomputer@microsoft.com.) -- retrying in 13s (attempt 1/5)
    Transient error (You have exceeded a rate limit. Contact planetarycomputer@microsoft.com.) -- retrying in 8s (attempt 1/5)
    Transient error (You have exceeded a rate limit. Contact planetarycomputer@microsoft.com.) -- retrying in 9s (attempt 1/5)
    Transient error (You have exceeded a rate limit. Contact planetarycomputer@microsoft.com.) -- retrying in 15s (attempt 1/5)
    Transient error (You have exceeded a rate limit. Contact planetarycomputer@microsoft.com.) -- retrying in 12s (attempt 1/5)
    Transient error (You have exceeded a rate limit. Contact planetarycomputer@microsoft.com.) -- retrying in 15s (attempt 1/5)
    Transient error (You have exceeded a rate limit. Contact planetarycomputer@microsoft.com.) -- retrying in 12s (attempt 1/5)
    Transient error (You have exceeded a rate limit. Contact planetarycomputer@microsoft.com.) -- retrying in 16s (attempt 1/5)
    Transient error (You have exceeded a rate limit. Contact planetarycomputer@microsoft.com.) -- retrying in 13s (attempt 1/5)
    Transient error (You have exceeded a rate limit. Contact planetarycomputer@microsoft.com.) -- retrying in 9s (attempt 1/5)
    Transient error (You have exceeded a rate limit. Contact planetarycomputer@microsoft.com.) -- retrying in 21s (attempt 2/5)
    ...12599 candidate(s) done (254.0 min elapsed)
    Transient error (You have exceeded a rate limit. Contact planetarycomputer@microsoft.com.) -- retrying in 12s (attempt 1/5)
    Transient error (You have exceeded a rate limit. Contact planetarycomputer@microsoft.com.) -- retrying in 20s (attempt 2/5)
    Transient error (You have exceeded a rate limit. Contact planetarycomputer@microsoft.com.) -- retrying in 12s (attempt 1/5)
    Transient error (You have exceeded a rate limit. Contact planetarycomputer@microsoft.com.) -- retrying in 24s (attempt 2/5)
    Transient error (You have exceeded a rate limit. Contact planetarycomputer@microsoft.com.) -- retrying in 39s (attempt 3/5)
    Transient error (You have exceeded a rate limit. Contact planetarycomputer@microsoft.com.) -- retrying in 14s (attempt 1/5)
    Transient error (You have exceeded a rate limit. Contact planetarycomputer@microsoft.com.) -- retrying in 17s (attempt 2/5)
    Transient error (You have exceeded a rate limit. Contact planetarycomputer@microsoft.com.) -- retrying in 11s (attempt 1/5)
    Transient error (You have exceeded a rate limit. Contact planetarycomputer@microsoft.com.) -- retrying in 14s (attempt 1/5)
    Transient error (You have exceeded a rate limit. Contact planetarycomputer@microsoft.com.) -- retrying in 18s (attempt 2/5)
    Transient error (You have exceeded a rate limit. Contact planetarycomputer@microsoft.com.) -- retrying in 14s (attempt 1/5)
    Transient error (You have exceeded a rate limit. Contact planetarycomputer@microsoft.com.) -- retrying in 24s (attempt 2/5)
    Transient error (You have exceeded a rate limit. Contact planetarycomputer@microsoft.com.) -- retrying in 10s (attempt 1/5)
    Transient error (You have exceeded a rate limit. Contact planetarycomputer@microsoft.com.) -- retrying in 15s (attempt 1/5)
    Transient error (You have exceeded a rate limit. Contact planetarycomputer@microsoft.com.) -- retrying in 22s (attempt 2/5)
    Transient error (You have exceeded a rate limit. Contact planetarycomputer@microsoft.com.) -- retrying in 15s (attempt 1/5)
    Transient error (You have exceeded a rate limit. Contact planetarycomputer@microsoft.com.) -- retrying in 9s (attempt 1/5)
    Transient error (You have exceeded a rate limit. Contact planetarycomputer@microsoft.com.) -- retrying in 15s (attempt 1/5)
    ...12799 candidate(s) done (259.6 min elapsed)
    Transient error (You have exceeded a rate limit. Contact planetarycomputer@microsoft.com.) -- retrying in 10s (attempt 1/5)
    Transient error (You have exceeded a rate limit. Contact planetarycomputer@microsoft.com.) -- retrying in 11s (attempt 1/5)
    Transient error (You have exceeded a rate limit. Contact planetarycomputer@microsoft.com.) -- retrying in 10s (attempt 1/5)
    Transient error (You have exceeded a rate limit. Contact planetarycomputer@microsoft.com.) -- retrying in 23s (attempt 2/5)
    ...12999 candidate(s) done (262.2 min elapsed)
    Transient error (You have exceeded a rate limit. Contact planetarycomputer@microsoft.com.) -- retrying in 13s (attempt 1/5)
    Transient error (You have exceeded a rate limit. Contact planetarycomputer@microsoft.com.) -- retrying in 13s (attempt 1/5)
    Transient error (You have exceeded a rate limit. Contact planetarycomputer@microsoft.com.) -- retrying in 15s (attempt 1/5)
    Transient error (You have exceeded a rate limit. Contact planetarycomputer@microsoft.com.) -- retrying in 16s (attempt 1/5)
    Transient error (You have exceeded a rate limit. Contact planetarycomputer@microsoft.com.) -- retrying in 12s (attempt 1/5)
    Transient error (You have exceeded a rate limit. Contact planetarycomputer@microsoft.com.) -- retrying in 9s (attempt 1/5)
    Transient error (You have exceeded a rate limit. Contact planetarycomputer@microsoft.com.) -- retrying in 16s (attempt 2/5)
    Transient error (You have exceeded a rate limit. Contact planetarycomputer@microsoft.com.) -- retrying in 13s (attempt 1/5)
    Transient error (You have exceeded a rate limit. Contact planetarycomputer@microsoft.com.) -- retrying in 9s (attempt 1/5)
    Transient error (You have exceeded a rate limit. Contact planetarycomputer@microsoft.com.) -- retrying in 9s (attempt 1/5)
    Transient error (You have exceeded a rate limit. Contact planetarycomputer@microsoft.com.) -- retrying in 14s (attempt 1/5)
    Transient error (You have exceeded a rate limit. Contact planetarycomputer@microsoft.com.) -- retrying in 13s (attempt 1/5)
    Transient error (You have exceeded a rate limit. Contact planetarycomputer@microsoft.com.) -- retrying in 21s (attempt 2/5)
    Transient error (You have exceeded a rate limit. Contact planetarycomputer@microsoft.com.) -- retrying in 18s (attempt 2/5)
    Transient error (You have exceeded a rate limit. Contact planetarycomputer@microsoft.com.) -- retrying in 8s (attempt 1/5)
    Transient error (You have exceeded a rate limit. Contact planetarycomputer@microsoft.com.) -- retrying in 20s (attempt 2/5)
    Transient error (You have exceeded a rate limit. Contact planetarycomputer@microsoft.com.) -- retrying in 21s (attempt 2/5)
    Transient error (You have exceeded a rate limit. Contact planetarycomputer@microsoft.com.) -- retrying in 15s (attempt 1/5)
    Transient error (You have exceeded a rate limit. Contact planetarycomputer@microsoft.com.) -- retrying in 8s (attempt 1/5)
    Transient error (You have exceeded a rate limit. Contact planetarycomputer@microsoft.com.) -- retrying in 10s (attempt 1/5)
    ...13199 candidate(s) done (265.6 min elapsed)
    Transient error (You have exceeded a rate limit. Contact planetarycomputer@microsoft.com.) -- retrying in 15s (attempt 1/5)
    Transient error (You have exceeded a rate limit. Contact planetarycomputer@microsoft.com.) -- retrying in 9s (attempt 1/5)
    Transient error (You have exceeded a rate limit. Contact planetarycomputer@microsoft.com.) -- retrying in 8s (attempt 1/5)
    Transient error (You have exceeded a rate limit. Contact planetarycomputer@microsoft.com.) -- retrying in 13s (attempt 1/5)
    Transient error (You have exceeded a rate limit. Contact planetarycomputer@microsoft.com.) -- retrying in 9s (attempt 1/5)
    Transient error (You have exceeded a rate limit. Contact planetarycomputer@microsoft.com.) -- retrying in 13s (attempt 1/5)
    Transient error (You have exceeded a rate limit. Contact planetarycomputer@microsoft.com.) -- retrying in 24s (attempt 2/5)
    Transient error (You have exceeded a rate limit. Contact planetarycomputer@microsoft.com.) -- retrying in 11s (attempt 1/5)
    Transient error (You have exceeded a rate limit. Contact planetarycomputer@microsoft.com.) -- retrying in 21s (attempt 2/5)
    Transient error (You have exceeded a rate limit. Contact planetarycomputer@microsoft.com.) -- retrying in 33s (attempt 3/5)
    Transient error (You have exceeded a rate limit. Contact planetarycomputer@microsoft.com.) -- retrying in 67s (attempt 4/5)
    Transient error (You have exceeded a rate limit. Contact planetarycomputer@microsoft.com.) -- retrying in 10s (attempt 1/5)
    ...13321 candidate(s) done (269.6 min elapsed)
  Flushed 13321 candidate row(s)

=== Summary ===
  Candidates processed : 13321
  Skipped (resume)     : 0
  No parcel geometry   : 0
  Elapsed              : 269.7 min

Outputs in: /work/GRDVULN/correction/data/od_features_candidates
Next: score these with stage2b_rf_model.joblib and compare rank-1 accuracy against Stage 2a alone, on the holdout's known truth.
Finished: Wed Sep  9 03:07:07 EDT 2026  (exit 0, 270 min)
THROUGHPUT NOTE: divide this task's 'Candidates processed' by 270
  min, then SUM across concurrent tasks to get aggregate rate. Compare
  that against the 39/min single-job baseline before raising the throttle.
