==========================================
Node:    r4n19
Job ID:  7413531
CPUs:    16
Started: Tue Sep  8 19:33:26 EDT 2026
==========================================
Loaded module: python/3.11
Python:  Python 3.11.13  (/work/GRDVULN/correction/.venv/bin/python)
------------------------------------------
Processing state: IL  (array index 11 of 48)
Running: python /work/GRDVULN/correction/scripts/01e_run_od_candidates.py --all --states IL --workers 8
/work/GRDVULN/correction/.venv/lib64/python3.11/site-packages/torch/serialization.py:1813: SourceChangeWarning: source code of class 'torch.nn.modules.conv.Conv2d' has changed. you can retrieve the original source code by accessing the object's source attribute or set `torch.nn.Module.dump_patches = True` and use the patch tool to revert the changes.
  _check_container_source(*data)
/work/GRDVULN/correction/.venv/lib64/python3.11/site-packages/torch/serialization.py:1813: SourceChangeWarning: source code of class 'torch.nn.modules.batchnorm.BatchNorm2d' has changed. you can retrieve the original source code by accessing the object's source attribute or set `torch.nn.Module.dump_patches = True` and use the patch tool to revert the changes.
  _check_container_source(*data)
=== 01e_run_od_candidates.py ===
output: /work/GRDVULN/correction/data/od_features_candidates

Loading Stage 2a candidates...
  240546 candidate(s) across 12030 plant(s) (top 20 each)
  --all: no scope restriction
  Restricted to ['IL']: 13840 candidate(s)

--- work plan ---
  IL: 13840 candidate parcel(s), 692 plant(s)
  TOTAL: 13840 candidate parcel(s)
  Each is tiled by 01b's generate_tile_grid -- most parcels are one tile, large ones more.
  Using weights: best.pt

Weights: /work/GRDVULN/correction/models/object_detection/best.pt
Classes: {0: 'aeration_basin', 1: 'clarifier', 2: 'digester'}

Connecting to Planetary Computer STAC API...
Connected.

--- State IL: 13840 candidate(s) ---
  Resume: skipping 40 already done
    Transient error (You have exceeded a rate limit. Contact planetarycomputer@microsoft.com.) -- retrying in 15s (attempt 1/5)
    Transient error (You have exceeded a rate limit. Contact planetarycomputer@microsoft.com.) -- retrying in 13s (attempt 1/5)
    Transient error (You have exceeded a rate limit. Contact planetarycomputer@microsoft.com.) -- retrying in 15s (attempt 1/5)
    Transient error (You have exceeded a rate limit. Contact planetarycomputer@microsoft.com.) -- retrying in 21s (attempt 2/5)
    Transient error (You have exceeded a rate limit. Contact planetarycomputer@microsoft.com.) -- retrying in 10s (attempt 1/5)
    Transient error (You have exceeded a rate limit. Contact planetarycomputer@microsoft.com.) -- retrying in 15s (attempt 1/5)
    Transient error (You have exceeded a rate limit. Contact planetarycomputer@microsoft.com.) -- retrying in 16s (attempt 2/5)
    Transient error (You have exceeded a rate limit. Contact planetarycomputer@microsoft.com.) -- retrying in 10s (attempt 1/5)
    Transient error (You have exceeded a rate limit. Contact planetarycomputer@microsoft.com.) -- retrying in 14s (attempt 1/5)
    Transient error (You have exceeded a rate limit. Contact planetarycomputer@microsoft.com.) -- retrying in 12s (attempt 1/5)
    Transient error (You have exceeded a rate limit. Contact planetarycomputer@microsoft.com.) -- retrying in 8s (attempt 1/5)
    Transient error (You have exceeded a rate limit. Contact planetarycomputer@microsoft.com.) -- retrying in 12s (attempt 1/5)
    Transient error (You have exceeded a rate limit. Contact planetarycomputer@microsoft.com.) -- retrying in 15s (attempt 1/5)
    Transient error (You have exceeded a rate limit. Contact planetarycomputer@microsoft.com.) -- retrying in 10s (attempt 1/5)
    Transient error (You have exceeded a rate limit. Contact planetarycomputer@microsoft.com.) -- retrying in 18s (attempt 2/5)
    Transient error (You have exceeded a rate limit. Contact planetarycomputer@microsoft.com.) -- retrying in 13s (attempt 1/5)
    ...200 candidate(s) done (4.4 min elapsed)
    Transient error (You have exceeded a rate limit. Contact planetarycomputer@microsoft.com.) -- retrying in 11s (attempt 1/5)
    Transient error (You have exceeded a rate limit. Contact planetarycomputer@microsoft.com.) -- retrying in 16s (attempt 1/5)
    Transient error (You have exceeded a rate limit. Contact planetarycomputer@microsoft.com.) -- retrying in 13s (attempt 1/5)
    Transient error (You have exceeded a rate limit. Contact planetarycomputer@microsoft.com.) -- retrying in 22s (attempt 2/5)
    Transient error (You have exceeded a rate limit. Contact planetarycomputer@microsoft.com.) -- retrying in 9s (attempt 1/5)
    Transient error (You have exceeded a rate limit. Contact planetarycomputer@microsoft.com.) -- retrying in 11s (attempt 1/5)
    Transient error (You have exceeded a rate limit. Contact planetarycomputer@microsoft.com.) -- retrying in 22s (attempt 2/5)
    Transient error (You have exceeded a rate limit. Contact planetarycomputer@microsoft.com.) -- retrying in 11s (attempt 1/5)
    Transient error (You have exceeded a rate limit. Contact planetarycomputer@microsoft.com.) -- retrying in 23s (attempt 2/5)
    Transient error (You have exceeded a rate limit. Contact planetarycomputer@microsoft.com.) -- retrying in 13s (attempt 1/5)
    Transient error (You have exceeded a rate limit. Contact planetarycomputer@microsoft.com.) -- retrying in 9s (attempt 1/5)
    Transient error (You have exceeded a rate limit. Contact planetarycomputer@microsoft.com.) -- retrying in 18s (attempt 2/5)
    Transient error (You have exceeded a rate limit. Contact planetarycomputer@microsoft.com.) -- retrying in 13s (attempt 1/5)
    ...400 candidate(s) done (9.4 min elapsed)
    Transient error (You have exceeded a rate limit. Contact planetarycomputer@microsoft.com.) -- retrying in 12s (attempt 1/5)
    Transient error (You have exceeded a rate limit. Contact planetarycomputer@microsoft.com.) -- retrying in 9s (attempt 1/5)
    Transient error (You have exceeded a rate limit. Contact planetarycomputer@microsoft.com.) -- retrying in 9s (attempt 1/5)
    Transient error (You have exceeded a rate limit. Contact planetarycomputer@microsoft.com.) -- retrying in 13s (attempt 1/5)
    Transient error (You have exceeded a rate limit. Contact planetarycomputer@microsoft.com.) -- retrying in 12s (attempt 1/5)
    Transient error (You have exceeded a rate limit. Contact planetarycomputer@microsoft.com.) -- retrying in 9s (attempt 1/5)
    Transient error (You have exceeded a rate limit. Contact planetarycomputer@microsoft.com.) -- retrying in 16s (attempt 1/5)
    Transient error (You have exceeded a rate limit. Contact planetarycomputer@microsoft.com.) -- retrying in 19s (attempt 2/5)
    Transient error (You have exceeded a rate limit. Contact planetarycomputer@microsoft.com.) -- retrying in 14s (attempt 1/5)
    Transient error (You have exceeded a rate limit. Contact planetarycomputer@microsoft.com.) -- retrying in 14s (attempt 1/5)
    Transient error (You have exceeded a rate limit. Contact planetarycomputer@microsoft.com.) -- retrying in 10s (attempt 1/5)
    ...600 candidate(s) done (13.0 min elapsed)
    Transient error (You have exceeded a rate limit. Contact planetarycomputer@microsoft.com.) -- retrying in 12s (attempt 1/5)
    Transient error (You have exceeded a rate limit. Contact planetarycomputer@microsoft.com.) -- retrying in 11s (attempt 1/5)
    Transient error (You have exceeded a rate limit. Contact planetarycomputer@microsoft.com.) -- retrying in 15s (attempt 1/5)
    Transient error (You have exceeded a rate limit. Contact planetarycomputer@microsoft.com.) -- retrying in 9s (attempt 1/5)
    Transient error (You have exceeded a rate limit. Contact planetarycomputer@microsoft.com.) -- retrying in 14s (attempt 1/5)
    Transient error (You have exceeded a rate limit. Contact planetarycomputer@microsoft.com.) -- retrying in 11s (attempt 1/5)
    Transient error (You have exceeded a rate limit. Contact planetarycomputer@microsoft.com.) -- retrying in 11s (attempt 1/5)
    Transient error (You have exceeded a rate limit. Contact planetarycomputer@microsoft.com.) -- retrying in 9s (attempt 1/5)
    Transient error (You have exceeded a rate limit. Contact planetarycomputer@microsoft.com.) -- retrying in 13s (attempt 1/5)
    Transient error (You have exceeded a rate limit. Contact planetarycomputer@microsoft.com.) -- retrying in 10s (attempt 1/5)
    Transient error (You have exceeded a rate limit. Contact planetarycomputer@microsoft.com.) -- retrying in 14s (attempt 1/5)
    Transient error (You have exceeded a rate limit. Contact planetarycomputer@microsoft.com.) -- retrying in 8s (attempt 1/5)
    Transient error (You have exceeded a rate limit. Contact planetarycomputer@microsoft.com.) -- retrying in 13s (attempt 1/5)
    Transient error (You have exceeded a rate limit. Contact planetarycomputer@microsoft.com.) -- retrying in 12s (attempt 1/5)
    Transient error (You have exceeded a rate limit. Contact planetarycomputer@microsoft.com.) -- retrying in 15s (attempt 1/5)
    ...800 candidate(s) done (16.3 min elapsed)
    Transient error (You have exceeded a rate limit. Contact planetarycomputer@microsoft.com.) -- retrying in 11s (attempt 1/5)
    Transient error (You have exceeded a rate limit. Contact planetarycomputer@microsoft.com.) -- retrying in 13s (attempt 1/5)
    Transient error (You have exceeded a rate limit. Contact planetarycomputer@microsoft.com.) -- retrying in 11s (attempt 1/5)
    Transient error (You have exceeded a rate limit. Contact planetarycomputer@microsoft.com.) -- retrying in 15s (attempt 1/5)
    Transient error (You have exceeded a rate limit. Contact planetarycomputer@microsoft.com.) -- retrying in 12s (attempt 1/5)
    Transient error (You have exceeded a rate limit. Contact planetarycomputer@microsoft.com.) -- retrying in 9s (attempt 1/5)
    Transient error (You have exceeded a rate limit. Contact planetarycomputer@microsoft.com.) -- retrying in 19s (attempt 2/5)
    ...1000 candidate(s) done (19.7 min elapsed)
    Transient error (You have exceeded a rate limit. Contact planetarycomputer@microsoft.com.) -- retrying in 10s (attempt 1/5)
    Transient error (You have exceeded a rate limit. Contact planetarycomputer@microsoft.com.) -- retrying in 15s (attempt 1/5)
    Transient error (You have exceeded a rate limit. Contact planetarycomputer@microsoft.com.) -- retrying in 20s (attempt 2/5)
    Transient error (You have exceeded a rate limit. Contact planetarycomputer@microsoft.com.) -- retrying in 14s (attempt 1/5)
    Transient error (You have exceeded a rate limit. Contact planetarycomputer@microsoft.com.) -- retrying in 9s (attempt 1/5)
    ...1200 candidate(s) done (22.5 min elapsed)
    Transient error (You have exceeded a rate limit. Contact planetarycomputer@microsoft.com.) -- retrying in 14s (attempt 1/5)
    Transient error (You have exceeded a rate limit. Contact planetarycomputer@microsoft.com.) -- retrying in 13s (attempt 1/5)
    ...1400 candidate(s) done (41.6 min elapsed)
    Transient error (You have exceeded a rate limit. Contact planetarycomputer@microsoft.com.) -- retrying in 10s (attempt 1/5)
    Transient error (You have exceeded a rate limit. Contact planetarycomputer@microsoft.com.) -- retrying in 14s (attempt 1/5)
    Transient error (You have exceeded a rate limit. Contact planetarycomputer@microsoft.com.) -- retrying in 16s (attempt 1/5)
    Transient error (You have exceeded a rate limit. Contact planetarycomputer@microsoft.com.) -- retrying in 23s (attempt 2/5)
    Transient error (You have exceeded a rate limit. Contact planetarycomputer@microsoft.com.) -- retrying in 12s (attempt 1/5)
    Transient error (You have exceeded a rate limit. Contact planetarycomputer@microsoft.com.) -- retrying in 21s (attempt 2/5)
    Transient error (You have exceeded a rate limit. Contact planetarycomputer@microsoft.com.) -- retrying in 11s (attempt 1/5)
    Transient error (You have exceeded a rate limit. Contact planetarycomputer@microsoft.com.) -- retrying in 8s (attempt 1/5)
    Transient error (You have exceeded a rate limit. Contact planetarycomputer@microsoft.com.) -- retrying in 20s (attempt 2/5)
    Transient error (You have exceeded a rate limit. Contact planetarycomputer@microsoft.com.) -- retrying in 11s (attempt 1/5)
    ...1600 candidate(s) done (45.6 min elapsed)
    Transient error (You have exceeded a rate limit. Contact planetarycomputer@microsoft.com.) -- retrying in 16s (attempt 1/5)
    Transient error (You have exceeded a rate limit. Contact planetarycomputer@microsoft.com.) -- retrying in 9s (attempt 1/5)
    Transient error (You have exceeded a rate limit. Contact planetarycomputer@microsoft.com.) -- retrying in 9s (attempt 1/5)
    Transient error (You have exceeded a rate limit. Contact planetarycomputer@microsoft.com.) -- retrying in 15s (attempt 1/5)
    Transient error (You have exceeded a rate limit. Contact planetarycomputer@microsoft.com.) -- retrying in 19s (attempt 2/5)
    Transient error (You have exceeded a rate limit. Contact planetarycomputer@microsoft.com.) -- retrying in 14s (attempt 1/5)
    Transient error (You have exceeded a rate limit. Contact planetarycomputer@microsoft.com.) -- retrying in 10s (attempt 1/5)
    Transient error (You have exceeded a rate limit. Contact planetarycomputer@microsoft.com.) -- retrying in 15s (attempt 1/5)
    Transient error (You have exceeded a rate limit. Contact planetarycomputer@microsoft.com.) -- retrying in 14s (attempt 1/5)
    Transient error (You have exceeded a rate limit. Contact planetarycomputer@microsoft.com.) -- retrying in 14s (attempt 1/5)
    Transient error (You have exceeded a rate limit. Contact planetarycomputer@microsoft.com.) -- retrying in 16s (attempt 1/5)
    Transient error (You have exceeded a rate limit. Contact planetarycomputer@microsoft.com.) -- retrying in 14s (attempt 1/5)
    Transient error (You have exceeded a rate limit. Contact planetarycomputer@microsoft.com.) -- retrying in 12s (attempt 1/5)
    Transient error (You have exceeded a rate limit. Contact planetarycomputer@microsoft.com.) -- retrying in 14s (attempt 1/5)
    ...1800 candidate(s) done (50.3 min elapsed)
    Transient error (You have exceeded a rate limit. Contact planetarycomputer@microsoft.com.) -- retrying in 12s (attempt 1/5)
    Transient error (You have exceeded a rate limit. Contact planetarycomputer@microsoft.com.) -- retrying in 10s (attempt 1/5)
    Transient error (You have exceeded a rate limit. Contact planetarycomputer@microsoft.com.) -- retrying in 12s (attempt 1/5)
    Transient error (You have exceeded a rate limit. Contact planetarycomputer@microsoft.com.) -- retrying in 11s (attempt 1/5)
    Transient error (You have exceeded a rate limit. Contact planetarycomputer@microsoft.com.) -- retrying in 10s (attempt 1/5)
    Transient error (You have exceeded a rate limit. Contact planetarycomputer@microsoft.com.) -- retrying in 13s (attempt 1/5)
    Transient error (You have exceeded a rate limit. Contact planetarycomputer@microsoft.com.) -- retrying in 10s (attempt 1/5)
    Transient error (You have exceeded a rate limit. Contact planetarycomputer@microsoft.com.) -- retrying in 14s (attempt 1/5)
    Transient error (You have exceeded a rate limit. Contact planetarycomputer@microsoft.com.) -- retrying in 10s (attempt 1/5)
    ...2000 candidate(s) done (53.3 min elapsed)
    Transient error (You have exceeded a rate limit. Contact planetarycomputer@microsoft.com.) -- retrying in 15s (attempt 1/5)
    Transient error (You have exceeded a rate limit. Contact planetarycomputer@microsoft.com.) -- retrying in 12s (attempt 1/5)
    Transient error (You have exceeded a rate limit. Contact planetarycomputer@microsoft.com.) -- retrying in 12s (attempt 1/5)
    Transient error (You have exceeded a rate limit. Contact planetarycomputer@microsoft.com.) -- retrying in 20s (attempt 2/5)
    Transient error (You have exceeded a rate limit. Contact planetarycomputer@microsoft.com.) -- retrying in 16s (attempt 1/5)
    Transient error (You have exceeded a rate limit. Contact planetarycomputer@microsoft.com.) -- retrying in 13s (attempt 1/5)
    Transient error (You have exceeded a rate limit. Contact planetarycomputer@microsoft.com.) -- retrying in 11s (attempt 1/5)
    Transient error (You have exceeded a rate limit. Contact planetarycomputer@microsoft.com.) -- retrying in 8s (attempt 1/5)
    ...2200 candidate(s) done (56.8 min elapsed)
    Transient error (You have exceeded a rate limit. Contact planetarycomputer@microsoft.com.) -- retrying in 16s (attempt 1/5)
    Transient error (You have exceeded a rate limit. Contact planetarycomputer@microsoft.com.) -- retrying in 9s (attempt 1/5)
    Transient error (You have exceeded a rate limit. Contact planetarycomputer@microsoft.com.) -- retrying in 11s (attempt 1/5)
    Transient error (You have exceeded a rate limit. Contact planetarycomputer@microsoft.com.) -- retrying in 10s (attempt 1/5)
    Transient error (You have exceeded a rate limit. Contact planetarycomputer@microsoft.com.) -- retrying in 9s (attempt 1/5)
    Transient error (You have exceeded a rate limit. Contact planetarycomputer@microsoft.com.) -- retrying in 14s (attempt 1/5)
    Transient error (You have exceeded a rate limit. Contact planetarycomputer@microsoft.com.) -- retrying in 13s (attempt 1/5)
    Transient error (You have exceeded a rate limit. Contact planetarycomputer@microsoft.com.) -- retrying in 18s (attempt 2/5)
    Transient error (You have exceeded a rate limit. Contact planetarycomputer@microsoft.com.) -- retrying in 13s (attempt 1/5)
    Transient error (You have exceeded a rate limit. Contact planetarycomputer@microsoft.com.) -- retrying in 11s (attempt 1/5)
    Transient error (You have exceeded a rate limit. Contact planetarycomputer@microsoft.com.) -- retrying in 9s (attempt 1/5)
    Transient error (You have exceeded a rate limit. Contact planetarycomputer@microsoft.com.) -- retrying in 14s (attempt 1/5)
    Transient error (You have exceeded a rate limit. Contact planetarycomputer@microsoft.com.) -- retrying in 14s (attempt 1/5)
    Transient error (You have exceeded a rate limit. Contact planetarycomputer@microsoft.com.) -- retrying in 12s (attempt 1/5)
    Transient error (You have exceeded a rate limit. Contact planetarycomputer@microsoft.com.) -- retrying in 11s (attempt 1/5)
    Transient error (You have exceeded a rate limit. Contact planetarycomputer@microsoft.com.) -- retrying in 20s (attempt 2/5)
    Transient error (You have exceeded a rate limit. Contact planetarycomputer@microsoft.com.) -- retrying in 20s (attempt 2/5)
    Transient error (You have exceeded a rate limit. Contact planetarycomputer@microsoft.com.) -- retrying in 33s (attempt 3/5)
    ...2400 candidate(s) done (61.7 min elapsed)
    Transient error (You have exceeded a rate limit. Contact planetarycomputer@microsoft.com.) -- retrying in 10s (attempt 1/5)
    Transient error (You have exceeded a rate limit. Contact planetarycomputer@microsoft.com.) -- retrying in 15s (attempt 1/5)
    Transient error (You have exceeded a rate limit. Contact planetarycomputer@microsoft.com.) -- retrying in 14s (attempt 1/5)
    Transient error (You have exceeded a rate limit. Contact planetarycomputer@microsoft.com.) -- retrying in 13s (attempt 1/5)
    Transient error (You have exceeded a rate limit. Contact planetarycomputer@microsoft.com.) -- retrying in 10s (attempt 1/5)
    Transient error (You have exceeded a rate limit. Contact planetarycomputer@microsoft.com.) -- retrying in 9s (attempt 1/5)
    Transient error (You have exceeded a rate limit. Contact planetarycomputer@microsoft.com.) -- retrying in 11s (attempt 1/5)
    Transient error (You have exceeded a rate limit. Contact planetarycomputer@microsoft.com.) -- retrying in 17s (attempt 2/5)
    Transient error (You have exceeded a rate limit. Contact planetarycomputer@microsoft.com.) -- retrying in 12s (attempt 1/5)
    Transient error (You have exceeded a rate limit. Contact planetarycomputer@microsoft.com.) -- retrying in 16s (attempt 1/5)
    Transient error (You have exceeded a rate limit. Contact planetarycomputer@microsoft.com.) -- retrying in 13s (attempt 1/5)
    Transient error (You have exceeded a rate limit. Contact planetarycomputer@microsoft.com.) -- retrying in 15s (attempt 1/5)
    ...2600 candidate(s) done (66.4 min elapsed)
    Transient error (You have exceeded a rate limit. Contact planetarycomputer@microsoft.com.) -- retrying in 13s (attempt 1/5)
    Transient error (You have exceeded a rate limit. Contact planetarycomputer@microsoft.com.) -- retrying in 10s (attempt 1/5)
    Transient error (You have exceeded a rate limit. Contact planetarycomputer@microsoft.com.) -- retrying in 13s (attempt 1/5)
    Transient error (You have exceeded a rate limit. Contact planetarycomputer@microsoft.com.) -- retrying in 8s (attempt 1/5)
    Transient error (You have exceeded a rate limit. Contact planetarycomputer@microsoft.com.) -- retrying in 22s (attempt 2/5)
    Transient error (You have exceeded a rate limit. Contact planetarycomputer@microsoft.com.) -- retrying in 13s (attempt 1/5)
    Transient error (You have exceeded a rate limit. Contact planetarycomputer@microsoft.com.) -- retrying in 12s (attempt 1/5)
    Transient error (You have exceeded a rate limit. Contact planetarycomputer@microsoft.com.) -- retrying in 12s (attempt 1/5)
    Transient error (You have exceeded a rate limit. Contact planetarycomputer@microsoft.com.) -- retrying in 15s (attempt 1/5)
    Transient error (You have exceeded a rate limit. Contact planetarycomputer@microsoft.com.) -- retrying in 12s (attempt 1/5)
    Transient error (You have exceeded a rate limit. Contact planetarycomputer@microsoft.com.) -- retrying in 11s (attempt 1/5)
    ...2800 candidate(s) done (70.1 min elapsed)
    Transient error (You have exceeded a rate limit. Contact planetarycomputer@microsoft.com.) -- retrying in 16s (attempt 1/5)
    Transient error (You have exceeded a rate limit. Contact planetarycomputer@microsoft.com.) -- retrying in 15s (attempt 1/5)
    Transient error (You have exceeded a rate limit. Contact planetarycomputer@microsoft.com.) -- retrying in 8s (attempt 1/5)
    Transient error (You have exceeded a rate limit. Contact planetarycomputer@microsoft.com.) -- retrying in 14s (attempt 1/5)
    Transient error (You have exceeded a rate limit. Contact planetarycomputer@microsoft.com.) -- retrying in 20s (attempt 2/5)
    Transient error (You have exceeded a rate limit. Contact planetarycomputer@microsoft.com.) -- retrying in 10s (attempt 1/5)
    Transient error (You have exceeded a rate limit. Contact planetarycomputer@microsoft.com.) -- retrying in 10s (attempt 1/5)
    Transient error (You have exceeded a rate limit. Contact planetarycomputer@microsoft.com.) -- retrying in 10s (attempt 1/5)
    Transient error (You have exceeded a rate limit. Contact planetarycomputer@microsoft.com.) -- retrying in 10s (attempt 1/5)
    Transient error (You have exceeded a rate limit. Contact planetarycomputer@microsoft.com.) -- retrying in 23s (attempt 2/5)
    ...3000 candidate(s) done (74.0 min elapsed)
    Transient error (You have exceeded a rate limit. Contact planetarycomputer@microsoft.com.) -- retrying in 14s (attempt 1/5)
    Transient error (You have exceeded a rate limit. Contact planetarycomputer@microsoft.com.) -- retrying in 14s (attempt 1/5)
    Transient error (You have exceeded a rate limit. Contact planetarycomputer@microsoft.com.) -- retrying in 10s (attempt 1/5)
    Transient error (You have exceeded a rate limit. Contact planetarycomputer@microsoft.com.) -- retrying in 15s (attempt 1/5)
    Transient error (You have exceeded a rate limit. Contact planetarycomputer@microsoft.com.) -- retrying in 9s (attempt 1/5)
    Transient error (You have exceeded a rate limit. Contact planetarycomputer@microsoft.com.) -- retrying in 12s (attempt 1/5)
    Transient error (You have exceeded a rate limit. Contact planetarycomputer@microsoft.com.) -- retrying in 23s (attempt 2/5)
    Transient error (You have exceeded a rate limit. Contact planetarycomputer@microsoft.com.) -- retrying in 16s (attempt 1/5)
    Transient error (You have exceeded a rate limit. Contact planetarycomputer@microsoft.com.) -- retrying in 12s (attempt 1/5)
    Transient error (You have exceeded a rate limit. Contact planetarycomputer@microsoft.com.) -- retrying in 16s (attempt 2/5)
    Transient error (You have exceeded a rate limit. Contact planetarycomputer@microsoft.com.) -- retrying in 14s (attempt 1/5)
    Transient error (You have exceeded a rate limit. Contact planetarycomputer@microsoft.com.) -- retrying in 21s (attempt 2/5)
    Transient error (You have exceeded a rate limit. Contact planetarycomputer@microsoft.com.) -- retrying in 10s (attempt 1/5)
    ...3200 candidate(s) done (78.5 min elapsed)
    Transient error (You have exceeded a rate limit. Contact planetarycomputer@microsoft.com.) -- retrying in 14s (attempt 1/5)
    Transient error (You have exceeded a rate limit. Contact planetarycomputer@microsoft.com.) -- retrying in 13s (attempt 1/5)
    Transient error (You have exceeded a rate limit. Contact planetarycomputer@microsoft.com.) -- retrying in 8s (attempt 1/5)
    Transient error (You have exceeded a rate limit. Contact planetarycomputer@microsoft.com.) -- retrying in 15s (attempt 1/5)
    Transient error (You have exceeded a rate limit. Contact planetarycomputer@microsoft.com.) -- retrying in 12s (attempt 1/5)
    Transient error (You have exceeded a rate limit. Contact planetarycomputer@microsoft.com.) -- retrying in 11s (attempt 1/5)
    Transient error (You have exceeded a rate limit. Contact planetarycomputer@microsoft.com.) -- retrying in 15s (attempt 1/5)
    Transient error (You have exceeded a rate limit. Contact planetarycomputer@microsoft.com.) -- retrying in 18s (attempt 2/5)
    Transient error (You have exceeded a rate limit. Contact planetarycomputer@microsoft.com.) -- retrying in 14s (attempt 1/5)
    Transient error (You have exceeded a rate limit. Contact planetarycomputer@microsoft.com.) -- retrying in 15s (attempt 1/5)
    Transient error (You have exceeded a rate limit. Contact planetarycomputer@microsoft.com.) -- retrying in 15s (attempt 1/5)
    Transient error (You have exceeded a rate limit. Contact planetarycomputer@microsoft.com.) -- retrying in 11s (attempt 1/5)
    Transient error (You have exceeded a rate limit. Contact planetarycomputer@microsoft.com.) -- retrying in 9s (attempt 1/5)
    Transient error (You have exceeded a rate limit. Contact planetarycomputer@microsoft.com.) -- retrying in 11s (attempt 1/5)
    Transient error (You have exceeded a rate limit. Contact planetarycomputer@microsoft.com.) -- retrying in 9s (attempt 1/5)
    Transient error (You have exceeded a rate limit. Contact planetarycomputer@microsoft.com.) -- retrying in 11s (attempt 1/5)
    Transient error (You have exceeded a rate limit. Contact planetarycomputer@microsoft.com.) -- retrying in 13s (attempt 1/5)
    ...3400 candidate(s) done (82.4 min elapsed)
    Transient error (You have exceeded a rate limit. Contact planetarycomputer@microsoft.com.) -- retrying in 14s (attempt 1/5)
    Transient error (You have exceeded a rate limit. Contact planetarycomputer@microsoft.com.) -- retrying in 22s (attempt 2/5)
    Transient error (You have exceeded a rate limit. Contact planetarycomputer@microsoft.com.) -- retrying in 10s (attempt 1/5)
    Transient error (You have exceeded a rate limit. Contact planetarycomputer@microsoft.com.) -- retrying in 11s (attempt 1/5)
    Transient error (You have exceeded a rate limit. Contact planetarycomputer@microsoft.com.) -- retrying in 22s (attempt 2/5)
    Transient error (You have exceeded a rate limit. Contact planetarycomputer@microsoft.com.) -- retrying in 8s (attempt 1/5)
    Transient error (You have exceeded a rate limit. Contact planetarycomputer@microsoft.com.) -- retrying in 23s (attempt 2/5)
    Transient error (You have exceeded a rate limit. Contact planetarycomputer@microsoft.com.) -- retrying in 13s (attempt 1/5)
    Transient error (You have exceeded a rate limit. Contact planetarycomputer@microsoft.com.) -- retrying in 14s (attempt 1/5)
    Transient error (You have exceeded a rate limit. Contact planetarycomputer@microsoft.com.) -- retrying in 11s (attempt 1/5)
    Transient error (You have exceeded a rate limit. Contact planetarycomputer@microsoft.com.) -- retrying in 23s (attempt 2/5)
    Transient error (You have exceeded a rate limit. Contact planetarycomputer@microsoft.com.) -- retrying in 9s (attempt 1/5)
    Transient error (You have exceeded a rate limit. Contact planetarycomputer@microsoft.com.) -- retrying in 15s (attempt 1/5)
    Transient error (You have exceeded a rate limit. Contact planetarycomputer@microsoft.com.) -- retrying in 11s (attempt 1/5)
    ...3600 candidate(s) done (87.7 min elapsed)
    17000334001::41d22dbe-9e15-42bb-9202-2d4f8bb7d4b4: prepare failed -- <html>
<head><title>502 Bad Gateway</title></head>
<body>
<center><h1>502 Bad Gateway</h1></center>
<hr><center>ngin
    Transient error (You have exceeded a rate limit. Contact planetarycomputer@microsoft.com.) -- retrying in 13s (attempt 1/5)
    Transient error (You have exceeded a rate limit. Contact planetarycomputer@microsoft.com.) -- retrying in 13s (attempt 1/5)
    Transient error (You have exceeded a rate limit. Contact planetarycomputer@microsoft.com.) -- retrying in 10s (attempt 1/5)
    Transient error (You have exceeded a rate limit. Contact planetarycomputer@microsoft.com.) -- retrying in 20s (attempt 2/5)
    Transient error (You have exceeded a rate limit. Contact planetarycomputer@microsoft.com.) -- retrying in 11s (attempt 1/5)
    Transient error (You have exceeded a rate limit. Contact planetarycomputer@microsoft.com.) -- retrying in 14s (attempt 1/5)
    Transient error (You have exceeded a rate limit. Contact planetarycomputer@microsoft.com.) -- retrying in 9s (attempt 1/5)
    Transient error (You have exceeded a rate limit. Contact planetarycomputer@microsoft.com.) -- retrying in 11s (attempt 1/5)
    Transient error (You have exceeded a rate limit. Contact planetarycomputer@microsoft.com.) -- retrying in 9s (attempt 1/5)
    Transient error (You have exceeded a rate limit. Contact planetarycomputer@microsoft.com.) -- retrying in 12s (attempt 1/5)
    Transient error (You have exceeded a rate limit. Contact planetarycomputer@microsoft.com.) -- retrying in 15s (attempt 1/5)
    Transient error (You have exceeded a rate limit. Contact planetarycomputer@microsoft.com.) -- retrying in 11s (attempt 1/5)
    Transient error (You have exceeded a rate limit. Contact planetarycomputer@microsoft.com.) -- retrying in 13s (attempt 1/5)
    Transient error (You have exceeded a rate limit. Contact planetarycomputer@microsoft.com.) -- retrying in 11s (attempt 1/5)
    Transient error (You have exceeded a rate limit. Contact planetarycomputer@microsoft.com.) -- retrying in 14s (attempt 1/5)
    Transient error (You have exceeded a rate limit. Contact planetarycomputer@microsoft.com.) -- retrying in 17s (attempt 2/5)
    ...3799 candidate(s) done (92.3 min elapsed)
    Transient error (You have exceeded a rate limit. Contact planetarycomputer@microsoft.com.) -- retrying in 11s (attempt 1/5)
    Transient error (You have exceeded a rate limit. Contact planetarycomputer@microsoft.com.) -- retrying in 11s (attempt 1/5)
    Transient error (You have exceeded a rate limit. Contact planetarycomputer@microsoft.com.) -- retrying in 14s (attempt 1/5)
    Transient error (You have exceeded a rate limit. Contact planetarycomputer@microsoft.com.) -- retrying in 8s (attempt 1/5)
    ...3999 candidate(s) done (94.6 min elapsed)
    Transient error (You have exceeded a rate limit. Contact planetarycomputer@microsoft.com.) -- retrying in 14s (attempt 1/5)
    Transient error (You have exceeded a rate limit. Contact planetarycomputer@microsoft.com.) -- retrying in 19s (attempt 2/5)
    Transient error (You have exceeded a rate limit. Contact planetarycomputer@microsoft.com.) -- retrying in 15s (attempt 1/5)
    Transient error (You have exceeded a rate limit. Contact planetarycomputer@microsoft.com.) -- retrying in 12s (attempt 1/5)
    Transient error (You have exceeded a rate limit. Contact planetarycomputer@microsoft.com.) -- retrying in 9s (attempt 1/5)
    Transient error (You have exceeded a rate limit. Contact planetarycomputer@microsoft.com.) -- retrying in 15s (attempt 1/5)
    Transient error (You have exceeded a rate limit. Contact planetarycomputer@microsoft.com.) -- retrying in 16s (attempt 1/5)
    Transient error (You have exceeded a rate limit. Contact planetarycomputer@microsoft.com.) -- retrying in 14s (attempt 1/5)
    Transient error (You have exceeded a rate limit. Contact planetarycomputer@microsoft.com.) -- retrying in 9s (attempt 1/5)
    Transient error (You have exceeded a rate limit. Contact planetarycomputer@microsoft.com.) -- retrying in 14s (attempt 1/5)
    Transient error (You have exceeded a rate limit. Contact planetarycomputer@microsoft.com.) -- retrying in 13s (attempt 1/5)
    Transient error (You have exceeded a rate limit. Contact planetarycomputer@microsoft.com.) -- retrying in 11s (attempt 1/5)
    Transient error (You have exceeded a rate limit. Contact planetarycomputer@microsoft.com.) -- retrying in 15s (attempt 1/5)
    Transient error (You have exceeded a rate limit. Contact planetarycomputer@microsoft.com.) -- retrying in 21s (attempt 2/5)
    Transient error (You have exceeded a rate limit. Contact planetarycomputer@microsoft.com.) -- retrying in 14s (attempt 1/5)
    Transient error (You have exceeded a rate limit. Contact planetarycomputer@microsoft.com.) -- retrying in 11s (attempt 1/5)
    Transient error (You have exceeded a rate limit. Contact planetarycomputer@microsoft.com.) -- retrying in 12s (attempt 1/5)
    Transient error (You have exceeded a rate limit. Contact planetarycomputer@microsoft.com.) -- retrying in 20s (attempt 2/5)
    Transient error (You have exceeded a rate limit. Contact planetarycomputer@microsoft.com.) -- retrying in 15s (attempt 1/5)
    Transient error (You have exceeded a rate limit. Contact planetarycomputer@microsoft.com.) -- retrying in 22s (attempt 2/5)
    Transient error (You have exceeded a rate limit. Contact planetarycomputer@microsoft.com.) -- retrying in 38s (attempt 3/5)
    ...4199 candidate(s) done (99.2 min elapsed)
    Transient error (You have exceeded a rate limit. Contact planetarycomputer@microsoft.com.) -- retrying in 11s (attempt 1/5)
    Transient error (You have exceeded a rate limit. Contact planetarycomputer@microsoft.com.) -- retrying in 12s (attempt 1/5)
    Transient error (You have exceeded a rate limit. Contact planetarycomputer@microsoft.com.) -- retrying in 9s (attempt 1/5)
    Transient error (You have exceeded a rate limit. Contact planetarycomputer@microsoft.com.) -- retrying in 11s (attempt 1/5)
    Transient error (You have exceeded a rate limit. Contact planetarycomputer@microsoft.com.) -- retrying in 16s (attempt 2/5)
    Transient error (You have exceeded a rate limit. Contact planetarycomputer@microsoft.com.) -- retrying in 9s (attempt 1/5)
    Transient error (You have exceeded a rate limit. Contact planetarycomputer@microsoft.com.) -- retrying in 9s (attempt 1/5)
    Transient error (You have exceeded a rate limit. Contact planetarycomputer@microsoft.com.) -- retrying in 14s (attempt 1/5)
    ...4399 candidate(s) done (102.0 min elapsed)
    Transient error (You have exceeded a rate limit. Contact planetarycomputer@microsoft.com.) -- retrying in 16s (attempt 1/5)
    Transient error (You have exceeded a rate limit. Contact planetarycomputer@microsoft.com.) -- retrying in 12s (attempt 1/5)
    Transient error (You have exceeded a rate limit. Contact planetarycomputer@microsoft.com.) -- retrying in 10s (attempt 1/5)
    Transient error (You have exceeded a rate limit. Contact planetarycomputer@microsoft.com.) -- retrying in 9s (attempt 1/5)
    Transient error (You have exceeded a rate limit. Contact planetarycomputer@microsoft.com.) -- retrying in 9s (attempt 1/5)
    Transient error (You have exceeded a rate limit. Contact planetarycomputer@microsoft.com.) -- retrying in 15s (attempt 1/5)
    Transient error (You have exceeded a rate limit. Contact planetarycomputer@microsoft.com.) -- retrying in 9s (attempt 1/5)
    Transient error (You have exceeded a rate limit. Contact planetarycomputer@microsoft.com.) -- retrying in 22s (attempt 2/5)
    Transient error (You have exceeded a rate limit. Contact planetarycomputer@microsoft.com.) -- retrying in 15s (attempt 1/5)
    Transient error (You have exceeded a rate limit. Contact planetarycomputer@microsoft.com.) -- retrying in 10s (attempt 1/5)
    ...4599 candidate(s) done (105.8 min elapsed)
    Transient error (You have exceeded a rate limit. Contact planetarycomputer@microsoft.com.) -- retrying in 16s (attempt 1/5)
    Transient error (You have exceeded a rate limit. Contact planetarycomputer@microsoft.com.) -- retrying in 9s (attempt 1/5)
    Transient error (You have exceeded a rate limit. Contact planetarycomputer@microsoft.com.) -- retrying in 16s (attempt 1/5)
    Transient error (You have exceeded a rate limit. Contact planetarycomputer@microsoft.com.) -- retrying in 20s (attempt 2/5)
    Transient error (You have exceeded a rate limit. Contact planetarycomputer@microsoft.com.) -- retrying in 39s (attempt 3/5)
    Transient error (You have exceeded a rate limit. Contact planetarycomputer@microsoft.com.) -- retrying in 10s (attempt 1/5)
    Transient error (You have exceeded a rate limit. Contact planetarycomputer@microsoft.com.) -- retrying in 13s (attempt 1/5)
    Transient error (You have exceeded a rate limit. Contact planetarycomputer@microsoft.com.) -- retrying in 15s (attempt 1/5)
    Transient error (You have exceeded a rate limit. Contact planetarycomputer@microsoft.com.) -- retrying in 10s (attempt 1/5)
    Transient error (You have exceeded a rate limit. Contact planetarycomputer@microsoft.com.) -- retrying in 15s (attempt 1/5)
    Transient error (You have exceeded a rate limit. Contact planetarycomputer@microsoft.com.) -- retrying in 9s (attempt 1/5)
    Transient error (You have exceeded a rate limit. Contact planetarycomputer@microsoft.com.) -- retrying in 8s (attempt 1/5)
    Transient error (You have exceeded a rate limit. Contact planetarycomputer@microsoft.com.) -- retrying in 19s (attempt 2/5)
    Transient error (You have exceeded a rate limit. Contact planetarycomputer@microsoft.com.) -- retrying in 13s (attempt 1/5)
    Transient error (You have exceeded a rate limit. Contact planetarycomputer@microsoft.com.) -- retrying in 18s (attempt 2/5)
    Transient error (You have exceeded a rate limit. Contact planetarycomputer@microsoft.com.) -- retrying in 10s (attempt 1/5)
    ...4799 candidate(s) done (110.1 min elapsed)
    Transient error (You have exceeded a rate limit. Contact planetarycomputer@microsoft.com.) -- retrying in 16s (attempt 1/5)
    Transient error (You have exceeded a rate limit. Contact planetarycomputer@microsoft.com.) -- retrying in 15s (attempt 1/5)
    Transient error (You have exceeded a rate limit. Contact planetarycomputer@microsoft.com.) -- retrying in 14s (attempt 1/5)
    Transient error (You have exceeded a rate limit. Contact planetarycomputer@microsoft.com.) -- retrying in 12s (attempt 1/5)
    Transient error (You have exceeded a rate limit. Contact planetarycomputer@microsoft.com.) -- retrying in 12s (attempt 1/5)
    Transient error (You have exceeded a rate limit. Contact planetarycomputer@microsoft.com.) -- retrying in 8s (attempt 1/5)
    Transient error (You have exceeded a rate limit. Contact planetarycomputer@microsoft.com.) -- retrying in 12s (attempt 1/5)
    Transient error (You have exceeded a rate limit. Contact planetarycomputer@microsoft.com.) -- retrying in 16s (attempt 1/5)
    Transient error (You have exceeded a rate limit. Contact planetarycomputer@microsoft.com.) -- retrying in 12s (attempt 1/5)
    Transient error (You have exceeded a rate limit. Contact planetarycomputer@microsoft.com.) -- retrying in 9s (attempt 1/5)
    Transient error (You have exceeded a rate limit. Contact planetarycomputer@microsoft.com.) -- retrying in 11s (attempt 1/5)
    ...4999 candidate(s) done (113.3 min elapsed)
    Transient error (You have exceeded a rate limit. Contact planetarycomputer@microsoft.com.) -- retrying in 13s (attempt 1/5)
    Transient error (You have exceeded a rate limit. Contact planetarycomputer@microsoft.com.) -- retrying in 19s (attempt 2/5)
    Transient error (You have exceeded a rate limit. Contact planetarycomputer@microsoft.com.) -- retrying in 11s (attempt 1/5)
    Transient error (You have exceeded a rate limit. Contact planetarycomputer@microsoft.com.) -- retrying in 8s (attempt 1/5)
    Transient error (You have exceeded a rate limit. Contact planetarycomputer@microsoft.com.) -- retrying in 8s (attempt 1/5)
    Transient error (You have exceeded a rate limit. Contact planetarycomputer@microsoft.com.) -- retrying in 9s (attempt 1/5)
    Transient error (You have exceeded a rate limit. Contact planetarycomputer@microsoft.com.) -- retrying in 14s (attempt 1/5)
    Transient error (You have exceeded a rate limit. Contact planetarycomputer@microsoft.com.) -- retrying in 23s (attempt 2/5)
    Transient error (You have exceeded a rate limit. Contact planetarycomputer@microsoft.com.) -- retrying in 16s (attempt 1/5)
    Transient error (You have exceeded a rate limit. Contact planetarycomputer@microsoft.com.) -- retrying in 13s (attempt 1/5)
    ...5199 candidate(s) done (116.9 min elapsed)
    Transient error (You have exceeded a rate limit. Contact planetarycomputer@microsoft.com.) -- retrying in 12s (attempt 1/5)
    Transient error (You have exceeded a rate limit. Contact planetarycomputer@microsoft.com.) -- retrying in 11s (attempt 1/5)
    Transient error (You have exceeded a rate limit. Contact planetarycomputer@microsoft.com.) -- retrying in 17s (attempt 2/5)
    Transient error (You have exceeded a rate limit. Contact planetarycomputer@microsoft.com.) -- retrying in 32s (attempt 3/5)
    Transient error (You have exceeded a rate limit. Contact planetarycomputer@microsoft.com.) -- retrying in 8s (attempt 1/5)
    Transient error (You have exceeded a rate limit. Contact planetarycomputer@microsoft.com.) -- retrying in 12s (attempt 1/5)
    Transient error (You have exceeded a rate limit. Contact planetarycomputer@microsoft.com.) -- retrying in 10s (attempt 1/5)
    Transient error (You have exceeded a rate limit. Contact planetarycomputer@microsoft.com.) -- retrying in 13s (attempt 1/5)
    Transient error (You have exceeded a rate limit. Contact planetarycomputer@microsoft.com.) -- retrying in 19s (attempt 2/5)
    Transient error (You have exceeded a rate limit. Contact planetarycomputer@microsoft.com.) -- retrying in 16s (attempt 1/5)
    Transient error (You have exceeded a rate limit. Contact planetarycomputer@microsoft.com.) -- retrying in 9s (attempt 1/5)
    Transient error (You have exceeded a rate limit. Contact planetarycomputer@microsoft.com.) -- retrying in 13s (attempt 1/5)
    ...5399 candidate(s) done (121.2 min elapsed)
    Transient error (You have exceeded a rate limit. Contact planetarycomputer@microsoft.com.) -- retrying in 14s (attempt 1/5)
    Transient error (You have exceeded a rate limit. Contact planetarycomputer@microsoft.com.) -- retrying in 11s (attempt 1/5)
    Transient error (You have exceeded a rate limit. Contact planetarycomputer@microsoft.com.) -- retrying in 13s (attempt 1/5)
    Transient error (You have exceeded a rate limit. Contact planetarycomputer@microsoft.com.) -- retrying in 9s (attempt 1/5)
    Transient error (You have exceeded a rate limit. Contact planetarycomputer@microsoft.com.) -- retrying in 9s (attempt 1/5)
    ...5599 candidate(s) done (123.4 min elapsed)
    Transient error (You have exceeded a rate limit. Contact planetarycomputer@microsoft.com.) -- retrying in 15s (attempt 1/5)
    Transient error (You have exceeded a rate limit. Contact planetarycomputer@microsoft.com.) -- retrying in 23s (attempt 2/5)
    Transient error (You have exceeded a rate limit. Contact planetarycomputer@microsoft.com.) -- retrying in 14s (attempt 1/5)
    Transient error (You have exceeded a rate limit. Contact planetarycomputer@microsoft.com.) -- retrying in 14s (attempt 1/5)
    Transient error (You have exceeded a rate limit. Contact planetarycomputer@microsoft.com.) -- retrying in 11s (attempt 1/5)
    Transient error (You have exceeded a rate limit. Contact planetarycomputer@microsoft.com.) -- retrying in 9s (attempt 1/5)
    Transient error (You have exceeded a rate limit. Contact planetarycomputer@microsoft.com.) -- retrying in 10s (attempt 1/5)
    Transient error (You have exceeded a rate limit. Contact planetarycomputer@microsoft.com.) -- retrying in 16s (attempt 1/5)
    Transient error (You have exceeded a rate limit. Contact planetarycomputer@microsoft.com.) -- retrying in 12s (attempt 1/5)
    Transient error (You have exceeded a rate limit. Contact planetarycomputer@microsoft.com.) -- retrying in 9s (attempt 1/5)
    Transient error (You have exceeded a rate limit. Contact planetarycomputer@microsoft.com.) -- retrying in 9s (attempt 1/5)
    Transient error (You have exceeded a rate limit. Contact planetarycomputer@microsoft.com.) -- retrying in 11s (attempt 1/5)
    Transient error (You have exceeded a rate limit. Contact planetarycomputer@microsoft.com.) -- retrying in 15s (attempt 1/5)
    Transient error (You have exceeded a rate limit. Contact planetarycomputer@microsoft.com.) -- retrying in 13s (attempt 1/5)
    Transient error (You have exceeded a rate limit. Contact planetarycomputer@microsoft.com.) -- retrying in 9s (attempt 1/5)
    Transient error (You have exceeded a rate limit. Contact planetarycomputer@microsoft.com.) -- retrying in 11s (attempt 1/5)
    Transient error (You have exceeded a rate limit. Contact planetarycomputer@microsoft.com.) -- retrying in 23s (attempt 2/5)
    Transient error (You have exceeded a rate limit. Contact planetarycomputer@microsoft.com.) -- retrying in 32s (attempt 3/5)
    Transient error (You have exceeded a rate limit. Contact planetarycomputer@microsoft.com.) -- retrying in 71s (attempt 4/5)
    Transient error (You have exceeded a rate limit. Contact planetarycomputer@microsoft.com.) -- retrying in 14s (attempt 1/5)
    ...5799 candidate(s) done (130.1 min elapsed)
    Transient error (You have exceeded a rate limit. Contact planetarycomputer@microsoft.com.) -- retrying in 9s (attempt 1/5)
    Transient error (You have exceeded a rate limit. Contact planetarycomputer@microsoft.com.) -- retrying in 22s (attempt 2/5)
    Transient error (You have exceeded a rate limit. Contact planetarycomputer@microsoft.com.) -- retrying in 33s (attempt 3/5)
    Transient error (You have exceeded a rate limit. Contact planetarycomputer@microsoft.com.) -- retrying in 8s (attempt 1/5)
    Transient error (You have exceeded a rate limit. Contact planetarycomputer@microsoft.com.) -- retrying in 18s (attempt 2/5)
    Transient error (You have exceeded a rate limit. Contact planetarycomputer@microsoft.com.) -- retrying in 9s (attempt 1/5)
    Transient error (You have exceeded a rate limit. Contact planetarycomputer@microsoft.com.) -- retrying in 23s (attempt 2/5)
    Transient error (You have exceeded a rate limit. Contact planetarycomputer@microsoft.com.) -- retrying in 15s (attempt 1/5)
    Transient error (You have exceeded a rate limit. Contact planetarycomputer@microsoft.com.) -- retrying in 16s (attempt 1/5)
    Transient error (You have exceeded a rate limit. Contact planetarycomputer@microsoft.com.) -- retrying in 19s (attempt 2/5)
    Transient error (You have exceeded a rate limit. Contact planetarycomputer@microsoft.com.) -- retrying in 38s (attempt 3/5)
    Transient error (You have exceeded a rate limit. Contact planetarycomputer@microsoft.com.) -- retrying in 64s (attempt 4/5)
    Transient error (You have exceeded a rate limit. Contact planetarycomputer@microsoft.com.) -- retrying in 9s (attempt 1/5)
    Transient error (You have exceeded a rate limit. Contact planetarycomputer@microsoft.com.) -- retrying in 16s (attempt 1/5)
    ...5999 candidate(s) done (136.4 min elapsed)
    Transient error (You have exceeded a rate limit. Contact planetarycomputer@microsoft.com.) -- retrying in 12s (attempt 1/5)
    Transient error (You have exceeded a rate limit. Contact planetarycomputer@microsoft.com.) -- retrying in 22s (attempt 2/5)
    Transient error (You have exceeded a rate limit. Contact planetarycomputer@microsoft.com.) -- retrying in 16s (attempt 1/5)
    Transient error (You have exceeded a rate limit. Contact planetarycomputer@microsoft.com.) -- retrying in 17s (attempt 2/5)
    Transient error (You have exceeded a rate limit. Contact planetarycomputer@microsoft.com.) -- retrying in 10s (attempt 1/5)
    Transient error (You have exceeded a rate limit. Contact planetarycomputer@microsoft.com.) -- retrying in 15s (attempt 1/5)
    ...6199 candidate(s) done (139.3 min elapsed)
    Transient error (You have exceeded a rate limit. Contact planetarycomputer@microsoft.com.) -- retrying in 13s (attempt 1/5)
    Transient error (You have exceeded a rate limit. Contact planetarycomputer@microsoft.com.) -- retrying in 15s (attempt 1/5)
    Transient error (You have exceeded a rate limit. Contact planetarycomputer@microsoft.com.) -- retrying in 21s (attempt 2/5)
    Transient error (You have exceeded a rate limit. Contact planetarycomputer@microsoft.com.) -- retrying in 9s (attempt 1/5)
    Transient error (You have exceeded a rate limit. Contact planetarycomputer@microsoft.com.) -- retrying in 14s (attempt 1/5)
    Transient error (You have exceeded a rate limit. Contact planetarycomputer@microsoft.com.) -- retrying in 10s (attempt 1/5)
    Transient error (You have exceeded a rate limit. Contact planetarycomputer@microsoft.com.) -- retrying in 23s (attempt 2/5)
    Transient error (You have exceeded a rate limit. Contact planetarycomputer@microsoft.com.) -- retrying in 14s (attempt 1/5)
    Transient error (You have exceeded a rate limit. Contact planetarycomputer@microsoft.com.) -- retrying in 11s (attempt 1/5)
    Transient error (You have exceeded a rate limit. Contact planetarycomputer@microsoft.com.) -- retrying in 20s (attempt 2/5)
    Transient error (You have exceeded a rate limit. Contact planetarycomputer@microsoft.com.) -- retrying in 40s (attempt 3/5)
    Transient error (You have exceeded a rate limit. Contact planetarycomputer@microsoft.com.) -- retrying in 8s (attempt 1/5)
    Transient error (You have exceeded a rate limit. Contact planetarycomputer@microsoft.com.) -- retrying in 12s (attempt 1/5)
    Transient error (You have exceeded a rate limit. Contact planetarycomputer@microsoft.com.) -- retrying in 10s (attempt 1/5)
    Transient error (You have exceeded a rate limit. Contact planetarycomputer@microsoft.com.) -- retrying in 9s (attempt 1/5)
    Transient error (You have exceeded a rate limit. Contact planetarycomputer@microsoft.com.) -- retrying in 13s (attempt 1/5)
    Transient error (You have exceeded a rate limit. Contact planetarycomputer@microsoft.com.) -- retrying in 14s (attempt 1/5)
    ...6399 candidate(s) done (144.4 min elapsed)
    Transient error (You have exceeded a rate limit. Contact planetarycomputer@microsoft.com.) -- retrying in 15s (attempt 1/5)
    Transient error (You have exceeded a rate limit. Contact planetarycomputer@microsoft.com.) -- retrying in 10s (attempt 1/5)
    Transient error (You have exceeded a rate limit. Contact planetarycomputer@microsoft.com.) -- retrying in 14s (attempt 1/5)
    Transient error (You have exceeded a rate limit. Contact planetarycomputer@microsoft.com.) -- retrying in 12s (attempt 1/5)
    17001030001::6858c5d4-4e85-4190-924d-1cfa1ab3c363: prepare failed -- <html>
<head><title>502 Bad Gateway</title></head>
<body>
<center><h1>502 Bad Gateway</h1></center>
<hr><center>ngin
    Transient error (You have exceeded a rate limit. Contact planetarycomputer@microsoft.com.) -- retrying in 12s (attempt 1/5)
    Transient error (You have exceeded a rate limit. Contact planetarycomputer@microsoft.com.) -- retrying in 15s (attempt 1/5)
    Transient error (You have exceeded a rate limit. Contact planetarycomputer@microsoft.com.) -- retrying in 24s (attempt 2/5)
    ...6598 candidate(s) done (147.8 min elapsed)
    Transient error (You have exceeded a rate limit. Contact planetarycomputer@microsoft.com.) -- retrying in 13s (attempt 1/5)
    Transient error (You have exceeded a rate limit. Contact planetarycomputer@microsoft.com.) -- retrying in 13s (attempt 1/5)
    ...6798 candidate(s) done (149.4 min elapsed)
    Transient error (You have exceeded a rate limit. Contact planetarycomputer@microsoft.com.) -- retrying in 15s (attempt 1/5)
    Transient error (You have exceeded a rate limit. Contact planetarycomputer@microsoft.com.) -- retrying in 16s (attempt 1/5)
    Transient error (You have exceeded a rate limit. Contact planetarycomputer@microsoft.com.) -- retrying in 8s (attempt 1/5)
    Transient error (You have exceeded a rate limit. Contact planetarycomputer@microsoft.com.) -- retrying in 13s (attempt 1/5)
    Transient error (You have exceeded a rate limit. Contact planetarycomputer@microsoft.com.) -- retrying in 11s (attempt 1/5)
    Transient error (You have exceeded a rate limit. Contact planetarycomputer@microsoft.com.) -- retrying in 16s (attempt 1/5)
    Transient error (You have exceeded a rate limit. Contact planetarycomputer@microsoft.com.) -- retrying in 12s (attempt 1/5)
    Transient error (You have exceeded a rate limit. Contact planetarycomputer@microsoft.com.) -- retrying in 13s (attempt 1/5)
    Transient error (You have exceeded a rate limit. Contact planetarycomputer@microsoft.com.) -- retrying in 18s (attempt 2/5)
    Transient error (You have exceeded a rate limit. Contact planetarycomputer@microsoft.com.) -- retrying in 15s (attempt 1/5)
    Transient error (You have exceeded a rate limit. Contact planetarycomputer@microsoft.com.) -- retrying in 16s (attempt 2/5)
    Transient error (You have exceeded a rate limit. Contact planetarycomputer@microsoft.com.) -- retrying in 37s (attempt 3/5)
    Transient error (You have exceeded a rate limit. Contact planetarycomputer@microsoft.com.) -- retrying in 11s (attempt 1/5)
    Transient error (You have exceeded a rate limit. Contact planetarycomputer@microsoft.com.) -- retrying in 8s (attempt 1/5)
    Transient error (You have exceeded a rate limit. Contact planetarycomputer@microsoft.com.) -- retrying in 15s (attempt 1/5)
    Transient error (You have exceeded a rate limit. Contact planetarycomputer@microsoft.com.) -- retrying in 12s (attempt 1/5)
    Transient error (You have exceeded a rate limit. Contact planetarycomputer@microsoft.com.) -- retrying in 10s (attempt 1/5)
    Transient error (You have exceeded a rate limit. Contact planetarycomputer@microsoft.com.) -- retrying in 8s (attempt 1/5)
    Transient error (You have exceeded a rate limit. Contact planetarycomputer@microsoft.com.) -- retrying in 22s (attempt 2/5)
    Transient error (You have exceeded a rate limit. Contact planetarycomputer@microsoft.com.) -- retrying in 17s (attempt 2/5)
    Transient error (You have exceeded a rate limit. Contact planetarycomputer@microsoft.com.) -- retrying in 34s (attempt 3/5)
    Transient error (You have exceeded a rate limit. Contact planetarycomputer@microsoft.com.) -- retrying in 64s (attempt 4/5)
    Transient error (You have exceeded a rate limit. Contact planetarycomputer@microsoft.com.) -- retrying in 9s (attempt 1/5)
    ...6998 candidate(s) done (156.3 min elapsed)
    Transient error (You have exceeded a rate limit. Contact planetarycomputer@microsoft.com.) -- retrying in 15s (attempt 1/5)
    Transient error (You have exceeded a rate limit. Contact planetarycomputer@microsoft.com.) -- retrying in 23s (attempt 2/5)
    Transient error (You have exceeded a rate limit. Contact planetarycomputer@microsoft.com.) -- retrying in 9s (attempt 1/5)
    Transient error (You have exceeded a rate limit. Contact planetarycomputer@microsoft.com.) -- retrying in 14s (attempt 1/5)
    Transient error (You have exceeded a rate limit. Contact planetarycomputer@microsoft.com.) -- retrying in 18s (attempt 2/5)
    Transient error (You have exceeded a rate limit. Contact planetarycomputer@microsoft.com.) -- retrying in 13s (attempt 1/5)
    Transient error (You have exceeded a rate limit. Contact planetarycomputer@microsoft.com.) -- retrying in 18s (attempt 2/5)
    Transient error (You have exceeded a rate limit. Contact planetarycomputer@microsoft.com.) -- retrying in 15s (attempt 1/5)
    Transient error (You have exceeded a rate limit. Contact planetarycomputer@microsoft.com.) -- retrying in 8s (attempt 1/5)
    Transient error (You have exceeded a rate limit. Contact planetarycomputer@microsoft.com.) -- retrying in 12s (attempt 1/5)
    Transient error (You have exceeded a rate limit. Contact planetarycomputer@microsoft.com.) -- retrying in 23s (attempt 2/5)
    Transient error (You have exceeded a rate limit. Contact planetarycomputer@microsoft.com.) -- retrying in 12s (attempt 1/5)
    ...7198 candidate(s) done (161.1 min elapsed)
    Transient error (You have exceeded a rate limit. Contact planetarycomputer@microsoft.com.) -- retrying in 13s (attempt 1/5)
    Transient error (You have exceeded a rate limit. Contact planetarycomputer@microsoft.com.) -- retrying in 14s (attempt 1/5)
    Transient error (You have exceeded a rate limit. Contact planetarycomputer@microsoft.com.) -- retrying in 10s (attempt 1/5)
    Transient error (You have exceeded a rate limit. Contact planetarycomputer@microsoft.com.) -- retrying in 11s (attempt 1/5)
    Transient error (You have exceeded a rate limit. Contact planetarycomputer@microsoft.com.) -- retrying in 9s (attempt 1/5)
    Transient error (You have exceeded a rate limit. Contact planetarycomputer@microsoft.com.) -- retrying in 21s (attempt 2/5)
    Transient error (You have exceeded a rate limit. Contact planetarycomputer@microsoft.com.) -- retrying in 9s (attempt 1/5)
    Transient error (You have exceeded a rate limit. Contact planetarycomputer@microsoft.com.) -- retrying in 12s (attempt 1/5)
    Transient error (You have exceeded a rate limit. Contact planetarycomputer@microsoft.com.) -- retrying in 15s (attempt 1/5)
    Transient error (You have exceeded a rate limit. Contact planetarycomputer@microsoft.com.) -- retrying in 14s (attempt 1/5)
    Transient error (You have exceeded a rate limit. Contact planetarycomputer@microsoft.com.) -- retrying in 12s (attempt 1/5)
    Transient error (You have exceeded a rate limit. Contact planetarycomputer@microsoft.com.) -- retrying in 19s (attempt 2/5)
    Transient error (You have exceeded a rate limit. Contact planetarycomputer@microsoft.com.) -- retrying in 37s (attempt 3/5)
    Transient error (You have exceeded a rate limit. Contact planetarycomputer@microsoft.com.) -- retrying in 65s (attempt 4/5)
    Transient error (You have exceeded a rate limit. Contact planetarycomputer@microsoft.com.) -- retrying in 8s (attempt 1/5)
    ...7398 candidate(s) done (167.1 min elapsed)
    Transient error (You have exceeded a rate limit. Contact planetarycomputer@microsoft.com.) -- retrying in 11s (attempt 1/5)
    Transient error (You have exceeded a rate limit. Contact planetarycomputer@microsoft.com.) -- retrying in 11s (attempt 1/5)
    Transient error (You have exceeded a rate limit. Contact planetarycomputer@microsoft.com.) -- retrying in 13s (attempt 1/5)
    Transient error (You have exceeded a rate limit. Contact planetarycomputer@microsoft.com.) -- retrying in 18s (attempt 2/5)
    Transient error (You have exceeded a rate limit. Contact planetarycomputer@microsoft.com.) -- retrying in 37s (attempt 3/5)
    Transient error (You have exceeded a rate limit. Contact planetarycomputer@microsoft.com.) -- retrying in 12s (attempt 1/5)
    Transient error (You have exceeded a rate limit. Contact planetarycomputer@microsoft.com.) -- retrying in 15s (attempt 1/5)
    Transient error (You have exceeded a rate limit. Contact planetarycomputer@microsoft.com.) -- retrying in 13s (attempt 1/5)
    Transient error (You have exceeded a rate limit. Contact planetarycomputer@microsoft.com.) -- retrying in 9s (attempt 1/5)
    Transient error (You have exceeded a rate limit. Contact planetarycomputer@microsoft.com.) -- retrying in 9s (attempt 1/5)
    Transient error (You have exceeded a rate limit. Contact planetarycomputer@microsoft.com.) -- retrying in 10s (attempt 1/5)
    Transient error (You have exceeded a rate limit. Contact planetarycomputer@microsoft.com.) -- retrying in 16s (attempt 1/5)
    Transient error (You have exceeded a rate limit. Contact planetarycomputer@microsoft.com.) -- retrying in 15s (attempt 1/5)
    Transient error (You have exceeded a rate limit. Contact planetarycomputer@microsoft.com.) -- retrying in 11s (attempt 1/5)
    Transient error (You have exceeded a rate limit. Contact planetarycomputer@microsoft.com.) -- retrying in 12s (attempt 1/5)
    Transient error (You have exceeded a rate limit. Contact planetarycomputer@microsoft.com.) -- retrying in 23s (attempt 2/5)
    ...7598 candidate(s) done (172.1 min elapsed)
    Transient error (You have exceeded a rate limit. Contact planetarycomputer@microsoft.com.) -- retrying in 10s (attempt 1/5)
    Transient error (You have exceeded a rate limit. Contact planetarycomputer@microsoft.com.) -- retrying in 11s (attempt 1/5)
    Transient error (You have exceeded a rate limit. Contact planetarycomputer@microsoft.com.) -- retrying in 10s (attempt 1/5)
    Transient error (You have exceeded a rate limit. Contact planetarycomputer@microsoft.com.) -- retrying in 16s (attempt 1/5)
    Transient error (You have exceeded a rate limit. Contact planetarycomputer@microsoft.com.) -- retrying in 9s (attempt 1/5)
    Transient error (You have exceeded a rate limit. Contact planetarycomputer@microsoft.com.) -- retrying in 21s (attempt 2/5)
    Transient error (You have exceeded a rate limit. Contact planetarycomputer@microsoft.com.) -- retrying in 11s (attempt 1/5)
    Transient error (You have exceeded a rate limit. Contact planetarycomputer@microsoft.com.) -- retrying in 12s (attempt 1/5)
    Transient error (You have exceeded a rate limit. Contact planetarycomputer@microsoft.com.) -- retrying in 10s (attempt 1/5)
    ...7798 candidate(s) done (175.4 min elapsed)
    Transient error (You have exceeded a rate limit. Contact planetarycomputer@microsoft.com.) -- retrying in 10s (attempt 1/5)
    Transient error (You have exceeded a rate limit. Contact planetarycomputer@microsoft.com.) -- retrying in 20s (attempt 2/5)
    Transient error (You have exceeded a rate limit. Contact planetarycomputer@microsoft.com.) -- retrying in 11s (attempt 1/5)
    Transient error (You have exceeded a rate limit. Contact planetarycomputer@microsoft.com.) -- retrying in 13s (attempt 1/5)
    Transient error (You have exceeded a rate limit. Contact planetarycomputer@microsoft.com.) -- retrying in 17s (attempt 2/5)
    Transient error (You have exceeded a rate limit. Contact planetarycomputer@microsoft.com.) -- retrying in 39s (attempt 3/5)
    ...7998 candidate(s) done (178.6 min elapsed)
    Transient error (You have exceeded a rate limit. Contact planetarycomputer@microsoft.com.) -- retrying in 9s (attempt 1/5)
    Transient error (You have exceeded a rate limit. Contact planetarycomputer@microsoft.com.) -- retrying in 22s (attempt 2/5)
    Transient error (You have exceeded a rate limit. Contact planetarycomputer@microsoft.com.) -- retrying in 10s (attempt 1/5)
    Transient error (You have exceeded a rate limit. Contact planetarycomputer@microsoft.com.) -- retrying in 12s (attempt 1/5)
    Transient error (You have exceeded a rate limit. Contact planetarycomputer@microsoft.com.) -- retrying in 12s (attempt 1/5)
    Transient error (You have exceeded a rate limit. Contact planetarycomputer@microsoft.com.) -- retrying in 14s (attempt 1/5)
    Transient error (You have exceeded a rate limit. Contact planetarycomputer@microsoft.com.) -- retrying in 23s (attempt 2/5)
    Transient error (You have exceeded a rate limit. Contact planetarycomputer@microsoft.com.) -- retrying in 32s (attempt 3/5)
    Transient error (You have exceeded a rate limit. Contact planetarycomputer@microsoft.com.) -- retrying in 65s (attempt 4/5)
    Transient error (You have exceeded a rate limit. Contact planetarycomputer@microsoft.com.) -- retrying in 14s (attempt 1/5)
    Transient error (You have exceeded a rate limit. Contact planetarycomputer@microsoft.com.) -- retrying in 13s (attempt 1/5)
    Transient error (You have exceeded a rate limit. Contact planetarycomputer@microsoft.com.) -- retrying in 11s (attempt 1/5)
    Transient error (You have exceeded a rate limit. Contact planetarycomputer@microsoft.com.) -- retrying in 22s (attempt 2/5)
    Transient error (You have exceeded a rate limit. Contact planetarycomputer@microsoft.com.) -- retrying in 12s (attempt 1/5)
    Transient error (You have exceeded a rate limit. Contact planetarycomputer@microsoft.com.) -- retrying in 11s (attempt 1/5)
    Transient error (You have exceeded a rate limit. Contact planetarycomputer@microsoft.com.) -- retrying in 13s (attempt 1/5)
    Transient error (You have exceeded a rate limit. Contact planetarycomputer@microsoft.com.) -- retrying in 13s (attempt 1/5)
    Transient error (You have exceeded a rate limit. Contact planetarycomputer@microsoft.com.) -- retrying in 13s (attempt 1/5)
    Transient error (You have exceeded a rate limit. Contact planetarycomputer@microsoft.com.) -- retrying in 15s (attempt 1/5)
    Transient error (You have exceeded a rate limit. Contact planetarycomputer@microsoft.com.) -- retrying in 14s (attempt 1/5)
    Transient error (You have exceeded a rate limit. Contact planetarycomputer@microsoft.com.) -- retrying in 9s (attempt 1/5)
    Transient error (You have exceeded a rate limit. Contact planetarycomputer@microsoft.com.) -- retrying in 12s (attempt 1/5)
    Transient error (You have exceeded a rate limit. Contact planetarycomputer@microsoft.com.) -- retrying in 14s (attempt 1/5)
    Transient error (You have exceeded a rate limit. Contact planetarycomputer@microsoft.com.) -- retrying in 20s (attempt 2/5)
    Transient error (You have exceeded a rate limit. Contact planetarycomputer@microsoft.com.) -- retrying in 20s (attempt 2/5)
    Transient error (You have exceeded a rate limit. Contact planetarycomputer@microsoft.com.) -- retrying in 19s (attempt 2/5)
    Transient error (You have exceeded a rate limit. Contact planetarycomputer@microsoft.com.) -- retrying in 17s (attempt 2/5)
    Transient error (You have exceeded a rate limit. Contact planetarycomputer@microsoft.com.) -- retrying in 21s (attempt 2/5)
    Transient error (You have exceeded a rate limit. Contact planetarycomputer@microsoft.com.) -- retrying in 21s (attempt 2/5)
    Transient error (You have exceeded a rate limit. Contact planetarycomputer@microsoft.com.) -- retrying in 14s (attempt 1/5)
    Transient error (You have exceeded a rate limit. Contact planetarycomputer@microsoft.com.) -- retrying in 18s (attempt 2/5)
    Transient error (You have exceeded a rate limit. Contact planetarycomputer@microsoft.com.) -- retrying in 13s (attempt 1/5)
    Transient error (You have exceeded a rate limit. Contact planetarycomputer@microsoft.com.) -- retrying in 8s (attempt 1/5)
    Transient error (You have exceeded a rate limit. Contact planetarycomputer@microsoft.com.) -- retrying in 38s (attempt 3/5)
    Transient error (You have exceeded a rate limit. Contact planetarycomputer@microsoft.com.) -- retrying in 15s (attempt 1/5)
    Transient error (You have exceeded a rate limit. Contact planetarycomputer@microsoft.com.) -- retrying in 17s (attempt 2/5)
    Transient error (You have exceeded a rate limit. Contact planetarycomputer@microsoft.com.) -- retrying in 37s (attempt 3/5)
    Transient error (You have exceeded a rate limit. Contact planetarycomputer@microsoft.com.) -- retrying in 71s (attempt 4/5)
    ...8198 candidate(s) done (187.7 min elapsed)
    17002082001::bae53495-dbe8-4bf2-8855-826573b5fc42: prepare failed -- <html>
<head><title>502 Bad Gateway</title></head>
<body>
<center><h1>502 Bad Gateway</h1></center>
<hr><center>ngin
    Transient error (You have exceeded a rate limit. Contact planetarycomputer@microsoft.com.) -- retrying in 11s (attempt 1/5)
    Transient error (You have exceeded a rate limit. Contact planetarycomputer@microsoft.com.) -- retrying in 23s (attempt 2/5)
    Transient error (You have exceeded a rate limit. Contact planetarycomputer@microsoft.com.) -- retrying in 11s (attempt 1/5)
    Transient error (You have exceeded a rate limit. Contact planetarycomputer@microsoft.com.) -- retrying in 12s (attempt 1/5)
    Transient error (You have exceeded a rate limit. Contact planetarycomputer@microsoft.com.) -- retrying in 14s (attempt 1/5)
    Transient error (You have exceeded a rate limit. Contact planetarycomputer@microsoft.com.) -- retrying in 12s (attempt 1/5)
    Transient error (You have exceeded a rate limit. Contact planetarycomputer@microsoft.com.) -- retrying in 15s (attempt 1/5)
    Transient error (You have exceeded a rate limit. Contact planetarycomputer@microsoft.com.) -- retrying in 8s (attempt 1/5)
    Transient error (You have exceeded a rate limit. Contact planetarycomputer@microsoft.com.) -- retrying in 13s (attempt 1/5)
    Transient error (You have exceeded a rate limit. Contact planetarycomputer@microsoft.com.) -- retrying in 9s (attempt 1/5)
    Transient error (You have exceeded a rate limit. Contact planetarycomputer@microsoft.com.) -- retrying in 14s (attempt 1/5)
    Transient error (You have exceeded a rate limit. Contact planetarycomputer@microsoft.com.) -- retrying in 14s (attempt 1/5)
    Transient error (You have exceeded a rate limit. Contact planetarycomputer@microsoft.com.) -- retrying in 9s (attempt 1/5)
    Transient error (You have exceeded a rate limit. Contact planetarycomputer@microsoft.com.) -- retrying in 13s (attempt 1/5)
    Transient error (You have exceeded a rate limit. Contact planetarycomputer@microsoft.com.) -- retrying in 24s (attempt 2/5)
    Transient error (You have exceeded a rate limit. Contact planetarycomputer@microsoft.com.) -- retrying in 22s (attempt 2/5)
    Transient error (You have exceeded a rate limit. Contact planetarycomputer@microsoft.com.) -- retrying in 18s (attempt 2/5)
    Transient error (You have exceeded a rate limit. Contact planetarycomputer@microsoft.com.) -- retrying in 18s (attempt 2/5)
    Transient error (You have exceeded a rate limit. Contact planetarycomputer@microsoft.com.) -- retrying in 18s (attempt 2/5)
    Transient error (You have exceeded a rate limit. Contact planetarycomputer@microsoft.com.) -- retrying in 18s (attempt 2/5)
    Transient error (You have exceeded a rate limit. Contact planetarycomputer@microsoft.com.) -- retrying in 22s (attempt 2/5)
    Transient error (You have exceeded a rate limit. Contact planetarycomputer@microsoft.com.) -- retrying in 15s (attempt 1/5)
    Transient error (You have exceeded a rate limit. Contact planetarycomputer@microsoft.com.) -- retrying in 40s (attempt 3/5)
    Transient error (You have exceeded a rate limit. Contact planetarycomputer@microsoft.com.) -- retrying in 38s (attempt 3/5)
    Transient error (You have exceeded a rate limit. Contact planetarycomputer@microsoft.com.) -- retrying in 40s (attempt 3/5)
    Transient error (You have exceeded a rate limit. Contact planetarycomputer@microsoft.com.) -- retrying in 37s (attempt 3/5)
    Transient error (You have exceeded a rate limit. Contact planetarycomputer@microsoft.com.) -- retrying in 36s (attempt 3/5)
    Transient error (You have exceeded a rate limit. Contact planetarycomputer@microsoft.com.) -- retrying in 40s (attempt 3/5)
    Transient error (You have exceeded a rate limit. Contact planetarycomputer@microsoft.com.) -- retrying in 65s (attempt 4/5)
    ...8397 candidate(s) done (192.8 min elapsed)
    Transient error (You have exceeded a rate limit. Contact planetarycomputer@microsoft.com.) -- retrying in 12s (attempt 1/5)
    Transient error (You have exceeded a rate limit. Contact planetarycomputer@microsoft.com.) -- retrying in 9s (attempt 1/5)
    Transient error (You have exceeded a rate limit. Contact planetarycomputer@microsoft.com.) -- retrying in 13s (attempt 1/5)
    Transient error (You have exceeded a rate limit. Contact planetarycomputer@microsoft.com.) -- retrying in 10s (attempt 1/5)
    Transient error (You have exceeded a rate limit. Contact planetarycomputer@microsoft.com.) -- retrying in 16s (attempt 1/5)
    Transient error (You have exceeded a rate limit. Contact planetarycomputer@microsoft.com.) -- retrying in 15s (attempt 1/5)
    Transient error (You have exceeded a rate limit. Contact planetarycomputer@microsoft.com.) -- retrying in 22s (attempt 2/5)
    Transient error (You have exceeded a rate limit. Contact planetarycomputer@microsoft.com.) -- retrying in 38s (attempt 3/5)
    Transient error (You have exceeded a rate limit. Contact planetarycomputer@microsoft.com.) -- retrying in 15s (attempt 1/5)
    Transient error (You have exceeded a rate limit. Contact planetarycomputer@microsoft.com.) -- retrying in 10s (attempt 1/5)
    Transient error (You have exceeded a rate limit. Contact planetarycomputer@microsoft.com.) -- retrying in 13s (attempt 1/5)
    Transient error (You have exceeded a rate limit. Contact planetarycomputer@microsoft.com.) -- retrying in 13s (attempt 1/5)
    Transient error (You have exceeded a rate limit. Contact planetarycomputer@microsoft.com.) -- retrying in 13s (attempt 1/5)
    Transient error (You have exceeded a rate limit. Contact planetarycomputer@microsoft.com.) -- retrying in 8s (attempt 1/5)
    Transient error (You have exceeded a rate limit. Contact planetarycomputer@microsoft.com.) -- retrying in 9s (attempt 1/5)
    Transient error (You have exceeded a rate limit. Contact planetarycomputer@microsoft.com.) -- retrying in 15s (attempt 1/5)
    Transient error (You have exceeded a rate limit. Contact planetarycomputer@microsoft.com.) -- retrying in 16s (attempt 2/5)
    Transient error (You have exceeded a rate limit. Contact planetarycomputer@microsoft.com.) -- retrying in 20s (attempt 2/5)
    Transient error (You have exceeded a rate limit. Contact planetarycomputer@microsoft.com.) -- retrying in 24s (attempt 2/5)
    Transient error (You have exceeded a rate limit. Contact planetarycomputer@microsoft.com.) -- retrying in 18s (attempt 2/5)
    ...8597 candidate(s) done (197.6 min elapsed)
    Transient error (You have exceeded a rate limit. Contact planetarycomputer@microsoft.com.) -- retrying in 15s (attempt 1/5)
    Transient error (You have exceeded a rate limit. Contact planetarycomputer@microsoft.com.) -- retrying in 14s (attempt 1/5)
    Transient error (You have exceeded a rate limit. Contact planetarycomputer@microsoft.com.) -- retrying in 12s (attempt 1/5)
    Transient error (You have exceeded a rate limit. Contact planetarycomputer@microsoft.com.) -- retrying in 15s (attempt 1/5)
    Transient error (You have exceeded a rate limit. Contact planetarycomputer@microsoft.com.) -- retrying in 13s (attempt 1/5)
    Transient error (You have exceeded a rate limit. Contact planetarycomputer@microsoft.com.) -- retrying in 15s (attempt 1/5)
    Transient error (You have exceeded a rate limit. Contact planetarycomputer@microsoft.com.) -- retrying in 9s (attempt 1/5)
    Transient error (You have exceeded a rate limit. Contact planetarycomputer@microsoft.com.) -- retrying in 14s (attempt 1/5)
    Transient error (You have exceeded a rate limit. Contact planetarycomputer@microsoft.com.) -- retrying in 15s (attempt 1/5)
    Transient error (You have exceeded a rate limit. Contact planetarycomputer@microsoft.com.) -- retrying in 13s (attempt 1/5)
    Transient error (You have exceeded a rate limit. Contact planetarycomputer@microsoft.com.) -- retrying in 9s (attempt 1/5)
    Transient error (You have exceeded a rate limit. Contact planetarycomputer@microsoft.com.) -- retrying in 13s (attempt 1/5)
    Transient error (You have exceeded a rate limit. Contact planetarycomputer@microsoft.com.) -- retrying in 10s (attempt 1/5)
    Transient error (You have exceeded a rate limit. Contact planetarycomputer@microsoft.com.) -- retrying in 18s (attempt 2/5)
    Transient error (You have exceeded a rate limit. Contact planetarycomputer@microsoft.com.) -- retrying in 22s (attempt 2/5)
    Transient error (You have exceeded a rate limit. Contact planetarycomputer@microsoft.com.) -- retrying in 34s (attempt 3/5)
    ...8797 candidate(s) done (202.5 min elapsed)
    Transient error (You have exceeded a rate limit. Contact planetarycomputer@microsoft.com.) -- retrying in 11s (attempt 1/5)
    Transient error (You have exceeded a rate limit. Contact planetarycomputer@microsoft.com.) -- retrying in 10s (attempt 1/5)
    Transient error (You have exceeded a rate limit. Contact planetarycomputer@microsoft.com.) -- retrying in 12s (attempt 1/5)
    Transient error (You have exceeded a rate limit. Contact planetarycomputer@microsoft.com.) -- retrying in 13s (attempt 1/5)
    Transient error (You have exceeded a rate limit. Contact planetarycomputer@microsoft.com.) -- retrying in 10s (attempt 1/5)
    Transient error (You have exceeded a rate limit. Contact planetarycomputer@microsoft.com.) -- retrying in 10s (attempt 1/5)
    Transient error (You have exceeded a rate limit. Contact planetarycomputer@microsoft.com.) -- retrying in 12s (attempt 1/5)
    Transient error (You have exceeded a rate limit. Contact planetarycomputer@microsoft.com.) -- retrying in 11s (attempt 1/5)
    Transient error (You have exceeded a rate limit. Contact planetarycomputer@microsoft.com.) -- retrying in 13s (attempt 1/5)
    Transient error (You have exceeded a rate limit. Contact planetarycomputer@microsoft.com.) -- retrying in 14s (attempt 1/5)
    Transient error (You have exceeded a rate limit. Contact planetarycomputer@microsoft.com.) -- retrying in 11s (attempt 1/5)
    Transient error (You have exceeded a rate limit. Contact planetarycomputer@microsoft.com.) -- retrying in 14s (attempt 1/5)
    Transient error (You have exceeded a rate limit. Contact planetarycomputer@microsoft.com.) -- retrying in 15s (attempt 1/5)
    Transient error (You have exceeded a rate limit. Contact planetarycomputer@microsoft.com.) -- retrying in 9s (attempt 1/5)
    Transient error (You have exceeded a rate limit. Contact planetarycomputer@microsoft.com.) -- retrying in 15s (attempt 1/5)
    Transient error (You have exceeded a rate limit. Contact planetarycomputer@microsoft.com.) -- retrying in 10s (attempt 1/5)
    Transient error (You have exceeded a rate limit. Contact planetarycomputer@microsoft.com.) -- retrying in 9s (attempt 1/5)
    Transient error (You have exceeded a rate limit. Contact planetarycomputer@microsoft.com.) -- retrying in 16s (attempt 1/5)
    Transient error (You have exceeded a rate limit. Contact planetarycomputer@microsoft.com.) -- retrying in 24s (attempt 2/5)
    Transient error (You have exceeded a rate limit. Contact planetarycomputer@microsoft.com.) -- retrying in 21s (attempt 2/5)
    Transient error (You have exceeded a rate limit. Contact planetarycomputer@microsoft.com.) -- retrying in 14s (attempt 1/5)
    Transient error (You have exceeded a rate limit. Contact planetarycomputer@microsoft.com.) -- retrying in 23s (attempt 2/5)
    Transient error (You have exceeded a rate limit. Contact planetarycomputer@microsoft.com.) -- retrying in 23s (attempt 2/5)
    Transient error (You have exceeded a rate limit. Contact planetarycomputer@microsoft.com.) -- retrying in 19s (attempt 2/5)
    Transient error (You have exceeded a rate limit. Contact planetarycomputer@microsoft.com.) -- retrying in 33s (attempt 3/5)
    Transient error (You have exceeded a rate limit. Contact planetarycomputer@microsoft.com.) -- retrying in 70s (attempt 4/5)
    ...8997 candidate(s) done (208.8 min elapsed)
    Transient error (You have exceeded a rate limit. Contact planetarycomputer@microsoft.com.) -- retrying in 14s (attempt 1/5)
    Transient error (You have exceeded a rate limit. Contact planetarycomputer@microsoft.com.) -- retrying in 24s (attempt 2/5)
    Transient error (You have exceeded a rate limit. Contact planetarycomputer@microsoft.com.) -- retrying in 13s (attempt 1/5)
    Transient error (You have exceeded a rate limit. Contact planetarycomputer@microsoft.com.) -- retrying in 12s (attempt 1/5)
    Transient error (You have exceeded a rate limit. Contact planetarycomputer@microsoft.com.) -- retrying in 12s (attempt 1/5)
    Transient error (You have exceeded a rate limit. Contact planetarycomputer@microsoft.com.) -- retrying in 18s (attempt 2/5)
    Transient error (You have exceeded a rate limit. Contact planetarycomputer@microsoft.com.) -- retrying in 16s (attempt 1/5)
    Transient error (You have exceeded a rate limit. Contact planetarycomputer@microsoft.com.) -- retrying in 10s (attempt 1/5)
    Transient error (You have exceeded a rate limit. Contact planetarycomputer@microsoft.com.) -- retrying in 9s (attempt 1/5)
    Transient error (You have exceeded a rate limit. Contact planetarycomputer@microsoft.com.) -- retrying in 12s (attempt 1/5)
    Transient error (You have exceeded a rate limit. Contact planetarycomputer@microsoft.com.) -- retrying in 12s (attempt 1/5)
    Transient error (You have exceeded a rate limit. Contact planetarycomputer@microsoft.com.) -- retrying in 11s (attempt 1/5)
    Transient error (You have exceeded a rate limit. Contact planetarycomputer@microsoft.com.) -- retrying in 14s (attempt 1/5)
    Transient error (You have exceeded a rate limit. Contact planetarycomputer@microsoft.com.) -- retrying in 14s (attempt 1/5)
    Transient error (You have exceeded a rate limit. Contact planetarycomputer@microsoft.com.) -- retrying in 16s (attempt 1/5)
    Transient error (You have exceeded a rate limit. Contact planetarycomputer@microsoft.com.) -- retrying in 9s (attempt 1/5)
    Transient error (You have exceeded a rate limit. Contact planetarycomputer@microsoft.com.) -- retrying in 20s (attempt 2/5)
    Transient error (You have exceeded a rate limit. Contact planetarycomputer@microsoft.com.) -- retrying in 18s (attempt 2/5)
    Transient error (You have exceeded a rate limit. Contact planetarycomputer@microsoft.com.) -- retrying in 23s (attempt 2/5)
    Transient error (You have exceeded a rate limit. Contact planetarycomputer@microsoft.com.) -- retrying in 19s (attempt 2/5)
    ...9197 candidate(s) done (213.3 min elapsed)
    Transient error (You have exceeded a rate limit. Contact planetarycomputer@microsoft.com.) -- retrying in 13s (attempt 1/5)
    Transient error (You have exceeded a rate limit. Contact planetarycomputer@microsoft.com.) -- retrying in 15s (attempt 1/5)
    Transient error (You have exceeded a rate limit. Contact planetarycomputer@microsoft.com.) -- retrying in 15s (attempt 1/5)
    Transient error (You have exceeded a rate limit. Contact planetarycomputer@microsoft.com.) -- retrying in 14s (attempt 1/5)
    Transient error (You have exceeded a rate limit. Contact planetarycomputer@microsoft.com.) -- retrying in 14s (attempt 1/5)
    Transient error (You have exceeded a rate limit. Contact planetarycomputer@microsoft.com.) -- retrying in 15s (attempt 1/5)
    Transient error (You have exceeded a rate limit. Contact planetarycomputer@microsoft.com.) -- retrying in 18s (attempt 2/5)
    Transient error (You have exceeded a rate limit. Contact planetarycomputer@microsoft.com.) -- retrying in 34s (attempt 3/5)
    Transient error (You have exceeded a rate limit. Contact planetarycomputer@microsoft.com.) -- retrying in 66s (attempt 4/5)
    Transient error (You have exceeded a rate limit. Contact planetarycomputer@microsoft.com.) -- retrying in 14s (attempt 1/5)
    Transient error (You have exceeded a rate limit. Contact planetarycomputer@microsoft.com.) -- retrying in 19s (attempt 2/5)
    Transient error (You have exceeded a rate limit. Contact planetarycomputer@microsoft.com.) -- retrying in 14s (attempt 1/5)
    Transient error (You have exceeded a rate limit. Contact planetarycomputer@microsoft.com.) -- retrying in 10s (attempt 1/5)
    Transient error (You have exceeded a rate limit. Contact planetarycomputer@microsoft.com.) -- retrying in 16s (attempt 1/5)
    Transient error (You have exceeded a rate limit. Contact planetarycomputer@microsoft.com.) -- retrying in 10s (attempt 1/5)
    Transient error (You have exceeded a rate limit. Contact planetarycomputer@microsoft.com.) -- retrying in 15s (attempt 1/5)
    Transient error (You have exceeded a rate limit. Contact planetarycomputer@microsoft.com.) -- retrying in 18s (attempt 2/5)
    Transient error (You have exceeded a rate limit. Contact planetarycomputer@microsoft.com.) -- retrying in 10s (attempt 1/5)
    Transient error (You have exceeded a rate limit. Contact planetarycomputer@microsoft.com.) -- retrying in 18s (attempt 2/5)
    ...9397 candidate(s) done (219.2 min elapsed)
    Transient error (You have exceeded a rate limit. Contact planetarycomputer@microsoft.com.) -- retrying in 13s (attempt 1/5)
    Transient error (You have exceeded a rate limit. Contact planetarycomputer@microsoft.com.) -- retrying in 9s (attempt 1/5)
    Transient error (You have exceeded a rate limit. Contact planetarycomputer@microsoft.com.) -- retrying in 22s (attempt 2/5)
    Transient error (You have exceeded a rate limit. Contact planetarycomputer@microsoft.com.) -- retrying in 13s (attempt 1/5)
    Transient error (You have exceeded a rate limit. Contact planetarycomputer@microsoft.com.) -- retrying in 11s (attempt 1/5)
    Transient error (You have exceeded a rate limit. Contact planetarycomputer@microsoft.com.) -- retrying in 13s (attempt 1/5)
    Transient error (You have exceeded a rate limit. Contact planetarycomputer@microsoft.com.) -- retrying in 24s (attempt 2/5)
    Transient error (You have exceeded a rate limit. Contact planetarycomputer@microsoft.com.) -- retrying in 12s (attempt 1/5)
    Transient error (You have exceeded a rate limit. Contact planetarycomputer@microsoft.com.) -- retrying in 10s (attempt 1/5)
    Transient error (You have exceeded a rate limit. Contact planetarycomputer@microsoft.com.) -- retrying in 23s (attempt 2/5)
    Transient error (You have exceeded a rate limit. Contact planetarycomputer@microsoft.com.) -- retrying in 13s (attempt 1/5)
    Transient error (You have exceeded a rate limit. Contact planetarycomputer@microsoft.com.) -- retrying in 8s (attempt 1/5)
    Transient error (You have exceeded a rate limit. Contact planetarycomputer@microsoft.com.) -- retrying in 16s (attempt 1/5)
    Transient error (You have exceeded a rate limit. Contact planetarycomputer@microsoft.com.) -- retrying in 13s (attempt 1/5)
    Transient error (You have exceeded a rate limit. Contact planetarycomputer@microsoft.com.) -- retrying in 16s (attempt 1/5)
    Transient error (You have exceeded a rate limit. Contact planetarycomputer@microsoft.com.) -- retrying in 14s (attempt 1/5)
    Transient error (You have exceeded a rate limit. Contact planetarycomputer@microsoft.com.) -- retrying in 9s (attempt 1/5)
    ...9597 candidate(s) done (224.6 min elapsed)
    Transient error (You have exceeded a rate limit. Contact planetarycomputer@microsoft.com.) -- retrying in 16s (attempt 1/5)
    Transient error (You have exceeded a rate limit. Contact planetarycomputer@microsoft.com.) -- retrying in 13s (attempt 1/5)
    Transient error (You have exceeded a rate limit. Contact planetarycomputer@microsoft.com.) -- retrying in 14s (attempt 1/5)
    Transient error (You have exceeded a rate limit. Contact planetarycomputer@microsoft.com.) -- retrying in 19s (attempt 2/5)
    Transient error (You have exceeded a rate limit. Contact planetarycomputer@microsoft.com.) -- retrying in 38s (attempt 3/5)
    Transient error (You have exceeded a rate limit. Contact planetarycomputer@microsoft.com.) -- retrying in 11s (attempt 1/5)
    Transient error (You have exceeded a rate limit. Contact planetarycomputer@microsoft.com.) -- retrying in 15s (attempt 1/5)
    Transient error (You have exceeded a rate limit. Contact planetarycomputer@microsoft.com.) -- retrying in 14s (attempt 1/5)
    Transient error (You have exceeded a rate limit. Contact planetarycomputer@microsoft.com.) -- retrying in 11s (attempt 1/5)
    Transient error (You have exceeded a rate limit. Contact planetarycomputer@microsoft.com.) -- retrying in 24s (attempt 2/5)
    Transient error (You have exceeded a rate limit. Contact planetarycomputer@microsoft.com.) -- retrying in 11s (attempt 1/5)
    Transient error (You have exceeded a rate limit. Contact planetarycomputer@microsoft.com.) -- retrying in 15s (attempt 1/5)
    Transient error (You have exceeded a rate limit. Contact planetarycomputer@microsoft.com.) -- retrying in 9s (attempt 1/5)
    Transient error (You have exceeded a rate limit. Contact planetarycomputer@microsoft.com.) -- retrying in 20s (attempt 2/5)
    Transient error (You have exceeded a rate limit. Contact planetarycomputer@microsoft.com.) -- retrying in 21s (attempt 2/5)
    Transient error (You have exceeded a rate limit. Contact planetarycomputer@microsoft.com.) -- retrying in 19s (attempt 2/5)
    ...9797 candidate(s) done (228.5 min elapsed)
    Transient error (You have exceeded a rate limit. Contact planetarycomputer@microsoft.com.) -- retrying in 11s (attempt 1/5)
    Transient error (You have exceeded a rate limit. Contact planetarycomputer@microsoft.com.) -- retrying in 13s (attempt 1/5)
    Transient error (You have exceeded a rate limit. Contact planetarycomputer@microsoft.com.) -- retrying in 16s (attempt 2/5)
    Transient error (You have exceeded a rate limit. Contact planetarycomputer@microsoft.com.) -- retrying in 16s (attempt 1/5)
    Transient error (You have exceeded a rate limit. Contact planetarycomputer@microsoft.com.) -- retrying in 18s (attempt 2/5)
    Transient error (You have exceeded a rate limit. Contact planetarycomputer@microsoft.com.) -- retrying in 10s (attempt 1/5)
    Transient error (You have exceeded a rate limit. Contact planetarycomputer@microsoft.com.) -- retrying in 22s (attempt 2/5)
    Transient error (You have exceeded a rate limit. Contact planetarycomputer@microsoft.com.) -- retrying in 12s (attempt 1/5)
    Transient error (You have exceeded a rate limit. Contact planetarycomputer@microsoft.com.) -- retrying in 13s (attempt 1/5)
    Transient error (You have exceeded a rate limit. Contact planetarycomputer@microsoft.com.) -- retrying in 15s (attempt 1/5)
    Transient error (You have exceeded a rate limit. Contact planetarycomputer@microsoft.com.) -- retrying in 13s (attempt 1/5)
    ...9997 candidate(s) done (232.7 min elapsed)
    Transient error (You have exceeded a rate limit. Contact planetarycomputer@microsoft.com.) -- retrying in 10s (attempt 1/5)
    Transient error (You have exceeded a rate limit. Contact planetarycomputer@microsoft.com.) -- retrying in 18s (attempt 2/5)
    Transient error (You have exceeded a rate limit. Contact planetarycomputer@microsoft.com.) -- retrying in 9s (attempt 1/5)
    Transient error (You have exceeded a rate limit. Contact planetarycomputer@microsoft.com.) -- retrying in 18s (attempt 2/5)
    Transient error (You have exceeded a rate limit. Contact planetarycomputer@microsoft.com.) -- retrying in 9s (attempt 1/5)
    Transient error (You have exceeded a rate limit. Contact planetarycomputer@microsoft.com.) -- retrying in 15s (attempt 1/5)
    Transient error (You have exceeded a rate limit. Contact planetarycomputer@microsoft.com.) -- retrying in 20s (attempt 2/5)
    Transient error (You have exceeded a rate limit. Contact planetarycomputer@microsoft.com.) -- retrying in 14s (attempt 1/5)
    Transient error (You have exceeded a rate limit. Contact planetarycomputer@microsoft.com.) -- retrying in 12s (attempt 1/5)
    Transient error (You have exceeded a rate limit. Contact planetarycomputer@microsoft.com.) -- retrying in 12s (attempt 1/5)
    Transient error (You have exceeded a rate limit. Contact planetarycomputer@microsoft.com.) -- retrying in 12s (attempt 1/5)
    ...10197 candidate(s) done (236.6 min elapsed)
    Transient error (You have exceeded a rate limit. Contact planetarycomputer@microsoft.com.) -- retrying in 10s (attempt 1/5)
    Transient error (You have exceeded a rate limit. Contact planetarycomputer@microsoft.com.) -- retrying in 16s (attempt 1/5)
    Transient error (You have exceeded a rate limit. Contact planetarycomputer@microsoft.com.) -- retrying in 17s (attempt 2/5)
    Transient error (You have exceeded a rate limit. Contact planetarycomputer@microsoft.com.) -- retrying in 10s (attempt 1/5)
    Transient error (You have exceeded a rate limit. Contact planetarycomputer@microsoft.com.) -- retrying in 9s (attempt 1/5)
    Transient error (You have exceeded a rate limit. Contact planetarycomputer@microsoft.com.) -- retrying in 9s (attempt 1/5)
    Transient error (You have exceeded a rate limit. Contact planetarycomputer@microsoft.com.) -- retrying in 19s (attempt 2/5)
    Transient error (You have exceeded a rate limit. Contact planetarycomputer@microsoft.com.) -- retrying in 9s (attempt 1/5)
    Transient error (You have exceeded a rate limit. Contact planetarycomputer@microsoft.com.) -- retrying in 16s (attempt 1/5)
    Transient error (You have exceeded a rate limit. Contact planetarycomputer@microsoft.com.) -- retrying in 15s (attempt 1/5)
    Transient error (You have exceeded a rate limit. Contact planetarycomputer@microsoft.com.) -- retrying in 16s (attempt 1/5)
    Transient error (You have exceeded a rate limit. Contact planetarycomputer@microsoft.com.) -- retrying in 14s (attempt 1/5)
    Transient error (You have exceeded a rate limit. Contact planetarycomputer@microsoft.com.) -- retrying in 19s (attempt 2/5)
    Transient error (You have exceeded a rate limit. Contact planetarycomputer@microsoft.com.) -- retrying in 14s (attempt 1/5)
    Transient error (You have exceeded a rate limit. Contact planetarycomputer@microsoft.com.) -- retrying in 9s (attempt 1/5)
    Transient error (You have exceeded a rate limit. Contact planetarycomputer@microsoft.com.) -- retrying in 11s (attempt 1/5)
    Transient error (You have exceeded a rate limit. Contact planetarycomputer@microsoft.com.) -- retrying in 8s (attempt 1/5)
    Transient error (You have exceeded a rate limit. Contact planetarycomputer@microsoft.com.) -- retrying in 10s (attempt 1/5)
    Transient error (You have exceeded a rate limit. Contact planetarycomputer@microsoft.com.) -- retrying in 13s (attempt 1/5)
    Transient error (You have exceeded a rate limit. Contact planetarycomputer@microsoft.com.) -- retrying in 18s (attempt 2/5)
    Transient error (You have exceeded a rate limit. Contact planetarycomputer@microsoft.com.) -- retrying in 12s (attempt 1/5)
    ...10397 candidate(s) done (243.1 min elapsed)
    Transient error (You have exceeded a rate limit. Contact planetarycomputer@microsoft.com.) -- retrying in 15s (attempt 1/5)
    Transient error (You have exceeded a rate limit. Contact planetarycomputer@microsoft.com.) -- retrying in 12s (attempt 1/5)
    Transient error (You have exceeded a rate limit. Contact planetarycomputer@microsoft.com.) -- retrying in 15s (attempt 1/5)
    Transient error (You have exceeded a rate limit. Contact planetarycomputer@microsoft.com.) -- retrying in 11s (attempt 1/5)
    Transient error (You have exceeded a rate limit. Contact planetarycomputer@microsoft.com.) -- retrying in 22s (attempt 2/5)
    Transient error (You have exceeded a rate limit. Contact planetarycomputer@microsoft.com.) -- retrying in 15s (attempt 1/5)
    Transient error (You have exceeded a rate limit. Contact planetarycomputer@microsoft.com.) -- retrying in 12s (attempt 1/5)
    Transient error (You have exceeded a rate limit. Contact planetarycomputer@microsoft.com.) -- retrying in 8s (attempt 1/5)
    Transient error (You have exceeded a rate limit. Contact planetarycomputer@microsoft.com.) -- retrying in 10s (attempt 1/5)
    Transient error (You have exceeded a rate limit. Contact planetarycomputer@microsoft.com.) -- retrying in 11s (attempt 1/5)
    Transient error (You have exceeded a rate limit. Contact planetarycomputer@microsoft.com.) -- retrying in 12s (attempt 1/5)
    Transient error (You have exceeded a rate limit. Contact planetarycomputer@microsoft.com.) -- retrying in 9s (attempt 1/5)
    ...10597 candidate(s) done (246.5 min elapsed)
    Transient error (You have exceeded a rate limit. Contact planetarycomputer@microsoft.com.) -- retrying in 13s (attempt 1/5)
    Transient error (You have exceeded a rate limit. Contact planetarycomputer@microsoft.com.) -- retrying in 12s (attempt 1/5)
    Transient error (You have exceeded a rate limit. Contact planetarycomputer@microsoft.com.) -- retrying in 11s (attempt 1/5)
    Transient error (You have exceeded a rate limit. Contact planetarycomputer@microsoft.com.) -- retrying in 11s (attempt 1/5)
    Transient error (You have exceeded a rate limit. Contact planetarycomputer@microsoft.com.) -- retrying in 19s (attempt 2/5)
    Transient error (You have exceeded a rate limit. Contact planetarycomputer@microsoft.com.) -- retrying in 13s (attempt 1/5)
    Transient error (You have exceeded a rate limit. Contact planetarycomputer@microsoft.com.) -- retrying in 12s (attempt 1/5)
    Transient error (You have exceeded a rate limit. Contact planetarycomputer@microsoft.com.) -- retrying in 15s (attempt 1/5)
    Transient error (You have exceeded a rate limit. Contact planetarycomputer@microsoft.com.) -- retrying in 21s (attempt 2/5)
    Transient error (You have exceeded a rate limit. Contact planetarycomputer@microsoft.com.) -- retrying in 8s (attempt 1/5)
    Transient error (You have exceeded a rate limit. Contact planetarycomputer@microsoft.com.) -- retrying in 10s (attempt 1/5)
    Transient error (You have exceeded a rate limit. Contact planetarycomputer@microsoft.com.) -- retrying in 15s (attempt 1/5)
    Transient error (You have exceeded a rate limit. Contact planetarycomputer@microsoft.com.) -- retrying in 11s (attempt 1/5)
    Transient error (You have exceeded a rate limit. Contact planetarycomputer@microsoft.com.) -- retrying in 12s (attempt 1/5)
    ...10797 candidate(s) done (251.3 min elapsed)
    Transient error (You have exceeded a rate limit. Contact planetarycomputer@microsoft.com.) -- retrying in 10s (attempt 1/5)
    Transient error (You have exceeded a rate limit. Contact planetarycomputer@microsoft.com.) -- retrying in 12s (attempt 1/5)
    Transient error (You have exceeded a rate limit. Contact planetarycomputer@microsoft.com.) -- retrying in 14s (attempt 1/5)
    Transient error (You have exceeded a rate limit. Contact planetarycomputer@microsoft.com.) -- retrying in 9s (attempt 1/5)
    Transient error (You have exceeded a rate limit. Contact planetarycomputer@microsoft.com.) -- retrying in 14s (attempt 1/5)
    Transient error (You have exceeded a rate limit. Contact planetarycomputer@microsoft.com.) -- retrying in 12s (attempt 1/5)
    Transient error (You have exceeded a rate limit. Contact planetarycomputer@microsoft.com.) -- retrying in 15s (attempt 1/5)
    Transient error (You have exceeded a rate limit. Contact planetarycomputer@microsoft.com.) -- retrying in 15s (attempt 1/5)
    Transient error (You have exceeded a rate limit. Contact planetarycomputer@microsoft.com.) -- retrying in 15s (attempt 1/5)
    Transient error (You have exceeded a rate limit. Contact planetarycomputer@microsoft.com.) -- retrying in 16s (attempt 1/5)
    Transient error (You have exceeded a rate limit. Contact planetarycomputer@microsoft.com.) -- retrying in 16s (attempt 1/5)
    Transient error (You have exceeded a rate limit. Contact planetarycomputer@microsoft.com.) -- retrying in 11s (attempt 1/5)
    Transient error (You have exceeded a rate limit. Contact planetarycomputer@microsoft.com.) -- retrying in 22s (attempt 2/5)
    ...10997 candidate(s) done (254.5 min elapsed)
    Transient error (You have exceeded a rate limit. Contact planetarycomputer@microsoft.com.) -- retrying in 13s (attempt 1/5)
    Transient error (You have exceeded a rate limit. Contact planetarycomputer@microsoft.com.) -- retrying in 19s (attempt 2/5)
    Transient error (You have exceeded a rate limit. Contact planetarycomputer@microsoft.com.) -- retrying in 33s (attempt 3/5)
    Transient error (You have exceeded a rate limit. Contact planetarycomputer@microsoft.com.) -- retrying in 15s (attempt 1/5)
    Transient error (You have exceeded a rate limit. Contact planetarycomputer@microsoft.com.) -- retrying in 9s (attempt 1/5)
    Transient error (You have exceeded a rate limit. Contact planetarycomputer@microsoft.com.) -- retrying in 12s (attempt 1/5)
    Transient error (You have exceeded a rate limit. Contact planetarycomputer@microsoft.com.) -- retrying in 10s (attempt 1/5)
    Transient error (You have exceeded a rate limit. Contact planetarycomputer@microsoft.com.) -- retrying in 13s (attempt 1/5)
    Transient error (You have exceeded a rate limit. Contact planetarycomputer@microsoft.com.) -- retrying in 16s (attempt 1/5)
    Transient error (You have exceeded a rate limit. Contact planetarycomputer@microsoft.com.) -- retrying in 20s (attempt 2/5)
    Transient error (You have exceeded a rate limit. Contact planetarycomputer@microsoft.com.) -- retrying in 37s (attempt 3/5)
    Transient error (You have exceeded a rate limit. Contact planetarycomputer@microsoft.com.) -- retrying in 68s (attempt 4/5)
    Transient error (You have exceeded a rate limit. Contact planetarycomputer@microsoft.com.) -- retrying in 8s (attempt 1/5)
    Transient error (You have exceeded a rate limit. Contact planetarycomputer@microsoft.com.) -- retrying in 15s (attempt 1/5)
    Transient error (You have exceeded a rate limit. Contact planetarycomputer@microsoft.com.) -- retrying in 13s (attempt 1/5)
    Transient error (You have exceeded a rate limit. Contact planetarycomputer@microsoft.com.) -- retrying in 10s (attempt 1/5)
    ...11197 candidate(s) done (261.2 min elapsed)
    Transient error (You have exceeded a rate limit. Contact planetarycomputer@microsoft.com.) -- retrying in 10s (attempt 1/5)
    Transient error (You have exceeded a rate limit. Contact planetarycomputer@microsoft.com.) -- retrying in 10s (attempt 1/5)
    Transient error (You have exceeded a rate limit. Contact planetarycomputer@microsoft.com.) -- retrying in 15s (attempt 1/5)
    Transient error (You have exceeded a rate limit. Contact planetarycomputer@microsoft.com.) -- retrying in 15s (attempt 1/5)
    Transient error (You have exceeded a rate limit. Contact planetarycomputer@microsoft.com.) -- retrying in 15s (attempt 1/5)
    Transient error (You have exceeded a rate limit. Contact planetarycomputer@microsoft.com.) -- retrying in 10s (attempt 1/5)
    Transient error (You have exceeded a rate limit. Contact planetarycomputer@microsoft.com.) -- retrying in 15s (attempt 1/5)
    Transient error (You have exceeded a rate limit. Contact planetarycomputer@microsoft.com.) -- retrying in 8s (attempt 1/5)
    Transient error (You have exceeded a rate limit. Contact planetarycomputer@microsoft.com.) -- retrying in 14s (attempt 1/5)
    Transient error (You have exceeded a rate limit. Contact planetarycomputer@microsoft.com.) -- retrying in 17s (attempt 2/5)
    Transient error (You have exceeded a rate limit. Contact planetarycomputer@microsoft.com.) -- retrying in 13s (attempt 1/5)
    Transient error (You have exceeded a rate limit. Contact planetarycomputer@microsoft.com.) -- retrying in 14s (attempt 1/5)
    Transient error (You have exceeded a rate limit. Contact planetarycomputer@microsoft.com.) -- retrying in 11s (attempt 1/5)
    Transient error (You have exceeded a rate limit. Contact planetarycomputer@microsoft.com.) -- retrying in 15s (attempt 1/5)
    Transient error (You have exceeded a rate limit. Contact planetarycomputer@microsoft.com.) -- retrying in 20s (attempt 2/5)
    Transient error (You have exceeded a rate limit. Contact planetarycomputer@microsoft.com.) -- retrying in 34s (attempt 3/5)
    ...11397 candidate(s) done (263.7 min elapsed)
    Transient error (You have exceeded a rate limit. Contact planetarycomputer@microsoft.com.) -- retrying in 10s (attempt 1/5)
    Transient error (You have exceeded a rate limit. Contact planetarycomputer@microsoft.com.) -- retrying in 9s (attempt 1/5)
    Transient error (You have exceeded a rate limit. Contact planetarycomputer@microsoft.com.) -- retrying in 13s (attempt 1/5)
    Transient error (You have exceeded a rate limit. Contact planetarycomputer@microsoft.com.) -- retrying in 10s (attempt 1/5)
    Transient error (You have exceeded a rate limit. Contact planetarycomputer@microsoft.com.) -- retrying in 14s (attempt 1/5)
    Transient error (You have exceeded a rate limit. Contact planetarycomputer@microsoft.com.) -- retrying in 16s (attempt 1/5)
    Transient error (You have exceeded a rate limit. Contact planetarycomputer@microsoft.com.) -- retrying in 15s (attempt 1/5)
    Transient error (You have exceeded a rate limit. Contact planetarycomputer@microsoft.com.) -- retrying in 16s (attempt 2/5)
    ...11597 candidate(s) done (267.0 min elapsed)
    Transient error (You have exceeded a rate limit. Contact planetarycomputer@microsoft.com.) -- retrying in 15s (attempt 1/5)
    Transient error (You have exceeded a rate limit. Contact planetarycomputer@microsoft.com.) -- retrying in 15s (attempt 1/5)
    Transient error (You have exceeded a rate limit. Contact planetarycomputer@microsoft.com.) -- retrying in 19s (attempt 2/5)
    Transient error (You have exceeded a rate limit. Contact planetarycomputer@microsoft.com.) -- retrying in 11s (attempt 1/5)
    Transient error (You have exceeded a rate limit. Contact planetarycomputer@microsoft.com.) -- retrying in 9s (attempt 1/5)
    Transient error (You have exceeded a rate limit. Contact planetarycomputer@microsoft.com.) -- retrying in 12s (attempt 1/5)
    Transient error (You have exceeded a rate limit. Contact planetarycomputer@microsoft.com.) -- retrying in 24s (attempt 2/5)
    Transient error (You have exceeded a rate limit. Contact planetarycomputer@microsoft.com.) -- retrying in 13s (attempt 1/5)
    Transient error (You have exceeded a rate limit. Contact planetarycomputer@microsoft.com.) -- retrying in 9s (attempt 1/5)
    Transient error (You have exceeded a rate limit. Contact planetarycomputer@microsoft.com.) -- retrying in 16s (attempt 1/5)
    Transient error (You have exceeded a rate limit. Contact planetarycomputer@microsoft.com.) -- retrying in 9s (attempt 1/5)
    Transient error (You have exceeded a rate limit. Contact planetarycomputer@microsoft.com.) -- retrying in 10s (attempt 1/5)
    Transient error (You have exceeded a rate limit. Contact planetarycomputer@microsoft.com.) -- retrying in 13s (attempt 1/5)
    Transient error (You have exceeded a rate limit. Contact planetarycomputer@microsoft.com.) -- retrying in 23s (attempt 2/5)
    Transient error (You have exceeded a rate limit. Contact planetarycomputer@microsoft.com.) -- retrying in 12s (attempt 1/5)
    Transient error (You have exceeded a rate limit. Contact planetarycomputer@microsoft.com.) -- retrying in 21s (attempt 2/5)
    Transient error (You have exceeded a rate limit. Contact planetarycomputer@microsoft.com.) -- retrying in 34s (attempt 3/5)
    Transient error (You have exceeded a rate limit. Contact planetarycomputer@microsoft.com.) -- retrying in 8s (attempt 1/5)
    ...11797 candidate(s) done (273.2 min elapsed)
    Transient error (You have exceeded a rate limit. Contact planetarycomputer@microsoft.com.) -- retrying in 13s (attempt 1/5)
    Transient error (You have exceeded a rate limit. Contact planetarycomputer@microsoft.com.) -- retrying in 11s (attempt 1/5)
    Transient error (You have exceeded a rate limit. Contact planetarycomputer@microsoft.com.) -- retrying in 13s (attempt 1/5)
    ...11997 candidate(s) done (275.6 min elapsed)
    Transient error (You have exceeded a rate limit. Contact planetarycomputer@microsoft.com.) -- retrying in 13s (attempt 1/5)
    Transient error (You have exceeded a rate limit. Contact planetarycomputer@microsoft.com.) -- retrying in 21s (attempt 2/5)
    Transient error (You have exceeded a rate limit. Contact planetarycomputer@microsoft.com.) -- retrying in 9s (attempt 1/5)
    Transient error (You have exceeded a rate limit. Contact planetarycomputer@microsoft.com.) -- retrying in 11s (attempt 1/5)
    Transient error (You have exceeded a rate limit. Contact planetarycomputer@microsoft.com.) -- retrying in 15s (attempt 1/5)
    ...12197 candidate(s) done (279.0 min elapsed)
    Transient error (You have exceeded a rate limit. Contact planetarycomputer@microsoft.com.) -- retrying in 14s (attempt 1/5)
    Transient error (You have exceeded a rate limit. Contact planetarycomputer@microsoft.com.) -- retrying in 8s (attempt 1/5)
    Transient error (You have exceeded a rate limit. Contact planetarycomputer@microsoft.com.) -- retrying in 11s (attempt 1/5)
    Transient error (You have exceeded a rate limit. Contact planetarycomputer@microsoft.com.) -- retrying in 23s (attempt 2/5)
    Transient error (You have exceeded a rate limit. Contact planetarycomputer@microsoft.com.) -- retrying in 12s (attempt 1/5)
    Transient error (You have exceeded a rate limit. Contact planetarycomputer@microsoft.com.) -- retrying in 15s (attempt 1/5)
    Transient error (You have exceeded a rate limit. Contact planetarycomputer@microsoft.com.) -- retrying in 9s (attempt 1/5)
    Transient error (You have exceeded a rate limit. Contact planetarycomputer@microsoft.com.) -- retrying in 10s (attempt 1/5)
    Transient error (You have exceeded a rate limit. Contact planetarycomputer@microsoft.com.) -- retrying in 9s (attempt 1/5)
    Transient error (You have exceeded a rate limit. Contact planetarycomputer@microsoft.com.) -- retrying in 12s (attempt 1/5)
    Transient error (You have exceeded a rate limit. Contact planetarycomputer@microsoft.com.) -- retrying in 15s (attempt 1/5)
    Transient error (You have exceeded a rate limit. Contact planetarycomputer@microsoft.com.) -- retrying in 10s (attempt 1/5)
    Transient error (You have exceeded a rate limit. Contact planetarycomputer@microsoft.com.) -- retrying in 24s (attempt 2/5)
    Transient error (You have exceeded a rate limit. Contact planetarycomputer@microsoft.com.) -- retrying in 10s (attempt 1/5)
    Transient error (You have exceeded a rate limit. Contact planetarycomputer@microsoft.com.) -- retrying in 14s (attempt 1/5)
    Transient error (You have exceeded a rate limit. Contact planetarycomputer@microsoft.com.) -- retrying in 20s (attempt 2/5)
    Transient error (You have exceeded a rate limit. Contact planetarycomputer@microsoft.com.) -- retrying in 21s (attempt 2/5)
    Transient error (You have exceeded a rate limit. Contact planetarycomputer@microsoft.com.) -- retrying in 23s (attempt 2/5)
    Transient error (You have exceeded a rate limit. Contact planetarycomputer@microsoft.com.) -- retrying in 18s (attempt 2/5)
    ...12397 candidate(s) done (282.5 min elapsed)
    Transient error (You have exceeded a rate limit. Contact planetarycomputer@microsoft.com.) -- retrying in 10s (attempt 1/5)
    Transient error (You have exceeded a rate limit. Contact planetarycomputer@microsoft.com.) -- retrying in 16s (attempt 1/5)
    Transient error (You have exceeded a rate limit. Contact planetarycomputer@microsoft.com.) -- retrying in 16s (attempt 1/5)
    Transient error (You have exceeded a rate limit. Contact planetarycomputer@microsoft.com.) -- retrying in 9s (attempt 1/5)
    Transient error (You have exceeded a rate limit. Contact planetarycomputer@microsoft.com.) -- retrying in 10s (attempt 1/5)
    Transient error (You have exceeded a rate limit. Contact planetarycomputer@microsoft.com.) -- retrying in 11s (attempt 1/5)
    ...12597 candidate(s) done (284.9 min elapsed)
    Transient error (You have exceeded a rate limit. Contact planetarycomputer@microsoft.com.) -- retrying in 16s (attempt 1/5)
    Transient error (You have exceeded a rate limit. Contact planetarycomputer@microsoft.com.) -- retrying in 8s (attempt 1/5)
    Transient error (You have exceeded a rate limit. Contact planetarycomputer@microsoft.com.) -- retrying in 18s (attempt 2/5)
    Transient error (You have exceeded a rate limit. Contact planetarycomputer@microsoft.com.) -- retrying in 15s (attempt 1/5)
    Transient error (You have exceeded a rate limit. Contact planetarycomputer@microsoft.com.) -- retrying in 11s (attempt 1/5)
    Transient error (You have exceeded a rate limit. Contact planetarycomputer@microsoft.com.) -- retrying in 10s (attempt 1/5)
    ...12797 candidate(s) done (287.7 min elapsed)
    Transient error (You have exceeded a rate limit. Contact planetarycomputer@microsoft.com.) -- retrying in 10s (attempt 1/5)
    Transient error (You have exceeded a rate limit. Contact planetarycomputer@microsoft.com.) -- retrying in 14s (attempt 1/5)
    ...12997 candidate(s) done (289.5 min elapsed)
    Transient error (You have exceeded a rate limit. Contact planetarycomputer@microsoft.com.) -- retrying in 10s (attempt 1/5)
    Transient error (You have exceeded a rate limit. Contact planetarycomputer@microsoft.com.) -- retrying in 11s (attempt 1/5)
    Transient error (You have exceeded a rate limit. Contact planetarycomputer@microsoft.com.) -- retrying in 10s (attempt 1/5)
    Transient error (You have exceeded a rate limit. Contact planetarycomputer@microsoft.com.) -- retrying in 10s (attempt 1/5)
    Transient error (You have exceeded a rate limit. Contact planetarycomputer@microsoft.com.) -- retrying in 22s (attempt 2/5)
    Transient error (You have exceeded a rate limit. Contact planetarycomputer@microsoft.com.) -- retrying in 8s (attempt 1/5)
    Transient error (You have exceeded a rate limit. Contact planetarycomputer@microsoft.com.) -- retrying in 16s (attempt 1/5)
    Transient error (You have exceeded a rate limit. Contact planetarycomputer@microsoft.com.) -- retrying in 14s (attempt 1/5)
    Transient error (You have exceeded a rate limit. Contact planetarycomputer@microsoft.com.) -- retrying in 14s (attempt 1/5)
    Transient error (You have exceeded a rate limit. Contact planetarycomputer@microsoft.com.) -- retrying in 12s (attempt 1/5)
    Transient error (You have exceeded a rate limit. Contact planetarycomputer@microsoft.com.) -- retrying in 14s (attempt 1/5)
    Transient error (You have exceeded a rate limit. Contact planetarycomputer@microsoft.com.) -- retrying in 10s (attempt 1/5)
    Transient error (You have exceeded a rate limit. Contact planetarycomputer@microsoft.com.) -- retrying in 10s (attempt 1/5)
    Transient error (You have exceeded a rate limit. Contact planetarycomputer@microsoft.com.) -- retrying in 18s (attempt 2/5)
    Transient error (You have exceeded a rate limit. Contact planetarycomputer@microsoft.com.) -- retrying in 19s (attempt 2/5)
    Transient error (You have exceeded a rate limit. Contact planetarycomputer@microsoft.com.) -- retrying in 19s (attempt 2/5)
    Transient error (You have exceeded a rate limit. Contact planetarycomputer@microsoft.com.) -- retrying in 21s (attempt 2/5)
    Transient error (You have exceeded a rate limit. Contact planetarycomputer@microsoft.com.) -- retrying in 8s (attempt 1/5)
    Transient error (You have exceeded a rate limit. Contact planetarycomputer@microsoft.com.) -- retrying in 21s (attempt 2/5)
    Transient error (You have exceeded a rate limit. Contact planetarycomputer@microsoft.com.) -- retrying in 21s (attempt 2/5)
    Transient error (You have exceeded a rate limit. Contact planetarycomputer@microsoft.com.) -- retrying in 23s (attempt 2/5)
    Transient error (You have exceeded a rate limit. Contact planetarycomputer@microsoft.com.) -- retrying in 19s (attempt 2/5)
    Transient error (You have exceeded a rate limit. Contact planetarycomputer@microsoft.com.) -- retrying in 38s (attempt 3/5)
    Transient error (You have exceeded a rate limit. Contact planetarycomputer@microsoft.com.) -- retrying in 34s (attempt 3/5)
    Transient error (You have exceeded a rate limit. Contact planetarycomputer@microsoft.com.) -- retrying in 34s (attempt 3/5)
    Transient error (You have exceeded a rate limit. Contact planetarycomputer@microsoft.com.) -- retrying in 39s (attempt 3/5)
    ...13197 candidate(s) done (293.8 min elapsed)
    Transient error (You have exceeded a rate limit. Contact planetarycomputer@microsoft.com.) -- retrying in 13s (attempt 1/5)
    Transient error (You have exceeded a rate limit. Contact planetarycomputer@microsoft.com.) -- retrying in 8s (attempt 1/5)
    Transient error (You have exceeded a rate limit. Contact planetarycomputer@microsoft.com.) -- retrying in 14s (attempt 1/5)
    Transient error (You have exceeded a rate limit. Contact planetarycomputer@microsoft.com.) -- retrying in 11s (attempt 1/5)
    Transient error (You have exceeded a rate limit. Contact planetarycomputer@microsoft.com.) -- retrying in 19s (attempt 2/5)
    Transient error (You have exceeded a rate limit. Contact planetarycomputer@microsoft.com.) -- retrying in 9s (attempt 1/5)
    Transient error (You have exceeded a rate limit. Contact planetarycomputer@microsoft.com.) -- retrying in 23s (attempt 2/5)
    Transient error (You have exceeded a rate limit. Contact planetarycomputer@microsoft.com.) -- retrying in 13s (attempt 1/5)
    Transient error (You have exceeded a rate limit. Contact planetarycomputer@microsoft.com.) -- retrying in 21s (attempt 2/5)
    Transient error (You have exceeded a rate limit. Contact planetarycomputer@microsoft.com.) -- retrying in 10s (attempt 1/5)
    Transient error (You have exceeded a rate limit. Contact planetarycomputer@microsoft.com.) -- retrying in 8s (attempt 1/5)
    Transient error (You have exceeded a rate limit. Contact planetarycomputer@microsoft.com.) -- retrying in 18s (attempt 2/5)
    Transient error (You have exceeded a rate limit. Contact planetarycomputer@microsoft.com.) -- retrying in 39s (attempt 3/5)
    Transient error (You have exceeded a rate limit. Contact planetarycomputer@microsoft.com.) -- retrying in 13s (attempt 1/5)
    ...13397 candidate(s) done (299.3 min elapsed)
    Transient error (You have exceeded a rate limit. Contact planetarycomputer@microsoft.com.) -- retrying in 10s (attempt 1/5)
    Transient error (You have exceeded a rate limit. Contact planetarycomputer@microsoft.com.) -- retrying in 12s (attempt 1/5)
    Transient error (You have exceeded a rate limit. Contact planetarycomputer@microsoft.com.) -- retrying in 9s (attempt 1/5)
    Transient error (You have exceeded a rate limit. Contact planetarycomputer@microsoft.com.) -- retrying in 12s (attempt 1/5)
    Transient error (You have exceeded a rate limit. Contact planetarycomputer@microsoft.com.) -- retrying in 9s (attempt 1/5)
    Transient error (You have exceeded a rate limit. Contact planetarycomputer@microsoft.com.) -- retrying in 10s (attempt 1/5)
    Transient error (You have exceeded a rate limit. Contact planetarycomputer@microsoft.com.) -- retrying in 11s (attempt 1/5)
    Transient error (You have exceeded a rate limit. Contact planetarycomputer@microsoft.com.) -- retrying in 11s (attempt 1/5)
    Transient error (You have exceeded a rate limit. Contact planetarycomputer@microsoft.com.) -- retrying in 16s (attempt 1/5)
    Transient error (You have exceeded a rate limit. Contact planetarycomputer@microsoft.com.) -- retrying in 14s (attempt 1/5)
    Transient error (You have exceeded a rate limit. Contact planetarycomputer@microsoft.com.) -- retrying in 10s (attempt 1/5)
    Transient error (You have exceeded a rate limit. Contact planetarycomputer@microsoft.com.) -- retrying in 24s (attempt 2/5)
    Transient error (You have exceeded a rate limit. Contact planetarycomputer@microsoft.com.) -- retrying in 35s (attempt 3/5)
    Transient error (You have exceeded a rate limit. Contact planetarycomputer@microsoft.com.) -- retrying in 65s (attempt 4/5)
    ...13597 candidate(s) done (304.3 min elapsed)
    17009931001::f8f05115-f2a9-49e1-ab9a-99e8987e1bd6: prepare failed -- <html>
<head><title>502 Bad Gateway</title></head>
<body>
<center><h1>502 Bad Gateway</h1></center>
<hr><center>ngin
    Transient error (You have exceeded a rate limit. Contact planetarycomputer@microsoft.com.) -- retrying in 10s (attempt 1/5)
    Transient error (You have exceeded a rate limit. Contact planetarycomputer@microsoft.com.) -- retrying in 10s (attempt 1/5)
    Transient error (You have exceeded a rate limit. Contact planetarycomputer@microsoft.com.) -- retrying in 18s (attempt 2/5)
    Transient error (You have exceeded a rate limit. Contact planetarycomputer@microsoft.com.) -- retrying in 9s (attempt 1/5)
    Transient error (You have exceeded a rate limit. Contact planetarycomputer@microsoft.com.) -- retrying in 11s (attempt 1/5)
    Transient error (You have exceeded a rate limit. Contact planetarycomputer@microsoft.com.) -- retrying in 22s (attempt 2/5)
    Transient error (You have exceeded a rate limit. Contact planetarycomputer@microsoft.com.) -- retrying in 14s (attempt 1/5)
    Transient error (You have exceeded a rate limit. Contact planetarycomputer@microsoft.com.) -- retrying in 9s (attempt 1/5)
    Transient error (You have exceeded a rate limit. Contact planetarycomputer@microsoft.com.) -- retrying in 15s (attempt 1/5)
    Transient error (You have exceeded a rate limit. Contact planetarycomputer@microsoft.com.) -- retrying in 16s (attempt 1/5)
    Transient error (You have exceeded a rate limit. Contact planetarycomputer@microsoft.com.) -- retrying in 18s (attempt 2/5)
    Transient error (You have exceeded a rate limit. Contact planetarycomputer@microsoft.com.) -- retrying in 13s (attempt 1/5)
    Transient error (You have exceeded a rate limit. Contact planetarycomputer@microsoft.com.) -- retrying in 9s (attempt 1/5)
    Transient error (You have exceeded a rate limit. Contact planetarycomputer@microsoft.com.) -- retrying in 20s (attempt 2/5)
    Transient error (You have exceeded a rate limit. Contact planetarycomputer@microsoft.com.) -- retrying in 19s (attempt 2/5)
    ...13796 candidate(s) done (307.5 min elapsed)
  Flushed 13796 candidate row(s)

=== Summary ===
  Candidates processed : 13796
  Skipped (resume)     : 40
  No parcel geometry   : 0
  Elapsed              : 307.5 min

Outputs in: /work/GRDVULN/correction/data/od_features_candidates
Next: score these with stage2b_rf_model.joblib and compare rank-1 accuracy against Stage 2a alone, on the holdout's known truth.
Finished: Wed Sep  9 00:41:22 EDT 2026  (exit 0, 307 min)
THROUGHPUT NOTE: divide this task's 'Candidates processed' by 307
  min, then SUM across concurrent tasks to get aggregate rate. Compare
  that against the 39/min single-job baseline before raising the throttle.
