==========================================
Node:    r7n26
Job ID:  7400509
CPUs:    16
Started: Fri Aug 21 14:35:02 EDT 2026
==========================================
Loaded module: python/3.11
Python:  Python 3.11.13  (/work/GRDVULN/correction/.venv/bin/python)
------------------------------------------
=== 03_train_stage1.py: Stage 1 Model Training (Random Forest) ===

Loading Stage 1 training data...
  Rows: 2172
  Correct: 1991
  Incorrect: 181
  WARNING: dropping apparent merge-suffix artifact columns: ['h3_res9_x', 'STATE_CODE_x', 'h3_res9_y', 'STATE_CODE_y']
  Model columns: 66
  Class weights -- Correct: 0.083 | Incorrect: 0.917

Setting up cross-validation folds...
  Spatial fold 1 train -- Correct: 1522, Incorrect: 148
  Spatial fold 2 train -- Correct: 1745, Incorrect: 146
  Spatial fold 3 train -- Correct: 1252, Incorrect: 113
  Spatial fold 4 train -- Correct: 1462, Incorrect: 147
  Spatial fold 5 train -- Correct: 1983, Incorrect: 170
  Spatial folds: 5  |  Standard folds: 5

========================================
Tuning with SPATIAL cross-validation...
========================================
/work/GRDVULN/correction/.venv/lib64/python3.11/site-packages/sklearn/impute/_base.py:647: UserWarning: Skipping features without any observed values: ['od_max_conf_chlorine_contact' 'od_max_conf_drying_bed'
 'od_max_conf_oxidation_pond']. At least one non-missing value is needed for imputation with strategy='median'.
  warnings.warn(
/work/GRDVULN/correction/.venv/lib64/python3.11/site-packages/sklearn/impute/_base.py:647: UserWarning: Skipping features without any observed values: ['od_max_conf_chlorine_contact' 'od_max_conf_drying_bed'
 'od_max_conf_oxidation_pond']. At least one non-missing value is needed for imputation with strategy='median'.
  warnings.warn(
/work/GRDVULN/correction/.venv/lib64/python3.11/site-packages/sklearn/impute/_base.py:647: UserWarning: Skipping features without any observed values: ['od_max_conf_chlorine_contact' 'od_max_conf_drying_bed'
 'od_max_conf_oxidation_pond']. At least one non-missing value is needed for imputation with strategy='median'.
  warnings.warn(
/work/GRDVULN/correction/.venv/lib64/python3.11/site-packages/sklearn/impute/_base.py:647: UserWarning: Skipping features without any observed values: ['od_max_conf_chlorine_contact' 'od_max_conf_drying_bed'
 'od_max_conf_oxidation_pond']. At least one non-missing value is needed for imputation with strategy='median'.
  warnings.warn(
/work/GRDVULN/correction/.venv/lib64/python3.11/site-packages/sklearn/impute/_base.py:647: UserWarning: Skipping features without any observed values: ['od_max_conf_chlorine_contact' 'od_max_conf_drying_bed'
 'od_max_conf_oxidation_pond']. At least one non-missing value is needed for imputation with strategy='median'.
  warnings.warn(
/work/GRDVULN/correction/.venv/lib64/python3.11/site-packages/sklearn/impute/_base.py:647: UserWarning: Skipping features without any observed values: ['od_max_conf_chlorine_contact' 'od_max_conf_drying_bed'
 'od_max_conf_oxidation_pond']. At least one non-missing value is needed for imputation with strategy='median'.
  warnings.warn(
/work/GRDVULN/correction/.venv/lib64/python3.11/site-packages/sklearn/impute/_base.py:647: UserWarning: Skipping features without any observed values: ['od_max_conf_chlorine_contact' 'od_max_conf_drying_bed'
 'od_max_conf_oxidation_pond']. At least one non-missing value is needed for imputation with strategy='median'.
  warnings.warn(
/work/GRDVULN/correction/.venv/lib64/python3.11/site-packages/sklearn/impute/_base.py:647: UserWarning: Skipping features without any observed values: ['od_max_conf_chlorine_contact' 'od_max_conf_drying_bed'
 'od_max_conf_oxidation_pond']. At least one non-missing value is needed for imputation with strategy='median'.
  warnings.warn(
/work/GRDVULN/correction/.venv/lib64/python3.11/site-packages/sklearn/impute/_base.py:647: UserWarning: Skipping features without any observed values: ['od_max_conf_chlorine_contact' 'od_max_conf_drying_bed'
 'od_max_conf_oxidation_pond']. At least one non-missing value is needed for imputation with strategy='median'.
  warnings.warn(
/work/GRDVULN/correction/.venv/lib64/python3.11/site-packages/sklearn/impute/_base.py:647: UserWarning: Skipping features without any observed values: ['od_max_conf_chlorine_contact' 'od_max_conf_drying_bed'
 'od_max_conf_oxidation_pond']. At least one non-missing value is needed for imputation with strategy='median'.
  warnings.warn(
/work/GRDVULN/correction/.venv/lib64/python3.11/site-packages/sklearn/impute/_base.py:647: UserWarning: Skipping features without any observed values: ['od_max_conf_chlorine_contact' 'od_max_conf_drying_bed'
 'od_max_conf_oxidation_pond']. At least one non-missing value is needed for imputation with strategy='median'.
  warnings.warn(
/work/GRDVULN/correction/.venv/lib64/python3.11/site-packages/sklearn/impute/_base.py:647: UserWarning: Skipping features without any observed values: ['od_max_conf_chlorine_contact' 'od_max_conf_drying_bed'
 'od_max_conf_oxidation_pond']. At least one non-missing value is needed for imputation with strategy='median'.
  warnings.warn(
/work/GRDVULN/correction/.venv/lib64/python3.11/site-packages/sklearn/impute/_base.py:647: UserWarning: Skipping features without any observed values: ['od_max_conf_chlorine_contact' 'od_max_conf_drying_bed'
 'od_max_conf_oxidation_pond']. At least one non-missing value is needed for imputation with strategy='median'.
  warnings.warn(
/work/GRDVULN/correction/.venv/lib64/python3.11/site-packages/sklearn/impute/_base.py:647: UserWarning: Skipping features without any observed values: ['od_max_conf_chlorine_contact' 'od_max_conf_drying_bed'
 'od_max_conf_oxidation_pond']. At least one non-missing value is needed for imputation with strategy='median'.
  warnings.warn(
/work/GRDVULN/correction/.venv/lib64/python3.11/site-packages/sklearn/impute/_base.py:647: UserWarning: Skipping features without any observed values: ['od_max_conf_chlorine_contact' 'od_max_conf_drying_bed'
 'od_max_conf_oxidation_pond']. At least one non-missing value is needed for imputation with strategy='median'.
  warnings.warn(
/work/GRDVULN/correction/.venv/lib64/python3.11/site-packages/sklearn/impute/_base.py:647: UserWarning: Skipping features without any observed values: ['od_max_conf_chlorine_contact' 'od_max_conf_drying_bed'
 'od_max_conf_oxidation_pond']. At least one non-missing value is needed for imputation with strategy='median'.
  warnings.warn(
/work/GRDVULN/correction/.venv/lib64/python3.11/site-packages/sklearn/impute/_base.py:647: UserWarning: Skipping features without any observed values: ['od_max_conf_chlorine_contact' 'od_max_conf_drying_bed'
 'od_max_conf_oxidation_pond']. At least one non-missing value is needed for imputation with strategy='median'.
  warnings.warn(
/work/GRDVULN/correction/.venv/lib64/python3.11/site-packages/sklearn/impute/_base.py:647: UserWarning: Skipping features without any observed values: ['od_max_conf_chlorine_contact' 'od_max_conf_drying_bed'
 'od_max_conf_oxidation_pond']. At least one non-missing value is needed for imputation with strategy='median'.
  warnings.warn(
/work/GRDVULN/correction/.venv/lib64/python3.11/site-packages/sklearn/impute/_base.py:647: UserWarning: Skipping features without any observed values: ['od_max_conf_chlorine_contact' 'od_max_conf_drying_bed'
 'od_max_conf_oxidation_pond']. At least one non-missing value is needed for imputation with strategy='median'.
  warnings.warn(
/work/GRDVULN/correction/.venv/lib64/python3.11/site-packages/sklearn/impute/_base.py:647: UserWarning: Skipping features without any observed values: ['od_max_conf_chlorine_contact' 'od_max_conf_drying_bed'
 'od_max_conf_oxidation_pond']. At least one non-missing value is needed for imputation with strategy='median'.
  warnings.warn(
/work/GRDVULN/correction/.venv/lib64/python3.11/site-packages/sklearn/impute/_base.py:647: UserWarning: Skipping features without any observed values: ['od_max_conf_chlorine_contact' 'od_max_conf_drying_bed'
 'od_max_conf_oxidation_pond']. At least one non-missing value is needed for imputation with strategy='median'.
  warnings.warn(
/work/GRDVULN/correction/.venv/lib64/python3.11/site-packages/sklearn/impute/_base.py:647: UserWarning: Skipping features without any observed values: ['od_max_conf_chlorine_contact' 'od_max_conf_drying_bed'
 'od_max_conf_oxidation_pond']. At least one non-missing value is needed for imputation with strategy='median'.
  warnings.warn(
/work/GRDVULN/correction/.venv/lib64/python3.11/site-packages/sklearn/impute/_base.py:647: UserWarning: Skipping features without any observed values: ['od_max_conf_chlorine_contact' 'od_max_conf_drying_bed'
 'od_max_conf_oxidation_pond']. At least one non-missing value is needed for imputation with strategy='median'.
  warnings.warn(
/work/GRDVULN/correction/.venv/lib64/python3.11/site-packages/sklearn/impute/_base.py:647: UserWarning: Skipping features without any observed values: ['od_max_conf_chlorine_contact' 'od_max_conf_drying_bed'
 'od_max_conf_oxidation_pond']. At least one non-missing value is needed for imputation with strategy='median'.
  warnings.warn(
/work/GRDVULN/correction/.venv/lib64/python3.11/site-packages/sklearn/impute/_base.py:647: UserWarning: Skipping features without any observed values: ['od_max_conf_chlorine_contact' 'od_max_conf_drying_bed'
 'od_max_conf_oxidation_pond']. At least one non-missing value is needed for imputation with strategy='median'.
  warnings.warn(
/work/GRDVULN/correction/.venv/lib64/python3.11/site-packages/sklearn/impute/_base.py:647: UserWarning: Skipping features without any observed values: ['od_max_conf_chlorine_contact' 'od_max_conf_drying_bed'
 'od_max_conf_oxidation_pond']. At least one non-missing value is needed for imputation with strategy='median'.
  warnings.warn(
/work/GRDVULN/correction/.venv/lib64/python3.11/site-packages/sklearn/impute/_base.py:647: UserWarning: Skipping features without any observed values: ['od_max_conf_chlorine_contact' 'od_max_conf_drying_bed'
 'od_max_conf_oxidation_pond']. At least one non-missing value is needed for imputation with strategy='median'.
  warnings.warn(
/work/GRDVULN/correction/.venv/lib64/python3.11/site-packages/sklearn/impute/_base.py:647: UserWarning: Skipping features without any observed values: ['od_max_conf_chlorine_contact' 'od_max_conf_drying_bed'
 'od_max_conf_oxidation_pond']. At least one non-missing value is needed for imputation with strategy='median'.
  warnings.warn(
/work/GRDVULN/correction/.venv/lib64/python3.11/site-packages/sklearn/impute/_base.py:647: UserWarning: Skipping features without any observed values: ['od_max_conf_chlorine_contact' 'od_max_conf_drying_bed'
 'od_max_conf_oxidation_pond']. At least one non-missing value is needed for imputation with strategy='median'.
  warnings.warn(
/work/GRDVULN/correction/.venv/lib64/python3.11/site-packages/sklearn/impute/_base.py:647: UserWarning: Skipping features without any observed values: ['od_max_conf_chlorine_contact' 'od_max_conf_drying_bed'
 'od_max_conf_oxidation_pond']. At least one non-missing value is needed for imputation with strategy='median'.
  warnings.warn(
/work/GRDVULN/correction/.venv/lib64/python3.11/site-packages/sklearn/impute/_base.py:647: UserWarning: Skipping features without any observed values: ['od_max_conf_chlorine_contact' 'od_max_conf_drying_bed'
 'od_max_conf_oxidation_pond']. At least one non-missing value is needed for imputation with strategy='median'.
  warnings.warn(
/work/GRDVULN/correction/.venv/lib64/python3.11/site-packages/sklearn/impute/_base.py:647: UserWarning: Skipping features without any observed values: ['od_max_conf_chlorine_contact' 'od_max_conf_drying_bed'
 'od_max_conf_oxidation_pond']. At least one non-missing value is needed for imputation with strategy='median'.
  warnings.warn(
/work/GRDVULN/correction/.venv/lib64/python3.11/site-packages/sklearn/impute/_base.py:647: UserWarning: Skipping features without any observed values: ['od_max_conf_chlorine_contact' 'od_max_conf_drying_bed'
 'od_max_conf_oxidation_pond']. At least one non-missing value is needed for imputation with strategy='median'.
  warnings.warn(
/work/GRDVULN/correction/.venv/lib64/python3.11/site-packages/sklearn/impute/_base.py:647: UserWarning: Skipping features without any observed values: ['od_max_conf_chlorine_contact' 'od_max_conf_drying_bed'
 'od_max_conf_oxidation_pond']. At least one non-missing value is needed for imputation with strategy='median'.
  warnings.warn(
/work/GRDVULN/correction/.venv/lib64/python3.11/site-packages/sklearn/impute/_base.py:647: UserWarning: Skipping features without any observed values: ['od_max_conf_chlorine_contact' 'od_max_conf_drying_bed'
 'od_max_conf_oxidation_pond']. At least one non-missing value is needed for imputation with strategy='median'.
  warnings.warn(
/work/GRDVULN/correction/.venv/lib64/python3.11/site-packages/sklearn/impute/_base.py:647: UserWarning: Skipping features without any observed values: ['od_max_conf_chlorine_contact' 'od_max_conf_drying_bed'
 'od_max_conf_oxidation_pond']. At least one non-missing value is needed for imputation with strategy='median'.
  warnings.warn(
/work/GRDVULN/correction/.venv/lib64/python3.11/site-packages/sklearn/impute/_base.py:647: UserWarning: Skipping features without any observed values: ['od_max_conf_chlorine_contact' 'od_max_conf_drying_bed'
 'od_max_conf_oxidation_pond']. At least one non-missing value is needed for imputation with strategy='median'.
  warnings.warn(
/work/GRDVULN/correction/.venv/lib64/python3.11/site-packages/sklearn/impute/_base.py:647: UserWarning: Skipping features without any observed values: ['od_max_conf_chlorine_contact' 'od_max_conf_drying_bed'
 'od_max_conf_oxidation_pond']. At least one non-missing value is needed for imputation with strategy='median'.
  warnings.warn(
/work/GRDVULN/correction/.venv/lib64/python3.11/site-packages/sklearn/impute/_base.py:647: UserWarning: Skipping features without any observed values: ['od_max_conf_chlorine_contact' 'od_max_conf_drying_bed'
 'od_max_conf_oxidation_pond']. At least one non-missing value is needed for imputation with strategy='median'.
  warnings.warn(
/work/GRDVULN/correction/.venv/lib64/python3.11/site-packages/sklearn/impute/_base.py:647: UserWarning: Skipping features without any observed values: ['od_max_conf_chlorine_contact' 'od_max_conf_drying_bed'
 'od_max_conf_oxidation_pond']. At least one non-missing value is needed for imputation with strategy='median'.
  warnings.warn(
/work/GRDVULN/correction/.venv/lib64/python3.11/site-packages/sklearn/impute/_base.py:647: UserWarning: Skipping features without any observed values: ['od_max_conf_chlorine_contact' 'od_max_conf_drying_bed'
 'od_max_conf_oxidation_pond']. At least one non-missing value is needed for imputation with strategy='median'.
  warnings.warn(
/work/GRDVULN/correction/.venv/lib64/python3.11/site-packages/sklearn/impute/_base.py:647: UserWarning: Skipping features without any observed values: ['od_max_conf_chlorine_contact' 'od_max_conf_drying_bed'
 'od_max_conf_oxidation_pond']. At least one non-missing value is needed for imputation with strategy='median'.
  warnings.warn(
/work/GRDVULN/correction/.venv/lib64/python3.11/site-packages/sklearn/impute/_base.py:647: UserWarning: Skipping features without any observed values: ['od_max_conf_chlorine_contact' 'od_max_conf_drying_bed'
 'od_max_conf_oxidation_pond']. At least one non-missing value is needed for imputation with strategy='median'.
  warnings.warn(
/work/GRDVULN/correction/.venv/lib64/python3.11/site-packages/sklearn/impute/_base.py:647: UserWarning: Skipping features without any observed values: ['od_max_conf_chlorine_contact' 'od_max_conf_drying_bed'
 'od_max_conf_oxidation_pond']. At least one non-missing value is needed for imputation with strategy='median'.
  warnings.warn(
/work/GRDVULN/correction/.venv/lib64/python3.11/site-packages/sklearn/impute/_base.py:647: UserWarning: Skipping features without any observed values: ['od_max_conf_chlorine_contact' 'od_max_conf_drying_bed'
 'od_max_conf_oxidation_pond']. At least one non-missing value is needed for imputation with strategy='median'.
  warnings.warn(
/work/GRDVULN/correction/.venv/lib64/python3.11/site-packages/sklearn/impute/_base.py:647: UserWarning: Skipping features without any observed values: ['od_max_conf_chlorine_contact' 'od_max_conf_drying_bed'
 'od_max_conf_oxidation_pond']. At least one non-missing value is needed for imputation with strategy='median'.
  warnings.warn(
/work/GRDVULN/correction/.venv/lib64/python3.11/site-packages/sklearn/impute/_base.py:647: UserWarning: Skipping features without any observed values: ['od_max_conf_chlorine_contact' 'od_max_conf_drying_bed'
 'od_max_conf_oxidation_pond']. At least one non-missing value is needed for imputation with strategy='median'.
  warnings.warn(
/work/GRDVULN/correction/.venv/lib64/python3.11/site-packages/sklearn/impute/_base.py:647: UserWarning: Skipping features without any observed values: ['od_max_conf_chlorine_contact' 'od_max_conf_drying_bed'
 'od_max_conf_oxidation_pond']. At least one non-missing value is needed for imputation with strategy='median'.
  warnings.warn(
/work/GRDVULN/correction/.venv/lib64/python3.11/site-packages/sklearn/impute/_base.py:647: UserWarning: Skipping features without any observed values: ['od_max_conf_chlorine_contact' 'od_max_conf_drying_bed'
 'od_max_conf_oxidation_pond']. At least one non-missing value is needed for imputation with strategy='median'.
  warnings.warn(
/work/GRDVULN/correction/.venv/lib64/python3.11/site-packages/sklearn/impute/_base.py:647: UserWarning: Skipping features without any observed values: ['od_max_conf_chlorine_contact' 'od_max_conf_drying_bed'
 'od_max_conf_oxidation_pond']. At least one non-missing value is needed for imputation with strategy='median'.
  warnings.warn(
/work/GRDVULN/correction/.venv/lib64/python3.11/site-packages/sklearn/impute/_base.py:647: UserWarning: Skipping features without any observed values: ['od_max_conf_chlorine_contact' 'od_max_conf_drying_bed'
 'od_max_conf_oxidation_pond']. At least one non-missing value is needed for imputation with strategy='median'.
  warnings.warn(
/work/GRDVULN/correction/.venv/lib64/python3.11/site-packages/sklearn/impute/_base.py:647: UserWarning: Skipping features without any observed values: ['od_max_conf_chlorine_contact' 'od_max_conf_drying_bed'
 'od_max_conf_oxidation_pond']. At least one non-missing value is needed for imputation with strategy='median'.
  warnings.warn(
/work/GRDVULN/correction/.venv/lib64/python3.11/site-packages/sklearn/impute/_base.py:647: UserWarning: Skipping features without any observed values: ['od_max_conf_chlorine_contact' 'od_max_conf_drying_bed'
 'od_max_conf_oxidation_pond']. At least one non-missing value is needed for imputation with strategy='median'.
  warnings.warn(
/work/GRDVULN/correction/.venv/lib64/python3.11/site-packages/sklearn/impute/_base.py:647: UserWarning: Skipping features without any observed values: ['od_max_conf_chlorine_contact' 'od_max_conf_drying_bed'
 'od_max_conf_oxidation_pond']. At least one non-missing value is needed for imputation with strategy='median'.
  warnings.warn(
/work/GRDVULN/correction/.venv/lib64/python3.11/site-packages/sklearn/impute/_base.py:647: UserWarning: Skipping features without any observed values: ['od_max_conf_chlorine_contact' 'od_max_conf_drying_bed'
 'od_max_conf_oxidation_pond']. At least one non-missing value is needed for imputation with strategy='median'.
  warnings.warn(
/work/GRDVULN/correction/.venv/lib64/python3.11/site-packages/sklearn/impute/_base.py:647: UserWarning: Skipping features without any observed values: ['od_max_conf_chlorine_contact' 'od_max_conf_drying_bed'
 'od_max_conf_oxidation_pond']. At least one non-missing value is needed for imputation with strategy='median'.
  warnings.warn(
/work/GRDVULN/correction/.venv/lib64/python3.11/site-packages/sklearn/impute/_base.py:647: UserWarning: Skipping features without any observed values: ['od_max_conf_chlorine_contact' 'od_max_conf_drying_bed'
 'od_max_conf_oxidation_pond']. At least one non-missing value is needed for imputation with strategy='median'.
  warnings.warn(
/work/GRDVULN/correction/.venv/lib64/python3.11/site-packages/sklearn/impute/_base.py:647: UserWarning: Skipping features without any observed values: ['od_max_conf_chlorine_contact' 'od_max_conf_drying_bed'
 'od_max_conf_oxidation_pond']. At least one non-missing value is needed for imputation with strategy='median'.
  warnings.warn(
/work/GRDVULN/correction/.venv/lib64/python3.11/site-packages/sklearn/impute/_base.py:647: UserWarning: Skipping features without any observed values: ['od_max_conf_chlorine_contact' 'od_max_conf_drying_bed'
 'od_max_conf_oxidation_pond']. At least one non-missing value is needed for imputation with strategy='median'.
  warnings.warn(
/work/GRDVULN/correction/.venv/lib64/python3.11/site-packages/sklearn/impute/_base.py:647: UserWarning: Skipping features without any observed values: ['od_max_conf_chlorine_contact' 'od_max_conf_drying_bed'
 'od_max_conf_oxidation_pond']. At least one non-missing value is needed for imputation with strategy='median'.
  warnings.warn(
/work/GRDVULN/correction/.venv/lib64/python3.11/site-packages/sklearn/impute/_base.py:647: UserWarning: Skipping features without any observed values: ['od_max_conf_chlorine_contact' 'od_max_conf_drying_bed'
 'od_max_conf_oxidation_pond']. At least one non-missing value is needed for imputation with strategy='median'.
  warnings.warn(
/work/GRDVULN/correction/.venv/lib64/python3.11/site-packages/sklearn/impute/_base.py:647: UserWarning: Skipping features without any observed values: ['od_max_conf_chlorine_contact' 'od_max_conf_drying_bed'
 'od_max_conf_oxidation_pond']. At least one non-missing value is needed for imputation with strategy='median'.
  warnings.warn(
/work/GRDVULN/correction/.venv/lib64/python3.11/site-packages/sklearn/impute/_base.py:647: UserWarning: Skipping features without any observed values: ['od_max_conf_chlorine_contact' 'od_max_conf_drying_bed'
 'od_max_conf_oxidation_pond']. At least one non-missing value is needed for imputation with strategy='median'.
  warnings.warn(
/work/GRDVULN/correction/.venv/lib64/python3.11/site-packages/sklearn/impute/_base.py:647: UserWarning: Skipping features without any observed values: ['od_max_conf_chlorine_contact' 'od_max_conf_drying_bed'
 'od_max_conf_oxidation_pond']. At least one non-missing value is needed for imputation with strategy='median'.
  warnings.warn(
/work/GRDVULN/correction/.venv/lib64/python3.11/site-packages/sklearn/impute/_base.py:647: UserWarning: Skipping features without any observed values: ['od_max_conf_chlorine_contact' 'od_max_conf_drying_bed'
 'od_max_conf_oxidation_pond']. At least one non-missing value is needed for imputation with strategy='median'.
  warnings.warn(
/work/GRDVULN/correction/.venv/lib64/python3.11/site-packages/sklearn/impute/_base.py:647: UserWarning: Skipping features without any observed values: ['od_max_conf_chlorine_contact' 'od_max_conf_drying_bed'
 'od_max_conf_oxidation_pond']. At least one non-missing value is needed for imputation with strategy='median'.
  warnings.warn(
/work/GRDVULN/correction/.venv/lib64/python3.11/site-packages/sklearn/impute/_base.py:647: UserWarning: Skipping features without any observed values: ['od_max_conf_chlorine_contact' 'od_max_conf_drying_bed'
 'od_max_conf_oxidation_pond']. At least one non-missing value is needed for imputation with strategy='median'.
  warnings.warn(
/work/GRDVULN/correction/.venv/lib64/python3.11/site-packages/sklearn/impute/_base.py:647: UserWarning: Skipping features without any observed values: ['od_max_conf_chlorine_contact' 'od_max_conf_drying_bed'
 'od_max_conf_oxidation_pond']. At least one non-missing value is needed for imputation with strategy='median'.
  warnings.warn(
/work/GRDVULN/correction/.venv/lib64/python3.11/site-packages/sklearn/impute/_base.py:647: UserWarning: Skipping features without any observed values: ['od_max_conf_chlorine_contact' 'od_max_conf_drying_bed'
 'od_max_conf_oxidation_pond']. At least one non-missing value is needed for imputation with strategy='median'.
  warnings.warn(
/work/GRDVULN/correction/.venv/lib64/python3.11/site-packages/sklearn/impute/_base.py:647: UserWarning: Skipping features without any observed values: ['od_max_conf_chlorine_contact' 'od_max_conf_drying_bed'
 'od_max_conf_oxidation_pond']. At least one non-missing value is needed for imputation with strategy='median'.
  warnings.warn(
/work/GRDVULN/correction/.venv/lib64/python3.11/site-packages/sklearn/impute/_base.py:647: UserWarning: Skipping features without any observed values: ['od_max_conf_chlorine_contact' 'od_max_conf_drying_bed'
 'od_max_conf_oxidation_pond']. At least one non-missing value is needed for imputation with strategy='median'.
  warnings.warn(
/work/GRDVULN/correction/.venv/lib64/python3.11/site-packages/sklearn/impute/_base.py:647: UserWarning: Skipping features without any observed values: ['od_max_conf_chlorine_contact' 'od_max_conf_drying_bed'
 'od_max_conf_oxidation_pond']. At least one non-missing value is needed for imputation with strategy='median'.
  warnings.warn(
/work/GRDVULN/correction/.venv/lib64/python3.11/site-packages/sklearn/impute/_base.py:647: UserWarning: Skipping features without any observed values: ['od_max_conf_chlorine_contact' 'od_max_conf_drying_bed'
 'od_max_conf_oxidation_pond']. At least one non-missing value is needed for imputation with strategy='median'.
  warnings.warn(
/work/GRDVULN/correction/.venv/lib64/python3.11/site-packages/sklearn/impute/_base.py:647: UserWarning: Skipping features without any observed values: ['od_max_conf_chlorine_contact' 'od_max_conf_drying_bed'
 'od_max_conf_oxidation_pond']. At least one non-missing value is needed for imputation with strategy='median'.
  warnings.warn(
/work/GRDVULN/correction/.venv/lib64/python3.11/site-packages/sklearn/impute/_base.py:647: UserWarning: Skipping features without any observed values: ['od_max_conf_chlorine_contact' 'od_max_conf_drying_bed'
 'od_max_conf_oxidation_pond']. At least one non-missing value is needed for imputation with strategy='median'.
  warnings.warn(
/work/GRDVULN/correction/.venv/lib64/python3.11/site-packages/sklearn/impute/_base.py:647: UserWarning: Skipping features without any observed values: ['od_max_conf_chlorine_contact' 'od_max_conf_drying_bed'
 'od_max_conf_oxidation_pond']. At least one non-missing value is needed for imputation with strategy='median'.
  warnings.warn(
/work/GRDVULN/correction/.venv/lib64/python3.11/site-packages/sklearn/impute/_base.py:647: UserWarning: Skipping features without any observed values: ['od_max_conf_chlorine_contact' 'od_max_conf_drying_bed'
 'od_max_conf_oxidation_pond']. At least one non-missing value is needed for imputation with strategy='median'.
  warnings.warn(
/work/GRDVULN/correction/.venv/lib64/python3.11/site-packages/sklearn/impute/_base.py:647: UserWarning: Skipping features without any observed values: ['od_max_conf_chlorine_contact' 'od_max_conf_drying_bed'
 'od_max_conf_oxidation_pond']. At least one non-missing value is needed for imputation with strategy='median'.
  warnings.warn(
/work/GRDVULN/correction/.venv/lib64/python3.11/site-packages/sklearn/impute/_base.py:647: UserWarning: Skipping features without any observed values: ['od_max_conf_chlorine_contact' 'od_max_conf_drying_bed'
 'od_max_conf_oxidation_pond']. At least one non-missing value is needed for imputation with strategy='median'.
  warnings.warn(
/work/GRDVULN/correction/.venv/lib64/python3.11/site-packages/sklearn/impute/_base.py:647: UserWarning: Skipping features without any observed values: ['od_max_conf_chlorine_contact' 'od_max_conf_drying_bed'
 'od_max_conf_oxidation_pond']. At least one non-missing value is needed for imputation with strategy='median'.
  warnings.warn(
/work/GRDVULN/correction/.venv/lib64/python3.11/site-packages/sklearn/impute/_base.py:647: UserWarning: Skipping features without any observed values: ['od_max_conf_chlorine_contact' 'od_max_conf_drying_bed'
 'od_max_conf_oxidation_pond']. At least one non-missing value is needed for imputation with strategy='median'.
  warnings.warn(
/work/GRDVULN/correction/.venv/lib64/python3.11/site-packages/sklearn/impute/_base.py:647: UserWarning: Skipping features without any observed values: ['od_max_conf_chlorine_contact' 'od_max_conf_drying_bed'
 'od_max_conf_oxidation_pond']. At least one non-missing value is needed for imputation with strategy='median'.
  warnings.warn(
/work/GRDVULN/correction/.venv/lib64/python3.11/site-packages/sklearn/impute/_base.py:647: UserWarning: Skipping features without any observed values: ['od_max_conf_chlorine_contact' 'od_max_conf_drying_bed'
 'od_max_conf_oxidation_pond']. At least one non-missing value is needed for imputation with strategy='median'.
  warnings.warn(
/work/GRDVULN/correction/.venv/lib64/python3.11/site-packages/sklearn/impute/_base.py:647: UserWarning: Skipping features without any observed values: ['od_max_conf_chlorine_contact' 'od_max_conf_drying_bed'
 'od_max_conf_oxidation_pond']. At least one non-missing value is needed for imputation with strategy='median'.
  warnings.warn(
/work/GRDVULN/correction/.venv/lib64/python3.11/site-packages/sklearn/impute/_base.py:647: UserWarning: Skipping features without any observed values: ['od_max_conf_chlorine_contact' 'od_max_conf_drying_bed'
 'od_max_conf_oxidation_pond']. At least one non-missing value is needed for imputation with strategy='median'.
  warnings.warn(
/work/GRDVULN/correction/.venv/lib64/python3.11/site-packages/sklearn/impute/_base.py:647: UserWarning: Skipping features without any observed values: ['od_max_conf_chlorine_contact' 'od_max_conf_drying_bed'
 'od_max_conf_oxidation_pond']. At least one non-missing value is needed for imputation with strategy='median'.
  warnings.warn(
/work/GRDVULN/correction/.venv/lib64/python3.11/site-packages/sklearn/impute/_base.py:647: UserWarning: Skipping features without any observed values: ['od_max_conf_chlorine_contact' 'od_max_conf_drying_bed'
 'od_max_conf_oxidation_pond']. At least one non-missing value is needed for imputation with strategy='median'.
  warnings.warn(
/work/GRDVULN/correction/.venv/lib64/python3.11/site-packages/sklearn/impute/_base.py:647: UserWarning: Skipping features without any observed values: ['od_max_conf_chlorine_contact' 'od_max_conf_drying_bed'
 'od_max_conf_oxidation_pond']. At least one non-missing value is needed for imputation with strategy='median'.
  warnings.warn(
/work/GRDVULN/correction/.venv/lib64/python3.11/site-packages/sklearn/impute/_base.py:647: UserWarning: Skipping features without any observed values: ['od_max_conf_chlorine_contact' 'od_max_conf_drying_bed'
 'od_max_conf_oxidation_pond']. At least one non-missing value is needed for imputation with strategy='median'.
  warnings.warn(
/work/GRDVULN/correction/.venv/lib64/python3.11/site-packages/sklearn/impute/_base.py:647: UserWarning: Skipping features without any observed values: ['od_max_conf_chlorine_contact' 'od_max_conf_drying_bed'
 'od_max_conf_oxidation_pond']. At least one non-missing value is needed for imputation with strategy='median'.
  warnings.warn(
/work/GRDVULN/correction/.venv/lib64/python3.11/site-packages/sklearn/impute/_base.py:647: UserWarning: Skipping features without any observed values: ['od_max_conf_chlorine_contact' 'od_max_conf_drying_bed'
 'od_max_conf_oxidation_pond']. At least one non-missing value is needed for imputation with strategy='median'.
  warnings.warn(
/work/GRDVULN/correction/.venv/lib64/python3.11/site-packages/sklearn/impute/_base.py:647: UserWarning: Skipping features without any observed values: ['od_max_conf_chlorine_contact' 'od_max_conf_drying_bed'
 'od_max_conf_oxidation_pond']. At least one non-missing value is needed for imputation with strategy='median'.
  warnings.warn(
/work/GRDVULN/correction/.venv/lib64/python3.11/site-packages/sklearn/impute/_base.py:647: UserWarning: Skipping features without any observed values: ['od_max_conf_chlorine_contact' 'od_max_conf_drying_bed'
 'od_max_conf_oxidation_pond']. At least one non-missing value is needed for imputation with strategy='median'.
  warnings.warn(
/work/GRDVULN/correction/.venv/lib64/python3.11/site-packages/sklearn/impute/_base.py:647: UserWarning: Skipping features without any observed values: ['od_max_conf_chlorine_contact' 'od_max_conf_drying_bed'
 'od_max_conf_oxidation_pond']. At least one non-missing value is needed for imputation with strategy='median'.
  warnings.warn(
/work/GRDVULN/correction/.venv/lib64/python3.11/site-packages/sklearn/impute/_base.py:647: UserWarning: Skipping features without any observed values: ['od_max_conf_chlorine_contact' 'od_max_conf_drying_bed'
 'od_max_conf_oxidation_pond']. At least one non-missing value is needed for imputation with strategy='median'.
  warnings.warn(
/work/GRDVULN/correction/.venv/lib64/python3.11/site-packages/sklearn/impute/_base.py:647: UserWarning: Skipping features without any observed values: ['od_max_conf_chlorine_contact' 'od_max_conf_drying_bed'
 'od_max_conf_oxidation_pond']. At least one non-missing value is needed for imputation with strategy='median'.
  warnings.warn(
/work/GRDVULN/correction/.venv/lib64/python3.11/site-packages/sklearn/impute/_base.py:647: UserWarning: Skipping features without any observed values: ['od_max_conf_chlorine_contact' 'od_max_conf_drying_bed'
 'od_max_conf_oxidation_pond']. At least one non-missing value is needed for imputation with strategy='median'.
  warnings.warn(
/work/GRDVULN/correction/.venv/lib64/python3.11/site-packages/sklearn/impute/_base.py:647: UserWarning: Skipping features without any observed values: ['od_max_conf_chlorine_contact' 'od_max_conf_drying_bed'
 'od_max_conf_oxidation_pond']. At least one non-missing value is needed for imputation with strategy='median'.
  warnings.warn(
/work/GRDVULN/correction/.venv/lib64/python3.11/site-packages/sklearn/impute/_base.py:647: UserWarning: Skipping features without any observed values: ['od_max_conf_chlorine_contact' 'od_max_conf_drying_bed'
 'od_max_conf_oxidation_pond']. At least one non-missing value is needed for imputation with strategy='median'.
  warnings.warn(
/work/GRDVULN/correction/.venv/lib64/python3.11/site-packages/sklearn/impute/_base.py:647: UserWarning: Skipping features without any observed values: ['od_max_conf_chlorine_contact' 'od_max_conf_drying_bed'
 'od_max_conf_oxidation_pond']. At least one non-missing value is needed for imputation with strategy='median'.
  warnings.warn(
/work/GRDVULN/correction/.venv/lib64/python3.11/site-packages/sklearn/impute/_base.py:647: UserWarning: Skipping features without any observed values: ['od_max_conf_chlorine_contact' 'od_max_conf_drying_bed'
 'od_max_conf_oxidation_pond']. At least one non-missing value is needed for imputation with strategy='median'.
  warnings.warn(
/work/GRDVULN/correction/.venv/lib64/python3.11/site-packages/sklearn/impute/_base.py:647: UserWarning: Skipping features without any observed values: ['od_max_conf_chlorine_contact' 'od_max_conf_drying_bed'
 'od_max_conf_oxidation_pond']. At least one non-missing value is needed for imputation with strategy='median'.
  warnings.warn(
/work/GRDVULN/correction/.venv/lib64/python3.11/site-packages/sklearn/impute/_base.py:647: UserWarning: Skipping features without any observed values: ['od_max_conf_chlorine_contact' 'od_max_conf_drying_bed'
 'od_max_conf_oxidation_pond']. At least one non-missing value is needed for imputation with strategy='median'.
  warnings.warn(
/work/GRDVULN/correction/.venv/lib64/python3.11/site-packages/sklearn/impute/_base.py:647: UserWarning: Skipping features without any observed values: ['od_max_conf_chlorine_contact' 'od_max_conf_drying_bed'
 'od_max_conf_oxidation_pond']. At least one non-missing value is needed for imputation with strategy='median'.
  warnings.warn(
/work/GRDVULN/correction/.venv/lib64/python3.11/site-packages/sklearn/impute/_base.py:647: UserWarning: Skipping features without any observed values: ['od_max_conf_chlorine_contact' 'od_max_conf_drying_bed'
 'od_max_conf_oxidation_pond']. At least one non-missing value is needed for imputation with strategy='median'.
  warnings.warn(
/work/GRDVULN/correction/.venv/lib64/python3.11/site-packages/sklearn/impute/_base.py:647: UserWarning: Skipping features without any observed values: ['od_max_conf_chlorine_contact' 'od_max_conf_drying_bed'
 'od_max_conf_oxidation_pond']. At least one non-missing value is needed for imputation with strategy='median'.
  warnings.warn(
/work/GRDVULN/correction/.venv/lib64/python3.11/site-packages/sklearn/impute/_base.py:647: UserWarning: Skipping features without any observed values: ['od_max_conf_chlorine_contact' 'od_max_conf_drying_bed'
 'od_max_conf_oxidation_pond']. At least one non-missing value is needed for imputation with strategy='median'.
  warnings.warn(
/work/GRDVULN/correction/.venv/lib64/python3.11/site-packages/sklearn/impute/_base.py:647: UserWarning: Skipping features without any observed values: ['od_max_conf_chlorine_contact' 'od_max_conf_drying_bed'
 'od_max_conf_oxidation_pond']. At least one non-missing value is needed for imputation with strategy='median'.
  warnings.warn(
/work/GRDVULN/correction/.venv/lib64/python3.11/site-packages/sklearn/impute/_base.py:647: UserWarning: Skipping features without any observed values: ['od_max_conf_chlorine_contact' 'od_max_conf_drying_bed'
 'od_max_conf_oxidation_pond']. At least one non-missing value is needed for imputation with strategy='median'.
  warnings.warn(
/work/GRDVULN/correction/.venv/lib64/python3.11/site-packages/sklearn/impute/_base.py:647: UserWarning: Skipping features without any observed values: ['od_max_conf_chlorine_contact' 'od_max_conf_drying_bed'
 'od_max_conf_oxidation_pond']. At least one non-missing value is needed for imputation with strategy='median'.
  warnings.warn(
/work/GRDVULN/correction/.venv/lib64/python3.11/site-packages/sklearn/impute/_base.py:647: UserWarning: Skipping features without any observed values: ['od_max_conf_chlorine_contact' 'od_max_conf_drying_bed'
 'od_max_conf_oxidation_pond']. At least one non-missing value is needed for imputation with strategy='median'.
  warnings.warn(
/work/GRDVULN/correction/.venv/lib64/python3.11/site-packages/sklearn/impute/_base.py:647: UserWarning: Skipping features without any observed values: ['od_max_conf_chlorine_contact' 'od_max_conf_drying_bed'
 'od_max_conf_oxidation_pond']. At least one non-missing value is needed for imputation with strategy='median'.
  warnings.warn(
/work/GRDVULN/correction/.venv/lib64/python3.11/site-packages/sklearn/impute/_base.py:647: UserWarning: Skipping features without any observed values: ['od_max_conf_chlorine_contact' 'od_max_conf_drying_bed'
 'od_max_conf_oxidation_pond']. At least one non-missing value is needed for imputation with strategy='median'.
  warnings.warn(
/work/GRDVULN/correction/.venv/lib64/python3.11/site-packages/sklearn/impute/_base.py:647: UserWarning: Skipping features without any observed values: ['od_max_conf_chlorine_contact' 'od_max_conf_drying_bed'
 'od_max_conf_oxidation_pond']. At least one non-missing value is needed for imputation with strategy='median'.
  warnings.warn(
/work/GRDVULN/correction/.venv/lib64/python3.11/site-packages/sklearn/impute/_base.py:647: UserWarning: Skipping features without any observed values: ['od_max_conf_chlorine_contact' 'od_max_conf_drying_bed'
 'od_max_conf_oxidation_pond']. At least one non-missing value is needed for imputation with strategy='median'.
  warnings.warn(
/work/GRDVULN/correction/.venv/lib64/python3.11/site-packages/sklearn/impute/_base.py:647: UserWarning: Skipping features without any observed values: ['od_max_conf_chlorine_contact' 'od_max_conf_drying_bed'
 'od_max_conf_oxidation_pond']. At least one non-missing value is needed for imputation with strategy='median'.
  warnings.warn(
/work/GRDVULN/correction/.venv/lib64/python3.11/site-packages/sklearn/impute/_base.py:647: UserWarning: Skipping features without any observed values: ['od_max_conf_chlorine_contact' 'od_max_conf_drying_bed'
 'od_max_conf_oxidation_pond']. At least one non-missing value is needed for imputation with strategy='median'.
  warnings.warn(
/work/GRDVULN/correction/.venv/lib64/python3.11/site-packages/sklearn/impute/_base.py:647: UserWarning: Skipping features without any observed values: ['od_max_conf_chlorine_contact' 'od_max_conf_drying_bed'
 'od_max_conf_oxidation_pond']. At least one non-missing value is needed for imputation with strategy='median'.
  warnings.warn(
/work/GRDVULN/correction/.venv/lib64/python3.11/site-packages/sklearn/impute/_base.py:647: UserWarning: Skipping features without any observed values: ['od_max_conf_chlorine_contact' 'od_max_conf_drying_bed'
 'od_max_conf_oxidation_pond']. At least one non-missing value is needed for imputation with strategy='median'.
  warnings.warn(
/work/GRDVULN/correction/.venv/lib64/python3.11/site-packages/sklearn/impute/_base.py:647: UserWarning: Skipping features without any observed values: ['od_max_conf_chlorine_contact' 'od_max_conf_drying_bed'
 'od_max_conf_oxidation_pond']. At least one non-missing value is needed for imputation with strategy='median'.
  warnings.warn(
/work/GRDVULN/correction/.venv/lib64/python3.11/site-packages/sklearn/impute/_base.py:647: UserWarning: Skipping features without any observed values: ['od_max_conf_chlorine_contact' 'od_max_conf_drying_bed'
 'od_max_conf_oxidation_pond']. At least one non-missing value is needed for imputation with strategy='median'.
  warnings.warn(
/work/GRDVULN/correction/.venv/lib64/python3.11/site-packages/sklearn/impute/_base.py:647: UserWarning: Skipping features without any observed values: ['od_max_conf_chlorine_contact' 'od_max_conf_drying_bed'
 'od_max_conf_oxidation_pond']. At least one non-missing value is needed for imputation with strategy='median'.
  warnings.warn(
/work/GRDVULN/correction/.venv/lib64/python3.11/site-packages/sklearn/impute/_base.py:647: UserWarning: Skipping features without any observed values: ['od_max_conf_chlorine_contact' 'od_max_conf_drying_bed'
 'od_max_conf_oxidation_pond']. At least one non-missing value is needed for imputation with strategy='median'.
  warnings.warn(
/work/GRDVULN/correction/.venv/lib64/python3.11/site-packages/sklearn/impute/_base.py:647: UserWarning: Skipping features without any observed values: ['od_max_conf_chlorine_contact' 'od_max_conf_drying_bed'
 'od_max_conf_oxidation_pond']. At least one non-missing value is needed for imputation with strategy='median'.
  warnings.warn(
/work/GRDVULN/correction/.venv/lib64/python3.11/site-packages/sklearn/impute/_base.py:647: UserWarning: Skipping features without any observed values: ['od_max_conf_chlorine_contact' 'od_max_conf_drying_bed'
 'od_max_conf_oxidation_pond']. At least one non-missing value is needed for imputation with strategy='median'.
  warnings.warn(
/work/GRDVULN/correction/.venv/lib64/python3.11/site-packages/sklearn/impute/_base.py:647: UserWarning: Skipping features without any observed values: ['od_max_conf_chlorine_contact' 'od_max_conf_drying_bed'
 'od_max_conf_oxidation_pond']. At least one non-missing value is needed for imputation with strategy='median'.
  warnings.warn(
/work/GRDVULN/correction/.venv/lib64/python3.11/site-packages/sklearn/impute/_base.py:647: UserWarning: Skipping features without any observed values: ['od_max_conf_chlorine_contact' 'od_max_conf_drying_bed'
 'od_max_conf_oxidation_pond']. At least one non-missing value is needed for imputation with strategy='median'.
  warnings.warn(
/work/GRDVULN/correction/.venv/lib64/python3.11/site-packages/sklearn/impute/_base.py:647: UserWarning: Skipping features without any observed values: ['od_max_conf_chlorine_contact' 'od_max_conf_drying_bed'
 'od_max_conf_oxidation_pond']. At least one non-missing value is needed for imputation with strategy='median'.
  warnings.warn(
/work/GRDVULN/correction/.venv/lib64/python3.11/site-packages/sklearn/impute/_base.py:647: UserWarning: Skipping features without any observed values: ['od_max_conf_chlorine_contact' 'od_max_conf_drying_bed'
 'od_max_conf_oxidation_pond']. At least one non-missing value is needed for imputation with strategy='median'.
  warnings.warn(
/work/GRDVULN/correction/.venv/lib64/python3.11/site-packages/sklearn/impute/_base.py:647: UserWarning: Skipping features without any observed values: ['od_max_conf_chlorine_contact' 'od_max_conf_drying_bed'
 'od_max_conf_oxidation_pond']. At least one non-missing value is needed for imputation with strategy='median'.
  warnings.warn(
/work/GRDVULN/correction/.venv/lib64/python3.11/site-packages/sklearn/impute/_base.py:647: UserWarning: Skipping features without any observed values: ['od_max_conf_chlorine_contact' 'od_max_conf_drying_bed'
 'od_max_conf_oxidation_pond']. At least one non-missing value is needed for imputation with strategy='median'.
  warnings.warn(
/work/GRDVULN/correction/.venv/lib64/python3.11/site-packages/sklearn/impute/_base.py:647: UserWarning: Skipping features without any observed values: ['od_max_conf_chlorine_contact' 'od_max_conf_drying_bed'
 'od_max_conf_oxidation_pond']. At least one non-missing value is needed for imputation with strategy='median'.
  warnings.warn(
/work/GRDVULN/correction/.venv/lib64/python3.11/site-packages/sklearn/impute/_base.py:647: UserWarning: Skipping features without any observed values: ['od_max_conf_chlorine_contact' 'od_max_conf_drying_bed'
 'od_max_conf_oxidation_pond']. At least one non-missing value is needed for imputation with strategy='median'.
  warnings.warn(
/work/GRDVULN/correction/.venv/lib64/python3.11/site-packages/sklearn/impute/_base.py:647: UserWarning: Skipping features without any observed values: ['od_max_conf_chlorine_contact' 'od_max_conf_drying_bed'
 'od_max_conf_oxidation_pond']. At least one non-missing value is needed for imputation with strategy='median'.
  warnings.warn(
/work/GRDVULN/correction/.venv/lib64/python3.11/site-packages/sklearn/impute/_base.py:647: UserWarning: Skipping features without any observed values: ['od_max_conf_chlorine_contact' 'od_max_conf_drying_bed'
 'od_max_conf_oxidation_pond']. At least one non-missing value is needed for imputation with strategy='median'.
  warnings.warn(
/work/GRDVULN/correction/.venv/lib64/python3.11/site-packages/sklearn/impute/_base.py:647: UserWarning: Skipping features without any observed values: ['od_max_conf_chlorine_contact' 'od_max_conf_drying_bed'
 'od_max_conf_oxidation_pond']. At least one non-missing value is needed for imputation with strategy='median'.
  warnings.warn(
/work/GRDVULN/correction/.venv/lib64/python3.11/site-packages/sklearn/impute/_base.py:647: UserWarning: Skipping features without any observed values: ['od_max_conf_chlorine_contact' 'od_max_conf_drying_bed'
 'od_max_conf_oxidation_pond']. At least one non-missing value is needed for imputation with strategy='median'.
  warnings.warn(
/work/GRDVULN/correction/.venv/lib64/python3.11/site-packages/sklearn/impute/_base.py:647: UserWarning: Skipping features without any observed values: ['od_max_conf_chlorine_contact' 'od_max_conf_drying_bed'
 'od_max_conf_oxidation_pond']. At least one non-missing value is needed for imputation with strategy='median'.
  warnings.warn(
/work/GRDVULN/correction/.venv/lib64/python3.11/site-packages/sklearn/impute/_base.py:647: UserWarning: Skipping features without any observed values: ['od_max_conf_chlorine_contact' 'od_max_conf_drying_bed'
 'od_max_conf_oxidation_pond']. At least one non-missing value is needed for imputation with strategy='median'.
  warnings.warn(
/work/GRDVULN/correction/.venv/lib64/python3.11/site-packages/sklearn/impute/_base.py:647: UserWarning: Skipping features without any observed values: ['od_max_conf_chlorine_contact' 'od_max_conf_drying_bed'
 'od_max_conf_oxidation_pond']. At least one non-missing value is needed for imputation with strategy='median'.
  warnings.warn(
/work/GRDVULN/correction/.venv/lib64/python3.11/site-packages/sklearn/impute/_base.py:647: UserWarning: Skipping features without any observed values: ['od_max_conf_chlorine_contact' 'od_max_conf_drying_bed'
 'od_max_conf_oxidation_pond']. At least one non-missing value is needed for imputation with strategy='median'.
  warnings.warn(
/work/GRDVULN/correction/.venv/lib64/python3.11/site-packages/sklearn/impute/_base.py:647: UserWarning: Skipping features without any observed values: ['od_max_conf_chlorine_contact' 'od_max_conf_drying_bed'
 'od_max_conf_oxidation_pond']. At least one non-missing value is needed for imputation with strategy='median'.
  warnings.warn(
/work/GRDVULN/correction/.venv/lib64/python3.11/site-packages/sklearn/impute/_base.py:647: UserWarning: Skipping features without any observed values: ['od_max_conf_chlorine_contact' 'od_max_conf_drying_bed'
 'od_max_conf_oxidation_pond']. At least one non-missing value is needed for imputation with strategy='median'.
  warnings.warn(
/work/GRDVULN/correction/.venv/lib64/python3.11/site-packages/sklearn/impute/_base.py:647: UserWarning: Skipping features without any observed values: ['od_max_conf_chlorine_contact' 'od_max_conf_drying_bed'
 'od_max_conf_oxidation_pond']. At least one non-missing value is needed for imputation with strategy='median'.
  warnings.warn(
/work/GRDVULN/correction/.venv/lib64/python3.11/site-packages/sklearn/impute/_base.py:647: UserWarning: Skipping features without any observed values: ['od_max_conf_chlorine_contact' 'od_max_conf_drying_bed'
 'od_max_conf_oxidation_pond']. At least one non-missing value is needed for imputation with strategy='median'.
  warnings.warn(
/work/GRDVULN/correction/.venv/lib64/python3.11/site-packages/sklearn/impute/_base.py:647: UserWarning: Skipping features without any observed values: ['od_max_conf_chlorine_contact' 'od_max_conf_drying_bed'
 'od_max_conf_oxidation_pond']. At least one non-missing value is needed for imputation with strategy='median'.
  warnings.warn(
/work/GRDVULN/correction/.venv/lib64/python3.11/site-packages/sklearn/impute/_base.py:647: UserWarning: Skipping features without any observed values: ['od_max_conf_chlorine_contact' 'od_max_conf_drying_bed'
 'od_max_conf_oxidation_pond']. At least one non-missing value is needed for imputation with strategy='median'.
  warnings.warn(
/work/GRDVULN/correction/.venv/lib64/python3.11/site-packages/sklearn/impute/_base.py:647: UserWarning: Skipping features without any observed values: ['od_max_conf_chlorine_contact' 'od_max_conf_drying_bed'
 'od_max_conf_oxidation_pond']. At least one non-missing value is needed for imputation with strategy='median'.
  warnings.warn(
/work/GRDVULN/correction/.venv/lib64/python3.11/site-packages/sklearn/impute/_base.py:647: UserWarning: Skipping features without any observed values: ['od_max_conf_chlorine_contact' 'od_max_conf_drying_bed'
 'od_max_conf_oxidation_pond']. At least one non-missing value is needed for imputation with strategy='median'.
  warnings.warn(
/work/GRDVULN/correction/.venv/lib64/python3.11/site-packages/sklearn/impute/_base.py:647: UserWarning: Skipping features without any observed values: ['od_max_conf_chlorine_contact' 'od_max_conf_drying_bed'
 'od_max_conf_oxidation_pond']. At least one non-missing value is needed for imputation with strategy='median'.
  warnings.warn(
/work/GRDVULN/correction/.venv/lib64/python3.11/site-packages/sklearn/impute/_base.py:647: UserWarning: Skipping features without any observed values: ['od_max_conf_chlorine_contact' 'od_max_conf_drying_bed'
 'od_max_conf_oxidation_pond']. At least one non-missing value is needed for imputation with strategy='median'.
  warnings.warn(
/work/GRDVULN/correction/.venv/lib64/python3.11/site-packages/sklearn/impute/_base.py:647: UserWarning: Skipping features without any observed values: ['od_max_conf_chlorine_contact' 'od_max_conf_drying_bed'
 'od_max_conf_oxidation_pond']. At least one non-missing value is needed for imputation with strategy='median'.
  warnings.warn(
/work/GRDVULN/correction/.venv/lib64/python3.11/site-packages/sklearn/impute/_base.py:647: UserWarning: Skipping features without any observed values: ['od_max_conf_chlorine_contact' 'od_max_conf_drying_bed'
 'od_max_conf_oxidation_pond']. At least one non-missing value is needed for imputation with strategy='median'.
  warnings.warn(
/work/GRDVULN/correction/.venv/lib64/python3.11/site-packages/sklearn/impute/_base.py:647: UserWarning: Skipping features without any observed values: ['od_max_conf_chlorine_contact' 'od_max_conf_drying_bed'
 'od_max_conf_oxidation_pond']. At least one non-missing value is needed for imputation with strategy='median'.
  warnings.warn(
/work/GRDVULN/correction/.venv/lib64/python3.11/site-packages/sklearn/impute/_base.py:647: UserWarning: Skipping features without any observed values: ['od_max_conf_chlorine_contact' 'od_max_conf_drying_bed'
 'od_max_conf_oxidation_pond']. At least one non-missing value is needed for imputation with strategy='median'.
  warnings.warn(
/work/GRDVULN/correction/.venv/lib64/python3.11/site-packages/sklearn/impute/_base.py:647: UserWarning: Skipping features without any observed values: ['od_max_conf_chlorine_contact' 'od_max_conf_drying_bed'
 'od_max_conf_oxidation_pond']. At least one non-missing value is needed for imputation with strategy='median'.
  warnings.warn(
/work/GRDVULN/correction/.venv/lib64/python3.11/site-packages/sklearn/impute/_base.py:647: UserWarning: Skipping features without any observed values: ['od_max_conf_chlorine_contact' 'od_max_conf_drying_bed'
 'od_max_conf_oxidation_pond']. At least one non-missing value is needed for imputation with strategy='median'.
  warnings.warn(
/work/GRDVULN/correction/.venv/lib64/python3.11/site-packages/sklearn/impute/_base.py:647: UserWarning: Skipping features without any observed values: ['od_max_conf_chlorine_contact' 'od_max_conf_drying_bed'
 'od_max_conf_oxidation_pond']. At least one non-missing value is needed for imputation with strategy='median'.
  warnings.warn(
/work/GRDVULN/correction/.venv/lib64/python3.11/site-packages/sklearn/impute/_base.py:647: UserWarning: Skipping features without any observed values: ['od_max_conf_chlorine_contact' 'od_max_conf_drying_bed'
 'od_max_conf_oxidation_pond']. At least one non-missing value is needed for imputation with strategy='median'.
  warnings.warn(
/work/GRDVULN/correction/.venv/lib64/python3.11/site-packages/sklearn/impute/_base.py:647: UserWarning: Skipping features without any observed values: ['od_max_conf_chlorine_contact' 'od_max_conf_drying_bed'
 'od_max_conf_oxidation_pond']. At least one non-missing value is needed for imputation with strategy='median'.
  warnings.warn(
/work/GRDVULN/correction/.venv/lib64/python3.11/site-packages/sklearn/impute/_base.py:647: UserWarning: Skipping features without any observed values: ['od_max_conf_chlorine_contact' 'od_max_conf_drying_bed'
 'od_max_conf_oxidation_pond']. At least one non-missing value is needed for imputation with strategy='median'.
  warnings.warn(
/work/GRDVULN/correction/.venv/lib64/python3.11/site-packages/sklearn/impute/_base.py:647: UserWarning: Skipping features without any observed values: ['od_max_conf_chlorine_contact' 'od_max_conf_drying_bed'
 'od_max_conf_oxidation_pond']. At least one non-missing value is needed for imputation with strategy='median'.
  warnings.warn(
/work/GRDVULN/correction/.venv/lib64/python3.11/site-packages/sklearn/impute/_base.py:647: UserWarning: Skipping features without any observed values: ['od_max_conf_chlorine_contact' 'od_max_conf_drying_bed'
 'od_max_conf_oxidation_pond']. At least one non-missing value is needed for imputation with strategy='median'.
  warnings.warn(
/work/GRDVULN/correction/.venv/lib64/python3.11/site-packages/sklearn/impute/_base.py:647: UserWarning: Skipping features without any observed values: ['od_max_conf_chlorine_contact' 'od_max_conf_drying_bed'
 'od_max_conf_oxidation_pond']. At least one non-missing value is needed for imputation with strategy='median'.
  warnings.warn(
/work/GRDVULN/correction/.venv/lib64/python3.11/site-packages/sklearn/impute/_base.py:647: UserWarning: Skipping features without any observed values: ['od_max_conf_chlorine_contact' 'od_max_conf_drying_bed'
 'od_max_conf_oxidation_pond']. At least one non-missing value is needed for imputation with strategy='median'.
  warnings.warn(
/work/GRDVULN/correction/.venv/lib64/python3.11/site-packages/sklearn/impute/_base.py:647: UserWarning: Skipping features without any observed values: ['od_max_conf_chlorine_contact' 'od_max_conf_drying_bed'
 'od_max_conf_oxidation_pond']. At least one non-missing value is needed for imputation with strategy='median'.
  warnings.warn(
/work/GRDVULN/correction/.venv/lib64/python3.11/site-packages/sklearn/impute/_base.py:647: UserWarning: Skipping features without any observed values: ['od_max_conf_chlorine_contact' 'od_max_conf_drying_bed'
 'od_max_conf_oxidation_pond']. At least one non-missing value is needed for imputation with strategy='median'.
  warnings.warn(
/work/GRDVULN/correction/.venv/lib64/python3.11/site-packages/sklearn/impute/_base.py:647: UserWarning: Skipping features without any observed values: ['od_max_conf_chlorine_contact' 'od_max_conf_drying_bed'
 'od_max_conf_oxidation_pond']. At least one non-missing value is needed for imputation with strategy='median'.
  warnings.warn(
/work/GRDVULN/correction/.venv/lib64/python3.11/site-packages/sklearn/impute/_base.py:647: UserWarning: Skipping features without any observed values: ['od_max_conf_chlorine_contact' 'od_max_conf_drying_bed'
 'od_max_conf_oxidation_pond']. At least one non-missing value is needed for imputation with strategy='median'.
  warnings.warn(
/work/GRDVULN/correction/.venv/lib64/python3.11/site-packages/sklearn/impute/_base.py:647: UserWarning: Skipping features without any observed values: ['od_max_conf_chlorine_contact' 'od_max_conf_drying_bed'
 'od_max_conf_oxidation_pond']. At least one non-missing value is needed for imputation with strategy='median'.
  warnings.warn(
/work/GRDVULN/correction/.venv/lib64/python3.11/site-packages/sklearn/impute/_base.py:647: UserWarning: Skipping features without any observed values: ['od_max_conf_chlorine_contact' 'od_max_conf_drying_bed'
 'od_max_conf_oxidation_pond']. At least one non-missing value is needed for imputation with strategy='median'.
  warnings.warn(
/work/GRDVULN/correction/.venv/lib64/python3.11/site-packages/sklearn/impute/_base.py:647: UserWarning: Skipping features without any observed values: ['od_max_conf_chlorine_contact' 'od_max_conf_drying_bed'
 'od_max_conf_oxidation_pond']. At least one non-missing value is needed for imputation with strategy='median'.
  warnings.warn(
/work/GRDVULN/correction/.venv/lib64/python3.11/site-packages/sklearn/impute/_base.py:647: UserWarning: Skipping features without any observed values: ['od_max_conf_chlorine_contact' 'od_max_conf_drying_bed'
 'od_max_conf_oxidation_pond']. At least one non-missing value is needed for imputation with strategy='median'.
  warnings.warn(
/work/GRDVULN/correction/.venv/lib64/python3.11/site-packages/sklearn/impute/_base.py:647: UserWarning: Skipping features without any observed values: ['od_max_conf_chlorine_contact' 'od_max_conf_drying_bed'
 'od_max_conf_oxidation_pond']. At least one non-missing value is needed for imputation with strategy='median'.
  warnings.warn(
/work/GRDVULN/correction/.venv/lib64/python3.11/site-packages/sklearn/impute/_base.py:647: UserWarning: Skipping features without any observed values: ['od_max_conf_chlorine_contact' 'od_max_conf_drying_bed'
 'od_max_conf_oxidation_pond']. At least one non-missing value is needed for imputation with strategy='median'.
  warnings.warn(
/work/GRDVULN/correction/.venv/lib64/python3.11/site-packages/sklearn/impute/_base.py:647: UserWarning: Skipping features without any observed values: ['od_max_conf_chlorine_contact' 'od_max_conf_drying_bed'
 'od_max_conf_oxidation_pond']. At least one non-missing value is needed for imputation with strategy='median'.
  warnings.warn(
/work/GRDVULN/correction/.venv/lib64/python3.11/site-packages/sklearn/impute/_base.py:647: UserWarning: Skipping features without any observed values: ['od_max_conf_chlorine_contact' 'od_max_conf_drying_bed'
 'od_max_conf_oxidation_pond']. At least one non-missing value is needed for imputation with strategy='median'.
  warnings.warn(
/work/GRDVULN/correction/.venv/lib64/python3.11/site-packages/sklearn/impute/_base.py:647: UserWarning: Skipping features without any observed values: ['od_max_conf_chlorine_contact' 'od_max_conf_drying_bed'
 'od_max_conf_oxidation_pond']. At least one non-missing value is needed for imputation with strategy='median'.
  warnings.warn(
/work/GRDVULN/correction/.venv/lib64/python3.11/site-packages/sklearn/impute/_base.py:647: UserWarning: Skipping features without any observed values: ['od_max_conf_chlorine_contact' 'od_max_conf_drying_bed'
 'od_max_conf_oxidation_pond']. At least one non-missing value is needed for imputation with strategy='median'.
  warnings.warn(
/work/GRDVULN/correction/.venv/lib64/python3.11/site-packages/sklearn/impute/_base.py:647: UserWarning: Skipping features without any observed values: ['od_max_conf_chlorine_contact' 'od_max_conf_drying_bed'
 'od_max_conf_oxidation_pond']. At least one non-missing value is needed for imputation with strategy='median'.
  warnings.warn(
/work/GRDVULN/correction/.venv/lib64/python3.11/site-packages/sklearn/impute/_base.py:647: UserWarning: Skipping features without any observed values: ['od_max_conf_chlorine_contact' 'od_max_conf_drying_bed'
 'od_max_conf_oxidation_pond']. At least one non-missing value is needed for imputation with strategy='median'.
  warnings.warn(
/work/GRDVULN/correction/.venv/lib64/python3.11/site-packages/sklearn/impute/_base.py:647: UserWarning: Skipping features without any observed values: ['od_max_conf_chlorine_contact' 'od_max_conf_drying_bed'
 'od_max_conf_oxidation_pond']. At least one non-missing value is needed for imputation with strategy='median'.
  warnings.warn(
/work/GRDVULN/correction/.venv/lib64/python3.11/site-packages/sklearn/impute/_base.py:647: UserWarning: Skipping features without any observed values: ['od_max_conf_chlorine_contact' 'od_max_conf_drying_bed'
 'od_max_conf_oxidation_pond']. At least one non-missing value is needed for imputation with strategy='median'.
  warnings.warn(
/work/GRDVULN/correction/.venv/lib64/python3.11/site-packages/sklearn/impute/_base.py:647: UserWarning: Skipping features without any observed values: ['od_max_conf_chlorine_contact' 'od_max_conf_drying_bed'
 'od_max_conf_oxidation_pond']. At least one non-missing value is needed for imputation with strategy='median'.
  warnings.warn(
/work/GRDVULN/correction/.venv/lib64/python3.11/site-packages/sklearn/impute/_base.py:647: UserWarning: Skipping features without any observed values: ['od_max_conf_chlorine_contact' 'od_max_conf_drying_bed'
 'od_max_conf_oxidation_pond']. At least one non-missing value is needed for imputation with strategy='median'.
  warnings.warn(
/work/GRDVULN/correction/.venv/lib64/python3.11/site-packages/sklearn/impute/_base.py:647: UserWarning: Skipping features without any observed values: ['od_max_conf_chlorine_contact' 'od_max_conf_drying_bed'
 'od_max_conf_oxidation_pond']. At least one non-missing value is needed for imputation with strategy='median'.
  warnings.warn(
/work/GRDVULN/correction/.venv/lib64/python3.11/site-packages/sklearn/impute/_base.py:647: UserWarning: Skipping features without any observed values: ['od_max_conf_chlorine_contact' 'od_max_conf_drying_bed'
 'od_max_conf_oxidation_pond']. At least one non-missing value is needed for imputation with strategy='median'.
  warnings.warn(
/work/GRDVULN/correction/.venv/lib64/python3.11/site-packages/sklearn/impute/_base.py:647: UserWarning: Skipping features without any observed values: ['od_max_conf_chlorine_contact' 'od_max_conf_drying_bed'
 'od_max_conf_oxidation_pond']. At least one non-missing value is needed for imputation with strategy='median'.
  warnings.warn(
/work/GRDVULN/correction/.venv/lib64/python3.11/site-packages/sklearn/impute/_base.py:647: UserWarning: Skipping features without any observed values: ['od_max_conf_chlorine_contact' 'od_max_conf_drying_bed'
 'od_max_conf_oxidation_pond']. At least one non-missing value is needed for imputation with strategy='median'.
  warnings.warn(
/work/GRDVULN/correction/.venv/lib64/python3.11/site-packages/sklearn/impute/_base.py:647: UserWarning: Skipping features without any observed values: ['od_max_conf_chlorine_contact' 'od_max_conf_drying_bed'
 'od_max_conf_oxidation_pond']. At least one non-missing value is needed for imputation with strategy='median'.
  warnings.warn(
/work/GRDVULN/correction/.venv/lib64/python3.11/site-packages/sklearn/impute/_base.py:647: UserWarning: Skipping features without any observed values: ['od_max_conf_chlorine_contact' 'od_max_conf_drying_bed'
 'od_max_conf_oxidation_pond']. At least one non-missing value is needed for imputation with strategy='median'.
  warnings.warn(
/work/GRDVULN/correction/.venv/lib64/python3.11/site-packages/sklearn/impute/_base.py:647: UserWarning: Skipping features without any observed values: ['od_max_conf_chlorine_contact' 'od_max_conf_drying_bed'
 'od_max_conf_oxidation_pond']. At least one non-missing value is needed for imputation with strategy='median'.
  warnings.warn(
/work/GRDVULN/correction/.venv/lib64/python3.11/site-packages/sklearn/impute/_base.py:647: UserWarning: Skipping features without any observed values: ['od_max_conf_chlorine_contact' 'od_max_conf_drying_bed'
 'od_max_conf_oxidation_pond']. At least one non-missing value is needed for imputation with strategy='median'.
  warnings.warn(
/work/GRDVULN/correction/.venv/lib64/python3.11/site-packages/sklearn/impute/_base.py:647: UserWarning: Skipping features without any observed values: ['od_max_conf_chlorine_contact' 'od_max_conf_drying_bed'
 'od_max_conf_oxidation_pond']. At least one non-missing value is needed for imputation with strategy='median'.
  warnings.warn(
/work/GRDVULN/correction/.venv/lib64/python3.11/site-packages/sklearn/impute/_base.py:647: UserWarning: Skipping features without any observed values: ['od_max_conf_chlorine_contact' 'od_max_conf_drying_bed'
 'od_max_conf_oxidation_pond']. At least one non-missing value is needed for imputation with strategy='median'.
  warnings.warn(
/work/GRDVULN/correction/.venv/lib64/python3.11/site-packages/sklearn/impute/_base.py:647: UserWarning: Skipping features without any observed values: ['od_max_conf_chlorine_contact' 'od_max_conf_drying_bed'
 'od_max_conf_oxidation_pond']. At least one non-missing value is needed for imputation with strategy='median'.
  warnings.warn(
/work/GRDVULN/correction/.venv/lib64/python3.11/site-packages/sklearn/impute/_base.py:647: UserWarning: Skipping features without any observed values: ['od_max_conf_chlorine_contact' 'od_max_conf_drying_bed'
 'od_max_conf_oxidation_pond']. At least one non-missing value is needed for imputation with strategy='median'.
  warnings.warn(
/work/GRDVULN/correction/.venv/lib64/python3.11/site-packages/sklearn/impute/_base.py:647: UserWarning: Skipping features without any observed values: ['od_max_conf_chlorine_contact' 'od_max_conf_drying_bed'
 'od_max_conf_oxidation_pond']. At least one non-missing value is needed for imputation with strategy='median'.
  warnings.warn(
/work/GRDVULN/correction/.venv/lib64/python3.11/site-packages/sklearn/impute/_base.py:647: UserWarning: Skipping features without any observed values: ['od_max_conf_chlorine_contact' 'od_max_conf_drying_bed'
 'od_max_conf_oxidation_pond']. At least one non-missing value is needed for imputation with strategy='median'.
  warnings.warn(
/work/GRDVULN/correction/.venv/lib64/python3.11/site-packages/sklearn/impute/_base.py:647: UserWarning: Skipping features without any observed values: ['od_max_conf_chlorine_contact' 'od_max_conf_drying_bed'
 'od_max_conf_oxidation_pond']. At least one non-missing value is needed for imputation with strategy='median'.
  warnings.warn(
/work/GRDVULN/correction/.venv/lib64/python3.11/site-packages/sklearn/impute/_base.py:647: UserWarning: Skipping features without any observed values: ['od_max_conf_chlorine_contact' 'od_max_conf_drying_bed'
 'od_max_conf_oxidation_pond']. At least one non-missing value is needed for imputation with strategy='median'.
  warnings.warn(
/work/GRDVULN/correction/.venv/lib64/python3.11/site-packages/sklearn/impute/_base.py:647: UserWarning: Skipping features without any observed values: ['od_max_conf_chlorine_contact' 'od_max_conf_drying_bed'
 'od_max_conf_oxidation_pond']. At least one non-missing value is needed for imputation with strategy='median'.
  warnings.warn(
/work/GRDVULN/correction/.venv/lib64/python3.11/site-packages/sklearn/impute/_base.py:647: UserWarning: Skipping features without any observed values: ['od_max_conf_chlorine_contact' 'od_max_conf_drying_bed'
 'od_max_conf_oxidation_pond']. At least one non-missing value is needed for imputation with strategy='median'.
  warnings.warn(
/work/GRDVULN/correction/.venv/lib64/python3.11/site-packages/sklearn/impute/_base.py:647: UserWarning: Skipping features without any observed values: ['od_max_conf_chlorine_contact' 'od_max_conf_drying_bed'
 'od_max_conf_oxidation_pond']. At least one non-missing value is needed for imputation with strategy='median'.
  warnings.warn(
/work/GRDVULN/correction/.venv/lib64/python3.11/site-packages/sklearn/impute/_base.py:647: UserWarning: Skipping features without any observed values: ['od_max_conf_chlorine_contact' 'od_max_conf_drying_bed'
 'od_max_conf_oxidation_pond']. At least one non-missing value is needed for imputation with strategy='median'.
  warnings.warn(
/work/GRDVULN/correction/.venv/lib64/python3.11/site-packages/sklearn/impute/_base.py:647: UserWarning: Skipping features without any observed values: ['od_max_conf_chlorine_contact' 'od_max_conf_drying_bed'
 'od_max_conf_oxidation_pond']. At least one non-missing value is needed for imputation with strategy='median'.
  warnings.warn(
/work/GRDVULN/correction/.venv/lib64/python3.11/site-packages/sklearn/impute/_base.py:647: UserWarning: Skipping features without any observed values: ['od_max_conf_chlorine_contact' 'od_max_conf_drying_bed'
 'od_max_conf_oxidation_pond']. At least one non-missing value is needed for imputation with strategy='median'.
  warnings.warn(
/work/GRDVULN/correction/.venv/lib64/python3.11/site-packages/sklearn/impute/_base.py:647: UserWarning: Skipping features without any observed values: ['od_max_conf_chlorine_contact' 'od_max_conf_drying_bed'
 'od_max_conf_oxidation_pond']. At least one non-missing value is needed for imputation with strategy='median'.
  warnings.warn(
/work/GRDVULN/correction/.venv/lib64/python3.11/site-packages/sklearn/impute/_base.py:647: UserWarning: Skipping features without any observed values: ['od_max_conf_chlorine_contact' 'od_max_conf_drying_bed'
 'od_max_conf_oxidation_pond']. At least one non-missing value is needed for imputation with strategy='median'.
  warnings.warn(
/work/GRDVULN/correction/.venv/lib64/python3.11/site-packages/sklearn/impute/_base.py:647: UserWarning: Skipping features without any observed values: ['od_max_conf_chlorine_contact' 'od_max_conf_drying_bed'
 'od_max_conf_oxidation_pond']. At least one non-missing value is needed for imputation with strategy='median'.
  warnings.warn(
/work/GRDVULN/correction/.venv/lib64/python3.11/site-packages/sklearn/impute/_base.py:647: UserWarning: Skipping features without any observed values: ['od_max_conf_chlorine_contact' 'od_max_conf_drying_bed'
 'od_max_conf_oxidation_pond']. At least one non-missing value is needed for imputation with strategy='median'.
  warnings.warn(
/work/GRDVULN/correction/.venv/lib64/python3.11/site-packages/sklearn/impute/_base.py:647: UserWarning: Skipping features without any observed values: ['od_max_conf_chlorine_contact' 'od_max_conf_drying_bed'
 'od_max_conf_oxidation_pond']. At least one non-missing value is needed for imputation with strategy='median'.
  warnings.warn(
/work/GRDVULN/correction/.venv/lib64/python3.11/site-packages/sklearn/impute/_base.py:647: UserWarning: Skipping features without any observed values: ['od_max_conf_chlorine_contact' 'od_max_conf_drying_bed'
 'od_max_conf_oxidation_pond']. At least one non-missing value is needed for imputation with strategy='median'.
  warnings.warn(
/work/GRDVULN/correction/.venv/lib64/python3.11/site-packages/sklearn/impute/_base.py:647: UserWarning: Skipping features without any observed values: ['od_max_conf_chlorine_contact' 'od_max_conf_drying_bed'
 'od_max_conf_oxidation_pond']. At least one non-missing value is needed for imputation with strategy='median'.
  warnings.warn(
/work/GRDVULN/correction/.venv/lib64/python3.11/site-packages/sklearn/impute/_base.py:647: UserWarning: Skipping features without any observed values: ['od_max_conf_chlorine_contact' 'od_max_conf_drying_bed'
 'od_max_conf_oxidation_pond']. At least one non-missing value is needed for imputation with strategy='median'.
  warnings.warn(
/work/GRDVULN/correction/.venv/lib64/python3.11/site-packages/sklearn/impute/_base.py:647: UserWarning: Skipping features without any observed values: ['od_max_conf_chlorine_contact' 'od_max_conf_drying_bed'
 'od_max_conf_oxidation_pond']. At least one non-missing value is needed for imputation with strategy='median'.
  warnings.warn(
/work/GRDVULN/correction/.venv/lib64/python3.11/site-packages/sklearn/impute/_base.py:647: UserWarning: Skipping features without any observed values: ['od_max_conf_chlorine_contact' 'od_max_conf_drying_bed'
 'od_max_conf_oxidation_pond']. At least one non-missing value is needed for imputation with strategy='median'.
  warnings.warn(
/work/GRDVULN/correction/.venv/lib64/python3.11/site-packages/sklearn/impute/_base.py:647: UserWarning: Skipping features without any observed values: ['od_max_conf_chlorine_contact' 'od_max_conf_drying_bed'
 'od_max_conf_oxidation_pond']. At least one non-missing value is needed for imputation with strategy='median'.
  warnings.warn(
/work/GRDVULN/correction/.venv/lib64/python3.11/site-packages/sklearn/impute/_base.py:647: UserWarning: Skipping features without any observed values: ['od_max_conf_chlorine_contact' 'od_max_conf_drying_bed'
 'od_max_conf_oxidation_pond']. At least one non-missing value is needed for imputation with strategy='median'.
  warnings.warn(
/work/GRDVULN/correction/.venv/lib64/python3.11/site-packages/sklearn/impute/_base.py:647: UserWarning: Skipping features without any observed values: ['od_max_conf_chlorine_contact' 'od_max_conf_drying_bed'
 'od_max_conf_oxidation_pond']. At least one non-missing value is needed for imputation with strategy='median'.
  warnings.warn(
/work/GRDVULN/correction/.venv/lib64/python3.11/site-packages/sklearn/impute/_base.py:647: UserWarning: Skipping features without any observed values: ['od_max_conf_chlorine_contact' 'od_max_conf_drying_bed'
 'od_max_conf_oxidation_pond']. At least one non-missing value is needed for imputation with strategy='median'.
  warnings.warn(
/work/GRDVULN/correction/.venv/lib64/python3.11/site-packages/sklearn/impute/_base.py:647: UserWarning: Skipping features without any observed values: ['od_max_conf_chlorine_contact' 'od_max_conf_drying_bed'
 'od_max_conf_oxidation_pond']. At least one non-missing value is needed for imputation with strategy='median'.
  warnings.warn(
/work/GRDVULN/correction/.venv/lib64/python3.11/site-packages/sklearn/impute/_base.py:647: UserWarning: Skipping features without any observed values: ['od_max_conf_chlorine_contact' 'od_max_conf_drying_bed'
 'od_max_conf_oxidation_pond']. At least one non-missing value is needed for imputation with strategy='median'.
  warnings.warn(
/work/GRDVULN/correction/.venv/lib64/python3.11/site-packages/sklearn/impute/_base.py:647: UserWarning: Skipping features without any observed values: ['od_max_conf_chlorine_contact' 'od_max_conf_drying_bed'
 'od_max_conf_oxidation_pond']. At least one non-missing value is needed for imputation with strategy='median'.
  warnings.warn(
/work/GRDVULN/correction/.venv/lib64/python3.11/site-packages/sklearn/impute/_base.py:647: UserWarning: Skipping features without any observed values: ['od_max_conf_chlorine_contact' 'od_max_conf_drying_bed'
 'od_max_conf_oxidation_pond']. At least one non-missing value is needed for imputation with strategy='median'.
  warnings.warn(
/work/GRDVULN/correction/.venv/lib64/python3.11/site-packages/sklearn/impute/_base.py:647: UserWarning: Skipping features without any observed values: ['od_max_conf_chlorine_contact' 'od_max_conf_drying_bed'
 'od_max_conf_oxidation_pond']. At least one non-missing value is needed for imputation with strategy='median'.
  warnings.warn(
/work/GRDVULN/correction/.venv/lib64/python3.11/site-packages/sklearn/impute/_base.py:647: UserWarning: Skipping features without any observed values: ['od_max_conf_chlorine_contact' 'od_max_conf_drying_bed'
 'od_max_conf_oxidation_pond']. At least one non-missing value is needed for imputation with strategy='median'.
  warnings.warn(
/work/GRDVULN/correction/.venv/lib64/python3.11/site-packages/sklearn/impute/_base.py:647: UserWarning: Skipping features without any observed values: ['od_max_conf_chlorine_contact' 'od_max_conf_drying_bed'
 'od_max_conf_oxidation_pond']. At least one non-missing value is needed for imputation with strategy='median'.
  warnings.warn(
/work/GRDVULN/correction/.venv/lib64/python3.11/site-packages/sklearn/impute/_base.py:647: UserWarning: Skipping features without any observed values: ['od_max_conf_chlorine_contact' 'od_max_conf_drying_bed'
 'od_max_conf_oxidation_pond']. At least one non-missing value is needed for imputation with strategy='median'.
  warnings.warn(
/work/GRDVULN/correction/.venv/lib64/python3.11/site-packages/sklearn/impute/_base.py:647: UserWarning: Skipping features without any observed values: ['od_max_conf_chlorine_contact' 'od_max_conf_drying_bed'
 'od_max_conf_oxidation_pond']. At least one non-missing value is needed for imputation with strategy='median'.
  warnings.warn(
/work/GRDVULN/correction/.venv/lib64/python3.11/site-packages/sklearn/impute/_base.py:647: UserWarning: Skipping features without any observed values: ['od_max_conf_chlorine_contact' 'od_max_conf_drying_bed'
 'od_max_conf_oxidation_pond']. At least one non-missing value is needed for imputation with strategy='median'.
  warnings.warn(
/work/GRDVULN/correction/.venv/lib64/python3.11/site-packages/sklearn/impute/_base.py:647: UserWarning: Skipping features without any observed values: ['od_max_conf_chlorine_contact' 'od_max_conf_drying_bed'
 'od_max_conf_oxidation_pond']. At least one non-missing value is needed for imputation with strategy='median'.
  warnings.warn(
/work/GRDVULN/correction/.venv/lib64/python3.11/site-packages/sklearn/impute/_base.py:647: UserWarning: Skipping features without any observed values: ['od_max_conf_chlorine_contact' 'od_max_conf_drying_bed'
 'od_max_conf_oxidation_pond']. At least one non-missing value is needed for imputation with strategy='median'.
  warnings.warn(
/work/GRDVULN/correction/.venv/lib64/python3.11/site-packages/sklearn/impute/_base.py:647: UserWarning: Skipping features without any observed values: ['od_max_conf_chlorine_contact' 'od_max_conf_drying_bed'
 'od_max_conf_oxidation_pond']. At least one non-missing value is needed for imputation with strategy='median'.
  warnings.warn(
/work/GRDVULN/correction/.venv/lib64/python3.11/site-packages/sklearn/impute/_base.py:647: UserWarning: Skipping features without any observed values: ['od_max_conf_chlorine_contact' 'od_max_conf_drying_bed'
 'od_max_conf_oxidation_pond']. At least one non-missing value is needed for imputation with strategy='median'.
  warnings.warn(
/work/GRDVULN/correction/.venv/lib64/python3.11/site-packages/sklearn/impute/_base.py:647: UserWarning: Skipping features without any observed values: ['od_max_conf_chlorine_contact' 'od_max_conf_drying_bed'
 'od_max_conf_oxidation_pond']. At least one non-missing value is needed for imputation with strategy='median'.
  warnings.warn(
/work/GRDVULN/correction/.venv/lib64/python3.11/site-packages/sklearn/impute/_base.py:647: UserWarning: Skipping features without any observed values: ['od_max_conf_chlorine_contact' 'od_max_conf_drying_bed'
 'od_max_conf_oxidation_pond']. At least one non-missing value is needed for imputation with strategy='median'.
  warnings.warn(
/work/GRDVULN/correction/.venv/lib64/python3.11/site-packages/sklearn/impute/_base.py:647: UserWarning: Skipping features without any observed values: ['od_max_conf_chlorine_contact' 'od_max_conf_drying_bed'
 'od_max_conf_oxidation_pond']. At least one non-missing value is needed for imputation with strategy='median'.
  warnings.warn(
/work/GRDVULN/correction/.venv/lib64/python3.11/site-packages/sklearn/impute/_base.py:647: UserWarning: Skipping features without any observed values: ['od_max_conf_chlorine_contact' 'od_max_conf_drying_bed'
 'od_max_conf_oxidation_pond']. At least one non-missing value is needed for imputation with strategy='median'.
  warnings.warn(
/work/GRDVULN/correction/.venv/lib64/python3.11/site-packages/sklearn/impute/_base.py:647: UserWarning: Skipping features without any observed values: ['od_max_conf_chlorine_contact' 'od_max_conf_drying_bed'
 'od_max_conf_oxidation_pond']. At least one non-missing value is needed for imputation with strategy='median'.
  warnings.warn(
/work/GRDVULN/correction/.venv/lib64/python3.11/site-packages/sklearn/impute/_base.py:647: UserWarning: Skipping features without any observed values: ['od_max_conf_chlorine_contact' 'od_max_conf_drying_bed'
 'od_max_conf_oxidation_pond']. At least one non-missing value is needed for imputation with strategy='median'.
  warnings.warn(
/work/GRDVULN/correction/.venv/lib64/python3.11/site-packages/sklearn/impute/_base.py:647: UserWarning: Skipping features without any observed values: ['od_max_conf_chlorine_contact' 'od_max_conf_drying_bed'
 'od_max_conf_oxidation_pond']. At least one non-missing value is needed for imputation with strategy='median'.
  warnings.warn(
/work/GRDVULN/correction/.venv/lib64/python3.11/site-packages/sklearn/impute/_base.py:647: UserWarning: Skipping features without any observed values: ['od_max_conf_chlorine_contact' 'od_max_conf_drying_bed'
 'od_max_conf_oxidation_pond']. At least one non-missing value is needed for imputation with strategy='median'.
  warnings.warn(
/work/GRDVULN/correction/.venv/lib64/python3.11/site-packages/sklearn/impute/_base.py:647: UserWarning: Skipping features without any observed values: ['od_max_conf_chlorine_contact' 'od_max_conf_drying_bed'
 'od_max_conf_oxidation_pond']. At least one non-missing value is needed for imputation with strategy='median'.
  warnings.warn(
/work/GRDVULN/correction/.venv/lib64/python3.11/site-packages/sklearn/impute/_base.py:647: UserWarning: Skipping features without any observed values: ['od_max_conf_chlorine_contact' 'od_max_conf_drying_bed'
 'od_max_conf_oxidation_pond']. At least one non-missing value is needed for imputation with strategy='median'.
  warnings.warn(
/work/GRDVULN/correction/.venv/lib64/python3.11/site-packages/sklearn/impute/_base.py:647: UserWarning: Skipping features without any observed values: ['od_max_conf_chlorine_contact' 'od_max_conf_drying_bed'
 'od_max_conf_oxidation_pond']. At least one non-missing value is needed for imputation with strategy='median'.
  warnings.warn(
/work/GRDVULN/correction/.venv/lib64/python3.11/site-packages/sklearn/impute/_base.py:647: UserWarning: Skipping features without any observed values: ['od_max_conf_chlorine_contact' 'od_max_conf_drying_bed'
 'od_max_conf_oxidation_pond']. At least one non-missing value is needed for imputation with strategy='median'.
  warnings.warn(
/work/GRDVULN/correction/.venv/lib64/python3.11/site-packages/sklearn/impute/_base.py:647: UserWarning: Skipping features without any observed values: ['od_max_conf_chlorine_contact' 'od_max_conf_drying_bed'
 'od_max_conf_oxidation_pond']. At least one non-missing value is needed for imputation with strategy='median'.
  warnings.warn(
/work/GRDVULN/correction/.venv/lib64/python3.11/site-packages/sklearn/impute/_base.py:647: UserWarning: Skipping features without any observed values: ['od_max_conf_chlorine_contact' 'od_max_conf_drying_bed'
 'od_max_conf_oxidation_pond']. At least one non-missing value is needed for imputation with strategy='median'.
  warnings.warn(
/work/GRDVULN/correction/.venv/lib64/python3.11/site-packages/sklearn/impute/_base.py:647: UserWarning: Skipping features without any observed values: ['od_max_conf_chlorine_contact' 'od_max_conf_drying_bed'
 'od_max_conf_oxidation_pond']. At least one non-missing value is needed for imputation with strategy='median'.
  warnings.warn(
/work/GRDVULN/correction/.venv/lib64/python3.11/site-packages/sklearn/impute/_base.py:647: UserWarning: Skipping features without any observed values: ['od_max_conf_chlorine_contact' 'od_max_conf_drying_bed'
 'od_max_conf_oxidation_pond']. At least one non-missing value is needed for imputation with strategy='median'.
  warnings.warn(
/work/GRDVULN/correction/.venv/lib64/python3.11/site-packages/sklearn/impute/_base.py:647: UserWarning: Skipping features without any observed values: ['od_max_conf_chlorine_contact' 'od_max_conf_drying_bed'
 'od_max_conf_oxidation_pond']. At least one non-missing value is needed for imputation with strategy='median'.
  warnings.warn(
/work/GRDVULN/correction/.venv/lib64/python3.11/site-packages/sklearn/impute/_base.py:647: UserWarning: Skipping features without any observed values: ['od_max_conf_chlorine_contact' 'od_max_conf_drying_bed'
 'od_max_conf_oxidation_pond']. At least one non-missing value is needed for imputation with strategy='median'.
  warnings.warn(
/work/GRDVULN/correction/.venv/lib64/python3.11/site-packages/sklearn/impute/_base.py:647: UserWarning: Skipping features without any observed values: ['od_max_conf_chlorine_contact' 'od_max_conf_drying_bed'
 'od_max_conf_oxidation_pond']. At least one non-missing value is needed for imputation with strategy='median'.
  warnings.warn(
/work/GRDVULN/correction/.venv/lib64/python3.11/site-packages/sklearn/impute/_base.py:647: UserWarning: Skipping features without any observed values: ['od_max_conf_chlorine_contact' 'od_max_conf_drying_bed'
 'od_max_conf_oxidation_pond']. At least one non-missing value is needed for imputation with strategy='median'.
  warnings.warn(
/work/GRDVULN/correction/.venv/lib64/python3.11/site-packages/sklearn/impute/_base.py:647: UserWarning: Skipping features without any observed values: ['od_max_conf_chlorine_contact' 'od_max_conf_drying_bed'
 'od_max_conf_oxidation_pond']. At least one non-missing value is needed for imputation with strategy='median'.
  warnings.warn(
/work/GRDVULN/correction/.venv/lib64/python3.11/site-packages/sklearn/impute/_base.py:647: UserWarning: Skipping features without any observed values: ['od_max_conf_chlorine_contact' 'od_max_conf_drying_bed'
 'od_max_conf_oxidation_pond']. At least one non-missing value is needed for imputation with strategy='median'.
  warnings.warn(
/work/GRDVULN/correction/.venv/lib64/python3.11/site-packages/sklearn/impute/_base.py:647: UserWarning: Skipping features without any observed values: ['od_max_conf_chlorine_contact' 'od_max_conf_drying_bed'
 'od_max_conf_oxidation_pond']. At least one non-missing value is needed for imputation with strategy='median'.
  warnings.warn(
/work/GRDVULN/correction/.venv/lib64/python3.11/site-packages/sklearn/impute/_base.py:647: UserWarning: Skipping features without any observed values: ['od_max_conf_chlorine_contact' 'od_max_conf_drying_bed'
 'od_max_conf_oxidation_pond']. At least one non-missing value is needed for imputation with strategy='median'.
  warnings.warn(
/work/GRDVULN/correction/.venv/lib64/python3.11/site-packages/sklearn/impute/_base.py:647: UserWarning: Skipping features without any observed values: ['od_max_conf_chlorine_contact' 'od_max_conf_drying_bed'
 'od_max_conf_oxidation_pond']. At least one non-missing value is needed for imputation with strategy='median'.
  warnings.warn(
/work/GRDVULN/correction/.venv/lib64/python3.11/site-packages/sklearn/impute/_base.py:647: UserWarning: Skipping features without any observed values: ['od_max_conf_chlorine_contact' 'od_max_conf_drying_bed'
 'od_max_conf_oxidation_pond']. At least one non-missing value is needed for imputation with strategy='median'.
  warnings.warn(
/work/GRDVULN/correction/.venv/lib64/python3.11/site-packages/sklearn/impute/_base.py:647: UserWarning: Skipping features without any observed values: ['od_max_conf_chlorine_contact' 'od_max_conf_drying_bed'
 'od_max_conf_oxidation_pond']. At least one non-missing value is needed for imputation with strategy='median'.
  warnings.warn(
/work/GRDVULN/correction/.venv/lib64/python3.11/site-packages/sklearn/impute/_base.py:647: UserWarning: Skipping features without any observed values: ['od_max_conf_chlorine_contact' 'od_max_conf_drying_bed'
 'od_max_conf_oxidation_pond']. At least one non-missing value is needed for imputation with strategy='median'.
  warnings.warn(
/work/GRDVULN/correction/.venv/lib64/python3.11/site-packages/sklearn/impute/_base.py:647: UserWarning: Skipping features without any observed values: ['od_max_conf_chlorine_contact' 'od_max_conf_drying_bed'
 'od_max_conf_oxidation_pond']. At least one non-missing value is needed for imputation with strategy='median'.
  warnings.warn(
/work/GRDVULN/correction/.venv/lib64/python3.11/site-packages/sklearn/impute/_base.py:647: UserWarning: Skipping features without any observed values: ['od_max_conf_chlorine_contact' 'od_max_conf_drying_bed'
 'od_max_conf_oxidation_pond']. At least one non-missing value is needed for imputation with strategy='median'.
  warnings.warn(
/work/GRDVULN/correction/.venv/lib64/python3.11/site-packages/sklearn/impute/_base.py:647: UserWarning: Skipping features without any observed values: ['od_max_conf_chlorine_contact' 'od_max_conf_drying_bed'
 'od_max_conf_oxidation_pond']. At least one non-missing value is needed for imputation with strategy='median'.
  warnings.warn(
/work/GRDVULN/correction/.venv/lib64/python3.11/site-packages/sklearn/impute/_base.py:647: UserWarning: Skipping features without any observed values: ['od_max_conf_chlorine_contact' 'od_max_conf_drying_bed'
 'od_max_conf_oxidation_pond']. At least one non-missing value is needed for imputation with strategy='median'.
  warnings.warn(
/work/GRDVULN/correction/.venv/lib64/python3.11/site-packages/sklearn/impute/_base.py:647: UserWarning: Skipping features without any observed values: ['od_max_conf_chlorine_contact' 'od_max_conf_drying_bed'
 'od_max_conf_oxidation_pond']. At least one non-missing value is needed for imputation with strategy='median'.
  warnings.warn(
/work/GRDVULN/correction/.venv/lib64/python3.11/site-packages/sklearn/impute/_base.py:647: UserWarning: Skipping features without any observed values: ['od_max_conf_chlorine_contact' 'od_max_conf_drying_bed'
 'od_max_conf_oxidation_pond']. At least one non-missing value is needed for imputation with strategy='median'.
  warnings.warn(
/work/GRDVULN/correction/.venv/lib64/python3.11/site-packages/sklearn/impute/_base.py:647: UserWarning: Skipping features without any observed values: ['od_max_conf_chlorine_contact' 'od_max_conf_drying_bed'
 'od_max_conf_oxidation_pond']. At least one non-missing value is needed for imputation with strategy='median'.
  warnings.warn(
/work/GRDVULN/correction/.venv/lib64/python3.11/site-packages/sklearn/impute/_base.py:647: UserWarning: Skipping features without any observed values: ['od_max_conf_chlorine_contact' 'od_max_conf_drying_bed'
 'od_max_conf_oxidation_pond']. At least one non-missing value is needed for imputation with strategy='median'.
  warnings.warn(
/work/GRDVULN/correction/.venv/lib64/python3.11/site-packages/sklearn/impute/_base.py:647: UserWarning: Skipping features without any observed values: ['od_max_conf_chlorine_contact' 'od_max_conf_drying_bed'
 'od_max_conf_oxidation_pond']. At least one non-missing value is needed for imputation with strategy='median'.
  warnings.warn(
/work/GRDVULN/correction/.venv/lib64/python3.11/site-packages/sklearn/impute/_base.py:647: UserWarning: Skipping features without any observed values: ['od_max_conf_chlorine_contact' 'od_max_conf_drying_bed'
 'od_max_conf_oxidation_pond']. At least one non-missing value is needed for imputation with strategy='median'.
  warnings.warn(
/work/GRDVULN/correction/.venv/lib64/python3.11/site-packages/sklearn/impute/_base.py:647: UserWarning: Skipping features without any observed values: ['od_max_conf_chlorine_contact' 'od_max_conf_drying_bed'
 'od_max_conf_oxidation_pond']. At least one non-missing value is needed for imputation with strategy='median'.
  warnings.warn(
/work/GRDVULN/correction/.venv/lib64/python3.11/site-packages/sklearn/impute/_base.py:647: UserWarning: Skipping features without any observed values: ['od_max_conf_chlorine_contact' 'od_max_conf_drying_bed'
 'od_max_conf_oxidation_pond']. At least one non-missing value is needed for imputation with strategy='median'.
  warnings.warn(
/work/GRDVULN/correction/.venv/lib64/python3.11/site-packages/sklearn/impute/_base.py:647: UserWarning: Skipping features without any observed values: ['od_max_conf_chlorine_contact' 'od_max_conf_drying_bed'
 'od_max_conf_oxidation_pond']. At least one non-missing value is needed for imputation with strategy='median'.
  warnings.warn(
/work/GRDVULN/correction/.venv/lib64/python3.11/site-packages/sklearn/impute/_base.py:647: UserWarning: Skipping features without any observed values: ['od_max_conf_chlorine_contact' 'od_max_conf_drying_bed'
 'od_max_conf_oxidation_pond']. At least one non-missing value is needed for imputation with strategy='median'.
  warnings.warn(
/work/GRDVULN/correction/.venv/lib64/python3.11/site-packages/sklearn/impute/_base.py:647: UserWarning: Skipping features without any observed values: ['od_max_conf_chlorine_contact' 'od_max_conf_drying_bed'
 'od_max_conf_oxidation_pond']. At least one non-missing value is needed for imputation with strategy='median'.
  warnings.warn(
/work/GRDVULN/correction/.venv/lib64/python3.11/site-packages/sklearn/impute/_base.py:647: UserWarning: Skipping features without any observed values: ['od_max_conf_chlorine_contact' 'od_max_conf_drying_bed'
 'od_max_conf_oxidation_pond']. At least one non-missing value is needed for imputation with strategy='median'.
  warnings.warn(
/work/GRDVULN/correction/.venv/lib64/python3.11/site-packages/sklearn/impute/_base.py:647: UserWarning: Skipping features without any observed values: ['od_max_conf_chlorine_contact' 'od_max_conf_drying_bed'
 'od_max_conf_oxidation_pond']. At least one non-missing value is needed for imputation with strategy='median'.
  warnings.warn(
/work/GRDVULN/correction/.venv/lib64/python3.11/site-packages/sklearn/impute/_base.py:647: UserWarning: Skipping features without any observed values: ['od_max_conf_chlorine_contact' 'od_max_conf_drying_bed'
 'od_max_conf_oxidation_pond']. At least one non-missing value is needed for imputation with strategy='median'.
  warnings.warn(
/work/GRDVULN/correction/.venv/lib64/python3.11/site-packages/sklearn/impute/_base.py:647: UserWarning: Skipping features without any observed values: ['od_max_conf_chlorine_contact' 'od_max_conf_drying_bed'
 'od_max_conf_oxidation_pond']. At least one non-missing value is needed for imputation with strategy='median'.
  warnings.warn(
/work/GRDVULN/correction/.venv/lib64/python3.11/site-packages/sklearn/impute/_base.py:647: UserWarning: Skipping features without any observed values: ['od_max_conf_chlorine_contact' 'od_max_conf_drying_bed'
 'od_max_conf_oxidation_pond']. At least one non-missing value is needed for imputation with strategy='median'.
  warnings.warn(
/work/GRDVULN/correction/.venv/lib64/python3.11/site-packages/sklearn/impute/_base.py:647: UserWarning: Skipping features without any observed values: ['od_max_conf_chlorine_contact' 'od_max_conf_drying_bed'
 'od_max_conf_oxidation_pond']. At least one non-missing value is needed for imputation with strategy='median'.
  warnings.warn(
/work/GRDVULN/correction/.venv/lib64/python3.11/site-packages/sklearn/impute/_base.py:647: UserWarning: Skipping features without any observed values: ['od_max_conf_chlorine_contact' 'od_max_conf_drying_bed'
 'od_max_conf_oxidation_pond']. At least one non-missing value is needed for imputation with strategy='median'.
  warnings.warn(
/work/GRDVULN/correction/.venv/lib64/python3.11/site-packages/sklearn/impute/_base.py:647: UserWarning: Skipping features without any observed values: ['od_max_conf_chlorine_contact' 'od_max_conf_drying_bed'
 'od_max_conf_oxidation_pond']. At least one non-missing value is needed for imputation with strategy='median'.
  warnings.warn(
/work/GRDVULN/correction/.venv/lib64/python3.11/site-packages/sklearn/impute/_base.py:647: UserWarning: Skipping features without any observed values: ['od_max_conf_chlorine_contact' 'od_max_conf_drying_bed'
 'od_max_conf_oxidation_pond']. At least one non-missing value is needed for imputation with strategy='median'.
  warnings.warn(
/work/GRDVULN/correction/.venv/lib64/python3.11/site-packages/sklearn/impute/_base.py:647: UserWarning: Skipping features without any observed values: ['od_max_conf_chlorine_contact' 'od_max_conf_drying_bed'
 'od_max_conf_oxidation_pond']. At least one non-missing value is needed for imputation with strategy='median'.
  warnings.warn(
/work/GRDVULN/correction/.venv/lib64/python3.11/site-packages/sklearn/impute/_base.py:647: UserWarning: Skipping features without any observed values: ['od_max_conf_chlorine_contact' 'od_max_conf_drying_bed'
 'od_max_conf_oxidation_pond']. At least one non-missing value is needed for imputation with strategy='median'.
  warnings.warn(
/work/GRDVULN/correction/.venv/lib64/python3.11/site-packages/sklearn/impute/_base.py:647: UserWarning: Skipping features without any observed values: ['od_max_conf_chlorine_contact' 'od_max_conf_drying_bed'
 'od_max_conf_oxidation_pond']. At least one non-missing value is needed for imputation with strategy='median'.
  warnings.warn(
/work/GRDVULN/correction/.venv/lib64/python3.11/site-packages/sklearn/impute/_base.py:647: UserWarning: Skipping features without any observed values: ['od_max_conf_chlorine_contact' 'od_max_conf_drying_bed'
 'od_max_conf_oxidation_pond']. At least one non-missing value is needed for imputation with strategy='median'.
  warnings.warn(
/work/GRDVULN/correction/.venv/lib64/python3.11/site-packages/sklearn/impute/_base.py:647: UserWarning: Skipping features without any observed values: ['od_max_conf_chlorine_contact' 'od_max_conf_drying_bed'
 'od_max_conf_oxidation_pond']. At least one non-missing value is needed for imputation with strategy='median'.
  warnings.warn(
/work/GRDVULN/correction/.venv/lib64/python3.11/site-packages/sklearn/impute/_base.py:647: UserWarning: Skipping features without any observed values: ['od_max_conf_chlorine_contact' 'od_max_conf_drying_bed'
 'od_max_conf_oxidation_pond']. At least one non-missing value is needed for imputation with strategy='median'.
  warnings.warn(
/work/GRDVULN/correction/.venv/lib64/python3.11/site-packages/sklearn/impute/_base.py:647: UserWarning: Skipping features without any observed values: ['od_max_conf_chlorine_contact' 'od_max_conf_drying_bed'
 'od_max_conf_oxidation_pond']. At least one non-missing value is needed for imputation with strategy='median'.
  warnings.warn(
/work/GRDVULN/correction/.venv/lib64/python3.11/site-packages/sklearn/impute/_base.py:647: UserWarning: Skipping features without any observed values: ['od_max_conf_chlorine_contact' 'od_max_conf_drying_bed'
 'od_max_conf_oxidation_pond']. At least one non-missing value is needed for imputation with strategy='median'.
  warnings.warn(
/work/GRDVULN/correction/.venv/lib64/python3.11/site-packages/sklearn/impute/_base.py:647: UserWarning: Skipping features without any observed values: ['od_max_conf_chlorine_contact' 'od_max_conf_drying_bed'
 'od_max_conf_oxidation_pond']. At least one non-missing value is needed for imputation with strategy='median'.
  warnings.warn(
/work/GRDVULN/correction/.venv/lib64/python3.11/site-packages/sklearn/impute/_base.py:647: UserWarning: Skipping features without any observed values: ['od_max_conf_chlorine_contact' 'od_max_conf_drying_bed'
 'od_max_conf_oxidation_pond']. At least one non-missing value is needed for imputation with strategy='median'.
  warnings.warn(
/work/GRDVULN/correction/.venv/lib64/python3.11/site-packages/sklearn/impute/_base.py:647: UserWarning: Skipping features without any observed values: ['od_max_conf_chlorine_contact' 'od_max_conf_drying_bed'
 'od_max_conf_oxidation_pond']. At least one non-missing value is needed for imputation with strategy='median'.
  warnings.warn(
/work/GRDVULN/correction/.venv/lib64/python3.11/site-packages/sklearn/impute/_base.py:647: UserWarning: Skipping features without any observed values: ['od_max_conf_chlorine_contact' 'od_max_conf_drying_bed'
 'od_max_conf_oxidation_pond']. At least one non-missing value is needed for imputation with strategy='median'.
  warnings.warn(
/work/GRDVULN/correction/.venv/lib64/python3.11/site-packages/sklearn/impute/_base.py:647: UserWarning: Skipping features without any observed values: ['od_max_conf_chlorine_contact' 'od_max_conf_drying_bed'
 'od_max_conf_oxidation_pond']. At least one non-missing value is needed for imputation with strategy='median'.
  warnings.warn(
/work/GRDVULN/correction/.venv/lib64/python3.11/site-packages/sklearn/impute/_base.py:647: UserWarning: Skipping features without any observed values: ['od_max_conf_chlorine_contact' 'od_max_conf_drying_bed'
 'od_max_conf_oxidation_pond']. At least one non-missing value is needed for imputation with strategy='median'.
  warnings.warn(
/work/GRDVULN/correction/.venv/lib64/python3.11/site-packages/sklearn/impute/_base.py:647: UserWarning: Skipping features without any observed values: ['od_max_conf_chlorine_contact' 'od_max_conf_drying_bed'
 'od_max_conf_oxidation_pond']. At least one non-missing value is needed for imputation with strategy='median'.
  warnings.warn(
/work/GRDVULN/correction/.venv/lib64/python3.11/site-packages/sklearn/impute/_base.py:647: UserWarning: Skipping features without any observed values: ['od_max_conf_chlorine_contact' 'od_max_conf_drying_bed'
 'od_max_conf_oxidation_pond']. At least one non-missing value is needed for imputation with strategy='median'.
  warnings.warn(
/work/GRDVULN/correction/.venv/lib64/python3.11/site-packages/sklearn/impute/_base.py:647: UserWarning: Skipping features without any observed values: ['od_max_conf_chlorine_contact' 'od_max_conf_drying_bed'
 'od_max_conf_oxidation_pond']. At least one non-missing value is needed for imputation with strategy='median'.
  warnings.warn(
/work/GRDVULN/correction/.venv/lib64/python3.11/site-packages/sklearn/impute/_base.py:647: UserWarning: Skipping features without any observed values: ['od_max_conf_chlorine_contact' 'od_max_conf_drying_bed'
 'od_max_conf_oxidation_pond']. At least one non-missing value is needed for imputation with strategy='median'.
  warnings.warn(
/work/GRDVULN/correction/.venv/lib64/python3.11/site-packages/sklearn/impute/_base.py:647: UserWarning: Skipping features without any observed values: ['od_max_conf_chlorine_contact' 'od_max_conf_drying_bed'
 'od_max_conf_oxidation_pond']. At least one non-missing value is needed for imputation with strategy='median'.
  warnings.warn(
/work/GRDVULN/correction/.venv/lib64/python3.11/site-packages/sklearn/impute/_base.py:647: UserWarning: Skipping features without any observed values: ['od_max_conf_chlorine_contact' 'od_max_conf_drying_bed'
 'od_max_conf_oxidation_pond']. At least one non-missing value is needed for imputation with strategy='median'.
  warnings.warn(
/work/GRDVULN/correction/.venv/lib64/python3.11/site-packages/sklearn/impute/_base.py:647: UserWarning: Skipping features without any observed values: ['od_max_conf_chlorine_contact' 'od_max_conf_drying_bed'
 'od_max_conf_oxidation_pond']. At least one non-missing value is needed for imputation with strategy='median'.
  warnings.warn(
/work/GRDVULN/correction/.venv/lib64/python3.11/site-packages/sklearn/impute/_base.py:647: UserWarning: Skipping features without any observed values: ['od_max_conf_chlorine_contact' 'od_max_conf_drying_bed'
 'od_max_conf_oxidation_pond']. At least one non-missing value is needed for imputation with strategy='median'.
  warnings.warn(
/work/GRDVULN/correction/.venv/lib64/python3.11/site-packages/sklearn/impute/_base.py:647: UserWarning: Skipping features without any observed values: ['od_max_conf_chlorine_contact' 'od_max_conf_drying_bed'
 'od_max_conf_oxidation_pond']. At least one non-missing value is needed for imputation with strategy='median'.
  warnings.warn(
/work/GRDVULN/correction/.venv/lib64/python3.11/site-packages/sklearn/impute/_base.py:647: UserWarning: Skipping features without any observed values: ['od_max_conf_chlorine_contact' 'od_max_conf_drying_bed'
 'od_max_conf_oxidation_pond']. At least one non-missing value is needed for imputation with strategy='median'.
  warnings.warn(
/work/GRDVULN/correction/.venv/lib64/python3.11/site-packages/sklearn/impute/_base.py:647: UserWarning: Skipping features without any observed values: ['od_max_conf_chlorine_contact' 'od_max_conf_drying_bed'
 'od_max_conf_oxidation_pond']. At least one non-missing value is needed for imputation with strategy='median'.
  warnings.warn(
/work/GRDVULN/correction/.venv/lib64/python3.11/site-packages/sklearn/impute/_base.py:647: UserWarning: Skipping features without any observed values: ['od_max_conf_chlorine_contact' 'od_max_conf_drying_bed'
 'od_max_conf_oxidation_pond']. At least one non-missing value is needed for imputation with strategy='median'.
  warnings.warn(
/work/GRDVULN/correction/.venv/lib64/python3.11/site-packages/sklearn/impute/_base.py:647: UserWarning: Skipping features without any observed values: ['od_max_conf_chlorine_contact' 'od_max_conf_drying_bed'
 'od_max_conf_oxidation_pond']. At least one non-missing value is needed for imputation with strategy='median'.
  warnings.warn(
/work/GRDVULN/correction/.venv/lib64/python3.11/site-packages/sklearn/impute/_base.py:647: UserWarning: Skipping features without any observed values: ['od_max_conf_chlorine_contact' 'od_max_conf_drying_bed'
 'od_max_conf_oxidation_pond']. At least one non-missing value is needed for imputation with strategy='median'.
  warnings.warn(
/work/GRDVULN/correction/.venv/lib64/python3.11/site-packages/sklearn/impute/_base.py:647: UserWarning: Skipping features without any observed values: ['od_max_conf_chlorine_contact' 'od_max_conf_drying_bed'
 'od_max_conf_oxidation_pond']. At least one non-missing value is needed for imputation with strategy='median'.
  warnings.warn(
/work/GRDVULN/correction/.venv/lib64/python3.11/site-packages/sklearn/impute/_base.py:647: UserWarning: Skipping features without any observed values: ['od_max_conf_chlorine_contact' 'od_max_conf_drying_bed'
 'od_max_conf_oxidation_pond']. At least one non-missing value is needed for imputation with strategy='median'.
  warnings.warn(
/work/GRDVULN/correction/.venv/lib64/python3.11/site-packages/sklearn/impute/_base.py:647: UserWarning: Skipping features without any observed values: ['od_max_conf_chlorine_contact' 'od_max_conf_drying_bed'
 'od_max_conf_oxidation_pond']. At least one non-missing value is needed for imputation with strategy='median'.
  warnings.warn(
/work/GRDVULN/correction/.venv/lib64/python3.11/site-packages/sklearn/impute/_base.py:647: UserWarning: Skipping features without any observed values: ['od_max_conf_chlorine_contact' 'od_max_conf_drying_bed'
 'od_max_conf_oxidation_pond']. At least one non-missing value is needed for imputation with strategy='median'.
  warnings.warn(
/work/GRDVULN/correction/.venv/lib64/python3.11/site-packages/sklearn/impute/_base.py:647: UserWarning: Skipping features without any observed values: ['od_max_conf_chlorine_contact' 'od_max_conf_drying_bed'
 'od_max_conf_oxidation_pond']. At least one non-missing value is needed for imputation with strategy='median'.
  warnings.warn(
/work/GRDVULN/correction/.venv/lib64/python3.11/site-packages/sklearn/impute/_base.py:647: UserWarning: Skipping features without any observed values: ['od_max_conf_chlorine_contact' 'od_max_conf_drying_bed'
 'od_max_conf_oxidation_pond']. At least one non-missing value is needed for imputation with strategy='median'.
  warnings.warn(
/work/GRDVULN/correction/.venv/lib64/python3.11/site-packages/sklearn/impute/_base.py:647: UserWarning: Skipping features without any observed values: ['od_max_conf_chlorine_contact' 'od_max_conf_drying_bed'
 'od_max_conf_oxidation_pond']. At least one non-missing value is needed for imputation with strategy='median'.
  warnings.warn(
/work/GRDVULN/correction/.venv/lib64/python3.11/site-packages/sklearn/impute/_base.py:647: UserWarning: Skipping features without any observed values: ['od_max_conf_chlorine_contact' 'od_max_conf_drying_bed'
 'od_max_conf_oxidation_pond']. At least one non-missing value is needed for imputation with strategy='median'.
  warnings.warn(
/work/GRDVULN/correction/.venv/lib64/python3.11/site-packages/sklearn/impute/_base.py:647: UserWarning: Skipping features without any observed values: ['od_max_conf_chlorine_contact' 'od_max_conf_drying_bed'
 'od_max_conf_oxidation_pond']. At least one non-missing value is needed for imputation with strategy='median'.
  warnings.warn(
/work/GRDVULN/correction/.venv/lib64/python3.11/site-packages/sklearn/impute/_base.py:647: UserWarning: Skipping features without any observed values: ['od_max_conf_chlorine_contact' 'od_max_conf_drying_bed'
 'od_max_conf_oxidation_pond']. At least one non-missing value is needed for imputation with strategy='median'.
  warnings.warn(
/work/GRDVULN/correction/.venv/lib64/python3.11/site-packages/sklearn/impute/_base.py:647: UserWarning: Skipping features without any observed values: ['od_max_conf_chlorine_contact' 'od_max_conf_drying_bed'
 'od_max_conf_oxidation_pond']. At least one non-missing value is needed for imputation with strategy='median'.
  warnings.warn(
/work/GRDVULN/correction/.venv/lib64/python3.11/site-packages/sklearn/impute/_base.py:647: UserWarning: Skipping features without any observed values: ['od_max_conf_chlorine_contact' 'od_max_conf_drying_bed'
 'od_max_conf_oxidation_pond']. At least one non-missing value is needed for imputation with strategy='median'.
  warnings.warn(
/work/GRDVULN/correction/.venv/lib64/python3.11/site-packages/sklearn/impute/_base.py:647: UserWarning: Skipping features without any observed values: ['od_max_conf_chlorine_contact' 'od_max_conf_drying_bed'
 'od_max_conf_oxidation_pond']. At least one non-missing value is needed for imputation with strategy='median'.
  warnings.warn(
/work/GRDVULN/correction/.venv/lib64/python3.11/site-packages/sklearn/impute/_base.py:647: UserWarning: Skipping features without any observed values: ['od_max_conf_chlorine_contact' 'od_max_conf_drying_bed'
 'od_max_conf_oxidation_pond']. At least one non-missing value is needed for imputation with strategy='median'.
  warnings.warn(
/work/GRDVULN/correction/.venv/lib64/python3.11/site-packages/sklearn/impute/_base.py:647: UserWarning: Skipping features without any observed values: ['od_max_conf_chlorine_contact' 'od_max_conf_drying_bed'
 'od_max_conf_oxidation_pond']. At least one non-missing value is needed for imputation with strategy='median'.
  warnings.warn(
/work/GRDVULN/correction/.venv/lib64/python3.11/site-packages/sklearn/impute/_base.py:647: UserWarning: Skipping features without any observed values: ['od_max_conf_chlorine_contact' 'od_max_conf_drying_bed'
 'od_max_conf_oxidation_pond']. At least one non-missing value is needed for imputation with strategy='median'.
  warnings.warn(
/work/GRDVULN/correction/.venv/lib64/python3.11/site-packages/sklearn/impute/_base.py:647: UserWarning: Skipping features without any observed values: ['od_max_conf_chlorine_contact' 'od_max_conf_drying_bed'
 'od_max_conf_oxidation_pond']. At least one non-missing value is needed for imputation with strategy='median'.
  warnings.warn(
/work/GRDVULN/correction/.venv/lib64/python3.11/site-packages/sklearn/impute/_base.py:647: UserWarning: Skipping features without any observed values: ['od_max_conf_chlorine_contact' 'od_max_conf_drying_bed'
 'od_max_conf_oxidation_pond']. At least one non-missing value is needed for imputation with strategy='median'.
  warnings.warn(
/work/GRDVULN/correction/.venv/lib64/python3.11/site-packages/sklearn/impute/_base.py:647: UserWarning: Skipping features without any observed values: ['od_max_conf_chlorine_contact' 'od_max_conf_drying_bed'
 'od_max_conf_oxidation_pond']. At least one non-missing value is needed for imputation with strategy='median'.
  warnings.warn(
/work/GRDVULN/correction/.venv/lib64/python3.11/site-packages/sklearn/impute/_base.py:647: UserWarning: Skipping features without any observed values: ['od_max_conf_chlorine_contact' 'od_max_conf_drying_bed'
 'od_max_conf_oxidation_pond']. At least one non-missing value is needed for imputation with strategy='median'.
  warnings.warn(
/work/GRDVULN/correction/.venv/lib64/python3.11/site-packages/sklearn/impute/_base.py:647: UserWarning: Skipping features without any observed values: ['od_max_conf_chlorine_contact' 'od_max_conf_drying_bed'
 'od_max_conf_oxidation_pond']. At least one non-missing value is needed for imputation with strategy='median'.
  warnings.warn(
/work/GRDVULN/correction/.venv/lib64/python3.11/site-packages/sklearn/impute/_base.py:647: UserWarning: Skipping features without any observed values: ['od_max_conf_chlorine_contact' 'od_max_conf_drying_bed'
 'od_max_conf_oxidation_pond']. At least one non-missing value is needed for imputation with strategy='median'.
  warnings.warn(
/work/GRDVULN/correction/.venv/lib64/python3.11/site-packages/sklearn/impute/_base.py:647: UserWarning: Skipping features without any observed values: ['od_max_conf_chlorine_contact' 'od_max_conf_drying_bed'
 'od_max_conf_oxidation_pond']. At least one non-missing value is needed for imputation with strategy='median'.
  warnings.warn(
/work/GRDVULN/correction/.venv/lib64/python3.11/site-packages/sklearn/impute/_base.py:647: UserWarning: Skipping features without any observed values: ['od_max_conf_chlorine_contact' 'od_max_conf_drying_bed'
 'od_max_conf_oxidation_pond']. At least one non-missing value is needed for imputation with strategy='median'.
  warnings.warn(
/work/GRDVULN/correction/.venv/lib64/python3.11/site-packages/sklearn/impute/_base.py:647: UserWarning: Skipping features without any observed values: ['od_max_conf_chlorine_contact' 'od_max_conf_drying_bed'
 'od_max_conf_oxidation_pond']. At least one non-missing value is needed for imputation with strategy='median'.
  warnings.warn(
/work/GRDVULN/correction/.venv/lib64/python3.11/site-packages/sklearn/impute/_base.py:647: UserWarning: Skipping features without any observed values: ['od_max_conf_chlorine_contact' 'od_max_conf_drying_bed'
 'od_max_conf_oxidation_pond']. At least one non-missing value is needed for imputation with strategy='median'.
  warnings.warn(
/work/GRDVULN/correction/.venv/lib64/python3.11/site-packages/sklearn/impute/_base.py:647: UserWarning: Skipping features without any observed values: ['od_max_conf_chlorine_contact' 'od_max_conf_drying_bed'
 'od_max_conf_oxidation_pond']. At least one non-missing value is needed for imputation with strategy='median'.
  warnings.warn(
/work/GRDVULN/correction/.venv/lib64/python3.11/site-packages/sklearn/impute/_base.py:647: UserWarning: Skipping features without any observed values: ['od_max_conf_chlorine_contact' 'od_max_conf_drying_bed'
 'od_max_conf_oxidation_pond']. At least one non-missing value is needed for imputation with strategy='median'.
  warnings.warn(
/work/GRDVULN/correction/.venv/lib64/python3.11/site-packages/sklearn/impute/_base.py:647: UserWarning: Skipping features without any observed values: ['od_max_conf_chlorine_contact' 'od_max_conf_drying_bed'
 'od_max_conf_oxidation_pond']. At least one non-missing value is needed for imputation with strategy='median'.
  warnings.warn(
/work/GRDVULN/correction/.venv/lib64/python3.11/site-packages/sklearn/impute/_base.py:647: UserWarning: Skipping features without any observed values: ['od_max_conf_chlorine_contact' 'od_max_conf_drying_bed'
 'od_max_conf_oxidation_pond']. At least one non-missing value is needed for imputation with strategy='median'.
  warnings.warn(
/work/GRDVULN/correction/.venv/lib64/python3.11/site-packages/sklearn/impute/_base.py:647: UserWarning: Skipping features without any observed values: ['od_max_conf_chlorine_contact' 'od_max_conf_drying_bed'
 'od_max_conf_oxidation_pond']. At least one non-missing value is needed for imputation with strategy='median'.
  warnings.warn(
/work/GRDVULN/correction/.venv/lib64/python3.11/site-packages/sklearn/impute/_base.py:647: UserWarning: Skipping features without any observed values: ['od_max_conf_chlorine_contact' 'od_max_conf_drying_bed'
 'od_max_conf_oxidation_pond']. At least one non-missing value is needed for imputation with strategy='median'.
  warnings.warn(
/work/GRDVULN/correction/.venv/lib64/python3.11/site-packages/sklearn/impute/_base.py:647: UserWarning: Skipping features without any observed values: ['od_max_conf_chlorine_contact' 'od_max_conf_drying_bed'
 'od_max_conf_oxidation_pond']. At least one non-missing value is needed for imputation with strategy='median'.
  warnings.warn(
/work/GRDVULN/correction/.venv/lib64/python3.11/site-packages/sklearn/impute/_base.py:647: UserWarning: Skipping features without any observed values: ['od_max_conf_chlorine_contact' 'od_max_conf_drying_bed'
 'od_max_conf_oxidation_pond']. At least one non-missing value is needed for imputation with strategy='median'.
  warnings.warn(
/work/GRDVULN/correction/.venv/lib64/python3.11/site-packages/sklearn/impute/_base.py:647: UserWarning: Skipping features without any observed values: ['od_max_conf_chlorine_contact' 'od_max_conf_drying_bed'
 'od_max_conf_oxidation_pond']. At least one non-missing value is needed for imputation with strategy='median'.
  warnings.warn(
/work/GRDVULN/correction/.venv/lib64/python3.11/site-packages/sklearn/impute/_base.py:647: UserWarning: Skipping features without any observed values: ['od_max_conf_chlorine_contact' 'od_max_conf_drying_bed'
 'od_max_conf_oxidation_pond']. At least one non-missing value is needed for imputation with strategy='median'.
  warnings.warn(
/work/GRDVULN/correction/.venv/lib64/python3.11/site-packages/sklearn/impute/_base.py:647: UserWarning: Skipping features without any observed values: ['od_max_conf_chlorine_contact' 'od_max_conf_drying_bed'
 'od_max_conf_oxidation_pond']. At least one non-missing value is needed for imputation with strategy='median'.
  warnings.warn(
/work/GRDVULN/correction/.venv/lib64/python3.11/site-packages/sklearn/impute/_base.py:647: UserWarning: Skipping features without any observed values: ['od_max_conf_chlorine_contact' 'od_max_conf_drying_bed'
 'od_max_conf_oxidation_pond']. At least one non-missing value is needed for imputation with strategy='median'.
  warnings.warn(
/work/GRDVULN/correction/.venv/lib64/python3.11/site-packages/sklearn/impute/_base.py:647: UserWarning: Skipping features without any observed values: ['od_max_conf_chlorine_contact' 'od_max_conf_drying_bed'
 'od_max_conf_oxidation_pond']. At least one non-missing value is needed for imputation with strategy='median'.
  warnings.warn(
/work/GRDVULN/correction/.venv/lib64/python3.11/site-packages/sklearn/impute/_base.py:647: UserWarning: Skipping features without any observed values: ['od_max_conf_chlorine_contact' 'od_max_conf_drying_bed'
 'od_max_conf_oxidation_pond']. At least one non-missing value is needed for imputation with strategy='median'.
  warnings.warn(
/work/GRDVULN/correction/.venv/lib64/python3.11/site-packages/sklearn/impute/_base.py:647: UserWarning: Skipping features without any observed values: ['od_max_conf_chlorine_contact' 'od_max_conf_drying_bed'
 'od_max_conf_oxidation_pond']. At least one non-missing value is needed for imputation with strategy='median'.
  warnings.warn(
/work/GRDVULN/correction/.venv/lib64/python3.11/site-packages/sklearn/impute/_base.py:647: UserWarning: Skipping features without any observed values: ['od_max_conf_chlorine_contact' 'od_max_conf_drying_bed'
 'od_max_conf_oxidation_pond']. At least one non-missing value is needed for imputation with strategy='median'.
  warnings.warn(
/work/GRDVULN/correction/.venv/lib64/python3.11/site-packages/sklearn/impute/_base.py:647: UserWarning: Skipping features without any observed values: ['od_max_conf_chlorine_contact' 'od_max_conf_drying_bed'
 'od_max_conf_oxidation_pond']. At least one non-missing value is needed for imputation with strategy='median'.
  warnings.warn(
/work/GRDVULN/correction/.venv/lib64/python3.11/site-packages/sklearn/impute/_base.py:647: UserWarning: Skipping features without any observed values: ['od_max_conf_chlorine_contact' 'od_max_conf_drying_bed'
 'od_max_conf_oxidation_pond']. At least one non-missing value is needed for imputation with strategy='median'.
  warnings.warn(
/work/GRDVULN/correction/.venv/lib64/python3.11/site-packages/sklearn/impute/_base.py:647: UserWarning: Skipping features without any observed values: ['od_max_conf_chlorine_contact' 'od_max_conf_drying_bed'
 'od_max_conf_oxidation_pond']. At least one non-missing value is needed for imputation with strategy='median'.
  warnings.warn(
/work/GRDVULN/correction/.venv/lib64/python3.11/site-packages/sklearn/impute/_base.py:647: UserWarning: Skipping features without any observed values: ['od_max_conf_chlorine_contact' 'od_max_conf_drying_bed'
 'od_max_conf_oxidation_pond']. At least one non-missing value is needed for imputation with strategy='median'.
  warnings.warn(
/work/GRDVULN/correction/.venv/lib64/python3.11/site-packages/sklearn/impute/_base.py:647: UserWarning: Skipping features without any observed values: ['od_max_conf_chlorine_contact' 'od_max_conf_drying_bed'
 'od_max_conf_oxidation_pond']. At least one non-missing value is needed for imputation with strategy='median'.
  warnings.warn(
/work/GRDVULN/correction/.venv/lib64/python3.11/site-packages/sklearn/impute/_base.py:647: UserWarning: Skipping features without any observed values: ['od_max_conf_chlorine_contact' 'od_max_conf_drying_bed'
 'od_max_conf_oxidation_pond']. At least one non-missing value is needed for imputation with strategy='median'.
  warnings.warn(
/work/GRDVULN/correction/.venv/lib64/python3.11/site-packages/sklearn/impute/_base.py:647: UserWarning: Skipping features without any observed values: ['od_max_conf_chlorine_contact' 'od_max_conf_drying_bed'
 'od_max_conf_oxidation_pond']. At least one non-missing value is needed for imputation with strategy='median'.
  warnings.warn(
/work/GRDVULN/correction/.venv/lib64/python3.11/site-packages/sklearn/impute/_base.py:647: UserWarning: Skipping features without any observed values: ['od_max_conf_chlorine_contact' 'od_max_conf_drying_bed'
 'od_max_conf_oxidation_pond']. At least one non-missing value is needed for imputation with strategy='median'.
  warnings.warn(
/work/GRDVULN/correction/.venv/lib64/python3.11/site-packages/sklearn/impute/_base.py:647: UserWarning: Skipping features without any observed values: ['od_max_conf_chlorine_contact' 'od_max_conf_drying_bed'
 'od_max_conf_oxidation_pond']. At least one non-missing value is needed for imputation with strategy='median'.
  warnings.warn(
/work/GRDVULN/correction/.venv/lib64/python3.11/site-packages/sklearn/impute/_base.py:647: UserWarning: Skipping features without any observed values: ['od_max_conf_chlorine_contact' 'od_max_conf_drying_bed'
 'od_max_conf_oxidation_pond']. At least one non-missing value is needed for imputation with strategy='median'.
  warnings.warn(
/work/GRDVULN/correction/.venv/lib64/python3.11/site-packages/sklearn/impute/_base.py:647: UserWarning: Skipping features without any observed values: ['od_max_conf_chlorine_contact' 'od_max_conf_drying_bed'
 'od_max_conf_oxidation_pond']. At least one non-missing value is needed for imputation with strategy='median'.
  warnings.warn(
/work/GRDVULN/correction/.venv/lib64/python3.11/site-packages/sklearn/impute/_base.py:647: UserWarning: Skipping features without any observed values: ['od_max_conf_chlorine_contact' 'od_max_conf_drying_bed'
 'od_max_conf_oxidation_pond']. At least one non-missing value is needed for imputation with strategy='median'.
  warnings.warn(
/work/GRDVULN/correction/.venv/lib64/python3.11/site-packages/sklearn/impute/_base.py:647: UserWarning: Skipping features without any observed values: ['od_max_conf_chlorine_contact' 'od_max_conf_drying_bed'
 'od_max_conf_oxidation_pond']. At least one non-missing value is needed for imputation with strategy='median'.
  warnings.warn(
/work/GRDVULN/correction/.venv/lib64/python3.11/site-packages/sklearn/impute/_base.py:647: UserWarning: Skipping features without any observed values: ['od_max_conf_chlorine_contact' 'od_max_conf_drying_bed'
 'od_max_conf_oxidation_pond']. At least one non-missing value is needed for imputation with strategy='median'.
  warnings.warn(
/work/GRDVULN/correction/.venv/lib64/python3.11/site-packages/sklearn/impute/_base.py:647: UserWarning: Skipping features without any observed values: ['od_max_conf_chlorine_contact' 'od_max_conf_drying_bed'
 'od_max_conf_oxidation_pond']. At least one non-missing value is needed for imputation with strategy='median'.
  warnings.warn(
/work/GRDVULN/correction/.venv/lib64/python3.11/site-packages/sklearn/impute/_base.py:647: UserWarning: Skipping features without any observed values: ['od_max_conf_chlorine_contact' 'od_max_conf_drying_bed'
 'od_max_conf_oxidation_pond']. At least one non-missing value is needed for imputation with strategy='median'.
  warnings.warn(
/work/GRDVULN/correction/.venv/lib64/python3.11/site-packages/sklearn/impute/_base.py:647: UserWarning: Skipping features without any observed values: ['od_max_conf_chlorine_contact' 'od_max_conf_drying_bed'
 'od_max_conf_oxidation_pond']. At least one non-missing value is needed for imputation with strategy='median'.
  warnings.warn(
/work/GRDVULN/correction/.venv/lib64/python3.11/site-packages/sklearn/impute/_base.py:647: UserWarning: Skipping features without any observed values: ['od_max_conf_chlorine_contact' 'od_max_conf_drying_bed'
 'od_max_conf_oxidation_pond']. At least one non-missing value is needed for imputation with strategy='median'.
  warnings.warn(
/work/GRDVULN/correction/.venv/lib64/python3.11/site-packages/sklearn/impute/_base.py:647: UserWarning: Skipping features without any observed values: ['od_max_conf_chlorine_contact' 'od_max_conf_drying_bed'
 'od_max_conf_oxidation_pond']. At least one non-missing value is needed for imputation with strategy='median'.
  warnings.warn(
/work/GRDVULN/correction/.venv/lib64/python3.11/site-packages/sklearn/impute/_base.py:647: UserWarning: Skipping features without any observed values: ['od_max_conf_chlorine_contact' 'od_max_conf_drying_bed'
 'od_max_conf_oxidation_pond']. At least one non-missing value is needed for imputation with strategy='median'.
  warnings.warn(
/work/GRDVULN/correction/.venv/lib64/python3.11/site-packages/sklearn/impute/_base.py:647: UserWarning: Skipping features without any observed values: ['od_max_conf_chlorine_contact' 'od_max_conf_drying_bed'
 'od_max_conf_oxidation_pond']. At least one non-missing value is needed for imputation with strategy='median'.
  warnings.warn(
/work/GRDVULN/correction/.venv/lib64/python3.11/site-packages/sklearn/impute/_base.py:647: UserWarning: Skipping features without any observed values: ['od_max_conf_chlorine_contact' 'od_max_conf_drying_bed'
 'od_max_conf_oxidation_pond']. At least one non-missing value is needed for imputation with strategy='median'.
  warnings.warn(
/work/GRDVULN/correction/.venv/lib64/python3.11/site-packages/sklearn/impute/_base.py:647: UserWarning: Skipping features without any observed values: ['od_max_conf_chlorine_contact' 'od_max_conf_drying_bed'
 'od_max_conf_oxidation_pond']. At least one non-missing value is needed for imputation with strategy='median'.
  warnings.warn(
/work/GRDVULN/correction/.venv/lib64/python3.11/site-packages/sklearn/impute/_base.py:647: UserWarning: Skipping features without any observed values: ['od_max_conf_chlorine_contact' 'od_max_conf_drying_bed'
 'od_max_conf_oxidation_pond']. At least one non-missing value is needed for imputation with strategy='median'.
  warnings.warn(
/work/GRDVULN/correction/.venv/lib64/python3.11/site-packages/sklearn/impute/_base.py:647: UserWarning: Skipping features without any observed values: ['od_max_conf_chlorine_contact' 'od_max_conf_drying_bed'
 'od_max_conf_oxidation_pond']. At least one non-missing value is needed for imputation with strategy='median'.
  warnings.warn(
/work/GRDVULN/correction/.venv/lib64/python3.11/site-packages/sklearn/impute/_base.py:647: UserWarning: Skipping features without any observed values: ['od_max_conf_chlorine_contact' 'od_max_conf_drying_bed'
 'od_max_conf_oxidation_pond']. At least one non-missing value is needed for imputation with strategy='median'.
  warnings.warn(
/work/GRDVULN/correction/.venv/lib64/python3.11/site-packages/sklearn/impute/_base.py:647: UserWarning: Skipping features without any observed values: ['od_max_conf_chlorine_contact' 'od_max_conf_drying_bed'
 'od_max_conf_oxidation_pond']. At least one non-missing value is needed for imputation with strategy='median'.
  warnings.warn(
/work/GRDVULN/correction/.venv/lib64/python3.11/site-packages/sklearn/impute/_base.py:647: UserWarning: Skipping features without any observed values: ['od_max_conf_chlorine_contact' 'od_max_conf_drying_bed'
 'od_max_conf_oxidation_pond']. At least one non-missing value is needed for imputation with strategy='median'.
  warnings.warn(
/work/GRDVULN/correction/.venv/lib64/python3.11/site-packages/sklearn/impute/_base.py:647: UserWarning: Skipping features without any observed values: ['od_max_conf_chlorine_contact' 'od_max_conf_drying_bed'
 'od_max_conf_oxidation_pond']. At least one non-missing value is needed for imputation with strategy='median'.
  warnings.warn(
/work/GRDVULN/correction/.venv/lib64/python3.11/site-packages/sklearn/impute/_base.py:647: UserWarning: Skipping features without any observed values: ['od_max_conf_chlorine_contact' 'od_max_conf_drying_bed'
 'od_max_conf_oxidation_pond']. At least one non-missing value is needed for imputation with strategy='median'.
  warnings.warn(
/work/GRDVULN/correction/.venv/lib64/python3.11/site-packages/sklearn/impute/_base.py:647: UserWarning: Skipping features without any observed values: ['od_max_conf_chlorine_contact' 'od_max_conf_drying_bed'
 'od_max_conf_oxidation_pond']. At least one non-missing value is needed for imputation with strategy='median'.
  warnings.warn(
/work/GRDVULN/correction/.venv/lib64/python3.11/site-packages/sklearn/impute/_base.py:647: UserWarning: Skipping features without any observed values: ['od_max_conf_chlorine_contact' 'od_max_conf_drying_bed'
 'od_max_conf_oxidation_pond']. At least one non-missing value is needed for imputation with strategy='median'.
  warnings.warn(
/work/GRDVULN/correction/.venv/lib64/python3.11/site-packages/sklearn/impute/_base.py:647: UserWarning: Skipping features without any observed values: ['od_max_conf_chlorine_contact' 'od_max_conf_drying_bed'
 'od_max_conf_oxidation_pond']. At least one non-missing value is needed for imputation with strategy='median'.
  warnings.warn(
/work/GRDVULN/correction/.venv/lib64/python3.11/site-packages/sklearn/impute/_base.py:647: UserWarning: Skipping features without any observed values: ['od_max_conf_chlorine_contact' 'od_max_conf_drying_bed'
 'od_max_conf_oxidation_pond']. At least one non-missing value is needed for imputation with strategy='median'.
  warnings.warn(
/work/GRDVULN/correction/.venv/lib64/python3.11/site-packages/sklearn/impute/_base.py:647: UserWarning: Skipping features without any observed values: ['od_max_conf_chlorine_contact' 'od_max_conf_drying_bed'
 'od_max_conf_oxidation_pond']. At least one non-missing value is needed for imputation with strategy='median'.
  warnings.warn(
/work/GRDVULN/correction/.venv/lib64/python3.11/site-packages/sklearn/impute/_base.py:647: UserWarning: Skipping features without any observed values: ['od_max_conf_chlorine_contact' 'od_max_conf_drying_bed'
 'od_max_conf_oxidation_pond']. At least one non-missing value is needed for imputation with strategy='median'.
  warnings.warn(
/work/GRDVULN/correction/.venv/lib64/python3.11/site-packages/sklearn/impute/_base.py:647: UserWarning: Skipping features without any observed values: ['od_max_conf_chlorine_contact' 'od_max_conf_drying_bed'
 'od_max_conf_oxidation_pond']. At least one non-missing value is needed for imputation with strategy='median'.
  warnings.warn(
/work/GRDVULN/correction/.venv/lib64/python3.11/site-packages/sklearn/impute/_base.py:647: UserWarning: Skipping features without any observed values: ['od_max_conf_chlorine_contact' 'od_max_conf_drying_bed'
 'od_max_conf_oxidation_pond']. At least one non-missing value is needed for imputation with strategy='median'.
  warnings.warn(
/work/GRDVULN/correction/.venv/lib64/python3.11/site-packages/sklearn/impute/_base.py:647: UserWarning: Skipping features without any observed values: ['od_max_conf_chlorine_contact' 'od_max_conf_drying_bed'
 'od_max_conf_oxidation_pond']. At least one non-missing value is needed for imputation with strategy='median'.
  warnings.warn(
/work/GRDVULN/correction/.venv/lib64/python3.11/site-packages/sklearn/impute/_base.py:647: UserWarning: Skipping features without any observed values: ['od_max_conf_chlorine_contact' 'od_max_conf_drying_bed'
 'od_max_conf_oxidation_pond']. At least one non-missing value is needed for imputation with strategy='median'.
  warnings.warn(
/work/GRDVULN/correction/.venv/lib64/python3.11/site-packages/sklearn/impute/_base.py:647: UserWarning: Skipping features without any observed values: ['od_max_conf_chlorine_contact' 'od_max_conf_drying_bed'
 'od_max_conf_oxidation_pond']. At least one non-missing value is needed for imputation with strategy='median'.
  warnings.warn(
/work/GRDVULN/correction/.venv/lib64/python3.11/site-packages/sklearn/impute/_base.py:647: UserWarning: Skipping features without any observed values: ['od_max_conf_chlorine_contact' 'od_max_conf_drying_bed'
 'od_max_conf_oxidation_pond']. At least one non-missing value is needed for imputation with strategy='median'.
  warnings.warn(
/work/GRDVULN/correction/.venv/lib64/python3.11/site-packages/sklearn/impute/_base.py:647: UserWarning: Skipping features without any observed values: ['od_max_conf_chlorine_contact' 'od_max_conf_drying_bed'
 'od_max_conf_oxidation_pond']. At least one non-missing value is needed for imputation with strategy='median'.
  warnings.warn(
/work/GRDVULN/correction/.venv/lib64/python3.11/site-packages/sklearn/impute/_base.py:647: UserWarning: Skipping features without any observed values: ['od_max_conf_chlorine_contact' 'od_max_conf_drying_bed'
 'od_max_conf_oxidation_pond']. At least one non-missing value is needed for imputation with strategy='median'.
  warnings.warn(
/work/GRDVULN/correction/.venv/lib64/python3.11/site-packages/sklearn/impute/_base.py:647: UserWarning: Skipping features without any observed values: ['od_max_conf_chlorine_contact' 'od_max_conf_drying_bed'
 'od_max_conf_oxidation_pond']. At least one non-missing value is needed for imputation with strategy='median'.
  warnings.warn(
/work/GRDVULN/correction/.venv/lib64/python3.11/site-packages/sklearn/impute/_base.py:647: UserWarning: Skipping features without any observed values: ['od_max_conf_chlorine_contact' 'od_max_conf_drying_bed'
 'od_max_conf_oxidation_pond']. At least one non-missing value is needed for imputation with strategy='median'.
  warnings.warn(
/work/GRDVULN/correction/.venv/lib64/python3.11/site-packages/sklearn/impute/_base.py:647: UserWarning: Skipping features without any observed values: ['od_max_conf_chlorine_contact' 'od_max_conf_drying_bed'
 'od_max_conf_oxidation_pond']. At least one non-missing value is needed for imputation with strategy='median'.
  warnings.warn(
/work/GRDVULN/correction/.venv/lib64/python3.11/site-packages/sklearn/impute/_base.py:647: UserWarning: Skipping features without any observed values: ['od_max_conf_chlorine_contact' 'od_max_conf_drying_bed'
 'od_max_conf_oxidation_pond']. At least one non-missing value is needed for imputation with strategy='median'.
  warnings.warn(
/work/GRDVULN/correction/.venv/lib64/python3.11/site-packages/sklearn/impute/_base.py:647: UserWarning: Skipping features without any observed values: ['od_max_conf_chlorine_contact' 'od_max_conf_drying_bed'
 'od_max_conf_oxidation_pond']. At least one non-missing value is needed for imputation with strategy='median'.
  warnings.warn(
/work/GRDVULN/correction/.venv/lib64/python3.11/site-packages/sklearn/impute/_base.py:647: UserWarning: Skipping features without any observed values: ['od_max_conf_chlorine_contact' 'od_max_conf_drying_bed'
 'od_max_conf_oxidation_pond']. At least one non-missing value is needed for imputation with strategy='median'.
  warnings.warn(
/work/GRDVULN/correction/.venv/lib64/python3.11/site-packages/sklearn/impute/_base.py:647: UserWarning: Skipping features without any observed values: ['od_max_conf_chlorine_contact' 'od_max_conf_drying_bed'
 'od_max_conf_oxidation_pond']. At least one non-missing value is needed for imputation with strategy='median'.
  warnings.warn(
/work/GRDVULN/correction/.venv/lib64/python3.11/site-packages/sklearn/impute/_base.py:647: UserWarning: Skipping features without any observed values: ['od_max_conf_chlorine_contact' 'od_max_conf_drying_bed'
 'od_max_conf_oxidation_pond']. At least one non-missing value is needed for imputation with strategy='median'.
  warnings.warn(
/work/GRDVULN/correction/.venv/lib64/python3.11/site-packages/sklearn/impute/_base.py:647: UserWarning: Skipping features without any observed values: ['od_max_conf_chlorine_contact' 'od_max_conf_drying_bed'
 'od_max_conf_oxidation_pond']. At least one non-missing value is needed for imputation with strategy='median'.
  warnings.warn(
/work/GRDVULN/correction/.venv/lib64/python3.11/site-packages/sklearn/impute/_base.py:647: UserWarning: Skipping features without any observed values: ['od_max_conf_chlorine_contact' 'od_max_conf_drying_bed'
 'od_max_conf_oxidation_pond']. At least one non-missing value is needed for imputation with strategy='median'.
  warnings.warn(
/work/GRDVULN/correction/.venv/lib64/python3.11/site-packages/sklearn/impute/_base.py:647: UserWarning: Skipping features without any observed values: ['od_max_conf_chlorine_contact' 'od_max_conf_drying_bed'
 'od_max_conf_oxidation_pond']. At least one non-missing value is needed for imputation with strategy='median'.
  warnings.warn(
/work/GRDVULN/correction/.venv/lib64/python3.11/site-packages/sklearn/impute/_base.py:647: UserWarning: Skipping features without any observed values: ['od_max_conf_chlorine_contact' 'od_max_conf_drying_bed'
 'od_max_conf_oxidation_pond']. At least one non-missing value is needed for imputation with strategy='median'.
  warnings.warn(
/work/GRDVULN/correction/.venv/lib64/python3.11/site-packages/sklearn/impute/_base.py:647: UserWarning: Skipping features without any observed values: ['od_max_conf_chlorine_contact' 'od_max_conf_drying_bed'
 'od_max_conf_oxidation_pond']. At least one non-missing value is needed for imputation with strategy='median'.
  warnings.warn(
/work/GRDVULN/correction/.venv/lib64/python3.11/site-packages/sklearn/impute/_base.py:647: UserWarning: Skipping features without any observed values: ['od_max_conf_chlorine_contact' 'od_max_conf_drying_bed'
 'od_max_conf_oxidation_pond']. At least one non-missing value is needed for imputation with strategy='median'.
  warnings.warn(
/work/GRDVULN/correction/.venv/lib64/python3.11/site-packages/sklearn/impute/_base.py:647: UserWarning: Skipping features without any observed values: ['od_max_conf_chlorine_contact' 'od_max_conf_drying_bed'
 'od_max_conf_oxidation_pond']. At least one non-missing value is needed for imputation with strategy='median'.
  warnings.warn(
/work/GRDVULN/correction/.venv/lib64/python3.11/site-packages/sklearn/impute/_base.py:647: UserWarning: Skipping features without any observed values: ['od_max_conf_chlorine_contact' 'od_max_conf_drying_bed'
 'od_max_conf_oxidation_pond']. At least one non-missing value is needed for imputation with strategy='median'.
  warnings.warn(
/work/GRDVULN/correction/.venv/lib64/python3.11/site-packages/sklearn/impute/_base.py:647: UserWarning: Skipping features without any observed values: ['od_max_conf_chlorine_contact' 'od_max_conf_drying_bed'
 'od_max_conf_oxidation_pond']. At least one non-missing value is needed for imputation with strategy='median'.
  warnings.warn(
/work/GRDVULN/correction/.venv/lib64/python3.11/site-packages/sklearn/impute/_base.py:647: UserWarning: Skipping features without any observed values: ['od_max_conf_chlorine_contact' 'od_max_conf_drying_bed'
 'od_max_conf_oxidation_pond']. At least one non-missing value is needed for imputation with strategy='median'.
  warnings.warn(
/work/GRDVULN/correction/.venv/lib64/python3.11/site-packages/sklearn/impute/_base.py:647: UserWarning: Skipping features without any observed values: ['od_max_conf_chlorine_contact' 'od_max_conf_drying_bed'
 'od_max_conf_oxidation_pond']. At least one non-missing value is needed for imputation with strategy='median'.
  warnings.warn(
/work/GRDVULN/correction/.venv/lib64/python3.11/site-packages/sklearn/impute/_base.py:647: UserWarning: Skipping features without any observed values: ['od_max_conf_chlorine_contact' 'od_max_conf_drying_bed'
 'od_max_conf_oxidation_pond']. At least one non-missing value is needed for imputation with strategy='median'.
  warnings.warn(
/work/GRDVULN/correction/.venv/lib64/python3.11/site-packages/sklearn/impute/_base.py:647: UserWarning: Skipping features without any observed values: ['od_max_conf_chlorine_contact' 'od_max_conf_drying_bed'
 'od_max_conf_oxidation_pond']. At least one non-missing value is needed for imputation with strategy='median'.
  warnings.warn(
/work/GRDVULN/correction/.venv/lib64/python3.11/site-packages/sklearn/impute/_base.py:647: UserWarning: Skipping features without any observed values: ['od_max_conf_chlorine_contact' 'od_max_conf_drying_bed'
 'od_max_conf_oxidation_pond']. At least one non-missing value is needed for imputation with strategy='median'.
  warnings.warn(
/work/GRDVULN/correction/.venv/lib64/python3.11/site-packages/sklearn/impute/_base.py:647: UserWarning: Skipping features without any observed values: ['od_max_conf_chlorine_contact' 'od_max_conf_drying_bed'
 'od_max_conf_oxidation_pond']. At least one non-missing value is needed for imputation with strategy='median'.
  warnings.warn(
/work/GRDVULN/correction/.venv/lib64/python3.11/site-packages/sklearn/impute/_base.py:647: UserWarning: Skipping features without any observed values: ['od_max_conf_chlorine_contact' 'od_max_conf_drying_bed'
 'od_max_conf_oxidation_pond']. At least one non-missing value is needed for imputation with strategy='median'.
  warnings.warn(
/work/GRDVULN/correction/.venv/lib64/python3.11/site-packages/sklearn/impute/_base.py:647: UserWarning: Skipping features without any observed values: ['od_max_conf_chlorine_contact' 'od_max_conf_drying_bed'
 'od_max_conf_oxidation_pond']. At least one non-missing value is needed for imputation with strategy='median'.
  warnings.warn(
/work/GRDVULN/correction/.venv/lib64/python3.11/site-packages/sklearn/impute/_base.py:647: UserWarning: Skipping features without any observed values: ['od_max_conf_chlorine_contact' 'od_max_conf_drying_bed'
 'od_max_conf_oxidation_pond']. At least one non-missing value is needed for imputation with strategy='median'.
  warnings.warn(
/work/GRDVULN/correction/.venv/lib64/python3.11/site-packages/sklearn/impute/_base.py:647: UserWarning: Skipping features without any observed values: ['od_max_conf_chlorine_contact' 'od_max_conf_drying_bed'
 'od_max_conf_oxidation_pond']. At least one non-missing value is needed for imputation with strategy='median'.
  warnings.warn(
/work/GRDVULN/correction/.venv/lib64/python3.11/site-packages/sklearn/impute/_base.py:647: UserWarning: Skipping features without any observed values: ['od_max_conf_chlorine_contact' 'od_max_conf_drying_bed'
 'od_max_conf_oxidation_pond']. At least one non-missing value is needed for imputation with strategy='median'.
  warnings.warn(
/work/GRDVULN/correction/.venv/lib64/python3.11/site-packages/sklearn/impute/_base.py:647: UserWarning: Skipping features without any observed values: ['od_max_conf_chlorine_contact' 'od_max_conf_drying_bed'
 'od_max_conf_oxidation_pond']. At least one non-missing value is needed for imputation with strategy='median'.
  warnings.warn(
/work/GRDVULN/correction/.venv/lib64/python3.11/site-packages/sklearn/impute/_base.py:647: UserWarning: Skipping features without any observed values: ['od_max_conf_chlorine_contact' 'od_max_conf_drying_bed'
 'od_max_conf_oxidation_pond']. At least one non-missing value is needed for imputation with strategy='median'.
  warnings.warn(
/work/GRDVULN/correction/.venv/lib64/python3.11/site-packages/sklearn/impute/_base.py:647: UserWarning: Skipping features without any observed values: ['od_max_conf_chlorine_contact' 'od_max_conf_drying_bed'
 'od_max_conf_oxidation_pond']. At least one non-missing value is needed for imputation with strategy='median'.
  warnings.warn(
/work/GRDVULN/correction/.venv/lib64/python3.11/site-packages/sklearn/impute/_base.py:647: UserWarning: Skipping features without any observed values: ['od_max_conf_chlorine_contact' 'od_max_conf_drying_bed'
 'od_max_conf_oxidation_pond']. At least one non-missing value is needed for imputation with strategy='median'.
  warnings.warn(
/work/GRDVULN/correction/.venv/lib64/python3.11/site-packages/sklearn/impute/_base.py:647: UserWarning: Skipping features without any observed values: ['od_max_conf_chlorine_contact' 'od_max_conf_drying_bed'
 'od_max_conf_oxidation_pond']. At least one non-missing value is needed for imputation with strategy='median'.
  warnings.warn(
/work/GRDVULN/correction/.venv/lib64/python3.11/site-packages/sklearn/impute/_base.py:647: UserWarning: Skipping features without any observed values: ['od_max_conf_chlorine_contact' 'od_max_conf_drying_bed'
 'od_max_conf_oxidation_pond']. At least one non-missing value is needed for imputation with strategy='median'.
  warnings.warn(
/work/GRDVULN/correction/.venv/lib64/python3.11/site-packages/sklearn/impute/_base.py:647: UserWarning: Skipping features without any observed values: ['od_max_conf_chlorine_contact' 'od_max_conf_drying_bed'
 'od_max_conf_oxidation_pond']. At least one non-missing value is needed for imputation with strategy='median'.
  warnings.warn(
/work/GRDVULN/correction/.venv/lib64/python3.11/site-packages/sklearn/impute/_base.py:647: UserWarning: Skipping features without any observed values: ['od_max_conf_chlorine_contact' 'od_max_conf_drying_bed'
 'od_max_conf_oxidation_pond']. At least one non-missing value is needed for imputation with strategy='median'.
  warnings.warn(
/work/GRDVULN/correction/.venv/lib64/python3.11/site-packages/sklearn/impute/_base.py:647: UserWarning: Skipping features without any observed values: ['od_max_conf_chlorine_contact' 'od_max_conf_drying_bed'
 'od_max_conf_oxidation_pond']. At least one non-missing value is needed for imputation with strategy='median'.
  warnings.warn(
/work/GRDVULN/correction/.venv/lib64/python3.11/site-packages/sklearn/impute/_base.py:647: UserWarning: Skipping features without any observed values: ['od_max_conf_chlorine_contact' 'od_max_conf_drying_bed'
 'od_max_conf_oxidation_pond']. At least one non-missing value is needed for imputation with strategy='median'.
  warnings.warn(
/work/GRDVULN/correction/.venv/lib64/python3.11/site-packages/sklearn/impute/_base.py:647: UserWarning: Skipping features without any observed values: ['od_max_conf_chlorine_contact' 'od_max_conf_drying_bed'
 'od_max_conf_oxidation_pond']. At least one non-missing value is needed for imputation with strategy='median'.
  warnings.warn(
/work/GRDVULN/correction/.venv/lib64/python3.11/site-packages/sklearn/impute/_base.py:647: UserWarning: Skipping features without any observed values: ['od_max_conf_chlorine_contact' 'od_max_conf_drying_bed'
 'od_max_conf_oxidation_pond']. At least one non-missing value is needed for imputation with strategy='median'.
  warnings.warn(
/work/GRDVULN/correction/.venv/lib64/python3.11/site-packages/sklearn/impute/_base.py:647: UserWarning: Skipping features without any observed values: ['od_max_conf_chlorine_contact' 'od_max_conf_drying_bed'
 'od_max_conf_oxidation_pond']. At least one non-missing value is needed for imputation with strategy='median'.
  warnings.warn(
/work/GRDVULN/correction/.venv/lib64/python3.11/site-packages/sklearn/impute/_base.py:647: UserWarning: Skipping features without any observed values: ['od_max_conf_chlorine_contact' 'od_max_conf_drying_bed'
 'od_max_conf_oxidation_pond']. At least one non-missing value is needed for imputation with strategy='median'.
  warnings.warn(
/work/GRDVULN/correction/.venv/lib64/python3.11/site-packages/sklearn/impute/_base.py:647: UserWarning: Skipping features without any observed values: ['od_max_conf_chlorine_contact' 'od_max_conf_drying_bed'
 'od_max_conf_oxidation_pond']. At least one non-missing value is needed for imputation with strategy='median'.
  warnings.warn(
/work/GRDVULN/correction/.venv/lib64/python3.11/site-packages/sklearn/impute/_base.py:647: UserWarning: Skipping features without any observed values: ['od_max_conf_chlorine_contact' 'od_max_conf_drying_bed'
 'od_max_conf_oxidation_pond']. At least one non-missing value is needed for imputation with strategy='median'.
  warnings.warn(
/work/GRDVULN/correction/.venv/lib64/python3.11/site-packages/sklearn/impute/_base.py:647: UserWarning: Skipping features without any observed values: ['od_max_conf_chlorine_contact' 'od_max_conf_drying_bed'
 'od_max_conf_oxidation_pond']. At least one non-missing value is needed for imputation with strategy='median'.
  warnings.warn(
/work/GRDVULN/correction/.venv/lib64/python3.11/site-packages/sklearn/impute/_base.py:647: UserWarning: Skipping features without any observed values: ['od_max_conf_chlorine_contact' 'od_max_conf_drying_bed'
 'od_max_conf_oxidation_pond']. At least one non-missing value is needed for imputation with strategy='median'.
  warnings.warn(
/work/GRDVULN/correction/.venv/lib64/python3.11/site-packages/sklearn/impute/_base.py:647: UserWarning: Skipping features without any observed values: ['od_max_conf_chlorine_contact' 'od_max_conf_drying_bed'
 'od_max_conf_oxidation_pond']. At least one non-missing value is needed for imputation with strategy='median'.
  warnings.warn(
/work/GRDVULN/correction/.venv/lib64/python3.11/site-packages/sklearn/impute/_base.py:647: UserWarning: Skipping features without any observed values: ['od_max_conf_chlorine_contact' 'od_max_conf_drying_bed'
 'od_max_conf_oxidation_pond']. At least one non-missing value is needed for imputation with strategy='median'.
  warnings.warn(
/work/GRDVULN/correction/.venv/lib64/python3.11/site-packages/sklearn/impute/_base.py:647: UserWarning: Skipping features without any observed values: ['od_max_conf_chlorine_contact' 'od_max_conf_drying_bed'
 'od_max_conf_oxidation_pond']. At least one non-missing value is needed for imputation with strategy='median'.
  warnings.warn(
/work/GRDVULN/correction/.venv/lib64/python3.11/site-packages/sklearn/impute/_base.py:647: UserWarning: Skipping features without any observed values: ['od_max_conf_chlorine_contact' 'od_max_conf_drying_bed'
 'od_max_conf_oxidation_pond']. At least one non-missing value is needed for imputation with strategy='median'.
  warnings.warn(
/work/GRDVULN/correction/.venv/lib64/python3.11/site-packages/sklearn/impute/_base.py:647: UserWarning: Skipping features without any observed values: ['od_max_conf_chlorine_contact' 'od_max_conf_drying_bed'
 'od_max_conf_oxidation_pond']. At least one non-missing value is needed for imputation with strategy='median'.
  warnings.warn(
/work/GRDVULN/correction/.venv/lib64/python3.11/site-packages/sklearn/impute/_base.py:647: UserWarning: Skipping features without any observed values: ['od_max_conf_chlorine_contact' 'od_max_conf_drying_bed'
 'od_max_conf_oxidation_pond']. At least one non-missing value is needed for imputation with strategy='median'.
  warnings.warn(
/work/GRDVULN/correction/.venv/lib64/python3.11/site-packages/sklearn/impute/_base.py:647: UserWarning: Skipping features without any observed values: ['od_max_conf_chlorine_contact' 'od_max_conf_drying_bed'
 'od_max_conf_oxidation_pond']. At least one non-missing value is needed for imputation with strategy='median'.
  warnings.warn(
/work/GRDVULN/correction/.venv/lib64/python3.11/site-packages/sklearn/impute/_base.py:647: UserWarning: Skipping features without any observed values: ['od_max_conf_chlorine_contact' 'od_max_conf_drying_bed'
 'od_max_conf_oxidation_pond']. At least one non-missing value is needed for imputation with strategy='median'.
  warnings.warn(
/work/GRDVULN/correction/.venv/lib64/python3.11/site-packages/sklearn/impute/_base.py:647: UserWarning: Skipping features without any observed values: ['od_max_conf_chlorine_contact' 'od_max_conf_drying_bed'
 'od_max_conf_oxidation_pond']. At least one non-missing value is needed for imputation with strategy='median'.
  warnings.warn(
/work/GRDVULN/correction/.venv/lib64/python3.11/site-packages/sklearn/impute/_base.py:647: UserWarning: Skipping features without any observed values: ['od_max_conf_chlorine_contact' 'od_max_conf_drying_bed'
 'od_max_conf_oxidation_pond']. At least one non-missing value is needed for imputation with strategy='median'.
  warnings.warn(
/work/GRDVULN/correction/.venv/lib64/python3.11/site-packages/sklearn/impute/_base.py:647: UserWarning: Skipping features without any observed values: ['od_max_conf_chlorine_contact' 'od_max_conf_drying_bed'
 'od_max_conf_oxidation_pond']. At least one non-missing value is needed for imputation with strategy='median'.
  warnings.warn(
/work/GRDVULN/correction/.venv/lib64/python3.11/site-packages/sklearn/impute/_base.py:647: UserWarning: Skipping features without any observed values: ['od_max_conf_chlorine_contact' 'od_max_conf_drying_bed'
 'od_max_conf_oxidation_pond']. At least one non-missing value is needed for imputation with strategy='median'.
  warnings.warn(
/work/GRDVULN/correction/.venv/lib64/python3.11/site-packages/sklearn/impute/_base.py:647: UserWarning: Skipping features without any observed values: ['od_max_conf_chlorine_contact' 'od_max_conf_drying_bed'
 'od_max_conf_oxidation_pond']. At least one non-missing value is needed for imputation with strategy='median'.
  warnings.warn(
/work/GRDVULN/correction/.venv/lib64/python3.11/site-packages/sklearn/impute/_base.py:647: UserWarning: Skipping features without any observed values: ['od_max_conf_chlorine_contact' 'od_max_conf_drying_bed'
 'od_max_conf_oxidation_pond']. At least one non-missing value is needed for imputation with strategy='median'.
  warnings.warn(
/work/GRDVULN/correction/.venv/lib64/python3.11/site-packages/sklearn/impute/_base.py:647: UserWarning: Skipping features without any observed values: ['od_max_conf_chlorine_contact' 'od_max_conf_drying_bed'
 'od_max_conf_oxidation_pond']. At least one non-missing value is needed for imputation with strategy='median'.
  warnings.warn(
/work/GRDVULN/correction/.venv/lib64/python3.11/site-packages/sklearn/impute/_base.py:647: UserWarning: Skipping features without any observed values: ['od_max_conf_chlorine_contact' 'od_max_conf_drying_bed'
 'od_max_conf_oxidation_pond']. At least one non-missing value is needed for imputation with strategy='median'.
  warnings.warn(
/work/GRDVULN/correction/.venv/lib64/python3.11/site-packages/sklearn/impute/_base.py:647: UserWarning: Skipping features without any observed values: ['od_max_conf_chlorine_contact' 'od_max_conf_drying_bed'
 'od_max_conf_oxidation_pond']. At least one non-missing value is needed for imputation with strategy='median'.
  warnings.warn(
/work/GRDVULN/correction/.venv/lib64/python3.11/site-packages/sklearn/impute/_base.py:647: UserWarning: Skipping features without any observed values: ['od_max_conf_chlorine_contact' 'od_max_conf_drying_bed'
 'od_max_conf_oxidation_pond']. At least one non-missing value is needed for imputation with strategy='median'.
  warnings.warn(
/work/GRDVULN/correction/.venv/lib64/python3.11/site-packages/sklearn/impute/_base.py:647: UserWarning: Skipping features without any observed values: ['od_max_conf_chlorine_contact' 'od_max_conf_drying_bed'
 'od_max_conf_oxidation_pond']. At least one non-missing value is needed for imputation with strategy='median'.
  warnings.warn(
/work/GRDVULN/correction/.venv/lib64/python3.11/site-packages/sklearn/impute/_base.py:647: UserWarning: Skipping features without any observed values: ['od_max_conf_chlorine_contact' 'od_max_conf_drying_bed'
 'od_max_conf_oxidation_pond']. At least one non-missing value is needed for imputation with strategy='median'.
  warnings.warn(
/work/GRDVULN/correction/.venv/lib64/python3.11/site-packages/sklearn/impute/_base.py:647: UserWarning: Skipping features without any observed values: ['od_max_conf_chlorine_contact' 'od_max_conf_drying_bed'
 'od_max_conf_oxidation_pond']. At least one non-missing value is needed for imputation with strategy='median'.
  warnings.warn(
/work/GRDVULN/correction/.venv/lib64/python3.11/site-packages/sklearn/impute/_base.py:647: UserWarning: Skipping features without any observed values: ['od_max_conf_chlorine_contact' 'od_max_conf_drying_bed'
 'od_max_conf_oxidation_pond']. At least one non-missing value is needed for imputation with strategy='median'.
  warnings.warn(
/work/GRDVULN/correction/.venv/lib64/python3.11/site-packages/sklearn/impute/_base.py:647: UserWarning: Skipping features without any observed values: ['od_max_conf_chlorine_contact' 'od_max_conf_drying_bed'
 'od_max_conf_oxidation_pond']. At least one non-missing value is needed for imputation with strategy='median'.
  warnings.warn(
/work/GRDVULN/correction/.venv/lib64/python3.11/site-packages/sklearn/impute/_base.py:647: UserWarning: Skipping features without any observed values: ['od_max_conf_chlorine_contact' 'od_max_conf_drying_bed'
 'od_max_conf_oxidation_pond']. At least one non-missing value is needed for imputation with strategy='median'.
  warnings.warn(
/work/GRDVULN/correction/.venv/lib64/python3.11/site-packages/sklearn/impute/_base.py:647: UserWarning: Skipping features without any observed values: ['od_max_conf_chlorine_contact' 'od_max_conf_drying_bed'
 'od_max_conf_oxidation_pond']. At least one non-missing value is needed for imputation with strategy='median'.
  warnings.warn(
/work/GRDVULN/correction/.venv/lib64/python3.11/site-packages/sklearn/impute/_base.py:647: UserWarning: Skipping features without any observed values: ['od_max_conf_chlorine_contact' 'od_max_conf_drying_bed'
 'od_max_conf_oxidation_pond']. At least one non-missing value is needed for imputation with strategy='median'.
  warnings.warn(
/work/GRDVULN/correction/.venv/lib64/python3.11/site-packages/sklearn/impute/_base.py:647: UserWarning: Skipping features without any observed values: ['od_max_conf_chlorine_contact' 'od_max_conf_drying_bed'
 'od_max_conf_oxidation_pond']. At least one non-missing value is needed for imputation with strategy='median'.
  warnings.warn(
/work/GRDVULN/correction/.venv/lib64/python3.11/site-packages/sklearn/impute/_base.py:647: UserWarning: Skipping features without any observed values: ['od_max_conf_chlorine_contact' 'od_max_conf_drying_bed'
 'od_max_conf_oxidation_pond']. At least one non-missing value is needed for imputation with strategy='median'.
  warnings.warn(
/work/GRDVULN/correction/.venv/lib64/python3.11/site-packages/sklearn/impute/_base.py:647: UserWarning: Skipping features without any observed values: ['od_max_conf_chlorine_contact' 'od_max_conf_drying_bed'
 'od_max_conf_oxidation_pond']. At least one non-missing value is needed for imputation with strategy='median'.
  warnings.warn(
/work/GRDVULN/correction/.venv/lib64/python3.11/site-packages/sklearn/impute/_base.py:647: UserWarning: Skipping features without any observed values: ['od_max_conf_chlorine_contact' 'od_max_conf_drying_bed'
 'od_max_conf_oxidation_pond']. At least one non-missing value is needed for imputation with strategy='median'.
  warnings.warn(
/work/GRDVULN/correction/.venv/lib64/python3.11/site-packages/sklearn/impute/_base.py:647: UserWarning: Skipping features without any observed values: ['od_max_conf_chlorine_contact' 'od_max_conf_drying_bed'
 'od_max_conf_oxidation_pond']. At least one non-missing value is needed for imputation with strategy='median'.
  warnings.warn(
/work/GRDVULN/correction/.venv/lib64/python3.11/site-packages/sklearn/impute/_base.py:647: UserWarning: Skipping features without any observed values: ['od_max_conf_chlorine_contact' 'od_max_conf_drying_bed'
 'od_max_conf_oxidation_pond']. At least one non-missing value is needed for imputation with strategy='median'.
  warnings.warn(
/work/GRDVULN/correction/.venv/lib64/python3.11/site-packages/sklearn/impute/_base.py:647: UserWarning: Skipping features without any observed values: ['od_max_conf_chlorine_contact' 'od_max_conf_drying_bed'
 'od_max_conf_oxidation_pond']. At least one non-missing value is needed for imputation with strategy='median'.
  warnings.warn(
/work/GRDVULN/correction/.venv/lib64/python3.11/site-packages/sklearn/impute/_base.py:647: UserWarning: Skipping features without any observed values: ['od_max_conf_chlorine_contact' 'od_max_conf_drying_bed'
 'od_max_conf_oxidation_pond']. At least one non-missing value is needed for imputation with strategy='median'.
  warnings.warn(
/work/GRDVULN/correction/.venv/lib64/python3.11/site-packages/sklearn/impute/_base.py:647: UserWarning: Skipping features without any observed values: ['od_max_conf_chlorine_contact' 'od_max_conf_drying_bed'
 'od_max_conf_oxidation_pond']. At least one non-missing value is needed for imputation with strategy='median'.
  warnings.warn(
/work/GRDVULN/correction/.venv/lib64/python3.11/site-packages/sklearn/impute/_base.py:647: UserWarning: Skipping features without any observed values: ['od_max_conf_chlorine_contact' 'od_max_conf_drying_bed'
 'od_max_conf_oxidation_pond']. At least one non-missing value is needed for imputation with strategy='median'.
  warnings.warn(
/work/GRDVULN/correction/.venv/lib64/python3.11/site-packages/sklearn/impute/_base.py:647: UserWarning: Skipping features without any observed values: ['od_max_conf_chlorine_contact' 'od_max_conf_drying_bed'
 'od_max_conf_oxidation_pond']. At least one non-missing value is needed for imputation with strategy='median'.
  warnings.warn(
/work/GRDVULN/correction/.venv/lib64/python3.11/site-packages/sklearn/impute/_base.py:647: UserWarning: Skipping features without any observed values: ['od_max_conf_chlorine_contact' 'od_max_conf_drying_bed'
 'od_max_conf_oxidation_pond']. At least one non-missing value is needed for imputation with strategy='median'.
  warnings.warn(
/work/GRDVULN/correction/.venv/lib64/python3.11/site-packages/sklearn/impute/_base.py:647: UserWarning: Skipping features without any observed values: ['od_max_conf_chlorine_contact' 'od_max_conf_drying_bed'
 'od_max_conf_oxidation_pond']. At least one non-missing value is needed for imputation with strategy='median'.
  warnings.warn(
/work/GRDVULN/correction/.venv/lib64/python3.11/site-packages/sklearn/impute/_base.py:647: UserWarning: Skipping features without any observed values: ['od_max_conf_chlorine_contact' 'od_max_conf_drying_bed'
 'od_max_conf_oxidation_pond']. At least one non-missing value is needed for imputation with strategy='median'.
  warnings.warn(
/work/GRDVULN/correction/.venv/lib64/python3.11/site-packages/sklearn/impute/_base.py:647: UserWarning: Skipping features without any observed values: ['od_max_conf_chlorine_contact' 'od_max_conf_drying_bed'
 'od_max_conf_oxidation_pond']. At least one non-missing value is needed for imputation with strategy='median'.
  warnings.warn(
/work/GRDVULN/correction/.venv/lib64/python3.11/site-packages/sklearn/impute/_base.py:647: UserWarning: Skipping features without any observed values: ['od_max_conf_chlorine_contact' 'od_max_conf_drying_bed'
 'od_max_conf_oxidation_pond']. At least one non-missing value is needed for imputation with strategy='median'.
  warnings.warn(
/work/GRDVULN/correction/.venv/lib64/python3.11/site-packages/sklearn/impute/_base.py:647: UserWarning: Skipping features without any observed values: ['od_max_conf_chlorine_contact' 'od_max_conf_drying_bed'
 'od_max_conf_oxidation_pond']. At least one non-missing value is needed for imputation with strategy='median'.
  warnings.warn(
/work/GRDVULN/correction/.venv/lib64/python3.11/site-packages/sklearn/impute/_base.py:647: UserWarning: Skipping features without any observed values: ['od_max_conf_chlorine_contact' 'od_max_conf_drying_bed'
 'od_max_conf_oxidation_pond']. At least one non-missing value is needed for imputation with strategy='median'.
  warnings.warn(
/work/GRDVULN/correction/.venv/lib64/python3.11/site-packages/sklearn/impute/_base.py:647: UserWarning: Skipping features without any observed values: ['od_max_conf_chlorine_contact' 'od_max_conf_drying_bed'
 'od_max_conf_oxidation_pond']. At least one non-missing value is needed for imputation with strategy='median'.
  warnings.warn(
/work/GRDVULN/correction/.venv/lib64/python3.11/site-packages/sklearn/impute/_base.py:647: UserWarning: Skipping features without any observed values: ['od_max_conf_chlorine_contact' 'od_max_conf_drying_bed'
 'od_max_conf_oxidation_pond']. At least one non-missing value is needed for imputation with strategy='median'.
  warnings.warn(
/work/GRDVULN/correction/.venv/lib64/python3.11/site-packages/sklearn/impute/_base.py:647: UserWarning: Skipping features without any observed values: ['od_max_conf_chlorine_contact' 'od_max_conf_drying_bed'
 'od_max_conf_oxidation_pond']. At least one non-missing value is needed for imputation with strategy='median'.
  warnings.warn(
/work/GRDVULN/correction/.venv/lib64/python3.11/site-packages/sklearn/impute/_base.py:647: UserWarning: Skipping features without any observed values: ['od_max_conf_chlorine_contact' 'od_max_conf_drying_bed'
 'od_max_conf_oxidation_pond']. At least one non-missing value is needed for imputation with strategy='median'.
  warnings.warn(
/work/GRDVULN/correction/.venv/lib64/python3.11/site-packages/sklearn/impute/_base.py:647: UserWarning: Skipping features without any observed values: ['od_max_conf_chlorine_contact' 'od_max_conf_drying_bed'
 'od_max_conf_oxidation_pond']. At least one non-missing value is needed for imputation with strategy='median'.
  warnings.warn(
/work/GRDVULN/correction/.venv/lib64/python3.11/site-packages/sklearn/impute/_base.py:647: UserWarning: Skipping features without any observed values: ['od_max_conf_chlorine_contact' 'od_max_conf_drying_bed'
 'od_max_conf_oxidation_pond']. At least one non-missing value is needed for imputation with strategy='median'.
  warnings.warn(
/work/GRDVULN/correction/.venv/lib64/python3.11/site-packages/sklearn/impute/_base.py:647: UserWarning: Skipping features without any observed values: ['od_max_conf_chlorine_contact' 'od_max_conf_drying_bed'
 'od_max_conf_oxidation_pond']. At least one non-missing value is needed for imputation with strategy='median'.
  warnings.warn(
/work/GRDVULN/correction/.venv/lib64/python3.11/site-packages/sklearn/impute/_base.py:647: UserWarning: Skipping features without any observed values: ['od_max_conf_chlorine_contact' 'od_max_conf_drying_bed'
 'od_max_conf_oxidation_pond']. At least one non-missing value is needed for imputation with strategy='median'.
  warnings.warn(
/work/GRDVULN/correction/.venv/lib64/python3.11/site-packages/sklearn/impute/_base.py:647: UserWarning: Skipping features without any observed values: ['od_max_conf_chlorine_contact' 'od_max_conf_drying_bed'
 'od_max_conf_oxidation_pond']. At least one non-missing value is needed for imputation with strategy='median'.
  warnings.warn(
/work/GRDVULN/correction/.venv/lib64/python3.11/site-packages/sklearn/impute/_base.py:647: UserWarning: Skipping features without any observed values: ['od_max_conf_chlorine_contact' 'od_max_conf_drying_bed'
 'od_max_conf_oxidation_pond']. At least one non-missing value is needed for imputation with strategy='median'.
  warnings.warn(
/work/GRDVULN/correction/.venv/lib64/python3.11/site-packages/sklearn/impute/_base.py:647: UserWarning: Skipping features without any observed values: ['od_max_conf_chlorine_contact' 'od_max_conf_drying_bed'
 'od_max_conf_oxidation_pond']. At least one non-missing value is needed for imputation with strategy='median'.
  warnings.warn(
/work/GRDVULN/correction/.venv/lib64/python3.11/site-packages/sklearn/impute/_base.py:647: UserWarning: Skipping features without any observed values: ['od_max_conf_chlorine_contact' 'od_max_conf_drying_bed'
 'od_max_conf_oxidation_pond']. At least one non-missing value is needed for imputation with strategy='median'.
  warnings.warn(
/work/GRDVULN/correction/.venv/lib64/python3.11/site-packages/sklearn/impute/_base.py:647: UserWarning: Skipping features without any observed values: ['od_max_conf_chlorine_contact' 'od_max_conf_drying_bed'
 'od_max_conf_oxidation_pond']. At least one non-missing value is needed for imputation with strategy='median'.
  warnings.warn(
/work/GRDVULN/correction/.venv/lib64/python3.11/site-packages/sklearn/impute/_base.py:647: UserWarning: Skipping features without any observed values: ['od_max_conf_chlorine_contact' 'od_max_conf_drying_bed'
 'od_max_conf_oxidation_pond']. At least one non-missing value is needed for imputation with strategy='median'.
  warnings.warn(
/work/GRDVULN/correction/.venv/lib64/python3.11/site-packages/sklearn/impute/_base.py:647: UserWarning: Skipping features without any observed values: ['od_max_conf_chlorine_contact' 'od_max_conf_drying_bed'
 'od_max_conf_oxidation_pond']. At least one non-missing value is needed for imputation with strategy='median'.
  warnings.warn(
/work/GRDVULN/correction/.venv/lib64/python3.11/site-packages/sklearn/impute/_base.py:647: UserWarning: Skipping features without any observed values: ['od_max_conf_chlorine_contact' 'od_max_conf_drying_bed'
 'od_max_conf_oxidation_pond']. At least one non-missing value is needed for imputation with strategy='median'.
  warnings.warn(
/work/GRDVULN/correction/.venv/lib64/python3.11/site-packages/sklearn/impute/_base.py:647: UserWarning: Skipping features without any observed values: ['od_max_conf_chlorine_contact' 'od_max_conf_drying_bed'
 'od_max_conf_oxidation_pond']. At least one non-missing value is needed for imputation with strategy='median'.
  warnings.warn(
/work/GRDVULN/correction/.venv/lib64/python3.11/site-packages/sklearn/impute/_base.py:647: UserWarning: Skipping features without any observed values: ['od_max_conf_chlorine_contact' 'od_max_conf_drying_bed'
 'od_max_conf_oxidation_pond']. At least one non-missing value is needed for imputation with strategy='median'.
  warnings.warn(
/work/GRDVULN/correction/.venv/lib64/python3.11/site-packages/sklearn/impute/_base.py:647: UserWarning: Skipping features without any observed values: ['od_max_conf_chlorine_contact' 'od_max_conf_drying_bed'
 'od_max_conf_oxidation_pond']. At least one non-missing value is needed for imputation with strategy='median'.
  warnings.warn(
/work/GRDVULN/correction/.venv/lib64/python3.11/site-packages/sklearn/impute/_base.py:647: UserWarning: Skipping features without any observed values: ['od_max_conf_chlorine_contact' 'od_max_conf_drying_bed'
 'od_max_conf_oxidation_pond']. At least one non-missing value is needed for imputation with strategy='median'.
  warnings.warn(
/work/GRDVULN/correction/.venv/lib64/python3.11/site-packages/sklearn/impute/_base.py:647: UserWarning: Skipping features without any observed values: ['od_max_conf_chlorine_contact' 'od_max_conf_drying_bed'
 'od_max_conf_oxidation_pond']. At least one non-missing value is needed for imputation with strategy='median'.
  warnings.warn(
/work/GRDVULN/correction/.venv/lib64/python3.11/site-packages/sklearn/impute/_base.py:647: UserWarning: Skipping features without any observed values: ['od_max_conf_chlorine_contact' 'od_max_conf_drying_bed'
 'od_max_conf_oxidation_pond']. At least one non-missing value is needed for imputation with strategy='median'.
  warnings.warn(
/work/GRDVULN/correction/.venv/lib64/python3.11/site-packages/sklearn/impute/_base.py:647: UserWarning: Skipping features without any observed values: ['od_max_conf_chlorine_contact' 'od_max_conf_drying_bed'
 'od_max_conf_oxidation_pond']. At least one non-missing value is needed for imputation with strategy='median'.
  warnings.warn(
/work/GRDVULN/correction/.venv/lib64/python3.11/site-packages/sklearn/impute/_base.py:647: UserWarning: Skipping features without any observed values: ['od_max_conf_chlorine_contact' 'od_max_conf_drying_bed'
 'od_max_conf_oxidation_pond']. At least one non-missing value is needed for imputation with strategy='median'.
  warnings.warn(
/work/GRDVULN/correction/.venv/lib64/python3.11/site-packages/sklearn/impute/_base.py:647: UserWarning: Skipping features without any observed values: ['od_max_conf_chlorine_contact' 'od_max_conf_drying_bed'
 'od_max_conf_oxidation_pond']. At least one non-missing value is needed for imputation with strategy='median'.
  warnings.warn(
/work/GRDVULN/correction/.venv/lib64/python3.11/site-packages/sklearn/impute/_base.py:647: UserWarning: Skipping features without any observed values: ['od_max_conf_chlorine_contact' 'od_max_conf_drying_bed'
 'od_max_conf_oxidation_pond']. At least one non-missing value is needed for imputation with strategy='median'.
  warnings.warn(
/work/GRDVULN/correction/.venv/lib64/python3.11/site-packages/sklearn/impute/_base.py:647: UserWarning: Skipping features without any observed values: ['od_max_conf_chlorine_contact' 'od_max_conf_drying_bed'
 'od_max_conf_oxidation_pond']. At least one non-missing value is needed for imputation with strategy='median'.
  warnings.warn(
/work/GRDVULN/correction/.venv/lib64/python3.11/site-packages/sklearn/impute/_base.py:647: UserWarning: Skipping features without any observed values: ['od_max_conf_chlorine_contact' 'od_max_conf_drying_bed'
 'od_max_conf_oxidation_pond']. At least one non-missing value is needed for imputation with strategy='median'.
  warnings.warn(
/work/GRDVULN/correction/.venv/lib64/python3.11/site-packages/sklearn/impute/_base.py:647: UserWarning: Skipping features without any observed values: ['od_max_conf_chlorine_contact' 'od_max_conf_drying_bed'
 'od_max_conf_oxidation_pond']. At least one non-missing value is needed for imputation with strategy='median'.
  warnings.warn(
/work/GRDVULN/correction/.venv/lib64/python3.11/site-packages/sklearn/impute/_base.py:647: UserWarning: Skipping features without any observed values: ['od_max_conf_chlorine_contact' 'od_max_conf_drying_bed'
 'od_max_conf_oxidation_pond']. At least one non-missing value is needed for imputation with strategy='median'.
  warnings.warn(
/work/GRDVULN/correction/.venv/lib64/python3.11/site-packages/sklearn/impute/_base.py:647: UserWarning: Skipping features without any observed values: ['od_max_conf_chlorine_contact' 'od_max_conf_drying_bed'
 'od_max_conf_oxidation_pond']. At least one non-missing value is needed for imputation with strategy='median'.
  warnings.warn(
/work/GRDVULN/correction/.venv/lib64/python3.11/site-packages/sklearn/impute/_base.py:647: UserWarning: Skipping features without any observed values: ['od_max_conf_chlorine_contact' 'od_max_conf_drying_bed'
 'od_max_conf_oxidation_pond']. At least one non-missing value is needed for imputation with strategy='median'.
  warnings.warn(
/work/GRDVULN/correction/.venv/lib64/python3.11/site-packages/sklearn/impute/_base.py:647: UserWarning: Skipping features without any observed values: ['od_max_conf_chlorine_contact' 'od_max_conf_drying_bed'
 'od_max_conf_oxidation_pond']. At least one non-missing value is needed for imputation with strategy='median'.
  warnings.warn(
/work/GRDVULN/correction/.venv/lib64/python3.11/site-packages/sklearn/impute/_base.py:647: UserWarning: Skipping features without any observed values: ['od_max_conf_chlorine_contact' 'od_max_conf_drying_bed'
 'od_max_conf_oxidation_pond']. At least one non-missing value is needed for imputation with strategy='median'.
  warnings.warn(
/work/GRDVULN/correction/.venv/lib64/python3.11/site-packages/sklearn/impute/_base.py:647: UserWarning: Skipping features without any observed values: ['od_max_conf_chlorine_contact' 'od_max_conf_drying_bed'
 'od_max_conf_oxidation_pond']. At least one non-missing value is needed for imputation with strategy='median'.
  warnings.warn(
/work/GRDVULN/correction/.venv/lib64/python3.11/site-packages/sklearn/impute/_base.py:647: UserWarning: Skipping features without any observed values: ['od_max_conf_chlorine_contact' 'od_max_conf_drying_bed'
 'od_max_conf_oxidation_pond']. At least one non-missing value is needed for imputation with strategy='median'.
  warnings.warn(
/work/GRDVULN/correction/.venv/lib64/python3.11/site-packages/sklearn/impute/_base.py:647: UserWarning: Skipping features without any observed values: ['od_max_conf_chlorine_contact' 'od_max_conf_drying_bed'
 'od_max_conf_oxidation_pond']. At least one non-missing value is needed for imputation with strategy='median'.
  warnings.warn(
/work/GRDVULN/correction/.venv/lib64/python3.11/site-packages/sklearn/impute/_base.py:647: UserWarning: Skipping features without any observed values: ['od_max_conf_chlorine_contact' 'od_max_conf_drying_bed'
 'od_max_conf_oxidation_pond']. At least one non-missing value is needed for imputation with strategy='median'.
  warnings.warn(
/work/GRDVULN/correction/.venv/lib64/python3.11/site-packages/sklearn/impute/_base.py:647: UserWarning: Skipping features without any observed values: ['od_max_conf_chlorine_contact' 'od_max_conf_drying_bed'
 'od_max_conf_oxidation_pond']. At least one non-missing value is needed for imputation with strategy='median'.
  warnings.warn(
/work/GRDVULN/correction/.venv/lib64/python3.11/site-packages/sklearn/impute/_base.py:647: UserWarning: Skipping features without any observed values: ['od_max_conf_chlorine_contact' 'od_max_conf_drying_bed'
 'od_max_conf_oxidation_pond']. At least one non-missing value is needed for imputation with strategy='median'.
  warnings.warn(
/work/GRDVULN/correction/.venv/lib64/python3.11/site-packages/sklearn/impute/_base.py:647: UserWarning: Skipping features without any observed values: ['od_max_conf_chlorine_contact' 'od_max_conf_drying_bed'
 'od_max_conf_oxidation_pond']. At least one non-missing value is needed for imputation with strategy='median'.
  warnings.warn(
/work/GRDVULN/correction/.venv/lib64/python3.11/site-packages/sklearn/impute/_base.py:647: UserWarning: Skipping features without any observed values: ['od_max_conf_chlorine_contact' 'od_max_conf_drying_bed'
 'od_max_conf_oxidation_pond']. At least one non-missing value is needed for imputation with strategy='median'.
  warnings.warn(
/work/GRDVULN/correction/.venv/lib64/python3.11/site-packages/sklearn/impute/_base.py:647: UserWarning: Skipping features without any observed values: ['od_max_conf_chlorine_contact' 'od_max_conf_drying_bed'
 'od_max_conf_oxidation_pond']. At least one non-missing value is needed for imputation with strategy='median'.
  warnings.warn(
/work/GRDVULN/correction/.venv/lib64/python3.11/site-packages/sklearn/impute/_base.py:647: UserWarning: Skipping features without any observed values: ['od_max_conf_chlorine_contact' 'od_max_conf_drying_bed'
 'od_max_conf_oxidation_pond']. At least one non-missing value is needed for imputation with strategy='median'.
  warnings.warn(
/work/GRDVULN/correction/.venv/lib64/python3.11/site-packages/sklearn/impute/_base.py:647: UserWarning: Skipping features without any observed values: ['od_max_conf_chlorine_contact' 'od_max_conf_drying_bed'
 'od_max_conf_oxidation_pond']. At least one non-missing value is needed for imputation with strategy='median'.
  warnings.warn(
/work/GRDVULN/correction/.venv/lib64/python3.11/site-packages/sklearn/impute/_base.py:647: UserWarning: Skipping features without any observed values: ['od_max_conf_chlorine_contact' 'od_max_conf_drying_bed'
 'od_max_conf_oxidation_pond']. At least one non-missing value is needed for imputation with strategy='median'.
  warnings.warn(
/work/GRDVULN/correction/.venv/lib64/python3.11/site-packages/sklearn/impute/_base.py:647: UserWarning: Skipping features without any observed values: ['od_max_conf_chlorine_contact' 'od_max_conf_drying_bed'
 'od_max_conf_oxidation_pond']. At least one non-missing value is needed for imputation with strategy='median'.
  warnings.warn(
/work/GRDVULN/correction/.venv/lib64/python3.11/site-packages/sklearn/impute/_base.py:647: UserWarning: Skipping features without any observed values: ['od_max_conf_chlorine_contact' 'od_max_conf_drying_bed'
 'od_max_conf_oxidation_pond']. At least one non-missing value is needed for imputation with strategy='median'.
  warnings.warn(
/work/GRDVULN/correction/.venv/lib64/python3.11/site-packages/sklearn/impute/_base.py:647: UserWarning: Skipping features without any observed values: ['od_max_conf_chlorine_contact' 'od_max_conf_drying_bed'
 'od_max_conf_oxidation_pond']. At least one non-missing value is needed for imputation with strategy='median'.
  warnings.warn(
/work/GRDVULN/correction/.venv/lib64/python3.11/site-packages/sklearn/impute/_base.py:647: UserWarning: Skipping features without any observed values: ['od_max_conf_chlorine_contact' 'od_max_conf_drying_bed'
 'od_max_conf_oxidation_pond']. At least one non-missing value is needed for imputation with strategy='median'.
  warnings.warn(
/work/GRDVULN/correction/.venv/lib64/python3.11/site-packages/sklearn/impute/_base.py:647: UserWarning: Skipping features without any observed values: ['od_max_conf_chlorine_contact' 'od_max_conf_drying_bed'
 'od_max_conf_oxidation_pond']. At least one non-missing value is needed for imputation with strategy='median'.
  warnings.warn(
/work/GRDVULN/correction/.venv/lib64/python3.11/site-packages/sklearn/impute/_base.py:647: UserWarning: Skipping features without any observed values: ['od_max_conf_chlorine_contact' 'od_max_conf_drying_bed'
 'od_max_conf_oxidation_pond']. At least one non-missing value is needed for imputation with strategy='median'.
  warnings.warn(
/work/GRDVULN/correction/.venv/lib64/python3.11/site-packages/sklearn/impute/_base.py:647: UserWarning: Skipping features without any observed values: ['od_max_conf_chlorine_contact' 'od_max_conf_drying_bed'
 'od_max_conf_oxidation_pond']. At least one non-missing value is needed for imputation with strategy='median'.
  warnings.warn(
/work/GRDVULN/correction/.venv/lib64/python3.11/site-packages/sklearn/impute/_base.py:647: UserWarning: Skipping features without any observed values: ['od_max_conf_chlorine_contact' 'od_max_conf_drying_bed'
 'od_max_conf_oxidation_pond']. At least one non-missing value is needed for imputation with strategy='median'.
  warnings.warn(
/work/GRDVULN/correction/.venv/lib64/python3.11/site-packages/sklearn/impute/_base.py:647: UserWarning: Skipping features without any observed values: ['od_max_conf_chlorine_contact' 'od_max_conf_drying_bed'
 'od_max_conf_oxidation_pond']. At least one non-missing value is needed for imputation with strategy='median'.
  warnings.warn(
/work/GRDVULN/correction/.venv/lib64/python3.11/site-packages/sklearn/impute/_base.py:647: UserWarning: Skipping features without any observed values: ['od_max_conf_chlorine_contact' 'od_max_conf_drying_bed'
 'od_max_conf_oxidation_pond']. At least one non-missing value is needed for imputation with strategy='median'.
  warnings.warn(
/work/GRDVULN/correction/.venv/lib64/python3.11/site-packages/sklearn/impute/_base.py:647: UserWarning: Skipping features without any observed values: ['od_max_conf_chlorine_contact' 'od_max_conf_drying_bed'
 'od_max_conf_oxidation_pond']. At least one non-missing value is needed for imputation with strategy='median'.
  warnings.warn(
/work/GRDVULN/correction/.venv/lib64/python3.11/site-packages/sklearn/impute/_base.py:647: UserWarning: Skipping features without any observed values: ['od_max_conf_chlorine_contact' 'od_max_conf_drying_bed'
 'od_max_conf_oxidation_pond']. At least one non-missing value is needed for imputation with strategy='median'.
  warnings.warn(
/work/GRDVULN/correction/.venv/lib64/python3.11/site-packages/sklearn/impute/_base.py:647: UserWarning: Skipping features without any observed values: ['od_max_conf_chlorine_contact' 'od_max_conf_drying_bed'
 'od_max_conf_oxidation_pond']. At least one non-missing value is needed for imputation with strategy='median'.
  warnings.warn(
/work/GRDVULN/correction/.venv/lib64/python3.11/site-packages/sklearn/impute/_base.py:647: UserWarning: Skipping features without any observed values: ['od_max_conf_chlorine_contact' 'od_max_conf_drying_bed'
 'od_max_conf_oxidation_pond']. At least one non-missing value is needed for imputation with strategy='median'.
  warnings.warn(
/work/GRDVULN/correction/.venv/lib64/python3.11/site-packages/sklearn/impute/_base.py:647: UserWarning: Skipping features without any observed values: ['od_max_conf_chlorine_contact' 'od_max_conf_drying_bed'
 'od_max_conf_oxidation_pond']. At least one non-missing value is needed for imputation with strategy='median'.
  warnings.warn(
/work/GRDVULN/correction/.venv/lib64/python3.11/site-packages/sklearn/impute/_base.py:647: UserWarning: Skipping features without any observed values: ['od_max_conf_chlorine_contact' 'od_max_conf_drying_bed'
 'od_max_conf_oxidation_pond']. At least one non-missing value is needed for imputation with strategy='median'.
  warnings.warn(
/work/GRDVULN/correction/.venv/lib64/python3.11/site-packages/sklearn/impute/_base.py:647: UserWarning: Skipping features without any observed values: ['od_max_conf_chlorine_contact' 'od_max_conf_drying_bed'
 'od_max_conf_oxidation_pond']. At least one non-missing value is needed for imputation with strategy='median'.
  warnings.warn(
/work/GRDVULN/correction/.venv/lib64/python3.11/site-packages/sklearn/impute/_base.py:647: UserWarning: Skipping features without any observed values: ['od_max_conf_chlorine_contact' 'od_max_conf_drying_bed'
 'od_max_conf_oxidation_pond']. At least one non-missing value is needed for imputation with strategy='median'.
  warnings.warn(
/work/GRDVULN/correction/.venv/lib64/python3.11/site-packages/sklearn/impute/_base.py:647: UserWarning: Skipping features without any observed values: ['od_max_conf_chlorine_contact' 'od_max_conf_drying_bed'
 'od_max_conf_oxidation_pond']. At least one non-missing value is needed for imputation with strategy='median'.
  warnings.warn(
/work/GRDVULN/correction/.venv/lib64/python3.11/site-packages/sklearn/impute/_base.py:647: UserWarning: Skipping features without any observed values: ['od_max_conf_chlorine_contact' 'od_max_conf_drying_bed'
 'od_max_conf_oxidation_pond']. At least one non-missing value is needed for imputation with strategy='median'.
  warnings.warn(
/work/GRDVULN/correction/.venv/lib64/python3.11/site-packages/sklearn/impute/_base.py:647: UserWarning: Skipping features without any observed values: ['od_max_conf_chlorine_contact' 'od_max_conf_drying_bed'
 'od_max_conf_oxidation_pond']. At least one non-missing value is needed for imputation with strategy='median'.
  warnings.warn(
/work/GRDVULN/correction/.venv/lib64/python3.11/site-packages/sklearn/impute/_base.py:647: UserWarning: Skipping features without any observed values: ['od_max_conf_chlorine_contact' 'od_max_conf_drying_bed'
 'od_max_conf_oxidation_pond']. At least one non-missing value is needed for imputation with strategy='median'.
  warnings.warn(
/work/GRDVULN/correction/.venv/lib64/python3.11/site-packages/sklearn/impute/_base.py:647: UserWarning: Skipping features without any observed values: ['od_max_conf_chlorine_contact' 'od_max_conf_drying_bed'
 'od_max_conf_oxidation_pond']. At least one non-missing value is needed for imputation with strategy='median'.
  warnings.warn(
/work/GRDVULN/correction/.venv/lib64/python3.11/site-packages/sklearn/impute/_base.py:647: UserWarning: Skipping features without any observed values: ['od_max_conf_chlorine_contact' 'od_max_conf_drying_bed'
 'od_max_conf_oxidation_pond']. At least one non-missing value is needed for imputation with strategy='median'.
  warnings.warn(
/work/GRDVULN/correction/.venv/lib64/python3.11/site-packages/sklearn/impute/_base.py:647: UserWarning: Skipping features without any observed values: ['od_max_conf_chlorine_contact' 'od_max_conf_drying_bed'
 'od_max_conf_oxidation_pond']. At least one non-missing value is needed for imputation with strategy='median'.
  warnings.warn(
/work/GRDVULN/correction/.venv/lib64/python3.11/site-packages/sklearn/impute/_base.py:647: UserWarning: Skipping features without any observed values: ['od_max_conf_chlorine_contact' 'od_max_conf_drying_bed'
 'od_max_conf_oxidation_pond']. At least one non-missing value is needed for imputation with strategy='median'.
  warnings.warn(
/work/GRDVULN/correction/.venv/lib64/python3.11/site-packages/sklearn/impute/_base.py:647: UserWarning: Skipping features without any observed values: ['od_max_conf_chlorine_contact' 'od_max_conf_drying_bed'
 'od_max_conf_oxidation_pond']. At least one non-missing value is needed for imputation with strategy='median'.
  warnings.warn(
/work/GRDVULN/correction/.venv/lib64/python3.11/site-packages/sklearn/impute/_base.py:647: UserWarning: Skipping features without any observed values: ['od_max_conf_chlorine_contact' 'od_max_conf_drying_bed'
 'od_max_conf_oxidation_pond']. At least one non-missing value is needed for imputation with strategy='median'.
  warnings.warn(
/work/GRDVULN/correction/.venv/lib64/python3.11/site-packages/sklearn/impute/_base.py:647: UserWarning: Skipping features without any observed values: ['od_max_conf_chlorine_contact' 'od_max_conf_drying_bed'
 'od_max_conf_oxidation_pond']. At least one non-missing value is needed for imputation with strategy='median'.
  warnings.warn(
/work/GRDVULN/correction/.venv/lib64/python3.11/site-packages/sklearn/impute/_base.py:647: UserWarning: Skipping features without any observed values: ['od_max_conf_chlorine_contact' 'od_max_conf_drying_bed'
 'od_max_conf_oxidation_pond']. At least one non-missing value is needed for imputation with strategy='median'.
  warnings.warn(
/work/GRDVULN/correction/.venv/lib64/python3.11/site-packages/sklearn/impute/_base.py:647: UserWarning: Skipping features without any observed values: ['od_max_conf_chlorine_contact' 'od_max_conf_drying_bed'
 'od_max_conf_oxidation_pond']. At least one non-missing value is needed for imputation with strategy='median'.
  warnings.warn(
/work/GRDVULN/correction/.venv/lib64/python3.11/site-packages/sklearn/impute/_base.py:647: UserWarning: Skipping features without any observed values: ['od_max_conf_chlorine_contact' 'od_max_conf_drying_bed'
 'od_max_conf_oxidation_pond']. At least one non-missing value is needed for imputation with strategy='median'.
  warnings.warn(
/work/GRDVULN/correction/.venv/lib64/python3.11/site-packages/sklearn/impute/_base.py:647: UserWarning: Skipping features without any observed values: ['od_max_conf_chlorine_contact' 'od_max_conf_drying_bed'
 'od_max_conf_oxidation_pond']. At least one non-missing value is needed for imputation with strategy='median'.
  warnings.warn(
/work/GRDVULN/correction/.venv/lib64/python3.11/site-packages/sklearn/impute/_base.py:647: UserWarning: Skipping features without any observed values: ['od_max_conf_chlorine_contact' 'od_max_conf_drying_bed'
 'od_max_conf_oxidation_pond']. At least one non-missing value is needed for imputation with strategy='median'.
  warnings.warn(
/work/GRDVULN/correction/.venv/lib64/python3.11/site-packages/sklearn/impute/_base.py:647: UserWarning: Skipping features without any observed values: ['od_max_conf_chlorine_contact' 'od_max_conf_drying_bed'
 'od_max_conf_oxidation_pond']. At least one non-missing value is needed for imputation with strategy='median'.
  warnings.warn(
/work/GRDVULN/correction/.venv/lib64/python3.11/site-packages/sklearn/impute/_base.py:647: UserWarning: Skipping features without any observed values: ['od_max_conf_chlorine_contact' 'od_max_conf_drying_bed'
 'od_max_conf_oxidation_pond']. At least one non-missing value is needed for imputation with strategy='median'.
  warnings.warn(
/work/GRDVULN/correction/.venv/lib64/python3.11/site-packages/sklearn/impute/_base.py:647: UserWarning: Skipping features without any observed values: ['od_max_conf_chlorine_contact' 'od_max_conf_drying_bed'
 'od_max_conf_oxidation_pond']. At least one non-missing value is needed for imputation with strategy='median'.
  warnings.warn(
/work/GRDVULN/correction/.venv/lib64/python3.11/site-packages/sklearn/impute/_base.py:647: UserWarning: Skipping features without any observed values: ['od_max_conf_chlorine_contact' 'od_max_conf_drying_bed'
 'od_max_conf_oxidation_pond']. At least one non-missing value is needed for imputation with strategy='median'.
  warnings.warn(
/work/GRDVULN/correction/.venv/lib64/python3.11/site-packages/sklearn/impute/_base.py:647: UserWarning: Skipping features without any observed values: ['od_max_conf_chlorine_contact' 'od_max_conf_drying_bed'
 'od_max_conf_oxidation_pond']. At least one non-missing value is needed for imputation with strategy='median'.
  warnings.warn(
/work/GRDVULN/correction/.venv/lib64/python3.11/site-packages/sklearn/impute/_base.py:647: UserWarning: Skipping features without any observed values: ['od_max_conf_chlorine_contact' 'od_max_conf_drying_bed'
 'od_max_conf_oxidation_pond']. At least one non-missing value is needed for imputation with strategy='median'.
  warnings.warn(
/work/GRDVULN/correction/.venv/lib64/python3.11/site-packages/sklearn/impute/_base.py:647: UserWarning: Skipping features without any observed values: ['od_max_conf_chlorine_contact' 'od_max_conf_drying_bed'
 'od_max_conf_oxidation_pond']. At least one non-missing value is needed for imputation with strategy='median'.
  warnings.warn(
/work/GRDVULN/correction/.venv/lib64/python3.11/site-packages/sklearn/impute/_base.py:647: UserWarning: Skipping features without any observed values: ['od_max_conf_chlorine_contact' 'od_max_conf_drying_bed'
 'od_max_conf_oxidation_pond']. At least one non-missing value is needed for imputation with strategy='median'.
  warnings.warn(
/work/GRDVULN/correction/.venv/lib64/python3.11/site-packages/sklearn/impute/_base.py:647: UserWarning: Skipping features without any observed values: ['od_max_conf_chlorine_contact' 'od_max_conf_drying_bed'
 'od_max_conf_oxidation_pond']. At least one non-missing value is needed for imputation with strategy='median'.
  warnings.warn(
/work/GRDVULN/correction/.venv/lib64/python3.11/site-packages/sklearn/impute/_base.py:647: UserWarning: Skipping features without any observed values: ['od_max_conf_chlorine_contact' 'od_max_conf_drying_bed'
 'od_max_conf_oxidation_pond']. At least one non-missing value is needed for imputation with strategy='median'.
  warnings.warn(
/work/GRDVULN/correction/.venv/lib64/python3.11/site-packages/sklearn/impute/_base.py:647: UserWarning: Skipping features without any observed values: ['od_max_conf_chlorine_contact' 'od_max_conf_drying_bed'
 'od_max_conf_oxidation_pond']. At least one non-missing value is needed for imputation with strategy='median'.
  warnings.warn(
/work/GRDVULN/correction/.venv/lib64/python3.11/site-packages/sklearn/impute/_base.py:647: UserWarning: Skipping features without any observed values: ['od_max_conf_chlorine_contact' 'od_max_conf_drying_bed'
 'od_max_conf_oxidation_pond']. At least one non-missing value is needed for imputation with strategy='median'.
  warnings.warn(
/work/GRDVULN/correction/.venv/lib64/python3.11/site-packages/sklearn/impute/_base.py:647: UserWarning: Skipping features without any observed values: ['od_max_conf_chlorine_contact' 'od_max_conf_drying_bed'
 'od_max_conf_oxidation_pond']. At least one non-missing value is needed for imputation with strategy='median'.
  warnings.warn(
/work/GRDVULN/correction/.venv/lib64/python3.11/site-packages/sklearn/impute/_base.py:647: UserWarning: Skipping features without any observed values: ['od_max_conf_chlorine_contact' 'od_max_conf_drying_bed'
 'od_max_conf_oxidation_pond']. At least one non-missing value is needed for imputation with strategy='median'.
  warnings.warn(
/work/GRDVULN/correction/.venv/lib64/python3.11/site-packages/sklearn/impute/_base.py:647: UserWarning: Skipping features without any observed values: ['od_max_conf_chlorine_contact' 'od_max_conf_drying_bed'
 'od_max_conf_oxidation_pond']. At least one non-missing value is needed for imputation with strategy='median'.
  warnings.warn(
/work/GRDVULN/correction/.venv/lib64/python3.11/site-packages/sklearn/impute/_base.py:647: UserWarning: Skipping features without any observed values: ['od_max_conf_chlorine_contact' 'od_max_conf_drying_bed'
 'od_max_conf_oxidation_pond']. At least one non-missing value is needed for imputation with strategy='median'.
  warnings.warn(
/work/GRDVULN/correction/.venv/lib64/python3.11/site-packages/sklearn/impute/_base.py:647: UserWarning: Skipping features without any observed values: ['od_max_conf_chlorine_contact' 'od_max_conf_drying_bed'
 'od_max_conf_oxidation_pond']. At least one non-missing value is needed for imputation with strategy='median'.
  warnings.warn(
/work/GRDVULN/correction/.venv/lib64/python3.11/site-packages/sklearn/impute/_base.py:647: UserWarning: Skipping features without any observed values: ['od_max_conf_chlorine_contact' 'od_max_conf_drying_bed'
 'od_max_conf_oxidation_pond']. At least one non-missing value is needed for imputation with strategy='median'.
  warnings.warn(
/work/GRDVULN/correction/.venv/lib64/python3.11/site-packages/sklearn/impute/_base.py:647: UserWarning: Skipping features without any observed values: ['od_max_conf_chlorine_contact' 'od_max_conf_drying_bed'
 'od_max_conf_oxidation_pond']. At least one non-missing value is needed for imputation with strategy='median'.
  warnings.warn(
/work/GRDVULN/correction/.venv/lib64/python3.11/site-packages/sklearn/impute/_base.py:647: UserWarning: Skipping features without any observed values: ['od_max_conf_chlorine_contact' 'od_max_conf_drying_bed'
 'od_max_conf_oxidation_pond']. At least one non-missing value is needed for imputation with strategy='median'.
  warnings.warn(
/work/GRDVULN/correction/.venv/lib64/python3.11/site-packages/sklearn/impute/_base.py:647: UserWarning: Skipping features without any observed values: ['od_max_conf_chlorine_contact' 'od_max_conf_drying_bed'
 'od_max_conf_oxidation_pond']. At least one non-missing value is needed for imputation with strategy='median'.
  warnings.warn(
/work/GRDVULN/correction/.venv/lib64/python3.11/site-packages/sklearn/impute/_base.py:647: UserWarning: Skipping features without any observed values: ['od_max_conf_chlorine_contact' 'od_max_conf_drying_bed'
 'od_max_conf_oxidation_pond']. At least one non-missing value is needed for imputation with strategy='median'.
  warnings.warn(
/work/GRDVULN/correction/.venv/lib64/python3.11/site-packages/sklearn/impute/_base.py:647: UserWarning: Skipping features without any observed values: ['od_max_conf_chlorine_contact' 'od_max_conf_drying_bed'
 'od_max_conf_oxidation_pond']. At least one non-missing value is needed for imputation with strategy='median'.
  warnings.warn(
/work/GRDVULN/correction/.venv/lib64/python3.11/site-packages/sklearn/impute/_base.py:647: UserWarning: Skipping features without any observed values: ['od_max_conf_chlorine_contact' 'od_max_conf_drying_bed'
 'od_max_conf_oxidation_pond']. At least one non-missing value is needed for imputation with strategy='median'.
  warnings.warn(
/work/GRDVULN/correction/.venv/lib64/python3.11/site-packages/sklearn/impute/_base.py:647: UserWarning: Skipping features without any observed values: ['od_max_conf_chlorine_contact' 'od_max_conf_drying_bed'
 'od_max_conf_oxidation_pond']. At least one non-missing value is needed for imputation with strategy='median'.
  warnings.warn(
/work/GRDVULN/correction/.venv/lib64/python3.11/site-packages/sklearn/impute/_base.py:647: UserWarning: Skipping features without any observed values: ['od_max_conf_chlorine_contact' 'od_max_conf_drying_bed'
 'od_max_conf_oxidation_pond']. At least one non-missing value is needed for imputation with strategy='median'.
  warnings.warn(
/work/GRDVULN/correction/.venv/lib64/python3.11/site-packages/sklearn/impute/_base.py:647: UserWarning: Skipping features without any observed values: ['od_max_conf_chlorine_contact' 'od_max_conf_drying_bed'
 'od_max_conf_oxidation_pond']. At least one non-missing value is needed for imputation with strategy='median'.
  warnings.warn(
/work/GRDVULN/correction/.venv/lib64/python3.11/site-packages/sklearn/impute/_base.py:647: UserWarning: Skipping features without any observed values: ['od_max_conf_chlorine_contact' 'od_max_conf_drying_bed'
 'od_max_conf_oxidation_pond']. At least one non-missing value is needed for imputation with strategy='median'.
  warnings.warn(
/work/GRDVULN/correction/.venv/lib64/python3.11/site-packages/sklearn/impute/_base.py:647: UserWarning: Skipping features without any observed values: ['od_max_conf_chlorine_contact' 'od_max_conf_drying_bed'
 'od_max_conf_oxidation_pond']. At least one non-missing value is needed for imputation with strategy='median'.
  warnings.warn(
/work/GRDVULN/correction/.venv/lib64/python3.11/site-packages/sklearn/impute/_base.py:647: UserWarning: Skipping features without any observed values: ['od_max_conf_chlorine_contact' 'od_max_conf_drying_bed'
 'od_max_conf_oxidation_pond']. At least one non-missing value is needed for imputation with strategy='median'.
  warnings.warn(
/work/GRDVULN/correction/.venv/lib64/python3.11/site-packages/sklearn/impute/_base.py:647: UserWarning: Skipping features without any observed values: ['od_max_conf_chlorine_contact' 'od_max_conf_drying_bed'
 'od_max_conf_oxidation_pond']. At least one non-missing value is needed for imputation with strategy='median'.
  warnings.warn(
/work/GRDVULN/correction/.venv/lib64/python3.11/site-packages/sklearn/impute/_base.py:647: UserWarning: Skipping features without any observed values: ['od_max_conf_chlorine_contact' 'od_max_conf_drying_bed'
 'od_max_conf_oxidation_pond']. At least one non-missing value is needed for imputation with strategy='median'.
  warnings.warn(
/work/GRDVULN/correction/.venv/lib64/python3.11/site-packages/sklearn/impute/_base.py:647: UserWarning: Skipping features without any observed values: ['od_max_conf_chlorine_contact' 'od_max_conf_drying_bed'
 'od_max_conf_oxidation_pond']. At least one non-missing value is needed for imputation with strategy='median'.
  warnings.warn(
/work/GRDVULN/correction/.venv/lib64/python3.11/site-packages/sklearn/impute/_base.py:647: UserWarning: Skipping features without any observed values: ['od_max_conf_chlorine_contact' 'od_max_conf_drying_bed'
 'od_max_conf_oxidation_pond']. At least one non-missing value is needed for imputation with strategy='median'.
  warnings.warn(
/work/GRDVULN/correction/.venv/lib64/python3.11/site-packages/sklearn/impute/_base.py:647: UserWarning: Skipping features without any observed values: ['od_max_conf_chlorine_contact' 'od_max_conf_drying_bed'
 'od_max_conf_oxidation_pond']. At least one non-missing value is needed for imputation with strategy='median'.
  warnings.warn(
/work/GRDVULN/correction/.venv/lib64/python3.11/site-packages/sklearn/impute/_base.py:647: UserWarning: Skipping features without any observed values: ['od_max_conf_chlorine_contact' 'od_max_conf_drying_bed'
 'od_max_conf_oxidation_pond']. At least one non-missing value is needed for imputation with strategy='median'.
  warnings.warn(
/work/GRDVULN/correction/.venv/lib64/python3.11/site-packages/sklearn/impute/_base.py:647: UserWarning: Skipping features without any observed values: ['od_max_conf_chlorine_contact' 'od_max_conf_drying_bed'
 'od_max_conf_oxidation_pond']. At least one non-missing value is needed for imputation with strategy='median'.
  warnings.warn(
/work/GRDVULN/correction/.venv/lib64/python3.11/site-packages/sklearn/impute/_base.py:647: UserWarning: Skipping features without any observed values: ['od_max_conf_chlorine_contact' 'od_max_conf_drying_bed'
 'od_max_conf_oxidation_pond']. At least one non-missing value is needed for imputation with strategy='median'.
  warnings.warn(
/work/GRDVULN/correction/.venv/lib64/python3.11/site-packages/sklearn/impute/_base.py:647: UserWarning: Skipping features without any observed values: ['od_max_conf_chlorine_contact' 'od_max_conf_drying_bed'
 'od_max_conf_oxidation_pond']. At least one non-missing value is needed for imputation with strategy='median'.
  warnings.warn(
/work/GRDVULN/correction/.venv/lib64/python3.11/site-packages/sklearn/impute/_base.py:647: UserWarning: Skipping features without any observed values: ['od_max_conf_chlorine_contact' 'od_max_conf_drying_bed'
 'od_max_conf_oxidation_pond']. At least one non-missing value is needed for imputation with strategy='median'.
  warnings.warn(
/work/GRDVULN/correction/.venv/lib64/python3.11/site-packages/sklearn/impute/_base.py:647: UserWarning: Skipping features without any observed values: ['od_max_conf_chlorine_contact' 'od_max_conf_drying_bed'
 'od_max_conf_oxidation_pond']. At least one non-missing value is needed for imputation with strategy='median'.
  warnings.warn(
/work/GRDVULN/correction/.venv/lib64/python3.11/site-packages/sklearn/impute/_base.py:647: UserWarning: Skipping features without any observed values: ['od_max_conf_chlorine_contact' 'od_max_conf_drying_bed'
 'od_max_conf_oxidation_pond']. At least one non-missing value is needed for imputation with strategy='median'.
  warnings.warn(
/work/GRDVULN/correction/.venv/lib64/python3.11/site-packages/sklearn/impute/_base.py:647: UserWarning: Skipping features without any observed values: ['od_max_conf_chlorine_contact' 'od_max_conf_drying_bed'
 'od_max_conf_oxidation_pond']. At least one non-missing value is needed for imputation with strategy='median'.
  warnings.warn(
/work/GRDVULN/correction/.venv/lib64/python3.11/site-packages/sklearn/impute/_base.py:647: UserWarning: Skipping features without any observed values: ['od_max_conf_chlorine_contact' 'od_max_conf_drying_bed'
 'od_max_conf_oxidation_pond']. At least one non-missing value is needed for imputation with strategy='median'.
  warnings.warn(
/work/GRDVULN/correction/.venv/lib64/python3.11/site-packages/sklearn/impute/_base.py:647: UserWarning: Skipping features without any observed values: ['od_max_conf_chlorine_contact' 'od_max_conf_drying_bed'
 'od_max_conf_oxidation_pond']. At least one non-missing value is needed for imputation with strategy='median'.
  warnings.warn(
/work/GRDVULN/correction/.venv/lib64/python3.11/site-packages/sklearn/impute/_base.py:647: UserWarning: Skipping features without any observed values: ['od_max_conf_chlorine_contact' 'od_max_conf_drying_bed'
 'od_max_conf_oxidation_pond']. At least one non-missing value is needed for imputation with strategy='median'.
  warnings.warn(
/work/GRDVULN/correction/.venv/lib64/python3.11/site-packages/sklearn/impute/_base.py:647: UserWarning: Skipping features without any observed values: ['od_max_conf_chlorine_contact' 'od_max_conf_drying_bed'
 'od_max_conf_oxidation_pond']. At least one non-missing value is needed for imputation with strategy='median'.
  warnings.warn(
/work/GRDVULN/correction/.venv/lib64/python3.11/site-packages/sklearn/impute/_base.py:647: UserWarning: Skipping features without any observed values: ['od_max_conf_chlorine_contact' 'od_max_conf_drying_bed'
 'od_max_conf_oxidation_pond']. At least one non-missing value is needed for imputation with strategy='median'.
  warnings.warn(
/work/GRDVULN/correction/.venv/lib64/python3.11/site-packages/sklearn/impute/_base.py:647: UserWarning: Skipping features without any observed values: ['od_max_conf_chlorine_contact' 'od_max_conf_drying_bed'
 'od_max_conf_oxidation_pond']. At least one non-missing value is needed for imputation with strategy='median'.
  warnings.warn(
/work/GRDVULN/correction/.venv/lib64/python3.11/site-packages/sklearn/impute/_base.py:647: UserWarning: Skipping features without any observed values: ['od_max_conf_chlorine_contact' 'od_max_conf_drying_bed'
 'od_max_conf_oxidation_pond']. At least one non-missing value is needed for imputation with strategy='median'.
  warnings.warn(
/work/GRDVULN/correction/.venv/lib64/python3.11/site-packages/sklearn/impute/_base.py:647: UserWarning: Skipping features without any observed values: ['od_max_conf_chlorine_contact' 'od_max_conf_drying_bed'
 'od_max_conf_oxidation_pond']. At least one non-missing value is needed for imputation with strategy='median'.
  warnings.warn(
/work/GRDVULN/correction/.venv/lib64/python3.11/site-packages/sklearn/impute/_base.py:647: UserWarning: Skipping features without any observed values: ['od_max_conf_chlorine_contact' 'od_max_conf_drying_bed'
 'od_max_conf_oxidation_pond']. At least one non-missing value is needed for imputation with strategy='median'.
  warnings.warn(
/work/GRDVULN/correction/.venv/lib64/python3.11/site-packages/sklearn/impute/_base.py:647: UserWarning: Skipping features without any observed values: ['od_max_conf_chlorine_contact' 'od_max_conf_drying_bed'
 'od_max_conf_oxidation_pond']. At least one non-missing value is needed for imputation with strategy='median'.
  warnings.warn(
/work/GRDVULN/correction/.venv/lib64/python3.11/site-packages/sklearn/impute/_base.py:647: UserWarning: Skipping features without any observed values: ['od_max_conf_chlorine_contact' 'od_max_conf_drying_bed'
 'od_max_conf_oxidation_pond']. At least one non-missing value is needed for imputation with strategy='median'.
  warnings.warn(
/work/GRDVULN/correction/.venv/lib64/python3.11/site-packages/sklearn/impute/_base.py:647: UserWarning: Skipping features without any observed values: ['od_max_conf_chlorine_contact' 'od_max_conf_drying_bed'
 'od_max_conf_oxidation_pond']. At least one non-missing value is needed for imputation with strategy='median'.
  warnings.warn(
/work/GRDVULN/correction/.venv/lib64/python3.11/site-packages/sklearn/impute/_base.py:647: UserWarning: Skipping features without any observed values: ['od_max_conf_chlorine_contact' 'od_max_conf_drying_bed'
 'od_max_conf_oxidation_pond']. At least one non-missing value is needed for imputation with strategy='median'.
  warnings.warn(
/work/GRDVULN/correction/.venv/lib64/python3.11/site-packages/sklearn/impute/_base.py:647: UserWarning: Skipping features without any observed values: ['od_max_conf_chlorine_contact' 'od_max_conf_drying_bed'
 'od_max_conf_oxidation_pond']. At least one non-missing value is needed for imputation with strategy='median'.
  warnings.warn(
/work/GRDVULN/correction/.venv/lib64/python3.11/site-packages/sklearn/impute/_base.py:647: UserWarning: Skipping features without any observed values: ['od_max_conf_chlorine_contact' 'od_max_conf_drying_bed'
 'od_max_conf_oxidation_pond']. At least one non-missing value is needed for imputation with strategy='median'.
  warnings.warn(
/work/GRDVULN/correction/.venv/lib64/python3.11/site-packages/sklearn/impute/_base.py:647: UserWarning: Skipping features without any observed values: ['od_max_conf_chlorine_contact' 'od_max_conf_drying_bed'
 'od_max_conf_oxidation_pond']. At least one non-missing value is needed for imputation with strategy='median'.
  warnings.warn(
/work/GRDVULN/correction/.venv/lib64/python3.11/site-packages/sklearn/impute/_base.py:647: UserWarning: Skipping features without any observed values: ['od_max_conf_chlorine_contact' 'od_max_conf_drying_bed'
 'od_max_conf_oxidation_pond']. At least one non-missing value is needed for imputation with strategy='median'.
  warnings.warn(
/work/GRDVULN/correction/.venv/lib64/python3.11/site-packages/sklearn/impute/_base.py:647: UserWarning: Skipping features without any observed values: ['od_max_conf_chlorine_contact' 'od_max_conf_drying_bed'
 'od_max_conf_oxidation_pond']. At least one non-missing value is needed for imputation with strategy='median'.
  warnings.warn(
/work/GRDVULN/correction/.venv/lib64/python3.11/site-packages/sklearn/impute/_base.py:647: UserWarning: Skipping features without any observed values: ['od_max_conf_chlorine_contact' 'od_max_conf_drying_bed'
 'od_max_conf_oxidation_pond']. At least one non-missing value is needed for imputation with strategy='median'.
  warnings.warn(
/work/GRDVULN/correction/.venv/lib64/python3.11/site-packages/sklearn/impute/_base.py:647: UserWarning: Skipping features without any observed values: ['od_max_conf_chlorine_contact' 'od_max_conf_drying_bed'
 'od_max_conf_oxidation_pond']. At least one non-missing value is needed for imputation with strategy='median'.
  warnings.warn(
/work/GRDVULN/correction/.venv/lib64/python3.11/site-packages/sklearn/impute/_base.py:647: UserWarning: Skipping features without any observed values: ['od_max_conf_chlorine_contact' 'od_max_conf_drying_bed'
 'od_max_conf_oxidation_pond']. At least one non-missing value is needed for imputation with strategy='median'.
  warnings.warn(
/work/GRDVULN/correction/.venv/lib64/python3.11/site-packages/sklearn/impute/_base.py:647: UserWarning: Skipping features without any observed values: ['od_max_conf_chlorine_contact' 'od_max_conf_drying_bed'
 'od_max_conf_oxidation_pond']. At least one non-missing value is needed for imputation with strategy='median'.
  warnings.warn(
/work/GRDVULN/correction/.venv/lib64/python3.11/site-packages/sklearn/impute/_base.py:647: UserWarning: Skipping features without any observed values: ['od_max_conf_chlorine_contact' 'od_max_conf_drying_bed'
 'od_max_conf_oxidation_pond']. At least one non-missing value is needed for imputation with strategy='median'.
  warnings.warn(
/work/GRDVULN/correction/.venv/lib64/python3.11/site-packages/sklearn/impute/_base.py:647: UserWarning: Skipping features without any observed values: ['od_max_conf_chlorine_contact' 'od_max_conf_drying_bed'
 'od_max_conf_oxidation_pond']. At least one non-missing value is needed for imputation with strategy='median'.
  warnings.warn(
/work/GRDVULN/correction/.venv/lib64/python3.11/site-packages/sklearn/impute/_base.py:647: UserWarning: Skipping features without any observed values: ['od_max_conf_chlorine_contact' 'od_max_conf_drying_bed'
 'od_max_conf_oxidation_pond']. At least one non-missing value is needed for imputation with strategy='median'.
  warnings.warn(
/work/GRDVULN/correction/.venv/lib64/python3.11/site-packages/sklearn/impute/_base.py:647: UserWarning: Skipping features without any observed values: ['od_max_conf_chlorine_contact' 'od_max_conf_drying_bed'
 'od_max_conf_oxidation_pond']. At least one non-missing value is needed for imputation with strategy='median'.
  warnings.warn(
/work/GRDVULN/correction/.venv/lib64/python3.11/site-packages/sklearn/impute/_base.py:647: UserWarning: Skipping features without any observed values: ['od_max_conf_chlorine_contact' 'od_max_conf_drying_bed'
 'od_max_conf_oxidation_pond']. At least one non-missing value is needed for imputation with strategy='median'.
  warnings.warn(
/work/GRDVULN/correction/.venv/lib64/python3.11/site-packages/sklearn/impute/_base.py:647: UserWarning: Skipping features without any observed values: ['od_max_conf_chlorine_contact' 'od_max_conf_drying_bed'
 'od_max_conf_oxidation_pond']. At least one non-missing value is needed for imputation with strategy='median'.
  warnings.warn(
/work/GRDVULN/correction/.venv/lib64/python3.11/site-packages/sklearn/impute/_base.py:647: UserWarning: Skipping features without any observed values: ['od_max_conf_chlorine_contact' 'od_max_conf_drying_bed'
 'od_max_conf_oxidation_pond']. At least one non-missing value is needed for imputation with strategy='median'.
  warnings.warn(
/work/GRDVULN/correction/.venv/lib64/python3.11/site-packages/sklearn/impute/_base.py:647: UserWarning: Skipping features without any observed values: ['od_max_conf_chlorine_contact' 'od_max_conf_drying_bed'
 'od_max_conf_oxidation_pond']. At least one non-missing value is needed for imputation with strategy='median'.
  warnings.warn(
/work/GRDVULN/correction/.venv/lib64/python3.11/site-packages/sklearn/impute/_base.py:647: UserWarning: Skipping features without any observed values: ['od_max_conf_chlorine_contact' 'od_max_conf_drying_bed'
 'od_max_conf_oxidation_pond']. At least one non-missing value is needed for imputation with strategy='median'.
  warnings.warn(
/work/GRDVULN/correction/.venv/lib64/python3.11/site-packages/sklearn/impute/_base.py:647: UserWarning: Skipping features without any observed values: ['od_max_conf_chlorine_contact' 'od_max_conf_drying_bed'
 'od_max_conf_oxidation_pond']. At least one non-missing value is needed for imputation with strategy='median'.
  warnings.warn(
/work/GRDVULN/correction/.venv/lib64/python3.11/site-packages/sklearn/impute/_base.py:647: UserWarning: Skipping features without any observed values: ['od_max_conf_chlorine_contact' 'od_max_conf_drying_bed'
 'od_max_conf_oxidation_pond']. At least one non-missing value is needed for imputation with strategy='median'.
  warnings.warn(
/work/GRDVULN/correction/.venv/lib64/python3.11/site-packages/sklearn/impute/_base.py:647: UserWarning: Skipping features without any observed values: ['od_max_conf_chlorine_contact' 'od_max_conf_drying_bed'
 'od_max_conf_oxidation_pond']. At least one non-missing value is needed for imputation with strategy='median'.
  warnings.warn(
/work/GRDVULN/correction/.venv/lib64/python3.11/site-packages/sklearn/impute/_base.py:647: UserWarning: Skipping features without any observed values: ['od_max_conf_chlorine_contact' 'od_max_conf_drying_bed'
 'od_max_conf_oxidation_pond']. At least one non-missing value is needed for imputation with strategy='median'.
  warnings.warn(
/work/GRDVULN/correction/.venv/lib64/python3.11/site-packages/sklearn/impute/_base.py:647: UserWarning: Skipping features without any observed values: ['od_max_conf_chlorine_contact' 'od_max_conf_drying_bed'
 'od_max_conf_oxidation_pond']. At least one non-missing value is needed for imputation with strategy='median'.
  warnings.warn(
/work/GRDVULN/correction/.venv/lib64/python3.11/site-packages/sklearn/impute/_base.py:647: UserWarning: Skipping features without any observed values: ['od_max_conf_chlorine_contact' 'od_max_conf_drying_bed'
 'od_max_conf_oxidation_pond']. At least one non-missing value is needed for imputation with strategy='median'.
  warnings.warn(
/work/GRDVULN/correction/.venv/lib64/python3.11/site-packages/sklearn/impute/_base.py:647: UserWarning: Skipping features without any observed values: ['od_max_conf_chlorine_contact' 'od_max_conf_drying_bed'
 'od_max_conf_oxidation_pond']. At least one non-missing value is needed for imputation with strategy='median'.
  warnings.warn(
/work/GRDVULN/correction/.venv/lib64/python3.11/site-packages/sklearn/impute/_base.py:647: UserWarning: Skipping features without any observed values: ['od_max_conf_chlorine_contact' 'od_max_conf_drying_bed'
 'od_max_conf_oxidation_pond']. At least one non-missing value is needed for imputation with strategy='median'.
  warnings.warn(
/work/GRDVULN/correction/.venv/lib64/python3.11/site-packages/sklearn/impute/_base.py:647: UserWarning: Skipping features without any observed values: ['od_max_conf_chlorine_contact' 'od_max_conf_drying_bed'
 'od_max_conf_oxidation_pond']. At least one non-missing value is needed for imputation with strategy='median'.
  warnings.warn(
/work/GRDVULN/correction/.venv/lib64/python3.11/site-packages/sklearn/impute/_base.py:647: UserWarning: Skipping features without any observed values: ['od_max_conf_chlorine_contact' 'od_max_conf_drying_bed'
 'od_max_conf_oxidation_pond']. At least one non-missing value is needed for imputation with strategy='median'.
  warnings.warn(
/work/GRDVULN/correction/.venv/lib64/python3.11/site-packages/sklearn/impute/_base.py:647: UserWarning: Skipping features without any observed values: ['od_max_conf_chlorine_contact' 'od_max_conf_drying_bed'
 'od_max_conf_oxidation_pond']. At least one non-missing value is needed for imputation with strategy='median'.
  warnings.warn(
/work/GRDVULN/correction/.venv/lib64/python3.11/site-packages/sklearn/impute/_base.py:647: UserWarning: Skipping features without any observed values: ['od_max_conf_chlorine_contact' 'od_max_conf_drying_bed'
 'od_max_conf_oxidation_pond']. At least one non-missing value is needed for imputation with strategy='median'.
  warnings.warn(
/work/GRDVULN/correction/.venv/lib64/python3.11/site-packages/sklearn/impute/_base.py:647: UserWarning: Skipping features without any observed values: ['od_max_conf_chlorine_contact' 'od_max_conf_drying_bed'
 'od_max_conf_oxidation_pond']. At least one non-missing value is needed for imputation with strategy='median'.
  warnings.warn(
/work/GRDVULN/correction/.venv/lib64/python3.11/site-packages/sklearn/impute/_base.py:647: UserWarning: Skipping features without any observed values: ['od_max_conf_chlorine_contact' 'od_max_conf_drying_bed'
 'od_max_conf_oxidation_pond']. At least one non-missing value is needed for imputation with strategy='median'.
  warnings.warn(
/work/GRDVULN/correction/.venv/lib64/python3.11/site-packages/sklearn/impute/_base.py:647: UserWarning: Skipping features without any observed values: ['od_max_conf_chlorine_contact' 'od_max_conf_drying_bed'
 'od_max_conf_oxidation_pond']. At least one non-missing value is needed for imputation with strategy='median'.
  warnings.warn(
/work/GRDVULN/correction/.venv/lib64/python3.11/site-packages/sklearn/impute/_base.py:647: UserWarning: Skipping features without any observed values: ['od_max_conf_chlorine_contact' 'od_max_conf_drying_bed'
 'od_max_conf_oxidation_pond']. At least one non-missing value is needed for imputation with strategy='median'.
  warnings.warn(
/work/GRDVULN/correction/.venv/lib64/python3.11/site-packages/sklearn/impute/_base.py:647: UserWarning: Skipping features without any observed values: ['od_max_conf_chlorine_contact' 'od_max_conf_drying_bed'
 'od_max_conf_oxidation_pond']. At least one non-missing value is needed for imputation with strategy='median'.
  warnings.warn(
/work/GRDVULN/correction/.venv/lib64/python3.11/site-packages/sklearn/impute/_base.py:647: UserWarning: Skipping features without any observed values: ['od_max_conf_chlorine_contact' 'od_max_conf_drying_bed'
 'od_max_conf_oxidation_pond']. At least one non-missing value is needed for imputation with strategy='median'.
  warnings.warn(
/work/GRDVULN/correction/.venv/lib64/python3.11/site-packages/sklearn/impute/_base.py:647: UserWarning: Skipping features without any observed values: ['od_max_conf_chlorine_contact' 'od_max_conf_drying_bed'
 'od_max_conf_oxidation_pond']. At least one non-missing value is needed for imputation with strategy='median'.
  warnings.warn(
/work/GRDVULN/correction/.venv/lib64/python3.11/site-packages/sklearn/impute/_base.py:647: UserWarning: Skipping features without any observed values: ['od_max_conf_chlorine_contact' 'od_max_conf_drying_bed'
 'od_max_conf_oxidation_pond']. At least one non-missing value is needed for imputation with strategy='median'.
  warnings.warn(
/work/GRDVULN/correction/.venv/lib64/python3.11/site-packages/sklearn/impute/_base.py:647: UserWarning: Skipping features without any observed values: ['od_max_conf_chlorine_contact' 'od_max_conf_drying_bed'
 'od_max_conf_oxidation_pond']. At least one non-missing value is needed for imputation with strategy='median'.
  warnings.warn(
/work/GRDVULN/correction/.venv/lib64/python3.11/site-packages/sklearn/impute/_base.py:647: UserWarning: Skipping features without any observed values: ['od_max_conf_chlorine_contact' 'od_max_conf_drying_bed'
 'od_max_conf_oxidation_pond']. At least one non-missing value is needed for imputation with strategy='median'.
  warnings.warn(
/work/GRDVULN/correction/.venv/lib64/python3.11/site-packages/sklearn/impute/_base.py:647: UserWarning: Skipping features without any observed values: ['od_max_conf_chlorine_contact' 'od_max_conf_drying_bed'
 'od_max_conf_oxidation_pond']. At least one non-missing value is needed for imputation with strategy='median'.
  warnings.warn(
/work/GRDVULN/correction/.venv/lib64/python3.11/site-packages/sklearn/impute/_base.py:647: UserWarning: Skipping features without any observed values: ['od_max_conf_chlorine_contact' 'od_max_conf_drying_bed'
 'od_max_conf_oxidation_pond']. At least one non-missing value is needed for imputation with strategy='median'.
  warnings.warn(
/work/GRDVULN/correction/.venv/lib64/python3.11/site-packages/sklearn/impute/_base.py:647: UserWarning: Skipping features without any observed values: ['od_max_conf_chlorine_contact' 'od_max_conf_drying_bed'
 'od_max_conf_oxidation_pond']. At least one non-missing value is needed for imputation with strategy='median'.
  warnings.warn(
/work/GRDVULN/correction/.venv/lib64/python3.11/site-packages/sklearn/impute/_base.py:647: UserWarning: Skipping features without any observed values: ['od_max_conf_chlorine_contact' 'od_max_conf_drying_bed'
 'od_max_conf_oxidation_pond']. At least one non-missing value is needed for imputation with strategy='median'.
  warnings.warn(
/work/GRDVULN/correction/.venv/lib64/python3.11/site-packages/sklearn/impute/_base.py:647: UserWarning: Skipping features without any observed values: ['od_max_conf_chlorine_contact' 'od_max_conf_drying_bed'
 'od_max_conf_oxidation_pond']. At least one non-missing value is needed for imputation with strategy='median'.
  warnings.warn(
/work/GRDVULN/correction/.venv/lib64/python3.11/site-packages/sklearn/impute/_base.py:647: UserWarning: Skipping features without any observed values: ['od_max_conf_chlorine_contact' 'od_max_conf_drying_bed'
 'od_max_conf_oxidation_pond']. At least one non-missing value is needed for imputation with strategy='median'.
  warnings.warn(
/work/GRDVULN/correction/.venv/lib64/python3.11/site-packages/sklearn/impute/_base.py:647: UserWarning: Skipping features without any observed values: ['od_max_conf_chlorine_contact' 'od_max_conf_drying_bed'
 'od_max_conf_oxidation_pond']. At least one non-missing value is needed for imputation with strategy='median'.
  warnings.warn(
/work/GRDVULN/correction/.venv/lib64/python3.11/site-packages/sklearn/impute/_base.py:647: UserWarning: Skipping features without any observed values: ['od_max_conf_chlorine_contact' 'od_max_conf_drying_bed'
 'od_max_conf_oxidation_pond']. At least one non-missing value is needed for imputation with strategy='median'.
  warnings.warn(
/work/GRDVULN/correction/.venv/lib64/python3.11/site-packages/sklearn/impute/_base.py:647: UserWarning: Skipping features without any observed values: ['od_max_conf_chlorine_contact' 'od_max_conf_drying_bed'
 'od_max_conf_oxidation_pond']. At least one non-missing value is needed for imputation with strategy='median'.
  warnings.warn(
/work/GRDVULN/correction/.venv/lib64/python3.11/site-packages/sklearn/impute/_base.py:647: UserWarning: Skipping features without any observed values: ['od_max_conf_chlorine_contact' 'od_max_conf_drying_bed'
 'od_max_conf_oxidation_pond']. At least one non-missing value is needed for imputation with strategy='median'.
  warnings.warn(
/work/GRDVULN/correction/.venv/lib64/python3.11/site-packages/sklearn/impute/_base.py:647: UserWarning: Skipping features without any observed values: ['od_max_conf_chlorine_contact' 'od_max_conf_drying_bed'
 'od_max_conf_oxidation_pond']. At least one non-missing value is needed for imputation with strategy='median'.
  warnings.warn(
/work/GRDVULN/correction/.venv/lib64/python3.11/site-packages/sklearn/impute/_base.py:647: UserWarning: Skipping features without any observed values: ['od_max_conf_chlorine_contact' 'od_max_conf_drying_bed'
 'od_max_conf_oxidation_pond']. At least one non-missing value is needed for imputation with strategy='median'.
  warnings.warn(
/work/GRDVULN/correction/.venv/lib64/python3.11/site-packages/sklearn/impute/_base.py:647: UserWarning: Skipping features without any observed values: ['od_max_conf_chlorine_contact' 'od_max_conf_drying_bed'
 'od_max_conf_oxidation_pond']. At least one non-missing value is needed for imputation with strategy='median'.
  warnings.warn(
/work/GRDVULN/correction/.venv/lib64/python3.11/site-packages/sklearn/impute/_base.py:647: UserWarning: Skipping features without any observed values: ['od_max_conf_chlorine_contact' 'od_max_conf_drying_bed'
 'od_max_conf_oxidation_pond']. At least one non-missing value is needed for imputation with strategy='median'.
  warnings.warn(
/work/GRDVULN/correction/.venv/lib64/python3.11/site-packages/sklearn/impute/_base.py:647: UserWarning: Skipping features without any observed values: ['od_max_conf_chlorine_contact' 'od_max_conf_drying_bed'
 'od_max_conf_oxidation_pond']. At least one non-missing value is needed for imputation with strategy='median'.
  warnings.warn(
/work/GRDVULN/correction/.venv/lib64/python3.11/site-packages/sklearn/impute/_base.py:647: UserWarning: Skipping features without any observed values: ['od_max_conf_chlorine_contact' 'od_max_conf_drying_bed'
 'od_max_conf_oxidation_pond']. At least one non-missing value is needed for imputation with strategy='median'.
  warnings.warn(
/work/GRDVULN/correction/.venv/lib64/python3.11/site-packages/sklearn/impute/_base.py:647: UserWarning: Skipping features without any observed values: ['od_max_conf_chlorine_contact' 'od_max_conf_drying_bed'
 'od_max_conf_oxidation_pond']. At least one non-missing value is needed for imputation with strategy='median'.
  warnings.warn(
/work/GRDVULN/correction/.venv/lib64/python3.11/site-packages/sklearn/impute/_base.py:647: UserWarning: Skipping features without any observed values: ['od_max_conf_chlorine_contact' 'od_max_conf_drying_bed'
 'od_max_conf_oxidation_pond']. At least one non-missing value is needed for imputation with strategy='median'.
  warnings.warn(
/work/GRDVULN/correction/.venv/lib64/python3.11/site-packages/sklearn/impute/_base.py:647: UserWarning: Skipping features without any observed values: ['od_max_conf_chlorine_contact' 'od_max_conf_drying_bed'
 'od_max_conf_oxidation_pond']. At least one non-missing value is needed for imputation with strategy='median'.
  warnings.warn(
/work/GRDVULN/correction/.venv/lib64/python3.11/site-packages/sklearn/impute/_base.py:647: UserWarning: Skipping features without any observed values: ['od_max_conf_chlorine_contact' 'od_max_conf_drying_bed'
 'od_max_conf_oxidation_pond']. At least one non-missing value is needed for imputation with strategy='median'.
  warnings.warn(
/work/GRDVULN/correction/.venv/lib64/python3.11/site-packages/sklearn/impute/_base.py:647: UserWarning: Skipping features without any observed values: ['od_max_conf_chlorine_contact' 'od_max_conf_drying_bed'
 'od_max_conf_oxidation_pond']. At least one non-missing value is needed for imputation with strategy='median'.
  warnings.warn(
/work/GRDVULN/correction/.venv/lib64/python3.11/site-packages/sklearn/impute/_base.py:647: UserWarning: Skipping features without any observed values: ['od_max_conf_chlorine_contact' 'od_max_conf_drying_bed'
 'od_max_conf_oxidation_pond']. At least one non-missing value is needed for imputation with strategy='median'.
  warnings.warn(
/work/GRDVULN/correction/.venv/lib64/python3.11/site-packages/sklearn/impute/_base.py:647: UserWarning: Skipping features without any observed values: ['od_max_conf_chlorine_contact' 'od_max_conf_drying_bed'
 'od_max_conf_oxidation_pond']. At least one non-missing value is needed for imputation with strategy='median'.
  warnings.warn(
/work/GRDVULN/correction/.venv/lib64/python3.11/site-packages/sklearn/impute/_base.py:647: UserWarning: Skipping features without any observed values: ['od_max_conf_chlorine_contact' 'od_max_conf_drying_bed'
 'od_max_conf_oxidation_pond']. At least one non-missing value is needed for imputation with strategy='median'.
  warnings.warn(
/work/GRDVULN/correction/.venv/lib64/python3.11/site-packages/sklearn/impute/_base.py:647: UserWarning: Skipping features without any observed values: ['od_max_conf_chlorine_contact' 'od_max_conf_drying_bed'
 'od_max_conf_oxidation_pond']. At least one non-missing value is needed for imputation with strategy='median'.
  warnings.warn(
/work/GRDVULN/correction/.venv/lib64/python3.11/site-packages/sklearn/impute/_base.py:647: UserWarning: Skipping features without any observed values: ['od_max_conf_chlorine_contact' 'od_max_conf_drying_bed'
 'od_max_conf_oxidation_pond']. At least one non-missing value is needed for imputation with strategy='median'.
  warnings.warn(
/work/GRDVULN/correction/.venv/lib64/python3.11/site-packages/sklearn/impute/_base.py:647: UserWarning: Skipping features without any observed values: ['od_max_conf_chlorine_contact' 'od_max_conf_drying_bed'
 'od_max_conf_oxidation_pond']. At least one non-missing value is needed for imputation with strategy='median'.
  warnings.warn(
/work/GRDVULN/correction/.venv/lib64/python3.11/site-packages/sklearn/impute/_base.py:647: UserWarning: Skipping features without any observed values: ['od_max_conf_chlorine_contact' 'od_max_conf_drying_bed'
 'od_max_conf_oxidation_pond']. At least one non-missing value is needed for imputation with strategy='median'.
  warnings.warn(
/work/GRDVULN/correction/.venv/lib64/python3.11/site-packages/sklearn/impute/_base.py:647: UserWarning: Skipping features without any observed values: ['od_max_conf_chlorine_contact' 'od_max_conf_drying_bed'
 'od_max_conf_oxidation_pond']. At least one non-missing value is needed for imputation with strategy='median'.
  warnings.warn(
/work/GRDVULN/correction/.venv/lib64/python3.11/site-packages/sklearn/impute/_base.py:647: UserWarning: Skipping features without any observed values: ['od_max_conf_chlorine_contact' 'od_max_conf_drying_bed'
 'od_max_conf_oxidation_pond']. At least one non-missing value is needed for imputation with strategy='median'.
  warnings.warn(
/work/GRDVULN/correction/.venv/lib64/python3.11/site-packages/sklearn/impute/_base.py:647: UserWarning: Skipping features without any observed values: ['od_max_conf_chlorine_contact' 'od_max_conf_drying_bed'
 'od_max_conf_oxidation_pond']. At least one non-missing value is needed for imputation with strategy='median'.
  warnings.warn(
/work/GRDVULN/correction/.venv/lib64/python3.11/site-packages/sklearn/impute/_base.py:647: UserWarning: Skipping features without any observed values: ['od_max_conf_chlorine_contact' 'od_max_conf_drying_bed'
 'od_max_conf_oxidation_pond']. At least one non-missing value is needed for imputation with strategy='median'.
  warnings.warn(
/work/GRDVULN/correction/.venv/lib64/python3.11/site-packages/sklearn/impute/_base.py:647: UserWarning: Skipping features without any observed values: ['od_max_conf_chlorine_contact' 'od_max_conf_drying_bed'
 'od_max_conf_oxidation_pond']. At least one non-missing value is needed for imputation with strategy='median'.
  warnings.warn(
/work/GRDVULN/correction/.venv/lib64/python3.11/site-packages/sklearn/impute/_base.py:647: UserWarning: Skipping features without any observed values: ['od_max_conf_chlorine_contact' 'od_max_conf_drying_bed'
 'od_max_conf_oxidation_pond']. At least one non-missing value is needed for imputation with strategy='median'.
  warnings.warn(
/work/GRDVULN/correction/.venv/lib64/python3.11/site-packages/sklearn/impute/_base.py:647: UserWarning: Skipping features without any observed values: ['od_max_conf_chlorine_contact' 'od_max_conf_drying_bed'
 'od_max_conf_oxidation_pond']. At least one non-missing value is needed for imputation with strategy='median'.
  warnings.warn(
/work/GRDVULN/correction/.venv/lib64/python3.11/site-packages/sklearn/impute/_base.py:647: UserWarning: Skipping features without any observed values: ['od_max_conf_chlorine_contact' 'od_max_conf_drying_bed'
 'od_max_conf_oxidation_pond']. At least one non-missing value is needed for imputation with strategy='median'.
  warnings.warn(
/work/GRDVULN/correction/.venv/lib64/python3.11/site-packages/sklearn/impute/_base.py:647: UserWarning: Skipping features without any observed values: ['od_max_conf_chlorine_contact' 'od_max_conf_drying_bed'
 'od_max_conf_oxidation_pond']. At least one non-missing value is needed for imputation with strategy='median'.
  warnings.warn(
/work/GRDVULN/correction/.venv/lib64/python3.11/site-packages/sklearn/impute/_base.py:647: UserWarning: Skipping features without any observed values: ['od_max_conf_chlorine_contact' 'od_max_conf_drying_bed'
 'od_max_conf_oxidation_pond']. At least one non-missing value is needed for imputation with strategy='median'.
  warnings.warn(
/work/GRDVULN/correction/.venv/lib64/python3.11/site-packages/sklearn/impute/_base.py:647: UserWarning: Skipping features without any observed values: ['od_max_conf_chlorine_contact' 'od_max_conf_drying_bed'
 'od_max_conf_oxidation_pond']. At least one non-missing value is needed for imputation with strategy='median'.
  warnings.warn(
/work/GRDVULN/correction/.venv/lib64/python3.11/site-packages/sklearn/impute/_base.py:647: UserWarning: Skipping features without any observed values: ['od_max_conf_chlorine_contact' 'od_max_conf_drying_bed'
 'od_max_conf_oxidation_pond']. At least one non-missing value is needed for imputation with strategy='median'.
  warnings.warn(
/work/GRDVULN/correction/.venv/lib64/python3.11/site-packages/sklearn/impute/_base.py:647: UserWarning: Skipping features without any observed values: ['od_max_conf_chlorine_contact' 'od_max_conf_drying_bed'
 'od_max_conf_oxidation_pond']. At least one non-missing value is needed for imputation with strategy='median'.
  warnings.warn(
/work/GRDVULN/correction/.venv/lib64/python3.11/site-packages/sklearn/impute/_base.py:647: UserWarning: Skipping features without any observed values: ['od_max_conf_chlorine_contact' 'od_max_conf_drying_bed'
 'od_max_conf_oxidation_pond']. At least one non-missing value is needed for imputation with strategy='median'.
  warnings.warn(
/work/GRDVULN/correction/.venv/lib64/python3.11/site-packages/sklearn/impute/_base.py:647: UserWarning: Skipping features without any observed values: ['od_max_conf_chlorine_contact' 'od_max_conf_drying_bed'
 'od_max_conf_oxidation_pond']. At least one non-missing value is needed for imputation with strategy='median'.
  warnings.warn(
/work/GRDVULN/correction/.venv/lib64/python3.11/site-packages/sklearn/impute/_base.py:647: UserWarning: Skipping features without any observed values: ['od_max_conf_chlorine_contact' 'od_max_conf_drying_bed'
 'od_max_conf_oxidation_pond']. At least one non-missing value is needed for imputation with strategy='median'.
  warnings.warn(
/work/GRDVULN/correction/.venv/lib64/python3.11/site-packages/sklearn/impute/_base.py:647: UserWarning: Skipping features without any observed values: ['od_max_conf_chlorine_contact' 'od_max_conf_drying_bed'
 'od_max_conf_oxidation_pond']. At least one non-missing value is needed for imputation with strategy='median'.
  warnings.warn(
/work/GRDVULN/correction/.venv/lib64/python3.11/site-packages/sklearn/impute/_base.py:647: UserWarning: Skipping features without any observed values: ['od_max_conf_chlorine_contact' 'od_max_conf_drying_bed'
 'od_max_conf_oxidation_pond']. At least one non-missing value is needed for imputation with strategy='median'.
  warnings.warn(
/work/GRDVULN/correction/.venv/lib64/python3.11/site-packages/sklearn/impute/_base.py:647: UserWarning: Skipping features without any observed values: ['od_max_conf_chlorine_contact' 'od_max_conf_drying_bed'
 'od_max_conf_oxidation_pond']. At least one non-missing value is needed for imputation with strategy='median'.
  warnings.warn(
/work/GRDVULN/correction/.venv/lib64/python3.11/site-packages/sklearn/impute/_base.py:647: UserWarning: Skipping features without any observed values: ['od_max_conf_chlorine_contact' 'od_max_conf_drying_bed'
 'od_max_conf_oxidation_pond']. At least one non-missing value is needed for imputation with strategy='median'.
  warnings.warn(
/work/GRDVULN/correction/.venv/lib64/python3.11/site-packages/sklearn/impute/_base.py:647: UserWarning: Skipping features without any observed values: ['od_max_conf_chlorine_contact' 'od_max_conf_drying_bed'
 'od_max_conf_oxidation_pond']. At least one non-missing value is needed for imputation with strategy='median'.
  warnings.warn(
/work/GRDVULN/correction/.venv/lib64/python3.11/site-packages/sklearn/impute/_base.py:647: UserWarning: Skipping features without any observed values: ['od_max_conf_chlorine_contact' 'od_max_conf_drying_bed'
 'od_max_conf_oxidation_pond']. At least one non-missing value is needed for imputation with strategy='median'.
  warnings.warn(
/work/GRDVULN/correction/.venv/lib64/python3.11/site-packages/sklearn/impute/_base.py:647: UserWarning: Skipping features without any observed values: ['od_max_conf_chlorine_contact' 'od_max_conf_drying_bed'
 'od_max_conf_oxidation_pond']. At least one non-missing value is needed for imputation with strategy='median'.
  warnings.warn(
/work/GRDVULN/correction/.venv/lib64/python3.11/site-packages/sklearn/impute/_base.py:647: UserWarning: Skipping features without any observed values: ['od_max_conf_chlorine_contact' 'od_max_conf_drying_bed'
 'od_max_conf_oxidation_pond']. At least one non-missing value is needed for imputation with strategy='median'.
  warnings.warn(
/work/GRDVULN/correction/.venv/lib64/python3.11/site-packages/sklearn/impute/_base.py:647: UserWarning: Skipping features without any observed values: ['od_max_conf_chlorine_contact' 'od_max_conf_drying_bed'
 'od_max_conf_oxidation_pond']. At least one non-missing value is needed for imputation with strategy='median'.
  warnings.warn(
/work/GRDVULN/correction/.venv/lib64/python3.11/site-packages/sklearn/impute/_base.py:647: UserWarning: Skipping features without any observed values: ['od_max_conf_chlorine_contact' 'od_max_conf_drying_bed'
 'od_max_conf_oxidation_pond']. At least one non-missing value is needed for imputation with strategy='median'.
  warnings.warn(
/work/GRDVULN/correction/.venv/lib64/python3.11/site-packages/sklearn/impute/_base.py:647: UserWarning: Skipping features without any observed values: ['od_max_conf_chlorine_contact' 'od_max_conf_drying_bed'
 'od_max_conf_oxidation_pond']. At least one non-missing value is needed for imputation with strategy='median'.
  warnings.warn(
/work/GRDVULN/correction/.venv/lib64/python3.11/site-packages/sklearn/impute/_base.py:647: UserWarning: Skipping features without any observed values: ['od_max_conf_chlorine_contact' 'od_max_conf_drying_bed'
 'od_max_conf_oxidation_pond']. At least one non-missing value is needed for imputation with strategy='median'.
  warnings.warn(
/work/GRDVULN/correction/.venv/lib64/python3.11/site-packages/sklearn/impute/_base.py:647: UserWarning: Skipping features without any observed values: ['od_max_conf_chlorine_contact' 'od_max_conf_drying_bed'
 'od_max_conf_oxidation_pond']. At least one non-missing value is needed for imputation with strategy='median'.
  warnings.warn(
/work/GRDVULN/correction/.venv/lib64/python3.11/site-packages/sklearn/impute/_base.py:647: UserWarning: Skipping features without any observed values: ['od_max_conf_chlorine_contact' 'od_max_conf_drying_bed'
 'od_max_conf_oxidation_pond']. At least one non-missing value is needed for imputation with strategy='median'.
  warnings.warn(
/work/GRDVULN/correction/.venv/lib64/python3.11/site-packages/sklearn/impute/_base.py:647: UserWarning: Skipping features without any observed values: ['od_max_conf_chlorine_contact' 'od_max_conf_drying_bed'
 'od_max_conf_oxidation_pond']. At least one non-missing value is needed for imputation with strategy='median'.
  warnings.warn(
/work/GRDVULN/correction/.venv/lib64/python3.11/site-packages/sklearn/impute/_base.py:647: UserWarning: Skipping features without any observed values: ['od_max_conf_chlorine_contact' 'od_max_conf_drying_bed'
 'od_max_conf_oxidation_pond']. At least one non-missing value is needed for imputation with strategy='median'.
  warnings.warn(
/work/GRDVULN/correction/.venv/lib64/python3.11/site-packages/sklearn/impute/_base.py:647: UserWarning: Skipping features without any observed values: ['od_max_conf_chlorine_contact' 'od_max_conf_drying_bed'
 'od_max_conf_oxidation_pond']. At least one non-missing value is needed for imputation with strategy='median'.
  warnings.warn(
/work/GRDVULN/correction/.venv/lib64/python3.11/site-packages/sklearn/impute/_base.py:647: UserWarning: Skipping features without any observed values: ['od_max_conf_chlorine_contact' 'od_max_conf_drying_bed'
 'od_max_conf_oxidation_pond']. At least one non-missing value is needed for imputation with strategy='median'.
  warnings.warn(
/work/GRDVULN/correction/.venv/lib64/python3.11/site-packages/sklearn/impute/_base.py:647: UserWarning: Skipping features without any observed values: ['od_max_conf_chlorine_contact' 'od_max_conf_drying_bed'
 'od_max_conf_oxidation_pond']. At least one non-missing value is needed for imputation with strategy='median'.
  warnings.warn(
/work/GRDVULN/correction/.venv/lib64/python3.11/site-packages/sklearn/impute/_base.py:647: UserWarning: Skipping features without any observed values: ['od_max_conf_chlorine_contact' 'od_max_conf_drying_bed'
 'od_max_conf_oxidation_pond']. At least one non-missing value is needed for imputation with strategy='median'.
  warnings.warn(
/work/GRDVULN/correction/.venv/lib64/python3.11/site-packages/sklearn/impute/_base.py:647: UserWarning: Skipping features without any observed values: ['od_max_conf_chlorine_contact' 'od_max_conf_drying_bed'
 'od_max_conf_oxidation_pond']. At least one non-missing value is needed for imputation with strategy='median'.
  warnings.warn(
/work/GRDVULN/correction/.venv/lib64/python3.11/site-packages/sklearn/impute/_base.py:647: UserWarning: Skipping features without any observed values: ['od_max_conf_chlorine_contact' 'od_max_conf_drying_bed'
 'od_max_conf_oxidation_pond']. At least one non-missing value is needed for imputation with strategy='median'.
  warnings.warn(
/work/GRDVULN/correction/.venv/lib64/python3.11/site-packages/sklearn/impute/_base.py:647: UserWarning: Skipping features without any observed values: ['od_max_conf_chlorine_contact' 'od_max_conf_drying_bed'
 'od_max_conf_oxidation_pond']. At least one non-missing value is needed for imputation with strategy='median'.
  warnings.warn(
/work/GRDVULN/correction/.venv/lib64/python3.11/site-packages/sklearn/impute/_base.py:647: UserWarning: Skipping features without any observed values: ['od_max_conf_chlorine_contact' 'od_max_conf_drying_bed'
 'od_max_conf_oxidation_pond']. At least one non-missing value is needed for imputation with strategy='median'.
  warnings.warn(
/work/GRDVULN/correction/.venv/lib64/python3.11/site-packages/sklearn/impute/_base.py:647: UserWarning: Skipping features without any observed values: ['od_max_conf_chlorine_contact' 'od_max_conf_drying_bed'
 'od_max_conf_oxidation_pond']. At least one non-missing value is needed for imputation with strategy='median'.
  warnings.warn(
/work/GRDVULN/correction/.venv/lib64/python3.11/site-packages/sklearn/impute/_base.py:647: UserWarning: Skipping features without any observed values: ['od_max_conf_chlorine_contact' 'od_max_conf_drying_bed'
 'od_max_conf_oxidation_pond']. At least one non-missing value is needed for imputation with strategy='median'.
  warnings.warn(
/work/GRDVULN/correction/.venv/lib64/python3.11/site-packages/sklearn/impute/_base.py:647: UserWarning: Skipping features without any observed values: ['od_max_conf_chlorine_contact' 'od_max_conf_drying_bed'
 'od_max_conf_oxidation_pond']. At least one non-missing value is needed for imputation with strategy='median'.
  warnings.warn(
/work/GRDVULN/correction/.venv/lib64/python3.11/site-packages/sklearn/impute/_base.py:647: UserWarning: Skipping features without any observed values: ['od_max_conf_chlorine_contact' 'od_max_conf_drying_bed'
 'od_max_conf_oxidation_pond']. At least one non-missing value is needed for imputation with strategy='median'.
  warnings.warn(
/work/GRDVULN/correction/.venv/lib64/python3.11/site-packages/sklearn/impute/_base.py:647: UserWarning: Skipping features without any observed values: ['od_max_conf_chlorine_contact' 'od_max_conf_drying_bed'
 'od_max_conf_oxidation_pond']. At least one non-missing value is needed for imputation with strategy='median'.
  warnings.warn(
/work/GRDVULN/correction/.venv/lib64/python3.11/site-packages/sklearn/impute/_base.py:647: UserWarning: Skipping features without any observed values: ['od_max_conf_chlorine_contact' 'od_max_conf_drying_bed'
 'od_max_conf_oxidation_pond']. At least one non-missing value is needed for imputation with strategy='median'.
  warnings.warn(
/work/GRDVULN/correction/.venv/lib64/python3.11/site-packages/sklearn/impute/_base.py:647: UserWarning: Skipping features without any observed values: ['od_max_conf_chlorine_contact' 'od_max_conf_drying_bed'
 'od_max_conf_oxidation_pond']. At least one non-missing value is needed for imputation with strategy='median'.
  warnings.warn(
/work/GRDVULN/correction/.venv/lib64/python3.11/site-packages/sklearn/impute/_base.py:647: UserWarning: Skipping features without any observed values: ['od_max_conf_chlorine_contact' 'od_max_conf_drying_bed'
 'od_max_conf_oxidation_pond']. At least one non-missing value is needed for imputation with strategy='median'.
  warnings.warn(
/work/GRDVULN/correction/.venv/lib64/python3.11/site-packages/sklearn/impute/_base.py:647: UserWarning: Skipping features without any observed values: ['od_max_conf_chlorine_contact' 'od_max_conf_drying_bed'
 'od_max_conf_oxidation_pond']. At least one non-missing value is needed for imputation with strategy='median'.
  warnings.warn(
/work/GRDVULN/correction/.venv/lib64/python3.11/site-packages/sklearn/impute/_base.py:647: UserWarning: Skipping features without any observed values: ['od_max_conf_chlorine_contact' 'od_max_conf_drying_bed'
 'od_max_conf_oxidation_pond']. At least one non-missing value is needed for imputation with strategy='median'.
  warnings.warn(
/work/GRDVULN/correction/.venv/lib64/python3.11/site-packages/sklearn/impute/_base.py:647: UserWarning: Skipping features without any observed values: ['od_max_conf_chlorine_contact' 'od_max_conf_drying_bed'
 'od_max_conf_oxidation_pond']. At least one non-missing value is needed for imputation with strategy='median'.
  warnings.warn(
/work/GRDVULN/correction/.venv/lib64/python3.11/site-packages/sklearn/impute/_base.py:647: UserWarning: Skipping features without any observed values: ['od_max_conf_chlorine_contact' 'od_max_conf_drying_bed'
 'od_max_conf_oxidation_pond']. At least one non-missing value is needed for imputation with strategy='median'.
  warnings.warn(
/work/GRDVULN/correction/.venv/lib64/python3.11/site-packages/sklearn/impute/_base.py:647: UserWarning: Skipping features without any observed values: ['od_max_conf_chlorine_contact' 'od_max_conf_drying_bed'
 'od_max_conf_oxidation_pond']. At least one non-missing value is needed for imputation with strategy='median'.
  warnings.warn(
/work/GRDVULN/correction/.venv/lib64/python3.11/site-packages/sklearn/impute/_base.py:647: UserWarning: Skipping features without any observed values: ['od_max_conf_chlorine_contact' 'od_max_conf_drying_bed'
 'od_max_conf_oxidation_pond']. At least one non-missing value is needed for imputation with strategy='median'.
  warnings.warn(
/work/GRDVULN/correction/.venv/lib64/python3.11/site-packages/sklearn/impute/_base.py:647: UserWarning: Skipping features without any observed values: ['od_max_conf_chlorine_contact' 'od_max_conf_drying_bed'
 'od_max_conf_oxidation_pond']. At least one non-missing value is needed for imputation with strategy='median'.
  warnings.warn(
/work/GRDVULN/correction/.venv/lib64/python3.11/site-packages/sklearn/impute/_base.py:647: UserWarning: Skipping features without any observed values: ['od_max_conf_chlorine_contact' 'od_max_conf_drying_bed'
 'od_max_conf_oxidation_pond']. At least one non-missing value is needed for imputation with strategy='median'.
  warnings.warn(
/work/GRDVULN/correction/.venv/lib64/python3.11/site-packages/sklearn/impute/_base.py:647: UserWarning: Skipping features without any observed values: ['od_max_conf_chlorine_contact' 'od_max_conf_drying_bed'
 'od_max_conf_oxidation_pond']. At least one non-missing value is needed for imputation with strategy='median'.
  warnings.warn(
/work/GRDVULN/correction/.venv/lib64/python3.11/site-packages/sklearn/impute/_base.py:647: UserWarning: Skipping features without any observed values: ['od_max_conf_chlorine_contact' 'od_max_conf_drying_bed'
 'od_max_conf_oxidation_pond']. At least one non-missing value is needed for imputation with strategy='median'.
  warnings.warn(
/work/GRDVULN/correction/.venv/lib64/python3.11/site-packages/sklearn/impute/_base.py:647: UserWarning: Skipping features without any observed values: ['od_max_conf_chlorine_contact' 'od_max_conf_drying_bed'
 'od_max_conf_oxidation_pond']. At least one non-missing value is needed for imputation with strategy='median'.
  warnings.warn(
/work/GRDVULN/correction/.venv/lib64/python3.11/site-packages/sklearn/impute/_base.py:647: UserWarning: Skipping features without any observed values: ['od_max_conf_chlorine_contact' 'od_max_conf_drying_bed'
 'od_max_conf_oxidation_pond']. At least one non-missing value is needed for imputation with strategy='median'.
  warnings.warn(
/work/GRDVULN/correction/.venv/lib64/python3.11/site-packages/sklearn/impute/_base.py:647: UserWarning: Skipping features without any observed values: ['od_max_conf_chlorine_contact' 'od_max_conf_drying_bed'
 'od_max_conf_oxidation_pond']. At least one non-missing value is needed for imputation with strategy='median'.
  warnings.warn(
/work/GRDVULN/correction/.venv/lib64/python3.11/site-packages/sklearn/impute/_base.py:647: UserWarning: Skipping features without any observed values: ['od_max_conf_chlorine_contact' 'od_max_conf_drying_bed'
 'od_max_conf_oxidation_pond']. At least one non-missing value is needed for imputation with strategy='median'.
  warnings.warn(
/work/GRDVULN/correction/.venv/lib64/python3.11/site-packages/sklearn/impute/_base.py:647: UserWarning: Skipping features without any observed values: ['od_max_conf_chlorine_contact' 'od_max_conf_drying_bed'
 'od_max_conf_oxidation_pond']. At least one non-missing value is needed for imputation with strategy='median'.
  warnings.warn(
/work/GRDVULN/correction/.venv/lib64/python3.11/site-packages/sklearn/impute/_base.py:647: UserWarning: Skipping features without any observed values: ['od_max_conf_chlorine_contact' 'od_max_conf_drying_bed'
 'od_max_conf_oxidation_pond']. At least one non-missing value is needed for imputation with strategy='median'.
  warnings.warn(
/work/GRDVULN/correction/.venv/lib64/python3.11/site-packages/sklearn/impute/_base.py:647: UserWarning: Skipping features without any observed values: ['od_max_conf_chlorine_contact' 'od_max_conf_drying_bed'
 'od_max_conf_oxidation_pond']. At least one non-missing value is needed for imputation with strategy='median'.
  warnings.warn(
/work/GRDVULN/correction/.venv/lib64/python3.11/site-packages/sklearn/impute/_base.py:647: UserWarning: Skipping features without any observed values: ['od_max_conf_chlorine_contact' 'od_max_conf_drying_bed'
 'od_max_conf_oxidation_pond']. At least one non-missing value is needed for imputation with strategy='median'.
  warnings.warn(
/work/GRDVULN/correction/.venv/lib64/python3.11/site-packages/sklearn/impute/_base.py:647: UserWarning: Skipping features without any observed values: ['od_max_conf_chlorine_contact' 'od_max_conf_drying_bed'
 'od_max_conf_oxidation_pond']. At least one non-missing value is needed for imputation with strategy='median'.
  warnings.warn(
/work/GRDVULN/correction/.venv/lib64/python3.11/site-packages/sklearn/impute/_base.py:647: UserWarning: Skipping features without any observed values: ['od_max_conf_chlorine_contact' 'od_max_conf_drying_bed'
 'od_max_conf_oxidation_pond']. At least one non-missing value is needed for imputation with strategy='median'.
  warnings.warn(
/work/GRDVULN/correction/.venv/lib64/python3.11/site-packages/sklearn/impute/_base.py:647: UserWarning: Skipping features without any observed values: ['od_max_conf_chlorine_contact' 'od_max_conf_drying_bed'
 'od_max_conf_oxidation_pond']. At least one non-missing value is needed for imputation with strategy='median'.
  warnings.warn(
/work/GRDVULN/correction/.venv/lib64/python3.11/site-packages/sklearn/impute/_base.py:647: UserWarning: Skipping features without any observed values: ['od_max_conf_chlorine_contact' 'od_max_conf_drying_bed'
 'od_max_conf_oxidation_pond']. At least one non-missing value is needed for imputation with strategy='median'.
  warnings.warn(
/work/GRDVULN/correction/.venv/lib64/python3.11/site-packages/sklearn/impute/_base.py:647: UserWarning: Skipping features without any observed values: ['od_max_conf_chlorine_contact' 'od_max_conf_drying_bed'
 'od_max_conf_oxidation_pond']. At least one non-missing value is needed for imputation with strategy='median'.
  warnings.warn(
/work/GRDVULN/correction/.venv/lib64/python3.11/site-packages/sklearn/impute/_base.py:647: UserWarning: Skipping features without any observed values: ['od_max_conf_chlorine_contact' 'od_max_conf_drying_bed'
 'od_max_conf_oxidation_pond']. At least one non-missing value is needed for imputation with strategy='median'.
  warnings.warn(
/work/GRDVULN/correction/.venv/lib64/python3.11/site-packages/sklearn/impute/_base.py:647: UserWarning: Skipping features without any observed values: ['od_max_conf_chlorine_contact' 'od_max_conf_drying_bed'
 'od_max_conf_oxidation_pond']. At least one non-missing value is needed for imputation with strategy='median'.
  warnings.warn(
/work/GRDVULN/correction/.venv/lib64/python3.11/site-packages/sklearn/impute/_base.py:647: UserWarning: Skipping features without any observed values: ['od_max_conf_chlorine_contact' 'od_max_conf_drying_bed'
 'od_max_conf_oxidation_pond']. At least one non-missing value is needed for imputation with strategy='median'.
  warnings.warn(
/work/GRDVULN/correction/.venv/lib64/python3.11/site-packages/sklearn/impute/_base.py:647: UserWarning: Skipping features without any observed values: ['od_max_conf_chlorine_contact' 'od_max_conf_drying_bed'
 'od_max_conf_oxidation_pond']. At least one non-missing value is needed for imputation with strategy='median'.
  warnings.warn(
/work/GRDVULN/correction/.venv/lib64/python3.11/site-packages/sklearn/impute/_base.py:647: UserWarning: Skipping features without any observed values: ['od_max_conf_chlorine_contact' 'od_max_conf_drying_bed'
 'od_max_conf_oxidation_pond']. At least one non-missing value is needed for imputation with strategy='median'.
  warnings.warn(
/work/GRDVULN/correction/.venv/lib64/python3.11/site-packages/sklearn/impute/_base.py:647: UserWarning: Skipping features without any observed values: ['od_max_conf_chlorine_contact' 'od_max_conf_drying_bed'
 'od_max_conf_oxidation_pond']. At least one non-missing value is needed for imputation with strategy='median'.
  warnings.warn(
/work/GRDVULN/correction/.venv/lib64/python3.11/site-packages/sklearn/impute/_base.py:647: UserWarning: Skipping features without any observed values: ['od_max_conf_chlorine_contact' 'od_max_conf_drying_bed'
 'od_max_conf_oxidation_pond']. At least one non-missing value is needed for imputation with strategy='median'.
  warnings.warn(
/work/GRDVULN/correction/.venv/lib64/python3.11/site-packages/sklearn/impute/_base.py:647: UserWarning: Skipping features without any observed values: ['od_max_conf_chlorine_contact' 'od_max_conf_drying_bed'
 'od_max_conf_oxidation_pond']. At least one non-missing value is needed for imputation with strategy='median'.
  warnings.warn(
/work/GRDVULN/correction/.venv/lib64/python3.11/site-packages/sklearn/impute/_base.py:647: UserWarning: Skipping features without any observed values: ['od_max_conf_chlorine_contact' 'od_max_conf_drying_bed'
 'od_max_conf_oxidation_pond']. At least one non-missing value is needed for imputation with strategy='median'.
  warnings.warn(
/work/GRDVULN/correction/.venv/lib64/python3.11/site-packages/sklearn/impute/_base.py:647: UserWarning: Skipping features without any observed values: ['od_max_conf_chlorine_contact' 'od_max_conf_drying_bed'
 'od_max_conf_oxidation_pond']. At least one non-missing value is needed for imputation with strategy='median'.
  warnings.warn(
/work/GRDVULN/correction/.venv/lib64/python3.11/site-packages/sklearn/impute/_base.py:647: UserWarning: Skipping features without any observed values: ['od_max_conf_chlorine_contact' 'od_max_conf_drying_bed'
 'od_max_conf_oxidation_pond']. At least one non-missing value is needed for imputation with strategy='median'.
  warnings.warn(
/work/GRDVULN/correction/.venv/lib64/python3.11/site-packages/sklearn/impute/_base.py:647: UserWarning: Skipping features without any observed values: ['od_max_conf_chlorine_contact' 'od_max_conf_drying_bed'
 'od_max_conf_oxidation_pond']. At least one non-missing value is needed for imputation with strategy='median'.
  warnings.warn(
/work/GRDVULN/correction/.venv/lib64/python3.11/site-packages/sklearn/impute/_base.py:647: UserWarning: Skipping features without any observed values: ['od_max_conf_chlorine_contact' 'od_max_conf_drying_bed'
 'od_max_conf_oxidation_pond']. At least one non-missing value is needed for imputation with strategy='median'.
  warnings.warn(
/work/GRDVULN/correction/.venv/lib64/python3.11/site-packages/sklearn/impute/_base.py:647: UserWarning: Skipping features without any observed values: ['od_max_conf_chlorine_contact' 'od_max_conf_drying_bed'
 'od_max_conf_oxidation_pond']. At least one non-missing value is needed for imputation with strategy='median'.
  warnings.warn(
/work/GRDVULN/correction/.venv/lib64/python3.11/site-packages/sklearn/impute/_base.py:647: UserWarning: Skipping features without any observed values: ['od_max_conf_chlorine_contact' 'od_max_conf_drying_bed'
 'od_max_conf_oxidation_pond']. At least one non-missing value is needed for imputation with strategy='median'.
  warnings.warn(
/work/GRDVULN/correction/.venv/lib64/python3.11/site-packages/sklearn/impute/_base.py:647: UserWarning: Skipping features without any observed values: ['od_max_conf_chlorine_contact' 'od_max_conf_drying_bed'
 'od_max_conf_oxidation_pond']. At least one non-missing value is needed for imputation with strategy='median'.
  warnings.warn(
/work/GRDVULN/correction/.venv/lib64/python3.11/site-packages/sklearn/impute/_base.py:647: UserWarning: Skipping features without any observed values: ['od_max_conf_chlorine_contact' 'od_max_conf_drying_bed'
 'od_max_conf_oxidation_pond']. At least one non-missing value is needed for imputation with strategy='median'.
  warnings.warn(
/work/GRDVULN/correction/.venv/lib64/python3.11/site-packages/sklearn/impute/_base.py:647: UserWarning: Skipping features without any observed values: ['od_max_conf_chlorine_contact' 'od_max_conf_drying_bed'
 'od_max_conf_oxidation_pond']. At least one non-missing value is needed for imputation with strategy='median'.
  warnings.warn(
/work/GRDVULN/correction/.venv/lib64/python3.11/site-packages/sklearn/impute/_base.py:647: UserWarning: Skipping features without any observed values: ['od_max_conf_chlorine_contact' 'od_max_conf_drying_bed'
 'od_max_conf_oxidation_pond']. At least one non-missing value is needed for imputation with strategy='median'.
  warnings.warn(
/work/GRDVULN/correction/.venv/lib64/python3.11/site-packages/sklearn/impute/_base.py:647: UserWarning: Skipping features without any observed values: ['od_max_conf_chlorine_contact' 'od_max_conf_drying_bed'
 'od_max_conf_oxidation_pond']. At least one non-missing value is needed for imputation with strategy='median'.
  warnings.warn(
/work/GRDVULN/correction/.venv/lib64/python3.11/site-packages/sklearn/impute/_base.py:647: UserWarning: Skipping features without any observed values: ['od_max_conf_chlorine_contact' 'od_max_conf_drying_bed'
 'od_max_conf_oxidation_pond']. At least one non-missing value is needed for imputation with strategy='median'.
  warnings.warn(
/work/GRDVULN/correction/.venv/lib64/python3.11/site-packages/sklearn/impute/_base.py:647: UserWarning: Skipping features without any observed values: ['od_max_conf_chlorine_contact' 'od_max_conf_drying_bed'
 'od_max_conf_oxidation_pond']. At least one non-missing value is needed for imputation with strategy='median'.
  warnings.warn(
/work/GRDVULN/correction/.venv/lib64/python3.11/site-packages/sklearn/impute/_base.py:647: UserWarning: Skipping features without any observed values: ['od_max_conf_chlorine_contact' 'od_max_conf_drying_bed'
 'od_max_conf_oxidation_pond']. At least one non-missing value is needed for imputation with strategy='median'.
  warnings.warn(
/work/GRDVULN/correction/.venv/lib64/python3.11/site-packages/sklearn/impute/_base.py:647: UserWarning: Skipping features without any observed values: ['od_max_conf_chlorine_contact' 'od_max_conf_drying_bed'
 'od_max_conf_oxidation_pond']. At least one non-missing value is needed for imputation with strategy='median'.
  warnings.warn(
/work/GRDVULN/correction/.venv/lib64/python3.11/site-packages/sklearn/impute/_base.py:647: UserWarning: Skipping features without any observed values: ['od_max_conf_chlorine_contact' 'od_max_conf_drying_bed'
 'od_max_conf_oxidation_pond']. At least one non-missing value is needed for imputation with strategy='median'.
  warnings.warn(
/work/GRDVULN/correction/.venv/lib64/python3.11/site-packages/sklearn/impute/_base.py:647: UserWarning: Skipping features without any observed values: ['od_max_conf_chlorine_contact' 'od_max_conf_drying_bed'
 'od_max_conf_oxidation_pond']. At least one non-missing value is needed for imputation with strategy='median'.
  warnings.warn(
/work/GRDVULN/correction/.venv/lib64/python3.11/site-packages/sklearn/impute/_base.py:647: UserWarning: Skipping features without any observed values: ['od_max_conf_chlorine_contact' 'od_max_conf_drying_bed'
 'od_max_conf_oxidation_pond']. At least one non-missing value is needed for imputation with strategy='median'.
  warnings.warn(
/work/GRDVULN/correction/.venv/lib64/python3.11/site-packages/sklearn/impute/_base.py:647: UserWarning: Skipping features without any observed values: ['od_max_conf_chlorine_contact' 'od_max_conf_drying_bed'
 'od_max_conf_oxidation_pond']. At least one non-missing value is needed for imputation with strategy='median'.
  warnings.warn(
/work/GRDVULN/correction/.venv/lib64/python3.11/site-packages/sklearn/impute/_base.py:647: UserWarning: Skipping features without any observed values: ['od_max_conf_chlorine_contact' 'od_max_conf_drying_bed'
 'od_max_conf_oxidation_pond']. At least one non-missing value is needed for imputation with strategy='median'.
  warnings.warn(
/work/GRDVULN/correction/.venv/lib64/python3.11/site-packages/sklearn/impute/_base.py:647: UserWarning: Skipping features without any observed values: ['od_max_conf_chlorine_contact' 'od_max_conf_drying_bed'
 'od_max_conf_oxidation_pond']. At least one non-missing value is needed for imputation with strategy='median'.
  warnings.warn(
/work/GRDVULN/correction/.venv/lib64/python3.11/site-packages/sklearn/impute/_base.py:647: UserWarning: Skipping features without any observed values: ['od_max_conf_chlorine_contact' 'od_max_conf_drying_bed'
 'od_max_conf_oxidation_pond']. At least one non-missing value is needed for imputation with strategy='median'.
  warnings.warn(
/work/GRDVULN/correction/.venv/lib64/python3.11/site-packages/sklearn/impute/_base.py:647: UserWarning: Skipping features without any observed values: ['od_max_conf_chlorine_contact' 'od_max_conf_drying_bed'
 'od_max_conf_oxidation_pond']. At least one non-missing value is needed for imputation with strategy='median'.
  warnings.warn(
/work/GRDVULN/correction/.venv/lib64/python3.11/site-packages/sklearn/impute/_base.py:647: UserWarning: Skipping features without any observed values: ['od_max_conf_chlorine_contact' 'od_max_conf_drying_bed'
 'od_max_conf_oxidation_pond']. At least one non-missing value is needed for imputation with strategy='median'.
  warnings.warn(
/work/GRDVULN/correction/.venv/lib64/python3.11/site-packages/sklearn/impute/_base.py:647: UserWarning: Skipping features without any observed values: ['od_max_conf_chlorine_contact' 'od_max_conf_drying_bed'
 'od_max_conf_oxidation_pond']. At least one non-missing value is needed for imputation with strategy='median'.
  warnings.warn(
/work/GRDVULN/correction/.venv/lib64/python3.11/site-packages/sklearn/impute/_base.py:647: UserWarning: Skipping features without any observed values: ['od_max_conf_chlorine_contact' 'od_max_conf_drying_bed'
 'od_max_conf_oxidation_pond']. At least one non-missing value is needed for imputation with strategy='median'.
  warnings.warn(
/work/GRDVULN/correction/.venv/lib64/python3.11/site-packages/sklearn/impute/_base.py:647: UserWarning: Skipping features without any observed values: ['od_max_conf_chlorine_contact' 'od_max_conf_drying_bed'
 'od_max_conf_oxidation_pond']. At least one non-missing value is needed for imputation with strategy='median'.
  warnings.warn(
/work/GRDVULN/correction/.venv/lib64/python3.11/site-packages/sklearn/impute/_base.py:647: UserWarning: Skipping features without any observed values: ['od_max_conf_chlorine_contact' 'od_max_conf_drying_bed'
 'od_max_conf_oxidation_pond']. At least one non-missing value is needed for imputation with strategy='median'.
  warnings.warn(
/work/GRDVULN/correction/.venv/lib64/python3.11/site-packages/sklearn/impute/_base.py:647: UserWarning: Skipping features without any observed values: ['od_max_conf_chlorine_contact' 'od_max_conf_drying_bed'
 'od_max_conf_oxidation_pond']. At least one non-missing value is needed for imputation with strategy='median'.
  warnings.warn(
/work/GRDVULN/correction/.venv/lib64/python3.11/site-packages/sklearn/impute/_base.py:647: UserWarning: Skipping features without any observed values: ['od_max_conf_chlorine_contact' 'od_max_conf_drying_bed'
 'od_max_conf_oxidation_pond']. At least one non-missing value is needed for imputation with strategy='median'.
  warnings.warn(
/work/GRDVULN/correction/.venv/lib64/python3.11/site-packages/sklearn/impute/_base.py:647: UserWarning: Skipping features without any observed values: ['od_max_conf_chlorine_contact' 'od_max_conf_drying_bed'
 'od_max_conf_oxidation_pond']. At least one non-missing value is needed for imputation with strategy='median'.
  warnings.warn(
/work/GRDVULN/correction/.venv/lib64/python3.11/site-packages/sklearn/impute/_base.py:647: UserWarning: Skipping features without any observed values: ['od_max_conf_chlorine_contact' 'od_max_conf_drying_bed'
 'od_max_conf_oxidation_pond']. At least one non-missing value is needed for imputation with strategy='median'.
  warnings.warn(
/work/GRDVULN/correction/.venv/lib64/python3.11/site-packages/sklearn/impute/_base.py:647: UserWarning: Skipping features without any observed values: ['od_max_conf_chlorine_contact' 'od_max_conf_drying_bed'
 'od_max_conf_oxidation_pond']. At least one non-missing value is needed for imputation with strategy='median'.
  warnings.warn(
/work/GRDVULN/correction/.venv/lib64/python3.11/site-packages/sklearn/impute/_base.py:647: UserWarning: Skipping features without any observed values: ['od_max_conf_chlorine_contact' 'od_max_conf_drying_bed'
 'od_max_conf_oxidation_pond']. At least one non-missing value is needed for imputation with strategy='median'.
  warnings.warn(
/work/GRDVULN/correction/.venv/lib64/python3.11/site-packages/sklearn/impute/_base.py:647: UserWarning: Skipping features without any observed values: ['od_max_conf_chlorine_contact' 'od_max_conf_drying_bed'
 'od_max_conf_oxidation_pond']. At least one non-missing value is needed for imputation with strategy='median'.
  warnings.warn(
/work/GRDVULN/correction/.venv/lib64/python3.11/site-packages/sklearn/impute/_base.py:647: UserWarning: Skipping features without any observed values: ['od_max_conf_chlorine_contact' 'od_max_conf_drying_bed'
 'od_max_conf_oxidation_pond']. At least one non-missing value is needed for imputation with strategy='median'.
  warnings.warn(
/work/GRDVULN/correction/.venv/lib64/python3.11/site-packages/sklearn/impute/_base.py:647: UserWarning: Skipping features without any observed values: ['od_max_conf_chlorine_contact' 'od_max_conf_drying_bed'
 'od_max_conf_oxidation_pond']. At least one non-missing value is needed for imputation with strategy='median'.
  warnings.warn(
/work/GRDVULN/correction/.venv/lib64/python3.11/site-packages/sklearn/impute/_base.py:647: UserWarning: Skipping features without any observed values: ['od_max_conf_chlorine_contact' 'od_max_conf_drying_bed'
 'od_max_conf_oxidation_pond']. At least one non-missing value is needed for imputation with strategy='median'.
  warnings.warn(
/work/GRDVULN/correction/.venv/lib64/python3.11/site-packages/sklearn/impute/_base.py:647: UserWarning: Skipping features without any observed values: ['od_max_conf_chlorine_contact' 'od_max_conf_drying_bed'
 'od_max_conf_oxidation_pond']. At least one non-missing value is needed for imputation with strategy='median'.
  warnings.warn(
/work/GRDVULN/correction/.venv/lib64/python3.11/site-packages/sklearn/impute/_base.py:647: UserWarning: Skipping features without any observed values: ['od_max_conf_chlorine_contact' 'od_max_conf_drying_bed'
 'od_max_conf_oxidation_pond']. At least one non-missing value is needed for imputation with strategy='median'.
  warnings.warn(
/work/GRDVULN/correction/.venv/lib64/python3.11/site-packages/sklearn/impute/_base.py:647: UserWarning: Skipping features without any observed values: ['od_max_conf_chlorine_contact' 'od_max_conf_drying_bed'
 'od_max_conf_oxidation_pond']. At least one non-missing value is needed for imputation with strategy='median'.
  warnings.warn(
/work/GRDVULN/correction/.venv/lib64/python3.11/site-packages/sklearn/impute/_base.py:647: UserWarning: Skipping features without any observed values: ['od_max_conf_chlorine_contact' 'od_max_conf_drying_bed'
 'od_max_conf_oxidation_pond']. At least one non-missing value is needed for imputation with strategy='median'.
  warnings.warn(
/work/GRDVULN/correction/.venv/lib64/python3.11/site-packages/sklearn/impute/_base.py:647: UserWarning: Skipping features without any observed values: ['od_max_conf_chlorine_contact' 'od_max_conf_drying_bed'
 'od_max_conf_oxidation_pond']. At least one non-missing value is needed for imputation with strategy='median'.
  warnings.warn(
/work/GRDVULN/correction/.venv/lib64/python3.11/site-packages/sklearn/impute/_base.py:647: UserWarning: Skipping features without any observed values: ['od_max_conf_chlorine_contact' 'od_max_conf_drying_bed'
 'od_max_conf_oxidation_pond']. At least one non-missing value is needed for imputation with strategy='median'.
  warnings.warn(
/work/GRDVULN/correction/.venv/lib64/python3.11/site-packages/sklearn/impute/_base.py:647: UserWarning: Skipping features without any observed values: ['od_max_conf_chlorine_contact' 'od_max_conf_drying_bed'
 'od_max_conf_oxidation_pond']. At least one non-missing value is needed for imputation with strategy='median'.
  warnings.warn(
/work/GRDVULN/correction/.venv/lib64/python3.11/site-packages/sklearn/impute/_base.py:647: UserWarning: Skipping features without any observed values: ['od_max_conf_chlorine_contact' 'od_max_conf_drying_bed'
 'od_max_conf_oxidation_pond']. At least one non-missing value is needed for imputation with strategy='median'.
  warnings.warn(
/work/GRDVULN/correction/.venv/lib64/python3.11/site-packages/sklearn/impute/_base.py:647: UserWarning: Skipping features without any observed values: ['od_max_conf_chlorine_contact' 'od_max_conf_drying_bed'
 'od_max_conf_oxidation_pond']. At least one non-missing value is needed for imputation with strategy='median'.
  warnings.warn(
/work/GRDVULN/correction/.venv/lib64/python3.11/site-packages/sklearn/impute/_base.py:647: UserWarning: Skipping features without any observed values: ['od_max_conf_chlorine_contact' 'od_max_conf_drying_bed'
 'od_max_conf_oxidation_pond']. At least one non-missing value is needed for imputation with strategy='median'.
  warnings.warn(
/work/GRDVULN/correction/.venv/lib64/python3.11/site-packages/sklearn/impute/_base.py:647: UserWarning: Skipping features without any observed values: ['od_max_conf_chlorine_contact' 'od_max_conf_drying_bed'
 'od_max_conf_oxidation_pond']. At least one non-missing value is needed for imputation with strategy='median'.
  warnings.warn(
/work/GRDVULN/correction/.venv/lib64/python3.11/site-packages/sklearn/impute/_base.py:647: UserWarning: Skipping features without any observed values: ['od_max_conf_chlorine_contact' 'od_max_conf_drying_bed'
 'od_max_conf_oxidation_pond']. At least one non-missing value is needed for imputation with strategy='median'.
  warnings.warn(
/work/GRDVULN/correction/.venv/lib64/python3.11/site-packages/sklearn/impute/_base.py:647: UserWarning: Skipping features without any observed values: ['od_max_conf_chlorine_contact' 'od_max_conf_drying_bed'
 'od_max_conf_oxidation_pond']. At least one non-missing value is needed for imputation with strategy='median'.
  warnings.warn(
/work/GRDVULN/correction/.venv/lib64/python3.11/site-packages/sklearn/impute/_base.py:647: UserWarning: Skipping features without any observed values: ['od_max_conf_chlorine_contact' 'od_max_conf_drying_bed'
 'od_max_conf_oxidation_pond']. At least one non-missing value is needed for imputation with strategy='median'.
  warnings.warn(
/work/GRDVULN/correction/.venv/lib64/python3.11/site-packages/sklearn/impute/_base.py:647: UserWarning: Skipping features without any observed values: ['od_max_conf_chlorine_contact' 'od_max_conf_drying_bed'
 'od_max_conf_oxidation_pond']. At least one non-missing value is needed for imputation with strategy='median'.
  warnings.warn(
/work/GRDVULN/correction/.venv/lib64/python3.11/site-packages/sklearn/impute/_base.py:647: UserWarning: Skipping features without any observed values: ['od_max_conf_chlorine_contact' 'od_max_conf_drying_bed'
 'od_max_conf_oxidation_pond']. At least one non-missing value is needed for imputation with strategy='median'.
  warnings.warn(
/work/GRDVULN/correction/.venv/lib64/python3.11/site-packages/sklearn/impute/_base.py:647: UserWarning: Skipping features without any observed values: ['od_max_conf_chlorine_contact' 'od_max_conf_drying_bed'
 'od_max_conf_oxidation_pond']. At least one non-missing value is needed for imputation with strategy='median'.
  warnings.warn(
/work/GRDVULN/correction/.venv/lib64/python3.11/site-packages/sklearn/impute/_base.py:647: UserWarning: Skipping features without any observed values: ['od_max_conf_chlorine_contact' 'od_max_conf_drying_bed'
 'od_max_conf_oxidation_pond']. At least one non-missing value is needed for imputation with strategy='median'.
  warnings.warn(
/work/GRDVULN/correction/.venv/lib64/python3.11/site-packages/sklearn/impute/_base.py:647: UserWarning: Skipping features without any observed values: ['od_max_conf_chlorine_contact' 'od_max_conf_drying_bed'
 'od_max_conf_oxidation_pond']. At least one non-missing value is needed for imputation with strategy='median'.
  warnings.warn(
/work/GRDVULN/correction/.venv/lib64/python3.11/site-packages/sklearn/impute/_base.py:647: UserWarning: Skipping features without any observed values: ['od_max_conf_chlorine_contact' 'od_max_conf_drying_bed'
 'od_max_conf_oxidation_pond']. At least one non-missing value is needed for imputation with strategy='median'.
  warnings.warn(
/work/GRDVULN/correction/.venv/lib64/python3.11/site-packages/sklearn/impute/_base.py:647: UserWarning: Skipping features without any observed values: ['od_max_conf_chlorine_contact' 'od_max_conf_drying_bed'
 'od_max_conf_oxidation_pond']. At least one non-missing value is needed for imputation with strategy='median'.
  warnings.warn(
/work/GRDVULN/correction/.venv/lib64/python3.11/site-packages/sklearn/impute/_base.py:647: UserWarning: Skipping features without any observed values: ['od_max_conf_chlorine_contact' 'od_max_conf_drying_bed'
 'od_max_conf_oxidation_pond']. At least one non-missing value is needed for imputation with strategy='median'.
  warnings.warn(
/work/GRDVULN/correction/.venv/lib64/python3.11/site-packages/sklearn/impute/_base.py:647: UserWarning: Skipping features without any observed values: ['od_max_conf_chlorine_contact' 'od_max_conf_drying_bed'
 'od_max_conf_oxidation_pond']. At least one non-missing value is needed for imputation with strategy='median'.
  warnings.warn(
/work/GRDVULN/correction/.venv/lib64/python3.11/site-packages/sklearn/impute/_base.py:647: UserWarning: Skipping features without any observed values: ['od_max_conf_chlorine_contact' 'od_max_conf_drying_bed'
 'od_max_conf_oxidation_pond']. At least one non-missing value is needed for imputation with strategy='median'.
  warnings.warn(
/work/GRDVULN/correction/.venv/lib64/python3.11/site-packages/sklearn/impute/_base.py:647: UserWarning: Skipping features without any observed values: ['od_max_conf_chlorine_contact' 'od_max_conf_drying_bed'
 'od_max_conf_oxidation_pond']. At least one non-missing value is needed for imputation with strategy='median'.
  warnings.warn(
/work/GRDVULN/correction/.venv/lib64/python3.11/site-packages/sklearn/impute/_base.py:647: UserWarning: Skipping features without any observed values: ['od_max_conf_chlorine_contact' 'od_max_conf_drying_bed'
 'od_max_conf_oxidation_pond']. At least one non-missing value is needed for imputation with strategy='median'.
  warnings.warn(
/work/GRDVULN/correction/.venv/lib64/python3.11/site-packages/sklearn/impute/_base.py:647: UserWarning: Skipping features without any observed values: ['od_max_conf_chlorine_contact' 'od_max_conf_drying_bed'
 'od_max_conf_oxidation_pond']. At least one non-missing value is needed for imputation with strategy='median'.
  warnings.warn(
/work/GRDVULN/correction/.venv/lib64/python3.11/site-packages/sklearn/impute/_base.py:647: UserWarning: Skipping features without any observed values: ['od_max_conf_chlorine_contact' 'od_max_conf_drying_bed'
 'od_max_conf_oxidation_pond']. At least one non-missing value is needed for imputation with strategy='median'.
  warnings.warn(
/work/GRDVULN/correction/.venv/lib64/python3.11/site-packages/sklearn/impute/_base.py:647: UserWarning: Skipping features without any observed values: ['od_max_conf_chlorine_contact' 'od_max_conf_drying_bed'
 'od_max_conf_oxidation_pond']. At least one non-missing value is needed for imputation with strategy='median'.
  warnings.warn(
/work/GRDVULN/correction/.venv/lib64/python3.11/site-packages/sklearn/impute/_base.py:647: UserWarning: Skipping features without any observed values: ['od_max_conf_chlorine_contact' 'od_max_conf_drying_bed'
 'od_max_conf_oxidation_pond']. At least one non-missing value is needed for imputation with strategy='median'.
  warnings.warn(
/work/GRDVULN/correction/.venv/lib64/python3.11/site-packages/sklearn/impute/_base.py:647: UserWarning: Skipping features without any observed values: ['od_max_conf_chlorine_contact' 'od_max_conf_drying_bed'
 'od_max_conf_oxidation_pond']. At least one non-missing value is needed for imputation with strategy='median'.
  warnings.warn(
/work/GRDVULN/correction/.venv/lib64/python3.11/site-packages/sklearn/impute/_base.py:647: UserWarning: Skipping features without any observed values: ['od_max_conf_chlorine_contact' 'od_max_conf_drying_bed'
 'od_max_conf_oxidation_pond']. At least one non-missing value is needed for imputation with strategy='median'.
  warnings.warn(
/work/GRDVULN/correction/.venv/lib64/python3.11/site-packages/sklearn/impute/_base.py:647: UserWarning: Skipping features without any observed values: ['od_max_conf_chlorine_contact' 'od_max_conf_drying_bed'
 'od_max_conf_oxidation_pond']. At least one non-missing value is needed for imputation with strategy='median'.
  warnings.warn(
/work/GRDVULN/correction/.venv/lib64/python3.11/site-packages/sklearn/impute/_base.py:647: UserWarning: Skipping features without any observed values: ['od_max_conf_chlorine_contact' 'od_max_conf_drying_bed'
 'od_max_conf_oxidation_pond']. At least one non-missing value is needed for imputation with strategy='median'.
  warnings.warn(
/work/GRDVULN/correction/.venv/lib64/python3.11/site-packages/sklearn/impute/_base.py:647: UserWarning: Skipping features without any observed values: ['od_max_conf_chlorine_contact' 'od_max_conf_drying_bed'
 'od_max_conf_oxidation_pond']. At least one non-missing value is needed for imputation with strategy='median'.
  warnings.warn(
/work/GRDVULN/correction/.venv/lib64/python3.11/site-packages/sklearn/impute/_base.py:647: UserWarning: Skipping features without any observed values: ['od_max_conf_chlorine_contact' 'od_max_conf_drying_bed'
 'od_max_conf_oxidation_pond']. At least one non-missing value is needed for imputation with strategy='median'.
  warnings.warn(
/work/GRDVULN/correction/.venv/lib64/python3.11/site-packages/sklearn/impute/_base.py:647: UserWarning: Skipping features without any observed values: ['od_max_conf_chlorine_contact' 'od_max_conf_drying_bed'
 'od_max_conf_oxidation_pond']. At least one non-missing value is needed for imputation with strategy='median'.
  warnings.warn(
/work/GRDVULN/correction/.venv/lib64/python3.11/site-packages/sklearn/impute/_base.py:647: UserWarning: Skipping features without any observed values: ['od_max_conf_chlorine_contact' 'od_max_conf_drying_bed'
 'od_max_conf_oxidation_pond']. At least one non-missing value is needed for imputation with strategy='median'.
  warnings.warn(
/work/GRDVULN/correction/.venv/lib64/python3.11/site-packages/sklearn/impute/_base.py:647: UserWarning: Skipping features without any observed values: ['od_max_conf_chlorine_contact' 'od_max_conf_drying_bed'
 'od_max_conf_oxidation_pond']. At least one non-missing value is needed for imputation with strategy='median'.
  warnings.warn(
/work/GRDVULN/correction/.venv/lib64/python3.11/site-packages/sklearn/impute/_base.py:647: UserWarning: Skipping features without any observed values: ['od_max_conf_chlorine_contact' 'od_max_conf_drying_bed'
 'od_max_conf_oxidation_pond']. At least one non-missing value is needed for imputation with strategy='median'.
  warnings.warn(
/work/GRDVULN/correction/.venv/lib64/python3.11/site-packages/sklearn/impute/_base.py:647: UserWarning: Skipping features without any observed values: ['od_max_conf_chlorine_contact' 'od_max_conf_drying_bed'
 'od_max_conf_oxidation_pond']. At least one non-missing value is needed for imputation with strategy='median'.
  warnings.warn(
/work/GRDVULN/correction/.venv/lib64/python3.11/site-packages/sklearn/impute/_base.py:647: UserWarning: Skipping features without any observed values: ['od_max_conf_chlorine_contact' 'od_max_conf_drying_bed'
 'od_max_conf_oxidation_pond']. At least one non-missing value is needed for imputation with strategy='median'.
  warnings.warn(
/work/GRDVULN/correction/.venv/lib64/python3.11/site-packages/sklearn/impute/_base.py:647: UserWarning: Skipping features without any observed values: ['od_max_conf_chlorine_contact' 'od_max_conf_drying_bed'
 'od_max_conf_oxidation_pond']. At least one non-missing value is needed for imputation with strategy='median'.
  warnings.warn(
/work/GRDVULN/correction/.venv/lib64/python3.11/site-packages/sklearn/impute/_base.py:647: UserWarning: Skipping features without any observed values: ['od_max_conf_chlorine_contact' 'od_max_conf_drying_bed'
 'od_max_conf_oxidation_pond']. At least one non-missing value is needed for imputation with strategy='median'.
  warnings.warn(
/work/GRDVULN/correction/.venv/lib64/python3.11/site-packages/sklearn/impute/_base.py:647: UserWarning: Skipping features without any observed values: ['od_max_conf_chlorine_contact' 'od_max_conf_drying_bed'
 'od_max_conf_oxidation_pond']. At least one non-missing value is needed for imputation with strategy='median'.
  warnings.warn(
/work/GRDVULN/correction/.venv/lib64/python3.11/site-packages/sklearn/impute/_base.py:647: UserWarning: Skipping features without any observed values: ['od_max_conf_chlorine_contact' 'od_max_conf_drying_bed'
 'od_max_conf_oxidation_pond']. At least one non-missing value is needed for imputation with strategy='median'.
  warnings.warn(
/work/GRDVULN/correction/.venv/lib64/python3.11/site-packages/sklearn/impute/_base.py:647: UserWarning: Skipping features without any observed values: ['od_max_conf_chlorine_contact' 'od_max_conf_drying_bed'
 'od_max_conf_oxidation_pond']. At least one non-missing value is needed for imputation with strategy='median'.
  warnings.warn(
/work/GRDVULN/correction/.venv/lib64/python3.11/site-packages/sklearn/impute/_base.py:647: UserWarning: Skipping features without any observed values: ['od_max_conf_chlorine_contact' 'od_max_conf_drying_bed'
 'od_max_conf_oxidation_pond']. At least one non-missing value is needed for imputation with strategy='median'.
  warnings.warn(
/work/GRDVULN/correction/.venv/lib64/python3.11/site-packages/sklearn/impute/_base.py:647: UserWarning: Skipping features without any observed values: ['od_max_conf_chlorine_contact' 'od_max_conf_drying_bed'
 'od_max_conf_oxidation_pond']. At least one non-missing value is needed for imputation with strategy='median'.
  warnings.warn(
/work/GRDVULN/correction/.venv/lib64/python3.11/site-packages/sklearn/impute/_base.py:647: UserWarning: Skipping features without any observed values: ['od_max_conf_chlorine_contact' 'od_max_conf_drying_bed'
 'od_max_conf_oxidation_pond']. At least one non-missing value is needed for imputation with strategy='median'.
  warnings.warn(
/work/GRDVULN/correction/.venv/lib64/python3.11/site-packages/sklearn/impute/_base.py:647: UserWarning: Skipping features without any observed values: ['od_max_conf_chlorine_contact' 'od_max_conf_drying_bed'
 'od_max_conf_oxidation_pond']. At least one non-missing value is needed for imputation with strategy='median'.
  warnings.warn(
/work/GRDVULN/correction/.venv/lib64/python3.11/site-packages/sklearn/impute/_base.py:647: UserWarning: Skipping features without any observed values: ['od_max_conf_chlorine_contact' 'od_max_conf_drying_bed'
 'od_max_conf_oxidation_pond']. At least one non-missing value is needed for imputation with strategy='median'.
  warnings.warn(
/work/GRDVULN/correction/.venv/lib64/python3.11/site-packages/sklearn/impute/_base.py:647: UserWarning: Skipping features without any observed values: ['od_max_conf_chlorine_contact' 'od_max_conf_drying_bed'
 'od_max_conf_oxidation_pond']. At least one non-missing value is needed for imputation with strategy='median'.
  warnings.warn(
/work/GRDVULN/correction/.venv/lib64/python3.11/site-packages/sklearn/impute/_base.py:647: UserWarning: Skipping features without any observed values: ['od_max_conf_chlorine_contact' 'od_max_conf_drying_bed'
 'od_max_conf_oxidation_pond']. At least one non-missing value is needed for imputation with strategy='median'.
  warnings.warn(
/work/GRDVULN/correction/.venv/lib64/python3.11/site-packages/sklearn/impute/_base.py:647: UserWarning: Skipping features without any observed values: ['od_max_conf_chlorine_contact' 'od_max_conf_drying_bed'
 'od_max_conf_oxidation_pond']. At least one non-missing value is needed for imputation with strategy='median'.
  warnings.warn(
/work/GRDVULN/correction/.venv/lib64/python3.11/site-packages/sklearn/impute/_base.py:647: UserWarning: Skipping features without any observed values: ['od_max_conf_chlorine_contact' 'od_max_conf_drying_bed'
 'od_max_conf_oxidation_pond']. At least one non-missing value is needed for imputation with strategy='median'.
  warnings.warn(
/work/GRDVULN/correction/.venv/lib64/python3.11/site-packages/sklearn/impute/_base.py:647: UserWarning: Skipping features without any observed values: ['od_max_conf_chlorine_contact' 'od_max_conf_drying_bed'
 'od_max_conf_oxidation_pond']. At least one non-missing value is needed for imputation with strategy='median'.
  warnings.warn(
/work/GRDVULN/correction/.venv/lib64/python3.11/site-packages/sklearn/impute/_base.py:647: UserWarning: Skipping features without any observed values: ['od_max_conf_chlorine_contact' 'od_max_conf_drying_bed'
 'od_max_conf_oxidation_pond']. At least one non-missing value is needed for imputation with strategy='median'.
  warnings.warn(
/work/GRDVULN/correction/.venv/lib64/python3.11/site-packages/sklearn/impute/_base.py:647: UserWarning: Skipping features without any observed values: ['od_max_conf_chlorine_contact' 'od_max_conf_drying_bed'
 'od_max_conf_oxidation_pond']. At least one non-missing value is needed for imputation with strategy='median'.
  warnings.warn(
/work/GRDVULN/correction/.venv/lib64/python3.11/site-packages/sklearn/impute/_base.py:647: UserWarning: Skipping features without any observed values: ['od_max_conf_chlorine_contact' 'od_max_conf_drying_bed'
 'od_max_conf_oxidation_pond']. At least one non-missing value is needed for imputation with strategy='median'.
  warnings.warn(
/work/GRDVULN/correction/.venv/lib64/python3.11/site-packages/sklearn/impute/_base.py:647: UserWarning: Skipping features without any observed values: ['od_max_conf_chlorine_contact' 'od_max_conf_drying_bed'
 'od_max_conf_oxidation_pond']. At least one non-missing value is needed for imputation with strategy='median'.
  warnings.warn(
/work/GRDVULN/correction/.venv/lib64/python3.11/site-packages/sklearn/impute/_base.py:647: UserWarning: Skipping features without any observed values: ['od_max_conf_chlorine_contact' 'od_max_conf_drying_bed'
 'od_max_conf_oxidation_pond']. At least one non-missing value is needed for imputation with strategy='median'.
  warnings.warn(
/work/GRDVULN/correction/.venv/lib64/python3.11/site-packages/sklearn/impute/_base.py:647: UserWarning: Skipping features without any observed values: ['od_max_conf_chlorine_contact' 'od_max_conf_drying_bed'
 'od_max_conf_oxidation_pond']. At least one non-missing value is needed for imputation with strategy='median'.
  warnings.warn(
/work/GRDVULN/correction/.venv/lib64/python3.11/site-packages/sklearn/impute/_base.py:647: UserWarning: Skipping features without any observed values: ['od_max_conf_chlorine_contact' 'od_max_conf_drying_bed'
 'od_max_conf_oxidation_pond']. At least one non-missing value is needed for imputation with strategy='median'.
  warnings.warn(
/work/GRDVULN/correction/.venv/lib64/python3.11/site-packages/sklearn/impute/_base.py:647: UserWarning: Skipping features without any observed values: ['od_max_conf_chlorine_contact' 'od_max_conf_drying_bed'
 'od_max_conf_oxidation_pond']. At least one non-missing value is needed for imputation with strategy='median'.
  warnings.warn(
/work/GRDVULN/correction/.venv/lib64/python3.11/site-packages/sklearn/impute/_base.py:647: UserWarning: Skipping features without any observed values: ['od_max_conf_chlorine_contact' 'od_max_conf_drying_bed'
 'od_max_conf_oxidation_pond']. At least one non-missing value is needed for imputation with strategy='median'.
  warnings.warn(
/work/GRDVULN/correction/.venv/lib64/python3.11/site-packages/sklearn/impute/_base.py:647: UserWarning: Skipping features without any observed values: ['od_max_conf_chlorine_contact' 'od_max_conf_drying_bed'
 'od_max_conf_oxidation_pond']. At least one non-missing value is needed for imputation with strategy='median'.
  warnings.warn(
/work/GRDVULN/correction/.venv/lib64/python3.11/site-packages/sklearn/impute/_base.py:647: UserWarning: Skipping features without any observed values: ['od_max_conf_chlorine_contact' 'od_max_conf_drying_bed'
 'od_max_conf_oxidation_pond']. At least one non-missing value is needed for imputation with strategy='median'.
  warnings.warn(
/work/GRDVULN/correction/.venv/lib64/python3.11/site-packages/sklearn/impute/_base.py:647: UserWarning: Skipping features without any observed values: ['od_max_conf_chlorine_contact' 'od_max_conf_drying_bed'
 'od_max_conf_oxidation_pond']. At least one non-missing value is needed for imputation with strategy='median'.
  warnings.warn(
/work/GRDVULN/correction/.venv/lib64/python3.11/site-packages/sklearn/impute/_base.py:647: UserWarning: Skipping features without any observed values: ['od_max_conf_chlorine_contact' 'od_max_conf_drying_bed'
 'od_max_conf_oxidation_pond']. At least one non-missing value is needed for imputation with strategy='median'.
  warnings.warn(
/work/GRDVULN/correction/.venv/lib64/python3.11/site-packages/sklearn/impute/_base.py:647: UserWarning: Skipping features without any observed values: ['od_max_conf_chlorine_contact' 'od_max_conf_drying_bed'
 'od_max_conf_oxidation_pond']. At least one non-missing value is needed for imputation with strategy='median'.
  warnings.warn(
/work/GRDVULN/correction/.venv/lib64/python3.11/site-packages/sklearn/impute/_base.py:647: UserWarning: Skipping features without any observed values: ['od_max_conf_chlorine_contact' 'od_max_conf_drying_bed'
 'od_max_conf_oxidation_pond']. At least one non-missing value is needed for imputation with strategy='median'.
  warnings.warn(
/work/GRDVULN/correction/.venv/lib64/python3.11/site-packages/sklearn/impute/_base.py:647: UserWarning: Skipping features without any observed values: ['od_max_conf_chlorine_contact' 'od_max_conf_drying_bed'
 'od_max_conf_oxidation_pond']. At least one non-missing value is needed for imputation with strategy='median'.
  warnings.warn(
/work/GRDVULN/correction/.venv/lib64/python3.11/site-packages/sklearn/impute/_base.py:647: UserWarning: Skipping features without any observed values: ['od_max_conf_chlorine_contact' 'od_max_conf_drying_bed'
 'od_max_conf_oxidation_pond']. At least one non-missing value is needed for imputation with strategy='median'.
  warnings.warn(
/work/GRDVULN/correction/.venv/lib64/python3.11/site-packages/sklearn/impute/_base.py:647: UserWarning: Skipping features without any observed values: ['od_max_conf_chlorine_contact' 'od_max_conf_drying_bed'
 'od_max_conf_oxidation_pond']. At least one non-missing value is needed for imputation with strategy='median'.
  warnings.warn(
/work/GRDVULN/correction/.venv/lib64/python3.11/site-packages/sklearn/impute/_base.py:647: UserWarning: Skipping features without any observed values: ['od_max_conf_chlorine_contact' 'od_max_conf_drying_bed'
 'od_max_conf_oxidation_pond']. At least one non-missing value is needed for imputation with strategy='median'.
  warnings.warn(
/work/GRDVULN/correction/.venv/lib64/python3.11/site-packages/sklearn/impute/_base.py:647: UserWarning: Skipping features without any observed values: ['od_max_conf_chlorine_contact' 'od_max_conf_drying_bed'
 'od_max_conf_oxidation_pond']. At least one non-missing value is needed for imputation with strategy='median'.
  warnings.warn(
/work/GRDVULN/correction/.venv/lib64/python3.11/site-packages/sklearn/impute/_base.py:647: UserWarning: Skipping features without any observed values: ['od_max_conf_chlorine_contact' 'od_max_conf_drying_bed'
 'od_max_conf_oxidation_pond']. At least one non-missing value is needed for imputation with strategy='median'.
  warnings.warn(
/work/GRDVULN/correction/.venv/lib64/python3.11/site-packages/sklearn/impute/_base.py:647: UserWarning: Skipping features without any observed values: ['od_max_conf_chlorine_contact' 'od_max_conf_drying_bed'
 'od_max_conf_oxidation_pond']. At least one non-missing value is needed for imputation with strategy='median'.
  warnings.warn(
/work/GRDVULN/correction/.venv/lib64/python3.11/site-packages/sklearn/impute/_base.py:647: UserWarning: Skipping features without any observed values: ['od_max_conf_chlorine_contact' 'od_max_conf_drying_bed'
 'od_max_conf_oxidation_pond']. At least one non-missing value is needed for imputation with strategy='median'.
  warnings.warn(
/work/GRDVULN/correction/.venv/lib64/python3.11/site-packages/sklearn/impute/_base.py:647: UserWarning: Skipping features without any observed values: ['od_max_conf_chlorine_contact' 'od_max_conf_drying_bed'
 'od_max_conf_oxidation_pond']. At least one non-missing value is needed for imputation with strategy='median'.
  warnings.warn(
/work/GRDVULN/correction/.venv/lib64/python3.11/site-packages/sklearn/impute/_base.py:647: UserWarning: Skipping features without any observed values: ['od_max_conf_chlorine_contact' 'od_max_conf_drying_bed'
 'od_max_conf_oxidation_pond']. At least one non-missing value is needed for imputation with strategy='median'.
  warnings.warn(
/work/GRDVULN/correction/.venv/lib64/python3.11/site-packages/sklearn/impute/_base.py:647: UserWarning: Skipping features without any observed values: ['od_max_conf_chlorine_contact' 'od_max_conf_drying_bed'
 'od_max_conf_oxidation_pond']. At least one non-missing value is needed for imputation with strategy='median'.
  warnings.warn(
/work/GRDVULN/correction/.venv/lib64/python3.11/site-packages/sklearn/impute/_base.py:647: UserWarning: Skipping features without any observed values: ['od_max_conf_chlorine_contact' 'od_max_conf_drying_bed'
 'od_max_conf_oxidation_pond']. At least one non-missing value is needed for imputation with strategy='median'.
  warnings.warn(
/work/GRDVULN/correction/.venv/lib64/python3.11/site-packages/sklearn/impute/_base.py:647: UserWarning: Skipping features without any observed values: ['od_max_conf_chlorine_contact' 'od_max_conf_drying_bed'
 'od_max_conf_oxidation_pond']. At least one non-missing value is needed for imputation with strategy='median'.
  warnings.warn(
/work/GRDVULN/correction/.venv/lib64/python3.11/site-packages/sklearn/impute/_base.py:647: UserWarning: Skipping features without any observed values: ['od_max_conf_chlorine_contact' 'od_max_conf_drying_bed'
 'od_max_conf_oxidation_pond']. At least one non-missing value is needed for imputation with strategy='median'.
  warnings.warn(
/work/GRDVULN/correction/.venv/lib64/python3.11/site-packages/sklearn/impute/_base.py:647: UserWarning: Skipping features without any observed values: ['od_max_conf_chlorine_contact' 'od_max_conf_drying_bed'
 'od_max_conf_oxidation_pond']. At least one non-missing value is needed for imputation with strategy='median'.
  warnings.warn(
/work/GRDVULN/correction/.venv/lib64/python3.11/site-packages/sklearn/impute/_base.py:647: UserWarning: Skipping features without any observed values: ['od_max_conf_chlorine_contact' 'od_max_conf_drying_bed'
 'od_max_conf_oxidation_pond']. At least one non-missing value is needed for imputation with strategy='median'.
  warnings.warn(
/work/GRDVULN/correction/.venv/lib64/python3.11/site-packages/sklearn/impute/_base.py:647: UserWarning: Skipping features without any observed values: ['od_max_conf_chlorine_contact' 'od_max_conf_drying_bed'
 'od_max_conf_oxidation_pond']. At least one non-missing value is needed for imputation with strategy='median'.
  warnings.warn(
/work/GRDVULN/correction/.venv/lib64/python3.11/site-packages/sklearn/impute/_base.py:647: UserWarning: Skipping features without any observed values: ['od_max_conf_chlorine_contact' 'od_max_conf_drying_bed'
 'od_max_conf_oxidation_pond']. At least one non-missing value is needed for imputation with strategy='median'.
  warnings.warn(
/work/GRDVULN/correction/.venv/lib64/python3.11/site-packages/sklearn/impute/_base.py:647: UserWarning: Skipping features without any observed values: ['od_max_conf_chlorine_contact' 'od_max_conf_drying_bed'
 'od_max_conf_oxidation_pond']. At least one non-missing value is needed for imputation with strategy='median'.
  warnings.warn(
/work/GRDVULN/correction/.venv/lib64/python3.11/site-packages/sklearn/impute/_base.py:647: UserWarning: Skipping features without any observed values: ['od_max_conf_chlorine_contact' 'od_max_conf_drying_bed'
 'od_max_conf_oxidation_pond']. At least one non-missing value is needed for imputation with strategy='median'.
  warnings.warn(
/work/GRDVULN/correction/.venv/lib64/python3.11/site-packages/sklearn/impute/_base.py:647: UserWarning: Skipping features without any observed values: ['od_max_conf_chlorine_contact' 'od_max_conf_drying_bed'
 'od_max_conf_oxidation_pond']. At least one non-missing value is needed for imputation with strategy='median'.
  warnings.warn(
/work/GRDVULN/correction/.venv/lib64/python3.11/site-packages/sklearn/impute/_base.py:647: UserWarning: Skipping features without any observed values: ['od_max_conf_chlorine_contact' 'od_max_conf_drying_bed'
 'od_max_conf_oxidation_pond']. At least one non-missing value is needed for imputation with strategy='median'.
  warnings.warn(
/work/GRDVULN/correction/.venv/lib64/python3.11/site-packages/sklearn/impute/_base.py:647: UserWarning: Skipping features without any observed values: ['od_max_conf_chlorine_contact' 'od_max_conf_drying_bed'
 'od_max_conf_oxidation_pond']. At least one non-missing value is needed for imputation with strategy='median'.
  warnings.warn(
/work/GRDVULN/correction/.venv/lib64/python3.11/site-packages/sklearn/impute/_base.py:647: UserWarning: Skipping features without any observed values: ['od_max_conf_chlorine_contact' 'od_max_conf_drying_bed'
 'od_max_conf_oxidation_pond']. At least one non-missing value is needed for imputation with strategy='median'.
  warnings.warn(
/work/GRDVULN/correction/.venv/lib64/python3.11/site-packages/sklearn/impute/_base.py:647: UserWarning: Skipping features without any observed values: ['od_max_conf_chlorine_contact' 'od_max_conf_drying_bed'
 'od_max_conf_oxidation_pond']. At least one non-missing value is needed for imputation with strategy='median'.
  warnings.warn(
/work/GRDVULN/correction/.venv/lib64/python3.11/site-packages/sklearn/impute/_base.py:647: UserWarning: Skipping features without any observed values: ['od_max_conf_chlorine_contact' 'od_max_conf_drying_bed'
 'od_max_conf_oxidation_pond']. At least one non-missing value is needed for imputation with strategy='median'.
  warnings.warn(
/work/GRDVULN/correction/.venv/lib64/python3.11/site-packages/sklearn/impute/_base.py:647: UserWarning: Skipping features without any observed values: ['od_max_conf_chlorine_contact' 'od_max_conf_drying_bed'
 'od_max_conf_oxidation_pond']. At least one non-missing value is needed for imputation with strategy='median'.
  warnings.warn(
/work/GRDVULN/correction/.venv/lib64/python3.11/site-packages/sklearn/impute/_base.py:647: UserWarning: Skipping features without any observed values: ['od_max_conf_chlorine_contact' 'od_max_conf_drying_bed'
 'od_max_conf_oxidation_pond']. At least one non-missing value is needed for imputation with strategy='median'.
  warnings.warn(
/work/GRDVULN/correction/.venv/lib64/python3.11/site-packages/sklearn/impute/_base.py:647: UserWarning: Skipping features without any observed values: ['od_max_conf_chlorine_contact' 'od_max_conf_drying_bed'
 'od_max_conf_oxidation_pond']. At least one non-missing value is needed for imputation with strategy='median'.
  warnings.warn(
/work/GRDVULN/correction/.venv/lib64/python3.11/site-packages/sklearn/impute/_base.py:647: UserWarning: Skipping features without any observed values: ['od_max_conf_chlorine_contact' 'od_max_conf_drying_bed'
 'od_max_conf_oxidation_pond']. At least one non-missing value is needed for imputation with strategy='median'.
  warnings.warn(
/work/GRDVULN/correction/.venv/lib64/python3.11/site-packages/sklearn/impute/_base.py:647: UserWarning: Skipping features without any observed values: ['od_max_conf_chlorine_contact' 'od_max_conf_drying_bed'
 'od_max_conf_oxidation_pond']. At least one non-missing value is needed for imputation with strategy='median'.
  warnings.warn(
/work/GRDVULN/correction/.venv/lib64/python3.11/site-packages/sklearn/impute/_base.py:647: UserWarning: Skipping features without any observed values: ['od_max_conf_chlorine_contact' 'od_max_conf_drying_bed'
 'od_max_conf_oxidation_pond']. At least one non-missing value is needed for imputation with strategy='median'.
  warnings.warn(
/work/GRDVULN/correction/.venv/lib64/python3.11/site-packages/sklearn/impute/_base.py:647: UserWarning: Skipping features without any observed values: ['od_max_conf_chlorine_contact' 'od_max_conf_drying_bed'
 'od_max_conf_oxidation_pond']. At least one non-missing value is needed for imputation with strategy='median'.
  warnings.warn(
/work/GRDVULN/correction/.venv/lib64/python3.11/site-packages/sklearn/impute/_base.py:647: UserWarning: Skipping features without any observed values: ['od_max_conf_chlorine_contact' 'od_max_conf_drying_bed'
 'od_max_conf_oxidation_pond']. At least one non-missing value is needed for imputation with strategy='median'.
  warnings.warn(
/work/GRDVULN/correction/.venv/lib64/python3.11/site-packages/sklearn/impute/_base.py:647: UserWarning: Skipping features without any observed values: ['od_max_conf_chlorine_contact' 'od_max_conf_drying_bed'
 'od_max_conf_oxidation_pond']. At least one non-missing value is needed for imputation with strategy='median'.
  warnings.warn(
/work/GRDVULN/correction/.venv/lib64/python3.11/site-packages/sklearn/impute/_base.py:647: UserWarning: Skipping features without any observed values: ['od_max_conf_chlorine_contact' 'od_max_conf_drying_bed'
 'od_max_conf_oxidation_pond']. At least one non-missing value is needed for imputation with strategy='median'.
  warnings.warn(
/work/GRDVULN/correction/.venv/lib64/python3.11/site-packages/sklearn/impute/_base.py:647: UserWarning: Skipping features without any observed values: ['od_max_conf_chlorine_contact' 'od_max_conf_drying_bed'
 'od_max_conf_oxidation_pond']. At least one non-missing value is needed for imputation with strategy='median'.
  warnings.warn(
/work/GRDVULN/correction/.venv/lib64/python3.11/site-packages/sklearn/impute/_base.py:647: UserWarning: Skipping features without any observed values: ['od_max_conf_chlorine_contact' 'od_max_conf_drying_bed'
 'od_max_conf_oxidation_pond']. At least one non-missing value is needed for imputation with strategy='median'.
  warnings.warn(
/work/GRDVULN/correction/.venv/lib64/python3.11/site-packages/sklearn/impute/_base.py:647: UserWarning: Skipping features without any observed values: ['od_max_conf_chlorine_contact' 'od_max_conf_drying_bed'
 'od_max_conf_oxidation_pond']. At least one non-missing value is needed for imputation with strategy='median'.
  warnings.warn(
/work/GRDVULN/correction/.venv/lib64/python3.11/site-packages/sklearn/impute/_base.py:647: UserWarning: Skipping features without any observed values: ['od_max_conf_chlorine_contact' 'od_max_conf_drying_bed'
 'od_max_conf_oxidation_pond']. At least one non-missing value is needed for imputation with strategy='median'.
  warnings.warn(
/work/GRDVULN/correction/.venv/lib64/python3.11/site-packages/sklearn/impute/_base.py:647: UserWarning: Skipping features without any observed values: ['od_max_conf_chlorine_contact' 'od_max_conf_drying_bed'
 'od_max_conf_oxidation_pond']. At least one non-missing value is needed for imputation with strategy='median'.
  warnings.warn(
/work/GRDVULN/correction/.venv/lib64/python3.11/site-packages/sklearn/impute/_base.py:647: UserWarning: Skipping features without any observed values: ['od_max_conf_chlorine_contact' 'od_max_conf_drying_bed'
 'od_max_conf_oxidation_pond']. At least one non-missing value is needed for imputation with strategy='median'.
  warnings.warn(
/work/GRDVULN/correction/.venv/lib64/python3.11/site-packages/sklearn/impute/_base.py:647: UserWarning: Skipping features without any observed values: ['od_max_conf_chlorine_contact' 'od_max_conf_drying_bed'
 'od_max_conf_oxidation_pond']. At least one non-missing value is needed for imputation with strategy='median'.
  warnings.warn(
/work/GRDVULN/correction/.venv/lib64/python3.11/site-packages/sklearn/impute/_base.py:647: UserWarning: Skipping features without any observed values: ['od_max_conf_chlorine_contact' 'od_max_conf_drying_bed'
 'od_max_conf_oxidation_pond']. At least one non-missing value is needed for imputation with strategy='median'.
  warnings.warn(
/work/GRDVULN/correction/.venv/lib64/python3.11/site-packages/sklearn/impute/_base.py:647: UserWarning: Skipping features without any observed values: ['od_max_conf_chlorine_contact' 'od_max_conf_drying_bed'
 'od_max_conf_oxidation_pond']. At least one non-missing value is needed for imputation with strategy='median'.
  warnings.warn(
/work/GRDVULN/correction/.venv/lib64/python3.11/site-packages/sklearn/impute/_base.py:647: UserWarning: Skipping features without any observed values: ['od_max_conf_chlorine_contact' 'od_max_conf_drying_bed'
 'od_max_conf_oxidation_pond']. At least one non-missing value is needed for imputation with strategy='median'.
  warnings.warn(
/work/GRDVULN/correction/.venv/lib64/python3.11/site-packages/sklearn/impute/_base.py:647: UserWarning: Skipping features without any observed values: ['od_max_conf_chlorine_contact' 'od_max_conf_drying_bed'
 'od_max_conf_oxidation_pond']. At least one non-missing value is needed for imputation with strategy='median'.
  warnings.warn(
/work/GRDVULN/correction/.venv/lib64/python3.11/site-packages/sklearn/impute/_base.py:647: UserWarning: Skipping features without any observed values: ['od_max_conf_chlorine_contact' 'od_max_conf_drying_bed'
 'od_max_conf_oxidation_pond']. At least one non-missing value is needed for imputation with strategy='median'.
  warnings.warn(
/work/GRDVULN/correction/.venv/lib64/python3.11/site-packages/sklearn/impute/_base.py:647: UserWarning: Skipping features without any observed values: ['od_max_conf_chlorine_contact' 'od_max_conf_drying_bed'
 'od_max_conf_oxidation_pond']. At least one non-missing value is needed for imputation with strategy='median'.
  warnings.warn(
/work/GRDVULN/correction/.venv/lib64/python3.11/site-packages/sklearn/impute/_base.py:647: UserWarning: Skipping features without any observed values: ['od_max_conf_chlorine_contact' 'od_max_conf_drying_bed'
 'od_max_conf_oxidation_pond']. At least one non-missing value is needed for imputation with strategy='median'.
  warnings.warn(
/work/GRDVULN/correction/.venv/lib64/python3.11/site-packages/sklearn/impute/_base.py:647: UserWarning: Skipping features without any observed values: ['od_max_conf_chlorine_contact' 'od_max_conf_drying_bed'
 'od_max_conf_oxidation_pond']. At least one non-missing value is needed for imputation with strategy='median'.
  warnings.warn(
/work/GRDVULN/correction/.venv/lib64/python3.11/site-packages/sklearn/impute/_base.py:647: UserWarning: Skipping features without any observed values: ['od_max_conf_chlorine_contact' 'od_max_conf_drying_bed'
 'od_max_conf_oxidation_pond']. At least one non-missing value is needed for imputation with strategy='median'.
  warnings.warn(
/work/GRDVULN/correction/.venv/lib64/python3.11/site-packages/sklearn/impute/_base.py:647: UserWarning: Skipping features without any observed values: ['od_max_conf_chlorine_contact' 'od_max_conf_drying_bed'
 'od_max_conf_oxidation_pond']. At least one non-missing value is needed for imputation with strategy='median'.
  warnings.warn(
/work/GRDVULN/correction/.venv/lib64/python3.11/site-packages/sklearn/impute/_base.py:647: UserWarning: Skipping features without any observed values: ['od_max_conf_chlorine_contact' 'od_max_conf_drying_bed'
 'od_max_conf_oxidation_pond']. At least one non-missing value is needed for imputation with strategy='median'.
  warnings.warn(
/work/GRDVULN/correction/.venv/lib64/python3.11/site-packages/sklearn/impute/_base.py:647: UserWarning: Skipping features without any observed values: ['od_max_conf_chlorine_contact' 'od_max_conf_drying_bed'
 'od_max_conf_oxidation_pond']. At least one non-missing value is needed for imputation with strategy='median'.
  warnings.warn(
/work/GRDVULN/correction/.venv/lib64/python3.11/site-packages/sklearn/impute/_base.py:647: UserWarning: Skipping features without any observed values: ['od_max_conf_chlorine_contact' 'od_max_conf_drying_bed'
 'od_max_conf_oxidation_pond']. At least one non-missing value is needed for imputation with strategy='median'.
  warnings.warn(
/work/GRDVULN/correction/.venv/lib64/python3.11/site-packages/sklearn/impute/_base.py:647: UserWarning: Skipping features without any observed values: ['od_max_conf_chlorine_contact' 'od_max_conf_drying_bed'
 'od_max_conf_oxidation_pond']. At least one non-missing value is needed for imputation with strategy='median'.
  warnings.warn(
/work/GRDVULN/correction/.venv/lib64/python3.11/site-packages/sklearn/impute/_base.py:647: UserWarning: Skipping features without any observed values: ['od_max_conf_chlorine_contact' 'od_max_conf_drying_bed'
 'od_max_conf_oxidation_pond']. At least one non-missing value is needed for imputation with strategy='median'.
  warnings.warn(
/work/GRDVULN/correction/.venv/lib64/python3.11/site-packages/sklearn/impute/_base.py:647: UserWarning: Skipping features without any observed values: ['od_max_conf_chlorine_contact' 'od_max_conf_drying_bed'
 'od_max_conf_oxidation_pond']. At least one non-missing value is needed for imputation with strategy='median'.
  warnings.warn(
/work/GRDVULN/correction/.venv/lib64/python3.11/site-packages/sklearn/impute/_base.py:647: UserWarning: Skipping features without any observed values: ['od_max_conf_chlorine_contact' 'od_max_conf_drying_bed'
 'od_max_conf_oxidation_pond']. At least one non-missing value is needed for imputation with strategy='median'.
  warnings.warn(
/work/GRDVULN/correction/.venv/lib64/python3.11/site-packages/sklearn/impute/_base.py:647: UserWarning: Skipping features without any observed values: ['od_max_conf_chlorine_contact' 'od_max_conf_drying_bed'
 'od_max_conf_oxidation_pond']. At least one non-missing value is needed for imputation with strategy='median'.
  warnings.warn(
/work/GRDVULN/correction/.venv/lib64/python3.11/site-packages/sklearn/impute/_base.py:647: UserWarning: Skipping features without any observed values: ['od_max_conf_chlorine_contact' 'od_max_conf_drying_bed'
 'od_max_conf_oxidation_pond']. At least one non-missing value is needed for imputation with strategy='median'.
  warnings.warn(
/work/GRDVULN/correction/.venv/lib64/python3.11/site-packages/sklearn/impute/_base.py:647: UserWarning: Skipping features without any observed values: ['od_max_conf_chlorine_contact' 'od_max_conf_drying_bed'
 'od_max_conf_oxidation_pond']. At least one non-missing value is needed for imputation with strategy='median'.
  warnings.warn(
/work/GRDVULN/correction/.venv/lib64/python3.11/site-packages/sklearn/impute/_base.py:647: UserWarning: Skipping features without any observed values: ['od_max_conf_chlorine_contact' 'od_max_conf_drying_bed'
 'od_max_conf_oxidation_pond']. At least one non-missing value is needed for imputation with strategy='median'.
  warnings.warn(
/work/GRDVULN/correction/.venv/lib64/python3.11/site-packages/sklearn/impute/_base.py:647: UserWarning: Skipping features without any observed values: ['od_max_conf_chlorine_contact' 'od_max_conf_drying_bed'
 'od_max_conf_oxidation_pond']. At least one non-missing value is needed for imputation with strategy='median'.
  warnings.warn(
/work/GRDVULN/correction/.venv/lib64/python3.11/site-packages/sklearn/impute/_base.py:647: UserWarning: Skipping features without any observed values: ['od_max_conf_chlorine_contact' 'od_max_conf_drying_bed'
 'od_max_conf_oxidation_pond']. At least one non-missing value is needed for imputation with strategy='median'.
  warnings.warn(
/work/GRDVULN/correction/.venv/lib64/python3.11/site-packages/sklearn/impute/_base.py:647: UserWarning: Skipping features without any observed values: ['od_max_conf_chlorine_contact' 'od_max_conf_drying_bed'
 'od_max_conf_oxidation_pond']. At least one non-missing value is needed for imputation with strategy='median'.
  warnings.warn(
/work/GRDVULN/correction/.venv/lib64/python3.11/site-packages/sklearn/impute/_base.py:647: UserWarning: Skipping features without any observed values: ['od_max_conf_chlorine_contact' 'od_max_conf_drying_bed'
 'od_max_conf_oxidation_pond']. At least one non-missing value is needed for imputation with strategy='median'.
  warnings.warn(
/work/GRDVULN/correction/.venv/lib64/python3.11/site-packages/sklearn/impute/_base.py:647: UserWarning: Skipping features without any observed values: ['od_max_conf_chlorine_contact' 'od_max_conf_drying_bed'
 'od_max_conf_oxidation_pond']. At least one non-missing value is needed for imputation with strategy='median'.
  warnings.warn(
/work/GRDVULN/correction/.venv/lib64/python3.11/site-packages/sklearn/impute/_base.py:647: UserWarning: Skipping features without any observed values: ['od_max_conf_chlorine_contact' 'od_max_conf_drying_bed'
 'od_max_conf_oxidation_pond']. At least one non-missing value is needed for imputation with strategy='median'.
  warnings.warn(
/work/GRDVULN/correction/.venv/lib64/python3.11/site-packages/sklearn/impute/_base.py:647: UserWarning: Skipping features without any observed values: ['od_max_conf_chlorine_contact' 'od_max_conf_drying_bed'
 'od_max_conf_oxidation_pond']. At least one non-missing value is needed for imputation with strategy='median'.
  warnings.warn(
/work/GRDVULN/correction/.venv/lib64/python3.11/site-packages/sklearn/impute/_base.py:647: UserWarning: Skipping features without any observed values: ['od_max_conf_chlorine_contact' 'od_max_conf_drying_bed'
 'od_max_conf_oxidation_pond']. At least one non-missing value is needed for imputation with strategy='median'.
  warnings.warn(
/work/GRDVULN/correction/.venv/lib64/python3.11/site-packages/sklearn/impute/_base.py:647: UserWarning: Skipping features without any observed values: ['od_max_conf_chlorine_contact' 'od_max_conf_drying_bed'
 'od_max_conf_oxidation_pond']. At least one non-missing value is needed for imputation with strategy='median'.
  warnings.warn(
/work/GRDVULN/correction/.venv/lib64/python3.11/site-packages/sklearn/impute/_base.py:647: UserWarning: Skipping features without any observed values: ['od_max_conf_chlorine_contact' 'od_max_conf_drying_bed'
 'od_max_conf_oxidation_pond']. At least one non-missing value is needed for imputation with strategy='median'.
  warnings.warn(
/work/GRDVULN/correction/.venv/lib64/python3.11/site-packages/sklearn/impute/_base.py:647: UserWarning: Skipping features without any observed values: ['od_max_conf_chlorine_contact' 'od_max_conf_drying_bed'
 'od_max_conf_oxidation_pond']. At least one non-missing value is needed for imputation with strategy='median'.
  warnings.warn(
/work/GRDVULN/correction/.venv/lib64/python3.11/site-packages/sklearn/impute/_base.py:647: UserWarning: Skipping features without any observed values: ['od_max_conf_chlorine_contact' 'od_max_conf_drying_bed'
 'od_max_conf_oxidation_pond']. At least one non-missing value is needed for imputation with strategy='median'.
  warnings.warn(
/work/GRDVULN/correction/.venv/lib64/python3.11/site-packages/sklearn/impute/_base.py:647: UserWarning: Skipping features without any observed values: ['od_max_conf_chlorine_contact' 'od_max_conf_drying_bed'
 'od_max_conf_oxidation_pond']. At least one non-missing value is needed for imputation with strategy='median'.
  warnings.warn(
/work/GRDVULN/correction/.venv/lib64/python3.11/site-packages/sklearn/impute/_base.py:647: UserWarning: Skipping features without any observed values: ['od_max_conf_chlorine_contact' 'od_max_conf_drying_bed'
 'od_max_conf_oxidation_pond']. At least one non-missing value is needed for imputation with strategy='median'.
  warnings.warn(
/work/GRDVULN/correction/.venv/lib64/python3.11/site-packages/sklearn/impute/_base.py:647: UserWarning: Skipping features without any observed values: ['od_max_conf_chlorine_contact' 'od_max_conf_drying_bed'
 'od_max_conf_oxidation_pond']. At least one non-missing value is needed for imputation with strategy='median'.
  warnings.warn(
/work/GRDVULN/correction/.venv/lib64/python3.11/site-packages/sklearn/impute/_base.py:647: UserWarning: Skipping features without any observed values: ['od_max_conf_chlorine_contact' 'od_max_conf_drying_bed'
 'od_max_conf_oxidation_pond']. At least one non-missing value is needed for imputation with strategy='median'.
  warnings.warn(
/work/GRDVULN/correction/.venv/lib64/python3.11/site-packages/sklearn/impute/_base.py:647: UserWarning: Skipping features without any observed values: ['od_max_conf_chlorine_contact' 'od_max_conf_drying_bed'
 'od_max_conf_oxidation_pond']. At least one non-missing value is needed for imputation with strategy='median'.
  warnings.warn(
/work/GRDVULN/correction/.venv/lib64/python3.11/site-packages/sklearn/impute/_base.py:647: UserWarning: Skipping features without any observed values: ['od_max_conf_chlorine_contact' 'od_max_conf_drying_bed'
 'od_max_conf_oxidation_pond']. At least one non-missing value is needed for imputation with strategy='median'.
  warnings.warn(
/work/GRDVULN/correction/.venv/lib64/python3.11/site-packages/sklearn/impute/_base.py:647: UserWarning: Skipping features without any observed values: ['od_max_conf_chlorine_contact' 'od_max_conf_drying_bed'
 'od_max_conf_oxidation_pond']. At least one non-missing value is needed for imputation with strategy='median'.
  warnings.warn(
/work/GRDVULN/correction/.venv/lib64/python3.11/site-packages/sklearn/impute/_base.py:647: UserWarning: Skipping features without any observed values: ['od_max_conf_chlorine_contact' 'od_max_conf_drying_bed'
 'od_max_conf_oxidation_pond']. At least one non-missing value is needed for imputation with strategy='median'.
  warnings.warn(
/work/GRDVULN/correction/.venv/lib64/python3.11/site-packages/sklearn/impute/_base.py:647: UserWarning: Skipping features without any observed values: ['od_max_conf_chlorine_contact' 'od_max_conf_drying_bed'
 'od_max_conf_oxidation_pond']. At least one non-missing value is needed for imputation with strategy='median'.
  warnings.warn(
/work/GRDVULN/correction/.venv/lib64/python3.11/site-packages/sklearn/impute/_base.py:647: UserWarning: Skipping features without any observed values: ['od_max_conf_chlorine_contact' 'od_max_conf_drying_bed'
 'od_max_conf_oxidation_pond']. At least one non-missing value is needed for imputation with strategy='median'.
  warnings.warn(
/work/GRDVULN/correction/.venv/lib64/python3.11/site-packages/sklearn/impute/_base.py:647: UserWarning: Skipping features without any observed values: ['od_max_conf_chlorine_contact' 'od_max_conf_drying_bed'
 'od_max_conf_oxidation_pond']. At least one non-missing value is needed for imputation with strategy='median'.
  warnings.warn(
/work/GRDVULN/correction/.venv/lib64/python3.11/site-packages/sklearn/impute/_base.py:647: UserWarning: Skipping features without any observed values: ['od_max_conf_chlorine_contact' 'od_max_conf_drying_bed'
 'od_max_conf_oxidation_pond']. At least one non-missing value is needed for imputation with strategy='median'.
  warnings.warn(
/work/GRDVULN/correction/.venv/lib64/python3.11/site-packages/sklearn/impute/_base.py:647: UserWarning: Skipping features without any observed values: ['od_max_conf_chlorine_contact' 'od_max_conf_drying_bed'
 'od_max_conf_oxidation_pond']. At least one non-missing value is needed for imputation with strategy='median'.
  warnings.warn(
/work/GRDVULN/correction/.venv/lib64/python3.11/site-packages/sklearn/impute/_base.py:647: UserWarning: Skipping features without any observed values: ['od_max_conf_chlorine_contact' 'od_max_conf_drying_bed'
 'od_max_conf_oxidation_pond']. At least one non-missing value is needed for imputation with strategy='median'.
  warnings.warn(
/work/GRDVULN/correction/.venv/lib64/python3.11/site-packages/sklearn/impute/_base.py:647: UserWarning: Skipping features without any observed values: ['od_max_conf_chlorine_contact' 'od_max_conf_drying_bed'
 'od_max_conf_oxidation_pond']. At least one non-missing value is needed for imputation with strategy='median'.
  warnings.warn(
/work/GRDVULN/correction/.venv/lib64/python3.11/site-packages/sklearn/impute/_base.py:647: UserWarning: Skipping features without any observed values: ['od_max_conf_chlorine_contact' 'od_max_conf_drying_bed'
 'od_max_conf_oxidation_pond']. At least one non-missing value is needed for imputation with strategy='median'.
  warnings.warn(
/work/GRDVULN/correction/.venv/lib64/python3.11/site-packages/sklearn/impute/_base.py:647: UserWarning: Skipping features without any observed values: ['od_max_conf_chlorine_contact' 'od_max_conf_drying_bed'
 'od_max_conf_oxidation_pond']. At least one non-missing value is needed for imputation with strategy='median'.
  warnings.warn(
/work/GRDVULN/correction/.venv/lib64/python3.11/site-packages/sklearn/impute/_base.py:647: UserWarning: Skipping features without any observed values: ['od_max_conf_chlorine_contact' 'od_max_conf_drying_bed'
 'od_max_conf_oxidation_pond']. At least one non-missing value is needed for imputation with strategy='median'.
  warnings.warn(
/work/GRDVULN/correction/.venv/lib64/python3.11/site-packages/sklearn/impute/_base.py:647: UserWarning: Skipping features without any observed values: ['od_max_conf_chlorine_contact' 'od_max_conf_drying_bed'
 'od_max_conf_oxidation_pond']. At least one non-missing value is needed for imputation with strategy='median'.
  warnings.warn(
/work/GRDVULN/correction/.venv/lib64/python3.11/site-packages/sklearn/impute/_base.py:647: UserWarning: Skipping features without any observed values: ['od_max_conf_chlorine_contact' 'od_max_conf_drying_bed'
 'od_max_conf_oxidation_pond']. At least one non-missing value is needed for imputation with strategy='median'.
  warnings.warn(
/work/GRDVULN/correction/.venv/lib64/python3.11/site-packages/sklearn/impute/_base.py:647: UserWarning: Skipping features without any observed values: ['od_max_conf_chlorine_contact' 'od_max_conf_drying_bed'
 'od_max_conf_oxidation_pond']. At least one non-missing value is needed for imputation with strategy='median'.
  warnings.warn(
/work/GRDVULN/correction/.venv/lib64/python3.11/site-packages/sklearn/impute/_base.py:647: UserWarning: Skipping features without any observed values: ['od_max_conf_chlorine_contact' 'od_max_conf_drying_bed'
 'od_max_conf_oxidation_pond']. At least one non-missing value is needed for imputation with strategy='median'.
  warnings.warn(
/work/GRDVULN/correction/.venv/lib64/python3.11/site-packages/sklearn/impute/_base.py:647: UserWarning: Skipping features without any observed values: ['od_max_conf_chlorine_contact' 'od_max_conf_drying_bed'
 'od_max_conf_oxidation_pond']. At least one non-missing value is needed for imputation with strategy='median'.
  warnings.warn(
/work/GRDVULN/correction/.venv/lib64/python3.11/site-packages/sklearn/impute/_base.py:647: UserWarning: Skipping features without any observed values: ['od_max_conf_chlorine_contact' 'od_max_conf_drying_bed'
 'od_max_conf_oxidation_pond']. At least one non-missing value is needed for imputation with strategy='median'.
  warnings.warn(
/work/GRDVULN/correction/.venv/lib64/python3.11/site-packages/sklearn/impute/_base.py:647: UserWarning: Skipping features without any observed values: ['od_max_conf_chlorine_contact' 'od_max_conf_drying_bed'
 'od_max_conf_oxidation_pond']. At least one non-missing value is needed for imputation with strategy='median'.
  warnings.warn(
/work/GRDVULN/correction/.venv/lib64/python3.11/site-packages/sklearn/impute/_base.py:647: UserWarning: Skipping features without any observed values: ['od_max_conf_chlorine_contact' 'od_max_conf_drying_bed'
 'od_max_conf_oxidation_pond']. At least one non-missing value is needed for imputation with strategy='median'.
  warnings.warn(
/work/GRDVULN/correction/.venv/lib64/python3.11/site-packages/sklearn/impute/_base.py:647: UserWarning: Skipping features without any observed values: ['od_max_conf_chlorine_contact' 'od_max_conf_drying_bed'
 'od_max_conf_oxidation_pond']. At least one non-missing value is needed for imputation with strategy='median'.
  warnings.warn(
/work/GRDVULN/correction/.venv/lib64/python3.11/site-packages/sklearn/impute/_base.py:647: UserWarning: Skipping features without any observed values: ['od_max_conf_chlorine_contact' 'od_max_conf_drying_bed'
 'od_max_conf_oxidation_pond']. At least one non-missing value is needed for imputation with strategy='median'.
  warnings.warn(
/work/GRDVULN/correction/.venv/lib64/python3.11/site-packages/sklearn/impute/_base.py:647: UserWarning: Skipping features without any observed values: ['od_max_conf_chlorine_contact' 'od_max_conf_drying_bed'
 'od_max_conf_oxidation_pond']. At least one non-missing value is needed for imputation with strategy='median'.
  warnings.warn(
/work/GRDVULN/correction/.venv/lib64/python3.11/site-packages/sklearn/impute/_base.py:647: UserWarning: Skipping features without any observed values: ['od_max_conf_chlorine_contact' 'od_max_conf_drying_bed'
 'od_max_conf_oxidation_pond']. At least one non-missing value is needed for imputation with strategy='median'.
  warnings.warn(
/work/GRDVULN/correction/.venv/lib64/python3.11/site-packages/sklearn/impute/_base.py:647: UserWarning: Skipping features without any observed values: ['od_max_conf_chlorine_contact' 'od_max_conf_drying_bed'
 'od_max_conf_oxidation_pond']. At least one non-missing value is needed for imputation with strategy='median'.
  warnings.warn(
/work/GRDVULN/correction/.venv/lib64/python3.11/site-packages/sklearn/impute/_base.py:647: UserWarning: Skipping features without any observed values: ['od_max_conf_chlorine_contact' 'od_max_conf_drying_bed'
 'od_max_conf_oxidation_pond']. At least one non-missing value is needed for imputation with strategy='median'.
  warnings.warn(
/work/GRDVULN/correction/.venv/lib64/python3.11/site-packages/sklearn/impute/_base.py:647: UserWarning: Skipping features without any observed values: ['od_max_conf_chlorine_contact' 'od_max_conf_drying_bed'
 'od_max_conf_oxidation_pond']. At least one non-missing value is needed for imputation with strategy='median'.
  warnings.warn(
/work/GRDVULN/correction/.venv/lib64/python3.11/site-packages/sklearn/impute/_base.py:647: UserWarning: Skipping features without any observed values: ['od_max_conf_chlorine_contact' 'od_max_conf_drying_bed'
 'od_max_conf_oxidation_pond']. At least one non-missing value is needed for imputation with strategy='median'.
  warnings.warn(
/work/GRDVULN/correction/.venv/lib64/python3.11/site-packages/sklearn/impute/_base.py:647: UserWarning: Skipping features without any observed values: ['od_max_conf_chlorine_contact' 'od_max_conf_drying_bed'
 'od_max_conf_oxidation_pond']. At least one non-missing value is needed for imputation with strategy='median'.
  warnings.warn(
/work/GRDVULN/correction/.venv/lib64/python3.11/site-packages/sklearn/impute/_base.py:647: UserWarning: Skipping features without any observed values: ['od_max_conf_chlorine_contact' 'od_max_conf_drying_bed'
 'od_max_conf_oxidation_pond']. At least one non-missing value is needed for imputation with strategy='median'.
  warnings.warn(
/work/GRDVULN/correction/.venv/lib64/python3.11/site-packages/sklearn/impute/_base.py:647: UserWarning: Skipping features without any observed values: ['od_max_conf_chlorine_contact' 'od_max_conf_drying_bed'
 'od_max_conf_oxidation_pond']. At least one non-missing value is needed for imputation with strategy='median'.
  warnings.warn(
/work/GRDVULN/correction/.venv/lib64/python3.11/site-packages/sklearn/impute/_base.py:647: UserWarning: Skipping features without any observed values: ['od_max_conf_chlorine_contact' 'od_max_conf_drying_bed'
 'od_max_conf_oxidation_pond']. At least one non-missing value is needed for imputation with strategy='median'.
  warnings.warn(
/work/GRDVULN/correction/.venv/lib64/python3.11/site-packages/sklearn/impute/_base.py:647: UserWarning: Skipping features without any observed values: ['od_max_conf_chlorine_contact' 'od_max_conf_drying_bed'
 'od_max_conf_oxidation_pond']. At least one non-missing value is needed for imputation with strategy='median'.
  warnings.warn(
/work/GRDVULN/correction/.venv/lib64/python3.11/site-packages/sklearn/impute/_base.py:647: UserWarning: Skipping features without any observed values: ['od_max_conf_chlorine_contact' 'od_max_conf_drying_bed'
 'od_max_conf_oxidation_pond']. At least one non-missing value is needed for imputation with strategy='median'.
  warnings.warn(
/work/GRDVULN/correction/.venv/lib64/python3.11/site-packages/sklearn/impute/_base.py:647: UserWarning: Skipping features without any observed values: ['od_max_conf_chlorine_contact' 'od_max_conf_drying_bed'
 'od_max_conf_oxidation_pond']. At least one non-missing value is needed for imputation with strategy='median'.
  warnings.warn(
/work/GRDVULN/correction/.venv/lib64/python3.11/site-packages/sklearn/impute/_base.py:647: UserWarning: Skipping features without any observed values: ['od_max_conf_chlorine_contact' 'od_max_conf_drying_bed'
 'od_max_conf_oxidation_pond']. At least one non-missing value is needed for imputation with strategy='median'.
  warnings.warn(
/work/GRDVULN/correction/.venv/lib64/python3.11/site-packages/sklearn/impute/_base.py:647: UserWarning: Skipping features without any observed values: ['od_max_conf_chlorine_contact' 'od_max_conf_drying_bed'
 'od_max_conf_oxidation_pond']. At least one non-missing value is needed for imputation with strategy='median'.
  warnings.warn(
/work/GRDVULN/correction/.venv/lib64/python3.11/site-packages/sklearn/impute/_base.py:647: UserWarning: Skipping features without any observed values: ['od_max_conf_chlorine_contact' 'od_max_conf_drying_bed'
 'od_max_conf_oxidation_pond']. At least one non-missing value is needed for imputation with strategy='median'.
  warnings.warn(
/work/GRDVULN/correction/.venv/lib64/python3.11/site-packages/sklearn/impute/_base.py:647: UserWarning: Skipping features without any observed values: ['od_max_conf_chlorine_contact' 'od_max_conf_drying_bed'
 'od_max_conf_oxidation_pond']. At least one non-missing value is needed for imputation with strategy='median'.
  warnings.warn(
/work/GRDVULN/correction/.venv/lib64/python3.11/site-packages/sklearn/impute/_base.py:647: UserWarning: Skipping features without any observed values: ['od_max_conf_chlorine_contact' 'od_max_conf_drying_bed'
 'od_max_conf_oxidation_pond']. At least one non-missing value is needed for imputation with strategy='median'.
  warnings.warn(
/work/GRDVULN/correction/.venv/lib64/python3.11/site-packages/sklearn/impute/_base.py:647: UserWarning: Skipping features without any observed values: ['od_max_conf_chlorine_contact' 'od_max_conf_drying_bed'
 'od_max_conf_oxidation_pond']. At least one non-missing value is needed for imputation with strategy='median'.
  warnings.warn(
/work/GRDVULN/correction/.venv/lib64/python3.11/site-packages/sklearn/impute/_base.py:647: UserWarning: Skipping features without any observed values: ['od_max_conf_chlorine_contact' 'od_max_conf_drying_bed'
 'od_max_conf_oxidation_pond']. At least one non-missing value is needed for imputation with strategy='median'.
  warnings.warn(
/work/GRDVULN/correction/.venv/lib64/python3.11/site-packages/sklearn/impute/_base.py:647: UserWarning: Skipping features without any observed values: ['od_max_conf_chlorine_contact' 'od_max_conf_drying_bed'
 'od_max_conf_oxidation_pond']. At least one non-missing value is needed for imputation with strategy='median'.
  warnings.warn(
/work/GRDVULN/correction/.venv/lib64/python3.11/site-packages/sklearn/impute/_base.py:647: UserWarning: Skipping features without any observed values: ['od_max_conf_chlorine_contact' 'od_max_conf_drying_bed'
 'od_max_conf_oxidation_pond']. At least one non-missing value is needed for imputation with strategy='median'.
  warnings.warn(
/work/GRDVULN/correction/.venv/lib64/python3.11/site-packages/sklearn/impute/_base.py:647: UserWarning: Skipping features without any observed values: ['od_max_conf_chlorine_contact' 'od_max_conf_drying_bed'
 'od_max_conf_oxidation_pond']. At least one non-missing value is needed for imputation with strategy='median'.
  warnings.warn(
/work/GRDVULN/correction/.venv/lib64/python3.11/site-packages/sklearn/impute/_base.py:647: UserWarning: Skipping features without any observed values: ['od_max_conf_chlorine_contact' 'od_max_conf_drying_bed'
 'od_max_conf_oxidation_pond']. At least one non-missing value is needed for imputation with strategy='median'.
  warnings.warn(
/work/GRDVULN/correction/.venv/lib64/python3.11/site-packages/sklearn/impute/_base.py:647: UserWarning: Skipping features without any observed values: ['od_max_conf_chlorine_contact' 'od_max_conf_drying_bed'
 'od_max_conf_oxidation_pond']. At least one non-missing value is needed for imputation with strategy='median'.
  warnings.warn(
/work/GRDVULN/correction/.venv/lib64/python3.11/site-packages/sklearn/impute/_base.py:647: UserWarning: Skipping features without any observed values: ['od_max_conf_chlorine_contact' 'od_max_conf_drying_bed'
 'od_max_conf_oxidation_pond']. At least one non-missing value is needed for imputation with strategy='median'.
  warnings.warn(
/work/GRDVULN/correction/.venv/lib64/python3.11/site-packages/sklearn/impute/_base.py:647: UserWarning: Skipping features without any observed values: ['od_max_conf_chlorine_contact' 'od_max_conf_drying_bed'
 'od_max_conf_oxidation_pond']. At least one non-missing value is needed for imputation with strategy='median'.
  warnings.warn(
/work/GRDVULN/correction/.venv/lib64/python3.11/site-packages/sklearn/impute/_base.py:647: UserWarning: Skipping features without any observed values: ['od_max_conf_chlorine_contact' 'od_max_conf_drying_bed'
 'od_max_conf_oxidation_pond']. At least one non-missing value is needed for imputation with strategy='median'.
  warnings.warn(
/work/GRDVULN/correction/.venv/lib64/python3.11/site-packages/sklearn/impute/_base.py:647: UserWarning: Skipping features without any observed values: ['od_max_conf_chlorine_contact' 'od_max_conf_drying_bed'
 'od_max_conf_oxidation_pond']. At least one non-missing value is needed for imputation with strategy='median'.
  warnings.warn(
/work/GRDVULN/correction/.venv/lib64/python3.11/site-packages/sklearn/impute/_base.py:647: UserWarning: Skipping features without any observed values: ['od_max_conf_chlorine_contact' 'od_max_conf_drying_bed'
 'od_max_conf_oxidation_pond']. At least one non-missing value is needed for imputation with strategy='median'.
  warnings.warn(
/work/GRDVULN/correction/.venv/lib64/python3.11/site-packages/sklearn/impute/_base.py:647: UserWarning: Skipping features without any observed values: ['od_max_conf_chlorine_contact' 'od_max_conf_drying_bed'
 'od_max_conf_oxidation_pond']. At least one non-missing value is needed for imputation with strategy='median'.
  warnings.warn(
/work/GRDVULN/correction/.venv/lib64/python3.11/site-packages/sklearn/impute/_base.py:647: UserWarning: Skipping features without any observed values: ['od_max_conf_chlorine_contact' 'od_max_conf_drying_bed'
 'od_max_conf_oxidation_pond']. At least one non-missing value is needed for imputation with strategy='median'.
  warnings.warn(
/work/GRDVULN/correction/.venv/lib64/python3.11/site-packages/sklearn/impute/_base.py:647: UserWarning: Skipping features without any observed values: ['od_max_conf_chlorine_contact' 'od_max_conf_drying_bed'
 'od_max_conf_oxidation_pond']. At least one non-missing value is needed for imputation with strategy='median'.
  warnings.warn(
/work/GRDVULN/correction/.venv/lib64/python3.11/site-packages/sklearn/impute/_base.py:647: UserWarning: Skipping features without any observed values: ['od_max_conf_chlorine_contact' 'od_max_conf_drying_bed'
 'od_max_conf_oxidation_pond']. At least one non-missing value is needed for imputation with strategy='median'.
  warnings.warn(
/work/GRDVULN/correction/.venv/lib64/python3.11/site-packages/sklearn/impute/_base.py:647: UserWarning: Skipping features without any observed values: ['od_max_conf_chlorine_contact' 'od_max_conf_drying_bed'
 'od_max_conf_oxidation_pond']. At least one non-missing value is needed for imputation with strategy='median'.
  warnings.warn(
/work/GRDVULN/correction/.venv/lib64/python3.11/site-packages/sklearn/impute/_base.py:647: UserWarning: Skipping features without any observed values: ['od_max_conf_chlorine_contact' 'od_max_conf_drying_bed'
 'od_max_conf_oxidation_pond']. At least one non-missing value is needed for imputation with strategy='median'.
  warnings.warn(
/work/GRDVULN/correction/.venv/lib64/python3.11/site-packages/sklearn/impute/_base.py:647: UserWarning: Skipping features without any observed values: ['od_max_conf_chlorine_contact' 'od_max_conf_drying_bed'
 'od_max_conf_oxidation_pond']. At least one non-missing value is needed for imputation with strategy='median'.
  warnings.warn(
/work/GRDVULN/correction/.venv/lib64/python3.11/site-packages/sklearn/impute/_base.py:647: UserWarning: Skipping features without any observed values: ['od_max_conf_chlorine_contact' 'od_max_conf_drying_bed'
 'od_max_conf_oxidation_pond']. At least one non-missing value is needed for imputation with strategy='median'.
  warnings.warn(
/work/GRDVULN/correction/.venv/lib64/python3.11/site-packages/sklearn/impute/_base.py:647: UserWarning: Skipping features without any observed values: ['od_max_conf_chlorine_contact' 'od_max_conf_drying_bed'
 'od_max_conf_oxidation_pond']. At least one non-missing value is needed for imputation with strategy='median'.
  warnings.warn(
/work/GRDVULN/correction/.venv/lib64/python3.11/site-packages/sklearn/impute/_base.py:647: UserWarning: Skipping features without any observed values: ['od_max_conf_chlorine_contact' 'od_max_conf_drying_bed'
 'od_max_conf_oxidation_pond']. At least one non-missing value is needed for imputation with strategy='median'.
  warnings.warn(
/work/GRDVULN/correction/.venv/lib64/python3.11/site-packages/sklearn/impute/_base.py:647: UserWarning: Skipping features without any observed values: ['od_max_conf_chlorine_contact' 'od_max_conf_drying_bed'
 'od_max_conf_oxidation_pond']. At least one non-missing value is needed for imputation with strategy='median'.
  warnings.warn(
/work/GRDVULN/correction/.venv/lib64/python3.11/site-packages/sklearn/impute/_base.py:647: UserWarning: Skipping features without any observed values: ['od_max_conf_chlorine_contact' 'od_max_conf_drying_bed'
 'od_max_conf_oxidation_pond']. At least one non-missing value is needed for imputation with strategy='median'.
  warnings.warn(
/work/GRDVULN/correction/.venv/lib64/python3.11/site-packages/sklearn/impute/_base.py:647: UserWarning: Skipping features without any observed values: ['od_max_conf_chlorine_contact' 'od_max_conf_drying_bed'
 'od_max_conf_oxidation_pond']. At least one non-missing value is needed for imputation with strategy='median'.
  warnings.warn(
/work/GRDVULN/correction/.venv/lib64/python3.11/site-packages/sklearn/impute/_base.py:647: UserWarning: Skipping features without any observed values: ['od_max_conf_chlorine_contact' 'od_max_conf_drying_bed'
 'od_max_conf_oxidation_pond']. At least one non-missing value is needed for imputation with strategy='median'.
  warnings.warn(
/work/GRDVULN/correction/.venv/lib64/python3.11/site-packages/sklearn/impute/_base.py:647: UserWarning: Skipping features without any observed values: ['od_max_conf_chlorine_contact' 'od_max_conf_drying_bed'
 'od_max_conf_oxidation_pond']. At least one non-missing value is needed for imputation with strategy='median'.
  warnings.warn(
/work/GRDVULN/correction/.venv/lib64/python3.11/site-packages/sklearn/impute/_base.py:647: UserWarning: Skipping features without any observed values: ['od_max_conf_chlorine_contact' 'od_max_conf_drying_bed'
 'od_max_conf_oxidation_pond']. At least one non-missing value is needed for imputation with strategy='median'.
  warnings.warn(
/work/GRDVULN/correction/.venv/lib64/python3.11/site-packages/sklearn/impute/_base.py:647: UserWarning: Skipping features without any observed values: ['od_max_conf_chlorine_contact' 'od_max_conf_drying_bed'
 'od_max_conf_oxidation_pond']. At least one non-missing value is needed for imputation with strategy='median'.
  warnings.warn(
/work/GRDVULN/correction/.venv/lib64/python3.11/site-packages/sklearn/impute/_base.py:647: UserWarning: Skipping features without any observed values: ['od_max_conf_chlorine_contact' 'od_max_conf_drying_bed'
 'od_max_conf_oxidation_pond']. At least one non-missing value is needed for imputation with strategy='median'.
  warnings.warn(
/work/GRDVULN/correction/.venv/lib64/python3.11/site-packages/sklearn/impute/_base.py:647: UserWarning: Skipping features without any observed values: ['od_max_conf_chlorine_contact' 'od_max_conf_drying_bed'
 'od_max_conf_oxidation_pond']. At least one non-missing value is needed for imputation with strategy='median'.
  warnings.warn(
/work/GRDVULN/correction/.venv/lib64/python3.11/site-packages/sklearn/impute/_base.py:647: UserWarning: Skipping features without any observed values: ['od_max_conf_chlorine_contact' 'od_max_conf_drying_bed'
 'od_max_conf_oxidation_pond']. At least one non-missing value is needed for imputation with strategy='median'.
  warnings.warn(
/work/GRDVULN/correction/.venv/lib64/python3.11/site-packages/sklearn/impute/_base.py:647: UserWarning: Skipping features without any observed values: ['od_max_conf_chlorine_contact' 'od_max_conf_drying_bed'
 'od_max_conf_oxidation_pond']. At least one non-missing value is needed for imputation with strategy='median'.
  warnings.warn(
/work/GRDVULN/correction/.venv/lib64/python3.11/site-packages/sklearn/impute/_base.py:647: UserWarning: Skipping features without any observed values: ['od_max_conf_chlorine_contact' 'od_max_conf_drying_bed'
 'od_max_conf_oxidation_pond']. At least one non-missing value is needed for imputation with strategy='median'.
  warnings.warn(
/work/GRDVULN/correction/.venv/lib64/python3.11/site-packages/sklearn/impute/_base.py:647: UserWarning: Skipping features without any observed values: ['od_max_conf_chlorine_contact' 'od_max_conf_drying_bed'
 'od_max_conf_oxidation_pond']. At least one non-missing value is needed for imputation with strategy='median'.
  warnings.warn(
/work/GRDVULN/correction/.venv/lib64/python3.11/site-packages/sklearn/impute/_base.py:647: UserWarning: Skipping features without any observed values: ['od_max_conf_chlorine_contact' 'od_max_conf_drying_bed'
 'od_max_conf_oxidation_pond']. At least one non-missing value is needed for imputation with strategy='median'.
  warnings.warn(
/work/GRDVULN/correction/.venv/lib64/python3.11/site-packages/sklearn/impute/_base.py:647: UserWarning: Skipping features without any observed values: ['od_max_conf_chlorine_contact' 'od_max_conf_drying_bed'
 'od_max_conf_oxidation_pond']. At least one non-missing value is needed for imputation with strategy='median'.
  warnings.warn(
/work/GRDVULN/correction/.venv/lib64/python3.11/site-packages/sklearn/impute/_base.py:647: UserWarning: Skipping features without any observed values: ['od_max_conf_chlorine_contact' 'od_max_conf_drying_bed'
 'od_max_conf_oxidation_pond']. At least one non-missing value is needed for imputation with strategy='median'.
  warnings.warn(
/work/GRDVULN/correction/.venv/lib64/python3.11/site-packages/sklearn/impute/_base.py:647: UserWarning: Skipping features without any observed values: ['od_max_conf_chlorine_contact' 'od_max_conf_drying_bed'
 'od_max_conf_oxidation_pond']. At least one non-missing value is needed for imputation with strategy='median'.
  warnings.warn(
/work/GRDVULN/correction/.venv/lib64/python3.11/site-packages/sklearn/impute/_base.py:647: UserWarning: Skipping features without any observed values: ['od_max_conf_chlorine_contact' 'od_max_conf_drying_bed'
 'od_max_conf_oxidation_pond']. At least one non-missing value is needed for imputation with strategy='median'.
  warnings.warn(
/work/GRDVULN/correction/.venv/lib64/python3.11/site-packages/sklearn/impute/_base.py:647: UserWarning: Skipping features without any observed values: ['od_max_conf_chlorine_contact' 'od_max_conf_drying_bed'
 'od_max_conf_oxidation_pond']. At least one non-missing value is needed for imputation with strategy='median'.
  warnings.warn(
/work/GRDVULN/correction/.venv/lib64/python3.11/site-packages/sklearn/impute/_base.py:647: UserWarning: Skipping features without any observed values: ['od_max_conf_chlorine_contact' 'od_max_conf_drying_bed'
 'od_max_conf_oxidation_pond']. At least one non-missing value is needed for imputation with strategy='median'.
  warnings.warn(
/work/GRDVULN/correction/.venv/lib64/python3.11/site-packages/sklearn/impute/_base.py:647: UserWarning: Skipping features without any observed values: ['od_max_conf_chlorine_contact' 'od_max_conf_drying_bed'
 'od_max_conf_oxidation_pond']. At least one non-missing value is needed for imputation with strategy='median'.
  warnings.warn(
/work/GRDVULN/correction/.venv/lib64/python3.11/site-packages/sklearn/impute/_base.py:647: UserWarning: Skipping features without any observed values: ['od_max_conf_chlorine_contact' 'od_max_conf_drying_bed'
 'od_max_conf_oxidation_pond']. At least one non-missing value is needed for imputation with strategy='median'.
  warnings.warn(
/work/GRDVULN/correction/.venv/lib64/python3.11/site-packages/sklearn/impute/_base.py:647: UserWarning: Skipping features without any observed values: ['od_max_conf_chlorine_contact' 'od_max_conf_drying_bed'
 'od_max_conf_oxidation_pond']. At least one non-missing value is needed for imputation with strategy='median'.
  warnings.warn(
/work/GRDVULN/correction/.venv/lib64/python3.11/site-packages/sklearn/impute/_base.py:647: UserWarning: Skipping features without any observed values: ['od_max_conf_chlorine_contact' 'od_max_conf_drying_bed'
 'od_max_conf_oxidation_pond']. At least one non-missing value is needed for imputation with strategy='median'.
  warnings.warn(
/work/GRDVULN/correction/.venv/lib64/python3.11/site-packages/sklearn/impute/_base.py:647: UserWarning: Skipping features without any observed values: ['od_max_conf_chlorine_contact' 'od_max_conf_drying_bed'
 'od_max_conf_oxidation_pond']. At least one non-missing value is needed for imputation with strategy='median'.
  warnings.warn(
/work/GRDVULN/correction/.venv/lib64/python3.11/site-packages/sklearn/impute/_base.py:647: UserWarning: Skipping features without any observed values: ['od_max_conf_chlorine_contact' 'od_max_conf_drying_bed'
 'od_max_conf_oxidation_pond']. At least one non-missing value is needed for imputation with strategy='median'.
  warnings.warn(
/work/GRDVULN/correction/.venv/lib64/python3.11/site-packages/sklearn/impute/_base.py:647: UserWarning: Skipping features without any observed values: ['od_max_conf_chlorine_contact' 'od_max_conf_drying_bed'
 'od_max_conf_oxidation_pond']. At least one non-missing value is needed for imputation with strategy='median'.
  warnings.warn(
/work/GRDVULN/correction/.venv/lib64/python3.11/site-packages/sklearn/impute/_base.py:647: UserWarning: Skipping features without any observed values: ['od_max_conf_chlorine_contact' 'od_max_conf_drying_bed'
 'od_max_conf_oxidation_pond']. At least one non-missing value is needed for imputation with strategy='median'.
  warnings.warn(
/work/GRDVULN/correction/.venv/lib64/python3.11/site-packages/sklearn/impute/_base.py:647: UserWarning: Skipping features without any observed values: ['od_max_conf_chlorine_contact' 'od_max_conf_drying_bed'
 'od_max_conf_oxidation_pond']. At least one non-missing value is needed for imputation with strategy='median'.
  warnings.warn(
/work/GRDVULN/correction/.venv/lib64/python3.11/site-packages/sklearn/impute/_base.py:647: UserWarning: Skipping features without any observed values: ['od_max_conf_chlorine_contact' 'od_max_conf_drying_bed'
 'od_max_conf_oxidation_pond']. At least one non-missing value is needed for imputation with strategy='median'.
  warnings.warn(
/work/GRDVULN/correction/.venv/lib64/python3.11/site-packages/sklearn/impute/_base.py:647: UserWarning: Skipping features without any observed values: ['od_max_conf_chlorine_contact' 'od_max_conf_drying_bed'
 'od_max_conf_oxidation_pond']. At least one non-missing value is needed for imputation with strategy='median'.
  warnings.warn(
/work/GRDVULN/correction/.venv/lib64/python3.11/site-packages/sklearn/impute/_base.py:647: UserWarning: Skipping features without any observed values: ['od_max_conf_chlorine_contact' 'od_max_conf_drying_bed'
 'od_max_conf_oxidation_pond']. At least one non-missing value is needed for imputation with strategy='median'.
  warnings.warn(
/work/GRDVULN/correction/.venv/lib64/python3.11/site-packages/sklearn/impute/_base.py:647: UserWarning: Skipping features without any observed values: ['od_max_conf_chlorine_contact' 'od_max_conf_drying_bed'
 'od_max_conf_oxidation_pond']. At least one non-missing value is needed for imputation with strategy='median'.
  warnings.warn(
/work/GRDVULN/correction/.venv/lib64/python3.11/site-packages/sklearn/impute/_base.py:647: UserWarning: Skipping features without any observed values: ['od_max_conf_chlorine_contact' 'od_max_conf_drying_bed'
 'od_max_conf_oxidation_pond']. At least one non-missing value is needed for imputation with strategy='median'.
  warnings.warn(
/work/GRDVULN/correction/.venv/lib64/python3.11/site-packages/sklearn/impute/_base.py:647: UserWarning: Skipping features without any observed values: ['od_max_conf_chlorine_contact' 'od_max_conf_drying_bed'
 'od_max_conf_oxidation_pond']. At least one non-missing value is needed for imputation with strategy='median'.
  warnings.warn(
  SPATIAL CV complete in 1.1 minutes
  Best SPATIAL ROC AUC: 0.9439

========================================
Tuning with STANDARD cross-validation...
========================================
  STANDARD CV complete in 1.0 minutes
  Best STANDARD ROC AUC: 0.9615

CV Comparison:
         cv   roc_auc
1  Standard  0.961464
0   Spatial  0.943947

========================================
Fitting final model on full training data...
========================================
Test set metrics:
  roc_auc     : 0.9515
  accuracy    : 0.9190
  sensitivity : 0.9237
  specificity : 0.8667
  brier_class : 0.0686

Confusion matrix (rows=truth, cols=predicted; 1=Correct, 0=Incorrect):
[[ 39   6]
 [ 38 460]]

Computing feature importance...
Top 20 features:
                  Variable  Importance  Importance_std
                    osm_ww    0.129839        0.016898
              is_municipal    0.010036        0.005958
          od_has_clarifier    0.002039        0.003081
                 has_water    0.001312        0.001124
              total_pixels    0.000705        0.000859
           water_pixel_pct    0.000660        0.001556
                ll_gisacre    0.000598        0.000508
               log_gisacre    0.000553        0.000642
                pop_served    0.000540        0.001095
            parcel_area_m2    0.000424        0.000376
              water_pixels    0.000419        0.001493
                  is_rural    0.000281        0.000351
      od_max_conf_digester    0.000272        0.000276
od_max_conf_aeration_basin    0.000165        0.000307
         od_max_confidence    0.000120        0.000336
            dominant_count    0.000107        0.001263
             lbcs_activity    0.000103        0.000137
             lbcs_function    0.000062        0.000439
         n_tiles_generated    0.000045        0.000000
                    y_5070    0.000045        0.002785

Running threshold analysis...
  Optimal Stage 1 threshold (Youden J): 0.519

Saving model...
  stage1_rf_model.joblib saved: 3.8 MB

=== Stage 1 training complete ===

FINAL RESULTS SUMMARY
  Test roc_auc: 0.9515
  Optimal threshold: 0.519
  CV comparison:
         cv   roc_auc
1  Standard  0.961464
0   Spatial  0.943947
Finished: Fri Aug 21 14:37:46 EDT 2026
