==========================================
Node:    r4n06
Job ID:  7412812
CPUs:    16
Started: Fri Sep  4 14:50:03 EDT 2026
==========================================
Loaded module: python/3.11
Python:  Python 3.11.13  (/work/GRDVULN/correction/.venv/bin/python)
------------------------------------------
=== 03_train_stage1.py: Stage 1 Model Training (Random Forest) ===

Loading Stage 1 training data...
  [holdout] stage1: removed 322 rows / 322 plants (2243 -> 1921)
  Rows: 1921
  Correct: 1717
  Incorrect: 204
  Model columns: 71
  Class weights -- Correct: 0.106 | Incorrect: 0.894

Setting up cross-validation folds...
  Spatial fold 1 train -- Correct: 1099, Incorrect: 150
  Spatial fold 2 train -- Correct: 1198, Incorrect: 115
  Spatial fold 3 train -- Correct: 1710, Incorrect: 194
  Spatial fold 4 train -- Correct: 1349, Incorrect: 182
  Spatial fold 5 train -- Correct: 1512, Incorrect: 175
  Spatial folds: 5  |  Standard folds: 5

========================================
Tuning with SPATIAL cross-validation...
========================================
/work/GRDVULN/correction/.venv/lib64/python3.11/site-packages/sklearn/impute/_base.py:647: UserWarning: Skipping features without any observed values: ['od_max_conf_chlorine_contact' 'od_max_conf_drying_bed'
 'od_max_conf_oxidation_pond']. At least one non-missing value is needed for imputation with strategy='median'.
  warnings.warn(
/work/GRDVULN/correction/.venv/lib64/python3.11/site-packages/sklearn/impute/_base.py:647: UserWarning: Skipping features without any observed values: ['od_max_conf_chlorine_contact' 'od_max_conf_drying_bed'
 'od_max_conf_oxidation_pond']. At least one non-missing value is needed for imputation with strategy='median'.
  warnings.warn(
/work/GRDVULN/correction/.venv/lib64/python3.11/site-packages/sklearn/impute/_base.py:647: UserWarning: Skipping features without any observed values: ['od_max_conf_chlorine_contact' 'od_max_conf_drying_bed'
 'od_max_conf_oxidation_pond']. At least one non-missing value is needed for imputation with strategy='median'.
  warnings.warn(
/work/GRDVULN/correction/.venv/lib64/python3.11/site-packages/sklearn/impute/_base.py:647: UserWarning: Skipping features without any observed values: ['od_max_conf_chlorine_contact' 'od_max_conf_drying_bed'
 'od_max_conf_oxidation_pond']. At least one non-missing value is needed for imputation with strategy='median'.
  warnings.warn(
/work/GRDVULN/correction/.venv/lib64/python3.11/site-packages/sklearn/impute/_base.py:647: UserWarning: Skipping features without any observed values: ['od_max_conf_chlorine_contact' 'od_max_conf_drying_bed'
 'od_max_conf_oxidation_pond']. At least one non-missing value is needed for imputation with strategy='median'.
  warnings.warn(
/work/GRDVULN/correction/.venv/lib64/python3.11/site-packages/sklearn/impute/_base.py:647: UserWarning: Skipping features without any observed values: ['od_max_conf_chlorine_contact' 'od_max_conf_drying_bed'
 'od_max_conf_oxidation_pond']. At least one non-missing value is needed for imputation with strategy='median'.
  warnings.warn(
/work/GRDVULN/correction/.venv/lib64/python3.11/site-packages/sklearn/impute/_base.py:647: UserWarning: Skipping features without any observed values: ['od_max_conf_chlorine_contact' 'od_max_conf_drying_bed'
 'od_max_conf_oxidation_pond']. At least one non-missing value is needed for imputation with strategy='median'.
  warnings.warn(
/work/GRDVULN/correction/.venv/lib64/python3.11/site-packages/sklearn/impute/_base.py:647: UserWarning: Skipping features without any observed values: ['od_max_conf_chlorine_contact' 'od_max_conf_drying_bed'
 'od_max_conf_oxidation_pond']. At least one non-missing value is needed for imputation with strategy='median'.
  warnings.warn(
/work/GRDVULN/correction/.venv/lib64/python3.11/site-packages/sklearn/impute/_base.py:647: UserWarning: Skipping features without any observed values: ['od_max_conf_chlorine_contact' 'od_max_conf_drying_bed'
 'od_max_conf_oxidation_pond']. At least one non-missing value is needed for imputation with strategy='median'.
  warnings.warn(
/work/GRDVULN/correction/.venv/lib64/python3.11/site-packages/sklearn/impute/_base.py:647: UserWarning: Skipping features without any observed values: ['od_max_conf_chlorine_contact' 'od_max_conf_drying_bed'
 'od_max_conf_oxidation_pond']. At least one non-missing value is needed for imputation with strategy='median'.
  warnings.warn(
/work/GRDVULN/correction/.venv/lib64/python3.11/site-packages/sklearn/impute/_base.py:647: UserWarning: Skipping features without any observed values: ['od_max_conf_chlorine_contact' 'od_max_conf_drying_bed'
 'od_max_conf_oxidation_pond']. At least one non-missing value is needed for imputation with strategy='median'.
  warnings.warn(
/work/GRDVULN/correction/.venv/lib64/python3.11/site-packages/sklearn/impute/_base.py:647: UserWarning: Skipping features without any observed values: ['od_max_conf_chlorine_contact' 'od_max_conf_drying_bed'
 'od_max_conf_oxidation_pond']. At least one non-missing value is needed for imputation with strategy='median'.
  warnings.warn(
/work/GRDVULN/correction/.venv/lib64/python3.11/site-packages/sklearn/impute/_base.py:647: UserWarning: Skipping features without any observed values: ['od_max_conf_chlorine_contact' 'od_max_conf_drying_bed'
 'od_max_conf_oxidation_pond']. At least one non-missing value is needed for imputation with strategy='median'.
  warnings.warn(
/work/GRDVULN/correction/.venv/lib64/python3.11/site-packages/sklearn/impute/_base.py:647: UserWarning: Skipping features without any observed values: ['od_max_conf_chlorine_contact' 'od_max_conf_drying_bed'
 'od_max_conf_oxidation_pond']. At least one non-missing value is needed for imputation with strategy='median'.
  warnings.warn(
/work/GRDVULN/correction/.venv/lib64/python3.11/site-packages/sklearn/impute/_base.py:647: UserWarning: Skipping features without any observed values: ['od_max_conf_chlorine_contact' 'od_max_conf_drying_bed'
 'od_max_conf_oxidation_pond']. At least one non-missing value is needed for imputation with strategy='median'.
  warnings.warn(
/work/GRDVULN/correction/.venv/lib64/python3.11/site-packages/sklearn/impute/_base.py:647: UserWarning: Skipping features without any observed values: ['od_max_conf_chlorine_contact' 'od_max_conf_drying_bed'
 'od_max_conf_oxidation_pond']. At least one non-missing value is needed for imputation with strategy='median'.
  warnings.warn(
/work/GRDVULN/correction/.venv/lib64/python3.11/site-packages/sklearn/impute/_base.py:647: UserWarning: Skipping features without any observed values: ['od_max_conf_chlorine_contact' 'od_max_conf_drying_bed'
 'od_max_conf_oxidation_pond']. At least one non-missing value is needed for imputation with strategy='median'.
  warnings.warn(
/work/GRDVULN/correction/.venv/lib64/python3.11/site-packages/sklearn/impute/_base.py:647: UserWarning: Skipping features without any observed values: ['od_max_conf_chlorine_contact' 'od_max_conf_drying_bed'
 'od_max_conf_oxidation_pond']. At least one non-missing value is needed for imputation with strategy='median'.
  warnings.warn(
/work/GRDVULN/correction/.venv/lib64/python3.11/site-packages/sklearn/impute/_base.py:647: UserWarning: Skipping features without any observed values: ['od_max_conf_chlorine_contact' 'od_max_conf_drying_bed'
 'od_max_conf_oxidation_pond']. At least one non-missing value is needed for imputation with strategy='median'.
  warnings.warn(
/work/GRDVULN/correction/.venv/lib64/python3.11/site-packages/sklearn/impute/_base.py:647: UserWarning: Skipping features without any observed values: ['od_max_conf_chlorine_contact' 'od_max_conf_drying_bed'
 'od_max_conf_oxidation_pond']. At least one non-missing value is needed for imputation with strategy='median'.
  warnings.warn(
/work/GRDVULN/correction/.venv/lib64/python3.11/site-packages/sklearn/impute/_base.py:647: UserWarning: Skipping features without any observed values: ['od_max_conf_chlorine_contact' 'od_max_conf_drying_bed'
 'od_max_conf_oxidation_pond']. At least one non-missing value is needed for imputation with strategy='median'.
  warnings.warn(
/work/GRDVULN/correction/.venv/lib64/python3.11/site-packages/sklearn/impute/_base.py:647: UserWarning: Skipping features without any observed values: ['od_max_conf_chlorine_contact' 'od_max_conf_drying_bed'
 'od_max_conf_oxidation_pond']. At least one non-missing value is needed for imputation with strategy='median'.
  warnings.warn(
/work/GRDVULN/correction/.venv/lib64/python3.11/site-packages/sklearn/impute/_base.py:647: UserWarning: Skipping features without any observed values: ['od_max_conf_chlorine_contact' 'od_max_conf_drying_bed'
 'od_max_conf_oxidation_pond']. At least one non-missing value is needed for imputation with strategy='median'.
  warnings.warn(
/work/GRDVULN/correction/.venv/lib64/python3.11/site-packages/sklearn/impute/_base.py:647: UserWarning: Skipping features without any observed values: ['od_max_conf_chlorine_contact' 'od_max_conf_drying_bed'
 'od_max_conf_oxidation_pond']. At least one non-missing value is needed for imputation with strategy='median'.
  warnings.warn(
/work/GRDVULN/correction/.venv/lib64/python3.11/site-packages/sklearn/impute/_base.py:647: UserWarning: Skipping features without any observed values: ['od_max_conf_chlorine_contact' 'od_max_conf_drying_bed'
 'od_max_conf_oxidation_pond']. At least one non-missing value is needed for imputation with strategy='median'.
  warnings.warn(
/work/GRDVULN/correction/.venv/lib64/python3.11/site-packages/sklearn/impute/_base.py:647: UserWarning: Skipping features without any observed values: ['od_max_conf_chlorine_contact' 'od_max_conf_drying_bed'
 'od_max_conf_oxidation_pond']. At least one non-missing value is needed for imputation with strategy='median'.
  warnings.warn(
/work/GRDVULN/correction/.venv/lib64/python3.11/site-packages/sklearn/impute/_base.py:647: UserWarning: Skipping features without any observed values: ['od_max_conf_chlorine_contact' 'od_max_conf_drying_bed'
 'od_max_conf_oxidation_pond']. At least one non-missing value is needed for imputation with strategy='median'.
  warnings.warn(
/work/GRDVULN/correction/.venv/lib64/python3.11/site-packages/sklearn/impute/_base.py:647: UserWarning: Skipping features without any observed values: ['od_max_conf_chlorine_contact' 'od_max_conf_drying_bed'
 'od_max_conf_oxidation_pond']. At least one non-missing value is needed for imputation with strategy='median'.
  warnings.warn(
/work/GRDVULN/correction/.venv/lib64/python3.11/site-packages/sklearn/impute/_base.py:647: UserWarning: Skipping features without any observed values: ['od_max_conf_chlorine_contact' 'od_max_conf_drying_bed'
 'od_max_conf_oxidation_pond']. At least one non-missing value is needed for imputation with strategy='median'.
  warnings.warn(
/work/GRDVULN/correction/.venv/lib64/python3.11/site-packages/sklearn/impute/_base.py:647: UserWarning: Skipping features without any observed values: ['od_max_conf_chlorine_contact' 'od_max_conf_drying_bed'
 'od_max_conf_oxidation_pond']. At least one non-missing value is needed for imputation with strategy='median'.
  warnings.warn(
/work/GRDVULN/correction/.venv/lib64/python3.11/site-packages/sklearn/impute/_base.py:647: UserWarning: Skipping features without any observed values: ['od_max_conf_chlorine_contact' 'od_max_conf_drying_bed'
 'od_max_conf_oxidation_pond']. At least one non-missing value is needed for imputation with strategy='median'.
  warnings.warn(
/work/GRDVULN/correction/.venv/lib64/python3.11/site-packages/sklearn/impute/_base.py:647: UserWarning: Skipping features without any observed values: ['od_max_conf_chlorine_contact' 'od_max_conf_drying_bed'
 'od_max_conf_oxidation_pond']. At least one non-missing value is needed for imputation with strategy='median'.
  warnings.warn(
/work/GRDVULN/correction/.venv/lib64/python3.11/site-packages/sklearn/impute/_base.py:647: UserWarning: Skipping features without any observed values: ['od_max_conf_chlorine_contact' 'od_max_conf_drying_bed'
 'od_max_conf_oxidation_pond']. At least one non-missing value is needed for imputation with strategy='median'.
  warnings.warn(
/work/GRDVULN/correction/.venv/lib64/python3.11/site-packages/sklearn/impute/_base.py:647: UserWarning: Skipping features without any observed values: ['od_max_conf_chlorine_contact' 'od_max_conf_drying_bed'
 'od_max_conf_oxidation_pond']. At least one non-missing value is needed for imputation with strategy='median'.
  warnings.warn(
/work/GRDVULN/correction/.venv/lib64/python3.11/site-packages/sklearn/impute/_base.py:647: UserWarning: Skipping features without any observed values: ['od_max_conf_chlorine_contact' 'od_max_conf_drying_bed'
 'od_max_conf_oxidation_pond']. At least one non-missing value is needed for imputation with strategy='median'.
  warnings.warn(
/work/GRDVULN/correction/.venv/lib64/python3.11/site-packages/sklearn/impute/_base.py:647: UserWarning: Skipping features without any observed values: ['od_max_conf_chlorine_contact' 'od_max_conf_drying_bed'
 'od_max_conf_oxidation_pond']. At least one non-missing value is needed for imputation with strategy='median'.
  warnings.warn(
/work/GRDVULN/correction/.venv/lib64/python3.11/site-packages/sklearn/impute/_base.py:647: UserWarning: Skipping features without any observed values: ['od_max_conf_chlorine_contact' 'od_max_conf_drying_bed'
 'od_max_conf_oxidation_pond']. At least one non-missing value is needed for imputation with strategy='median'.
  warnings.warn(
/work/GRDVULN/correction/.venv/lib64/python3.11/site-packages/sklearn/impute/_base.py:647: UserWarning: Skipping features without any observed values: ['od_max_conf_chlorine_contact' 'od_max_conf_drying_bed'
 'od_max_conf_oxidation_pond']. At least one non-missing value is needed for imputation with strategy='median'.
  warnings.warn(
/work/GRDVULN/correction/.venv/lib64/python3.11/site-packages/sklearn/impute/_base.py:647: UserWarning: Skipping features without any observed values: ['od_max_conf_chlorine_contact' 'od_max_conf_drying_bed'
 'od_max_conf_oxidation_pond']. At least one non-missing value is needed for imputation with strategy='median'.
  warnings.warn(
/work/GRDVULN/correction/.venv/lib64/python3.11/site-packages/sklearn/impute/_base.py:647: UserWarning: Skipping features without any observed values: ['od_max_conf_chlorine_contact' 'od_max_conf_drying_bed'
 'od_max_conf_oxidation_pond']. At least one non-missing value is needed for imputation with strategy='median'.
  warnings.warn(
/work/GRDVULN/correction/.venv/lib64/python3.11/site-packages/sklearn/impute/_base.py:647: UserWarning: Skipping features without any observed values: ['od_max_conf_chlorine_contact' 'od_max_conf_drying_bed'
 'od_max_conf_oxidation_pond']. At least one non-missing value is needed for imputation with strategy='median'.
  warnings.warn(
/work/GRDVULN/correction/.venv/lib64/python3.11/site-packages/sklearn/impute/_base.py:647: UserWarning: Skipping features without any observed values: ['od_max_conf_chlorine_contact' 'od_max_conf_drying_bed'
 'od_max_conf_oxidation_pond']. At least one non-missing value is needed for imputation with strategy='median'.
  warnings.warn(
/work/GRDVULN/correction/.venv/lib64/python3.11/site-packages/sklearn/impute/_base.py:647: UserWarning: Skipping features without any observed values: ['od_max_conf_chlorine_contact' 'od_max_conf_drying_bed'
 'od_max_conf_oxidation_pond']. At least one non-missing value is needed for imputation with strategy='median'.
  warnings.warn(
/work/GRDVULN/correction/.venv/lib64/python3.11/site-packages/sklearn/impute/_base.py:647: UserWarning: Skipping features without any observed values: ['od_max_conf_chlorine_contact' 'od_max_conf_drying_bed'
 'od_max_conf_oxidation_pond']. At least one non-missing value is needed for imputation with strategy='median'.
  warnings.warn(
/work/GRDVULN/correction/.venv/lib64/python3.11/site-packages/sklearn/impute/_base.py:647: UserWarning: Skipping features without any observed values: ['od_max_conf_chlorine_contact' 'od_max_conf_drying_bed'
 'od_max_conf_oxidation_pond']. At least one non-missing value is needed for imputation with strategy='median'.
  warnings.warn(
/work/GRDVULN/correction/.venv/lib64/python3.11/site-packages/sklearn/impute/_base.py:647: UserWarning: Skipping features without any observed values: ['od_max_conf_chlorine_contact' 'od_max_conf_drying_bed'
 'od_max_conf_oxidation_pond']. At least one non-missing value is needed for imputation with strategy='median'.
  warnings.warn(
/work/GRDVULN/correction/.venv/lib64/python3.11/site-packages/sklearn/impute/_base.py:647: UserWarning: Skipping features without any observed values: ['od_max_conf_chlorine_contact' 'od_max_conf_drying_bed'
 'od_max_conf_oxidation_pond']. At least one non-missing value is needed for imputation with strategy='median'.
  warnings.warn(
/work/GRDVULN/correction/.venv/lib64/python3.11/site-packages/sklearn/impute/_base.py:647: UserWarning: Skipping features without any observed values: ['od_max_conf_chlorine_contact' 'od_max_conf_drying_bed'
 'od_max_conf_oxidation_pond']. At least one non-missing value is needed for imputation with strategy='median'.
  warnings.warn(
/work/GRDVULN/correction/.venv/lib64/python3.11/site-packages/sklearn/impute/_base.py:647: UserWarning: Skipping features without any observed values: ['od_max_conf_chlorine_contact' 'od_max_conf_drying_bed'
 'od_max_conf_oxidation_pond']. At least one non-missing value is needed for imputation with strategy='median'.
  warnings.warn(
/work/GRDVULN/correction/.venv/lib64/python3.11/site-packages/sklearn/impute/_base.py:647: UserWarning: Skipping features without any observed values: ['od_max_conf_chlorine_contact' 'od_max_conf_drying_bed'
 'od_max_conf_oxidation_pond']. At least one non-missing value is needed for imputation with strategy='median'.
  warnings.warn(
/work/GRDVULN/correction/.venv/lib64/python3.11/site-packages/sklearn/impute/_base.py:647: UserWarning: Skipping features without any observed values: ['od_max_conf_chlorine_contact' 'od_max_conf_drying_bed'
 'od_max_conf_oxidation_pond']. At least one non-missing value is needed for imputation with strategy='median'.
  warnings.warn(
/work/GRDVULN/correction/.venv/lib64/python3.11/site-packages/sklearn/impute/_base.py:647: UserWarning: Skipping features without any observed values: ['od_max_conf_chlorine_contact' 'od_max_conf_drying_bed'
 'od_max_conf_oxidation_pond']. At least one non-missing value is needed for imputation with strategy='median'.
  warnings.warn(
/work/GRDVULN/correction/.venv/lib64/python3.11/site-packages/sklearn/impute/_base.py:647: UserWarning: Skipping features without any observed values: ['od_max_conf_chlorine_contact' 'od_max_conf_drying_bed'
 'od_max_conf_oxidation_pond']. At least one non-missing value is needed for imputation with strategy='median'.
  warnings.warn(
/work/GRDVULN/correction/.venv/lib64/python3.11/site-packages/sklearn/impute/_base.py:647: UserWarning: Skipping features without any observed values: ['od_max_conf_chlorine_contact' 'od_max_conf_drying_bed'
 'od_max_conf_oxidation_pond']. At least one non-missing value is needed for imputation with strategy='median'.
  warnings.warn(
/work/GRDVULN/correction/.venv/lib64/python3.11/site-packages/sklearn/impute/_base.py:647: UserWarning: Skipping features without any observed values: ['od_max_conf_chlorine_contact' 'od_max_conf_drying_bed'
 'od_max_conf_oxidation_pond']. At least one non-missing value is needed for imputation with strategy='median'.
  warnings.warn(
/work/GRDVULN/correction/.venv/lib64/python3.11/site-packages/sklearn/impute/_base.py:647: UserWarning: Skipping features without any observed values: ['od_max_conf_chlorine_contact' 'od_max_conf_drying_bed'
 'od_max_conf_oxidation_pond']. At least one non-missing value is needed for imputation with strategy='median'.
  warnings.warn(
/work/GRDVULN/correction/.venv/lib64/python3.11/site-packages/sklearn/impute/_base.py:647: UserWarning: Skipping features without any observed values: ['od_max_conf_chlorine_contact' 'od_max_conf_drying_bed'
 'od_max_conf_oxidation_pond']. At least one non-missing value is needed for imputation with strategy='median'.
  warnings.warn(
/work/GRDVULN/correction/.venv/lib64/python3.11/site-packages/sklearn/impute/_base.py:647: UserWarning: Skipping features without any observed values: ['od_max_conf_chlorine_contact' 'od_max_conf_drying_bed'
 'od_max_conf_oxidation_pond']. At least one non-missing value is needed for imputation with strategy='median'.
  warnings.warn(
/work/GRDVULN/correction/.venv/lib64/python3.11/site-packages/sklearn/impute/_base.py:647: UserWarning: Skipping features without any observed values: ['od_max_conf_chlorine_contact' 'od_max_conf_drying_bed'
 'od_max_conf_oxidation_pond']. At least one non-missing value is needed for imputation with strategy='median'.
  warnings.warn(
/work/GRDVULN/correction/.venv/lib64/python3.11/site-packages/sklearn/impute/_base.py:647: UserWarning: Skipping features without any observed values: ['od_max_conf_chlorine_contact' 'od_max_conf_drying_bed'
 'od_max_conf_oxidation_pond']. At least one non-missing value is needed for imputation with strategy='median'.
  warnings.warn(
/work/GRDVULN/correction/.venv/lib64/python3.11/site-packages/sklearn/impute/_base.py:647: UserWarning: Skipping features without any observed values: ['od_max_conf_chlorine_contact' 'od_max_conf_drying_bed'
 'od_max_conf_oxidation_pond']. At least one non-missing value is needed for imputation with strategy='median'.
  warnings.warn(
/work/GRDVULN/correction/.venv/lib64/python3.11/site-packages/sklearn/impute/_base.py:647: UserWarning: Skipping features without any observed values: ['od_max_conf_chlorine_contact' 'od_max_conf_drying_bed'
 'od_max_conf_oxidation_pond']. At least one non-missing value is needed for imputation with strategy='median'.
  warnings.warn(
/work/GRDVULN/correction/.venv/lib64/python3.11/site-packages/sklearn/impute/_base.py:647: UserWarning: Skipping features without any observed values: ['od_max_conf_chlorine_contact' 'od_max_conf_drying_bed'
 'od_max_conf_oxidation_pond']. At least one non-missing value is needed for imputation with strategy='median'.
  warnings.warn(
/work/GRDVULN/correction/.venv/lib64/python3.11/site-packages/sklearn/impute/_base.py:647: UserWarning: Skipping features without any observed values: ['od_max_conf_chlorine_contact' 'od_max_conf_drying_bed'
 'od_max_conf_oxidation_pond']. At least one non-missing value is needed for imputation with strategy='median'.
  warnings.warn(
/work/GRDVULN/correction/.venv/lib64/python3.11/site-packages/sklearn/impute/_base.py:647: UserWarning: Skipping features without any observed values: ['od_max_conf_chlorine_contact' 'od_max_conf_drying_bed'
 'od_max_conf_oxidation_pond']. At least one non-missing value is needed for imputation with strategy='median'.
  warnings.warn(
/work/GRDVULN/correction/.venv/lib64/python3.11/site-packages/sklearn/impute/_base.py:647: UserWarning: Skipping features without any observed values: ['od_max_conf_chlorine_contact' 'od_max_conf_drying_bed'
 'od_max_conf_oxidation_pond']. At least one non-missing value is needed for imputation with strategy='median'.
  warnings.warn(
/work/GRDVULN/correction/.venv/lib64/python3.11/site-packages/sklearn/impute/_base.py:647: UserWarning: Skipping features without any observed values: ['od_max_conf_chlorine_contact' 'od_max_conf_drying_bed'
 'od_max_conf_oxidation_pond']. At least one non-missing value is needed for imputation with strategy='median'.
  warnings.warn(
/work/GRDVULN/correction/.venv/lib64/python3.11/site-packages/sklearn/impute/_base.py:647: UserWarning: Skipping features without any observed values: ['od_max_conf_chlorine_contact' 'od_max_conf_drying_bed'
 'od_max_conf_oxidation_pond']. At least one non-missing value is needed for imputation with strategy='median'.
  warnings.warn(
/work/GRDVULN/correction/.venv/lib64/python3.11/site-packages/sklearn/impute/_base.py:647: UserWarning: Skipping features without any observed values: ['od_max_conf_chlorine_contact' 'od_max_conf_drying_bed'
 'od_max_conf_oxidation_pond']. At least one non-missing value is needed for imputation with strategy='median'.
  warnings.warn(
/work/GRDVULN/correction/.venv/lib64/python3.11/site-packages/sklearn/impute/_base.py:647: UserWarning: Skipping features without any observed values: ['od_max_conf_chlorine_contact' 'od_max_conf_drying_bed'
 'od_max_conf_oxidation_pond']. At least one non-missing value is needed for imputation with strategy='median'.
  warnings.warn(
/work/GRDVULN/correction/.venv/lib64/python3.11/site-packages/sklearn/impute/_base.py:647: UserWarning: Skipping features without any observed values: ['od_max_conf_chlorine_contact' 'od_max_conf_drying_bed'
 'od_max_conf_oxidation_pond']. At least one non-missing value is needed for imputation with strategy='median'.
  warnings.warn(
/work/GRDVULN/correction/.venv/lib64/python3.11/site-packages/sklearn/impute/_base.py:647: UserWarning: Skipping features without any observed values: ['od_max_conf_chlorine_contact' 'od_max_conf_drying_bed'
 'od_max_conf_oxidation_pond']. At least one non-missing value is needed for imputation with strategy='median'.
  warnings.warn(
/work/GRDVULN/correction/.venv/lib64/python3.11/site-packages/sklearn/impute/_base.py:647: UserWarning: Skipping features without any observed values: ['od_max_conf_chlorine_contact' 'od_max_conf_drying_bed'
 'od_max_conf_oxidation_pond']. At least one non-missing value is needed for imputation with strategy='median'.
  warnings.warn(
/work/GRDVULN/correction/.venv/lib64/python3.11/site-packages/sklearn/impute/_base.py:647: UserWarning: Skipping features without any observed values: ['od_max_conf_chlorine_contact' 'od_max_conf_drying_bed'
 'od_max_conf_oxidation_pond']. At least one non-missing value is needed for imputation with strategy='median'.
  warnings.warn(
/work/GRDVULN/correction/.venv/lib64/python3.11/site-packages/sklearn/impute/_base.py:647: UserWarning: Skipping features without any observed values: ['od_max_conf_chlorine_contact' 'od_max_conf_drying_bed'
 'od_max_conf_oxidation_pond']. At least one non-missing value is needed for imputation with strategy='median'.
  warnings.warn(
/work/GRDVULN/correction/.venv/lib64/python3.11/site-packages/sklearn/impute/_base.py:647: UserWarning: Skipping features without any observed values: ['od_max_conf_chlorine_contact' 'od_max_conf_drying_bed'
 'od_max_conf_oxidation_pond']. At least one non-missing value is needed for imputation with strategy='median'.
  warnings.warn(
/work/GRDVULN/correction/.venv/lib64/python3.11/site-packages/sklearn/impute/_base.py:647: UserWarning: Skipping features without any observed values: ['od_max_conf_chlorine_contact' 'od_max_conf_drying_bed'
 'od_max_conf_oxidation_pond']. At least one non-missing value is needed for imputation with strategy='median'.
  warnings.warn(
/work/GRDVULN/correction/.venv/lib64/python3.11/site-packages/sklearn/impute/_base.py:647: UserWarning: Skipping features without any observed values: ['od_max_conf_chlorine_contact' 'od_max_conf_drying_bed'
 'od_max_conf_oxidation_pond']. At least one non-missing value is needed for imputation with strategy='median'.
  warnings.warn(
/work/GRDVULN/correction/.venv/lib64/python3.11/site-packages/sklearn/impute/_base.py:647: UserWarning: Skipping features without any observed values: ['od_max_conf_chlorine_contact' 'od_max_conf_drying_bed'
 'od_max_conf_oxidation_pond']. At least one non-missing value is needed for imputation with strategy='median'.
  warnings.warn(
/work/GRDVULN/correction/.venv/lib64/python3.11/site-packages/sklearn/impute/_base.py:647: UserWarning: Skipping features without any observed values: ['od_max_conf_chlorine_contact' 'od_max_conf_drying_bed'
 'od_max_conf_oxidation_pond']. At least one non-missing value is needed for imputation with strategy='median'.
  warnings.warn(
/work/GRDVULN/correction/.venv/lib64/python3.11/site-packages/sklearn/impute/_base.py:647: UserWarning: Skipping features without any observed values: ['od_max_conf_chlorine_contact' 'od_max_conf_drying_bed'
 'od_max_conf_oxidation_pond']. At least one non-missing value is needed for imputation with strategy='median'.
  warnings.warn(
/work/GRDVULN/correction/.venv/lib64/python3.11/site-packages/sklearn/impute/_base.py:647: UserWarning: Skipping features without any observed values: ['od_max_conf_chlorine_contact' 'od_max_conf_drying_bed'
 'od_max_conf_oxidation_pond']. At least one non-missing value is needed for imputation with strategy='median'.
  warnings.warn(
/work/GRDVULN/correction/.venv/lib64/python3.11/site-packages/sklearn/impute/_base.py:647: UserWarning: Skipping features without any observed values: ['od_max_conf_chlorine_contact' 'od_max_conf_drying_bed'
 'od_max_conf_oxidation_pond']. At least one non-missing value is needed for imputation with strategy='median'.
  warnings.warn(
/work/GRDVULN/correction/.venv/lib64/python3.11/site-packages/sklearn/impute/_base.py:647: UserWarning: Skipping features without any observed values: ['od_max_conf_chlorine_contact' 'od_max_conf_drying_bed'
 'od_max_conf_oxidation_pond']. At least one non-missing value is needed for imputation with strategy='median'.
  warnings.warn(
/work/GRDVULN/correction/.venv/lib64/python3.11/site-packages/sklearn/impute/_base.py:647: UserWarning: Skipping features without any observed values: ['od_max_conf_chlorine_contact' 'od_max_conf_drying_bed'
 'od_max_conf_oxidation_pond']. At least one non-missing value is needed for imputation with strategy='median'.
  warnings.warn(
/work/GRDVULN/correction/.venv/lib64/python3.11/site-packages/sklearn/impute/_base.py:647: UserWarning: Skipping features without any observed values: ['od_max_conf_chlorine_contact' 'od_max_conf_drying_bed'
 'od_max_conf_oxidation_pond']. At least one non-missing value is needed for imputation with strategy='median'.
  warnings.warn(
/work/GRDVULN/correction/.venv/lib64/python3.11/site-packages/sklearn/impute/_base.py:647: UserWarning: Skipping features without any observed values: ['od_max_conf_chlorine_contact' 'od_max_conf_drying_bed'
 'od_max_conf_oxidation_pond']. At least one non-missing value is needed for imputation with strategy='median'.
  warnings.warn(
/work/GRDVULN/correction/.venv/lib64/python3.11/site-packages/sklearn/impute/_base.py:647: UserWarning: Skipping features without any observed values: ['od_max_conf_chlorine_contact' 'od_max_conf_drying_bed'
 'od_max_conf_oxidation_pond']. At least one non-missing value is needed for imputation with strategy='median'.
  warnings.warn(
/work/GRDVULN/correction/.venv/lib64/python3.11/site-packages/sklearn/impute/_base.py:647: UserWarning: Skipping features without any observed values: ['od_max_conf_chlorine_contact' 'od_max_conf_drying_bed'
 'od_max_conf_oxidation_pond']. At least one non-missing value is needed for imputation with strategy='median'.
  warnings.warn(
/work/GRDVULN/correction/.venv/lib64/python3.11/site-packages/sklearn/impute/_base.py:647: UserWarning: Skipping features without any observed values: ['od_max_conf_chlorine_contact' 'od_max_conf_drying_bed'
 'od_max_conf_oxidation_pond']. At least one non-missing value is needed for imputation with strategy='median'.
  warnings.warn(
/work/GRDVULN/correction/.venv/lib64/python3.11/site-packages/sklearn/impute/_base.py:647: UserWarning: Skipping features without any observed values: ['od_max_conf_chlorine_contact' 'od_max_conf_drying_bed'
 'od_max_conf_oxidation_pond']. At least one non-missing value is needed for imputation with strategy='median'.
  warnings.warn(
/work/GRDVULN/correction/.venv/lib64/python3.11/site-packages/sklearn/impute/_base.py:647: UserWarning: Skipping features without any observed values: ['od_max_conf_chlorine_contact' 'od_max_conf_drying_bed'
 'od_max_conf_oxidation_pond']. At least one non-missing value is needed for imputation with strategy='median'.
  warnings.warn(
/work/GRDVULN/correction/.venv/lib64/python3.11/site-packages/sklearn/impute/_base.py:647: UserWarning: Skipping features without any observed values: ['od_max_conf_chlorine_contact' 'od_max_conf_drying_bed'
 'od_max_conf_oxidation_pond']. At least one non-missing value is needed for imputation with strategy='median'.
  warnings.warn(
/work/GRDVULN/correction/.venv/lib64/python3.11/site-packages/sklearn/impute/_base.py:647: UserWarning: Skipping features without any observed values: ['od_max_conf_chlorine_contact' 'od_max_conf_drying_bed'
 'od_max_conf_oxidation_pond']. At least one non-missing value is needed for imputation with strategy='median'.
  warnings.warn(
/work/GRDVULN/correction/.venv/lib64/python3.11/site-packages/sklearn/impute/_base.py:647: UserWarning: Skipping features without any observed values: ['od_max_conf_chlorine_contact' 'od_max_conf_drying_bed'
 'od_max_conf_oxidation_pond']. At least one non-missing value is needed for imputation with strategy='median'.
  warnings.warn(
/work/GRDVULN/correction/.venv/lib64/python3.11/site-packages/sklearn/impute/_base.py:647: UserWarning: Skipping features without any observed values: ['od_max_conf_chlorine_contact' 'od_max_conf_drying_bed'
 'od_max_conf_oxidation_pond']. At least one non-missing value is needed for imputation with strategy='median'.
  warnings.warn(
/work/GRDVULN/correction/.venv/lib64/python3.11/site-packages/sklearn/impute/_base.py:647: UserWarning: Skipping features without any observed values: ['od_max_conf_chlorine_contact' 'od_max_conf_drying_bed'
 'od_max_conf_oxidation_pond']. At least one non-missing value is needed for imputation with strategy='median'.
  warnings.warn(
/work/GRDVULN/correction/.venv/lib64/python3.11/site-packages/sklearn/impute/_base.py:647: UserWarning: Skipping features without any observed values: ['od_max_conf_chlorine_contact' 'od_max_conf_drying_bed'
 'od_max_conf_oxidation_pond']. At least one non-missing value is needed for imputation with strategy='median'.
  warnings.warn(
/work/GRDVULN/correction/.venv/lib64/python3.11/site-packages/sklearn/impute/_base.py:647: UserWarning: Skipping features without any observed values: ['od_max_conf_chlorine_contact' 'od_max_conf_drying_bed'
 'od_max_conf_oxidation_pond']. At least one non-missing value is needed for imputation with strategy='median'.
  warnings.warn(
/work/GRDVULN/correction/.venv/lib64/python3.11/site-packages/sklearn/impute/_base.py:647: UserWarning: Skipping features without any observed values: ['od_max_conf_chlorine_contact' 'od_max_conf_drying_bed'
 'od_max_conf_oxidation_pond']. At least one non-missing value is needed for imputation with strategy='median'.
  warnings.warn(
/work/GRDVULN/correction/.venv/lib64/python3.11/site-packages/sklearn/impute/_base.py:647: UserWarning: Skipping features without any observed values: ['od_max_conf_chlorine_contact' 'od_max_conf_drying_bed'
 'od_max_conf_oxidation_pond']. At least one non-missing value is needed for imputation with strategy='median'.
  warnings.warn(
/work/GRDVULN/correction/.venv/lib64/python3.11/site-packages/sklearn/impute/_base.py:647: UserWarning: Skipping features without any observed values: ['od_max_conf_chlorine_contact' 'od_max_conf_drying_bed'
 'od_max_conf_oxidation_pond']. At least one non-missing value is needed for imputation with strategy='median'.
  warnings.warn(
/work/GRDVULN/correction/.venv/lib64/python3.11/site-packages/sklearn/impute/_base.py:647: UserWarning: Skipping features without any observed values: ['od_max_conf_chlorine_contact' 'od_max_conf_drying_bed'
 'od_max_conf_oxidation_pond']. At least one non-missing value is needed for imputation with strategy='median'.
  warnings.warn(
/work/GRDVULN/correction/.venv/lib64/python3.11/site-packages/sklearn/impute/_base.py:647: UserWarning: Skipping features without any observed values: ['od_max_conf_chlorine_contact' 'od_max_conf_drying_bed'
 'od_max_conf_oxidation_pond']. At least one non-missing value is needed for imputation with strategy='median'.
  warnings.warn(
/work/GRDVULN/correction/.venv/lib64/python3.11/site-packages/sklearn/impute/_base.py:647: UserWarning: Skipping features without any observed values: ['od_max_conf_chlorine_contact' 'od_max_conf_drying_bed'
 'od_max_conf_oxidation_pond']. At least one non-missing value is needed for imputation with strategy='median'.
  warnings.warn(
/work/GRDVULN/correction/.venv/lib64/python3.11/site-packages/sklearn/impute/_base.py:647: UserWarning: Skipping features without any observed values: ['od_max_conf_chlorine_contact' 'od_max_conf_drying_bed'
 'od_max_conf_oxidation_pond']. At least one non-missing value is needed for imputation with strategy='median'.
  warnings.warn(
/work/GRDVULN/correction/.venv/lib64/python3.11/site-packages/sklearn/impute/_base.py:647: UserWarning: Skipping features without any observed values: ['od_max_conf_chlorine_contact' 'od_max_conf_drying_bed'
 'od_max_conf_oxidation_pond']. At least one non-missing value is needed for imputation with strategy='median'.
  warnings.warn(
/work/GRDVULN/correction/.venv/lib64/python3.11/site-packages/sklearn/impute/_base.py:647: UserWarning: Skipping features without any observed values: ['od_max_conf_chlorine_contact' 'od_max_conf_drying_bed'
 'od_max_conf_oxidation_pond']. At least one non-missing value is needed for imputation with strategy='median'.
  warnings.warn(
/work/GRDVULN/correction/.venv/lib64/python3.11/site-packages/sklearn/impute/_base.py:647: UserWarning: Skipping features without any observed values: ['od_max_conf_chlorine_contact' 'od_max_conf_drying_bed'
 'od_max_conf_oxidation_pond']. At least one non-missing value is needed for imputation with strategy='median'.
  warnings.warn(
/work/GRDVULN/correction/.venv/lib64/python3.11/site-packages/sklearn/impute/_base.py:647: UserWarning: Skipping features without any observed values: ['od_max_conf_chlorine_contact' 'od_max_conf_drying_bed'
 'od_max_conf_oxidation_pond']. At least one non-missing value is needed for imputation with strategy='median'.
  warnings.warn(
/work/GRDVULN/correction/.venv/lib64/python3.11/site-packages/sklearn/impute/_base.py:647: UserWarning: Skipping features without any observed values: ['od_max_conf_chlorine_contact' 'od_max_conf_drying_bed'
 'od_max_conf_oxidation_pond']. At least one non-missing value is needed for imputation with strategy='median'.
  warnings.warn(
/work/GRDVULN/correction/.venv/lib64/python3.11/site-packages/sklearn/impute/_base.py:647: UserWarning: Skipping features without any observed values: ['od_max_conf_chlorine_contact' 'od_max_conf_drying_bed'
 'od_max_conf_oxidation_pond']. At least one non-missing value is needed for imputation with strategy='median'.
  warnings.warn(
/work/GRDVULN/correction/.venv/lib64/python3.11/site-packages/sklearn/impute/_base.py:647: UserWarning: Skipping features without any observed values: ['od_max_conf_chlorine_contact' 'od_max_conf_drying_bed'
 'od_max_conf_oxidation_pond']. At least one non-missing value is needed for imputation with strategy='median'.
  warnings.warn(
/work/GRDVULN/correction/.venv/lib64/python3.11/site-packages/sklearn/impute/_base.py:647: UserWarning: Skipping features without any observed values: ['od_max_conf_chlorine_contact' 'od_max_conf_drying_bed'
 'od_max_conf_oxidation_pond']. At least one non-missing value is needed for imputation with strategy='median'.
  warnings.warn(
/work/GRDVULN/correction/.venv/lib64/python3.11/site-packages/sklearn/impute/_base.py:647: UserWarning: Skipping features without any observed values: ['od_max_conf_chlorine_contact' 'od_max_conf_drying_bed'
 'od_max_conf_oxidation_pond']. At least one non-missing value is needed for imputation with strategy='median'.
  warnings.warn(
/work/GRDVULN/correction/.venv/lib64/python3.11/site-packages/sklearn/impute/_base.py:647: UserWarning: Skipping features without any observed values: ['od_max_conf_chlorine_contact' 'od_max_conf_drying_bed'
 'od_max_conf_oxidation_pond']. At least one non-missing value is needed for imputation with strategy='median'.
  warnings.warn(
/work/GRDVULN/correction/.venv/lib64/python3.11/site-packages/sklearn/impute/_base.py:647: UserWarning: Skipping features without any observed values: ['od_max_conf_chlorine_contact' 'od_max_conf_drying_bed'
 'od_max_conf_oxidation_pond']. At least one non-missing value is needed for imputation with strategy='median'.
  warnings.warn(
/work/GRDVULN/correction/.venv/lib64/python3.11/site-packages/sklearn/impute/_base.py:647: UserWarning: Skipping features without any observed values: ['od_max_conf_chlorine_contact' 'od_max_conf_drying_bed'
 'od_max_conf_oxidation_pond']. At least one non-missing value is needed for imputation with strategy='median'.
  warnings.warn(
/work/GRDVULN/correction/.venv/lib64/python3.11/site-packages/sklearn/impute/_base.py:647: UserWarning: Skipping features without any observed values: ['od_max_conf_chlorine_contact' 'od_max_conf_drying_bed'
 'od_max_conf_oxidation_pond']. At least one non-missing value is needed for imputation with strategy='median'.
  warnings.warn(
/work/GRDVULN/correction/.venv/lib64/python3.11/site-packages/sklearn/impute/_base.py:647: UserWarning: Skipping features without any observed values: ['od_max_conf_chlorine_contact' 'od_max_conf_drying_bed'
 'od_max_conf_oxidation_pond']. At least one non-missing value is needed for imputation with strategy='median'.
  warnings.warn(
/work/GRDVULN/correction/.venv/lib64/python3.11/site-packages/sklearn/impute/_base.py:647: UserWarning: Skipping features without any observed values: ['od_max_conf_chlorine_contact' 'od_max_conf_drying_bed'
 'od_max_conf_oxidation_pond']. At least one non-missing value is needed for imputation with strategy='median'.
  warnings.warn(
/work/GRDVULN/correction/.venv/lib64/python3.11/site-packages/sklearn/impute/_base.py:647: UserWarning: Skipping features without any observed values: ['od_max_conf_chlorine_contact' 'od_max_conf_drying_bed'
 'od_max_conf_oxidation_pond']. At least one non-missing value is needed for imputation with strategy='median'.
  warnings.warn(
/work/GRDVULN/correction/.venv/lib64/python3.11/site-packages/sklearn/impute/_base.py:647: UserWarning: Skipping features without any observed values: ['od_max_conf_chlorine_contact' 'od_max_conf_drying_bed'
 'od_max_conf_oxidation_pond']. At least one non-missing value is needed for imputation with strategy='median'.
  warnings.warn(
/work/GRDVULN/correction/.venv/lib64/python3.11/site-packages/sklearn/impute/_base.py:647: UserWarning: Skipping features without any observed values: ['od_max_conf_chlorine_contact' 'od_max_conf_drying_bed'
 'od_max_conf_oxidation_pond']. At least one non-missing value is needed for imputation with strategy='median'.
  warnings.warn(
/work/GRDVULN/correction/.venv/lib64/python3.11/site-packages/sklearn/impute/_base.py:647: UserWarning: Skipping features without any observed values: ['od_max_conf_chlorine_contact' 'od_max_conf_drying_bed'
 'od_max_conf_oxidation_pond']. At least one non-missing value is needed for imputation with strategy='median'.
  warnings.warn(
/work/GRDVULN/correction/.venv/lib64/python3.11/site-packages/sklearn/impute/_base.py:647: UserWarning: Skipping features without any observed values: ['od_max_conf_chlorine_contact' 'od_max_conf_drying_bed'
 'od_max_conf_oxidation_pond']. At least one non-missing value is needed for imputation with strategy='median'.
  warnings.warn(
/work/GRDVULN/correction/.venv/lib64/python3.11/site-packages/sklearn/impute/_base.py:647: UserWarning: Skipping features without any observed values: ['od_max_conf_chlorine_contact' 'od_max_conf_drying_bed'
 'od_max_conf_oxidation_pond']. At least one non-missing value is needed for imputation with strategy='median'.
  warnings.warn(
/work/GRDVULN/correction/.venv/lib64/python3.11/site-packages/sklearn/impute/_base.py:647: UserWarning: Skipping features without any observed values: ['od_max_conf_chlorine_contact' 'od_max_conf_drying_bed'
 'od_max_conf_oxidation_pond']. At least one non-missing value is needed for imputation with strategy='median'.
  warnings.warn(
/work/GRDVULN/correction/.venv/lib64/python3.11/site-packages/sklearn/impute/_base.py:647: UserWarning: Skipping features without any observed values: ['od_max_conf_chlorine_contact' 'od_max_conf_drying_bed'
 'od_max_conf_oxidation_pond']. At least one non-missing value is needed for imputation with strategy='median'.
  warnings.warn(
/work/GRDVULN/correction/.venv/lib64/python3.11/site-packages/sklearn/impute/_base.py:647: UserWarning: Skipping features without any observed values: ['od_max_conf_chlorine_contact' 'od_max_conf_drying_bed'
 'od_max_conf_oxidation_pond']. At least one non-missing value is needed for imputation with strategy='median'.
  warnings.warn(
/work/GRDVULN/correction/.venv/lib64/python3.11/site-packages/sklearn/impute/_base.py:647: UserWarning: Skipping features without any observed values: ['od_max_conf_chlorine_contact' 'od_max_conf_drying_bed'
 'od_max_conf_oxidation_pond']. At least one non-missing value is needed for imputation with strategy='median'.
  warnings.warn(
/work/GRDVULN/correction/.venv/lib64/python3.11/site-packages/sklearn/impute/_base.py:647: UserWarning: Skipping features without any observed values: ['od_max_conf_chlorine_contact' 'od_max_conf_drying_bed'
 'od_max_conf_oxidation_pond']. At least one non-missing value is needed for imputation with strategy='median'.
  warnings.warn(
/work/GRDVULN/correction/.venv/lib64/python3.11/site-packages/sklearn/impute/_base.py:647: UserWarning: Skipping features without any observed values: ['od_max_conf_chlorine_contact' 'od_max_conf_drying_bed'
 'od_max_conf_oxidation_pond']. At least one non-missing value is needed for imputation with strategy='median'.
  warnings.warn(
/work/GRDVULN/correction/.venv/lib64/python3.11/site-packages/sklearn/impute/_base.py:647: UserWarning: Skipping features without any observed values: ['od_max_conf_chlorine_contact' 'od_max_conf_drying_bed'
 'od_max_conf_oxidation_pond']. At least one non-missing value is needed for imputation with strategy='median'.
  warnings.warn(
/work/GRDVULN/correction/.venv/lib64/python3.11/site-packages/sklearn/impute/_base.py:647: UserWarning: Skipping features without any observed values: ['od_max_conf_chlorine_contact' 'od_max_conf_drying_bed'
 'od_max_conf_oxidation_pond']. At least one non-missing value is needed for imputation with strategy='median'.
  warnings.warn(
/work/GRDVULN/correction/.venv/lib64/python3.11/site-packages/sklearn/impute/_base.py:647: UserWarning: Skipping features without any observed values: ['od_max_conf_chlorine_contact' 'od_max_conf_drying_bed'
 'od_max_conf_oxidation_pond']. At least one non-missing value is needed for imputation with strategy='median'.
  warnings.warn(
/work/GRDVULN/correction/.venv/lib64/python3.11/site-packages/sklearn/impute/_base.py:647: UserWarning: Skipping features without any observed values: ['od_max_conf_chlorine_contact' 'od_max_conf_drying_bed'
 'od_max_conf_oxidation_pond']. At least one non-missing value is needed for imputation with strategy='median'.
  warnings.warn(
/work/GRDVULN/correction/.venv/lib64/python3.11/site-packages/sklearn/impute/_base.py:647: UserWarning: Skipping features without any observed values: ['od_max_conf_chlorine_contact' 'od_max_conf_drying_bed'
 'od_max_conf_oxidation_pond']. At least one non-missing value is needed for imputation with strategy='median'.
  warnings.warn(
/work/GRDVULN/correction/.venv/lib64/python3.11/site-packages/sklearn/impute/_base.py:647: UserWarning: Skipping features without any observed values: ['od_max_conf_chlorine_contact' 'od_max_conf_drying_bed'
 'od_max_conf_oxidation_pond']. At least one non-missing value is needed for imputation with strategy='median'.
  warnings.warn(
/work/GRDVULN/correction/.venv/lib64/python3.11/site-packages/sklearn/impute/_base.py:647: UserWarning: Skipping features without any observed values: ['od_max_conf_chlorine_contact' 'od_max_conf_drying_bed'
 'od_max_conf_oxidation_pond']. At least one non-missing value is needed for imputation with strategy='median'.
  warnings.warn(
/work/GRDVULN/correction/.venv/lib64/python3.11/site-packages/sklearn/impute/_base.py:647: UserWarning: Skipping features without any observed values: ['od_max_conf_chlorine_contact' 'od_max_conf_drying_bed'
 'od_max_conf_oxidation_pond']. At least one non-missing value is needed for imputation with strategy='median'.
  warnings.warn(
/work/GRDVULN/correction/.venv/lib64/python3.11/site-packages/sklearn/impute/_base.py:647: UserWarning: Skipping features without any observed values: ['od_max_conf_chlorine_contact' 'od_max_conf_drying_bed'
 'od_max_conf_oxidation_pond']. At least one non-missing value is needed for imputation with strategy='median'.
  warnings.warn(
/work/GRDVULN/correction/.venv/lib64/python3.11/site-packages/sklearn/impute/_base.py:647: UserWarning: Skipping features without any observed values: ['od_max_conf_chlorine_contact' 'od_max_conf_drying_bed'
 'od_max_conf_oxidation_pond']. At least one non-missing value is needed for imputation with strategy='median'.
  warnings.warn(
/work/GRDVULN/correction/.venv/lib64/python3.11/site-packages/sklearn/impute/_base.py:647: UserWarning: Skipping features without any observed values: ['od_max_conf_chlorine_contact' 'od_max_conf_drying_bed'
 'od_max_conf_oxidation_pond']. At least one non-missing value is needed for imputation with strategy='median'.
  warnings.warn(
/work/GRDVULN/correction/.venv/lib64/python3.11/site-packages/sklearn/impute/_base.py:647: UserWarning: Skipping features without any observed values: ['od_max_conf_chlorine_contact' 'od_max_conf_drying_bed'
 'od_max_conf_oxidation_pond']. At least one non-missing value is needed for imputation with strategy='median'.
  warnings.warn(
/work/GRDVULN/correction/.venv/lib64/python3.11/site-packages/sklearn/impute/_base.py:647: UserWarning: Skipping features without any observed values: ['od_max_conf_chlorine_contact' 'od_max_conf_drying_bed'
 'od_max_conf_oxidation_pond']. At least one non-missing value is needed for imputation with strategy='median'.
  warnings.warn(
/work/GRDVULN/correction/.venv/lib64/python3.11/site-packages/sklearn/impute/_base.py:647: UserWarning: Skipping features without any observed values: ['od_max_conf_chlorine_contact' 'od_max_conf_drying_bed'
 'od_max_conf_oxidation_pond']. At least one non-missing value is needed for imputation with strategy='median'.
  warnings.warn(
/work/GRDVULN/correction/.venv/lib64/python3.11/site-packages/sklearn/impute/_base.py:647: UserWarning: Skipping features without any observed values: ['od_max_conf_chlorine_contact' 'od_max_conf_drying_bed'
 'od_max_conf_oxidation_pond']. At least one non-missing value is needed for imputation with strategy='median'.
  warnings.warn(
/work/GRDVULN/correction/.venv/lib64/python3.11/site-packages/sklearn/impute/_base.py:647: UserWarning: Skipping features without any observed values: ['od_max_conf_chlorine_contact' 'od_max_conf_drying_bed'
 'od_max_conf_oxidation_pond']. At least one non-missing value is needed for imputation with strategy='median'.
  warnings.warn(
/work/GRDVULN/correction/.venv/lib64/python3.11/site-packages/sklearn/impute/_base.py:647: UserWarning: Skipping features without any observed values: ['od_max_conf_chlorine_contact' 'od_max_conf_drying_bed'
 'od_max_conf_oxidation_pond']. At least one non-missing value is needed for imputation with strategy='median'.
  warnings.warn(
/work/GRDVULN/correction/.venv/lib64/python3.11/site-packages/sklearn/impute/_base.py:647: UserWarning: Skipping features without any observed values: ['od_max_conf_chlorine_contact' 'od_max_conf_drying_bed'
 'od_max_conf_oxidation_pond']. At least one non-missing value is needed for imputation with strategy='median'.
  warnings.warn(
/work/GRDVULN/correction/.venv/lib64/python3.11/site-packages/sklearn/impute/_base.py:647: UserWarning: Skipping features without any observed values: ['od_max_conf_chlorine_contact' 'od_max_conf_drying_bed'
 'od_max_conf_oxidation_pond']. At least one non-missing value is needed for imputation with strategy='median'.
  warnings.warn(
/work/GRDVULN/correction/.venv/lib64/python3.11/site-packages/sklearn/impute/_base.py:647: UserWarning: Skipping features without any observed values: ['od_max_conf_chlorine_contact' 'od_max_conf_drying_bed'
 'od_max_conf_oxidation_pond']. At least one non-missing value is needed for imputation with strategy='median'.
  warnings.warn(
/work/GRDVULN/correction/.venv/lib64/python3.11/site-packages/sklearn/impute/_base.py:647: UserWarning: Skipping features without any observed values: ['od_max_conf_chlorine_contact' 'od_max_conf_drying_bed'
 'od_max_conf_oxidation_pond']. At least one non-missing value is needed for imputation with strategy='median'.
  warnings.warn(
/work/GRDVULN/correction/.venv/lib64/python3.11/site-packages/sklearn/impute/_base.py:647: UserWarning: Skipping features without any observed values: ['od_max_conf_chlorine_contact' 'od_max_conf_drying_bed'
 'od_max_conf_oxidation_pond']. At least one non-missing value is needed for imputation with strategy='median'.
  warnings.warn(
/work/GRDVULN/correction/.venv/lib64/python3.11/site-packages/sklearn/impute/_base.py:647: UserWarning: Skipping features without any observed values: ['od_max_conf_chlorine_contact' 'od_max_conf_drying_bed'
 'od_max_conf_oxidation_pond']. At least one non-missing value is needed for imputation with strategy='median'.
  warnings.warn(
/work/GRDVULN/correction/.venv/lib64/python3.11/site-packages/sklearn/impute/_base.py:647: UserWarning: Skipping features without any observed values: ['od_max_conf_chlorine_contact' 'od_max_conf_drying_bed'
 'od_max_conf_oxidation_pond']. At least one non-missing value is needed for imputation with strategy='median'.
  warnings.warn(
/work/GRDVULN/correction/.venv/lib64/python3.11/site-packages/sklearn/impute/_base.py:647: UserWarning: Skipping features without any observed values: ['od_max_conf_chlorine_contact' 'od_max_conf_drying_bed'
 'od_max_conf_oxidation_pond']. At least one non-missing value is needed for imputation with strategy='median'.
  warnings.warn(
/work/GRDVULN/correction/.venv/lib64/python3.11/site-packages/sklearn/impute/_base.py:647: UserWarning: Skipping features without any observed values: ['od_max_conf_chlorine_contact' 'od_max_conf_drying_bed'
 'od_max_conf_oxidation_pond']. At least one non-missing value is needed for imputation with strategy='median'.
  warnings.warn(
/work/GRDVULN/correction/.venv/lib64/python3.11/site-packages/sklearn/impute/_base.py:647: UserWarning: Skipping features without any observed values: ['od_max_conf_chlorine_contact' 'od_max_conf_drying_bed'
 'od_max_conf_oxidation_pond']. At least one non-missing value is needed for imputation with strategy='median'.
  warnings.warn(
/work/GRDVULN/correction/.venv/lib64/python3.11/site-packages/sklearn/impute/_base.py:647: UserWarning: Skipping features without any observed values: ['od_max_conf_chlorine_contact' 'od_max_conf_drying_bed'
 'od_max_conf_oxidation_pond']. At least one non-missing value is needed for imputation with strategy='median'.
  warnings.warn(
/work/GRDVULN/correction/.venv/lib64/python3.11/site-packages/sklearn/impute/_base.py:647: UserWarning: Skipping features without any observed values: ['od_max_conf_chlorine_contact' 'od_max_conf_drying_bed'
 'od_max_conf_oxidation_pond']. At least one non-missing value is needed for imputation with strategy='median'.
  warnings.warn(
/work/GRDVULN/correction/.venv/lib64/python3.11/site-packages/sklearn/impute/_base.py:647: UserWarning: Skipping features without any observed values: ['od_max_conf_chlorine_contact' 'od_max_conf_drying_bed'
 'od_max_conf_oxidation_pond']. At least one non-missing value is needed for imputation with strategy='median'.
  warnings.warn(
/work/GRDVULN/correction/.venv/lib64/python3.11/site-packages/sklearn/impute/_base.py:647: UserWarning: Skipping features without any observed values: ['od_max_conf_chlorine_contact' 'od_max_conf_drying_bed'
 'od_max_conf_oxidation_pond']. At least one non-missing value is needed for imputation with strategy='median'.
  warnings.warn(
/work/GRDVULN/correction/.venv/lib64/python3.11/site-packages/sklearn/impute/_base.py:647: UserWarning: Skipping features without any observed values: ['od_max_conf_chlorine_contact' 'od_max_conf_drying_bed'
 'od_max_conf_oxidation_pond']. At least one non-missing value is needed for imputation with strategy='median'.
  warnings.warn(
/work/GRDVULN/correction/.venv/lib64/python3.11/site-packages/sklearn/impute/_base.py:647: UserWarning: Skipping features without any observed values: ['od_max_conf_chlorine_contact' 'od_max_conf_drying_bed'
 'od_max_conf_oxidation_pond']. At least one non-missing value is needed for imputation with strategy='median'.
  warnings.warn(
/work/GRDVULN/correction/.venv/lib64/python3.11/site-packages/sklearn/impute/_base.py:647: UserWarning: Skipping features without any observed values: ['od_max_conf_chlorine_contact' 'od_max_conf_drying_bed'
 'od_max_conf_oxidation_pond']. At least one non-missing value is needed for imputation with strategy='median'.
  warnings.warn(
/work/GRDVULN/correction/.venv/lib64/python3.11/site-packages/sklearn/impute/_base.py:647: UserWarning: Skipping features without any observed values: ['od_max_conf_chlorine_contact' 'od_max_conf_drying_bed'
 'od_max_conf_oxidation_pond']. At least one non-missing value is needed for imputation with strategy='median'.
  warnings.warn(
/work/GRDVULN/correction/.venv/lib64/python3.11/site-packages/sklearn/impute/_base.py:647: UserWarning: Skipping features without any observed values: ['od_max_conf_chlorine_contact' 'od_max_conf_drying_bed'
 'od_max_conf_oxidation_pond']. At least one non-missing value is needed for imputation with strategy='median'.
  warnings.warn(
/work/GRDVULN/correction/.venv/lib64/python3.11/site-packages/sklearn/impute/_base.py:647: UserWarning: Skipping features without any observed values: ['od_max_conf_chlorine_contact' 'od_max_conf_drying_bed'
 'od_max_conf_oxidation_pond']. At least one non-missing value is needed for imputation with strategy='median'.
  warnings.warn(
/work/GRDVULN/correction/.venv/lib64/python3.11/site-packages/sklearn/impute/_base.py:647: UserWarning: Skipping features without any observed values: ['od_max_conf_chlorine_contact' 'od_max_conf_drying_bed'
 'od_max_conf_oxidation_pond']. At least one non-missing value is needed for imputation with strategy='median'.
  warnings.warn(
/work/GRDVULN/correction/.venv/lib64/python3.11/site-packages/sklearn/impute/_base.py:647: UserWarning: Skipping features without any observed values: ['od_max_conf_chlorine_contact' 'od_max_conf_drying_bed'
 'od_max_conf_oxidation_pond']. At least one non-missing value is needed for imputation with strategy='median'.
  warnings.warn(
/work/GRDVULN/correction/.venv/lib64/python3.11/site-packages/sklearn/impute/_base.py:647: UserWarning: Skipping features without any observed values: ['od_max_conf_chlorine_contact' 'od_max_conf_drying_bed'
 'od_max_conf_oxidation_pond']. At least one non-missing value is needed for imputation with strategy='median'.
  warnings.warn(
/work/GRDVULN/correction/.venv/lib64/python3.11/site-packages/sklearn/impute/_base.py:647: UserWarning: Skipping features without any observed values: ['od_max_conf_chlorine_contact' 'od_max_conf_drying_bed'
 'od_max_conf_oxidation_pond']. At least one non-missing value is needed for imputation with strategy='median'.
  warnings.warn(
/work/GRDVULN/correction/.venv/lib64/python3.11/site-packages/sklearn/impute/_base.py:647: UserWarning: Skipping features without any observed values: ['od_max_conf_chlorine_contact' 'od_max_conf_drying_bed'
 'od_max_conf_oxidation_pond']. At least one non-missing value is needed for imputation with strategy='median'.
  warnings.warn(
/work/GRDVULN/correction/.venv/lib64/python3.11/site-packages/sklearn/impute/_base.py:647: UserWarning: Skipping features without any observed values: ['od_max_conf_chlorine_contact' 'od_max_conf_drying_bed'
 'od_max_conf_oxidation_pond']. At least one non-missing value is needed for imputation with strategy='median'.
  warnings.warn(
/work/GRDVULN/correction/.venv/lib64/python3.11/site-packages/sklearn/impute/_base.py:647: UserWarning: Skipping features without any observed values: ['od_max_conf_chlorine_contact' 'od_max_conf_drying_bed'
 'od_max_conf_oxidation_pond']. At least one non-missing value is needed for imputation with strategy='median'.
  warnings.warn(
/work/GRDVULN/correction/.venv/lib64/python3.11/site-packages/sklearn/impute/_base.py:647: UserWarning: Skipping features without any observed values: ['od_max_conf_chlorine_contact' 'od_max_conf_drying_bed'
 'od_max_conf_oxidation_pond']. At least one non-missing value is needed for imputation with strategy='median'.
  warnings.warn(
/work/GRDVULN/correction/.venv/lib64/python3.11/site-packages/sklearn/impute/_base.py:647: UserWarning: Skipping features without any observed values: ['od_max_conf_chlorine_contact' 'od_max_conf_drying_bed'
 'od_max_conf_oxidation_pond']. At least one non-missing value is needed for imputation with strategy='median'.
  warnings.warn(
/work/GRDVULN/correction/.venv/lib64/python3.11/site-packages/sklearn/impute/_base.py:647: UserWarning: Skipping features without any observed values: ['od_max_conf_chlorine_contact' 'od_max_conf_drying_bed'
 'od_max_conf_oxidation_pond']. At least one non-missing value is needed for imputation with strategy='median'.
  warnings.warn(
/work/GRDVULN/correction/.venv/lib64/python3.11/site-packages/sklearn/impute/_base.py:647: UserWarning: Skipping features without any observed values: ['od_max_conf_chlorine_contact' 'od_max_conf_drying_bed'
 'od_max_conf_oxidation_pond']. At least one non-missing value is needed for imputation with strategy='median'.
  warnings.warn(
/work/GRDVULN/correction/.venv/lib64/python3.11/site-packages/sklearn/impute/_base.py:647: UserWarning: Skipping features without any observed values: ['od_max_conf_chlorine_contact' 'od_max_conf_drying_bed'
 'od_max_conf_oxidation_pond']. At least one non-missing value is needed for imputation with strategy='median'.
  warnings.warn(
/work/GRDVULN/correction/.venv/lib64/python3.11/site-packages/sklearn/impute/_base.py:647: UserWarning: Skipping features without any observed values: ['od_max_conf_chlorine_contact' 'od_max_conf_drying_bed'
 'od_max_conf_oxidation_pond']. At least one non-missing value is needed for imputation with strategy='median'.
  warnings.warn(
/work/GRDVULN/correction/.venv/lib64/python3.11/site-packages/sklearn/impute/_base.py:647: UserWarning: Skipping features without any observed values: ['od_max_conf_chlorine_contact' 'od_max_conf_drying_bed'
 'od_max_conf_oxidation_pond']. At least one non-missing value is needed for imputation with strategy='median'.
  warnings.warn(
/work/GRDVULN/correction/.venv/lib64/python3.11/site-packages/sklearn/impute/_base.py:647: UserWarning: Skipping features without any observed values: ['od_max_conf_chlorine_contact' 'od_max_conf_drying_bed'
 'od_max_conf_oxidation_pond']. At least one non-missing value is needed for imputation with strategy='median'.
  warnings.warn(
/work/GRDVULN/correction/.venv/lib64/python3.11/site-packages/sklearn/impute/_base.py:647: UserWarning: Skipping features without any observed values: ['od_max_conf_chlorine_contact' 'od_max_conf_drying_bed'
 'od_max_conf_oxidation_pond']. At least one non-missing value is needed for imputation with strategy='median'.
  warnings.warn(
/work/GRDVULN/correction/.venv/lib64/python3.11/site-packages/sklearn/impute/_base.py:647: UserWarning: Skipping features without any observed values: ['od_max_conf_chlorine_contact' 'od_max_conf_drying_bed'
 'od_max_conf_oxidation_pond']. At least one non-missing value is needed for imputation with strategy='median'.
  warnings.warn(
/work/GRDVULN/correction/.venv/lib64/python3.11/site-packages/sklearn/impute/_base.py:647: UserWarning: Skipping features without any observed values: ['od_max_conf_chlorine_contact' 'od_max_conf_drying_bed'
 'od_max_conf_oxidation_pond']. At least one non-missing value is needed for imputation with strategy='median'.
  warnings.warn(
/work/GRDVULN/correction/.venv/lib64/python3.11/site-packages/sklearn/impute/_base.py:647: UserWarning: Skipping features without any observed values: ['od_max_conf_chlorine_contact' 'od_max_conf_drying_bed'
 'od_max_conf_oxidation_pond']. At least one non-missing value is needed for imputation with strategy='median'.
  warnings.warn(
/work/GRDVULN/correction/.venv/lib64/python3.11/site-packages/sklearn/impute/_base.py:647: UserWarning: Skipping features without any observed values: ['od_max_conf_chlorine_contact' 'od_max_conf_drying_bed'
 'od_max_conf_oxidation_pond']. At least one non-missing value is needed for imputation with strategy='median'.
  warnings.warn(
/work/GRDVULN/correction/.venv/lib64/python3.11/site-packages/sklearn/impute/_base.py:647: UserWarning: Skipping features without any observed values: ['od_max_conf_chlorine_contact' 'od_max_conf_drying_bed'
 'od_max_conf_oxidation_pond']. At least one non-missing value is needed for imputation with strategy='median'.
  warnings.warn(
/work/GRDVULN/correction/.venv/lib64/python3.11/site-packages/sklearn/impute/_base.py:647: UserWarning: Skipping features without any observed values: ['od_max_conf_chlorine_contact' 'od_max_conf_drying_bed'
 'od_max_conf_oxidation_pond']. At least one non-missing value is needed for imputation with strategy='median'.
  warnings.warn(
/work/GRDVULN/correction/.venv/lib64/python3.11/site-packages/sklearn/impute/_base.py:647: UserWarning: Skipping features without any observed values: ['od_max_conf_chlorine_contact' 'od_max_conf_drying_bed'
 'od_max_conf_oxidation_pond']. At least one non-missing value is needed for imputation with strategy='median'.
  warnings.warn(
/work/GRDVULN/correction/.venv/lib64/python3.11/site-packages/sklearn/impute/_base.py:647: UserWarning: Skipping features without any observed values: ['od_max_conf_chlorine_contact' 'od_max_conf_drying_bed'
 'od_max_conf_oxidation_pond']. At least one non-missing value is needed for imputation with strategy='median'.
  warnings.warn(
/work/GRDVULN/correction/.venv/lib64/python3.11/site-packages/sklearn/impute/_base.py:647: UserWarning: Skipping features without any observed values: ['od_max_conf_chlorine_contact' 'od_max_conf_drying_bed'
 'od_max_conf_oxidation_pond']. At least one non-missing value is needed for imputation with strategy='median'.
  warnings.warn(
/work/GRDVULN/correction/.venv/lib64/python3.11/site-packages/sklearn/impute/_base.py:647: UserWarning: Skipping features without any observed values: ['od_max_conf_chlorine_contact' 'od_max_conf_drying_bed'
 'od_max_conf_oxidation_pond']. At least one non-missing value is needed for imputation with strategy='median'.
  warnings.warn(
/work/GRDVULN/correction/.venv/lib64/python3.11/site-packages/sklearn/impute/_base.py:647: UserWarning: Skipping features without any observed values: ['od_max_conf_chlorine_contact' 'od_max_conf_drying_bed'
 'od_max_conf_oxidation_pond']. At least one non-missing value is needed for imputation with strategy='median'.
  warnings.warn(
/work/GRDVULN/correction/.venv/lib64/python3.11/site-packages/sklearn/impute/_base.py:647: UserWarning: Skipping features without any observed values: ['od_max_conf_chlorine_contact' 'od_max_conf_drying_bed'
 'od_max_conf_oxidation_pond']. At least one non-missing value is needed for imputation with strategy='median'.
  warnings.warn(
/work/GRDVULN/correction/.venv/lib64/python3.11/site-packages/sklearn/impute/_base.py:647: UserWarning: Skipping features without any observed values: ['od_max_conf_chlorine_contact' 'od_max_conf_drying_bed'
 'od_max_conf_oxidation_pond']. At least one non-missing value is needed for imputation with strategy='median'.
  warnings.warn(
/work/GRDVULN/correction/.venv/lib64/python3.11/site-packages/sklearn/impute/_base.py:647: UserWarning: Skipping features without any observed values: ['od_max_conf_chlorine_contact' 'od_max_conf_drying_bed'
 'od_max_conf_oxidation_pond']. At least one non-missing value is needed for imputation with strategy='median'.
  warnings.warn(
/work/GRDVULN/correction/.venv/lib64/python3.11/site-packages/sklearn/impute/_base.py:647: UserWarning: Skipping features without any observed values: ['od_max_conf_chlorine_contact' 'od_max_conf_drying_bed'
 'od_max_conf_oxidation_pond']. At least one non-missing value is needed for imputation with strategy='median'.
  warnings.warn(
/work/GRDVULN/correction/.venv/lib64/python3.11/site-packages/sklearn/impute/_base.py:647: UserWarning: Skipping features without any observed values: ['od_max_conf_chlorine_contact' 'od_max_conf_drying_bed'
 'od_max_conf_oxidation_pond']. At least one non-missing value is needed for imputation with strategy='median'.
  warnings.warn(
/work/GRDVULN/correction/.venv/lib64/python3.11/site-packages/sklearn/impute/_base.py:647: UserWarning: Skipping features without any observed values: ['od_max_conf_chlorine_contact' 'od_max_conf_drying_bed'
 'od_max_conf_oxidation_pond']. At least one non-missing value is needed for imputation with strategy='median'.
  warnings.warn(
/work/GRDVULN/correction/.venv/lib64/python3.11/site-packages/sklearn/impute/_base.py:647: UserWarning: Skipping features without any observed values: ['od_max_conf_chlorine_contact' 'od_max_conf_drying_bed'
 'od_max_conf_oxidation_pond']. At least one non-missing value is needed for imputation with strategy='median'.
  warnings.warn(
/work/GRDVULN/correction/.venv/lib64/python3.11/site-packages/sklearn/impute/_base.py:647: UserWarning: Skipping features without any observed values: ['od_max_conf_chlorine_contact' 'od_max_conf_drying_bed'
 'od_max_conf_oxidation_pond']. At least one non-missing value is needed for imputation with strategy='median'.
  warnings.warn(
/work/GRDVULN/correction/.venv/lib64/python3.11/site-packages/sklearn/impute/_base.py:647: UserWarning: Skipping features without any observed values: ['od_max_conf_chlorine_contact' 'od_max_conf_drying_bed'
 'od_max_conf_oxidation_pond']. At least one non-missing value is needed for imputation with strategy='median'.
  warnings.warn(
/work/GRDVULN/correction/.venv/lib64/python3.11/site-packages/sklearn/impute/_base.py:647: UserWarning: Skipping features without any observed values: ['od_max_conf_chlorine_contact' 'od_max_conf_drying_bed'
 'od_max_conf_oxidation_pond']. At least one non-missing value is needed for imputation with strategy='median'.
  warnings.warn(
/work/GRDVULN/correction/.venv/lib64/python3.11/site-packages/sklearn/impute/_base.py:647: UserWarning: Skipping features without any observed values: ['od_max_conf_chlorine_contact' 'od_max_conf_drying_bed'
 'od_max_conf_oxidation_pond']. At least one non-missing value is needed for imputation with strategy='median'.
  warnings.warn(
/work/GRDVULN/correction/.venv/lib64/python3.11/site-packages/sklearn/impute/_base.py:647: UserWarning: Skipping features without any observed values: ['od_max_conf_chlorine_contact' 'od_max_conf_drying_bed'
 'od_max_conf_oxidation_pond']. At least one non-missing value is needed for imputation with strategy='median'.
  warnings.warn(
/work/GRDVULN/correction/.venv/lib64/python3.11/site-packages/sklearn/impute/_base.py:647: UserWarning: Skipping features without any observed values: ['od_max_conf_chlorine_contact' 'od_max_conf_drying_bed'
 'od_max_conf_oxidation_pond']. At least one non-missing value is needed for imputation with strategy='median'.
  warnings.warn(
/work/GRDVULN/correction/.venv/lib64/python3.11/site-packages/sklearn/impute/_base.py:647: UserWarning: Skipping features without any observed values: ['od_max_conf_chlorine_contact' 'od_max_conf_drying_bed'
 'od_max_conf_oxidation_pond']. At least one non-missing value is needed for imputation with strategy='median'.
  warnings.warn(
/work/GRDVULN/correction/.venv/lib64/python3.11/site-packages/sklearn/impute/_base.py:647: UserWarning: Skipping features without any observed values: ['od_max_conf_chlorine_contact' 'od_max_conf_drying_bed'
 'od_max_conf_oxidation_pond']. At least one non-missing value is needed for imputation with strategy='median'.
  warnings.warn(
/work/GRDVULN/correction/.venv/lib64/python3.11/site-packages/sklearn/impute/_base.py:647: UserWarning: Skipping features without any observed values: ['od_max_conf_chlorine_contact' 'od_max_conf_drying_bed'
 'od_max_conf_oxidation_pond']. At least one non-missing value is needed for imputation with strategy='median'.
  warnings.warn(
/work/GRDVULN/correction/.venv/lib64/python3.11/site-packages/sklearn/impute/_base.py:647: UserWarning: Skipping features without any observed values: ['od_max_conf_chlorine_contact' 'od_max_conf_drying_bed'
 'od_max_conf_oxidation_pond']. At least one non-missing value is needed for imputation with strategy='median'.
  warnings.warn(
/work/GRDVULN/correction/.venv/lib64/python3.11/site-packages/sklearn/impute/_base.py:647: UserWarning: Skipping features without any observed values: ['od_max_conf_chlorine_contact' 'od_max_conf_drying_bed'
 'od_max_conf_oxidation_pond']. At least one non-missing value is needed for imputation with strategy='median'.
  warnings.warn(
/work/GRDVULN/correction/.venv/lib64/python3.11/site-packages/sklearn/impute/_base.py:647: UserWarning: Skipping features without any observed values: ['od_max_conf_chlorine_contact' 'od_max_conf_drying_bed'
 'od_max_conf_oxidation_pond']. At least one non-missing value is needed for imputation with strategy='median'.
  warnings.warn(
/work/GRDVULN/correction/.venv/lib64/python3.11/site-packages/sklearn/impute/_base.py:647: UserWarning: Skipping features without any observed values: ['od_max_conf_chlorine_contact' 'od_max_conf_drying_bed'
 'od_max_conf_oxidation_pond']. At least one non-missing value is needed for imputation with strategy='median'.
  warnings.warn(
/work/GRDVULN/correction/.venv/lib64/python3.11/site-packages/sklearn/impute/_base.py:647: UserWarning: Skipping features without any observed values: ['od_max_conf_chlorine_contact' 'od_max_conf_drying_bed'
 'od_max_conf_oxidation_pond']. At least one non-missing value is needed for imputation with strategy='median'.
  warnings.warn(
/work/GRDVULN/correction/.venv/lib64/python3.11/site-packages/sklearn/impute/_base.py:647: UserWarning: Skipping features without any observed values: ['od_max_conf_chlorine_contact' 'od_max_conf_drying_bed'
 'od_max_conf_oxidation_pond']. At least one non-missing value is needed for imputation with strategy='median'.
  warnings.warn(
/work/GRDVULN/correction/.venv/lib64/python3.11/site-packages/sklearn/impute/_base.py:647: UserWarning: Skipping features without any observed values: ['od_max_conf_chlorine_contact' 'od_max_conf_drying_bed'
 'od_max_conf_oxidation_pond']. At least one non-missing value is needed for imputation with strategy='median'.
  warnings.warn(
/work/GRDVULN/correction/.venv/lib64/python3.11/site-packages/sklearn/impute/_base.py:647: UserWarning: Skipping features without any observed values: ['od_max_conf_chlorine_contact' 'od_max_conf_drying_bed'
 'od_max_conf_oxidation_pond']. At least one non-missing value is needed for imputation with strategy='median'.
  warnings.warn(
/work/GRDVULN/correction/.venv/lib64/python3.11/site-packages/sklearn/impute/_base.py:647: UserWarning: Skipping features without any observed values: ['od_max_conf_chlorine_contact' 'od_max_conf_drying_bed'
 'od_max_conf_oxidation_pond']. At least one non-missing value is needed for imputation with strategy='median'.
  warnings.warn(
/work/GRDVULN/correction/.venv/lib64/python3.11/site-packages/sklearn/impute/_base.py:647: UserWarning: Skipping features without any observed values: ['od_max_conf_chlorine_contact' 'od_max_conf_drying_bed'
 'od_max_conf_oxidation_pond']. At least one non-missing value is needed for imputation with strategy='median'.
  warnings.warn(
/work/GRDVULN/correction/.venv/lib64/python3.11/site-packages/sklearn/impute/_base.py:647: UserWarning: Skipping features without any observed values: ['od_max_conf_chlorine_contact' 'od_max_conf_drying_bed'
 'od_max_conf_oxidation_pond']. At least one non-missing value is needed for imputation with strategy='median'.
  warnings.warn(
/work/GRDVULN/correction/.venv/lib64/python3.11/site-packages/sklearn/impute/_base.py:647: UserWarning: Skipping features without any observed values: ['od_max_conf_chlorine_contact' 'od_max_conf_drying_bed'
 'od_max_conf_oxidation_pond']. At least one non-missing value is needed for imputation with strategy='median'.
  warnings.warn(
/work/GRDVULN/correction/.venv/lib64/python3.11/site-packages/sklearn/impute/_base.py:647: UserWarning: Skipping features without any observed values: ['od_max_conf_chlorine_contact' 'od_max_conf_drying_bed'
 'od_max_conf_oxidation_pond']. At least one non-missing value is needed for imputation with strategy='median'.
  warnings.warn(
/work/GRDVULN/correction/.venv/lib64/python3.11/site-packages/sklearn/impute/_base.py:647: UserWarning: Skipping features without any observed values: ['od_max_conf_chlorine_contact' 'od_max_conf_drying_bed'
 'od_max_conf_oxidation_pond']. At least one non-missing value is needed for imputation with strategy='median'.
  warnings.warn(
/work/GRDVULN/correction/.venv/lib64/python3.11/site-packages/sklearn/impute/_base.py:647: UserWarning: Skipping features without any observed values: ['od_max_conf_chlorine_contact' 'od_max_conf_drying_bed'
 'od_max_conf_oxidation_pond']. At least one non-missing value is needed for imputation with strategy='median'.
  warnings.warn(
/work/GRDVULN/correction/.venv/lib64/python3.11/site-packages/sklearn/impute/_base.py:647: UserWarning: Skipping features without any observed values: ['od_max_conf_chlorine_contact' 'od_max_conf_drying_bed'
 'od_max_conf_oxidation_pond']. At least one non-missing value is needed for imputation with strategy='median'.
  warnings.warn(
/work/GRDVULN/correction/.venv/lib64/python3.11/site-packages/sklearn/impute/_base.py:647: UserWarning: Skipping features without any observed values: ['od_max_conf_chlorine_contact' 'od_max_conf_drying_bed'
 'od_max_conf_oxidation_pond']. At least one non-missing value is needed for imputation with strategy='median'.
  warnings.warn(
/work/GRDVULN/correction/.venv/lib64/python3.11/site-packages/sklearn/impute/_base.py:647: UserWarning: Skipping features without any observed values: ['od_max_conf_chlorine_contact' 'od_max_conf_drying_bed'
 'od_max_conf_oxidation_pond']. At least one non-missing value is needed for imputation with strategy='median'.
  warnings.warn(
/work/GRDVULN/correction/.venv/lib64/python3.11/site-packages/sklearn/impute/_base.py:647: UserWarning: Skipping features without any observed values: ['od_max_conf_chlorine_contact' 'od_max_conf_drying_bed'
 'od_max_conf_oxidation_pond']. At least one non-missing value is needed for imputation with strategy='median'.
  warnings.warn(
/work/GRDVULN/correction/.venv/lib64/python3.11/site-packages/sklearn/impute/_base.py:647: UserWarning: Skipping features without any observed values: ['od_max_conf_chlorine_contact' 'od_max_conf_drying_bed'
 'od_max_conf_oxidation_pond']. At least one non-missing value is needed for imputation with strategy='median'.
  warnings.warn(
/work/GRDVULN/correction/.venv/lib64/python3.11/site-packages/sklearn/impute/_base.py:647: UserWarning: Skipping features without any observed values: ['od_max_conf_chlorine_contact' 'od_max_conf_drying_bed'
 'od_max_conf_oxidation_pond']. At least one non-missing value is needed for imputation with strategy='median'.
  warnings.warn(
/work/GRDVULN/correction/.venv/lib64/python3.11/site-packages/sklearn/impute/_base.py:647: UserWarning: Skipping features without any observed values: ['od_max_conf_chlorine_contact' 'od_max_conf_drying_bed'
 'od_max_conf_oxidation_pond']. At least one non-missing value is needed for imputation with strategy='median'.
  warnings.warn(
/work/GRDVULN/correction/.venv/lib64/python3.11/site-packages/sklearn/impute/_base.py:647: UserWarning: Skipping features without any observed values: ['od_max_conf_chlorine_contact' 'od_max_conf_drying_bed'
 'od_max_conf_oxidation_pond']. At least one non-missing value is needed for imputation with strategy='median'.
  warnings.warn(
/work/GRDVULN/correction/.venv/lib64/python3.11/site-packages/sklearn/impute/_base.py:647: UserWarning: Skipping features without any observed values: ['od_max_conf_chlorine_contact' 'od_max_conf_drying_bed'
 'od_max_conf_oxidation_pond']. At least one non-missing value is needed for imputation with strategy='median'.
  warnings.warn(
/work/GRDVULN/correction/.venv/lib64/python3.11/site-packages/sklearn/impute/_base.py:647: UserWarning: Skipping features without any observed values: ['od_max_conf_chlorine_contact' 'od_max_conf_drying_bed'
 'od_max_conf_oxidation_pond']. At least one non-missing value is needed for imputation with strategy='median'.
  warnings.warn(
/work/GRDVULN/correction/.venv/lib64/python3.11/site-packages/sklearn/impute/_base.py:647: UserWarning: Skipping features without any observed values: ['od_max_conf_chlorine_contact' 'od_max_conf_drying_bed'
 'od_max_conf_oxidation_pond']. At least one non-missing value is needed for imputation with strategy='median'.
  warnings.warn(
/work/GRDVULN/correction/.venv/lib64/python3.11/site-packages/sklearn/impute/_base.py:647: UserWarning: Skipping features without any observed values: ['od_max_conf_chlorine_contact' 'od_max_conf_drying_bed'
 'od_max_conf_oxidation_pond']. At least one non-missing value is needed for imputation with strategy='median'.
  warnings.warn(
/work/GRDVULN/correction/.venv/lib64/python3.11/site-packages/sklearn/impute/_base.py:647: UserWarning: Skipping features without any observed values: ['od_max_conf_chlorine_contact' 'od_max_conf_drying_bed'
 'od_max_conf_oxidation_pond']. At least one non-missing value is needed for imputation with strategy='median'.
  warnings.warn(
/work/GRDVULN/correction/.venv/lib64/python3.11/site-packages/sklearn/impute/_base.py:647: UserWarning: Skipping features without any observed values: ['od_max_conf_chlorine_contact' 'od_max_conf_drying_bed'
 'od_max_conf_oxidation_pond']. At least one non-missing value is needed for imputation with strategy='median'.
  warnings.warn(
/work/GRDVULN/correction/.venv/lib64/python3.11/site-packages/sklearn/impute/_base.py:647: UserWarning: Skipping features without any observed values: ['od_max_conf_chlorine_contact' 'od_max_conf_drying_bed'
 'od_max_conf_oxidation_pond']. At least one non-missing value is needed for imputation with strategy='median'.
  warnings.warn(
/work/GRDVULN/correction/.venv/lib64/python3.11/site-packages/sklearn/impute/_base.py:647: UserWarning: Skipping features without any observed values: ['od_max_conf_chlorine_contact' 'od_max_conf_drying_bed'
 'od_max_conf_oxidation_pond']. At least one non-missing value is needed for imputation with strategy='median'.
  warnings.warn(
/work/GRDVULN/correction/.venv/lib64/python3.11/site-packages/sklearn/impute/_base.py:647: UserWarning: Skipping features without any observed values: ['od_max_conf_chlorine_contact' 'od_max_conf_drying_bed'
 'od_max_conf_oxidation_pond']. At least one non-missing value is needed for imputation with strategy='median'.
  warnings.warn(
/work/GRDVULN/correction/.venv/lib64/python3.11/site-packages/sklearn/impute/_base.py:647: UserWarning: Skipping features without any observed values: ['od_max_conf_chlorine_contact' 'od_max_conf_drying_bed'
 'od_max_conf_oxidation_pond']. At least one non-missing value is needed for imputation with strategy='median'.
  warnings.warn(
/work/GRDVULN/correction/.venv/lib64/python3.11/site-packages/sklearn/impute/_base.py:647: UserWarning: Skipping features without any observed values: ['od_max_conf_chlorine_contact' 'od_max_conf_drying_bed'
 'od_max_conf_oxidation_pond']. At least one non-missing value is needed for imputation with strategy='median'.
  warnings.warn(
/work/GRDVULN/correction/.venv/lib64/python3.11/site-packages/sklearn/impute/_base.py:647: UserWarning: Skipping features without any observed values: ['od_max_conf_chlorine_contact' 'od_max_conf_drying_bed'
 'od_max_conf_oxidation_pond']. At least one non-missing value is needed for imputation with strategy='median'.
  warnings.warn(
/work/GRDVULN/correction/.venv/lib64/python3.11/site-packages/sklearn/impute/_base.py:647: UserWarning: Skipping features without any observed values: ['od_max_conf_chlorine_contact' 'od_max_conf_drying_bed'
 'od_max_conf_oxidation_pond']. At least one non-missing value is needed for imputation with strategy='median'.
  warnings.warn(
/work/GRDVULN/correction/.venv/lib64/python3.11/site-packages/sklearn/impute/_base.py:647: UserWarning: Skipping features without any observed values: ['od_max_conf_chlorine_contact' 'od_max_conf_drying_bed'
 'od_max_conf_oxidation_pond']. At least one non-missing value is needed for imputation with strategy='median'.
  warnings.warn(
/work/GRDVULN/correction/.venv/lib64/python3.11/site-packages/sklearn/impute/_base.py:647: UserWarning: Skipping features without any observed values: ['od_max_conf_chlorine_contact' 'od_max_conf_drying_bed'
 'od_max_conf_oxidation_pond']. At least one non-missing value is needed for imputation with strategy='median'.
  warnings.warn(
/work/GRDVULN/correction/.venv/lib64/python3.11/site-packages/sklearn/impute/_base.py:647: UserWarning: Skipping features without any observed values: ['od_max_conf_chlorine_contact' 'od_max_conf_drying_bed'
 'od_max_conf_oxidation_pond']. At least one non-missing value is needed for imputation with strategy='median'.
  warnings.warn(
/work/GRDVULN/correction/.venv/lib64/python3.11/site-packages/sklearn/impute/_base.py:647: UserWarning: Skipping features without any observed values: ['od_max_conf_chlorine_contact' 'od_max_conf_drying_bed'
 'od_max_conf_oxidation_pond']. At least one non-missing value is needed for imputation with strategy='median'.
  warnings.warn(
/work/GRDVULN/correction/.venv/lib64/python3.11/site-packages/sklearn/impute/_base.py:647: UserWarning: Skipping features without any observed values: ['od_max_conf_chlorine_contact' 'od_max_conf_drying_bed'
 'od_max_conf_oxidation_pond']. At least one non-missing value is needed for imputation with strategy='median'.
  warnings.warn(
/work/GRDVULN/correction/.venv/lib64/python3.11/site-packages/sklearn/impute/_base.py:647: UserWarning: Skipping features without any observed values: ['od_max_conf_chlorine_contact' 'od_max_conf_drying_bed'
 'od_max_conf_oxidation_pond']. At least one non-missing value is needed for imputation with strategy='median'.
  warnings.warn(
/work/GRDVULN/correction/.venv/lib64/python3.11/site-packages/sklearn/impute/_base.py:647: UserWarning: Skipping features without any observed values: ['od_max_conf_chlorine_contact' 'od_max_conf_drying_bed'
 'od_max_conf_oxidation_pond']. At least one non-missing value is needed for imputation with strategy='median'.
  warnings.warn(
/work/GRDVULN/correction/.venv/lib64/python3.11/site-packages/sklearn/impute/_base.py:647: UserWarning: Skipping features without any observed values: ['od_max_conf_chlorine_contact' 'od_max_conf_drying_bed'
 'od_max_conf_oxidation_pond']. At least one non-missing value is needed for imputation with strategy='median'.
  warnings.warn(
/work/GRDVULN/correction/.venv/lib64/python3.11/site-packages/sklearn/impute/_base.py:647: UserWarning: Skipping features without any observed values: ['od_max_conf_chlorine_contact' 'od_max_conf_drying_bed'
 'od_max_conf_oxidation_pond']. At least one non-missing value is needed for imputation with strategy='median'.
  warnings.warn(
/work/GRDVULN/correction/.venv/lib64/python3.11/site-packages/sklearn/impute/_base.py:647: UserWarning: Skipping features without any observed values: ['od_max_conf_chlorine_contact' 'od_max_conf_drying_bed'
 'od_max_conf_oxidation_pond']. At least one non-missing value is needed for imputation with strategy='median'.
  warnings.warn(
/work/GRDVULN/correction/.venv/lib64/python3.11/site-packages/sklearn/impute/_base.py:647: UserWarning: Skipping features without any observed values: ['od_max_conf_chlorine_contact' 'od_max_conf_drying_bed'
 'od_max_conf_oxidation_pond']. At least one non-missing value is needed for imputation with strategy='median'.
  warnings.warn(
/work/GRDVULN/correction/.venv/lib64/python3.11/site-packages/sklearn/impute/_base.py:647: UserWarning: Skipping features without any observed values: ['od_max_conf_chlorine_contact' 'od_max_conf_drying_bed'
 'od_max_conf_oxidation_pond']. At least one non-missing value is needed for imputation with strategy='median'.
  warnings.warn(
/work/GRDVULN/correction/.venv/lib64/python3.11/site-packages/sklearn/impute/_base.py:647: UserWarning: Skipping features without any observed values: ['od_max_conf_chlorine_contact' 'od_max_conf_drying_bed'
 'od_max_conf_oxidation_pond']. At least one non-missing value is needed for imputation with strategy='median'.
  warnings.warn(
/work/GRDVULN/correction/.venv/lib64/python3.11/site-packages/sklearn/impute/_base.py:647: UserWarning: Skipping features without any observed values: ['od_max_conf_chlorine_contact' 'od_max_conf_drying_bed'
 'od_max_conf_oxidation_pond']. At least one non-missing value is needed for imputation with strategy='median'.
  warnings.warn(
/work/GRDVULN/correction/.venv/lib64/python3.11/site-packages/sklearn/impute/_base.py:647: UserWarning: Skipping features without any observed values: ['od_max_conf_chlorine_contact' 'od_max_conf_drying_bed'
 'od_max_conf_oxidation_pond']. At least one non-missing value is needed for imputation with strategy='median'.
  warnings.warn(
/work/GRDVULN/correction/.venv/lib64/python3.11/site-packages/sklearn/impute/_base.py:647: UserWarning: Skipping features without any observed values: ['od_max_conf_chlorine_contact' 'od_max_conf_drying_bed'
 'od_max_conf_oxidation_pond']. At least one non-missing value is needed for imputation with strategy='median'.
  warnings.warn(
/work/GRDVULN/correction/.venv/lib64/python3.11/site-packages/sklearn/impute/_base.py:647: UserWarning: Skipping features without any observed values: ['od_max_conf_chlorine_contact' 'od_max_conf_drying_bed'
 'od_max_conf_oxidation_pond']. At least one non-missing value is needed for imputation with strategy='median'.
  warnings.warn(
/work/GRDVULN/correction/.venv/lib64/python3.11/site-packages/sklearn/impute/_base.py:647: UserWarning: Skipping features without any observed values: ['od_max_conf_chlorine_contact' 'od_max_conf_drying_bed'
 'od_max_conf_oxidation_pond']. At least one non-missing value is needed for imputation with strategy='median'.
  warnings.warn(
/work/GRDVULN/correction/.venv/lib64/python3.11/site-packages/sklearn/impute/_base.py:647: UserWarning: Skipping features without any observed values: ['od_max_conf_chlorine_contact' 'od_max_conf_drying_bed'
 'od_max_conf_oxidation_pond']. At least one non-missing value is needed for imputation with strategy='median'.
  warnings.warn(
/work/GRDVULN/correction/.venv/lib64/python3.11/site-packages/sklearn/impute/_base.py:647: UserWarning: Skipping features without any observed values: ['od_max_conf_chlorine_contact' 'od_max_conf_drying_bed'
 'od_max_conf_oxidation_pond']. At least one non-missing value is needed for imputation with strategy='median'.
  warnings.warn(
/work/GRDVULN/correction/.venv/lib64/python3.11/site-packages/sklearn/impute/_base.py:647: UserWarning: Skipping features without any observed values: ['od_max_conf_chlorine_contact' 'od_max_conf_drying_bed'
 'od_max_conf_oxidation_pond']. At least one non-missing value is needed for imputation with strategy='median'.
  warnings.warn(
/work/GRDVULN/correction/.venv/lib64/python3.11/site-packages/sklearn/impute/_base.py:647: UserWarning: Skipping features without any observed values: ['od_max_conf_chlorine_contact' 'od_max_conf_drying_bed'
 'od_max_conf_oxidation_pond']. At least one non-missing value is needed for imputation with strategy='median'.
  warnings.warn(
/work/GRDVULN/correction/.venv/lib64/python3.11/site-packages/sklearn/impute/_base.py:647: UserWarning: Skipping features without any observed values: ['od_max_conf_chlorine_contact' 'od_max_conf_drying_bed'
 'od_max_conf_oxidation_pond']. At least one non-missing value is needed for imputation with strategy='median'.
  warnings.warn(
/work/GRDVULN/correction/.venv/lib64/python3.11/site-packages/sklearn/impute/_base.py:647: UserWarning: Skipping features without any observed values: ['od_max_conf_chlorine_contact' 'od_max_conf_drying_bed'
 'od_max_conf_oxidation_pond']. At least one non-missing value is needed for imputation with strategy='median'.
  warnings.warn(
/work/GRDVULN/correction/.venv/lib64/python3.11/site-packages/sklearn/impute/_base.py:647: UserWarning: Skipping features without any observed values: ['od_max_conf_chlorine_contact' 'od_max_conf_drying_bed'
 'od_max_conf_oxidation_pond']. At least one non-missing value is needed for imputation with strategy='median'.
  warnings.warn(
/work/GRDVULN/correction/.venv/lib64/python3.11/site-packages/sklearn/impute/_base.py:647: UserWarning: Skipping features without any observed values: ['od_max_conf_chlorine_contact' 'od_max_conf_drying_bed'
 'od_max_conf_oxidation_pond']. At least one non-missing value is needed for imputation with strategy='median'.
  warnings.warn(
/work/GRDVULN/correction/.venv/lib64/python3.11/site-packages/sklearn/impute/_base.py:647: UserWarning: Skipping features without any observed values: ['od_max_conf_chlorine_contact' 'od_max_conf_drying_bed'
 'od_max_conf_oxidation_pond']. At least one non-missing value is needed for imputation with strategy='median'.
  warnings.warn(
/work/GRDVULN/correction/.venv/lib64/python3.11/site-packages/sklearn/impute/_base.py:647: UserWarning: Skipping features without any observed values: ['od_max_conf_chlorine_contact' 'od_max_conf_drying_bed'
 'od_max_conf_oxidation_pond']. At least one non-missing value is needed for imputation with strategy='median'.
  warnings.warn(
/work/GRDVULN/correction/.venv/lib64/python3.11/site-packages/sklearn/impute/_base.py:647: UserWarning: Skipping features without any observed values: ['od_max_conf_chlorine_contact' 'od_max_conf_drying_bed'
 'od_max_conf_oxidation_pond']. At least one non-missing value is needed for imputation with strategy='median'.
  warnings.warn(
/work/GRDVULN/correction/.venv/lib64/python3.11/site-packages/sklearn/impute/_base.py:647: UserWarning: Skipping features without any observed values: ['od_max_conf_chlorine_contact' 'od_max_conf_drying_bed'
 'od_max_conf_oxidation_pond']. At least one non-missing value is needed for imputation with strategy='median'.
  warnings.warn(
/work/GRDVULN/correction/.venv/lib64/python3.11/site-packages/sklearn/impute/_base.py:647: UserWarning: Skipping features without any observed values: ['od_max_conf_chlorine_contact' 'od_max_conf_drying_bed'
 'od_max_conf_oxidation_pond']. At least one non-missing value is needed for imputation with strategy='median'.
  warnings.warn(
/work/GRDVULN/correction/.venv/lib64/python3.11/site-packages/sklearn/impute/_base.py:647: UserWarning: Skipping features without any observed values: ['od_max_conf_chlorine_contact' 'od_max_conf_drying_bed'
 'od_max_conf_oxidation_pond']. At least one non-missing value is needed for imputation with strategy='median'.
  warnings.warn(
/work/GRDVULN/correction/.venv/lib64/python3.11/site-packages/sklearn/impute/_base.py:647: UserWarning: Skipping features without any observed values: ['od_max_conf_chlorine_contact' 'od_max_conf_drying_bed'
 'od_max_conf_oxidation_pond']. At least one non-missing value is needed for imputation with strategy='median'.
  warnings.warn(
/work/GRDVULN/correction/.venv/lib64/python3.11/site-packages/sklearn/impute/_base.py:647: UserWarning: Skipping features without any observed values: ['od_max_conf_chlorine_contact' 'od_max_conf_drying_bed'
 'od_max_conf_oxidation_pond']. At least one non-missing value is needed for imputation with strategy='median'.
  warnings.warn(
/work/GRDVULN/correction/.venv/lib64/python3.11/site-packages/sklearn/impute/_base.py:647: UserWarning: Skipping features without any observed values: ['od_max_conf_chlorine_contact' 'od_max_conf_drying_bed'
 'od_max_conf_oxidation_pond']. At least one non-missing value is needed for imputation with strategy='median'.
  warnings.warn(
/work/GRDVULN/correction/.venv/lib64/python3.11/site-packages/sklearn/impute/_base.py:647: UserWarning: Skipping features without any observed values: ['od_max_conf_chlorine_contact' 'od_max_conf_drying_bed'
 'od_max_conf_oxidation_pond']. At least one non-missing value is needed for imputation with strategy='median'.
  warnings.warn(
/work/GRDVULN/correction/.venv/lib64/python3.11/site-packages/sklearn/impute/_base.py:647: UserWarning: Skipping features without any observed values: ['od_max_conf_chlorine_contact' 'od_max_conf_drying_bed'
 'od_max_conf_oxidation_pond']. At least one non-missing value is needed for imputation with strategy='median'.
  warnings.warn(
/work/GRDVULN/correction/.venv/lib64/python3.11/site-packages/sklearn/impute/_base.py:647: UserWarning: Skipping features without any observed values: ['od_max_conf_chlorine_contact' 'od_max_conf_drying_bed'
 'od_max_conf_oxidation_pond']. At least one non-missing value is needed for imputation with strategy='median'.
  warnings.warn(
/work/GRDVULN/correction/.venv/lib64/python3.11/site-packages/sklearn/impute/_base.py:647: UserWarning: Skipping features without any observed values: ['od_max_conf_chlorine_contact' 'od_max_conf_drying_bed'
 'od_max_conf_oxidation_pond']. At least one non-missing value is needed for imputation with strategy='median'.
  warnings.warn(
/work/GRDVULN/correction/.venv/lib64/python3.11/site-packages/sklearn/impute/_base.py:647: UserWarning: Skipping features without any observed values: ['od_max_conf_chlorine_contact' 'od_max_conf_drying_bed'
 'od_max_conf_oxidation_pond']. At least one non-missing value is needed for imputation with strategy='median'.
  warnings.warn(
/work/GRDVULN/correction/.venv/lib64/python3.11/site-packages/sklearn/impute/_base.py:647: UserWarning: Skipping features without any observed values: ['od_max_conf_chlorine_contact' 'od_max_conf_drying_bed'
 'od_max_conf_oxidation_pond']. At least one non-missing value is needed for imputation with strategy='median'.
  warnings.warn(
/work/GRDVULN/correction/.venv/lib64/python3.11/site-packages/sklearn/impute/_base.py:647: UserWarning: Skipping features without any observed values: ['od_max_conf_chlorine_contact' 'od_max_conf_drying_bed'
 'od_max_conf_oxidation_pond']. At least one non-missing value is needed for imputation with strategy='median'.
  warnings.warn(
/work/GRDVULN/correction/.venv/lib64/python3.11/site-packages/sklearn/impute/_base.py:647: UserWarning: Skipping features without any observed values: ['od_max_conf_chlorine_contact' 'od_max_conf_drying_bed'
 'od_max_conf_oxidation_pond']. At least one non-missing value is needed for imputation with strategy='median'.
  warnings.warn(
/work/GRDVULN/correction/.venv/lib64/python3.11/site-packages/sklearn/impute/_base.py:647: UserWarning: Skipping features without any observed values: ['od_max_conf_chlorine_contact' 'od_max_conf_drying_bed'
 'od_max_conf_oxidation_pond']. At least one non-missing value is needed for imputation with strategy='median'.
  warnings.warn(
/work/GRDVULN/correction/.venv/lib64/python3.11/site-packages/sklearn/impute/_base.py:647: UserWarning: Skipping features without any observed values: ['od_max_conf_chlorine_contact' 'od_max_conf_drying_bed'
 'od_max_conf_oxidation_pond']. At least one non-missing value is needed for imputation with strategy='median'.
  warnings.warn(
/work/GRDVULN/correction/.venv/lib64/python3.11/site-packages/sklearn/impute/_base.py:647: UserWarning: Skipping features without any observed values: ['od_max_conf_chlorine_contact' 'od_max_conf_drying_bed'
 'od_max_conf_oxidation_pond']. At least one non-missing value is needed for imputation with strategy='median'.
  warnings.warn(
/work/GRDVULN/correction/.venv/lib64/python3.11/site-packages/sklearn/impute/_base.py:647: UserWarning: Skipping features without any observed values: ['od_max_conf_chlorine_contact' 'od_max_conf_drying_bed'
 'od_max_conf_oxidation_pond']. At least one non-missing value is needed for imputation with strategy='median'.
  warnings.warn(
/work/GRDVULN/correction/.venv/lib64/python3.11/site-packages/sklearn/impute/_base.py:647: UserWarning: Skipping features without any observed values: ['od_max_conf_chlorine_contact' 'od_max_conf_drying_bed'
 'od_max_conf_oxidation_pond']. At least one non-missing value is needed for imputation with strategy='median'.
  warnings.warn(
/work/GRDVULN/correction/.venv/lib64/python3.11/site-packages/sklearn/impute/_base.py:647: UserWarning: Skipping features without any observed values: ['od_max_conf_chlorine_contact' 'od_max_conf_drying_bed'
 'od_max_conf_oxidation_pond']. At least one non-missing value is needed for imputation with strategy='median'.
  warnings.warn(
/work/GRDVULN/correction/.venv/lib64/python3.11/site-packages/sklearn/impute/_base.py:647: UserWarning: Skipping features without any observed values: ['od_max_conf_chlorine_contact' 'od_max_conf_drying_bed'
 'od_max_conf_oxidation_pond']. At least one non-missing value is needed for imputation with strategy='median'.
  warnings.warn(
/work/GRDVULN/correction/.venv/lib64/python3.11/site-packages/sklearn/impute/_base.py:647: UserWarning: Skipping features without any observed values: ['od_max_conf_chlorine_contact' 'od_max_conf_drying_bed'
 'od_max_conf_oxidation_pond']. At least one non-missing value is needed for imputation with strategy='median'.
  warnings.warn(
/work/GRDVULN/correction/.venv/lib64/python3.11/site-packages/sklearn/impute/_base.py:647: UserWarning: Skipping features without any observed values: ['od_max_conf_chlorine_contact' 'od_max_conf_drying_bed'
 'od_max_conf_oxidation_pond']. At least one non-missing value is needed for imputation with strategy='median'.
  warnings.warn(
/work/GRDVULN/correction/.venv/lib64/python3.11/site-packages/sklearn/impute/_base.py:647: UserWarning: Skipping features without any observed values: ['od_max_conf_chlorine_contact' 'od_max_conf_drying_bed'
 'od_max_conf_oxidation_pond']. At least one non-missing value is needed for imputation with strategy='median'.
  warnings.warn(
/work/GRDVULN/correction/.venv/lib64/python3.11/site-packages/sklearn/impute/_base.py:647: UserWarning: Skipping features without any observed values: ['od_max_conf_chlorine_contact' 'od_max_conf_drying_bed'
 'od_max_conf_oxidation_pond']. At least one non-missing value is needed for imputation with strategy='median'.
  warnings.warn(
/work/GRDVULN/correction/.venv/lib64/python3.11/site-packages/sklearn/impute/_base.py:647: UserWarning: Skipping features without any observed values: ['od_max_conf_chlorine_contact' 'od_max_conf_drying_bed'
 'od_max_conf_oxidation_pond']. At least one non-missing value is needed for imputation with strategy='median'.
  warnings.warn(
/work/GRDVULN/correction/.venv/lib64/python3.11/site-packages/sklearn/impute/_base.py:647: UserWarning: Skipping features without any observed values: ['od_max_conf_chlorine_contact' 'od_max_conf_drying_bed'
 'od_max_conf_oxidation_pond']. At least one non-missing value is needed for imputation with strategy='median'.
  warnings.warn(
/work/GRDVULN/correction/.venv/lib64/python3.11/site-packages/sklearn/impute/_base.py:647: UserWarning: Skipping features without any observed values: ['od_max_conf_chlorine_contact' 'od_max_conf_drying_bed'
 'od_max_conf_oxidation_pond']. At least one non-missing value is needed for imputation with strategy='median'.
  warnings.warn(
/work/GRDVULN/correction/.venv/lib64/python3.11/site-packages/sklearn/impute/_base.py:647: UserWarning: Skipping features without any observed values: ['od_max_conf_chlorine_contact' 'od_max_conf_drying_bed'
 'od_max_conf_oxidation_pond']. At least one non-missing value is needed for imputation with strategy='median'.
  warnings.warn(
/work/GRDVULN/correction/.venv/lib64/python3.11/site-packages/sklearn/impute/_base.py:647: UserWarning: Skipping features without any observed values: ['od_max_conf_chlorine_contact' 'od_max_conf_drying_bed'
 'od_max_conf_oxidation_pond']. At least one non-missing value is needed for imputation with strategy='median'.
  warnings.warn(
/work/GRDVULN/correction/.venv/lib64/python3.11/site-packages/sklearn/impute/_base.py:647: UserWarning: Skipping features without any observed values: ['od_max_conf_chlorine_contact' 'od_max_conf_drying_bed'
 'od_max_conf_oxidation_pond']. At least one non-missing value is needed for imputation with strategy='median'.
  warnings.warn(
/work/GRDVULN/correction/.venv/lib64/python3.11/site-packages/sklearn/impute/_base.py:647: UserWarning: Skipping features without any observed values: ['od_max_conf_chlorine_contact' 'od_max_conf_drying_bed'
 'od_max_conf_oxidation_pond']. At least one non-missing value is needed for imputation with strategy='median'.
  warnings.warn(
/work/GRDVULN/correction/.venv/lib64/python3.11/site-packages/sklearn/impute/_base.py:647: UserWarning: Skipping features without any observed values: ['od_max_conf_chlorine_contact' 'od_max_conf_drying_bed'
 'od_max_conf_oxidation_pond']. At least one non-missing value is needed for imputation with strategy='median'.
  warnings.warn(
/work/GRDVULN/correction/.venv/lib64/python3.11/site-packages/sklearn/impute/_base.py:647: UserWarning: Skipping features without any observed values: ['od_max_conf_chlorine_contact' 'od_max_conf_drying_bed'
 'od_max_conf_oxidation_pond']. At least one non-missing value is needed for imputation with strategy='median'.
  warnings.warn(
/work/GRDVULN/correction/.venv/lib64/python3.11/site-packages/sklearn/impute/_base.py:647: UserWarning: Skipping features without any observed values: ['od_max_conf_chlorine_contact' 'od_max_conf_drying_bed'
 'od_max_conf_oxidation_pond']. At least one non-missing value is needed for imputation with strategy='median'.
  warnings.warn(
/work/GRDVULN/correction/.venv/lib64/python3.11/site-packages/sklearn/impute/_base.py:647: UserWarning: Skipping features without any observed values: ['od_max_conf_chlorine_contact' 'od_max_conf_drying_bed'
 'od_max_conf_oxidation_pond']. At least one non-missing value is needed for imputation with strategy='median'.
  warnings.warn(
/work/GRDVULN/correction/.venv/lib64/python3.11/site-packages/sklearn/impute/_base.py:647: UserWarning: Skipping features without any observed values: ['od_max_conf_chlorine_contact' 'od_max_conf_drying_bed'
 'od_max_conf_oxidation_pond']. At least one non-missing value is needed for imputation with strategy='median'.
  warnings.warn(
/work/GRDVULN/correction/.venv/lib64/python3.11/site-packages/sklearn/impute/_base.py:647: UserWarning: Skipping features without any observed values: ['od_max_conf_chlorine_contact' 'od_max_conf_drying_bed'
 'od_max_conf_oxidation_pond']. At least one non-missing value is needed for imputation with strategy='median'.
  warnings.warn(
/work/GRDVULN/correction/.venv/lib64/python3.11/site-packages/sklearn/impute/_base.py:647: UserWarning: Skipping features without any observed values: ['od_max_conf_chlorine_contact' 'od_max_conf_drying_bed'
 'od_max_conf_oxidation_pond']. At least one non-missing value is needed for imputation with strategy='median'.
  warnings.warn(
/work/GRDVULN/correction/.venv/lib64/python3.11/site-packages/sklearn/impute/_base.py:647: UserWarning: Skipping features without any observed values: ['od_max_conf_chlorine_contact' 'od_max_conf_drying_bed'
 'od_max_conf_oxidation_pond']. At least one non-missing value is needed for imputation with strategy='median'.
  warnings.warn(
/work/GRDVULN/correction/.venv/lib64/python3.11/site-packages/sklearn/impute/_base.py:647: UserWarning: Skipping features without any observed values: ['od_max_conf_chlorine_contact' 'od_max_conf_drying_bed'
 'od_max_conf_oxidation_pond']. At least one non-missing value is needed for imputation with strategy='median'.
  warnings.warn(
/work/GRDVULN/correction/.venv/lib64/python3.11/site-packages/sklearn/impute/_base.py:647: UserWarning: Skipping features without any observed values: ['od_max_conf_chlorine_contact' 'od_max_conf_drying_bed'
 'od_max_conf_oxidation_pond']. At least one non-missing value is needed for imputation with strategy='median'.
  warnings.warn(
/work/GRDVULN/correction/.venv/lib64/python3.11/site-packages/sklearn/impute/_base.py:647: UserWarning: Skipping features without any observed values: ['od_max_conf_chlorine_contact' 'od_max_conf_drying_bed'
 'od_max_conf_oxidation_pond']. At least one non-missing value is needed for imputation with strategy='median'.
  warnings.warn(
/work/GRDVULN/correction/.venv/lib64/python3.11/site-packages/sklearn/impute/_base.py:647: UserWarning: Skipping features without any observed values: ['od_max_conf_chlorine_contact' 'od_max_conf_drying_bed'
 'od_max_conf_oxidation_pond']. At least one non-missing value is needed for imputation with strategy='median'.
  warnings.warn(
/work/GRDVULN/correction/.venv/lib64/python3.11/site-packages/sklearn/impute/_base.py:647: UserWarning: Skipping features without any observed values: ['od_max_conf_chlorine_contact' 'od_max_conf_drying_bed'
 'od_max_conf_oxidation_pond']. At least one non-missing value is needed for imputation with strategy='median'.
  warnings.warn(
/work/GRDVULN/correction/.venv/lib64/python3.11/site-packages/sklearn/impute/_base.py:647: UserWarning: Skipping features without any observed values: ['od_max_conf_chlorine_contact' 'od_max_conf_drying_bed'
 'od_max_conf_oxidation_pond']. At least one non-missing value is needed for imputation with strategy='median'.
  warnings.warn(
/work/GRDVULN/correction/.venv/lib64/python3.11/site-packages/sklearn/impute/_base.py:647: UserWarning: Skipping features without any observed values: ['od_max_conf_chlorine_contact' 'od_max_conf_drying_bed'
 'od_max_conf_oxidation_pond']. At least one non-missing value is needed for imputation with strategy='median'.
  warnings.warn(
/work/GRDVULN/correction/.venv/lib64/python3.11/site-packages/sklearn/impute/_base.py:647: UserWarning: Skipping features without any observed values: ['od_max_conf_chlorine_contact' 'od_max_conf_drying_bed'
 'od_max_conf_oxidation_pond']. At least one non-missing value is needed for imputation with strategy='median'.
  warnings.warn(
/work/GRDVULN/correction/.venv/lib64/python3.11/site-packages/sklearn/impute/_base.py:647: UserWarning: Skipping features without any observed values: ['od_max_conf_chlorine_contact' 'od_max_conf_drying_bed'
 'od_max_conf_oxidation_pond']. At least one non-missing value is needed for imputation with strategy='median'.
  warnings.warn(
/work/GRDVULN/correction/.venv/lib64/python3.11/site-packages/sklearn/impute/_base.py:647: UserWarning: Skipping features without any observed values: ['od_max_conf_chlorine_contact' 'od_max_conf_drying_bed'
 'od_max_conf_oxidation_pond']. At least one non-missing value is needed for imputation with strategy='median'.
  warnings.warn(
/work/GRDVULN/correction/.venv/lib64/python3.11/site-packages/sklearn/impute/_base.py:647: UserWarning: Skipping features without any observed values: ['od_max_conf_chlorine_contact' 'od_max_conf_drying_bed'
 'od_max_conf_oxidation_pond']. At least one non-missing value is needed for imputation with strategy='median'.
  warnings.warn(
/work/GRDVULN/correction/.venv/lib64/python3.11/site-packages/sklearn/impute/_base.py:647: UserWarning: Skipping features without any observed values: ['od_max_conf_chlorine_contact' 'od_max_conf_drying_bed'
 'od_max_conf_oxidation_pond']. At least one non-missing value is needed for imputation with strategy='median'.
  warnings.warn(
/work/GRDVULN/correction/.venv/lib64/python3.11/site-packages/sklearn/impute/_base.py:647: UserWarning: Skipping features without any observed values: ['od_max_conf_chlorine_contact' 'od_max_conf_drying_bed'
 'od_max_conf_oxidation_pond']. At least one non-missing value is needed for imputation with strategy='median'.
  warnings.warn(
/work/GRDVULN/correction/.venv/lib64/python3.11/site-packages/sklearn/impute/_base.py:647: UserWarning: Skipping features without any observed values: ['od_max_conf_chlorine_contact' 'od_max_conf_drying_bed'
 'od_max_conf_oxidation_pond']. At least one non-missing value is needed for imputation with strategy='median'.
  warnings.warn(
/work/GRDVULN/correction/.venv/lib64/python3.11/site-packages/sklearn/impute/_base.py:647: UserWarning: Skipping features without any observed values: ['od_max_conf_chlorine_contact' 'od_max_conf_drying_bed'
 'od_max_conf_oxidation_pond']. At least one non-missing value is needed for imputation with strategy='median'.
  warnings.warn(
/work/GRDVULN/correction/.venv/lib64/python3.11/site-packages/sklearn/impute/_base.py:647: UserWarning: Skipping features without any observed values: ['od_max_conf_chlorine_contact' 'od_max_conf_drying_bed'
 'od_max_conf_oxidation_pond']. At least one non-missing value is needed for imputation with strategy='median'.
  warnings.warn(
/work/GRDVULN/correction/.venv/lib64/python3.11/site-packages/sklearn/impute/_base.py:647: UserWarning: Skipping features without any observed values: ['od_max_conf_chlorine_contact' 'od_max_conf_drying_bed'
 'od_max_conf_oxidation_pond']. At least one non-missing value is needed for imputation with strategy='median'.
  warnings.warn(
/work/GRDVULN/correction/.venv/lib64/python3.11/site-packages/sklearn/impute/_base.py:647: UserWarning: Skipping features without any observed values: ['od_max_conf_chlorine_contact' 'od_max_conf_drying_bed'
 'od_max_conf_oxidation_pond']. At least one non-missing value is needed for imputation with strategy='median'.
  warnings.warn(
/work/GRDVULN/correction/.venv/lib64/python3.11/site-packages/sklearn/impute/_base.py:647: UserWarning: Skipping features without any observed values: ['od_max_conf_chlorine_contact' 'od_max_conf_drying_bed'
 'od_max_conf_oxidation_pond']. At least one non-missing value is needed for imputation with strategy='median'.
  warnings.warn(
/work/GRDVULN/correction/.venv/lib64/python3.11/site-packages/sklearn/impute/_base.py:647: UserWarning: Skipping features without any observed values: ['od_max_conf_chlorine_contact' 'od_max_conf_drying_bed'
 'od_max_conf_oxidation_pond']. At least one non-missing value is needed for imputation with strategy='median'.
  warnings.warn(
/work/GRDVULN/correction/.venv/lib64/python3.11/site-packages/sklearn/impute/_base.py:647: UserWarning: Skipping features without any observed values: ['od_max_conf_chlorine_contact' 'od_max_conf_drying_bed'
 'od_max_conf_oxidation_pond']. At least one non-missing value is needed for imputation with strategy='median'.
  warnings.warn(
/work/GRDVULN/correction/.venv/lib64/python3.11/site-packages/sklearn/impute/_base.py:647: UserWarning: Skipping features without any observed values: ['od_max_conf_chlorine_contact' 'od_max_conf_drying_bed'
 'od_max_conf_oxidation_pond']. At least one non-missing value is needed for imputation with strategy='median'.
  warnings.warn(
/work/GRDVULN/correction/.venv/lib64/python3.11/site-packages/sklearn/impute/_base.py:647: UserWarning: Skipping features without any observed values: ['od_max_conf_chlorine_contact' 'od_max_conf_drying_bed'
 'od_max_conf_oxidation_pond']. At least one non-missing value is needed for imputation with strategy='median'.
  warnings.warn(
/work/GRDVULN/correction/.venv/lib64/python3.11/site-packages/sklearn/impute/_base.py:647: UserWarning: Skipping features without any observed values: ['od_max_conf_chlorine_contact' 'od_max_conf_drying_bed'
 'od_max_conf_oxidation_pond']. At least one non-missing value is needed for imputation with strategy='median'.
  warnings.warn(
/work/GRDVULN/correction/.venv/lib64/python3.11/site-packages/sklearn/impute/_base.py:647: UserWarning: Skipping features without any observed values: ['od_max_conf_chlorine_contact' 'od_max_conf_drying_bed'
 'od_max_conf_oxidation_pond']. At least one non-missing value is needed for imputation with strategy='median'.
  warnings.warn(
/work/GRDVULN/correction/.venv/lib64/python3.11/site-packages/sklearn/impute/_base.py:647: UserWarning: Skipping features without any observed values: ['od_max_conf_chlorine_contact' 'od_max_conf_drying_bed'
 'od_max_conf_oxidation_pond']. At least one non-missing value is needed for imputation with strategy='median'.
  warnings.warn(
/work/GRDVULN/correction/.venv/lib64/python3.11/site-packages/sklearn/impute/_base.py:647: UserWarning: Skipping features without any observed values: ['od_max_conf_chlorine_contact' 'od_max_conf_drying_bed'
 'od_max_conf_oxidation_pond']. At least one non-missing value is needed for imputation with strategy='median'.
  warnings.warn(
/work/GRDVULN/correction/.venv/lib64/python3.11/site-packages/sklearn/impute/_base.py:647: UserWarning: Skipping features without any observed values: ['od_max_conf_chlorine_contact' 'od_max_conf_drying_bed'
 'od_max_conf_oxidation_pond']. At least one non-missing value is needed for imputation with strategy='median'.
  warnings.warn(
/work/GRDVULN/correction/.venv/lib64/python3.11/site-packages/sklearn/impute/_base.py:647: UserWarning: Skipping features without any observed values: ['od_max_conf_chlorine_contact' 'od_max_conf_drying_bed'
 'od_max_conf_oxidation_pond']. At least one non-missing value is needed for imputation with strategy='median'.
  warnings.warn(
/work/GRDVULN/correction/.venv/lib64/python3.11/site-packages/sklearn/impute/_base.py:647: UserWarning: Skipping features without any observed values: ['od_max_conf_chlorine_contact' 'od_max_conf_drying_bed'
 'od_max_conf_oxidation_pond']. At least one non-missing value is needed for imputation with strategy='median'.
  warnings.warn(
/work/GRDVULN/correction/.venv/lib64/python3.11/site-packages/sklearn/impute/_base.py:647: UserWarning: Skipping features without any observed values: ['od_max_conf_chlorine_contact' 'od_max_conf_drying_bed'
 'od_max_conf_oxidation_pond']. At least one non-missing value is needed for imputation with strategy='median'.
  warnings.warn(
/work/GRDVULN/correction/.venv/lib64/python3.11/site-packages/sklearn/impute/_base.py:647: UserWarning: Skipping features without any observed values: ['od_max_conf_chlorine_contact' 'od_max_conf_drying_bed'
 'od_max_conf_oxidation_pond']. At least one non-missing value is needed for imputation with strategy='median'.
  warnings.warn(
/work/GRDVULN/correction/.venv/lib64/python3.11/site-packages/sklearn/impute/_base.py:647: UserWarning: Skipping features without any observed values: ['od_max_conf_chlorine_contact' 'od_max_conf_drying_bed'
 'od_max_conf_oxidation_pond']. At least one non-missing value is needed for imputation with strategy='median'.
  warnings.warn(
/work/GRDVULN/correction/.venv/lib64/python3.11/site-packages/sklearn/impute/_base.py:647: UserWarning: Skipping features without any observed values: ['od_max_conf_chlorine_contact' 'od_max_conf_drying_bed'
 'od_max_conf_oxidation_pond']. At least one non-missing value is needed for imputation with strategy='median'.
  warnings.warn(
/work/GRDVULN/correction/.venv/lib64/python3.11/site-packages/sklearn/impute/_base.py:647: UserWarning: Skipping features without any observed values: ['od_max_conf_chlorine_contact' 'od_max_conf_drying_bed'
 'od_max_conf_oxidation_pond']. At least one non-missing value is needed for imputation with strategy='median'.
  warnings.warn(
/work/GRDVULN/correction/.venv/lib64/python3.11/site-packages/sklearn/impute/_base.py:647: UserWarning: Skipping features without any observed values: ['od_max_conf_chlorine_contact' 'od_max_conf_drying_bed'
 'od_max_conf_oxidation_pond']. At least one non-missing value is needed for imputation with strategy='median'.
  warnings.warn(
/work/GRDVULN/correction/.venv/lib64/python3.11/site-packages/sklearn/impute/_base.py:647: UserWarning: Skipping features without any observed values: ['od_max_conf_chlorine_contact' 'od_max_conf_drying_bed'
 'od_max_conf_oxidation_pond']. At least one non-missing value is needed for imputation with strategy='median'.
  warnings.warn(
/work/GRDVULN/correction/.venv/lib64/python3.11/site-packages/sklearn/impute/_base.py:647: UserWarning: Skipping features without any observed values: ['od_max_conf_chlorine_contact' 'od_max_conf_drying_bed'
 'od_max_conf_oxidation_pond']. At least one non-missing value is needed for imputation with strategy='median'.
  warnings.warn(
/work/GRDVULN/correction/.venv/lib64/python3.11/site-packages/sklearn/impute/_base.py:647: UserWarning: Skipping features without any observed values: ['od_max_conf_chlorine_contact' 'od_max_conf_drying_bed'
 'od_max_conf_oxidation_pond']. At least one non-missing value is needed for imputation with strategy='median'.
  warnings.warn(
/work/GRDVULN/correction/.venv/lib64/python3.11/site-packages/sklearn/impute/_base.py:647: UserWarning: Skipping features without any observed values: ['od_max_conf_chlorine_contact' 'od_max_conf_drying_bed'
 'od_max_conf_oxidation_pond']. At least one non-missing value is needed for imputation with strategy='median'.
  warnings.warn(
/work/GRDVULN/correction/.venv/lib64/python3.11/site-packages/sklearn/impute/_base.py:647: UserWarning: Skipping features without any observed values: ['od_max_conf_chlorine_contact' 'od_max_conf_drying_bed'
 'od_max_conf_oxidation_pond']. At least one non-missing value is needed for imputation with strategy='median'.
  warnings.warn(
/work/GRDVULN/correction/.venv/lib64/python3.11/site-packages/sklearn/impute/_base.py:647: UserWarning: Skipping features without any observed values: ['od_max_conf_chlorine_contact' 'od_max_conf_drying_bed'
 'od_max_conf_oxidation_pond']. At least one non-missing value is needed for imputation with strategy='median'.
  warnings.warn(
/work/GRDVULN/correction/.venv/lib64/python3.11/site-packages/sklearn/impute/_base.py:647: UserWarning: Skipping features without any observed values: ['od_max_conf_chlorine_contact' 'od_max_conf_drying_bed'
 'od_max_conf_oxidation_pond']. At least one non-missing value is needed for imputation with strategy='median'.
  warnings.warn(
/work/GRDVULN/correction/.venv/lib64/python3.11/site-packages/sklearn/impute/_base.py:647: UserWarning: Skipping features without any observed values: ['od_max_conf_chlorine_contact' 'od_max_conf_drying_bed'
 'od_max_conf_oxidation_pond']. At least one non-missing value is needed for imputation with strategy='median'.
  warnings.warn(
/work/GRDVULN/correction/.venv/lib64/python3.11/site-packages/sklearn/impute/_base.py:647: UserWarning: Skipping features without any observed values: ['od_max_conf_chlorine_contact' 'od_max_conf_drying_bed'
 'od_max_conf_oxidation_pond']. At least one non-missing value is needed for imputation with strategy='median'.
  warnings.warn(
/work/GRDVULN/correction/.venv/lib64/python3.11/site-packages/sklearn/impute/_base.py:647: UserWarning: Skipping features without any observed values: ['od_max_conf_chlorine_contact' 'od_max_conf_drying_bed'
 'od_max_conf_oxidation_pond']. At least one non-missing value is needed for imputation with strategy='median'.
  warnings.warn(
/work/GRDVULN/correction/.venv/lib64/python3.11/site-packages/sklearn/impute/_base.py:647: UserWarning: Skipping features without any observed values: ['od_max_conf_chlorine_contact' 'od_max_conf_drying_bed'
 'od_max_conf_oxidation_pond']. At least one non-missing value is needed for imputation with strategy='median'.
  warnings.warn(
/work/GRDVULN/correction/.venv/lib64/python3.11/site-packages/sklearn/impute/_base.py:647: UserWarning: Skipping features without any observed values: ['od_max_conf_chlorine_contact' 'od_max_conf_drying_bed'
 'od_max_conf_oxidation_pond']. At least one non-missing value is needed for imputation with strategy='median'.
  warnings.warn(
/work/GRDVULN/correction/.venv/lib64/python3.11/site-packages/sklearn/impute/_base.py:647: UserWarning: Skipping features without any observed values: ['od_max_conf_chlorine_contact' 'od_max_conf_drying_bed'
 'od_max_conf_oxidation_pond']. At least one non-missing value is needed for imputation with strategy='median'.
  warnings.warn(
/work/GRDVULN/correction/.venv/lib64/python3.11/site-packages/sklearn/impute/_base.py:647: UserWarning: Skipping features without any observed values: ['od_max_conf_chlorine_contact' 'od_max_conf_drying_bed'
 'od_max_conf_oxidation_pond']. At least one non-missing value is needed for imputation with strategy='median'.
  warnings.warn(
/work/GRDVULN/correction/.venv/lib64/python3.11/site-packages/sklearn/impute/_base.py:647: UserWarning: Skipping features without any observed values: ['od_max_conf_chlorine_contact' 'od_max_conf_drying_bed'
 'od_max_conf_oxidation_pond']. At least one non-missing value is needed for imputation with strategy='median'.
  warnings.warn(
/work/GRDVULN/correction/.venv/lib64/python3.11/site-packages/sklearn/impute/_base.py:647: UserWarning: Skipping features without any observed values: ['od_max_conf_chlorine_contact' 'od_max_conf_drying_bed'
 'od_max_conf_oxidation_pond']. At least one non-missing value is needed for imputation with strategy='median'.
  warnings.warn(
/work/GRDVULN/correction/.venv/lib64/python3.11/site-packages/sklearn/impute/_base.py:647: UserWarning: Skipping features without any observed values: ['od_max_conf_chlorine_contact' 'od_max_conf_drying_bed'
 'od_max_conf_oxidation_pond']. At least one non-missing value is needed for imputation with strategy='median'.
  warnings.warn(
/work/GRDVULN/correction/.venv/lib64/python3.11/site-packages/sklearn/impute/_base.py:647: UserWarning: Skipping features without any observed values: ['od_max_conf_chlorine_contact' 'od_max_conf_drying_bed'
 'od_max_conf_oxidation_pond']. At least one non-missing value is needed for imputation with strategy='median'.
  warnings.warn(
/work/GRDVULN/correction/.venv/lib64/python3.11/site-packages/sklearn/impute/_base.py:647: UserWarning: Skipping features without any observed values: ['od_max_conf_chlorine_contact' 'od_max_conf_drying_bed'
 'od_max_conf_oxidation_pond']. At least one non-missing value is needed for imputation with strategy='median'.
  warnings.warn(
/work/GRDVULN/correction/.venv/lib64/python3.11/site-packages/sklearn/impute/_base.py:647: UserWarning: Skipping features without any observed values: ['od_max_conf_chlorine_contact' 'od_max_conf_drying_bed'
 'od_max_conf_oxidation_pond']. At least one non-missing value is needed for imputation with strategy='median'.
  warnings.warn(
/work/GRDVULN/correction/.venv/lib64/python3.11/site-packages/sklearn/impute/_base.py:647: UserWarning: Skipping features without any observed values: ['od_max_conf_chlorine_contact' 'od_max_conf_drying_bed'
 'od_max_conf_oxidation_pond']. At least one non-missing value is needed for imputation with strategy='median'.
  warnings.warn(
/work/GRDVULN/correction/.venv/lib64/python3.11/site-packages/sklearn/impute/_base.py:647: UserWarning: Skipping features without any observed values: ['od_max_conf_chlorine_contact' 'od_max_conf_drying_bed'
 'od_max_conf_oxidation_pond']. At least one non-missing value is needed for imputation with strategy='median'.
  warnings.warn(
/work/GRDVULN/correction/.venv/lib64/python3.11/site-packages/sklearn/impute/_base.py:647: UserWarning: Skipping features without any observed values: ['od_max_conf_chlorine_contact' 'od_max_conf_drying_bed'
 'od_max_conf_oxidation_pond']. At least one non-missing value is needed for imputation with strategy='median'.
  warnings.warn(
/work/GRDVULN/correction/.venv/lib64/python3.11/site-packages/sklearn/impute/_base.py:647: UserWarning: Skipping features without any observed values: ['od_max_conf_chlorine_contact' 'od_max_conf_drying_bed'
 'od_max_conf_oxidation_pond']. At least one non-missing value is needed for imputation with strategy='median'.
  warnings.warn(
/work/GRDVULN/correction/.venv/lib64/python3.11/site-packages/sklearn/impute/_base.py:647: UserWarning: Skipping features without any observed values: ['od_max_conf_chlorine_contact' 'od_max_conf_drying_bed'
 'od_max_conf_oxidation_pond']. At least one non-missing value is needed for imputation with strategy='median'.
  warnings.warn(
/work/GRDVULN/correction/.venv/lib64/python3.11/site-packages/sklearn/impute/_base.py:647: UserWarning: Skipping features without any observed values: ['od_max_conf_chlorine_contact' 'od_max_conf_drying_bed'
 'od_max_conf_oxidation_pond']. At least one non-missing value is needed for imputation with strategy='median'.
  warnings.warn(
/work/GRDVULN/correction/.venv/lib64/python3.11/site-packages/sklearn/impute/_base.py:647: UserWarning: Skipping features without any observed values: ['od_max_conf_chlorine_contact' 'od_max_conf_drying_bed'
 'od_max_conf_oxidation_pond']. At least one non-missing value is needed for imputation with strategy='median'.
  warnings.warn(
/work/GRDVULN/correction/.venv/lib64/python3.11/site-packages/sklearn/impute/_base.py:647: UserWarning: Skipping features without any observed values: ['od_max_conf_chlorine_contact' 'od_max_conf_drying_bed'
 'od_max_conf_oxidation_pond']. At least one non-missing value is needed for imputation with strategy='median'.
  warnings.warn(
/work/GRDVULN/correction/.venv/lib64/python3.11/site-packages/sklearn/impute/_base.py:647: UserWarning: Skipping features without any observed values: ['od_max_conf_chlorine_contact' 'od_max_conf_drying_bed'
 'od_max_conf_oxidation_pond']. At least one non-missing value is needed for imputation with strategy='median'.
  warnings.warn(
/work/GRDVULN/correction/.venv/lib64/python3.11/site-packages/sklearn/impute/_base.py:647: UserWarning: Skipping features without any observed values: ['od_max_conf_chlorine_contact' 'od_max_conf_drying_bed'
 'od_max_conf_oxidation_pond']. At least one non-missing value is needed for imputation with strategy='median'.
  warnings.warn(
/work/GRDVULN/correction/.venv/lib64/python3.11/site-packages/sklearn/impute/_base.py:647: UserWarning: Skipping features without any observed values: ['od_max_conf_chlorine_contact' 'od_max_conf_drying_bed'
 'od_max_conf_oxidation_pond']. At least one non-missing value is needed for imputation with strategy='median'.
  warnings.warn(
/work/GRDVULN/correction/.venv/lib64/python3.11/site-packages/sklearn/impute/_base.py:647: UserWarning: Skipping features without any observed values: ['od_max_conf_chlorine_contact' 'od_max_conf_drying_bed'
 'od_max_conf_oxidation_pond']. At least one non-missing value is needed for imputation with strategy='median'.
  warnings.warn(
/work/GRDVULN/correction/.venv/lib64/python3.11/site-packages/sklearn/impute/_base.py:647: UserWarning: Skipping features without any observed values: ['od_max_conf_chlorine_contact' 'od_max_conf_drying_bed'
 'od_max_conf_oxidation_pond']. At least one non-missing value is needed for imputation with strategy='median'.
  warnings.warn(
/work/GRDVULN/correction/.venv/lib64/python3.11/site-packages/sklearn/impute/_base.py:647: UserWarning: Skipping features without any observed values: ['od_max_conf_chlorine_contact' 'od_max_conf_drying_bed'
 'od_max_conf_oxidation_pond']. At least one non-missing value is needed for imputation with strategy='median'.
  warnings.warn(
/work/GRDVULN/correction/.venv/lib64/python3.11/site-packages/sklearn/impute/_base.py:647: UserWarning: Skipping features without any observed values: ['od_max_conf_chlorine_contact' 'od_max_conf_drying_bed'
 'od_max_conf_oxidation_pond']. At least one non-missing value is needed for imputation with strategy='median'.
  warnings.warn(
/work/GRDVULN/correction/.venv/lib64/python3.11/site-packages/sklearn/impute/_base.py:647: UserWarning: Skipping features without any observed values: ['od_max_conf_chlorine_contact' 'od_max_conf_drying_bed'
 'od_max_conf_oxidation_pond']. At least one non-missing value is needed for imputation with strategy='median'.
  warnings.warn(
/work/GRDVULN/correction/.venv/lib64/python3.11/site-packages/sklearn/impute/_base.py:647: UserWarning: Skipping features without any observed values: ['od_max_conf_chlorine_contact' 'od_max_conf_drying_bed'
 'od_max_conf_oxidation_pond']. At least one non-missing value is needed for imputation with strategy='median'.
  warnings.warn(
/work/GRDVULN/correction/.venv/lib64/python3.11/site-packages/sklearn/impute/_base.py:647: UserWarning: Skipping features without any observed values: ['od_max_conf_chlorine_contact' 'od_max_conf_drying_bed'
 'od_max_conf_oxidation_pond']. At least one non-missing value is needed for imputation with strategy='median'.
  warnings.warn(
/work/GRDVULN/correction/.venv/lib64/python3.11/site-packages/sklearn/impute/_base.py:647: UserWarning: Skipping features without any observed values: ['od_max_conf_chlorine_contact' 'od_max_conf_drying_bed'
 'od_max_conf_oxidation_pond']. At least one non-missing value is needed for imputation with strategy='median'.
  warnings.warn(
/work/GRDVULN/correction/.venv/lib64/python3.11/site-packages/sklearn/impute/_base.py:647: UserWarning: Skipping features without any observed values: ['od_max_conf_chlorine_contact' 'od_max_conf_drying_bed'
 'od_max_conf_oxidation_pond']. At least one non-missing value is needed for imputation with strategy='median'.
  warnings.warn(
/work/GRDVULN/correction/.venv/lib64/python3.11/site-packages/sklearn/impute/_base.py:647: UserWarning: Skipping features without any observed values: ['od_max_conf_chlorine_contact' 'od_max_conf_drying_bed'
 'od_max_conf_oxidation_pond']. At least one non-missing value is needed for imputation with strategy='median'.
  warnings.warn(
/work/GRDVULN/correction/.venv/lib64/python3.11/site-packages/sklearn/impute/_base.py:647: UserWarning: Skipping features without any observed values: ['od_max_conf_chlorine_contact' 'od_max_conf_drying_bed'
 'od_max_conf_oxidation_pond']. At least one non-missing value is needed for imputation with strategy='median'.
  warnings.warn(
/work/GRDVULN/correction/.venv/lib64/python3.11/site-packages/sklearn/impute/_base.py:647: UserWarning: Skipping features without any observed values: ['od_max_conf_chlorine_contact' 'od_max_conf_drying_bed'
 'od_max_conf_oxidation_pond']. At least one non-missing value is needed for imputation with strategy='median'.
  warnings.warn(
/work/GRDVULN/correction/.venv/lib64/python3.11/site-packages/sklearn/impute/_base.py:647: UserWarning: Skipping features without any observed values: ['od_max_conf_chlorine_contact' 'od_max_conf_drying_bed'
 'od_max_conf_oxidation_pond']. At least one non-missing value is needed for imputation with strategy='median'.
  warnings.warn(
/work/GRDVULN/correction/.venv/lib64/python3.11/site-packages/sklearn/impute/_base.py:647: UserWarning: Skipping features without any observed values: ['od_max_conf_chlorine_contact' 'od_max_conf_drying_bed'
 'od_max_conf_oxidation_pond']. At least one non-missing value is needed for imputation with strategy='median'.
  warnings.warn(
/work/GRDVULN/correction/.venv/lib64/python3.11/site-packages/sklearn/impute/_base.py:647: UserWarning: Skipping features without any observed values: ['od_max_conf_chlorine_contact' 'od_max_conf_drying_bed'
 'od_max_conf_oxidation_pond']. At least one non-missing value is needed for imputation with strategy='median'.
  warnings.warn(
/work/GRDVULN/correction/.venv/lib64/python3.11/site-packages/sklearn/impute/_base.py:647: UserWarning: Skipping features without any observed values: ['od_max_conf_chlorine_contact' 'od_max_conf_drying_bed'
 'od_max_conf_oxidation_pond']. At least one non-missing value is needed for imputation with strategy='median'.
  warnings.warn(
/work/GRDVULN/correction/.venv/lib64/python3.11/site-packages/sklearn/impute/_base.py:647: UserWarning: Skipping features without any observed values: ['od_max_conf_chlorine_contact' 'od_max_conf_drying_bed'
 'od_max_conf_oxidation_pond']. At least one non-missing value is needed for imputation with strategy='median'.
  warnings.warn(
/work/GRDVULN/correction/.venv/lib64/python3.11/site-packages/sklearn/impute/_base.py:647: UserWarning: Skipping features without any observed values: ['od_max_conf_chlorine_contact' 'od_max_conf_drying_bed'
 'od_max_conf_oxidation_pond']. At least one non-missing value is needed for imputation with strategy='median'.
  warnings.warn(
/work/GRDVULN/correction/.venv/lib64/python3.11/site-packages/sklearn/impute/_base.py:647: UserWarning: Skipping features without any observed values: ['od_max_conf_chlorine_contact' 'od_max_conf_drying_bed'
 'od_max_conf_oxidation_pond']. At least one non-missing value is needed for imputation with strategy='median'.
  warnings.warn(
/work/GRDVULN/correction/.venv/lib64/python3.11/site-packages/sklearn/impute/_base.py:647: UserWarning: Skipping features without any observed values: ['od_max_conf_chlorine_contact' 'od_max_conf_drying_bed'
 'od_max_conf_oxidation_pond']. At least one non-missing value is needed for imputation with strategy='median'.
  warnings.warn(
/work/GRDVULN/correction/.venv/lib64/python3.11/site-packages/sklearn/impute/_base.py:647: UserWarning: Skipping features without any observed values: ['od_max_conf_chlorine_contact' 'od_max_conf_drying_bed'
 'od_max_conf_oxidation_pond']. At least one non-missing value is needed for imputation with strategy='median'.
  warnings.warn(
/work/GRDVULN/correction/.venv/lib64/python3.11/site-packages/sklearn/impute/_base.py:647: UserWarning: Skipping features without any observed values: ['od_max_conf_chlorine_contact' 'od_max_conf_drying_bed'
 'od_max_conf_oxidation_pond']. At least one non-missing value is needed for imputation with strategy='median'.
  warnings.warn(
/work/GRDVULN/correction/.venv/lib64/python3.11/site-packages/sklearn/impute/_base.py:647: UserWarning: Skipping features without any observed values: ['od_max_conf_chlorine_contact' 'od_max_conf_drying_bed'
 'od_max_conf_oxidation_pond']. At least one non-missing value is needed for imputation with strategy='median'.
  warnings.warn(
/work/GRDVULN/correction/.venv/lib64/python3.11/site-packages/sklearn/impute/_base.py:647: UserWarning: Skipping features without any observed values: ['od_max_conf_chlorine_contact' 'od_max_conf_drying_bed'
 'od_max_conf_oxidation_pond']. At least one non-missing value is needed for imputation with strategy='median'.
  warnings.warn(
/work/GRDVULN/correction/.venv/lib64/python3.11/site-packages/sklearn/impute/_base.py:647: UserWarning: Skipping features without any observed values: ['od_max_conf_chlorine_contact' 'od_max_conf_drying_bed'
 'od_max_conf_oxidation_pond']. At least one non-missing value is needed for imputation with strategy='median'.
  warnings.warn(
/work/GRDVULN/correction/.venv/lib64/python3.11/site-packages/sklearn/impute/_base.py:647: UserWarning: Skipping features without any observed values: ['od_max_conf_chlorine_contact' 'od_max_conf_drying_bed'
 'od_max_conf_oxidation_pond']. At least one non-missing value is needed for imputation with strategy='median'.
  warnings.warn(
/work/GRDVULN/correction/.venv/lib64/python3.11/site-packages/sklearn/impute/_base.py:647: UserWarning: Skipping features without any observed values: ['od_max_conf_chlorine_contact' 'od_max_conf_drying_bed'
 'od_max_conf_oxidation_pond']. At least one non-missing value is needed for imputation with strategy='median'.
  warnings.warn(
/work/GRDVULN/correction/.venv/lib64/python3.11/site-packages/sklearn/impute/_base.py:647: UserWarning: Skipping features without any observed values: ['od_max_conf_chlorine_contact' 'od_max_conf_drying_bed'
 'od_max_conf_oxidation_pond']. At least one non-missing value is needed for imputation with strategy='median'.
  warnings.warn(
/work/GRDVULN/correction/.venv/lib64/python3.11/site-packages/sklearn/impute/_base.py:647: UserWarning: Skipping features without any observed values: ['od_max_conf_chlorine_contact' 'od_max_conf_drying_bed'
 'od_max_conf_oxidation_pond']. At least one non-missing value is needed for imputation with strategy='median'.
  warnings.warn(
/work/GRDVULN/correction/.venv/lib64/python3.11/site-packages/sklearn/impute/_base.py:647: UserWarning: Skipping features without any observed values: ['od_max_conf_chlorine_contact' 'od_max_conf_drying_bed'
 'od_max_conf_oxidation_pond']. At least one non-missing value is needed for imputation with strategy='median'.
  warnings.warn(
/work/GRDVULN/correction/.venv/lib64/python3.11/site-packages/sklearn/impute/_base.py:647: UserWarning: Skipping features without any observed values: ['od_max_conf_chlorine_contact' 'od_max_conf_drying_bed'
 'od_max_conf_oxidation_pond']. At least one non-missing value is needed for imputation with strategy='median'.
  warnings.warn(
/work/GRDVULN/correction/.venv/lib64/python3.11/site-packages/sklearn/impute/_base.py:647: UserWarning: Skipping features without any observed values: ['od_max_conf_chlorine_contact' 'od_max_conf_drying_bed'
 'od_max_conf_oxidation_pond']. At least one non-missing value is needed for imputation with strategy='median'.
  warnings.warn(
/work/GRDVULN/correction/.venv/lib64/python3.11/site-packages/sklearn/impute/_base.py:647: UserWarning: Skipping features without any observed values: ['od_max_conf_chlorine_contact' 'od_max_conf_drying_bed'
 'od_max_conf_oxidation_pond']. At least one non-missing value is needed for imputation with strategy='median'.
  warnings.warn(
/work/GRDVULN/correction/.venv/lib64/python3.11/site-packages/sklearn/impute/_base.py:647: UserWarning: Skipping features without any observed values: ['od_max_conf_chlorine_contact' 'od_max_conf_drying_bed'
 'od_max_conf_oxidation_pond']. At least one non-missing value is needed for imputation with strategy='median'.
  warnings.warn(
/work/GRDVULN/correction/.venv/lib64/python3.11/site-packages/sklearn/impute/_base.py:647: UserWarning: Skipping features without any observed values: ['od_max_conf_chlorine_contact' 'od_max_conf_drying_bed'
 'od_max_conf_oxidation_pond']. At least one non-missing value is needed for imputation with strategy='median'.
  warnings.warn(
/work/GRDVULN/correction/.venv/lib64/python3.11/site-packages/sklearn/impute/_base.py:647: UserWarning: Skipping features without any observed values: ['od_max_conf_chlorine_contact' 'od_max_conf_drying_bed'
 'od_max_conf_oxidation_pond']. At least one non-missing value is needed for imputation with strategy='median'.
  warnings.warn(
/work/GRDVULN/correction/.venv/lib64/python3.11/site-packages/sklearn/impute/_base.py:647: UserWarning: Skipping features without any observed values: ['od_max_conf_chlorine_contact' 'od_max_conf_drying_bed'
 'od_max_conf_oxidation_pond']. At least one non-missing value is needed for imputation with strategy='median'.
  warnings.warn(
/work/GRDVULN/correction/.venv/lib64/python3.11/site-packages/sklearn/impute/_base.py:647: UserWarning: Skipping features without any observed values: ['od_max_conf_chlorine_contact' 'od_max_conf_drying_bed'
 'od_max_conf_oxidation_pond']. At least one non-missing value is needed for imputation with strategy='median'.
  warnings.warn(
/work/GRDVULN/correction/.venv/lib64/python3.11/site-packages/sklearn/impute/_base.py:647: UserWarning: Skipping features without any observed values: ['od_max_conf_chlorine_contact' 'od_max_conf_drying_bed'
 'od_max_conf_oxidation_pond']. At least one non-missing value is needed for imputation with strategy='median'.
  warnings.warn(
/work/GRDVULN/correction/.venv/lib64/python3.11/site-packages/sklearn/impute/_base.py:647: UserWarning: Skipping features without any observed values: ['od_max_conf_chlorine_contact' 'od_max_conf_drying_bed'
 'od_max_conf_oxidation_pond']. At least one non-missing value is needed for imputation with strategy='median'.
  warnings.warn(
/work/GRDVULN/correction/.venv/lib64/python3.11/site-packages/sklearn/impute/_base.py:647: UserWarning: Skipping features without any observed values: ['od_max_conf_chlorine_contact' 'od_max_conf_drying_bed'
 'od_max_conf_oxidation_pond']. At least one non-missing value is needed for imputation with strategy='median'.
  warnings.warn(
/work/GRDVULN/correction/.venv/lib64/python3.11/site-packages/sklearn/impute/_base.py:647: UserWarning: Skipping features without any observed values: ['od_max_conf_chlorine_contact' 'od_max_conf_drying_bed'
 'od_max_conf_oxidation_pond']. At least one non-missing value is needed for imputation with strategy='median'.
  warnings.warn(
/work/GRDVULN/correction/.venv/lib64/python3.11/site-packages/sklearn/impute/_base.py:647: UserWarning: Skipping features without any observed values: ['od_max_conf_chlorine_contact' 'od_max_conf_drying_bed'
 'od_max_conf_oxidation_pond']. At least one non-missing value is needed for imputation with strategy='median'.
  warnings.warn(
/work/GRDVULN/correction/.venv/lib64/python3.11/site-packages/sklearn/impute/_base.py:647: UserWarning: Skipping features without any observed values: ['od_max_conf_chlorine_contact' 'od_max_conf_drying_bed'
 'od_max_conf_oxidation_pond']. At least one non-missing value is needed for imputation with strategy='median'.
  warnings.warn(
/work/GRDVULN/correction/.venv/lib64/python3.11/site-packages/sklearn/impute/_base.py:647: UserWarning: Skipping features without any observed values: ['od_max_conf_chlorine_contact' 'od_max_conf_drying_bed'
 'od_max_conf_oxidation_pond']. At least one non-missing value is needed for imputation with strategy='median'.
  warnings.warn(
/work/GRDVULN/correction/.venv/lib64/python3.11/site-packages/sklearn/impute/_base.py:647: UserWarning: Skipping features without any observed values: ['od_max_conf_chlorine_contact' 'od_max_conf_drying_bed'
 'od_max_conf_oxidation_pond']. At least one non-missing value is needed for imputation with strategy='median'.
  warnings.warn(
/work/GRDVULN/correction/.venv/lib64/python3.11/site-packages/sklearn/impute/_base.py:647: UserWarning: Skipping features without any observed values: ['od_max_conf_chlorine_contact' 'od_max_conf_drying_bed'
 'od_max_conf_oxidation_pond']. At least one non-missing value is needed for imputation with strategy='median'.
  warnings.warn(
/work/GRDVULN/correction/.venv/lib64/python3.11/site-packages/sklearn/impute/_base.py:647: UserWarning: Skipping features without any observed values: ['od_max_conf_chlorine_contact' 'od_max_conf_drying_bed'
 'od_max_conf_oxidation_pond']. At least one non-missing value is needed for imputation with strategy='median'.
  warnings.warn(
/work/GRDVULN/correction/.venv/lib64/python3.11/site-packages/sklearn/impute/_base.py:647: UserWarning: Skipping features without any observed values: ['od_max_conf_chlorine_contact' 'od_max_conf_drying_bed'
 'od_max_conf_oxidation_pond']. At least one non-missing value is needed for imputation with strategy='median'.
  warnings.warn(
/work/GRDVULN/correction/.venv/lib64/python3.11/site-packages/sklearn/impute/_base.py:647: UserWarning: Skipping features without any observed values: ['od_max_conf_chlorine_contact' 'od_max_conf_drying_bed'
 'od_max_conf_oxidation_pond']. At least one non-missing value is needed for imputation with strategy='median'.
  warnings.warn(
/work/GRDVULN/correction/.venv/lib64/python3.11/site-packages/sklearn/impute/_base.py:647: UserWarning: Skipping features without any observed values: ['od_max_conf_chlorine_contact' 'od_max_conf_drying_bed'
 'od_max_conf_oxidation_pond']. At least one non-missing value is needed for imputation with strategy='median'.
  warnings.warn(
/work/GRDVULN/correction/.venv/lib64/python3.11/site-packages/sklearn/impute/_base.py:647: UserWarning: Skipping features without any observed values: ['od_max_conf_chlorine_contact' 'od_max_conf_drying_bed'
 'od_max_conf_oxidation_pond']. At least one non-missing value is needed for imputation with strategy='median'.
  warnings.warn(
/work/GRDVULN/correction/.venv/lib64/python3.11/site-packages/sklearn/impute/_base.py:647: UserWarning: Skipping features without any observed values: ['od_max_conf_chlorine_contact' 'od_max_conf_drying_bed'
 'od_max_conf_oxidation_pond']. At least one non-missing value is needed for imputation with strategy='median'.
  warnings.warn(
/work/GRDVULN/correction/.venv/lib64/python3.11/site-packages/sklearn/impute/_base.py:647: UserWarning: Skipping features without any observed values: ['od_max_conf_chlorine_contact' 'od_max_conf_drying_bed'
 'od_max_conf_oxidation_pond']. At least one non-missing value is needed for imputation with strategy='median'.
  warnings.warn(
/work/GRDVULN/correction/.venv/lib64/python3.11/site-packages/sklearn/impute/_base.py:647: UserWarning: Skipping features without any observed values: ['od_max_conf_chlorine_contact' 'od_max_conf_drying_bed'
 'od_max_conf_oxidation_pond']. At least one non-missing value is needed for imputation with strategy='median'.
  warnings.warn(
/work/GRDVULN/correction/.venv/lib64/python3.11/site-packages/sklearn/impute/_base.py:647: UserWarning: Skipping features without any observed values: ['od_max_conf_chlorine_contact' 'od_max_conf_drying_bed'
 'od_max_conf_oxidation_pond']. At least one non-missing value is needed for imputation with strategy='median'.
  warnings.warn(
/work/GRDVULN/correction/.venv/lib64/python3.11/site-packages/sklearn/impute/_base.py:647: UserWarning: Skipping features without any observed values: ['od_max_conf_chlorine_contact' 'od_max_conf_drying_bed'
 'od_max_conf_oxidation_pond']. At least one non-missing value is needed for imputation with strategy='median'.
  warnings.warn(
/work/GRDVULN/correction/.venv/lib64/python3.11/site-packages/sklearn/impute/_base.py:647: UserWarning: Skipping features without any observed values: ['od_max_conf_chlorine_contact' 'od_max_conf_drying_bed'
 'od_max_conf_oxidation_pond']. At least one non-missing value is needed for imputation with strategy='median'.
  warnings.warn(
/work/GRDVULN/correction/.venv/lib64/python3.11/site-packages/sklearn/impute/_base.py:647: UserWarning: Skipping features without any observed values: ['od_max_conf_chlorine_contact' 'od_max_conf_drying_bed'
 'od_max_conf_oxidation_pond']. At least one non-missing value is needed for imputation with strategy='median'.
  warnings.warn(
/work/GRDVULN/correction/.venv/lib64/python3.11/site-packages/sklearn/impute/_base.py:647: UserWarning: Skipping features without any observed values: ['od_max_conf_chlorine_contact' 'od_max_conf_drying_bed'
 'od_max_conf_oxidation_pond']. At least one non-missing value is needed for imputation with strategy='median'.
  warnings.warn(
/work/GRDVULN/correction/.venv/lib64/python3.11/site-packages/sklearn/impute/_base.py:647: UserWarning: Skipping features without any observed values: ['od_max_conf_chlorine_contact' 'od_max_conf_drying_bed'
 'od_max_conf_oxidation_pond']. At least one non-missing value is needed for imputation with strategy='median'.
  warnings.warn(
/work/GRDVULN/correction/.venv/lib64/python3.11/site-packages/sklearn/impute/_base.py:647: UserWarning: Skipping features without any observed values: ['od_max_conf_chlorine_contact' 'od_max_conf_drying_bed'
 'od_max_conf_oxidation_pond']. At least one non-missing value is needed for imputation with strategy='median'.
  warnings.warn(
/work/GRDVULN/correction/.venv/lib64/python3.11/site-packages/sklearn/impute/_base.py:647: UserWarning: Skipping features without any observed values: ['od_max_conf_chlorine_contact' 'od_max_conf_drying_bed'
 'od_max_conf_oxidation_pond']. At least one non-missing value is needed for imputation with strategy='median'.
  warnings.warn(
/work/GRDVULN/correction/.venv/lib64/python3.11/site-packages/sklearn/impute/_base.py:647: UserWarning: Skipping features without any observed values: ['od_max_conf_chlorine_contact' 'od_max_conf_drying_bed'
 'od_max_conf_oxidation_pond']. At least one non-missing value is needed for imputation with strategy='median'.
  warnings.warn(
/work/GRDVULN/correction/.venv/lib64/python3.11/site-packages/sklearn/impute/_base.py:647: UserWarning: Skipping features without any observed values: ['od_max_conf_chlorine_contact' 'od_max_conf_drying_bed'
 'od_max_conf_oxidation_pond']. At least one non-missing value is needed for imputation with strategy='median'.
  warnings.warn(
/work/GRDVULN/correction/.venv/lib64/python3.11/site-packages/sklearn/impute/_base.py:647: UserWarning: Skipping features without any observed values: ['od_max_conf_chlorine_contact' 'od_max_conf_drying_bed'
 'od_max_conf_oxidation_pond']. At least one non-missing value is needed for imputation with strategy='median'.
  warnings.warn(
/work/GRDVULN/correction/.venv/lib64/python3.11/site-packages/sklearn/impute/_base.py:647: UserWarning: Skipping features without any observed values: ['od_max_conf_chlorine_contact' 'od_max_conf_drying_bed'
 'od_max_conf_oxidation_pond']. At least one non-missing value is needed for imputation with strategy='median'.
  warnings.warn(
/work/GRDVULN/correction/.venv/lib64/python3.11/site-packages/sklearn/impute/_base.py:647: UserWarning: Skipping features without any observed values: ['od_max_conf_chlorine_contact' 'od_max_conf_drying_bed'
 'od_max_conf_oxidation_pond']. At least one non-missing value is needed for imputation with strategy='median'.
  warnings.warn(
/work/GRDVULN/correction/.venv/lib64/python3.11/site-packages/sklearn/impute/_base.py:647: UserWarning: Skipping features without any observed values: ['od_max_conf_chlorine_contact' 'od_max_conf_drying_bed'
 'od_max_conf_oxidation_pond']. At least one non-missing value is needed for imputation with strategy='median'.
  warnings.warn(
/work/GRDVULN/correction/.venv/lib64/python3.11/site-packages/sklearn/impute/_base.py:647: UserWarning: Skipping features without any observed values: ['od_max_conf_chlorine_contact' 'od_max_conf_drying_bed'
 'od_max_conf_oxidation_pond']. At least one non-missing value is needed for imputation with strategy='median'.
  warnings.warn(
/work/GRDVULN/correction/.venv/lib64/python3.11/site-packages/sklearn/impute/_base.py:647: UserWarning: Skipping features without any observed values: ['od_max_conf_chlorine_contact' 'od_max_conf_drying_bed'
 'od_max_conf_oxidation_pond']. At least one non-missing value is needed for imputation with strategy='median'.
  warnings.warn(
/work/GRDVULN/correction/.venv/lib64/python3.11/site-packages/sklearn/impute/_base.py:647: UserWarning: Skipping features without any observed values: ['od_max_conf_chlorine_contact' 'od_max_conf_drying_bed'
 'od_max_conf_oxidation_pond']. At least one non-missing value is needed for imputation with strategy='median'.
  warnings.warn(
/work/GRDVULN/correction/.venv/lib64/python3.11/site-packages/sklearn/impute/_base.py:647: UserWarning: Skipping features without any observed values: ['od_max_conf_chlorine_contact' 'od_max_conf_drying_bed'
 'od_max_conf_oxidation_pond']. At least one non-missing value is needed for imputation with strategy='median'.
  warnings.warn(
/work/GRDVULN/correction/.venv/lib64/python3.11/site-packages/sklearn/impute/_base.py:647: UserWarning: Skipping features without any observed values: ['od_max_conf_chlorine_contact' 'od_max_conf_drying_bed'
 'od_max_conf_oxidation_pond']. At least one non-missing value is needed for imputation with strategy='median'.
  warnings.warn(
/work/GRDVULN/correction/.venv/lib64/python3.11/site-packages/sklearn/impute/_base.py:647: UserWarning: Skipping features without any observed values: ['od_max_conf_chlorine_contact' 'od_max_conf_drying_bed'
 'od_max_conf_oxidation_pond']. At least one non-missing value is needed for imputation with strategy='median'.
  warnings.warn(
/work/GRDVULN/correction/.venv/lib64/python3.11/site-packages/sklearn/impute/_base.py:647: UserWarning: Skipping features without any observed values: ['od_max_conf_chlorine_contact' 'od_max_conf_drying_bed'
 'od_max_conf_oxidation_pond']. At least one non-missing value is needed for imputation with strategy='median'.
  warnings.warn(
/work/GRDVULN/correction/.venv/lib64/python3.11/site-packages/sklearn/impute/_base.py:647: UserWarning: Skipping features without any observed values: ['od_max_conf_chlorine_contact' 'od_max_conf_drying_bed'
 'od_max_conf_oxidation_pond']. At least one non-missing value is needed for imputation with strategy='median'.
  warnings.warn(
/work/GRDVULN/correction/.venv/lib64/python3.11/site-packages/sklearn/impute/_base.py:647: UserWarning: Skipping features without any observed values: ['od_max_conf_chlorine_contact' 'od_max_conf_drying_bed'
 'od_max_conf_oxidation_pond']. At least one non-missing value is needed for imputation with strategy='median'.
  warnings.warn(
/work/GRDVULN/correction/.venv/lib64/python3.11/site-packages/sklearn/impute/_base.py:647: UserWarning: Skipping features without any observed values: ['od_max_conf_chlorine_contact' 'od_max_conf_drying_bed'
 'od_max_conf_oxidation_pond']. At least one non-missing value is needed for imputation with strategy='median'.
  warnings.warn(
/work/GRDVULN/correction/.venv/lib64/python3.11/site-packages/sklearn/impute/_base.py:647: UserWarning: Skipping features without any observed values: ['od_max_conf_chlorine_contact' 'od_max_conf_drying_bed'
 'od_max_conf_oxidation_pond']. At least one non-missing value is needed for imputation with strategy='median'.
  warnings.warn(
/work/GRDVULN/correction/.venv/lib64/python3.11/site-packages/sklearn/impute/_base.py:647: UserWarning: Skipping features without any observed values: ['od_max_conf_chlorine_contact' 'od_max_conf_drying_bed'
 'od_max_conf_oxidation_pond']. At least one non-missing value is needed for imputation with strategy='median'.
  warnings.warn(
/work/GRDVULN/correction/.venv/lib64/python3.11/site-packages/sklearn/impute/_base.py:647: UserWarning: Skipping features without any observed values: ['od_max_conf_chlorine_contact' 'od_max_conf_drying_bed'
 'od_max_conf_oxidation_pond']. At least one non-missing value is needed for imputation with strategy='median'.
  warnings.warn(
/work/GRDVULN/correction/.venv/lib64/python3.11/site-packages/sklearn/impute/_base.py:647: UserWarning: Skipping features without any observed values: ['od_max_conf_chlorine_contact' 'od_max_conf_drying_bed'
 'od_max_conf_oxidation_pond']. At least one non-missing value is needed for imputation with strategy='median'.
  warnings.warn(
/work/GRDVULN/correction/.venv/lib64/python3.11/site-packages/sklearn/impute/_base.py:647: UserWarning: Skipping features without any observed values: ['od_max_conf_chlorine_contact' 'od_max_conf_drying_bed'
 'od_max_conf_oxidation_pond']. At least one non-missing value is needed for imputation with strategy='median'.
  warnings.warn(
/work/GRDVULN/correction/.venv/lib64/python3.11/site-packages/sklearn/impute/_base.py:647: UserWarning: Skipping features without any observed values: ['od_max_conf_chlorine_contact' 'od_max_conf_drying_bed'
 'od_max_conf_oxidation_pond']. At least one non-missing value is needed for imputation with strategy='median'.
  warnings.warn(
/work/GRDVULN/correction/.venv/lib64/python3.11/site-packages/sklearn/impute/_base.py:647: UserWarning: Skipping features without any observed values: ['od_max_conf_chlorine_contact' 'od_max_conf_drying_bed'
 'od_max_conf_oxidation_pond']. At least one non-missing value is needed for imputation with strategy='median'.
  warnings.warn(
/work/GRDVULN/correction/.venv/lib64/python3.11/site-packages/sklearn/impute/_base.py:647: UserWarning: Skipping features without any observed values: ['od_max_conf_chlorine_contact' 'od_max_conf_drying_bed'
 'od_max_conf_oxidation_pond']. At least one non-missing value is needed for imputation with strategy='median'.
  warnings.warn(
/work/GRDVULN/correction/.venv/lib64/python3.11/site-packages/sklearn/impute/_base.py:647: UserWarning: Skipping features without any observed values: ['od_max_conf_chlorine_contact' 'od_max_conf_drying_bed'
 'od_max_conf_oxidation_pond']. At least one non-missing value is needed for imputation with strategy='median'.
  warnings.warn(
/work/GRDVULN/correction/.venv/lib64/python3.11/site-packages/sklearn/impute/_base.py:647: UserWarning: Skipping features without any observed values: ['od_max_conf_chlorine_contact' 'od_max_conf_drying_bed'
 'od_max_conf_oxidation_pond']. At least one non-missing value is needed for imputation with strategy='median'.
  warnings.warn(
/work/GRDVULN/correction/.venv/lib64/python3.11/site-packages/sklearn/impute/_base.py:647: UserWarning: Skipping features without any observed values: ['od_max_conf_chlorine_contact' 'od_max_conf_drying_bed'
 'od_max_conf_oxidation_pond']. At least one non-missing value is needed for imputation with strategy='median'.
  warnings.warn(
/work/GRDVULN/correction/.venv/lib64/python3.11/site-packages/sklearn/impute/_base.py:647: UserWarning: Skipping features without any observed values: ['od_max_conf_chlorine_contact' 'od_max_conf_drying_bed'
 'od_max_conf_oxidation_pond']. At least one non-missing value is needed for imputation with strategy='median'.
  warnings.warn(
/work/GRDVULN/correction/.venv/lib64/python3.11/site-packages/sklearn/impute/_base.py:647: UserWarning: Skipping features without any observed values: ['od_max_conf_chlorine_contact' 'od_max_conf_drying_bed'
 'od_max_conf_oxidation_pond']. At least one non-missing value is needed for imputation with strategy='median'.
  warnings.warn(
/work/GRDVULN/correction/.venv/lib64/python3.11/site-packages/sklearn/impute/_base.py:647: UserWarning: Skipping features without any observed values: ['od_max_conf_chlorine_contact' 'od_max_conf_drying_bed'
 'od_max_conf_oxidation_pond']. At least one non-missing value is needed for imputation with strategy='median'.
  warnings.warn(
/work/GRDVULN/correction/.venv/lib64/python3.11/site-packages/sklearn/impute/_base.py:647: UserWarning: Skipping features without any observed values: ['od_max_conf_chlorine_contact' 'od_max_conf_drying_bed'
 'od_max_conf_oxidation_pond']. At least one non-missing value is needed for imputation with strategy='median'.
  warnings.warn(
/work/GRDVULN/correction/.venv/lib64/python3.11/site-packages/sklearn/impute/_base.py:647: UserWarning: Skipping features without any observed values: ['od_max_conf_chlorine_contact' 'od_max_conf_drying_bed'
 'od_max_conf_oxidation_pond']. At least one non-missing value is needed for imputation with strategy='median'.
  warnings.warn(
/work/GRDVULN/correction/.venv/lib64/python3.11/site-packages/sklearn/impute/_base.py:647: UserWarning: Skipping features without any observed values: ['od_max_conf_chlorine_contact' 'od_max_conf_drying_bed'
 'od_max_conf_oxidation_pond']. At least one non-missing value is needed for imputation with strategy='median'.
  warnings.warn(
/work/GRDVULN/correction/.venv/lib64/python3.11/site-packages/sklearn/impute/_base.py:647: UserWarning: Skipping features without any observed values: ['od_max_conf_chlorine_contact' 'od_max_conf_drying_bed'
 'od_max_conf_oxidation_pond']. At least one non-missing value is needed for imputation with strategy='median'.
  warnings.warn(
/work/GRDVULN/correction/.venv/lib64/python3.11/site-packages/sklearn/impute/_base.py:647: UserWarning: Skipping features without any observed values: ['od_max_conf_chlorine_contact' 'od_max_conf_drying_bed'
 'od_max_conf_oxidation_pond']. At least one non-missing value is needed for imputation with strategy='median'.
  warnings.warn(
/work/GRDVULN/correction/.venv/lib64/python3.11/site-packages/sklearn/impute/_base.py:647: UserWarning: Skipping features without any observed values: ['od_max_conf_chlorine_contact' 'od_max_conf_drying_bed'
 'od_max_conf_oxidation_pond']. At least one non-missing value is needed for imputation with strategy='median'.
  warnings.warn(
/work/GRDVULN/correction/.venv/lib64/python3.11/site-packages/sklearn/impute/_base.py:647: UserWarning: Skipping features without any observed values: ['od_max_conf_chlorine_contact' 'od_max_conf_drying_bed'
 'od_max_conf_oxidation_pond']. At least one non-missing value is needed for imputation with strategy='median'.
  warnings.warn(
/work/GRDVULN/correction/.venv/lib64/python3.11/site-packages/sklearn/impute/_base.py:647: UserWarning: Skipping features without any observed values: ['od_max_conf_chlorine_contact' 'od_max_conf_drying_bed'
 'od_max_conf_oxidation_pond']. At least one non-missing value is needed for imputation with strategy='median'.
  warnings.warn(
/work/GRDVULN/correction/.venv/lib64/python3.11/site-packages/sklearn/impute/_base.py:647: UserWarning: Skipping features without any observed values: ['od_max_conf_chlorine_contact' 'od_max_conf_drying_bed'
 'od_max_conf_oxidation_pond']. At least one non-missing value is needed for imputation with strategy='median'.
  warnings.warn(
/work/GRDVULN/correction/.venv/lib64/python3.11/site-packages/sklearn/impute/_base.py:647: UserWarning: Skipping features without any observed values: ['od_max_conf_chlorine_contact' 'od_max_conf_drying_bed'
 'od_max_conf_oxidation_pond']. At least one non-missing value is needed for imputation with strategy='median'.
  warnings.warn(
/work/GRDVULN/correction/.venv/lib64/python3.11/site-packages/sklearn/impute/_base.py:647: UserWarning: Skipping features without any observed values: ['od_max_conf_chlorine_contact' 'od_max_conf_drying_bed'
 'od_max_conf_oxidation_pond']. At least one non-missing value is needed for imputation with strategy='median'.
  warnings.warn(
/work/GRDVULN/correction/.venv/lib64/python3.11/site-packages/sklearn/impute/_base.py:647: UserWarning: Skipping features without any observed values: ['od_max_conf_chlorine_contact' 'od_max_conf_drying_bed'
 'od_max_conf_oxidation_pond']. At least one non-missing value is needed for imputation with strategy='median'.
  warnings.warn(
/work/GRDVULN/correction/.venv/lib64/python3.11/site-packages/sklearn/impute/_base.py:647: UserWarning: Skipping features without any observed values: ['od_max_conf_chlorine_contact' 'od_max_conf_drying_bed'
 'od_max_conf_oxidation_pond']. At least one non-missing value is needed for imputation with strategy='median'.
  warnings.warn(
/work/GRDVULN/correction/.venv/lib64/python3.11/site-packages/sklearn/impute/_base.py:647: UserWarning: Skipping features without any observed values: ['od_max_conf_chlorine_contact' 'od_max_conf_drying_bed'
 'od_max_conf_oxidation_pond']. At least one non-missing value is needed for imputation with strategy='median'.
  warnings.warn(
/work/GRDVULN/correction/.venv/lib64/python3.11/site-packages/sklearn/impute/_base.py:647: UserWarning: Skipping features without any observed values: ['od_max_conf_chlorine_contact' 'od_max_conf_drying_bed'
 'od_max_conf_oxidation_pond']. At least one non-missing value is needed for imputation with strategy='median'.
  warnings.warn(
/work/GRDVULN/correction/.venv/lib64/python3.11/site-packages/sklearn/impute/_base.py:647: UserWarning: Skipping features without any observed values: ['od_max_conf_chlorine_contact' 'od_max_conf_drying_bed'
 'od_max_conf_oxidation_pond']. At least one non-missing value is needed for imputation with strategy='median'.
  warnings.warn(
/work/GRDVULN/correction/.venv/lib64/python3.11/site-packages/sklearn/impute/_base.py:647: UserWarning: Skipping features without any observed values: ['od_max_conf_chlorine_contact' 'od_max_conf_drying_bed'
 'od_max_conf_oxidation_pond']. At least one non-missing value is needed for imputation with strategy='median'.
  warnings.warn(
/work/GRDVULN/correction/.venv/lib64/python3.11/site-packages/sklearn/impute/_base.py:647: UserWarning: Skipping features without any observed values: ['od_max_conf_chlorine_contact' 'od_max_conf_drying_bed'
 'od_max_conf_oxidation_pond']. At least one non-missing value is needed for imputation with strategy='median'.
  warnings.warn(
/work/GRDVULN/correction/.venv/lib64/python3.11/site-packages/sklearn/impute/_base.py:647: UserWarning: Skipping features without any observed values: ['od_max_conf_chlorine_contact' 'od_max_conf_drying_bed'
 'od_max_conf_oxidation_pond']. At least one non-missing value is needed for imputation with strategy='median'.
  warnings.warn(
/work/GRDVULN/correction/.venv/lib64/python3.11/site-packages/sklearn/impute/_base.py:647: UserWarning: Skipping features without any observed values: ['od_max_conf_chlorine_contact' 'od_max_conf_drying_bed'
 'od_max_conf_oxidation_pond']. At least one non-missing value is needed for imputation with strategy='median'.
  warnings.warn(
/work/GRDVULN/correction/.venv/lib64/python3.11/site-packages/sklearn/impute/_base.py:647: UserWarning: Skipping features without any observed values: ['od_max_conf_chlorine_contact' 'od_max_conf_drying_bed'
 'od_max_conf_oxidation_pond']. At least one non-missing value is needed for imputation with strategy='median'.
  warnings.warn(
/work/GRDVULN/correction/.venv/lib64/python3.11/site-packages/sklearn/impute/_base.py:647: UserWarning: Skipping features without any observed values: ['od_max_conf_chlorine_contact' 'od_max_conf_drying_bed'
 'od_max_conf_oxidation_pond']. At least one non-missing value is needed for imputation with strategy='median'.
  warnings.warn(
/work/GRDVULN/correction/.venv/lib64/python3.11/site-packages/sklearn/impute/_base.py:647: UserWarning: Skipping features without any observed values: ['od_max_conf_chlorine_contact' 'od_max_conf_drying_bed'
 'od_max_conf_oxidation_pond']. At least one non-missing value is needed for imputation with strategy='median'.
  warnings.warn(
/work/GRDVULN/correction/.venv/lib64/python3.11/site-packages/sklearn/impute/_base.py:647: UserWarning: Skipping features without any observed values: ['od_max_conf_chlorine_contact' 'od_max_conf_drying_bed'
 'od_max_conf_oxidation_pond']. At least one non-missing value is needed for imputation with strategy='median'.
  warnings.warn(
/work/GRDVULN/correction/.venv/lib64/python3.11/site-packages/sklearn/impute/_base.py:647: UserWarning: Skipping features without any observed values: ['od_max_conf_chlorine_contact' 'od_max_conf_drying_bed'
 'od_max_conf_oxidation_pond']. At least one non-missing value is needed for imputation with strategy='median'.
  warnings.warn(
/work/GRDVULN/correction/.venv/lib64/python3.11/site-packages/sklearn/impute/_base.py:647: UserWarning: Skipping features without any observed values: ['od_max_conf_chlorine_contact' 'od_max_conf_drying_bed'
 'od_max_conf_oxidation_pond']. At least one non-missing value is needed for imputation with strategy='median'.
  warnings.warn(
/work/GRDVULN/correction/.venv/lib64/python3.11/site-packages/sklearn/impute/_base.py:647: UserWarning: Skipping features without any observed values: ['od_max_conf_chlorine_contact' 'od_max_conf_drying_bed'
 'od_max_conf_oxidation_pond']. At least one non-missing value is needed for imputation with strategy='median'.
  warnings.warn(
/work/GRDVULN/correction/.venv/lib64/python3.11/site-packages/sklearn/impute/_base.py:647: UserWarning: Skipping features without any observed values: ['od_max_conf_chlorine_contact' 'od_max_conf_drying_bed'
 'od_max_conf_oxidation_pond']. At least one non-missing value is needed for imputation with strategy='median'.
  warnings.warn(
/work/GRDVULN/correction/.venv/lib64/python3.11/site-packages/sklearn/impute/_base.py:647: UserWarning: Skipping features without any observed values: ['od_max_conf_chlorine_contact' 'od_max_conf_drying_bed'
 'od_max_conf_oxidation_pond']. At least one non-missing value is needed for imputation with strategy='median'.
  warnings.warn(
/work/GRDVULN/correction/.venv/lib64/python3.11/site-packages/sklearn/impute/_base.py:647: UserWarning: Skipping features without any observed values: ['od_max_conf_chlorine_contact' 'od_max_conf_drying_bed'
 'od_max_conf_oxidation_pond']. At least one non-missing value is needed for imputation with strategy='median'.
  warnings.warn(
/work/GRDVULN/correction/.venv/lib64/python3.11/site-packages/sklearn/impute/_base.py:647: UserWarning: Skipping features without any observed values: ['od_max_conf_chlorine_contact' 'od_max_conf_drying_bed'
 'od_max_conf_oxidation_pond']. At least one non-missing value is needed for imputation with strategy='median'.
  warnings.warn(
/work/GRDVULN/correction/.venv/lib64/python3.11/site-packages/sklearn/impute/_base.py:647: UserWarning: Skipping features without any observed values: ['od_max_conf_chlorine_contact' 'od_max_conf_drying_bed'
 'od_max_conf_oxidation_pond']. At least one non-missing value is needed for imputation with strategy='median'.
  warnings.warn(
/work/GRDVULN/correction/.venv/lib64/python3.11/site-packages/sklearn/impute/_base.py:647: UserWarning: Skipping features without any observed values: ['od_max_conf_chlorine_contact' 'od_max_conf_drying_bed'
 'od_max_conf_oxidation_pond']. At least one non-missing value is needed for imputation with strategy='median'.
  warnings.warn(
/work/GRDVULN/correction/.venv/lib64/python3.11/site-packages/sklearn/impute/_base.py:647: UserWarning: Skipping features without any observed values: ['od_max_conf_chlorine_contact' 'od_max_conf_drying_bed'
 'od_max_conf_oxidation_pond']. At least one non-missing value is needed for imputation with strategy='median'.
  warnings.warn(
/work/GRDVULN/correction/.venv/lib64/python3.11/site-packages/sklearn/impute/_base.py:647: UserWarning: Skipping features without any observed values: ['od_max_conf_chlorine_contact' 'od_max_conf_drying_bed'
 'od_max_conf_oxidation_pond']. At least one non-missing value is needed for imputation with strategy='median'.
  warnings.warn(
/work/GRDVULN/correction/.venv/lib64/python3.11/site-packages/sklearn/impute/_base.py:647: UserWarning: Skipping features without any observed values: ['od_max_conf_chlorine_contact' 'od_max_conf_drying_bed'
 'od_max_conf_oxidation_pond']. At least one non-missing value is needed for imputation with strategy='median'.
  warnings.warn(
/work/GRDVULN/correction/.venv/lib64/python3.11/site-packages/sklearn/impute/_base.py:647: UserWarning: Skipping features without any observed values: ['od_max_conf_chlorine_contact' 'od_max_conf_drying_bed'
 'od_max_conf_oxidation_pond']. At least one non-missing value is needed for imputation with strategy='median'.
  warnings.warn(
/work/GRDVULN/correction/.venv/lib64/python3.11/site-packages/sklearn/impute/_base.py:647: UserWarning: Skipping features without any observed values: ['od_max_conf_chlorine_contact' 'od_max_conf_drying_bed'
 'od_max_conf_oxidation_pond']. At least one non-missing value is needed for imputation with strategy='median'.
  warnings.warn(
/work/GRDVULN/correction/.venv/lib64/python3.11/site-packages/sklearn/impute/_base.py:647: UserWarning: Skipping features without any observed values: ['od_max_conf_chlorine_contact' 'od_max_conf_drying_bed'
 'od_max_conf_oxidation_pond']. At least one non-missing value is needed for imputation with strategy='median'.
  warnings.warn(
/work/GRDVULN/correction/.venv/lib64/python3.11/site-packages/sklearn/impute/_base.py:647: UserWarning: Skipping features without any observed values: ['od_max_conf_chlorine_contact' 'od_max_conf_drying_bed'
 'od_max_conf_oxidation_pond']. At least one non-missing value is needed for imputation with strategy='median'.
  warnings.warn(
/work/GRDVULN/correction/.venv/lib64/python3.11/site-packages/sklearn/impute/_base.py:647: UserWarning: Skipping features without any observed values: ['od_max_conf_chlorine_contact' 'od_max_conf_drying_bed'
 'od_max_conf_oxidation_pond']. At least one non-missing value is needed for imputation with strategy='median'.
  warnings.warn(
/work/GRDVULN/correction/.venv/lib64/python3.11/site-packages/sklearn/impute/_base.py:647: UserWarning: Skipping features without any observed values: ['od_max_conf_chlorine_contact' 'od_max_conf_drying_bed'
 'od_max_conf_oxidation_pond']. At least one non-missing value is needed for imputation with strategy='median'.
  warnings.warn(
/work/GRDVULN/correction/.venv/lib64/python3.11/site-packages/sklearn/impute/_base.py:647: UserWarning: Skipping features without any observed values: ['od_max_conf_chlorine_contact' 'od_max_conf_drying_bed'
 'od_max_conf_oxidation_pond']. At least one non-missing value is needed for imputation with strategy='median'.
  warnings.warn(
/work/GRDVULN/correction/.venv/lib64/python3.11/site-packages/sklearn/impute/_base.py:647: UserWarning: Skipping features without any observed values: ['od_max_conf_chlorine_contact' 'od_max_conf_drying_bed'
 'od_max_conf_oxidation_pond']. At least one non-missing value is needed for imputation with strategy='median'.
  warnings.warn(
/work/GRDVULN/correction/.venv/lib64/python3.11/site-packages/sklearn/impute/_base.py:647: UserWarning: Skipping features without any observed values: ['od_max_conf_chlorine_contact' 'od_max_conf_drying_bed'
 'od_max_conf_oxidation_pond']. At least one non-missing value is needed for imputation with strategy='median'.
  warnings.warn(
/work/GRDVULN/correction/.venv/lib64/python3.11/site-packages/sklearn/impute/_base.py:647: UserWarning: Skipping features without any observed values: ['od_max_conf_chlorine_contact' 'od_max_conf_drying_bed'
 'od_max_conf_oxidation_pond']. At least one non-missing value is needed for imputation with strategy='median'.
  warnings.warn(
/work/GRDVULN/correction/.venv/lib64/python3.11/site-packages/sklearn/impute/_base.py:647: UserWarning: Skipping features without any observed values: ['od_max_conf_chlorine_contact' 'od_max_conf_drying_bed'
 'od_max_conf_oxidation_pond']. At least one non-missing value is needed for imputation with strategy='median'.
  warnings.warn(
/work/GRDVULN/correction/.venv/lib64/python3.11/site-packages/sklearn/impute/_base.py:647: UserWarning: Skipping features without any observed values: ['od_max_conf_chlorine_contact' 'od_max_conf_drying_bed'
 'od_max_conf_oxidation_pond']. At least one non-missing value is needed for imputation with strategy='median'.
  warnings.warn(
/work/GRDVULN/correction/.venv/lib64/python3.11/site-packages/sklearn/impute/_base.py:647: UserWarning: Skipping features without any observed values: ['od_max_conf_chlorine_contact' 'od_max_conf_drying_bed'
 'od_max_conf_oxidation_pond']. At least one non-missing value is needed for imputation with strategy='median'.
  warnings.warn(
/work/GRDVULN/correction/.venv/lib64/python3.11/site-packages/sklearn/impute/_base.py:647: UserWarning: Skipping features without any observed values: ['od_max_conf_chlorine_contact' 'od_max_conf_drying_bed'
 'od_max_conf_oxidation_pond']. At least one non-missing value is needed for imputation with strategy='median'.
  warnings.warn(
/work/GRDVULN/correction/.venv/lib64/python3.11/site-packages/sklearn/impute/_base.py:647: UserWarning: Skipping features without any observed values: ['od_max_conf_chlorine_contact' 'od_max_conf_drying_bed'
 'od_max_conf_oxidation_pond']. At least one non-missing value is needed for imputation with strategy='median'.
  warnings.warn(
/work/GRDVULN/correction/.venv/lib64/python3.11/site-packages/sklearn/impute/_base.py:647: UserWarning: Skipping features without any observed values: ['od_max_conf_chlorine_contact' 'od_max_conf_drying_bed'
 'od_max_conf_oxidation_pond']. At least one non-missing value is needed for imputation with strategy='median'.
  warnings.warn(
/work/GRDVULN/correction/.venv/lib64/python3.11/site-packages/sklearn/impute/_base.py:647: UserWarning: Skipping features without any observed values: ['od_max_conf_chlorine_contact' 'od_max_conf_drying_bed'
 'od_max_conf_oxidation_pond']. At least one non-missing value is needed for imputation with strategy='median'.
  warnings.warn(
/work/GRDVULN/correction/.venv/lib64/python3.11/site-packages/sklearn/impute/_base.py:647: UserWarning: Skipping features without any observed values: ['od_max_conf_chlorine_contact' 'od_max_conf_drying_bed'
 'od_max_conf_oxidation_pond']. At least one non-missing value is needed for imputation with strategy='median'.
  warnings.warn(
/work/GRDVULN/correction/.venv/lib64/python3.11/site-packages/sklearn/impute/_base.py:647: UserWarning: Skipping features without any observed values: ['od_max_conf_chlorine_contact' 'od_max_conf_drying_bed'
 'od_max_conf_oxidation_pond']. At least one non-missing value is needed for imputation with strategy='median'.
  warnings.warn(
/work/GRDVULN/correction/.venv/lib64/python3.11/site-packages/sklearn/impute/_base.py:647: UserWarning: Skipping features without any observed values: ['od_max_conf_chlorine_contact' 'od_max_conf_drying_bed'
 'od_max_conf_oxidation_pond']. At least one non-missing value is needed for imputation with strategy='median'.
  warnings.warn(
/work/GRDVULN/correction/.venv/lib64/python3.11/site-packages/sklearn/impute/_base.py:647: UserWarning: Skipping features without any observed values: ['od_max_conf_chlorine_contact' 'od_max_conf_drying_bed'
 'od_max_conf_oxidation_pond']. At least one non-missing value is needed for imputation with strategy='median'.
  warnings.warn(
/work/GRDVULN/correction/.venv/lib64/python3.11/site-packages/sklearn/impute/_base.py:647: UserWarning: Skipping features without any observed values: ['od_max_conf_chlorine_contact' 'od_max_conf_drying_bed'
 'od_max_conf_oxidation_pond']. At least one non-missing value is needed for imputation with strategy='median'.
  warnings.warn(
/work/GRDVULN/correction/.venv/lib64/python3.11/site-packages/sklearn/impute/_base.py:647: UserWarning: Skipping features without any observed values: ['od_max_conf_chlorine_contact' 'od_max_conf_drying_bed'
 'od_max_conf_oxidation_pond']. At least one non-missing value is needed for imputation with strategy='median'.
  warnings.warn(
/work/GRDVULN/correction/.venv/lib64/python3.11/site-packages/sklearn/impute/_base.py:647: UserWarning: Skipping features without any observed values: ['od_max_conf_chlorine_contact' 'od_max_conf_drying_bed'
 'od_max_conf_oxidation_pond']. At least one non-missing value is needed for imputation with strategy='median'.
  warnings.warn(
/work/GRDVULN/correction/.venv/lib64/python3.11/site-packages/sklearn/impute/_base.py:647: UserWarning: Skipping features without any observed values: ['od_max_conf_chlorine_contact' 'od_max_conf_drying_bed'
 'od_max_conf_oxidation_pond']. At least one non-missing value is needed for imputation with strategy='median'.
  warnings.warn(
/work/GRDVULN/correction/.venv/lib64/python3.11/site-packages/sklearn/impute/_base.py:647: UserWarning: Skipping features without any observed values: ['od_max_conf_chlorine_contact' 'od_max_conf_drying_bed'
 'od_max_conf_oxidation_pond']. At least one non-missing value is needed for imputation with strategy='median'.
  warnings.warn(
/work/GRDVULN/correction/.venv/lib64/python3.11/site-packages/sklearn/impute/_base.py:647: UserWarning: Skipping features without any observed values: ['od_max_conf_chlorine_contact' 'od_max_conf_drying_bed'
 'od_max_conf_oxidation_pond']. At least one non-missing value is needed for imputation with strategy='median'.
  warnings.warn(
/work/GRDVULN/correction/.venv/lib64/python3.11/site-packages/sklearn/impute/_base.py:647: UserWarning: Skipping features without any observed values: ['od_max_conf_chlorine_contact' 'od_max_conf_drying_bed'
 'od_max_conf_oxidation_pond']. At least one non-missing value is needed for imputation with strategy='median'.
  warnings.warn(
/work/GRDVULN/correction/.venv/lib64/python3.11/site-packages/sklearn/impute/_base.py:647: UserWarning: Skipping features without any observed values: ['od_max_conf_chlorine_contact' 'od_max_conf_drying_bed'
 'od_max_conf_oxidation_pond']. At least one non-missing value is needed for imputation with strategy='median'.
  warnings.warn(
/work/GRDVULN/correction/.venv/lib64/python3.11/site-packages/sklearn/impute/_base.py:647: UserWarning: Skipping features without any observed values: ['od_max_conf_chlorine_contact' 'od_max_conf_drying_bed'
 'od_max_conf_oxidation_pond']. At least one non-missing value is needed for imputation with strategy='median'.
  warnings.warn(
/work/GRDVULN/correction/.venv/lib64/python3.11/site-packages/sklearn/impute/_base.py:647: UserWarning: Skipping features without any observed values: ['od_max_conf_chlorine_contact' 'od_max_conf_drying_bed'
 'od_max_conf_oxidation_pond']. At least one non-missing value is needed for imputation with strategy='median'.
  warnings.warn(
/work/GRDVULN/correction/.venv/lib64/python3.11/site-packages/sklearn/impute/_base.py:647: UserWarning: Skipping features without any observed values: ['od_max_conf_chlorine_contact' 'od_max_conf_drying_bed'
 'od_max_conf_oxidation_pond']. At least one non-missing value is needed for imputation with strategy='median'.
  warnings.warn(
/work/GRDVULN/correction/.venv/lib64/python3.11/site-packages/sklearn/impute/_base.py:647: UserWarning: Skipping features without any observed values: ['od_max_conf_chlorine_contact' 'od_max_conf_drying_bed'
 'od_max_conf_oxidation_pond']. At least one non-missing value is needed for imputation with strategy='median'.
  warnings.warn(
/work/GRDVULN/correction/.venv/lib64/python3.11/site-packages/sklearn/impute/_base.py:647: UserWarning: Skipping features without any observed values: ['od_max_conf_chlorine_contact' 'od_max_conf_drying_bed'
 'od_max_conf_oxidation_pond']. At least one non-missing value is needed for imputation with strategy='median'.
  warnings.warn(
/work/GRDVULN/correction/.venv/lib64/python3.11/site-packages/sklearn/impute/_base.py:647: UserWarning: Skipping features without any observed values: ['od_max_conf_chlorine_contact' 'od_max_conf_drying_bed'
 'od_max_conf_oxidation_pond']. At least one non-missing value is needed for imputation with strategy='median'.
  warnings.warn(
/work/GRDVULN/correction/.venv/lib64/python3.11/site-packages/sklearn/impute/_base.py:647: UserWarning: Skipping features without any observed values: ['od_max_conf_chlorine_contact' 'od_max_conf_drying_bed'
 'od_max_conf_oxidation_pond']. At least one non-missing value is needed for imputation with strategy='median'.
  warnings.warn(
/work/GRDVULN/correction/.venv/lib64/python3.11/site-packages/sklearn/impute/_base.py:647: UserWarning: Skipping features without any observed values: ['od_max_conf_chlorine_contact' 'od_max_conf_drying_bed'
 'od_max_conf_oxidation_pond']. At least one non-missing value is needed for imputation with strategy='median'.
  warnings.warn(
/work/GRDVULN/correction/.venv/lib64/python3.11/site-packages/sklearn/impute/_base.py:647: UserWarning: Skipping features without any observed values: ['od_max_conf_chlorine_contact' 'od_max_conf_drying_bed'
 'od_max_conf_oxidation_pond']. At least one non-missing value is needed for imputation with strategy='median'.
  warnings.warn(
/work/GRDVULN/correction/.venv/lib64/python3.11/site-packages/sklearn/impute/_base.py:647: UserWarning: Skipping features without any observed values: ['od_max_conf_chlorine_contact' 'od_max_conf_drying_bed'
 'od_max_conf_oxidation_pond']. At least one non-missing value is needed for imputation with strategy='median'.
  warnings.warn(
/work/GRDVULN/correction/.venv/lib64/python3.11/site-packages/sklearn/impute/_base.py:647: UserWarning: Skipping features without any observed values: ['od_max_conf_chlorine_contact' 'od_max_conf_drying_bed'
 'od_max_conf_oxidation_pond']. At least one non-missing value is needed for imputation with strategy='median'.
  warnings.warn(
/work/GRDVULN/correction/.venv/lib64/python3.11/site-packages/sklearn/impute/_base.py:647: UserWarning: Skipping features without any observed values: ['od_max_conf_chlorine_contact' 'od_max_conf_drying_bed'
 'od_max_conf_oxidation_pond']. At least one non-missing value is needed for imputation with strategy='median'.
  warnings.warn(
/work/GRDVULN/correction/.venv/lib64/python3.11/site-packages/sklearn/impute/_base.py:647: UserWarning: Skipping features without any observed values: ['od_max_conf_chlorine_contact' 'od_max_conf_drying_bed'
 'od_max_conf_oxidation_pond']. At least one non-missing value is needed for imputation with strategy='median'.
  warnings.warn(
/work/GRDVULN/correction/.venv/lib64/python3.11/site-packages/sklearn/impute/_base.py:647: UserWarning: Skipping features without any observed values: ['od_max_conf_chlorine_contact' 'od_max_conf_drying_bed'
 'od_max_conf_oxidation_pond']. At least one non-missing value is needed for imputation with strategy='median'.
  warnings.warn(
/work/GRDVULN/correction/.venv/lib64/python3.11/site-packages/sklearn/impute/_base.py:647: UserWarning: Skipping features without any observed values: ['od_max_conf_chlorine_contact' 'od_max_conf_drying_bed'
 'od_max_conf_oxidation_pond']. At least one non-missing value is needed for imputation with strategy='median'.
  warnings.warn(
/work/GRDVULN/correction/.venv/lib64/python3.11/site-packages/sklearn/impute/_base.py:647: UserWarning: Skipping features without any observed values: ['od_max_conf_chlorine_contact' 'od_max_conf_drying_bed'
 'od_max_conf_oxidation_pond']. At least one non-missing value is needed for imputation with strategy='median'.
  warnings.warn(
/work/GRDVULN/correction/.venv/lib64/python3.11/site-packages/sklearn/impute/_base.py:647: UserWarning: Skipping features without any observed values: ['od_max_conf_chlorine_contact' 'od_max_conf_drying_bed'
 'od_max_conf_oxidation_pond']. At least one non-missing value is needed for imputation with strategy='median'.
  warnings.warn(
/work/GRDVULN/correction/.venv/lib64/python3.11/site-packages/sklearn/impute/_base.py:647: UserWarning: Skipping features without any observed values: ['od_max_conf_chlorine_contact' 'od_max_conf_drying_bed'
 'od_max_conf_oxidation_pond']. At least one non-missing value is needed for imputation with strategy='median'.
  warnings.warn(
/work/GRDVULN/correction/.venv/lib64/python3.11/site-packages/sklearn/impute/_base.py:647: UserWarning: Skipping features without any observed values: ['od_max_conf_chlorine_contact' 'od_max_conf_drying_bed'
 'od_max_conf_oxidation_pond']. At least one non-missing value is needed for imputation with strategy='median'.
  warnings.warn(
/work/GRDVULN/correction/.venv/lib64/python3.11/site-packages/sklearn/impute/_base.py:647: UserWarning: Skipping features without any observed values: ['od_max_conf_chlorine_contact' 'od_max_conf_drying_bed'
 'od_max_conf_oxidation_pond']. At least one non-missing value is needed for imputation with strategy='median'.
  warnings.warn(
/work/GRDVULN/correction/.venv/lib64/python3.11/site-packages/sklearn/impute/_base.py:647: UserWarning: Skipping features without any observed values: ['od_max_conf_chlorine_contact' 'od_max_conf_drying_bed'
 'od_max_conf_oxidation_pond']. At least one non-missing value is needed for imputation with strategy='median'.
  warnings.warn(
/work/GRDVULN/correction/.venv/lib64/python3.11/site-packages/sklearn/impute/_base.py:647: UserWarning: Skipping features without any observed values: ['od_max_conf_chlorine_contact' 'od_max_conf_drying_bed'
 'od_max_conf_oxidation_pond']. At least one non-missing value is needed for imputation with strategy='median'.
  warnings.warn(
/work/GRDVULN/correction/.venv/lib64/python3.11/site-packages/sklearn/impute/_base.py:647: UserWarning: Skipping features without any observed values: ['od_max_conf_chlorine_contact' 'od_max_conf_drying_bed'
 'od_max_conf_oxidation_pond']. At least one non-missing value is needed for imputation with strategy='median'.
  warnings.warn(
/work/GRDVULN/correction/.venv/lib64/python3.11/site-packages/sklearn/impute/_base.py:647: UserWarning: Skipping features without any observed values: ['od_max_conf_chlorine_contact' 'od_max_conf_drying_bed'
 'od_max_conf_oxidation_pond']. At least one non-missing value is needed for imputation with strategy='median'.
  warnings.warn(
/work/GRDVULN/correction/.venv/lib64/python3.11/site-packages/sklearn/impute/_base.py:647: UserWarning: Skipping features without any observed values: ['od_max_conf_chlorine_contact' 'od_max_conf_drying_bed'
 'od_max_conf_oxidation_pond']. At least one non-missing value is needed for imputation with strategy='median'.
  warnings.warn(
/work/GRDVULN/correction/.venv/lib64/python3.11/site-packages/sklearn/impute/_base.py:647: UserWarning: Skipping features without any observed values: ['od_max_conf_chlorine_contact' 'od_max_conf_drying_bed'
 'od_max_conf_oxidation_pond']. At least one non-missing value is needed for imputation with strategy='median'.
  warnings.warn(
/work/GRDVULN/correction/.venv/lib64/python3.11/site-packages/sklearn/impute/_base.py:647: UserWarning: Skipping features without any observed values: ['od_max_conf_chlorine_contact' 'od_max_conf_drying_bed'
 'od_max_conf_oxidation_pond']. At least one non-missing value is needed for imputation with strategy='median'.
  warnings.warn(
/work/GRDVULN/correction/.venv/lib64/python3.11/site-packages/sklearn/impute/_base.py:647: UserWarning: Skipping features without any observed values: ['od_max_conf_chlorine_contact' 'od_max_conf_drying_bed'
 'od_max_conf_oxidation_pond']. At least one non-missing value is needed for imputation with strategy='median'.
  warnings.warn(
/work/GRDVULN/correction/.venv/lib64/python3.11/site-packages/sklearn/impute/_base.py:647: UserWarning: Skipping features without any observed values: ['od_max_conf_chlorine_contact' 'od_max_conf_drying_bed'
 'od_max_conf_oxidation_pond']. At least one non-missing value is needed for imputation with strategy='median'.
  warnings.warn(
/work/GRDVULN/correction/.venv/lib64/python3.11/site-packages/sklearn/impute/_base.py:647: UserWarning: Skipping features without any observed values: ['od_max_conf_chlorine_contact' 'od_max_conf_drying_bed'
 'od_max_conf_oxidation_pond']. At least one non-missing value is needed for imputation with strategy='median'.
  warnings.warn(
/work/GRDVULN/correction/.venv/lib64/python3.11/site-packages/sklearn/impute/_base.py:647: UserWarning: Skipping features without any observed values: ['od_max_conf_chlorine_contact' 'od_max_conf_drying_bed'
 'od_max_conf_oxidation_pond']. At least one non-missing value is needed for imputation with strategy='median'.
  warnings.warn(
/work/GRDVULN/correction/.venv/lib64/python3.11/site-packages/sklearn/impute/_base.py:647: UserWarning: Skipping features without any observed values: ['od_max_conf_chlorine_contact' 'od_max_conf_drying_bed'
 'od_max_conf_oxidation_pond']. At least one non-missing value is needed for imputation with strategy='median'.
  warnings.warn(
/work/GRDVULN/correction/.venv/lib64/python3.11/site-packages/sklearn/impute/_base.py:647: UserWarning: Skipping features without any observed values: ['od_max_conf_chlorine_contact' 'od_max_conf_drying_bed'
 'od_max_conf_oxidation_pond']. At least one non-missing value is needed for imputation with strategy='median'.
  warnings.warn(
/work/GRDVULN/correction/.venv/lib64/python3.11/site-packages/sklearn/impute/_base.py:647: UserWarning: Skipping features without any observed values: ['od_max_conf_chlorine_contact' 'od_max_conf_drying_bed'
 'od_max_conf_oxidation_pond']. At least one non-missing value is needed for imputation with strategy='median'.
  warnings.warn(
/work/GRDVULN/correction/.venv/lib64/python3.11/site-packages/sklearn/impute/_base.py:647: UserWarning: Skipping features without any observed values: ['od_max_conf_chlorine_contact' 'od_max_conf_drying_bed'
 'od_max_conf_oxidation_pond']. At least one non-missing value is needed for imputation with strategy='median'.
  warnings.warn(
/work/GRDVULN/correction/.venv/lib64/python3.11/site-packages/sklearn/impute/_base.py:647: UserWarning: Skipping features without any observed values: ['od_max_conf_chlorine_contact' 'od_max_conf_drying_bed'
 'od_max_conf_oxidation_pond']. At least one non-missing value is needed for imputation with strategy='median'.
  warnings.warn(
/work/GRDVULN/correction/.venv/lib64/python3.11/site-packages/sklearn/impute/_base.py:647: UserWarning: Skipping features without any observed values: ['od_max_conf_chlorine_contact' 'od_max_conf_drying_bed'
 'od_max_conf_oxidation_pond']. At least one non-missing value is needed for imputation with strategy='median'.
  warnings.warn(
/work/GRDVULN/correction/.venv/lib64/python3.11/site-packages/sklearn/impute/_base.py:647: UserWarning: Skipping features without any observed values: ['od_max_conf_chlorine_contact' 'od_max_conf_drying_bed'
 'od_max_conf_oxidation_pond']. At least one non-missing value is needed for imputation with strategy='median'.
  warnings.warn(
/work/GRDVULN/correction/.venv/lib64/python3.11/site-packages/sklearn/impute/_base.py:647: UserWarning: Skipping features without any observed values: ['od_max_conf_chlorine_contact' 'od_max_conf_drying_bed'
 'od_max_conf_oxidation_pond']. At least one non-missing value is needed for imputation with strategy='median'.
  warnings.warn(
/work/GRDVULN/correction/.venv/lib64/python3.11/site-packages/sklearn/impute/_base.py:647: UserWarning: Skipping features without any observed values: ['od_max_conf_chlorine_contact' 'od_max_conf_drying_bed'
 'od_max_conf_oxidation_pond']. At least one non-missing value is needed for imputation with strategy='median'.
  warnings.warn(
/work/GRDVULN/correction/.venv/lib64/python3.11/site-packages/sklearn/impute/_base.py:647: UserWarning: Skipping features without any observed values: ['od_max_conf_chlorine_contact' 'od_max_conf_drying_bed'
 'od_max_conf_oxidation_pond']. At least one non-missing value is needed for imputation with strategy='median'.
  warnings.warn(
/work/GRDVULN/correction/.venv/lib64/python3.11/site-packages/sklearn/impute/_base.py:647: UserWarning: Skipping features without any observed values: ['od_max_conf_chlorine_contact' 'od_max_conf_drying_bed'
 'od_max_conf_oxidation_pond']. At least one non-missing value is needed for imputation with strategy='median'.
  warnings.warn(
/work/GRDVULN/correction/.venv/lib64/python3.11/site-packages/sklearn/impute/_base.py:647: UserWarning: Skipping features without any observed values: ['od_max_conf_chlorine_contact' 'od_max_conf_drying_bed'
 'od_max_conf_oxidation_pond']. At least one non-missing value is needed for imputation with strategy='median'.
  warnings.warn(
/work/GRDVULN/correction/.venv/lib64/python3.11/site-packages/sklearn/impute/_base.py:647: UserWarning: Skipping features without any observed values: ['od_max_conf_chlorine_contact' 'od_max_conf_drying_bed'
 'od_max_conf_oxidation_pond']. At least one non-missing value is needed for imputation with strategy='median'.
  warnings.warn(
/work/GRDVULN/correction/.venv/lib64/python3.11/site-packages/sklearn/impute/_base.py:647: UserWarning: Skipping features without any observed values: ['od_max_conf_chlorine_contact' 'od_max_conf_drying_bed'
 'od_max_conf_oxidation_pond']. At least one non-missing value is needed for imputation with strategy='median'.
  warnings.warn(
/work/GRDVULN/correction/.venv/lib64/python3.11/site-packages/sklearn/impute/_base.py:647: UserWarning: Skipping features without any observed values: ['od_max_conf_chlorine_contact' 'od_max_conf_drying_bed'
 'od_max_conf_oxidation_pond']. At least one non-missing value is needed for imputation with strategy='median'.
  warnings.warn(
/work/GRDVULN/correction/.venv/lib64/python3.11/site-packages/sklearn/impute/_base.py:647: UserWarning: Skipping features without any observed values: ['od_max_conf_chlorine_contact' 'od_max_conf_drying_bed'
 'od_max_conf_oxidation_pond']. At least one non-missing value is needed for imputation with strategy='median'.
  warnings.warn(
/work/GRDVULN/correction/.venv/lib64/python3.11/site-packages/sklearn/impute/_base.py:647: UserWarning: Skipping features without any observed values: ['od_max_conf_chlorine_contact' 'od_max_conf_drying_bed'
 'od_max_conf_oxidation_pond']. At least one non-missing value is needed for imputation with strategy='median'.
  warnings.warn(
/work/GRDVULN/correction/.venv/lib64/python3.11/site-packages/sklearn/impute/_base.py:647: UserWarning: Skipping features without any observed values: ['od_max_conf_chlorine_contact' 'od_max_conf_drying_bed'
 'od_max_conf_oxidation_pond']. At least one non-missing value is needed for imputation with strategy='median'.
  warnings.warn(
/work/GRDVULN/correction/.venv/lib64/python3.11/site-packages/sklearn/impute/_base.py:647: UserWarning: Skipping features without any observed values: ['od_max_conf_chlorine_contact' 'od_max_conf_drying_bed'
 'od_max_conf_oxidation_pond']. At least one non-missing value is needed for imputation with strategy='median'.
  warnings.warn(
/work/GRDVULN/correction/.venv/lib64/python3.11/site-packages/sklearn/impute/_base.py:647: UserWarning: Skipping features without any observed values: ['od_max_conf_chlorine_contact' 'od_max_conf_drying_bed'
 'od_max_conf_oxidation_pond']. At least one non-missing value is needed for imputation with strategy='median'.
  warnings.warn(
/work/GRDVULN/correction/.venv/lib64/python3.11/site-packages/sklearn/impute/_base.py:647: UserWarning: Skipping features without any observed values: ['od_max_conf_chlorine_contact' 'od_max_conf_drying_bed'
 'od_max_conf_oxidation_pond']. At least one non-missing value is needed for imputation with strategy='median'.
  warnings.warn(
/work/GRDVULN/correction/.venv/lib64/python3.11/site-packages/sklearn/impute/_base.py:647: UserWarning: Skipping features without any observed values: ['od_max_conf_chlorine_contact' 'od_max_conf_drying_bed'
 'od_max_conf_oxidation_pond']. At least one non-missing value is needed for imputation with strategy='median'.
  warnings.warn(
/work/GRDVULN/correction/.venv/lib64/python3.11/site-packages/sklearn/impute/_base.py:647: UserWarning: Skipping features without any observed values: ['od_max_conf_chlorine_contact' 'od_max_conf_drying_bed'
 'od_max_conf_oxidation_pond']. At least one non-missing value is needed for imputation with strategy='median'.
  warnings.warn(
/work/GRDVULN/correction/.venv/lib64/python3.11/site-packages/sklearn/impute/_base.py:647: UserWarning: Skipping features without any observed values: ['od_max_conf_chlorine_contact' 'od_max_conf_drying_bed'
 'od_max_conf_oxidation_pond']. At least one non-missing value is needed for imputation with strategy='median'.
  warnings.warn(
/work/GRDVULN/correction/.venv/lib64/python3.11/site-packages/sklearn/impute/_base.py:647: UserWarning: Skipping features without any observed values: ['od_max_conf_chlorine_contact' 'od_max_conf_drying_bed'
 'od_max_conf_oxidation_pond']. At least one non-missing value is needed for imputation with strategy='median'.
  warnings.warn(
/work/GRDVULN/correction/.venv/lib64/python3.11/site-packages/sklearn/impute/_base.py:647: UserWarning: Skipping features without any observed values: ['od_max_conf_chlorine_contact' 'od_max_conf_drying_bed'
 'od_max_conf_oxidation_pond']. At least one non-missing value is needed for imputation with strategy='median'.
  warnings.warn(
/work/GRDVULN/correction/.venv/lib64/python3.11/site-packages/sklearn/impute/_base.py:647: UserWarning: Skipping features without any observed values: ['od_max_conf_chlorine_contact' 'od_max_conf_drying_bed'
 'od_max_conf_oxidation_pond']. At least one non-missing value is needed for imputation with strategy='median'.
  warnings.warn(
/work/GRDVULN/correction/.venv/lib64/python3.11/site-packages/sklearn/impute/_base.py:647: UserWarning: Skipping features without any observed values: ['od_max_conf_chlorine_contact' 'od_max_conf_drying_bed'
 'od_max_conf_oxidation_pond']. At least one non-missing value is needed for imputation with strategy='median'.
  warnings.warn(
/work/GRDVULN/correction/.venv/lib64/python3.11/site-packages/sklearn/impute/_base.py:647: UserWarning: Skipping features without any observed values: ['od_max_conf_chlorine_contact' 'od_max_conf_drying_bed'
 'od_max_conf_oxidation_pond']. At least one non-missing value is needed for imputation with strategy='median'.
  warnings.warn(
/work/GRDVULN/correction/.venv/lib64/python3.11/site-packages/sklearn/impute/_base.py:647: UserWarning: Skipping features without any observed values: ['od_max_conf_chlorine_contact' 'od_max_conf_drying_bed'
 'od_max_conf_oxidation_pond']. At least one non-missing value is needed for imputation with strategy='median'.
  warnings.warn(
/work/GRDVULN/correction/.venv/lib64/python3.11/site-packages/sklearn/impute/_base.py:647: UserWarning: Skipping features without any observed values: ['od_max_conf_chlorine_contact' 'od_max_conf_drying_bed'
 'od_max_conf_oxidation_pond']. At least one non-missing value is needed for imputation with strategy='median'.
  warnings.warn(
/work/GRDVULN/correction/.venv/lib64/python3.11/site-packages/sklearn/impute/_base.py:647: UserWarning: Skipping features without any observed values: ['od_max_conf_chlorine_contact' 'od_max_conf_drying_bed'
 'od_max_conf_oxidation_pond']. At least one non-missing value is needed for imputation with strategy='median'.
  warnings.warn(
/work/GRDVULN/correction/.venv/lib64/python3.11/site-packages/sklearn/impute/_base.py:647: UserWarning: Skipping features without any observed values: ['od_max_conf_chlorine_contact' 'od_max_conf_drying_bed'
 'od_max_conf_oxidation_pond']. At least one non-missing value is needed for imputation with strategy='median'.
  warnings.warn(
/work/GRDVULN/correction/.venv/lib64/python3.11/site-packages/sklearn/impute/_base.py:647: UserWarning: Skipping features without any observed values: ['od_max_conf_chlorine_contact' 'od_max_conf_drying_bed'
 'od_max_conf_oxidation_pond']. At least one non-missing value is needed for imputation with strategy='median'.
  warnings.warn(
/work/GRDVULN/correction/.venv/lib64/python3.11/site-packages/sklearn/impute/_base.py:647: UserWarning: Skipping features without any observed values: ['od_max_conf_chlorine_contact' 'od_max_conf_drying_bed'
 'od_max_conf_oxidation_pond']. At least one non-missing value is needed for imputation with strategy='median'.
  warnings.warn(
/work/GRDVULN/correction/.venv/lib64/python3.11/site-packages/sklearn/impute/_base.py:647: UserWarning: Skipping features without any observed values: ['od_max_conf_chlorine_contact' 'od_max_conf_drying_bed'
 'od_max_conf_oxidation_pond']. At least one non-missing value is needed for imputation with strategy='median'.
  warnings.warn(
/work/GRDVULN/correction/.venv/lib64/python3.11/site-packages/sklearn/impute/_base.py:647: UserWarning: Skipping features without any observed values: ['od_max_conf_chlorine_contact' 'od_max_conf_drying_bed'
 'od_max_conf_oxidation_pond']. At least one non-missing value is needed for imputation with strategy='median'.
  warnings.warn(
/work/GRDVULN/correction/.venv/lib64/python3.11/site-packages/sklearn/impute/_base.py:647: UserWarning: Skipping features without any observed values: ['od_max_conf_chlorine_contact' 'od_max_conf_drying_bed'
 'od_max_conf_oxidation_pond']. At least one non-missing value is needed for imputation with strategy='median'.
  warnings.warn(
/work/GRDVULN/correction/.venv/lib64/python3.11/site-packages/sklearn/impute/_base.py:647: UserWarning: Skipping features without any observed values: ['od_max_conf_chlorine_contact' 'od_max_conf_drying_bed'
 'od_max_conf_oxidation_pond']. At least one non-missing value is needed for imputation with strategy='median'.
  warnings.warn(
/work/GRDVULN/correction/.venv/lib64/python3.11/site-packages/sklearn/impute/_base.py:647: UserWarning: Skipping features without any observed values: ['od_max_conf_chlorine_contact' 'od_max_conf_drying_bed'
 'od_max_conf_oxidation_pond']. At least one non-missing value is needed for imputation with strategy='median'.
  warnings.warn(
/work/GRDVULN/correction/.venv/lib64/python3.11/site-packages/sklearn/impute/_base.py:647: UserWarning: Skipping features without any observed values: ['od_max_conf_chlorine_contact' 'od_max_conf_drying_bed'
 'od_max_conf_oxidation_pond']. At least one non-missing value is needed for imputation with strategy='median'.
  warnings.warn(
/work/GRDVULN/correction/.venv/lib64/python3.11/site-packages/sklearn/impute/_base.py:647: UserWarning: Skipping features without any observed values: ['od_max_conf_chlorine_contact' 'od_max_conf_drying_bed'
 'od_max_conf_oxidation_pond']. At least one non-missing value is needed for imputation with strategy='median'.
  warnings.warn(
/work/GRDVULN/correction/.venv/lib64/python3.11/site-packages/sklearn/impute/_base.py:647: UserWarning: Skipping features without any observed values: ['od_max_conf_chlorine_contact' 'od_max_conf_drying_bed'
 'od_max_conf_oxidation_pond']. At least one non-missing value is needed for imputation with strategy='median'.
  warnings.warn(
/work/GRDVULN/correction/.venv/lib64/python3.11/site-packages/sklearn/impute/_base.py:647: UserWarning: Skipping features without any observed values: ['od_max_conf_chlorine_contact' 'od_max_conf_drying_bed'
 'od_max_conf_oxidation_pond']. At least one non-missing value is needed for imputation with strategy='median'.
  warnings.warn(
/work/GRDVULN/correction/.venv/lib64/python3.11/site-packages/sklearn/impute/_base.py:647: UserWarning: Skipping features without any observed values: ['od_max_conf_chlorine_contact' 'od_max_conf_drying_bed'
 'od_max_conf_oxidation_pond']. At least one non-missing value is needed for imputation with strategy='median'.
  warnings.warn(
/work/GRDVULN/correction/.venv/lib64/python3.11/site-packages/sklearn/impute/_base.py:647: UserWarning: Skipping features without any observed values: ['od_max_conf_chlorine_contact' 'od_max_conf_drying_bed'
 'od_max_conf_oxidation_pond']. At least one non-missing value is needed for imputation with strategy='median'.
  warnings.warn(
/work/GRDVULN/correction/.venv/lib64/python3.11/site-packages/sklearn/impute/_base.py:647: UserWarning: Skipping features without any observed values: ['od_max_conf_chlorine_contact' 'od_max_conf_drying_bed'
 'od_max_conf_oxidation_pond']. At least one non-missing value is needed for imputation with strategy='median'.
  warnings.warn(
/work/GRDVULN/correction/.venv/lib64/python3.11/site-packages/sklearn/impute/_base.py:647: UserWarning: Skipping features without any observed values: ['od_max_conf_chlorine_contact' 'od_max_conf_drying_bed'
 'od_max_conf_oxidation_pond']. At least one non-missing value is needed for imputation with strategy='median'.
  warnings.warn(
/work/GRDVULN/correction/.venv/lib64/python3.11/site-packages/sklearn/impute/_base.py:647: UserWarning: Skipping features without any observed values: ['od_max_conf_chlorine_contact' 'od_max_conf_drying_bed'
 'od_max_conf_oxidation_pond']. At least one non-missing value is needed for imputation with strategy='median'.
  warnings.warn(
/work/GRDVULN/correction/.venv/lib64/python3.11/site-packages/sklearn/impute/_base.py:647: UserWarning: Skipping features without any observed values: ['od_max_conf_chlorine_contact' 'od_max_conf_drying_bed'
 'od_max_conf_oxidation_pond']. At least one non-missing value is needed for imputation with strategy='median'.
  warnings.warn(
/work/GRDVULN/correction/.venv/lib64/python3.11/site-packages/sklearn/impute/_base.py:647: UserWarning: Skipping features without any observed values: ['od_max_conf_chlorine_contact' 'od_max_conf_drying_bed'
 'od_max_conf_oxidation_pond']. At least one non-missing value is needed for imputation with strategy='median'.
  warnings.warn(
/work/GRDVULN/correction/.venv/lib64/python3.11/site-packages/sklearn/impute/_base.py:647: UserWarning: Skipping features without any observed values: ['od_max_conf_chlorine_contact' 'od_max_conf_drying_bed'
 'od_max_conf_oxidation_pond']. At least one non-missing value is needed for imputation with strategy='median'.
  warnings.warn(
/work/GRDVULN/correction/.venv/lib64/python3.11/site-packages/sklearn/impute/_base.py:647: UserWarning: Skipping features without any observed values: ['od_max_conf_chlorine_contact' 'od_max_conf_drying_bed'
 'od_max_conf_oxidation_pond']. At least one non-missing value is needed for imputation with strategy='median'.
  warnings.warn(
/work/GRDVULN/correction/.venv/lib64/python3.11/site-packages/sklearn/impute/_base.py:647: UserWarning: Skipping features without any observed values: ['od_max_conf_chlorine_contact' 'od_max_conf_drying_bed'
 'od_max_conf_oxidation_pond']. At least one non-missing value is needed for imputation with strategy='median'.
  warnings.warn(
/work/GRDVULN/correction/.venv/lib64/python3.11/site-packages/sklearn/impute/_base.py:647: UserWarning: Skipping features without any observed values: ['od_max_conf_chlorine_contact' 'od_max_conf_drying_bed'
 'od_max_conf_oxidation_pond']. At least one non-missing value is needed for imputation with strategy='median'.
  warnings.warn(
/work/GRDVULN/correction/.venv/lib64/python3.11/site-packages/sklearn/impute/_base.py:647: UserWarning: Skipping features without any observed values: ['od_max_conf_chlorine_contact' 'od_max_conf_drying_bed'
 'od_max_conf_oxidation_pond']. At least one non-missing value is needed for imputation with strategy='median'.
  warnings.warn(
/work/GRDVULN/correction/.venv/lib64/python3.11/site-packages/sklearn/impute/_base.py:647: UserWarning: Skipping features without any observed values: ['od_max_conf_chlorine_contact' 'od_max_conf_drying_bed'
 'od_max_conf_oxidation_pond']. At least one non-missing value is needed for imputation with strategy='median'.
  warnings.warn(
/work/GRDVULN/correction/.venv/lib64/python3.11/site-packages/sklearn/impute/_base.py:647: UserWarning: Skipping features without any observed values: ['od_max_conf_chlorine_contact' 'od_max_conf_drying_bed'
 'od_max_conf_oxidation_pond']. At least one non-missing value is needed for imputation with strategy='median'.
  warnings.warn(
/work/GRDVULN/correction/.venv/lib64/python3.11/site-packages/sklearn/impute/_base.py:647: UserWarning: Skipping features without any observed values: ['od_max_conf_chlorine_contact' 'od_max_conf_drying_bed'
 'od_max_conf_oxidation_pond']. At least one non-missing value is needed for imputation with strategy='median'.
  warnings.warn(
/work/GRDVULN/correction/.venv/lib64/python3.11/site-packages/sklearn/impute/_base.py:647: UserWarning: Skipping features without any observed values: ['od_max_conf_chlorine_contact' 'od_max_conf_drying_bed'
 'od_max_conf_oxidation_pond']. At least one non-missing value is needed for imputation with strategy='median'.
  warnings.warn(
/work/GRDVULN/correction/.venv/lib64/python3.11/site-packages/sklearn/impute/_base.py:647: UserWarning: Skipping features without any observed values: ['od_max_conf_chlorine_contact' 'od_max_conf_drying_bed'
 'od_max_conf_oxidation_pond']. At least one non-missing value is needed for imputation with strategy='median'.
  warnings.warn(
/work/GRDVULN/correction/.venv/lib64/python3.11/site-packages/sklearn/impute/_base.py:647: UserWarning: Skipping features without any observed values: ['od_max_conf_chlorine_contact' 'od_max_conf_drying_bed'
 'od_max_conf_oxidation_pond']. At least one non-missing value is needed for imputation with strategy='median'.
  warnings.warn(
/work/GRDVULN/correction/.venv/lib64/python3.11/site-packages/sklearn/impute/_base.py:647: UserWarning: Skipping features without any observed values: ['od_max_conf_chlorine_contact' 'od_max_conf_drying_bed'
 'od_max_conf_oxidation_pond']. At least one non-missing value is needed for imputation with strategy='median'.
  warnings.warn(
/work/GRDVULN/correction/.venv/lib64/python3.11/site-packages/sklearn/impute/_base.py:647: UserWarning: Skipping features without any observed values: ['od_max_conf_chlorine_contact' 'od_max_conf_drying_bed'
 'od_max_conf_oxidation_pond']. At least one non-missing value is needed for imputation with strategy='median'.
  warnings.warn(
/work/GRDVULN/correction/.venv/lib64/python3.11/site-packages/sklearn/impute/_base.py:647: UserWarning: Skipping features without any observed values: ['od_max_conf_chlorine_contact' 'od_max_conf_drying_bed'
 'od_max_conf_oxidation_pond']. At least one non-missing value is needed for imputation with strategy='median'.
  warnings.warn(
/work/GRDVULN/correction/.venv/lib64/python3.11/site-packages/sklearn/impute/_base.py:647: UserWarning: Skipping features without any observed values: ['od_max_conf_chlorine_contact' 'od_max_conf_drying_bed'
 'od_max_conf_oxidation_pond']. At least one non-missing value is needed for imputation with strategy='median'.
  warnings.warn(
/work/GRDVULN/correction/.venv/lib64/python3.11/site-packages/sklearn/impute/_base.py:647: UserWarning: Skipping features without any observed values: ['od_max_conf_chlorine_contact' 'od_max_conf_drying_bed'
 'od_max_conf_oxidation_pond']. At least one non-missing value is needed for imputation with strategy='median'.
  warnings.warn(
/work/GRDVULN/correction/.venv/lib64/python3.11/site-packages/sklearn/impute/_base.py:647: UserWarning: Skipping features without any observed values: ['od_max_conf_chlorine_contact' 'od_max_conf_drying_bed'
 'od_max_conf_oxidation_pond']. At least one non-missing value is needed for imputation with strategy='median'.
  warnings.warn(
/work/GRDVULN/correction/.venv/lib64/python3.11/site-packages/sklearn/impute/_base.py:647: UserWarning: Skipping features without any observed values: ['od_max_conf_chlorine_contact' 'od_max_conf_drying_bed'
 'od_max_conf_oxidation_pond']. At least one non-missing value is needed for imputation with strategy='median'.
  warnings.warn(
/work/GRDVULN/correction/.venv/lib64/python3.11/site-packages/sklearn/impute/_base.py:647: UserWarning: Skipping features without any observed values: ['od_max_conf_chlorine_contact' 'od_max_conf_drying_bed'
 'od_max_conf_oxidation_pond']. At least one non-missing value is needed for imputation with strategy='median'.
  warnings.warn(
/work/GRDVULN/correction/.venv/lib64/python3.11/site-packages/sklearn/impute/_base.py:647: UserWarning: Skipping features without any observed values: ['od_max_conf_chlorine_contact' 'od_max_conf_drying_bed'
 'od_max_conf_oxidation_pond']. At least one non-missing value is needed for imputation with strategy='median'.
  warnings.warn(
/work/GRDVULN/correction/.venv/lib64/python3.11/site-packages/sklearn/impute/_base.py:647: UserWarning: Skipping features without any observed values: ['od_max_conf_chlorine_contact' 'od_max_conf_drying_bed'
 'od_max_conf_oxidation_pond']. At least one non-missing value is needed for imputation with strategy='median'.
  warnings.warn(
/work/GRDVULN/correction/.venv/lib64/python3.11/site-packages/sklearn/impute/_base.py:647: UserWarning: Skipping features without any observed values: ['od_max_conf_chlorine_contact' 'od_max_conf_drying_bed'
 'od_max_conf_oxidation_pond']. At least one non-missing value is needed for imputation with strategy='median'.
  warnings.warn(
/work/GRDVULN/correction/.venv/lib64/python3.11/site-packages/sklearn/impute/_base.py:647: UserWarning: Skipping features without any observed values: ['od_max_conf_chlorine_contact' 'od_max_conf_drying_bed'
 'od_max_conf_oxidation_pond']. At least one non-missing value is needed for imputation with strategy='median'.
  warnings.warn(
/work/GRDVULN/correction/.venv/lib64/python3.11/site-packages/sklearn/impute/_base.py:647: UserWarning: Skipping features without any observed values: ['od_max_conf_chlorine_contact' 'od_max_conf_drying_bed'
 'od_max_conf_oxidation_pond']. At least one non-missing value is needed for imputation with strategy='median'.
  warnings.warn(
/work/GRDVULN/correction/.venv/lib64/python3.11/site-packages/sklearn/impute/_base.py:647: UserWarning: Skipping features without any observed values: ['od_max_conf_chlorine_contact' 'od_max_conf_drying_bed'
 'od_max_conf_oxidation_pond']. At least one non-missing value is needed for imputation with strategy='median'.
  warnings.warn(
/work/GRDVULN/correction/.venv/lib64/python3.11/site-packages/sklearn/impute/_base.py:647: UserWarning: Skipping features without any observed values: ['od_max_conf_chlorine_contact' 'od_max_conf_drying_bed'
 'od_max_conf_oxidation_pond']. At least one non-missing value is needed for imputation with strategy='median'.
  warnings.warn(
/work/GRDVULN/correction/.venv/lib64/python3.11/site-packages/sklearn/impute/_base.py:647: UserWarning: Skipping features without any observed values: ['od_max_conf_chlorine_contact' 'od_max_conf_drying_bed'
 'od_max_conf_oxidation_pond']. At least one non-missing value is needed for imputation with strategy='median'.
  warnings.warn(
/work/GRDVULN/correction/.venv/lib64/python3.11/site-packages/sklearn/impute/_base.py:647: UserWarning: Skipping features without any observed values: ['od_max_conf_chlorine_contact' 'od_max_conf_drying_bed'
 'od_max_conf_oxidation_pond']. At least one non-missing value is needed for imputation with strategy='median'.
  warnings.warn(
/work/GRDVULN/correction/.venv/lib64/python3.11/site-packages/sklearn/impute/_base.py:647: UserWarning: Skipping features without any observed values: ['od_max_conf_chlorine_contact' 'od_max_conf_drying_bed'
 'od_max_conf_oxidation_pond']. At least one non-missing value is needed for imputation with strategy='median'.
  warnings.warn(
/work/GRDVULN/correction/.venv/lib64/python3.11/site-packages/sklearn/impute/_base.py:647: UserWarning: Skipping features without any observed values: ['od_max_conf_chlorine_contact' 'od_max_conf_drying_bed'
 'od_max_conf_oxidation_pond']. At least one non-missing value is needed for imputation with strategy='median'.
  warnings.warn(
/work/GRDVULN/correction/.venv/lib64/python3.11/site-packages/sklearn/impute/_base.py:647: UserWarning: Skipping features without any observed values: ['od_max_conf_chlorine_contact' 'od_max_conf_drying_bed'
 'od_max_conf_oxidation_pond']. At least one non-missing value is needed for imputation with strategy='median'.
  warnings.warn(
/work/GRDVULN/correction/.venv/lib64/python3.11/site-packages/sklearn/impute/_base.py:647: UserWarning: Skipping features without any observed values: ['od_max_conf_chlorine_contact' 'od_max_conf_drying_bed'
 'od_max_conf_oxidation_pond']. At least one non-missing value is needed for imputation with strategy='median'.
  warnings.warn(
/work/GRDVULN/correction/.venv/lib64/python3.11/site-packages/sklearn/impute/_base.py:647: UserWarning: Skipping features without any observed values: ['od_max_conf_chlorine_contact' 'od_max_conf_drying_bed'
 'od_max_conf_oxidation_pond']. At least one non-missing value is needed for imputation with strategy='median'.
  warnings.warn(
/work/GRDVULN/correction/.venv/lib64/python3.11/site-packages/sklearn/impute/_base.py:647: UserWarning: Skipping features without any observed values: ['od_max_conf_chlorine_contact' 'od_max_conf_drying_bed'
 'od_max_conf_oxidation_pond']. At least one non-missing value is needed for imputation with strategy='median'.
  warnings.warn(
/work/GRDVULN/correction/.venv/lib64/python3.11/site-packages/sklearn/impute/_base.py:647: UserWarning: Skipping features without any observed values: ['od_max_conf_chlorine_contact' 'od_max_conf_drying_bed'
 'od_max_conf_oxidation_pond']. At least one non-missing value is needed for imputation with strategy='median'.
  warnings.warn(
/work/GRDVULN/correction/.venv/lib64/python3.11/site-packages/sklearn/impute/_base.py:647: UserWarning: Skipping features without any observed values: ['od_max_conf_chlorine_contact' 'od_max_conf_drying_bed'
 'od_max_conf_oxidation_pond']. At least one non-missing value is needed for imputation with strategy='median'.
  warnings.warn(
/work/GRDVULN/correction/.venv/lib64/python3.11/site-packages/sklearn/impute/_base.py:647: UserWarning: Skipping features without any observed values: ['od_max_conf_chlorine_contact' 'od_max_conf_drying_bed'
 'od_max_conf_oxidation_pond']. At least one non-missing value is needed for imputation with strategy='median'.
  warnings.warn(
/work/GRDVULN/correction/.venv/lib64/python3.11/site-packages/sklearn/impute/_base.py:647: UserWarning: Skipping features without any observed values: ['od_max_conf_chlorine_contact' 'od_max_conf_drying_bed'
 'od_max_conf_oxidation_pond']. At least one non-missing value is needed for imputation with strategy='median'.
  warnings.warn(
/work/GRDVULN/correction/.venv/lib64/python3.11/site-packages/sklearn/impute/_base.py:647: UserWarning: Skipping features without any observed values: ['od_max_conf_chlorine_contact' 'od_max_conf_drying_bed'
 'od_max_conf_oxidation_pond']. At least one non-missing value is needed for imputation with strategy='median'.
  warnings.warn(
/work/GRDVULN/correction/.venv/lib64/python3.11/site-packages/sklearn/impute/_base.py:647: UserWarning: Skipping features without any observed values: ['od_max_conf_chlorine_contact' 'od_max_conf_drying_bed'
 'od_max_conf_oxidation_pond']. At least one non-missing value is needed for imputation with strategy='median'.
  warnings.warn(
/work/GRDVULN/correction/.venv/lib64/python3.11/site-packages/sklearn/impute/_base.py:647: UserWarning: Skipping features without any observed values: ['od_max_conf_chlorine_contact' 'od_max_conf_drying_bed'
 'od_max_conf_oxidation_pond']. At least one non-missing value is needed for imputation with strategy='median'.
  warnings.warn(
/work/GRDVULN/correction/.venv/lib64/python3.11/site-packages/sklearn/impute/_base.py:647: UserWarning: Skipping features without any observed values: ['od_max_conf_chlorine_contact' 'od_max_conf_drying_bed'
 'od_max_conf_oxidation_pond']. At least one non-missing value is needed for imputation with strategy='median'.
  warnings.warn(
/work/GRDVULN/correction/.venv/lib64/python3.11/site-packages/sklearn/impute/_base.py:647: UserWarning: Skipping features without any observed values: ['od_max_conf_chlorine_contact' 'od_max_conf_drying_bed'
 'od_max_conf_oxidation_pond']. At least one non-missing value is needed for imputation with strategy='median'.
  warnings.warn(
/work/GRDVULN/correction/.venv/lib64/python3.11/site-packages/sklearn/impute/_base.py:647: UserWarning: Skipping features without any observed values: ['od_max_conf_chlorine_contact' 'od_max_conf_drying_bed'
 'od_max_conf_oxidation_pond']. At least one non-missing value is needed for imputation with strategy='median'.
  warnings.warn(
/work/GRDVULN/correction/.venv/lib64/python3.11/site-packages/sklearn/impute/_base.py:647: UserWarning: Skipping features without any observed values: ['od_max_conf_chlorine_contact' 'od_max_conf_drying_bed'
 'od_max_conf_oxidation_pond']. At least one non-missing value is needed for imputation with strategy='median'.
  warnings.warn(
/work/GRDVULN/correction/.venv/lib64/python3.11/site-packages/sklearn/impute/_base.py:647: UserWarning: Skipping features without any observed values: ['od_max_conf_chlorine_contact' 'od_max_conf_drying_bed'
 'od_max_conf_oxidation_pond']. At least one non-missing value is needed for imputation with strategy='median'.
  warnings.warn(
/work/GRDVULN/correction/.venv/lib64/python3.11/site-packages/sklearn/impute/_base.py:647: UserWarning: Skipping features without any observed values: ['od_max_conf_chlorine_contact' 'od_max_conf_drying_bed'
 'od_max_conf_oxidation_pond']. At least one non-missing value is needed for imputation with strategy='median'.
  warnings.warn(
/work/GRDVULN/correction/.venv/lib64/python3.11/site-packages/sklearn/impute/_base.py:647: UserWarning: Skipping features without any observed values: ['od_max_conf_chlorine_contact' 'od_max_conf_drying_bed'
 'od_max_conf_oxidation_pond']. At least one non-missing value is needed for imputation with strategy='median'.
  warnings.warn(
/work/GRDVULN/correction/.venv/lib64/python3.11/site-packages/sklearn/impute/_base.py:647: UserWarning: Skipping features without any observed values: ['od_max_conf_chlorine_contact' 'od_max_conf_drying_bed'
 'od_max_conf_oxidation_pond']. At least one non-missing value is needed for imputation with strategy='median'.
  warnings.warn(
/work/GRDVULN/correction/.venv/lib64/python3.11/site-packages/sklearn/impute/_base.py:647: UserWarning: Skipping features without any observed values: ['od_max_conf_chlorine_contact' 'od_max_conf_drying_bed'
 'od_max_conf_oxidation_pond']. At least one non-missing value is needed for imputation with strategy='median'.
  warnings.warn(
/work/GRDVULN/correction/.venv/lib64/python3.11/site-packages/sklearn/impute/_base.py:647: UserWarning: Skipping features without any observed values: ['od_max_conf_chlorine_contact' 'od_max_conf_drying_bed'
 'od_max_conf_oxidation_pond']. At least one non-missing value is needed for imputation with strategy='median'.
  warnings.warn(
/work/GRDVULN/correction/.venv/lib64/python3.11/site-packages/sklearn/impute/_base.py:647: UserWarning: Skipping features without any observed values: ['od_max_conf_chlorine_contact' 'od_max_conf_drying_bed'
 'od_max_conf_oxidation_pond']. At least one non-missing value is needed for imputation with strategy='median'.
  warnings.warn(
/work/GRDVULN/correction/.venv/lib64/python3.11/site-packages/sklearn/impute/_base.py:647: UserWarning: Skipping features without any observed values: ['od_max_conf_chlorine_contact' 'od_max_conf_drying_bed'
 'od_max_conf_oxidation_pond']. At least one non-missing value is needed for imputation with strategy='median'.
  warnings.warn(
/work/GRDVULN/correction/.venv/lib64/python3.11/site-packages/sklearn/impute/_base.py:647: UserWarning: Skipping features without any observed values: ['od_max_conf_chlorine_contact' 'od_max_conf_drying_bed'
 'od_max_conf_oxidation_pond']. At least one non-missing value is needed for imputation with strategy='median'.
  warnings.warn(
/work/GRDVULN/correction/.venv/lib64/python3.11/site-packages/sklearn/impute/_base.py:647: UserWarning: Skipping features without any observed values: ['od_max_conf_chlorine_contact' 'od_max_conf_drying_bed'
 'od_max_conf_oxidation_pond']. At least one non-missing value is needed for imputation with strategy='median'.
  warnings.warn(
/work/GRDVULN/correction/.venv/lib64/python3.11/site-packages/sklearn/impute/_base.py:647: UserWarning: Skipping features without any observed values: ['od_max_conf_chlorine_contact' 'od_max_conf_drying_bed'
 'od_max_conf_oxidation_pond']. At least one non-missing value is needed for imputation with strategy='median'.
  warnings.warn(
/work/GRDVULN/correction/.venv/lib64/python3.11/site-packages/sklearn/impute/_base.py:647: UserWarning: Skipping features without any observed values: ['od_max_conf_chlorine_contact' 'od_max_conf_drying_bed'
 'od_max_conf_oxidation_pond']. At least one non-missing value is needed for imputation with strategy='median'.
  warnings.warn(
/work/GRDVULN/correction/.venv/lib64/python3.11/site-packages/sklearn/impute/_base.py:647: UserWarning: Skipping features without any observed values: ['od_max_conf_chlorine_contact' 'od_max_conf_drying_bed'
 'od_max_conf_oxidation_pond']. At least one non-missing value is needed for imputation with strategy='median'.
  warnings.warn(
/work/GRDVULN/correction/.venv/lib64/python3.11/site-packages/sklearn/impute/_base.py:647: UserWarning: Skipping features without any observed values: ['od_max_conf_chlorine_contact' 'od_max_conf_drying_bed'
 'od_max_conf_oxidation_pond']. At least one non-missing value is needed for imputation with strategy='median'.
  warnings.warn(
/work/GRDVULN/correction/.venv/lib64/python3.11/site-packages/sklearn/impute/_base.py:647: UserWarning: Skipping features without any observed values: ['od_max_conf_chlorine_contact' 'od_max_conf_drying_bed'
 'od_max_conf_oxidation_pond']. At least one non-missing value is needed for imputation with strategy='median'.
  warnings.warn(
/work/GRDVULN/correction/.venv/lib64/python3.11/site-packages/sklearn/impute/_base.py:647: UserWarning: Skipping features without any observed values: ['od_max_conf_chlorine_contact' 'od_max_conf_drying_bed'
 'od_max_conf_oxidation_pond']. At least one non-missing value is needed for imputation with strategy='median'.
  warnings.warn(
/work/GRDVULN/correction/.venv/lib64/python3.11/site-packages/sklearn/impute/_base.py:647: UserWarning: Skipping features without any observed values: ['od_max_conf_chlorine_contact' 'od_max_conf_drying_bed'
 'od_max_conf_oxidation_pond']. At least one non-missing value is needed for imputation with strategy='median'.
  warnings.warn(
/work/GRDVULN/correction/.venv/lib64/python3.11/site-packages/sklearn/impute/_base.py:647: UserWarning: Skipping features without any observed values: ['od_max_conf_chlorine_contact' 'od_max_conf_drying_bed'
 'od_max_conf_oxidation_pond']. At least one non-missing value is needed for imputation with strategy='median'.
  warnings.warn(
/work/GRDVULN/correction/.venv/lib64/python3.11/site-packages/sklearn/impute/_base.py:647: UserWarning: Skipping features without any observed values: ['od_max_conf_chlorine_contact' 'od_max_conf_drying_bed'
 'od_max_conf_oxidation_pond']. At least one non-missing value is needed for imputation with strategy='median'.
  warnings.warn(
/work/GRDVULN/correction/.venv/lib64/python3.11/site-packages/sklearn/impute/_base.py:647: UserWarning: Skipping features without any observed values: ['od_max_conf_chlorine_contact' 'od_max_conf_drying_bed'
 'od_max_conf_oxidation_pond']. At least one non-missing value is needed for imputation with strategy='median'.
  warnings.warn(
/work/GRDVULN/correction/.venv/lib64/python3.11/site-packages/sklearn/impute/_base.py:647: UserWarning: Skipping features without any observed values: ['od_max_conf_chlorine_contact' 'od_max_conf_drying_bed'
 'od_max_conf_oxidation_pond']. At least one non-missing value is needed for imputation with strategy='median'.
  warnings.warn(
/work/GRDVULN/correction/.venv/lib64/python3.11/site-packages/sklearn/impute/_base.py:647: UserWarning: Skipping features without any observed values: ['od_max_conf_chlorine_contact' 'od_max_conf_drying_bed'
 'od_max_conf_oxidation_pond']. At least one non-missing value is needed for imputation with strategy='median'.
  warnings.warn(
/work/GRDVULN/correction/.venv/lib64/python3.11/site-packages/sklearn/impute/_base.py:647: UserWarning: Skipping features without any observed values: ['od_max_conf_chlorine_contact' 'od_max_conf_drying_bed'
 'od_max_conf_oxidation_pond']. At least one non-missing value is needed for imputation with strategy='median'.
  warnings.warn(
/work/GRDVULN/correction/.venv/lib64/python3.11/site-packages/sklearn/impute/_base.py:647: UserWarning: Skipping features without any observed values: ['od_max_conf_chlorine_contact' 'od_max_conf_drying_bed'
 'od_max_conf_oxidation_pond']. At least one non-missing value is needed for imputation with strategy='median'.
  warnings.warn(
/work/GRDVULN/correction/.venv/lib64/python3.11/site-packages/sklearn/impute/_base.py:647: UserWarning: Skipping features without any observed values: ['od_max_conf_chlorine_contact' 'od_max_conf_drying_bed'
 'od_max_conf_oxidation_pond']. At least one non-missing value is needed for imputation with strategy='median'.
  warnings.warn(
/work/GRDVULN/correction/.venv/lib64/python3.11/site-packages/sklearn/impute/_base.py:647: UserWarning: Skipping features without any observed values: ['od_max_conf_chlorine_contact' 'od_max_conf_drying_bed'
 'od_max_conf_oxidation_pond']. At least one non-missing value is needed for imputation with strategy='median'.
  warnings.warn(
/work/GRDVULN/correction/.venv/lib64/python3.11/site-packages/sklearn/impute/_base.py:647: UserWarning: Skipping features without any observed values: ['od_max_conf_chlorine_contact' 'od_max_conf_drying_bed'
 'od_max_conf_oxidation_pond']. At least one non-missing value is needed for imputation with strategy='median'.
  warnings.warn(
/work/GRDVULN/correction/.venv/lib64/python3.11/site-packages/sklearn/impute/_base.py:647: UserWarning: Skipping features without any observed values: ['od_max_conf_chlorine_contact' 'od_max_conf_drying_bed'
 'od_max_conf_oxidation_pond']. At least one non-missing value is needed for imputation with strategy='median'.
  warnings.warn(
/work/GRDVULN/correction/.venv/lib64/python3.11/site-packages/sklearn/impute/_base.py:647: UserWarning: Skipping features without any observed values: ['od_max_conf_chlorine_contact' 'od_max_conf_drying_bed'
 'od_max_conf_oxidation_pond']. At least one non-missing value is needed for imputation with strategy='median'.
  warnings.warn(
/work/GRDVULN/correction/.venv/lib64/python3.11/site-packages/sklearn/impute/_base.py:647: UserWarning: Skipping features without any observed values: ['od_max_conf_chlorine_contact' 'od_max_conf_drying_bed'
 'od_max_conf_oxidation_pond']. At least one non-missing value is needed for imputation with strategy='median'.
  warnings.warn(
/work/GRDVULN/correction/.venv/lib64/python3.11/site-packages/sklearn/impute/_base.py:647: UserWarning: Skipping features without any observed values: ['od_max_conf_chlorine_contact' 'od_max_conf_drying_bed'
 'od_max_conf_oxidation_pond']. At least one non-missing value is needed for imputation with strategy='median'.
  warnings.warn(
/work/GRDVULN/correction/.venv/lib64/python3.11/site-packages/sklearn/impute/_base.py:647: UserWarning: Skipping features without any observed values: ['od_max_conf_chlorine_contact' 'od_max_conf_drying_bed'
 'od_max_conf_oxidation_pond']. At least one non-missing value is needed for imputation with strategy='median'.
  warnings.warn(
/work/GRDVULN/correction/.venv/lib64/python3.11/site-packages/sklearn/impute/_base.py:647: UserWarning: Skipping features without any observed values: ['od_max_conf_chlorine_contact' 'od_max_conf_drying_bed'
 'od_max_conf_oxidation_pond']. At least one non-missing value is needed for imputation with strategy='median'.
  warnings.warn(
/work/GRDVULN/correction/.venv/lib64/python3.11/site-packages/sklearn/impute/_base.py:647: UserWarning: Skipping features without any observed values: ['od_max_conf_chlorine_contact' 'od_max_conf_drying_bed'
 'od_max_conf_oxidation_pond']. At least one non-missing value is needed for imputation with strategy='median'.
  warnings.warn(
/work/GRDVULN/correction/.venv/lib64/python3.11/site-packages/sklearn/impute/_base.py:647: UserWarning: Skipping features without any observed values: ['od_max_conf_chlorine_contact' 'od_max_conf_drying_bed'
 'od_max_conf_oxidation_pond']. At least one non-missing value is needed for imputation with strategy='median'.
  warnings.warn(
/work/GRDVULN/correction/.venv/lib64/python3.11/site-packages/sklearn/impute/_base.py:647: UserWarning: Skipping features without any observed values: ['od_max_conf_chlorine_contact' 'od_max_conf_drying_bed'
 'od_max_conf_oxidation_pond']. At least one non-missing value is needed for imputation with strategy='median'.
  warnings.warn(
/work/GRDVULN/correction/.venv/lib64/python3.11/site-packages/sklearn/impute/_base.py:647: UserWarning: Skipping features without any observed values: ['od_max_conf_chlorine_contact' 'od_max_conf_drying_bed'
 'od_max_conf_oxidation_pond']. At least one non-missing value is needed for imputation with strategy='median'.
  warnings.warn(
/work/GRDVULN/correction/.venv/lib64/python3.11/site-packages/sklearn/impute/_base.py:647: UserWarning: Skipping features without any observed values: ['od_max_conf_chlorine_contact' 'od_max_conf_drying_bed'
 'od_max_conf_oxidation_pond']. At least one non-missing value is needed for imputation with strategy='median'.
  warnings.warn(
/work/GRDVULN/correction/.venv/lib64/python3.11/site-packages/sklearn/impute/_base.py:647: UserWarning: Skipping features without any observed values: ['od_max_conf_chlorine_contact' 'od_max_conf_drying_bed'
 'od_max_conf_oxidation_pond']. At least one non-missing value is needed for imputation with strategy='median'.
  warnings.warn(
/work/GRDVULN/correction/.venv/lib64/python3.11/site-packages/sklearn/impute/_base.py:647: UserWarning: Skipping features without any observed values: ['od_max_conf_chlorine_contact' 'od_max_conf_drying_bed'
 'od_max_conf_oxidation_pond']. At least one non-missing value is needed for imputation with strategy='median'.
  warnings.warn(
/work/GRDVULN/correction/.venv/lib64/python3.11/site-packages/sklearn/impute/_base.py:647: UserWarning: Skipping features without any observed values: ['od_max_conf_chlorine_contact' 'od_max_conf_drying_bed'
 'od_max_conf_oxidation_pond']. At least one non-missing value is needed for imputation with strategy='median'.
  warnings.warn(
/work/GRDVULN/correction/.venv/lib64/python3.11/site-packages/sklearn/impute/_base.py:647: UserWarning: Skipping features without any observed values: ['od_max_conf_chlorine_contact' 'od_max_conf_drying_bed'
 'od_max_conf_oxidation_pond']. At least one non-missing value is needed for imputation with strategy='median'.
  warnings.warn(
/work/GRDVULN/correction/.venv/lib64/python3.11/site-packages/sklearn/impute/_base.py:647: UserWarning: Skipping features without any observed values: ['od_max_conf_chlorine_contact' 'od_max_conf_drying_bed'
 'od_max_conf_oxidation_pond']. At least one non-missing value is needed for imputation with strategy='median'.
  warnings.warn(
/work/GRDVULN/correction/.venv/lib64/python3.11/site-packages/sklearn/impute/_base.py:647: UserWarning: Skipping features without any observed values: ['od_max_conf_chlorine_contact' 'od_max_conf_drying_bed'
 'od_max_conf_oxidation_pond']. At least one non-missing value is needed for imputation with strategy='median'.
  warnings.warn(
/work/GRDVULN/correction/.venv/lib64/python3.11/site-packages/sklearn/impute/_base.py:647: UserWarning: Skipping features without any observed values: ['od_max_conf_chlorine_contact' 'od_max_conf_drying_bed'
 'od_max_conf_oxidation_pond']. At least one non-missing value is needed for imputation with strategy='median'.
  warnings.warn(
/work/GRDVULN/correction/.venv/lib64/python3.11/site-packages/sklearn/impute/_base.py:647: UserWarning: Skipping features without any observed values: ['od_max_conf_chlorine_contact' 'od_max_conf_drying_bed'
 'od_max_conf_oxidation_pond']. At least one non-missing value is needed for imputation with strategy='median'.
  warnings.warn(
/work/GRDVULN/correction/.venv/lib64/python3.11/site-packages/sklearn/impute/_base.py:647: UserWarning: Skipping features without any observed values: ['od_max_conf_chlorine_contact' 'od_max_conf_drying_bed'
 'od_max_conf_oxidation_pond']. At least one non-missing value is needed for imputation with strategy='median'.
  warnings.warn(
/work/GRDVULN/correction/.venv/lib64/python3.11/site-packages/sklearn/impute/_base.py:647: UserWarning: Skipping features without any observed values: ['od_max_conf_chlorine_contact' 'od_max_conf_drying_bed'
 'od_max_conf_oxidation_pond']. At least one non-missing value is needed for imputation with strategy='median'.
  warnings.warn(
/work/GRDVULN/correction/.venv/lib64/python3.11/site-packages/sklearn/impute/_base.py:647: UserWarning: Skipping features without any observed values: ['od_max_conf_chlorine_contact' 'od_max_conf_drying_bed'
 'od_max_conf_oxidation_pond']. At least one non-missing value is needed for imputation with strategy='median'.
  warnings.warn(
/work/GRDVULN/correction/.venv/lib64/python3.11/site-packages/sklearn/impute/_base.py:647: UserWarning: Skipping features without any observed values: ['od_max_conf_chlorine_contact' 'od_max_conf_drying_bed'
 'od_max_conf_oxidation_pond']. At least one non-missing value is needed for imputation with strategy='median'.
  warnings.warn(
/work/GRDVULN/correction/.venv/lib64/python3.11/site-packages/sklearn/impute/_base.py:647: UserWarning: Skipping features without any observed values: ['od_max_conf_chlorine_contact' 'od_max_conf_drying_bed'
 'od_max_conf_oxidation_pond']. At least one non-missing value is needed for imputation with strategy='median'.
  warnings.warn(
/work/GRDVULN/correction/.venv/lib64/python3.11/site-packages/sklearn/impute/_base.py:647: UserWarning: Skipping features without any observed values: ['od_max_conf_chlorine_contact' 'od_max_conf_drying_bed'
 'od_max_conf_oxidation_pond']. At least one non-missing value is needed for imputation with strategy='median'.
  warnings.warn(
/work/GRDVULN/correction/.venv/lib64/python3.11/site-packages/sklearn/impute/_base.py:647: UserWarning: Skipping features without any observed values: ['od_max_conf_chlorine_contact' 'od_max_conf_drying_bed'
 'od_max_conf_oxidation_pond']. At least one non-missing value is needed for imputation with strategy='median'.
  warnings.warn(
/work/GRDVULN/correction/.venv/lib64/python3.11/site-packages/sklearn/impute/_base.py:647: UserWarning: Skipping features without any observed values: ['od_max_conf_chlorine_contact' 'od_max_conf_drying_bed'
 'od_max_conf_oxidation_pond']. At least one non-missing value is needed for imputation with strategy='median'.
  warnings.warn(
/work/GRDVULN/correction/.venv/lib64/python3.11/site-packages/sklearn/impute/_base.py:647: UserWarning: Skipping features without any observed values: ['od_max_conf_chlorine_contact' 'od_max_conf_drying_bed'
 'od_max_conf_oxidation_pond']. At least one non-missing value is needed for imputation with strategy='median'.
  warnings.warn(
/work/GRDVULN/correction/.venv/lib64/python3.11/site-packages/sklearn/impute/_base.py:647: UserWarning: Skipping features without any observed values: ['od_max_conf_chlorine_contact' 'od_max_conf_drying_bed'
 'od_max_conf_oxidation_pond']. At least one non-missing value is needed for imputation with strategy='median'.
  warnings.warn(
/work/GRDVULN/correction/.venv/lib64/python3.11/site-packages/sklearn/impute/_base.py:647: UserWarning: Skipping features without any observed values: ['od_max_conf_chlorine_contact' 'od_max_conf_drying_bed'
 'od_max_conf_oxidation_pond']. At least one non-missing value is needed for imputation with strategy='median'.
  warnings.warn(
/work/GRDVULN/correction/.venv/lib64/python3.11/site-packages/sklearn/impute/_base.py:647: UserWarning: Skipping features without any observed values: ['od_max_conf_chlorine_contact' 'od_max_conf_drying_bed'
 'od_max_conf_oxidation_pond']. At least one non-missing value is needed for imputation with strategy='median'.
  warnings.warn(
/work/GRDVULN/correction/.venv/lib64/python3.11/site-packages/sklearn/impute/_base.py:647: UserWarning: Skipping features without any observed values: ['od_max_conf_chlorine_contact' 'od_max_conf_drying_bed'
 'od_max_conf_oxidation_pond']. At least one non-missing value is needed for imputation with strategy='median'.
  warnings.warn(
/work/GRDVULN/correction/.venv/lib64/python3.11/site-packages/sklearn/impute/_base.py:647: UserWarning: Skipping features without any observed values: ['od_max_conf_chlorine_contact' 'od_max_conf_drying_bed'
 'od_max_conf_oxidation_pond']. At least one non-missing value is needed for imputation with strategy='median'.
  warnings.warn(
/work/GRDVULN/correction/.venv/lib64/python3.11/site-packages/sklearn/impute/_base.py:647: UserWarning: Skipping features without any observed values: ['od_max_conf_chlorine_contact' 'od_max_conf_drying_bed'
 'od_max_conf_oxidation_pond']. At least one non-missing value is needed for imputation with strategy='median'.
  warnings.warn(
/work/GRDVULN/correction/.venv/lib64/python3.11/site-packages/sklearn/impute/_base.py:647: UserWarning: Skipping features without any observed values: ['od_max_conf_chlorine_contact' 'od_max_conf_drying_bed'
 'od_max_conf_oxidation_pond']. At least one non-missing value is needed for imputation with strategy='median'.
  warnings.warn(
/work/GRDVULN/correction/.venv/lib64/python3.11/site-packages/sklearn/impute/_base.py:647: UserWarning: Skipping features without any observed values: ['od_max_conf_chlorine_contact' 'od_max_conf_drying_bed'
 'od_max_conf_oxidation_pond']. At least one non-missing value is needed for imputation with strategy='median'.
  warnings.warn(
/work/GRDVULN/correction/.venv/lib64/python3.11/site-packages/sklearn/impute/_base.py:647: UserWarning: Skipping features without any observed values: ['od_max_conf_chlorine_contact' 'od_max_conf_drying_bed'
 'od_max_conf_oxidation_pond']. At least one non-missing value is needed for imputation with strategy='median'.
  warnings.warn(
/work/GRDVULN/correction/.venv/lib64/python3.11/site-packages/sklearn/impute/_base.py:647: UserWarning: Skipping features without any observed values: ['od_max_conf_chlorine_contact' 'od_max_conf_drying_bed'
 'od_max_conf_oxidation_pond']. At least one non-missing value is needed for imputation with strategy='median'.
  warnings.warn(
/work/GRDVULN/correction/.venv/lib64/python3.11/site-packages/sklearn/impute/_base.py:647: UserWarning: Skipping features without any observed values: ['od_max_conf_chlorine_contact' 'od_max_conf_drying_bed'
 'od_max_conf_oxidation_pond']. At least one non-missing value is needed for imputation with strategy='median'.
  warnings.warn(
/work/GRDVULN/correction/.venv/lib64/python3.11/site-packages/sklearn/impute/_base.py:647: UserWarning: Skipping features without any observed values: ['od_max_conf_chlorine_contact' 'od_max_conf_drying_bed'
 'od_max_conf_oxidation_pond']. At least one non-missing value is needed for imputation with strategy='median'.
  warnings.warn(
/work/GRDVULN/correction/.venv/lib64/python3.11/site-packages/sklearn/impute/_base.py:647: UserWarning: Skipping features without any observed values: ['od_max_conf_chlorine_contact' 'od_max_conf_drying_bed'
 'od_max_conf_oxidation_pond']. At least one non-missing value is needed for imputation with strategy='median'.
  warnings.warn(
/work/GRDVULN/correction/.venv/lib64/python3.11/site-packages/sklearn/impute/_base.py:647: UserWarning: Skipping features without any observed values: ['od_max_conf_chlorine_contact' 'od_max_conf_drying_bed'
 'od_max_conf_oxidation_pond']. At least one non-missing value is needed for imputation with strategy='median'.
  warnings.warn(
/work/GRDVULN/correction/.venv/lib64/python3.11/site-packages/sklearn/impute/_base.py:647: UserWarning: Skipping features without any observed values: ['od_max_conf_chlorine_contact' 'od_max_conf_drying_bed'
 'od_max_conf_oxidation_pond']. At least one non-missing value is needed for imputation with strategy='median'.
  warnings.warn(
/work/GRDVULN/correction/.venv/lib64/python3.11/site-packages/sklearn/impute/_base.py:647: UserWarning: Skipping features without any observed values: ['od_max_conf_chlorine_contact' 'od_max_conf_drying_bed'
 'od_max_conf_oxidation_pond']. At least one non-missing value is needed for imputation with strategy='median'.
  warnings.warn(
/work/GRDVULN/correction/.venv/lib64/python3.11/site-packages/sklearn/impute/_base.py:647: UserWarning: Skipping features without any observed values: ['od_max_conf_chlorine_contact' 'od_max_conf_drying_bed'
 'od_max_conf_oxidation_pond']. At least one non-missing value is needed for imputation with strategy='median'.
  warnings.warn(
/work/GRDVULN/correction/.venv/lib64/python3.11/site-packages/sklearn/impute/_base.py:647: UserWarning: Skipping features without any observed values: ['od_max_conf_chlorine_contact' 'od_max_conf_drying_bed'
 'od_max_conf_oxidation_pond']. At least one non-missing value is needed for imputation with strategy='median'.
  warnings.warn(
/work/GRDVULN/correction/.venv/lib64/python3.11/site-packages/sklearn/impute/_base.py:647: UserWarning: Skipping features without any observed values: ['od_max_conf_chlorine_contact' 'od_max_conf_drying_bed'
 'od_max_conf_oxidation_pond']. At least one non-missing value is needed for imputation with strategy='median'.
  warnings.warn(
/work/GRDVULN/correction/.venv/lib64/python3.11/site-packages/sklearn/impute/_base.py:647: UserWarning: Skipping features without any observed values: ['od_max_conf_chlorine_contact' 'od_max_conf_drying_bed'
 'od_max_conf_oxidation_pond']. At least one non-missing value is needed for imputation with strategy='median'.
  warnings.warn(
/work/GRDVULN/correction/.venv/lib64/python3.11/site-packages/sklearn/impute/_base.py:647: UserWarning: Skipping features without any observed values: ['od_max_conf_chlorine_contact' 'od_max_conf_drying_bed'
 'od_max_conf_oxidation_pond']. At least one non-missing value is needed for imputation with strategy='median'.
  warnings.warn(
/work/GRDVULN/correction/.venv/lib64/python3.11/site-packages/sklearn/impute/_base.py:647: UserWarning: Skipping features without any observed values: ['od_max_conf_chlorine_contact' 'od_max_conf_drying_bed'
 'od_max_conf_oxidation_pond']. At least one non-missing value is needed for imputation with strategy='median'.
  warnings.warn(
/work/GRDVULN/correction/.venv/lib64/python3.11/site-packages/sklearn/impute/_base.py:647: UserWarning: Skipping features without any observed values: ['od_max_conf_chlorine_contact' 'od_max_conf_drying_bed'
 'od_max_conf_oxidation_pond']. At least one non-missing value is needed for imputation with strategy='median'.
  warnings.warn(
/work/GRDVULN/correction/.venv/lib64/python3.11/site-packages/sklearn/impute/_base.py:647: UserWarning: Skipping features without any observed values: ['od_max_conf_chlorine_contact' 'od_max_conf_drying_bed'
 'od_max_conf_oxidation_pond']. At least one non-missing value is needed for imputation with strategy='median'.
  warnings.warn(
/work/GRDVULN/correction/.venv/lib64/python3.11/site-packages/sklearn/impute/_base.py:647: UserWarning: Skipping features without any observed values: ['od_max_conf_chlorine_contact' 'od_max_conf_drying_bed'
 'od_max_conf_oxidation_pond']. At least one non-missing value is needed for imputation with strategy='median'.
  warnings.warn(
/work/GRDVULN/correction/.venv/lib64/python3.11/site-packages/sklearn/impute/_base.py:647: UserWarning: Skipping features without any observed values: ['od_max_conf_chlorine_contact' 'od_max_conf_drying_bed'
 'od_max_conf_oxidation_pond']. At least one non-missing value is needed for imputation with strategy='median'.
  warnings.warn(
/work/GRDVULN/correction/.venv/lib64/python3.11/site-packages/sklearn/impute/_base.py:647: UserWarning: Skipping features without any observed values: ['od_max_conf_chlorine_contact' 'od_max_conf_drying_bed'
 'od_max_conf_oxidation_pond']. At least one non-missing value is needed for imputation with strategy='median'.
  warnings.warn(
/work/GRDVULN/correction/.venv/lib64/python3.11/site-packages/sklearn/impute/_base.py:647: UserWarning: Skipping features without any observed values: ['od_max_conf_chlorine_contact' 'od_max_conf_drying_bed'
 'od_max_conf_oxidation_pond']. At least one non-missing value is needed for imputation with strategy='median'.
  warnings.warn(
/work/GRDVULN/correction/.venv/lib64/python3.11/site-packages/sklearn/impute/_base.py:647: UserWarning: Skipping features without any observed values: ['od_max_conf_chlorine_contact' 'od_max_conf_drying_bed'
 'od_max_conf_oxidation_pond']. At least one non-missing value is needed for imputation with strategy='median'.
  warnings.warn(
/work/GRDVULN/correction/.venv/lib64/python3.11/site-packages/sklearn/impute/_base.py:647: UserWarning: Skipping features without any observed values: ['od_max_conf_chlorine_contact' 'od_max_conf_drying_bed'
 'od_max_conf_oxidation_pond']. At least one non-missing value is needed for imputation with strategy='median'.
  warnings.warn(
/work/GRDVULN/correction/.venv/lib64/python3.11/site-packages/sklearn/impute/_base.py:647: UserWarning: Skipping features without any observed values: ['od_max_conf_chlorine_contact' 'od_max_conf_drying_bed'
 'od_max_conf_oxidation_pond']. At least one non-missing value is needed for imputation with strategy='median'.
  warnings.warn(
/work/GRDVULN/correction/.venv/lib64/python3.11/site-packages/sklearn/impute/_base.py:647: UserWarning: Skipping features without any observed values: ['od_max_conf_chlorine_contact' 'od_max_conf_drying_bed'
 'od_max_conf_oxidation_pond']. At least one non-missing value is needed for imputation with strategy='median'.
  warnings.warn(
/work/GRDVULN/correction/.venv/lib64/python3.11/site-packages/sklearn/impute/_base.py:647: UserWarning: Skipping features without any observed values: ['od_max_conf_chlorine_contact' 'od_max_conf_drying_bed'
 'od_max_conf_oxidation_pond']. At least one non-missing value is needed for imputation with strategy='median'.
  warnings.warn(
/work/GRDVULN/correction/.venv/lib64/python3.11/site-packages/sklearn/impute/_base.py:647: UserWarning: Skipping features without any observed values: ['od_max_conf_chlorine_contact' 'od_max_conf_drying_bed'
 'od_max_conf_oxidation_pond']. At least one non-missing value is needed for imputation with strategy='median'.
  warnings.warn(
/work/GRDVULN/correction/.venv/lib64/python3.11/site-packages/sklearn/impute/_base.py:647: UserWarning: Skipping features without any observed values: ['od_max_conf_chlorine_contact' 'od_max_conf_drying_bed'
 'od_max_conf_oxidation_pond']. At least one non-missing value is needed for imputation with strategy='median'.
  warnings.warn(
/work/GRDVULN/correction/.venv/lib64/python3.11/site-packages/sklearn/impute/_base.py:647: UserWarning: Skipping features without any observed values: ['od_max_conf_chlorine_contact' 'od_max_conf_drying_bed'
 'od_max_conf_oxidation_pond']. At least one non-missing value is needed for imputation with strategy='median'.
  warnings.warn(
/work/GRDVULN/correction/.venv/lib64/python3.11/site-packages/sklearn/impute/_base.py:647: UserWarning: Skipping features without any observed values: ['od_max_conf_chlorine_contact' 'od_max_conf_drying_bed'
 'od_max_conf_oxidation_pond']. At least one non-missing value is needed for imputation with strategy='median'.
  warnings.warn(
/work/GRDVULN/correction/.venv/lib64/python3.11/site-packages/sklearn/impute/_base.py:647: UserWarning: Skipping features without any observed values: ['od_max_conf_chlorine_contact' 'od_max_conf_drying_bed'
 'od_max_conf_oxidation_pond']. At least one non-missing value is needed for imputation with strategy='median'.
  warnings.warn(
/work/GRDVULN/correction/.venv/lib64/python3.11/site-packages/sklearn/impute/_base.py:647: UserWarning: Skipping features without any observed values: ['od_max_conf_chlorine_contact' 'od_max_conf_drying_bed'
 'od_max_conf_oxidation_pond']. At least one non-missing value is needed for imputation with strategy='median'.
  warnings.warn(
/work/GRDVULN/correction/.venv/lib64/python3.11/site-packages/sklearn/impute/_base.py:647: UserWarning: Skipping features without any observed values: ['od_max_conf_chlorine_contact' 'od_max_conf_drying_bed'
 'od_max_conf_oxidation_pond']. At least one non-missing value is needed for imputation with strategy='median'.
  warnings.warn(
/work/GRDVULN/correction/.venv/lib64/python3.11/site-packages/sklearn/impute/_base.py:647: UserWarning: Skipping features without any observed values: ['od_max_conf_chlorine_contact' 'od_max_conf_drying_bed'
 'od_max_conf_oxidation_pond']. At least one non-missing value is needed for imputation with strategy='median'.
  warnings.warn(
/work/GRDVULN/correction/.venv/lib64/python3.11/site-packages/sklearn/impute/_base.py:647: UserWarning: Skipping features without any observed values: ['od_max_conf_chlorine_contact' 'od_max_conf_drying_bed'
 'od_max_conf_oxidation_pond']. At least one non-missing value is needed for imputation with strategy='median'.
  warnings.warn(
/work/GRDVULN/correction/.venv/lib64/python3.11/site-packages/sklearn/impute/_base.py:647: UserWarning: Skipping features without any observed values: ['od_max_conf_chlorine_contact' 'od_max_conf_drying_bed'
 'od_max_conf_oxidation_pond']. At least one non-missing value is needed for imputation with strategy='median'.
  warnings.warn(
/work/GRDVULN/correction/.venv/lib64/python3.11/site-packages/sklearn/impute/_base.py:647: UserWarning: Skipping features without any observed values: ['od_max_conf_chlorine_contact' 'od_max_conf_drying_bed'
 'od_max_conf_oxidation_pond']. At least one non-missing value is needed for imputation with strategy='median'.
  warnings.warn(
/work/GRDVULN/correction/.venv/lib64/python3.11/site-packages/sklearn/impute/_base.py:647: UserWarning: Skipping features without any observed values: ['od_max_conf_chlorine_contact' 'od_max_conf_drying_bed'
 'od_max_conf_oxidation_pond']. At least one non-missing value is needed for imputation with strategy='median'.
  warnings.warn(
/work/GRDVULN/correction/.venv/lib64/python3.11/site-packages/sklearn/impute/_base.py:647: UserWarning: Skipping features without any observed values: ['od_max_conf_chlorine_contact' 'od_max_conf_drying_bed'
 'od_max_conf_oxidation_pond']. At least one non-missing value is needed for imputation with strategy='median'.
  warnings.warn(
/work/GRDVULN/correction/.venv/lib64/python3.11/site-packages/sklearn/impute/_base.py:647: UserWarning: Skipping features without any observed values: ['od_max_conf_chlorine_contact' 'od_max_conf_drying_bed'
 'od_max_conf_oxidation_pond']. At least one non-missing value is needed for imputation with strategy='median'.
  warnings.warn(
/work/GRDVULN/correction/.venv/lib64/python3.11/site-packages/sklearn/impute/_base.py:647: UserWarning: Skipping features without any observed values: ['od_max_conf_chlorine_contact' 'od_max_conf_drying_bed'
 'od_max_conf_oxidation_pond']. At least one non-missing value is needed for imputation with strategy='median'.
  warnings.warn(
/work/GRDVULN/correction/.venv/lib64/python3.11/site-packages/sklearn/impute/_base.py:647: UserWarning: Skipping features without any observed values: ['od_max_conf_chlorine_contact' 'od_max_conf_drying_bed'
 'od_max_conf_oxidation_pond']. At least one non-missing value is needed for imputation with strategy='median'.
  warnings.warn(
/work/GRDVULN/correction/.venv/lib64/python3.11/site-packages/sklearn/impute/_base.py:647: UserWarning: Skipping features without any observed values: ['od_max_conf_chlorine_contact' 'od_max_conf_drying_bed'
 'od_max_conf_oxidation_pond']. At least one non-missing value is needed for imputation with strategy='median'.
  warnings.warn(
/work/GRDVULN/correction/.venv/lib64/python3.11/site-packages/sklearn/impute/_base.py:647: UserWarning: Skipping features without any observed values: ['od_max_conf_chlorine_contact' 'od_max_conf_drying_bed'
 'od_max_conf_oxidation_pond']. At least one non-missing value is needed for imputation with strategy='median'.
  warnings.warn(
/work/GRDVULN/correction/.venv/lib64/python3.11/site-packages/sklearn/impute/_base.py:647: UserWarning: Skipping features without any observed values: ['od_max_conf_chlorine_contact' 'od_max_conf_drying_bed'
 'od_max_conf_oxidation_pond']. At least one non-missing value is needed for imputation with strategy='median'.
  warnings.warn(
/work/GRDVULN/correction/.venv/lib64/python3.11/site-packages/sklearn/impute/_base.py:647: UserWarning: Skipping features without any observed values: ['od_max_conf_chlorine_contact' 'od_max_conf_drying_bed'
 'od_max_conf_oxidation_pond']. At least one non-missing value is needed for imputation with strategy='median'.
  warnings.warn(
/work/GRDVULN/correction/.venv/lib64/python3.11/site-packages/sklearn/impute/_base.py:647: UserWarning: Skipping features without any observed values: ['od_max_conf_chlorine_contact' 'od_max_conf_drying_bed'
 'od_max_conf_oxidation_pond']. At least one non-missing value is needed for imputation with strategy='median'.
  warnings.warn(
/work/GRDVULN/correction/.venv/lib64/python3.11/site-packages/sklearn/impute/_base.py:647: UserWarning: Skipping features without any observed values: ['od_max_conf_chlorine_contact' 'od_max_conf_drying_bed'
 'od_max_conf_oxidation_pond']. At least one non-missing value is needed for imputation with strategy='median'.
  warnings.warn(
/work/GRDVULN/correction/.venv/lib64/python3.11/site-packages/sklearn/impute/_base.py:647: UserWarning: Skipping features without any observed values: ['od_max_conf_chlorine_contact' 'od_max_conf_drying_bed'
 'od_max_conf_oxidation_pond']. At least one non-missing value is needed for imputation with strategy='median'.
  warnings.warn(
/work/GRDVULN/correction/.venv/lib64/python3.11/site-packages/sklearn/impute/_base.py:647: UserWarning: Skipping features without any observed values: ['od_max_conf_chlorine_contact' 'od_max_conf_drying_bed'
 'od_max_conf_oxidation_pond']. At least one non-missing value is needed for imputation with strategy='median'.
  warnings.warn(
/work/GRDVULN/correction/.venv/lib64/python3.11/site-packages/sklearn/impute/_base.py:647: UserWarning: Skipping features without any observed values: ['od_max_conf_chlorine_contact' 'od_max_conf_drying_bed'
 'od_max_conf_oxidation_pond']. At least one non-missing value is needed for imputation with strategy='median'.
  warnings.warn(
/work/GRDVULN/correction/.venv/lib64/python3.11/site-packages/sklearn/impute/_base.py:647: UserWarning: Skipping features without any observed values: ['od_max_conf_chlorine_contact' 'od_max_conf_drying_bed'
 'od_max_conf_oxidation_pond']. At least one non-missing value is needed for imputation with strategy='median'.
  warnings.warn(
/work/GRDVULN/correction/.venv/lib64/python3.11/site-packages/sklearn/impute/_base.py:647: UserWarning: Skipping features without any observed values: ['od_max_conf_chlorine_contact' 'od_max_conf_drying_bed'
 'od_max_conf_oxidation_pond']. At least one non-missing value is needed for imputation with strategy='median'.
  warnings.warn(
/work/GRDVULN/correction/.venv/lib64/python3.11/site-packages/sklearn/impute/_base.py:647: UserWarning: Skipping features without any observed values: ['od_max_conf_chlorine_contact' 'od_max_conf_drying_bed'
 'od_max_conf_oxidation_pond']. At least one non-missing value is needed for imputation with strategy='median'.
  warnings.warn(
/work/GRDVULN/correction/.venv/lib64/python3.11/site-packages/sklearn/impute/_base.py:647: UserWarning: Skipping features without any observed values: ['od_max_conf_chlorine_contact' 'od_max_conf_drying_bed'
 'od_max_conf_oxidation_pond']. At least one non-missing value is needed for imputation with strategy='median'.
  warnings.warn(
/work/GRDVULN/correction/.venv/lib64/python3.11/site-packages/sklearn/impute/_base.py:647: UserWarning: Skipping features without any observed values: ['od_max_conf_chlorine_contact' 'od_max_conf_drying_bed'
 'od_max_conf_oxidation_pond']. At least one non-missing value is needed for imputation with strategy='median'.
  warnings.warn(
/work/GRDVULN/correction/.venv/lib64/python3.11/site-packages/sklearn/impute/_base.py:647: UserWarning: Skipping features without any observed values: ['od_max_conf_chlorine_contact' 'od_max_conf_drying_bed'
 'od_max_conf_oxidation_pond']. At least one non-missing value is needed for imputation with strategy='median'.
  warnings.warn(
/work/GRDVULN/correction/.venv/lib64/python3.11/site-packages/sklearn/impute/_base.py:647: UserWarning: Skipping features without any observed values: ['od_max_conf_chlorine_contact' 'od_max_conf_drying_bed'
 'od_max_conf_oxidation_pond']. At least one non-missing value is needed for imputation with strategy='median'.
  warnings.warn(
/work/GRDVULN/correction/.venv/lib64/python3.11/site-packages/sklearn/impute/_base.py:647: UserWarning: Skipping features without any observed values: ['od_max_conf_chlorine_contact' 'od_max_conf_drying_bed'
 'od_max_conf_oxidation_pond']. At least one non-missing value is needed for imputation with strategy='median'.
  warnings.warn(
/work/GRDVULN/correction/.venv/lib64/python3.11/site-packages/sklearn/impute/_base.py:647: UserWarning: Skipping features without any observed values: ['od_max_conf_chlorine_contact' 'od_max_conf_drying_bed'
 'od_max_conf_oxidation_pond']. At least one non-missing value is needed for imputation with strategy='median'.
  warnings.warn(
/work/GRDVULN/correction/.venv/lib64/python3.11/site-packages/sklearn/impute/_base.py:647: UserWarning: Skipping features without any observed values: ['od_max_conf_chlorine_contact' 'od_max_conf_drying_bed'
 'od_max_conf_oxidation_pond']. At least one non-missing value is needed for imputation with strategy='median'.
  warnings.warn(
/work/GRDVULN/correction/.venv/lib64/python3.11/site-packages/sklearn/impute/_base.py:647: UserWarning: Skipping features without any observed values: ['od_max_conf_chlorine_contact' 'od_max_conf_drying_bed'
 'od_max_conf_oxidation_pond']. At least one non-missing value is needed for imputation with strategy='median'.
  warnings.warn(
/work/GRDVULN/correction/.venv/lib64/python3.11/site-packages/sklearn/impute/_base.py:647: UserWarning: Skipping features without any observed values: ['od_max_conf_chlorine_contact' 'od_max_conf_drying_bed'
 'od_max_conf_oxidation_pond']. At least one non-missing value is needed for imputation with strategy='median'.
  warnings.warn(
/work/GRDVULN/correction/.venv/lib64/python3.11/site-packages/sklearn/impute/_base.py:647: UserWarning: Skipping features without any observed values: ['od_max_conf_chlorine_contact' 'od_max_conf_drying_bed'
 'od_max_conf_oxidation_pond']. At least one non-missing value is needed for imputation with strategy='median'.
  warnings.warn(
/work/GRDVULN/correction/.venv/lib64/python3.11/site-packages/sklearn/impute/_base.py:647: UserWarning: Skipping features without any observed values: ['od_max_conf_chlorine_contact' 'od_max_conf_drying_bed'
 'od_max_conf_oxidation_pond']. At least one non-missing value is needed for imputation with strategy='median'.
  warnings.warn(
/work/GRDVULN/correction/.venv/lib64/python3.11/site-packages/sklearn/impute/_base.py:647: UserWarning: Skipping features without any observed values: ['od_max_conf_chlorine_contact' 'od_max_conf_drying_bed'
 'od_max_conf_oxidation_pond']. At least one non-missing value is needed for imputation with strategy='median'.
  warnings.warn(
/work/GRDVULN/correction/.venv/lib64/python3.11/site-packages/sklearn/impute/_base.py:647: UserWarning: Skipping features without any observed values: ['od_max_conf_chlorine_contact' 'od_max_conf_drying_bed'
 'od_max_conf_oxidation_pond']. At least one non-missing value is needed for imputation with strategy='median'.
  warnings.warn(
/work/GRDVULN/correction/.venv/lib64/python3.11/site-packages/sklearn/impute/_base.py:647: UserWarning: Skipping features without any observed values: ['od_max_conf_chlorine_contact' 'od_max_conf_drying_bed'
 'od_max_conf_oxidation_pond']. At least one non-missing value is needed for imputation with strategy='median'.
  warnings.warn(
/work/GRDVULN/correction/.venv/lib64/python3.11/site-packages/sklearn/impute/_base.py:647: UserWarning: Skipping features without any observed values: ['od_max_conf_chlorine_contact' 'od_max_conf_drying_bed'
 'od_max_conf_oxidation_pond']. At least one non-missing value is needed for imputation with strategy='median'.
  warnings.warn(
/work/GRDVULN/correction/.venv/lib64/python3.11/site-packages/sklearn/impute/_base.py:647: UserWarning: Skipping features without any observed values: ['od_max_conf_chlorine_contact' 'od_max_conf_drying_bed'
 'od_max_conf_oxidation_pond']. At least one non-missing value is needed for imputation with strategy='median'.
  warnings.warn(
/work/GRDVULN/correction/.venv/lib64/python3.11/site-packages/sklearn/impute/_base.py:647: UserWarning: Skipping features without any observed values: ['od_max_conf_chlorine_contact' 'od_max_conf_drying_bed'
 'od_max_conf_oxidation_pond']. At least one non-missing value is needed for imputation with strategy='median'.
  warnings.warn(
/work/GRDVULN/correction/.venv/lib64/python3.11/site-packages/sklearn/impute/_base.py:647: UserWarning: Skipping features without any observed values: ['od_max_conf_chlorine_contact' 'od_max_conf_drying_bed'
 'od_max_conf_oxidation_pond']. At least one non-missing value is needed for imputation with strategy='median'.
  warnings.warn(
/work/GRDVULN/correction/.venv/lib64/python3.11/site-packages/sklearn/impute/_base.py:647: UserWarning: Skipping features without any observed values: ['od_max_conf_chlorine_contact' 'od_max_conf_drying_bed'
 'od_max_conf_oxidation_pond']. At least one non-missing value is needed for imputation with strategy='median'.
  warnings.warn(
/work/GRDVULN/correction/.venv/lib64/python3.11/site-packages/sklearn/impute/_base.py:647: UserWarning: Skipping features without any observed values: ['od_max_conf_chlorine_contact' 'od_max_conf_drying_bed'
 'od_max_conf_oxidation_pond']. At least one non-missing value is needed for imputation with strategy='median'.
  warnings.warn(
/work/GRDVULN/correction/.venv/lib64/python3.11/site-packages/sklearn/impute/_base.py:647: UserWarning: Skipping features without any observed values: ['od_max_conf_chlorine_contact' 'od_max_conf_drying_bed'
 'od_max_conf_oxidation_pond']. At least one non-missing value is needed for imputation with strategy='median'.
  warnings.warn(
/work/GRDVULN/correction/.venv/lib64/python3.11/site-packages/sklearn/impute/_base.py:647: UserWarning: Skipping features without any observed values: ['od_max_conf_chlorine_contact' 'od_max_conf_drying_bed'
 'od_max_conf_oxidation_pond']. At least one non-missing value is needed for imputation with strategy='median'.
  warnings.warn(
/work/GRDVULN/correction/.venv/lib64/python3.11/site-packages/sklearn/impute/_base.py:647: UserWarning: Skipping features without any observed values: ['od_max_conf_chlorine_contact' 'od_max_conf_drying_bed'
 'od_max_conf_oxidation_pond']. At least one non-missing value is needed for imputation with strategy='median'.
  warnings.warn(
/work/GRDVULN/correction/.venv/lib64/python3.11/site-packages/sklearn/impute/_base.py:647: UserWarning: Skipping features without any observed values: ['od_max_conf_chlorine_contact' 'od_max_conf_drying_bed'
 'od_max_conf_oxidation_pond']. At least one non-missing value is needed for imputation with strategy='median'.
  warnings.warn(
/work/GRDVULN/correction/.venv/lib64/python3.11/site-packages/sklearn/impute/_base.py:647: UserWarning: Skipping features without any observed values: ['od_max_conf_chlorine_contact' 'od_max_conf_drying_bed'
 'od_max_conf_oxidation_pond']. At least one non-missing value is needed for imputation with strategy='median'.
  warnings.warn(
/work/GRDVULN/correction/.venv/lib64/python3.11/site-packages/sklearn/impute/_base.py:647: UserWarning: Skipping features without any observed values: ['od_max_conf_chlorine_contact' 'od_max_conf_drying_bed'
 'od_max_conf_oxidation_pond']. At least one non-missing value is needed for imputation with strategy='median'.
  warnings.warn(
/work/GRDVULN/correction/.venv/lib64/python3.11/site-packages/sklearn/impute/_base.py:647: UserWarning: Skipping features without any observed values: ['od_max_conf_chlorine_contact' 'od_max_conf_drying_bed'
 'od_max_conf_oxidation_pond']. At least one non-missing value is needed for imputation with strategy='median'.
  warnings.warn(
/work/GRDVULN/correction/.venv/lib64/python3.11/site-packages/sklearn/impute/_base.py:647: UserWarning: Skipping features without any observed values: ['od_max_conf_chlorine_contact' 'od_max_conf_drying_bed'
 'od_max_conf_oxidation_pond']. At least one non-missing value is needed for imputation with strategy='median'.
  warnings.warn(
/work/GRDVULN/correction/.venv/lib64/python3.11/site-packages/sklearn/impute/_base.py:647: UserWarning: Skipping features without any observed values: ['od_max_conf_chlorine_contact' 'od_max_conf_drying_bed'
 'od_max_conf_oxidation_pond']. At least one non-missing value is needed for imputation with strategy='median'.
  warnings.warn(
/work/GRDVULN/correction/.venv/lib64/python3.11/site-packages/sklearn/impute/_base.py:647: UserWarning: Skipping features without any observed values: ['od_max_conf_chlorine_contact' 'od_max_conf_drying_bed'
 'od_max_conf_oxidation_pond']. At least one non-missing value is needed for imputation with strategy='median'.
  warnings.warn(
/work/GRDVULN/correction/.venv/lib64/python3.11/site-packages/sklearn/impute/_base.py:647: UserWarning: Skipping features without any observed values: ['od_max_conf_chlorine_contact' 'od_max_conf_drying_bed'
 'od_max_conf_oxidation_pond']. At least one non-missing value is needed for imputation with strategy='median'.
  warnings.warn(
/work/GRDVULN/correction/.venv/lib64/python3.11/site-packages/sklearn/impute/_base.py:647: UserWarning: Skipping features without any observed values: ['od_max_conf_chlorine_contact' 'od_max_conf_drying_bed'
 'od_max_conf_oxidation_pond']. At least one non-missing value is needed for imputation with strategy='median'.
  warnings.warn(
/work/GRDVULN/correction/.venv/lib64/python3.11/site-packages/sklearn/impute/_base.py:647: UserWarning: Skipping features without any observed values: ['od_max_conf_chlorine_contact' 'od_max_conf_drying_bed'
 'od_max_conf_oxidation_pond']. At least one non-missing value is needed for imputation with strategy='median'.
  warnings.warn(
/work/GRDVULN/correction/.venv/lib64/python3.11/site-packages/sklearn/impute/_base.py:647: UserWarning: Skipping features without any observed values: ['od_max_conf_chlorine_contact' 'od_max_conf_drying_bed'
 'od_max_conf_oxidation_pond']. At least one non-missing value is needed for imputation with strategy='median'.
  warnings.warn(
/work/GRDVULN/correction/.venv/lib64/python3.11/site-packages/sklearn/impute/_base.py:647: UserWarning: Skipping features without any observed values: ['od_max_conf_chlorine_contact' 'od_max_conf_drying_bed'
 'od_max_conf_oxidation_pond']. At least one non-missing value is needed for imputation with strategy='median'.
  warnings.warn(
/work/GRDVULN/correction/.venv/lib64/python3.11/site-packages/sklearn/impute/_base.py:647: UserWarning: Skipping features without any observed values: ['od_max_conf_chlorine_contact' 'od_max_conf_drying_bed'
 'od_max_conf_oxidation_pond']. At least one non-missing value is needed for imputation with strategy='median'.
  warnings.warn(
/work/GRDVULN/correction/.venv/lib64/python3.11/site-packages/sklearn/impute/_base.py:647: UserWarning: Skipping features without any observed values: ['od_max_conf_chlorine_contact' 'od_max_conf_drying_bed'
 'od_max_conf_oxidation_pond']. At least one non-missing value is needed for imputation with strategy='median'.
  warnings.warn(
/work/GRDVULN/correction/.venv/lib64/python3.11/site-packages/sklearn/impute/_base.py:647: UserWarning: Skipping features without any observed values: ['od_max_conf_chlorine_contact' 'od_max_conf_drying_bed'
 'od_max_conf_oxidation_pond']. At least one non-missing value is needed for imputation with strategy='median'.
  warnings.warn(
/work/GRDVULN/correction/.venv/lib64/python3.11/site-packages/sklearn/impute/_base.py:647: UserWarning: Skipping features without any observed values: ['od_max_conf_chlorine_contact' 'od_max_conf_drying_bed'
 'od_max_conf_oxidation_pond']. At least one non-missing value is needed for imputation with strategy='median'.
  warnings.warn(
/work/GRDVULN/correction/.venv/lib64/python3.11/site-packages/sklearn/impute/_base.py:647: UserWarning: Skipping features without any observed values: ['od_max_conf_chlorine_contact' 'od_max_conf_drying_bed'
 'od_max_conf_oxidation_pond']. At least one non-missing value is needed for imputation with strategy='median'.
  warnings.warn(
/work/GRDVULN/correction/.venv/lib64/python3.11/site-packages/sklearn/impute/_base.py:647: UserWarning: Skipping features without any observed values: ['od_max_conf_chlorine_contact' 'od_max_conf_drying_bed'
 'od_max_conf_oxidation_pond']. At least one non-missing value is needed for imputation with strategy='median'.
  warnings.warn(
/work/GRDVULN/correction/.venv/lib64/python3.11/site-packages/sklearn/impute/_base.py:647: UserWarning: Skipping features without any observed values: ['od_max_conf_chlorine_contact' 'od_max_conf_drying_bed'
 'od_max_conf_oxidation_pond']. At least one non-missing value is needed for imputation with strategy='median'.
  warnings.warn(
/work/GRDVULN/correction/.venv/lib64/python3.11/site-packages/sklearn/impute/_base.py:647: UserWarning: Skipping features without any observed values: ['od_max_conf_chlorine_contact' 'od_max_conf_drying_bed'
 'od_max_conf_oxidation_pond']. At least one non-missing value is needed for imputation with strategy='median'.
  warnings.warn(
/work/GRDVULN/correction/.venv/lib64/python3.11/site-packages/sklearn/impute/_base.py:647: UserWarning: Skipping features without any observed values: ['od_max_conf_chlorine_contact' 'od_max_conf_drying_bed'
 'od_max_conf_oxidation_pond']. At least one non-missing value is needed for imputation with strategy='median'.
  warnings.warn(
/work/GRDVULN/correction/.venv/lib64/python3.11/site-packages/sklearn/impute/_base.py:647: UserWarning: Skipping features without any observed values: ['od_max_conf_chlorine_contact' 'od_max_conf_drying_bed'
 'od_max_conf_oxidation_pond']. At least one non-missing value is needed for imputation with strategy='median'.
  warnings.warn(
/work/GRDVULN/correction/.venv/lib64/python3.11/site-packages/sklearn/impute/_base.py:647: UserWarning: Skipping features without any observed values: ['od_max_conf_chlorine_contact' 'od_max_conf_drying_bed'
 'od_max_conf_oxidation_pond']. At least one non-missing value is needed for imputation with strategy='median'.
  warnings.warn(
/work/GRDVULN/correction/.venv/lib64/python3.11/site-packages/sklearn/impute/_base.py:647: UserWarning: Skipping features without any observed values: ['od_max_conf_chlorine_contact' 'od_max_conf_drying_bed'
 'od_max_conf_oxidation_pond']. At least one non-missing value is needed for imputation with strategy='median'.
  warnings.warn(
/work/GRDVULN/correction/.venv/lib64/python3.11/site-packages/sklearn/impute/_base.py:647: UserWarning: Skipping features without any observed values: ['od_max_conf_chlorine_contact' 'od_max_conf_drying_bed'
 'od_max_conf_oxidation_pond']. At least one non-missing value is needed for imputation with strategy='median'.
  warnings.warn(
/work/GRDVULN/correction/.venv/lib64/python3.11/site-packages/sklearn/impute/_base.py:647: UserWarning: Skipping features without any observed values: ['od_max_conf_chlorine_contact' 'od_max_conf_drying_bed'
 'od_max_conf_oxidation_pond']. At least one non-missing value is needed for imputation with strategy='median'.
  warnings.warn(
/work/GRDVULN/correction/.venv/lib64/python3.11/site-packages/sklearn/impute/_base.py:647: UserWarning: Skipping features without any observed values: ['od_max_conf_chlorine_contact' 'od_max_conf_drying_bed'
 'od_max_conf_oxidation_pond']. At least one non-missing value is needed for imputation with strategy='median'.
  warnings.warn(
/work/GRDVULN/correction/.venv/lib64/python3.11/site-packages/sklearn/impute/_base.py:647: UserWarning: Skipping features without any observed values: ['od_max_conf_chlorine_contact' 'od_max_conf_drying_bed'
 'od_max_conf_oxidation_pond']. At least one non-missing value is needed for imputation with strategy='median'.
  warnings.warn(
/work/GRDVULN/correction/.venv/lib64/python3.11/site-packages/sklearn/impute/_base.py:647: UserWarning: Skipping features without any observed values: ['od_max_conf_chlorine_contact' 'od_max_conf_drying_bed'
 'od_max_conf_oxidation_pond']. At least one non-missing value is needed for imputation with strategy='median'.
  warnings.warn(
/work/GRDVULN/correction/.venv/lib64/python3.11/site-packages/sklearn/impute/_base.py:647: UserWarning: Skipping features without any observed values: ['od_max_conf_chlorine_contact' 'od_max_conf_drying_bed'
 'od_max_conf_oxidation_pond']. At least one non-missing value is needed for imputation with strategy='median'.
  warnings.warn(
/work/GRDVULN/correction/.venv/lib64/python3.11/site-packages/sklearn/impute/_base.py:647: UserWarning: Skipping features without any observed values: ['od_max_conf_chlorine_contact' 'od_max_conf_drying_bed'
 'od_max_conf_oxidation_pond']. At least one non-missing value is needed for imputation with strategy='median'.
  warnings.warn(
/work/GRDVULN/correction/.venv/lib64/python3.11/site-packages/sklearn/impute/_base.py:647: UserWarning: Skipping features without any observed values: ['od_max_conf_chlorine_contact' 'od_max_conf_drying_bed'
 'od_max_conf_oxidation_pond']. At least one non-missing value is needed for imputation with strategy='median'.
  warnings.warn(
/work/GRDVULN/correction/.venv/lib64/python3.11/site-packages/sklearn/impute/_base.py:647: UserWarning: Skipping features without any observed values: ['od_max_conf_chlorine_contact' 'od_max_conf_drying_bed'
 'od_max_conf_oxidation_pond']. At least one non-missing value is needed for imputation with strategy='median'.
  warnings.warn(
/work/GRDVULN/correction/.venv/lib64/python3.11/site-packages/sklearn/impute/_base.py:647: UserWarning: Skipping features without any observed values: ['od_max_conf_chlorine_contact' 'od_max_conf_drying_bed'
 'od_max_conf_oxidation_pond']. At least one non-missing value is needed for imputation with strategy='median'.
  warnings.warn(
/work/GRDVULN/correction/.venv/lib64/python3.11/site-packages/sklearn/impute/_base.py:647: UserWarning: Skipping features without any observed values: ['od_max_conf_chlorine_contact' 'od_max_conf_drying_bed'
 'od_max_conf_oxidation_pond']. At least one non-missing value is needed for imputation with strategy='median'.
  warnings.warn(
/work/GRDVULN/correction/.venv/lib64/python3.11/site-packages/sklearn/impute/_base.py:647: UserWarning: Skipping features without any observed values: ['od_max_conf_chlorine_contact' 'od_max_conf_drying_bed'
 'od_max_conf_oxidation_pond']. At least one non-missing value is needed for imputation with strategy='median'.
  warnings.warn(
/work/GRDVULN/correction/.venv/lib64/python3.11/site-packages/sklearn/impute/_base.py:647: UserWarning: Skipping features without any observed values: ['od_max_conf_chlorine_contact' 'od_max_conf_drying_bed'
 'od_max_conf_oxidation_pond']. At least one non-missing value is needed for imputation with strategy='median'.
  warnings.warn(
/work/GRDVULN/correction/.venv/lib64/python3.11/site-packages/sklearn/impute/_base.py:647: UserWarning: Skipping features without any observed values: ['od_max_conf_chlorine_contact' 'od_max_conf_drying_bed'
 'od_max_conf_oxidation_pond']. At least one non-missing value is needed for imputation with strategy='median'.
  warnings.warn(
/work/GRDVULN/correction/.venv/lib64/python3.11/site-packages/sklearn/impute/_base.py:647: UserWarning: Skipping features without any observed values: ['od_max_conf_chlorine_contact' 'od_max_conf_drying_bed'
 'od_max_conf_oxidation_pond']. At least one non-missing value is needed for imputation with strategy='median'.
  warnings.warn(
/work/GRDVULN/correction/.venv/lib64/python3.11/site-packages/sklearn/impute/_base.py:647: UserWarning: Skipping features without any observed values: ['od_max_conf_chlorine_contact' 'od_max_conf_drying_bed'
 'od_max_conf_oxidation_pond']. At least one non-missing value is needed for imputation with strategy='median'.
  warnings.warn(
/work/GRDVULN/correction/.venv/lib64/python3.11/site-packages/sklearn/impute/_base.py:647: UserWarning: Skipping features without any observed values: ['od_max_conf_chlorine_contact' 'od_max_conf_drying_bed'
 'od_max_conf_oxidation_pond']. At least one non-missing value is needed for imputation with strategy='median'.
  warnings.warn(
/work/GRDVULN/correction/.venv/lib64/python3.11/site-packages/sklearn/impute/_base.py:647: UserWarning: Skipping features without any observed values: ['od_max_conf_chlorine_contact' 'od_max_conf_drying_bed'
 'od_max_conf_oxidation_pond']. At least one non-missing value is needed for imputation with strategy='median'.
  warnings.warn(
/work/GRDVULN/correction/.venv/lib64/python3.11/site-packages/sklearn/impute/_base.py:647: UserWarning: Skipping features without any observed values: ['od_max_conf_chlorine_contact' 'od_max_conf_drying_bed'
 'od_max_conf_oxidation_pond']. At least one non-missing value is needed for imputation with strategy='median'.
  warnings.warn(
/work/GRDVULN/correction/.venv/lib64/python3.11/site-packages/sklearn/impute/_base.py:647: UserWarning: Skipping features without any observed values: ['od_max_conf_chlorine_contact' 'od_max_conf_drying_bed'
 'od_max_conf_oxidation_pond']. At least one non-missing value is needed for imputation with strategy='median'.
  warnings.warn(
/work/GRDVULN/correction/.venv/lib64/python3.11/site-packages/sklearn/impute/_base.py:647: UserWarning: Skipping features without any observed values: ['od_max_conf_chlorine_contact' 'od_max_conf_drying_bed'
 'od_max_conf_oxidation_pond']. At least one non-missing value is needed for imputation with strategy='median'.
  warnings.warn(
/work/GRDVULN/correction/.venv/lib64/python3.11/site-packages/sklearn/impute/_base.py:647: UserWarning: Skipping features without any observed values: ['od_max_conf_chlorine_contact' 'od_max_conf_drying_bed'
 'od_max_conf_oxidation_pond']. At least one non-missing value is needed for imputation with strategy='median'.
  warnings.warn(
/work/GRDVULN/correction/.venv/lib64/python3.11/site-packages/sklearn/impute/_base.py:647: UserWarning: Skipping features without any observed values: ['od_max_conf_chlorine_contact' 'od_max_conf_drying_bed'
 'od_max_conf_oxidation_pond']. At least one non-missing value is needed for imputation with strategy='median'.
  warnings.warn(
/work/GRDVULN/correction/.venv/lib64/python3.11/site-packages/sklearn/impute/_base.py:647: UserWarning: Skipping features without any observed values: ['od_max_conf_chlorine_contact' 'od_max_conf_drying_bed'
 'od_max_conf_oxidation_pond']. At least one non-missing value is needed for imputation with strategy='median'.
  warnings.warn(
/work/GRDVULN/correction/.venv/lib64/python3.11/site-packages/sklearn/impute/_base.py:647: UserWarning: Skipping features without any observed values: ['od_max_conf_chlorine_contact' 'od_max_conf_drying_bed'
 'od_max_conf_oxidation_pond']. At least one non-missing value is needed for imputation with strategy='median'.
  warnings.warn(
/work/GRDVULN/correction/.venv/lib64/python3.11/site-packages/sklearn/impute/_base.py:647: UserWarning: Skipping features without any observed values: ['od_max_conf_chlorine_contact' 'od_max_conf_drying_bed'
 'od_max_conf_oxidation_pond']. At least one non-missing value is needed for imputation with strategy='median'.
  warnings.warn(
/work/GRDVULN/correction/.venv/lib64/python3.11/site-packages/sklearn/impute/_base.py:647: UserWarning: Skipping features without any observed values: ['od_max_conf_chlorine_contact' 'od_max_conf_drying_bed'
 'od_max_conf_oxidation_pond']. At least one non-missing value is needed for imputation with strategy='median'.
  warnings.warn(
/work/GRDVULN/correction/.venv/lib64/python3.11/site-packages/sklearn/impute/_base.py:647: UserWarning: Skipping features without any observed values: ['od_max_conf_chlorine_contact' 'od_max_conf_drying_bed'
 'od_max_conf_oxidation_pond']. At least one non-missing value is needed for imputation with strategy='median'.
  warnings.warn(
/work/GRDVULN/correction/.venv/lib64/python3.11/site-packages/sklearn/impute/_base.py:647: UserWarning: Skipping features without any observed values: ['od_max_conf_chlorine_contact' 'od_max_conf_drying_bed'
 'od_max_conf_oxidation_pond']. At least one non-missing value is needed for imputation with strategy='median'.
  warnings.warn(
/work/GRDVULN/correction/.venv/lib64/python3.11/site-packages/sklearn/impute/_base.py:647: UserWarning: Skipping features without any observed values: ['od_max_conf_chlorine_contact' 'od_max_conf_drying_bed'
 'od_max_conf_oxidation_pond']. At least one non-missing value is needed for imputation with strategy='median'.
  warnings.warn(
/work/GRDVULN/correction/.venv/lib64/python3.11/site-packages/sklearn/impute/_base.py:647: UserWarning: Skipping features without any observed values: ['od_max_conf_chlorine_contact' 'od_max_conf_drying_bed'
 'od_max_conf_oxidation_pond']. At least one non-missing value is needed for imputation with strategy='median'.
  warnings.warn(
/work/GRDVULN/correction/.venv/lib64/python3.11/site-packages/sklearn/impute/_base.py:647: UserWarning: Skipping features without any observed values: ['od_max_conf_chlorine_contact' 'od_max_conf_drying_bed'
 'od_max_conf_oxidation_pond']. At least one non-missing value is needed for imputation with strategy='median'.
  warnings.warn(
/work/GRDVULN/correction/.venv/lib64/python3.11/site-packages/sklearn/impute/_base.py:647: UserWarning: Skipping features without any observed values: ['od_max_conf_chlorine_contact' 'od_max_conf_drying_bed'
 'od_max_conf_oxidation_pond']. At least one non-missing value is needed for imputation with strategy='median'.
  warnings.warn(
/work/GRDVULN/correction/.venv/lib64/python3.11/site-packages/sklearn/impute/_base.py:647: UserWarning: Skipping features without any observed values: ['od_max_conf_chlorine_contact' 'od_max_conf_drying_bed'
 'od_max_conf_oxidation_pond']. At least one non-missing value is needed for imputation with strategy='median'.
  warnings.warn(
/work/GRDVULN/correction/.venv/lib64/python3.11/site-packages/sklearn/impute/_base.py:647: UserWarning: Skipping features without any observed values: ['od_max_conf_chlorine_contact' 'od_max_conf_drying_bed'
 'od_max_conf_oxidation_pond']. At least one non-missing value is needed for imputation with strategy='median'.
  warnings.warn(
/work/GRDVULN/correction/.venv/lib64/python3.11/site-packages/sklearn/impute/_base.py:647: UserWarning: Skipping features without any observed values: ['od_max_conf_chlorine_contact' 'od_max_conf_drying_bed'
 'od_max_conf_oxidation_pond']. At least one non-missing value is needed for imputation with strategy='median'.
  warnings.warn(
/work/GRDVULN/correction/.venv/lib64/python3.11/site-packages/sklearn/impute/_base.py:647: UserWarning: Skipping features without any observed values: ['od_max_conf_chlorine_contact' 'od_max_conf_drying_bed'
 'od_max_conf_oxidation_pond']. At least one non-missing value is needed for imputation with strategy='median'.
  warnings.warn(
/work/GRDVULN/correction/.venv/lib64/python3.11/site-packages/sklearn/impute/_base.py:647: UserWarning: Skipping features without any observed values: ['od_max_conf_chlorine_contact' 'od_max_conf_drying_bed'
 'od_max_conf_oxidation_pond']. At least one non-missing value is needed for imputation with strategy='median'.
  warnings.warn(
/work/GRDVULN/correction/.venv/lib64/python3.11/site-packages/sklearn/impute/_base.py:647: UserWarning: Skipping features without any observed values: ['od_max_conf_chlorine_contact' 'od_max_conf_drying_bed'
 'od_max_conf_oxidation_pond']. At least one non-missing value is needed for imputation with strategy='median'.
  warnings.warn(
/work/GRDVULN/correction/.venv/lib64/python3.11/site-packages/sklearn/impute/_base.py:647: UserWarning: Skipping features without any observed values: ['od_max_conf_chlorine_contact' 'od_max_conf_drying_bed'
 'od_max_conf_oxidation_pond']. At least one non-missing value is needed for imputation with strategy='median'.
  warnings.warn(
/work/GRDVULN/correction/.venv/lib64/python3.11/site-packages/sklearn/impute/_base.py:647: UserWarning: Skipping features without any observed values: ['od_max_conf_chlorine_contact' 'od_max_conf_drying_bed'
 'od_max_conf_oxidation_pond']. At least one non-missing value is needed for imputation with strategy='median'.
  warnings.warn(
/work/GRDVULN/correction/.venv/lib64/python3.11/site-packages/sklearn/impute/_base.py:647: UserWarning: Skipping features without any observed values: ['od_max_conf_chlorine_contact' 'od_max_conf_drying_bed'
 'od_max_conf_oxidation_pond']. At least one non-missing value is needed for imputation with strategy='median'.
  warnings.warn(
/work/GRDVULN/correction/.venv/lib64/python3.11/site-packages/sklearn/impute/_base.py:647: UserWarning: Skipping features without any observed values: ['od_max_conf_chlorine_contact' 'od_max_conf_drying_bed'
 'od_max_conf_oxidation_pond']. At least one non-missing value is needed for imputation with strategy='median'.
  warnings.warn(
/work/GRDVULN/correction/.venv/lib64/python3.11/site-packages/sklearn/impute/_base.py:647: UserWarning: Skipping features without any observed values: ['od_max_conf_chlorine_contact' 'od_max_conf_drying_bed'
 'od_max_conf_oxidation_pond']. At least one non-missing value is needed for imputation with strategy='median'.
  warnings.warn(
/work/GRDVULN/correction/.venv/lib64/python3.11/site-packages/sklearn/impute/_base.py:647: UserWarning: Skipping features without any observed values: ['od_max_conf_chlorine_contact' 'od_max_conf_drying_bed'
 'od_max_conf_oxidation_pond']. At least one non-missing value is needed for imputation with strategy='median'.
  warnings.warn(
/work/GRDVULN/correction/.venv/lib64/python3.11/site-packages/sklearn/impute/_base.py:647: UserWarning: Skipping features without any observed values: ['od_max_conf_chlorine_contact' 'od_max_conf_drying_bed'
 'od_max_conf_oxidation_pond']. At least one non-missing value is needed for imputation with strategy='median'.
  warnings.warn(
/work/GRDVULN/correction/.venv/lib64/python3.11/site-packages/sklearn/impute/_base.py:647: UserWarning: Skipping features without any observed values: ['od_max_conf_chlorine_contact' 'od_max_conf_drying_bed'
 'od_max_conf_oxidation_pond']. At least one non-missing value is needed for imputation with strategy='median'.
  warnings.warn(
/work/GRDVULN/correction/.venv/lib64/python3.11/site-packages/sklearn/impute/_base.py:647: UserWarning: Skipping features without any observed values: ['od_max_conf_chlorine_contact' 'od_max_conf_drying_bed'
 'od_max_conf_oxidation_pond']. At least one non-missing value is needed for imputation with strategy='median'.
  warnings.warn(
/work/GRDVULN/correction/.venv/lib64/python3.11/site-packages/sklearn/impute/_base.py:647: UserWarning: Skipping features without any observed values: ['od_max_conf_chlorine_contact' 'od_max_conf_drying_bed'
 'od_max_conf_oxidation_pond']. At least one non-missing value is needed for imputation with strategy='median'.
  warnings.warn(
/work/GRDVULN/correction/.venv/lib64/python3.11/site-packages/sklearn/impute/_base.py:647: UserWarning: Skipping features without any observed values: ['od_max_conf_chlorine_contact' 'od_max_conf_drying_bed'
 'od_max_conf_oxidation_pond']. At least one non-missing value is needed for imputation with strategy='median'.
  warnings.warn(
/work/GRDVULN/correction/.venv/lib64/python3.11/site-packages/sklearn/impute/_base.py:647: UserWarning: Skipping features without any observed values: ['od_max_conf_chlorine_contact' 'od_max_conf_drying_bed'
 'od_max_conf_oxidation_pond']. At least one non-missing value is needed for imputation with strategy='median'.
  warnings.warn(
/work/GRDVULN/correction/.venv/lib64/python3.11/site-packages/sklearn/impute/_base.py:647: UserWarning: Skipping features without any observed values: ['od_max_conf_chlorine_contact' 'od_max_conf_drying_bed'
 'od_max_conf_oxidation_pond']. At least one non-missing value is needed for imputation with strategy='median'.
  warnings.warn(
/work/GRDVULN/correction/.venv/lib64/python3.11/site-packages/sklearn/impute/_base.py:647: UserWarning: Skipping features without any observed values: ['od_max_conf_chlorine_contact' 'od_max_conf_drying_bed'
 'od_max_conf_oxidation_pond']. At least one non-missing value is needed for imputation with strategy='median'.
  warnings.warn(
/work/GRDVULN/correction/.venv/lib64/python3.11/site-packages/sklearn/impute/_base.py:647: UserWarning: Skipping features without any observed values: ['od_max_conf_chlorine_contact' 'od_max_conf_drying_bed'
 'od_max_conf_oxidation_pond']. At least one non-missing value is needed for imputation with strategy='median'.
  warnings.warn(
/work/GRDVULN/correction/.venv/lib64/python3.11/site-packages/sklearn/impute/_base.py:647: UserWarning: Skipping features without any observed values: ['od_max_conf_chlorine_contact' 'od_max_conf_drying_bed'
 'od_max_conf_oxidation_pond']. At least one non-missing value is needed for imputation with strategy='median'.
  warnings.warn(
/work/GRDVULN/correction/.venv/lib64/python3.11/site-packages/sklearn/impute/_base.py:647: UserWarning: Skipping features without any observed values: ['od_max_conf_chlorine_contact' 'od_max_conf_drying_bed'
 'od_max_conf_oxidation_pond']. At least one non-missing value is needed for imputation with strategy='median'.
  warnings.warn(
/work/GRDVULN/correction/.venv/lib64/python3.11/site-packages/sklearn/impute/_base.py:647: UserWarning: Skipping features without any observed values: ['od_max_conf_chlorine_contact' 'od_max_conf_drying_bed'
 'od_max_conf_oxidation_pond']. At least one non-missing value is needed for imputation with strategy='median'.
  warnings.warn(
/work/GRDVULN/correction/.venv/lib64/python3.11/site-packages/sklearn/impute/_base.py:647: UserWarning: Skipping features without any observed values: ['od_max_conf_chlorine_contact' 'od_max_conf_drying_bed'
 'od_max_conf_oxidation_pond']. At least one non-missing value is needed for imputation with strategy='median'.
  warnings.warn(
/work/GRDVULN/correction/.venv/lib64/python3.11/site-packages/sklearn/impute/_base.py:647: UserWarning: Skipping features without any observed values: ['od_max_conf_chlorine_contact' 'od_max_conf_drying_bed'
 'od_max_conf_oxidation_pond']. At least one non-missing value is needed for imputation with strategy='median'.
  warnings.warn(
/work/GRDVULN/correction/.venv/lib64/python3.11/site-packages/sklearn/impute/_base.py:647: UserWarning: Skipping features without any observed values: ['od_max_conf_chlorine_contact' 'od_max_conf_drying_bed'
 'od_max_conf_oxidation_pond']. At least one non-missing value is needed for imputation with strategy='median'.
  warnings.warn(
/work/GRDVULN/correction/.venv/lib64/python3.11/site-packages/sklearn/impute/_base.py:647: UserWarning: Skipping features without any observed values: ['od_max_conf_chlorine_contact' 'od_max_conf_drying_bed'
 'od_max_conf_oxidation_pond']. At least one non-missing value is needed for imputation with strategy='median'.
  warnings.warn(
/work/GRDVULN/correction/.venv/lib64/python3.11/site-packages/sklearn/impute/_base.py:647: UserWarning: Skipping features without any observed values: ['od_max_conf_chlorine_contact' 'od_max_conf_drying_bed'
 'od_max_conf_oxidation_pond']. At least one non-missing value is needed for imputation with strategy='median'.
  warnings.warn(
/work/GRDVULN/correction/.venv/lib64/python3.11/site-packages/sklearn/impute/_base.py:647: UserWarning: Skipping features without any observed values: ['od_max_conf_chlorine_contact' 'od_max_conf_drying_bed'
 'od_max_conf_oxidation_pond']. At least one non-missing value is needed for imputation with strategy='median'.
  warnings.warn(
/work/GRDVULN/correction/.venv/lib64/python3.11/site-packages/sklearn/impute/_base.py:647: UserWarning: Skipping features without any observed values: ['od_max_conf_chlorine_contact' 'od_max_conf_drying_bed'
 'od_max_conf_oxidation_pond']. At least one non-missing value is needed for imputation with strategy='median'.
  warnings.warn(
/work/GRDVULN/correction/.venv/lib64/python3.11/site-packages/sklearn/impute/_base.py:647: UserWarning: Skipping features without any observed values: ['od_max_conf_chlorine_contact' 'od_max_conf_drying_bed'
 'od_max_conf_oxidation_pond']. At least one non-missing value is needed for imputation with strategy='median'.
  warnings.warn(
/work/GRDVULN/correction/.venv/lib64/python3.11/site-packages/sklearn/impute/_base.py:647: UserWarning: Skipping features without any observed values: ['od_max_conf_chlorine_contact' 'od_max_conf_drying_bed'
 'od_max_conf_oxidation_pond']. At least one non-missing value is needed for imputation with strategy='median'.
  warnings.warn(
/work/GRDVULN/correction/.venv/lib64/python3.11/site-packages/sklearn/impute/_base.py:647: UserWarning: Skipping features without any observed values: ['od_max_conf_chlorine_contact' 'od_max_conf_drying_bed'
 'od_max_conf_oxidation_pond']. At least one non-missing value is needed for imputation with strategy='median'.
  warnings.warn(
/work/GRDVULN/correction/.venv/lib64/python3.11/site-packages/sklearn/impute/_base.py:647: UserWarning: Skipping features without any observed values: ['od_max_conf_chlorine_contact' 'od_max_conf_drying_bed'
 'od_max_conf_oxidation_pond']. At least one non-missing value is needed for imputation with strategy='median'.
  warnings.warn(
/work/GRDVULN/correction/.venv/lib64/python3.11/site-packages/sklearn/impute/_base.py:647: UserWarning: Skipping features without any observed values: ['od_max_conf_chlorine_contact' 'od_max_conf_drying_bed'
 'od_max_conf_oxidation_pond']. At least one non-missing value is needed for imputation with strategy='median'.
  warnings.warn(
/work/GRDVULN/correction/.venv/lib64/python3.11/site-packages/sklearn/impute/_base.py:647: UserWarning: Skipping features without any observed values: ['od_max_conf_chlorine_contact' 'od_max_conf_drying_bed'
 'od_max_conf_oxidation_pond']. At least one non-missing value is needed for imputation with strategy='median'.
  warnings.warn(
/work/GRDVULN/correction/.venv/lib64/python3.11/site-packages/sklearn/impute/_base.py:647: UserWarning: Skipping features without any observed values: ['od_max_conf_chlorine_contact' 'od_max_conf_drying_bed'
 'od_max_conf_oxidation_pond']. At least one non-missing value is needed for imputation with strategy='median'.
  warnings.warn(
/work/GRDVULN/correction/.venv/lib64/python3.11/site-packages/sklearn/impute/_base.py:647: UserWarning: Skipping features without any observed values: ['od_max_conf_chlorine_contact' 'od_max_conf_drying_bed'
 'od_max_conf_oxidation_pond']. At least one non-missing value is needed for imputation with strategy='median'.
  warnings.warn(
/work/GRDVULN/correction/.venv/lib64/python3.11/site-packages/sklearn/impute/_base.py:647: UserWarning: Skipping features without any observed values: ['od_max_conf_chlorine_contact' 'od_max_conf_drying_bed'
 'od_max_conf_oxidation_pond']. At least one non-missing value is needed for imputation with strategy='median'.
  warnings.warn(
/work/GRDVULN/correction/.venv/lib64/python3.11/site-packages/sklearn/impute/_base.py:647: UserWarning: Skipping features without any observed values: ['od_max_conf_chlorine_contact' 'od_max_conf_drying_bed'
 'od_max_conf_oxidation_pond']. At least one non-missing value is needed for imputation with strategy='median'.
  warnings.warn(
/work/GRDVULN/correction/.venv/lib64/python3.11/site-packages/sklearn/impute/_base.py:647: UserWarning: Skipping features without any observed values: ['od_max_conf_chlorine_contact' 'od_max_conf_drying_bed'
 'od_max_conf_oxidation_pond']. At least one non-missing value is needed for imputation with strategy='median'.
  warnings.warn(
/work/GRDVULN/correction/.venv/lib64/python3.11/site-packages/sklearn/impute/_base.py:647: UserWarning: Skipping features without any observed values: ['od_max_conf_chlorine_contact' 'od_max_conf_drying_bed'
 'od_max_conf_oxidation_pond']. At least one non-missing value is needed for imputation with strategy='median'.
  warnings.warn(
/work/GRDVULN/correction/.venv/lib64/python3.11/site-packages/sklearn/impute/_base.py:647: UserWarning: Skipping features without any observed values: ['od_max_conf_chlorine_contact' 'od_max_conf_drying_bed'
 'od_max_conf_oxidation_pond']. At least one non-missing value is needed for imputation with strategy='median'.
  warnings.warn(
/work/GRDVULN/correction/.venv/lib64/python3.11/site-packages/sklearn/impute/_base.py:647: UserWarning: Skipping features without any observed values: ['od_max_conf_chlorine_contact' 'od_max_conf_drying_bed'
 'od_max_conf_oxidation_pond']. At least one non-missing value is needed for imputation with strategy='median'.
  warnings.warn(
/work/GRDVULN/correction/.venv/lib64/python3.11/site-packages/sklearn/impute/_base.py:647: UserWarning: Skipping features without any observed values: ['od_max_conf_chlorine_contact' 'od_max_conf_drying_bed'
 'od_max_conf_oxidation_pond']. At least one non-missing value is needed for imputation with strategy='median'.
  warnings.warn(
/work/GRDVULN/correction/.venv/lib64/python3.11/site-packages/sklearn/impute/_base.py:647: UserWarning: Skipping features without any observed values: ['od_max_conf_chlorine_contact' 'od_max_conf_drying_bed'
 'od_max_conf_oxidation_pond']. At least one non-missing value is needed for imputation with strategy='median'.
  warnings.warn(
/work/GRDVULN/correction/.venv/lib64/python3.11/site-packages/sklearn/impute/_base.py:647: UserWarning: Skipping features without any observed values: ['od_max_conf_chlorine_contact' 'od_max_conf_drying_bed'
 'od_max_conf_oxidation_pond']. At least one non-missing value is needed for imputation with strategy='median'.
  warnings.warn(
/work/GRDVULN/correction/.venv/lib64/python3.11/site-packages/sklearn/impute/_base.py:647: UserWarning: Skipping features without any observed values: ['od_max_conf_chlorine_contact' 'od_max_conf_drying_bed'
 'od_max_conf_oxidation_pond']. At least one non-missing value is needed for imputation with strategy='median'.
  warnings.warn(
/work/GRDVULN/correction/.venv/lib64/python3.11/site-packages/sklearn/impute/_base.py:647: UserWarning: Skipping features without any observed values: ['od_max_conf_chlorine_contact' 'od_max_conf_drying_bed'
 'od_max_conf_oxidation_pond']. At least one non-missing value is needed for imputation with strategy='median'.
  warnings.warn(
/work/GRDVULN/correction/.venv/lib64/python3.11/site-packages/sklearn/impute/_base.py:647: UserWarning: Skipping features without any observed values: ['od_max_conf_chlorine_contact' 'od_max_conf_drying_bed'
 'od_max_conf_oxidation_pond']. At least one non-missing value is needed for imputation with strategy='median'.
  warnings.warn(
/work/GRDVULN/correction/.venv/lib64/python3.11/site-packages/sklearn/impute/_base.py:647: UserWarning: Skipping features without any observed values: ['od_max_conf_chlorine_contact' 'od_max_conf_drying_bed'
 'od_max_conf_oxidation_pond']. At least one non-missing value is needed for imputation with strategy='median'.
  warnings.warn(
/work/GRDVULN/correction/.venv/lib64/python3.11/site-packages/sklearn/impute/_base.py:647: UserWarning: Skipping features without any observed values: ['od_max_conf_chlorine_contact' 'od_max_conf_drying_bed'
 'od_max_conf_oxidation_pond']. At least one non-missing value is needed for imputation with strategy='median'.
  warnings.warn(
/work/GRDVULN/correction/.venv/lib64/python3.11/site-packages/sklearn/impute/_base.py:647: UserWarning: Skipping features without any observed values: ['od_max_conf_chlorine_contact' 'od_max_conf_drying_bed'
 'od_max_conf_oxidation_pond']. At least one non-missing value is needed for imputation with strategy='median'.
  warnings.warn(
/work/GRDVULN/correction/.venv/lib64/python3.11/site-packages/sklearn/impute/_base.py:647: UserWarning: Skipping features without any observed values: ['od_max_conf_chlorine_contact' 'od_max_conf_drying_bed'
 'od_max_conf_oxidation_pond']. At least one non-missing value is needed for imputation with strategy='median'.
  warnings.warn(
/work/GRDVULN/correction/.venv/lib64/python3.11/site-packages/sklearn/impute/_base.py:647: UserWarning: Skipping features without any observed values: ['od_max_conf_chlorine_contact' 'od_max_conf_drying_bed'
 'od_max_conf_oxidation_pond']. At least one non-missing value is needed for imputation with strategy='median'.
  warnings.warn(
/work/GRDVULN/correction/.venv/lib64/python3.11/site-packages/sklearn/impute/_base.py:647: UserWarning: Skipping features without any observed values: ['od_max_conf_chlorine_contact' 'od_max_conf_drying_bed'
 'od_max_conf_oxidation_pond']. At least one non-missing value is needed for imputation with strategy='median'.
  warnings.warn(
/work/GRDVULN/correction/.venv/lib64/python3.11/site-packages/sklearn/impute/_base.py:647: UserWarning: Skipping features without any observed values: ['od_max_conf_chlorine_contact' 'od_max_conf_drying_bed'
 'od_max_conf_oxidation_pond']. At least one non-missing value is needed for imputation with strategy='median'.
  warnings.warn(
/work/GRDVULN/correction/.venv/lib64/python3.11/site-packages/sklearn/impute/_base.py:647: UserWarning: Skipping features without any observed values: ['od_max_conf_chlorine_contact' 'od_max_conf_drying_bed'
 'od_max_conf_oxidation_pond']. At least one non-missing value is needed for imputation with strategy='median'.
  warnings.warn(
/work/GRDVULN/correction/.venv/lib64/python3.11/site-packages/sklearn/impute/_base.py:647: UserWarning: Skipping features without any observed values: ['od_max_conf_chlorine_contact' 'od_max_conf_drying_bed'
 'od_max_conf_oxidation_pond']. At least one non-missing value is needed for imputation with strategy='median'.
  warnings.warn(
/work/GRDVULN/correction/.venv/lib64/python3.11/site-packages/sklearn/impute/_base.py:647: UserWarning: Skipping features without any observed values: ['od_max_conf_chlorine_contact' 'od_max_conf_drying_bed'
 'od_max_conf_oxidation_pond']. At least one non-missing value is needed for imputation with strategy='median'.
  warnings.warn(
/work/GRDVULN/correction/.venv/lib64/python3.11/site-packages/sklearn/impute/_base.py:647: UserWarning: Skipping features without any observed values: ['od_max_conf_chlorine_contact' 'od_max_conf_drying_bed'
 'od_max_conf_oxidation_pond']. At least one non-missing value is needed for imputation with strategy='median'.
  warnings.warn(
/work/GRDVULN/correction/.venv/lib64/python3.11/site-packages/sklearn/impute/_base.py:647: UserWarning: Skipping features without any observed values: ['od_max_conf_chlorine_contact' 'od_max_conf_drying_bed'
 'od_max_conf_oxidation_pond']. At least one non-missing value is needed for imputation with strategy='median'.
  warnings.warn(
/work/GRDVULN/correction/.venv/lib64/python3.11/site-packages/sklearn/impute/_base.py:647: UserWarning: Skipping features without any observed values: ['od_max_conf_chlorine_contact' 'od_max_conf_drying_bed'
 'od_max_conf_oxidation_pond']. At least one non-missing value is needed for imputation with strategy='median'.
  warnings.warn(
/work/GRDVULN/correction/.venv/lib64/python3.11/site-packages/sklearn/impute/_base.py:647: UserWarning: Skipping features without any observed values: ['od_max_conf_chlorine_contact' 'od_max_conf_drying_bed'
 'od_max_conf_oxidation_pond']. At least one non-missing value is needed for imputation with strategy='median'.
  warnings.warn(
/work/GRDVULN/correction/.venv/lib64/python3.11/site-packages/sklearn/impute/_base.py:647: UserWarning: Skipping features without any observed values: ['od_max_conf_chlorine_contact' 'od_max_conf_drying_bed'
 'od_max_conf_oxidation_pond']. At least one non-missing value is needed for imputation with strategy='median'.
  warnings.warn(
/work/GRDVULN/correction/.venv/lib64/python3.11/site-packages/sklearn/impute/_base.py:647: UserWarning: Skipping features without any observed values: ['od_max_conf_chlorine_contact' 'od_max_conf_drying_bed'
 'od_max_conf_oxidation_pond']. At least one non-missing value is needed for imputation with strategy='median'.
  warnings.warn(
/work/GRDVULN/correction/.venv/lib64/python3.11/site-packages/sklearn/impute/_base.py:647: UserWarning: Skipping features without any observed values: ['od_max_conf_chlorine_contact' 'od_max_conf_drying_bed'
 'od_max_conf_oxidation_pond']. At least one non-missing value is needed for imputation with strategy='median'.
  warnings.warn(
/work/GRDVULN/correction/.venv/lib64/python3.11/site-packages/sklearn/impute/_base.py:647: UserWarning: Skipping features without any observed values: ['od_max_conf_chlorine_contact' 'od_max_conf_drying_bed'
 'od_max_conf_oxidation_pond']. At least one non-missing value is needed for imputation with strategy='median'.
  warnings.warn(
/work/GRDVULN/correction/.venv/lib64/python3.11/site-packages/sklearn/impute/_base.py:647: UserWarning: Skipping features without any observed values: ['od_max_conf_chlorine_contact' 'od_max_conf_drying_bed'
 'od_max_conf_oxidation_pond']. At least one non-missing value is needed for imputation with strategy='median'.
  warnings.warn(
/work/GRDVULN/correction/.venv/lib64/python3.11/site-packages/sklearn/impute/_base.py:647: UserWarning: Skipping features without any observed values: ['od_max_conf_chlorine_contact' 'od_max_conf_drying_bed'
 'od_max_conf_oxidation_pond']. At least one non-missing value is needed for imputation with strategy='median'.
  warnings.warn(
/work/GRDVULN/correction/.venv/lib64/python3.11/site-packages/sklearn/impute/_base.py:647: UserWarning: Skipping features without any observed values: ['od_max_conf_chlorine_contact' 'od_max_conf_drying_bed'
 'od_max_conf_oxidation_pond']. At least one non-missing value is needed for imputation with strategy='median'.
  warnings.warn(
/work/GRDVULN/correction/.venv/lib64/python3.11/site-packages/sklearn/impute/_base.py:647: UserWarning: Skipping features without any observed values: ['od_max_conf_chlorine_contact' 'od_max_conf_drying_bed'
 'od_max_conf_oxidation_pond']. At least one non-missing value is needed for imputation with strategy='median'.
  warnings.warn(
/work/GRDVULN/correction/.venv/lib64/python3.11/site-packages/sklearn/impute/_base.py:647: UserWarning: Skipping features without any observed values: ['od_max_conf_chlorine_contact' 'od_max_conf_drying_bed'
 'od_max_conf_oxidation_pond']. At least one non-missing value is needed for imputation with strategy='median'.
  warnings.warn(
/work/GRDVULN/correction/.venv/lib64/python3.11/site-packages/sklearn/impute/_base.py:647: UserWarning: Skipping features without any observed values: ['od_max_conf_chlorine_contact' 'od_max_conf_drying_bed'
 'od_max_conf_oxidation_pond']. At least one non-missing value is needed for imputation with strategy='median'.
  warnings.warn(
/work/GRDVULN/correction/.venv/lib64/python3.11/site-packages/sklearn/impute/_base.py:647: UserWarning: Skipping features without any observed values: ['od_max_conf_chlorine_contact' 'od_max_conf_drying_bed'
 'od_max_conf_oxidation_pond']. At least one non-missing value is needed for imputation with strategy='median'.
  warnings.warn(
/work/GRDVULN/correction/.venv/lib64/python3.11/site-packages/sklearn/impute/_base.py:647: UserWarning: Skipping features without any observed values: ['od_max_conf_chlorine_contact' 'od_max_conf_drying_bed'
 'od_max_conf_oxidation_pond']. At least one non-missing value is needed for imputation with strategy='median'.
  warnings.warn(
/work/GRDVULN/correction/.venv/lib64/python3.11/site-packages/sklearn/impute/_base.py:647: UserWarning: Skipping features without any observed values: ['od_max_conf_chlorine_contact' 'od_max_conf_drying_bed'
 'od_max_conf_oxidation_pond']. At least one non-missing value is needed for imputation with strategy='median'.
  warnings.warn(
/work/GRDVULN/correction/.venv/lib64/python3.11/site-packages/sklearn/impute/_base.py:647: UserWarning: Skipping features without any observed values: ['od_max_conf_chlorine_contact' 'od_max_conf_drying_bed'
 'od_max_conf_oxidation_pond']. At least one non-missing value is needed for imputation with strategy='median'.
  warnings.warn(
/work/GRDVULN/correction/.venv/lib64/python3.11/site-packages/sklearn/impute/_base.py:647: UserWarning: Skipping features without any observed values: ['od_max_conf_chlorine_contact' 'od_max_conf_drying_bed'
 'od_max_conf_oxidation_pond']. At least one non-missing value is needed for imputation with strategy='median'.
  warnings.warn(
/work/GRDVULN/correction/.venv/lib64/python3.11/site-packages/sklearn/impute/_base.py:647: UserWarning: Skipping features without any observed values: ['od_max_conf_chlorine_contact' 'od_max_conf_drying_bed'
 'od_max_conf_oxidation_pond']. At least one non-missing value is needed for imputation with strategy='median'.
  warnings.warn(
/work/GRDVULN/correction/.venv/lib64/python3.11/site-packages/sklearn/impute/_base.py:647: UserWarning: Skipping features without any observed values: ['od_max_conf_chlorine_contact' 'od_max_conf_drying_bed'
 'od_max_conf_oxidation_pond']. At least one non-missing value is needed for imputation with strategy='median'.
  warnings.warn(
/work/GRDVULN/correction/.venv/lib64/python3.11/site-packages/sklearn/impute/_base.py:647: UserWarning: Skipping features without any observed values: ['od_max_conf_chlorine_contact' 'od_max_conf_drying_bed'
 'od_max_conf_oxidation_pond']. At least one non-missing value is needed for imputation with strategy='median'.
  warnings.warn(
/work/GRDVULN/correction/.venv/lib64/python3.11/site-packages/sklearn/impute/_base.py:647: UserWarning: Skipping features without any observed values: ['od_max_conf_chlorine_contact' 'od_max_conf_drying_bed'
 'od_max_conf_oxidation_pond']. At least one non-missing value is needed for imputation with strategy='median'.
  warnings.warn(
/work/GRDVULN/correction/.venv/lib64/python3.11/site-packages/sklearn/impute/_base.py:647: UserWarning: Skipping features without any observed values: ['od_max_conf_chlorine_contact' 'od_max_conf_drying_bed'
 'od_max_conf_oxidation_pond']. At least one non-missing value is needed for imputation with strategy='median'.
  warnings.warn(
/work/GRDVULN/correction/.venv/lib64/python3.11/site-packages/sklearn/impute/_base.py:647: UserWarning: Skipping features without any observed values: ['od_max_conf_chlorine_contact' 'od_max_conf_drying_bed'
 'od_max_conf_oxidation_pond']. At least one non-missing value is needed for imputation with strategy='median'.
  warnings.warn(
/work/GRDVULN/correction/.venv/lib64/python3.11/site-packages/sklearn/impute/_base.py:647: UserWarning: Skipping features without any observed values: ['od_max_conf_chlorine_contact' 'od_max_conf_drying_bed'
 'od_max_conf_oxidation_pond']. At least one non-missing value is needed for imputation with strategy='median'.
  warnings.warn(
/work/GRDVULN/correction/.venv/lib64/python3.11/site-packages/sklearn/impute/_base.py:647: UserWarning: Skipping features without any observed values: ['od_max_conf_chlorine_contact' 'od_max_conf_drying_bed'
 'od_max_conf_oxidation_pond']. At least one non-missing value is needed for imputation with strategy='median'.
  warnings.warn(
/work/GRDVULN/correction/.venv/lib64/python3.11/site-packages/sklearn/impute/_base.py:647: UserWarning: Skipping features without any observed values: ['od_max_conf_chlorine_contact' 'od_max_conf_drying_bed'
 'od_max_conf_oxidation_pond']. At least one non-missing value is needed for imputation with strategy='median'.
  warnings.warn(
/work/GRDVULN/correction/.venv/lib64/python3.11/site-packages/sklearn/impute/_base.py:647: UserWarning: Skipping features without any observed values: ['od_max_conf_chlorine_contact' 'od_max_conf_drying_bed'
 'od_max_conf_oxidation_pond']. At least one non-missing value is needed for imputation with strategy='median'.
  warnings.warn(
/work/GRDVULN/correction/.venv/lib64/python3.11/site-packages/sklearn/impute/_base.py:647: UserWarning: Skipping features without any observed values: ['od_max_conf_chlorine_contact' 'od_max_conf_drying_bed'
 'od_max_conf_oxidation_pond']. At least one non-missing value is needed for imputation with strategy='median'.
  warnings.warn(
/work/GRDVULN/correction/.venv/lib64/python3.11/site-packages/sklearn/impute/_base.py:647: UserWarning: Skipping features without any observed values: ['od_max_conf_chlorine_contact' 'od_max_conf_drying_bed'
 'od_max_conf_oxidation_pond']. At least one non-missing value is needed for imputation with strategy='median'.
  warnings.warn(
/work/GRDVULN/correction/.venv/lib64/python3.11/site-packages/sklearn/impute/_base.py:647: UserWarning: Skipping features without any observed values: ['od_max_conf_chlorine_contact' 'od_max_conf_drying_bed'
 'od_max_conf_oxidation_pond']. At least one non-missing value is needed for imputation with strategy='median'.
  warnings.warn(
/work/GRDVULN/correction/.venv/lib64/python3.11/site-packages/sklearn/impute/_base.py:647: UserWarning: Skipping features without any observed values: ['od_max_conf_chlorine_contact' 'od_max_conf_drying_bed'
 'od_max_conf_oxidation_pond']. At least one non-missing value is needed for imputation with strategy='median'.
  warnings.warn(
/work/GRDVULN/correction/.venv/lib64/python3.11/site-packages/sklearn/impute/_base.py:647: UserWarning: Skipping features without any observed values: ['od_max_conf_chlorine_contact' 'od_max_conf_drying_bed'
 'od_max_conf_oxidation_pond']. At least one non-missing value is needed for imputation with strategy='median'.
  warnings.warn(
/work/GRDVULN/correction/.venv/lib64/python3.11/site-packages/sklearn/impute/_base.py:647: UserWarning: Skipping features without any observed values: ['od_max_conf_chlorine_contact' 'od_max_conf_drying_bed'
 'od_max_conf_oxidation_pond']. At least one non-missing value is needed for imputation with strategy='median'.
  warnings.warn(
/work/GRDVULN/correction/.venv/lib64/python3.11/site-packages/sklearn/impute/_base.py:647: UserWarning: Skipping features without any observed values: ['od_max_conf_chlorine_contact' 'od_max_conf_drying_bed'
 'od_max_conf_oxidation_pond']. At least one non-missing value is needed for imputation with strategy='median'.
  warnings.warn(
/work/GRDVULN/correction/.venv/lib64/python3.11/site-packages/sklearn/impute/_base.py:647: UserWarning: Skipping features without any observed values: ['od_max_conf_chlorine_contact' 'od_max_conf_drying_bed'
 'od_max_conf_oxidation_pond']. At least one non-missing value is needed for imputation with strategy='median'.
  warnings.warn(
/work/GRDVULN/correction/.venv/lib64/python3.11/site-packages/sklearn/impute/_base.py:647: UserWarning: Skipping features without any observed values: ['od_max_conf_chlorine_contact' 'od_max_conf_drying_bed'
 'od_max_conf_oxidation_pond']. At least one non-missing value is needed for imputation with strategy='median'.
  warnings.warn(
/work/GRDVULN/correction/.venv/lib64/python3.11/site-packages/sklearn/impute/_base.py:647: UserWarning: Skipping features without any observed values: ['od_max_conf_chlorine_contact' 'od_max_conf_drying_bed'
 'od_max_conf_oxidation_pond']. At least one non-missing value is needed for imputation with strategy='median'.
  warnings.warn(
/work/GRDVULN/correction/.venv/lib64/python3.11/site-packages/sklearn/impute/_base.py:647: UserWarning: Skipping features without any observed values: ['od_max_conf_chlorine_contact' 'od_max_conf_drying_bed'
 'od_max_conf_oxidation_pond']. At least one non-missing value is needed for imputation with strategy='median'.
  warnings.warn(
/work/GRDVULN/correction/.venv/lib64/python3.11/site-packages/sklearn/impute/_base.py:647: UserWarning: Skipping features without any observed values: ['od_max_conf_chlorine_contact' 'od_max_conf_drying_bed'
 'od_max_conf_oxidation_pond']. At least one non-missing value is needed for imputation with strategy='median'.
  warnings.warn(
/work/GRDVULN/correction/.venv/lib64/python3.11/site-packages/sklearn/impute/_base.py:647: UserWarning: Skipping features without any observed values: ['od_max_conf_chlorine_contact' 'od_max_conf_drying_bed'
 'od_max_conf_oxidation_pond']. At least one non-missing value is needed for imputation with strategy='median'.
  warnings.warn(
/work/GRDVULN/correction/.venv/lib64/python3.11/site-packages/sklearn/impute/_base.py:647: UserWarning: Skipping features without any observed values: ['od_max_conf_chlorine_contact' 'od_max_conf_drying_bed'
 'od_max_conf_oxidation_pond']. At least one non-missing value is needed for imputation with strategy='median'.
  warnings.warn(
/work/GRDVULN/correction/.venv/lib64/python3.11/site-packages/sklearn/impute/_base.py:647: UserWarning: Skipping features without any observed values: ['od_max_conf_chlorine_contact' 'od_max_conf_drying_bed'
 'od_max_conf_oxidation_pond']. At least one non-missing value is needed for imputation with strategy='median'.
  warnings.warn(
/work/GRDVULN/correction/.venv/lib64/python3.11/site-packages/sklearn/impute/_base.py:647: UserWarning: Skipping features without any observed values: ['od_max_conf_chlorine_contact' 'od_max_conf_drying_bed'
 'od_max_conf_oxidation_pond']. At least one non-missing value is needed for imputation with strategy='median'.
  warnings.warn(
/work/GRDVULN/correction/.venv/lib64/python3.11/site-packages/sklearn/impute/_base.py:647: UserWarning: Skipping features without any observed values: ['od_max_conf_chlorine_contact' 'od_max_conf_drying_bed'
 'od_max_conf_oxidation_pond']. At least one non-missing value is needed for imputation with strategy='median'.
  warnings.warn(
/work/GRDVULN/correction/.venv/lib64/python3.11/site-packages/sklearn/impute/_base.py:647: UserWarning: Skipping features without any observed values: ['od_max_conf_chlorine_contact' 'od_max_conf_drying_bed'
 'od_max_conf_oxidation_pond']. At least one non-missing value is needed for imputation with strategy='median'.
  warnings.warn(
/work/GRDVULN/correction/.venv/lib64/python3.11/site-packages/sklearn/impute/_base.py:647: UserWarning: Skipping features without any observed values: ['od_max_conf_chlorine_contact' 'od_max_conf_drying_bed'
 'od_max_conf_oxidation_pond']. At least one non-missing value is needed for imputation with strategy='median'.
  warnings.warn(
/work/GRDVULN/correction/.venv/lib64/python3.11/site-packages/sklearn/impute/_base.py:647: UserWarning: Skipping features without any observed values: ['od_max_conf_chlorine_contact' 'od_max_conf_drying_bed'
 'od_max_conf_oxidation_pond']. At least one non-missing value is needed for imputation with strategy='median'.
  warnings.warn(
/work/GRDVULN/correction/.venv/lib64/python3.11/site-packages/sklearn/impute/_base.py:647: UserWarning: Skipping features without any observed values: ['od_max_conf_chlorine_contact' 'od_max_conf_drying_bed'
 'od_max_conf_oxidation_pond']. At least one non-missing value is needed for imputation with strategy='median'.
  warnings.warn(
/work/GRDVULN/correction/.venv/lib64/python3.11/site-packages/sklearn/impute/_base.py:647: UserWarning: Skipping features without any observed values: ['od_max_conf_chlorine_contact' 'od_max_conf_drying_bed'
 'od_max_conf_oxidation_pond']. At least one non-missing value is needed for imputation with strategy='median'.
  warnings.warn(
/work/GRDVULN/correction/.venv/lib64/python3.11/site-packages/sklearn/impute/_base.py:647: UserWarning: Skipping features without any observed values: ['od_max_conf_chlorine_contact' 'od_max_conf_drying_bed'
 'od_max_conf_oxidation_pond']. At least one non-missing value is needed for imputation with strategy='median'.
  warnings.warn(
/work/GRDVULN/correction/.venv/lib64/python3.11/site-packages/sklearn/impute/_base.py:647: UserWarning: Skipping features without any observed values: ['od_max_conf_chlorine_contact' 'od_max_conf_drying_bed'
 'od_max_conf_oxidation_pond']. At least one non-missing value is needed for imputation with strategy='median'.
  warnings.warn(
/work/GRDVULN/correction/.venv/lib64/python3.11/site-packages/sklearn/impute/_base.py:647: UserWarning: Skipping features without any observed values: ['od_max_conf_chlorine_contact' 'od_max_conf_drying_bed'
 'od_max_conf_oxidation_pond']. At least one non-missing value is needed for imputation with strategy='median'.
  warnings.warn(
/work/GRDVULN/correction/.venv/lib64/python3.11/site-packages/sklearn/impute/_base.py:647: UserWarning: Skipping features without any observed values: ['od_max_conf_chlorine_contact' 'od_max_conf_drying_bed'
 'od_max_conf_oxidation_pond']. At least one non-missing value is needed for imputation with strategy='median'.
  warnings.warn(
/work/GRDVULN/correction/.venv/lib64/python3.11/site-packages/sklearn/impute/_base.py:647: UserWarning: Skipping features without any observed values: ['od_max_conf_chlorine_contact' 'od_max_conf_drying_bed'
 'od_max_conf_oxidation_pond']. At least one non-missing value is needed for imputation with strategy='median'.
  warnings.warn(
/work/GRDVULN/correction/.venv/lib64/python3.11/site-packages/sklearn/impute/_base.py:647: UserWarning: Skipping features without any observed values: ['od_max_conf_chlorine_contact' 'od_max_conf_drying_bed'
 'od_max_conf_oxidation_pond']. At least one non-missing value is needed for imputation with strategy='median'.
  warnings.warn(
/work/GRDVULN/correction/.venv/lib64/python3.11/site-packages/sklearn/impute/_base.py:647: UserWarning: Skipping features without any observed values: ['od_max_conf_chlorine_contact' 'od_max_conf_drying_bed'
 'od_max_conf_oxidation_pond']. At least one non-missing value is needed for imputation with strategy='median'.
  warnings.warn(
/work/GRDVULN/correction/.venv/lib64/python3.11/site-packages/sklearn/impute/_base.py:647: UserWarning: Skipping features without any observed values: ['od_max_conf_chlorine_contact' 'od_max_conf_drying_bed'
 'od_max_conf_oxidation_pond']. At least one non-missing value is needed for imputation with strategy='median'.
  warnings.warn(
/work/GRDVULN/correction/.venv/lib64/python3.11/site-packages/sklearn/impute/_base.py:647: UserWarning: Skipping features without any observed values: ['od_max_conf_chlorine_contact' 'od_max_conf_drying_bed'
 'od_max_conf_oxidation_pond']. At least one non-missing value is needed for imputation with strategy='median'.
  warnings.warn(
/work/GRDVULN/correction/.venv/lib64/python3.11/site-packages/sklearn/impute/_base.py:647: UserWarning: Skipping features without any observed values: ['od_max_conf_chlorine_contact' 'od_max_conf_drying_bed'
 'od_max_conf_oxidation_pond']. At least one non-missing value is needed for imputation with strategy='median'.
  warnings.warn(
/work/GRDVULN/correction/.venv/lib64/python3.11/site-packages/sklearn/impute/_base.py:647: UserWarning: Skipping features without any observed values: ['od_max_conf_chlorine_contact' 'od_max_conf_drying_bed'
 'od_max_conf_oxidation_pond']. At least one non-missing value is needed for imputation with strategy='median'.
  warnings.warn(
/work/GRDVULN/correction/.venv/lib64/python3.11/site-packages/sklearn/impute/_base.py:647: UserWarning: Skipping features without any observed values: ['od_max_conf_chlorine_contact' 'od_max_conf_drying_bed'
 'od_max_conf_oxidation_pond']. At least one non-missing value is needed for imputation with strategy='median'.
  warnings.warn(
/work/GRDVULN/correction/.venv/lib64/python3.11/site-packages/sklearn/impute/_base.py:647: UserWarning: Skipping features without any observed values: ['od_max_conf_chlorine_contact' 'od_max_conf_drying_bed'
 'od_max_conf_oxidation_pond']. At least one non-missing value is needed for imputation with strategy='median'.
  warnings.warn(
/work/GRDVULN/correction/.venv/lib64/python3.11/site-packages/sklearn/impute/_base.py:647: UserWarning: Skipping features without any observed values: ['od_max_conf_chlorine_contact' 'od_max_conf_drying_bed'
 'od_max_conf_oxidation_pond']. At least one non-missing value is needed for imputation with strategy='median'.
  warnings.warn(
/work/GRDVULN/correction/.venv/lib64/python3.11/site-packages/sklearn/impute/_base.py:647: UserWarning: Skipping features without any observed values: ['od_max_conf_chlorine_contact' 'od_max_conf_drying_bed'
 'od_max_conf_oxidation_pond']. At least one non-missing value is needed for imputation with strategy='median'.
  warnings.warn(
/work/GRDVULN/correction/.venv/lib64/python3.11/site-packages/sklearn/impute/_base.py:647: UserWarning: Skipping features without any observed values: ['od_max_conf_chlorine_contact' 'od_max_conf_drying_bed'
 'od_max_conf_oxidation_pond']. At least one non-missing value is needed for imputation with strategy='median'.
  warnings.warn(
/work/GRDVULN/correction/.venv/lib64/python3.11/site-packages/sklearn/impute/_base.py:647: UserWarning: Skipping features without any observed values: ['od_max_conf_chlorine_contact' 'od_max_conf_drying_bed'
 'od_max_conf_oxidation_pond']. At least one non-missing value is needed for imputation with strategy='median'.
  warnings.warn(
/work/GRDVULN/correction/.venv/lib64/python3.11/site-packages/sklearn/impute/_base.py:647: UserWarning: Skipping features without any observed values: ['od_max_conf_chlorine_contact' 'od_max_conf_drying_bed'
 'od_max_conf_oxidation_pond']. At least one non-missing value is needed for imputation with strategy='median'.
  warnings.warn(
/work/GRDVULN/correction/.venv/lib64/python3.11/site-packages/sklearn/impute/_base.py:647: UserWarning: Skipping features without any observed values: ['od_max_conf_chlorine_contact' 'od_max_conf_drying_bed'
 'od_max_conf_oxidation_pond']. At least one non-missing value is needed for imputation with strategy='median'.
  warnings.warn(
/work/GRDVULN/correction/.venv/lib64/python3.11/site-packages/sklearn/impute/_base.py:647: UserWarning: Skipping features without any observed values: ['od_max_conf_chlorine_contact' 'od_max_conf_drying_bed'
 'od_max_conf_oxidation_pond']. At least one non-missing value is needed for imputation with strategy='median'.
  warnings.warn(
/work/GRDVULN/correction/.venv/lib64/python3.11/site-packages/sklearn/impute/_base.py:647: UserWarning: Skipping features without any observed values: ['od_max_conf_chlorine_contact' 'od_max_conf_drying_bed'
 'od_max_conf_oxidation_pond']. At least one non-missing value is needed for imputation with strategy='median'.
  warnings.warn(
/work/GRDVULN/correction/.venv/lib64/python3.11/site-packages/sklearn/impute/_base.py:647: UserWarning: Skipping features without any observed values: ['od_max_conf_chlorine_contact' 'od_max_conf_drying_bed'
 'od_max_conf_oxidation_pond']. At least one non-missing value is needed for imputation with strategy='median'.
  warnings.warn(
/work/GRDVULN/correction/.venv/lib64/python3.11/site-packages/sklearn/impute/_base.py:647: UserWarning: Skipping features without any observed values: ['od_max_conf_chlorine_contact' 'od_max_conf_drying_bed'
 'od_max_conf_oxidation_pond']. At least one non-missing value is needed for imputation with strategy='median'.
  warnings.warn(
/work/GRDVULN/correction/.venv/lib64/python3.11/site-packages/sklearn/impute/_base.py:647: UserWarning: Skipping features without any observed values: ['od_max_conf_chlorine_contact' 'od_max_conf_drying_bed'
 'od_max_conf_oxidation_pond']. At least one non-missing value is needed for imputation with strategy='median'.
  warnings.warn(
/work/GRDVULN/correction/.venv/lib64/python3.11/site-packages/sklearn/impute/_base.py:647: UserWarning: Skipping features without any observed values: ['od_max_conf_chlorine_contact' 'od_max_conf_drying_bed'
 'od_max_conf_oxidation_pond']. At least one non-missing value is needed for imputation with strategy='median'.
  warnings.warn(
/work/GRDVULN/correction/.venv/lib64/python3.11/site-packages/sklearn/impute/_base.py:647: UserWarning: Skipping features without any observed values: ['od_max_conf_chlorine_contact' 'od_max_conf_drying_bed'
 'od_max_conf_oxidation_pond']. At least one non-missing value is needed for imputation with strategy='median'.
  warnings.warn(
/work/GRDVULN/correction/.venv/lib64/python3.11/site-packages/sklearn/impute/_base.py:647: UserWarning: Skipping features without any observed values: ['od_max_conf_chlorine_contact' 'od_max_conf_drying_bed'
 'od_max_conf_oxidation_pond']. At least one non-missing value is needed for imputation with strategy='median'.
  warnings.warn(
/work/GRDVULN/correction/.venv/lib64/python3.11/site-packages/sklearn/impute/_base.py:647: UserWarning: Skipping features without any observed values: ['od_max_conf_chlorine_contact' 'od_max_conf_drying_bed'
 'od_max_conf_oxidation_pond']. At least one non-missing value is needed for imputation with strategy='median'.
  warnings.warn(
/work/GRDVULN/correction/.venv/lib64/python3.11/site-packages/sklearn/impute/_base.py:647: UserWarning: Skipping features without any observed values: ['od_max_conf_chlorine_contact' 'od_max_conf_drying_bed'
 'od_max_conf_oxidation_pond']. At least one non-missing value is needed for imputation with strategy='median'.
  warnings.warn(
/work/GRDVULN/correction/.venv/lib64/python3.11/site-packages/sklearn/impute/_base.py:647: UserWarning: Skipping features without any observed values: ['od_max_conf_chlorine_contact' 'od_max_conf_drying_bed'
 'od_max_conf_oxidation_pond']. At least one non-missing value is needed for imputation with strategy='median'.
  warnings.warn(
/work/GRDVULN/correction/.venv/lib64/python3.11/site-packages/sklearn/impute/_base.py:647: UserWarning: Skipping features without any observed values: ['od_max_conf_chlorine_contact' 'od_max_conf_drying_bed'
 'od_max_conf_oxidation_pond']. At least one non-missing value is needed for imputation with strategy='median'.
  warnings.warn(
/work/GRDVULN/correction/.venv/lib64/python3.11/site-packages/sklearn/impute/_base.py:647: UserWarning: Skipping features without any observed values: ['od_max_conf_chlorine_contact' 'od_max_conf_drying_bed'
 'od_max_conf_oxidation_pond']. At least one non-missing value is needed for imputation with strategy='median'.
  warnings.warn(
/work/GRDVULN/correction/.venv/lib64/python3.11/site-packages/sklearn/impute/_base.py:647: UserWarning: Skipping features without any observed values: ['od_max_conf_chlorine_contact' 'od_max_conf_drying_bed'
 'od_max_conf_oxidation_pond']. At least one non-missing value is needed for imputation with strategy='median'.
  warnings.warn(
/work/GRDVULN/correction/.venv/lib64/python3.11/site-packages/sklearn/impute/_base.py:647: UserWarning: Skipping features without any observed values: ['od_max_conf_chlorine_contact' 'od_max_conf_drying_bed'
 'od_max_conf_oxidation_pond']. At least one non-missing value is needed for imputation with strategy='median'.
  warnings.warn(
/work/GRDVULN/correction/.venv/lib64/python3.11/site-packages/sklearn/impute/_base.py:647: UserWarning: Skipping features without any observed values: ['od_max_conf_chlorine_contact' 'od_max_conf_drying_bed'
 'od_max_conf_oxidation_pond']. At least one non-missing value is needed for imputation with strategy='median'.
  warnings.warn(
/work/GRDVULN/correction/.venv/lib64/python3.11/site-packages/sklearn/impute/_base.py:647: UserWarning: Skipping features without any observed values: ['od_max_conf_chlorine_contact' 'od_max_conf_drying_bed'
 'od_max_conf_oxidation_pond']. At least one non-missing value is needed for imputation with strategy='median'.
  warnings.warn(
/work/GRDVULN/correction/.venv/lib64/python3.11/site-packages/sklearn/impute/_base.py:647: UserWarning: Skipping features without any observed values: ['od_max_conf_chlorine_contact' 'od_max_conf_drying_bed'
 'od_max_conf_oxidation_pond']. At least one non-missing value is needed for imputation with strategy='median'.
  warnings.warn(
/work/GRDVULN/correction/.venv/lib64/python3.11/site-packages/sklearn/impute/_base.py:647: UserWarning: Skipping features without any observed values: ['od_max_conf_chlorine_contact' 'od_max_conf_drying_bed'
 'od_max_conf_oxidation_pond']. At least one non-missing value is needed for imputation with strategy='median'.
  warnings.warn(
/work/GRDVULN/correction/.venv/lib64/python3.11/site-packages/sklearn/impute/_base.py:647: UserWarning: Skipping features without any observed values: ['od_max_conf_chlorine_contact' 'od_max_conf_drying_bed'
 'od_max_conf_oxidation_pond']. At least one non-missing value is needed for imputation with strategy='median'.
  warnings.warn(
/work/GRDVULN/correction/.venv/lib64/python3.11/site-packages/sklearn/impute/_base.py:647: UserWarning: Skipping features without any observed values: ['od_max_conf_chlorine_contact' 'od_max_conf_drying_bed'
 'od_max_conf_oxidation_pond']. At least one non-missing value is needed for imputation with strategy='median'.
  warnings.warn(
/work/GRDVULN/correction/.venv/lib64/python3.11/site-packages/sklearn/impute/_base.py:647: UserWarning: Skipping features without any observed values: ['od_max_conf_chlorine_contact' 'od_max_conf_drying_bed'
 'od_max_conf_oxidation_pond']. At least one non-missing value is needed for imputation with strategy='median'.
  warnings.warn(
/work/GRDVULN/correction/.venv/lib64/python3.11/site-packages/sklearn/impute/_base.py:647: UserWarning: Skipping features without any observed values: ['od_max_conf_chlorine_contact' 'od_max_conf_drying_bed'
 'od_max_conf_oxidation_pond']. At least one non-missing value is needed for imputation with strategy='median'.
  warnings.warn(
/work/GRDVULN/correction/.venv/lib64/python3.11/site-packages/sklearn/impute/_base.py:647: UserWarning: Skipping features without any observed values: ['od_max_conf_chlorine_contact' 'od_max_conf_drying_bed'
 'od_max_conf_oxidation_pond']. At least one non-missing value is needed for imputation with strategy='median'.
  warnings.warn(
/work/GRDVULN/correction/.venv/lib64/python3.11/site-packages/sklearn/impute/_base.py:647: UserWarning: Skipping features without any observed values: ['od_max_conf_chlorine_contact' 'od_max_conf_drying_bed'
 'od_max_conf_oxidation_pond']. At least one non-missing value is needed for imputation with strategy='median'.
  warnings.warn(
/work/GRDVULN/correction/.venv/lib64/python3.11/site-packages/sklearn/impute/_base.py:647: UserWarning: Skipping features without any observed values: ['od_max_conf_chlorine_contact' 'od_max_conf_drying_bed'
 'od_max_conf_oxidation_pond']. At least one non-missing value is needed for imputation with strategy='median'.
  warnings.warn(
/work/GRDVULN/correction/.venv/lib64/python3.11/site-packages/sklearn/impute/_base.py:647: UserWarning: Skipping features without any observed values: ['od_max_conf_chlorine_contact' 'od_max_conf_drying_bed'
 'od_max_conf_oxidation_pond']. At least one non-missing value is needed for imputation with strategy='median'.
  warnings.warn(
/work/GRDVULN/correction/.venv/lib64/python3.11/site-packages/sklearn/impute/_base.py:647: UserWarning: Skipping features without any observed values: ['od_max_conf_chlorine_contact' 'od_max_conf_drying_bed'
 'od_max_conf_oxidation_pond']. At least one non-missing value is needed for imputation with strategy='median'.
  warnings.warn(
/work/GRDVULN/correction/.venv/lib64/python3.11/site-packages/sklearn/impute/_base.py:647: UserWarning: Skipping features without any observed values: ['od_max_conf_chlorine_contact' 'od_max_conf_drying_bed'
 'od_max_conf_oxidation_pond']. At least one non-missing value is needed for imputation with strategy='median'.
  warnings.warn(
/work/GRDVULN/correction/.venv/lib64/python3.11/site-packages/sklearn/impute/_base.py:647: UserWarning: Skipping features without any observed values: ['od_max_conf_chlorine_contact' 'od_max_conf_drying_bed'
 'od_max_conf_oxidation_pond']. At least one non-missing value is needed for imputation with strategy='median'.
  warnings.warn(
/work/GRDVULN/correction/.venv/lib64/python3.11/site-packages/sklearn/impute/_base.py:647: UserWarning: Skipping features without any observed values: ['od_max_conf_chlorine_contact' 'od_max_conf_drying_bed'
 'od_max_conf_oxidation_pond']. At least one non-missing value is needed for imputation with strategy='median'.
  warnings.warn(
/work/GRDVULN/correction/.venv/lib64/python3.11/site-packages/sklearn/impute/_base.py:647: UserWarning: Skipping features without any observed values: ['od_max_conf_chlorine_contact' 'od_max_conf_drying_bed'
 'od_max_conf_oxidation_pond']. At least one non-missing value is needed for imputation with strategy='median'.
  warnings.warn(
/work/GRDVULN/correction/.venv/lib64/python3.11/site-packages/sklearn/impute/_base.py:647: UserWarning: Skipping features without any observed values: ['od_max_conf_chlorine_contact' 'od_max_conf_drying_bed'
 'od_max_conf_oxidation_pond']. At least one non-missing value is needed for imputation with strategy='median'.
  warnings.warn(
/work/GRDVULN/correction/.venv/lib64/python3.11/site-packages/sklearn/impute/_base.py:647: UserWarning: Skipping features without any observed values: ['od_max_conf_chlorine_contact' 'od_max_conf_drying_bed'
 'od_max_conf_oxidation_pond']. At least one non-missing value is needed for imputation with strategy='median'.
  warnings.warn(
/work/GRDVULN/correction/.venv/lib64/python3.11/site-packages/sklearn/impute/_base.py:647: UserWarning: Skipping features without any observed values: ['od_max_conf_chlorine_contact' 'od_max_conf_drying_bed'
 'od_max_conf_oxidation_pond']. At least one non-missing value is needed for imputation with strategy='median'.
  warnings.warn(
/work/GRDVULN/correction/.venv/lib64/python3.11/site-packages/sklearn/impute/_base.py:647: UserWarning: Skipping features without any observed values: ['od_max_conf_chlorine_contact' 'od_max_conf_drying_bed'
 'od_max_conf_oxidation_pond']. At least one non-missing value is needed for imputation with strategy='median'.
  warnings.warn(
/work/GRDVULN/correction/.venv/lib64/python3.11/site-packages/sklearn/impute/_base.py:647: UserWarning: Skipping features without any observed values: ['od_max_conf_chlorine_contact' 'od_max_conf_drying_bed'
 'od_max_conf_oxidation_pond']. At least one non-missing value is needed for imputation with strategy='median'.
  warnings.warn(
/work/GRDVULN/correction/.venv/lib64/python3.11/site-packages/sklearn/impute/_base.py:647: UserWarning: Skipping features without any observed values: ['od_max_conf_chlorine_contact' 'od_max_conf_drying_bed'
 'od_max_conf_oxidation_pond']. At least one non-missing value is needed for imputation with strategy='median'.
  warnings.warn(
/work/GRDVULN/correction/.venv/lib64/python3.11/site-packages/sklearn/impute/_base.py:647: UserWarning: Skipping features without any observed values: ['od_max_conf_chlorine_contact' 'od_max_conf_drying_bed'
 'od_max_conf_oxidation_pond']. At least one non-missing value is needed for imputation with strategy='median'.
  warnings.warn(
/work/GRDVULN/correction/.venv/lib64/python3.11/site-packages/sklearn/impute/_base.py:647: UserWarning: Skipping features without any observed values: ['od_max_conf_chlorine_contact' 'od_max_conf_drying_bed'
 'od_max_conf_oxidation_pond']. At least one non-missing value is needed for imputation with strategy='median'.
  warnings.warn(
/work/GRDVULN/correction/.venv/lib64/python3.11/site-packages/sklearn/impute/_base.py:647: UserWarning: Skipping features without any observed values: ['od_max_conf_chlorine_contact' 'od_max_conf_drying_bed'
 'od_max_conf_oxidation_pond']. At least one non-missing value is needed for imputation with strategy='median'.
  warnings.warn(
/work/GRDVULN/correction/.venv/lib64/python3.11/site-packages/sklearn/impute/_base.py:647: UserWarning: Skipping features without any observed values: ['od_max_conf_chlorine_contact' 'od_max_conf_drying_bed'
 'od_max_conf_oxidation_pond']. At least one non-missing value is needed for imputation with strategy='median'.
  warnings.warn(
/work/GRDVULN/correction/.venv/lib64/python3.11/site-packages/sklearn/impute/_base.py:647: UserWarning: Skipping features without any observed values: ['od_max_conf_chlorine_contact' 'od_max_conf_drying_bed'
 'od_max_conf_oxidation_pond']. At least one non-missing value is needed for imputation with strategy='median'.
  warnings.warn(
/work/GRDVULN/correction/.venv/lib64/python3.11/site-packages/sklearn/impute/_base.py:647: UserWarning: Skipping features without any observed values: ['od_max_conf_chlorine_contact' 'od_max_conf_drying_bed'
 'od_max_conf_oxidation_pond']. At least one non-missing value is needed for imputation with strategy='median'.
  warnings.warn(
/work/GRDVULN/correction/.venv/lib64/python3.11/site-packages/sklearn/impute/_base.py:647: UserWarning: Skipping features without any observed values: ['od_max_conf_chlorine_contact' 'od_max_conf_drying_bed'
 'od_max_conf_oxidation_pond']. At least one non-missing value is needed for imputation with strategy='median'.
  warnings.warn(
/work/GRDVULN/correction/.venv/lib64/python3.11/site-packages/sklearn/impute/_base.py:647: UserWarning: Skipping features without any observed values: ['od_max_conf_chlorine_contact' 'od_max_conf_drying_bed'
 'od_max_conf_oxidation_pond']. At least one non-missing value is needed for imputation with strategy='median'.
  warnings.warn(
/work/GRDVULN/correction/.venv/lib64/python3.11/site-packages/sklearn/impute/_base.py:647: UserWarning: Skipping features without any observed values: ['od_max_conf_chlorine_contact' 'od_max_conf_drying_bed'
 'od_max_conf_oxidation_pond']. At least one non-missing value is needed for imputation with strategy='median'.
  warnings.warn(
/work/GRDVULN/correction/.venv/lib64/python3.11/site-packages/sklearn/impute/_base.py:647: UserWarning: Skipping features without any observed values: ['od_max_conf_chlorine_contact' 'od_max_conf_drying_bed'
 'od_max_conf_oxidation_pond']. At least one non-missing value is needed for imputation with strategy='median'.
  warnings.warn(
/work/GRDVULN/correction/.venv/lib64/python3.11/site-packages/sklearn/impute/_base.py:647: UserWarning: Skipping features without any observed values: ['od_max_conf_chlorine_contact' 'od_max_conf_drying_bed'
 'od_max_conf_oxidation_pond']. At least one non-missing value is needed for imputation with strategy='median'.
  warnings.warn(
/work/GRDVULN/correction/.venv/lib64/python3.11/site-packages/sklearn/impute/_base.py:647: UserWarning: Skipping features without any observed values: ['od_max_conf_chlorine_contact' 'od_max_conf_drying_bed'
 'od_max_conf_oxidation_pond']. At least one non-missing value is needed for imputation with strategy='median'.
  warnings.warn(
/work/GRDVULN/correction/.venv/lib64/python3.11/site-packages/sklearn/impute/_base.py:647: UserWarning: Skipping features without any observed values: ['od_max_conf_chlorine_contact' 'od_max_conf_drying_bed'
 'od_max_conf_oxidation_pond']. At least one non-missing value is needed for imputation with strategy='median'.
  warnings.warn(
/work/GRDVULN/correction/.venv/lib64/python3.11/site-packages/sklearn/impute/_base.py:647: UserWarning: Skipping features without any observed values: ['od_max_conf_chlorine_contact' 'od_max_conf_drying_bed'
 'od_max_conf_oxidation_pond']. At least one non-missing value is needed for imputation with strategy='median'.
  warnings.warn(
/work/GRDVULN/correction/.venv/lib64/python3.11/site-packages/sklearn/impute/_base.py:647: UserWarning: Skipping features without any observed values: ['od_max_conf_chlorine_contact' 'od_max_conf_drying_bed'
 'od_max_conf_oxidation_pond']. At least one non-missing value is needed for imputation with strategy='median'.
  warnings.warn(
/work/GRDVULN/correction/.venv/lib64/python3.11/site-packages/sklearn/impute/_base.py:647: UserWarning: Skipping features without any observed values: ['od_max_conf_chlorine_contact' 'od_max_conf_drying_bed'
 'od_max_conf_oxidation_pond']. At least one non-missing value is needed for imputation with strategy='median'.
  warnings.warn(
/work/GRDVULN/correction/.venv/lib64/python3.11/site-packages/sklearn/impute/_base.py:647: UserWarning: Skipping features without any observed values: ['od_max_conf_chlorine_contact' 'od_max_conf_drying_bed'
 'od_max_conf_oxidation_pond']. At least one non-missing value is needed for imputation with strategy='median'.
  warnings.warn(
/work/GRDVULN/correction/.venv/lib64/python3.11/site-packages/sklearn/impute/_base.py:647: UserWarning: Skipping features without any observed values: ['od_max_conf_chlorine_contact' 'od_max_conf_drying_bed'
 'od_max_conf_oxidation_pond']. At least one non-missing value is needed for imputation with strategy='median'.
  warnings.warn(
/work/GRDVULN/correction/.venv/lib64/python3.11/site-packages/sklearn/impute/_base.py:647: UserWarning: Skipping features without any observed values: ['od_max_conf_chlorine_contact' 'od_max_conf_drying_bed'
 'od_max_conf_oxidation_pond']. At least one non-missing value is needed for imputation with strategy='median'.
  warnings.warn(
/work/GRDVULN/correction/.venv/lib64/python3.11/site-packages/sklearn/impute/_base.py:647: UserWarning: Skipping features without any observed values: ['od_max_conf_chlorine_contact' 'od_max_conf_drying_bed'
 'od_max_conf_oxidation_pond']. At least one non-missing value is needed for imputation with strategy='median'.
  warnings.warn(
/work/GRDVULN/correction/.venv/lib64/python3.11/site-packages/sklearn/impute/_base.py:647: UserWarning: Skipping features without any observed values: ['od_max_conf_chlorine_contact' 'od_max_conf_drying_bed'
 'od_max_conf_oxidation_pond']. At least one non-missing value is needed for imputation with strategy='median'.
  warnings.warn(
/work/GRDVULN/correction/.venv/lib64/python3.11/site-packages/sklearn/impute/_base.py:647: UserWarning: Skipping features without any observed values: ['od_max_conf_chlorine_contact' 'od_max_conf_drying_bed'
 'od_max_conf_oxidation_pond']. At least one non-missing value is needed for imputation with strategy='median'.
  warnings.warn(
/work/GRDVULN/correction/.venv/lib64/python3.11/site-packages/sklearn/impute/_base.py:647: UserWarning: Skipping features without any observed values: ['od_max_conf_chlorine_contact' 'od_max_conf_drying_bed'
 'od_max_conf_oxidation_pond']. At least one non-missing value is needed for imputation with strategy='median'.
  warnings.warn(
/work/GRDVULN/correction/.venv/lib64/python3.11/site-packages/sklearn/impute/_base.py:647: UserWarning: Skipping features without any observed values: ['od_max_conf_chlorine_contact' 'od_max_conf_drying_bed'
 'od_max_conf_oxidation_pond']. At least one non-missing value is needed for imputation with strategy='median'.
  warnings.warn(
/work/GRDVULN/correction/.venv/lib64/python3.11/site-packages/sklearn/impute/_base.py:647: UserWarning: Skipping features without any observed values: ['od_max_conf_chlorine_contact' 'od_max_conf_drying_bed'
 'od_max_conf_oxidation_pond']. At least one non-missing value is needed for imputation with strategy='median'.
  warnings.warn(
/work/GRDVULN/correction/.venv/lib64/python3.11/site-packages/sklearn/impute/_base.py:647: UserWarning: Skipping features without any observed values: ['od_max_conf_chlorine_contact' 'od_max_conf_drying_bed'
 'od_max_conf_oxidation_pond']. At least one non-missing value is needed for imputation with strategy='median'.
  warnings.warn(
/work/GRDVULN/correction/.venv/lib64/python3.11/site-packages/sklearn/impute/_base.py:647: UserWarning: Skipping features without any observed values: ['od_max_conf_chlorine_contact' 'od_max_conf_drying_bed'
 'od_max_conf_oxidation_pond']. At least one non-missing value is needed for imputation with strategy='median'.
  warnings.warn(
/work/GRDVULN/correction/.venv/lib64/python3.11/site-packages/sklearn/impute/_base.py:647: UserWarning: Skipping features without any observed values: ['od_max_conf_chlorine_contact' 'od_max_conf_drying_bed'
 'od_max_conf_oxidation_pond']. At least one non-missing value is needed for imputation with strategy='median'.
  warnings.warn(
/work/GRDVULN/correction/.venv/lib64/python3.11/site-packages/sklearn/impute/_base.py:647: UserWarning: Skipping features without any observed values: ['od_max_conf_chlorine_contact' 'od_max_conf_drying_bed'
 'od_max_conf_oxidation_pond']. At least one non-missing value is needed for imputation with strategy='median'.
  warnings.warn(
/work/GRDVULN/correction/.venv/lib64/python3.11/site-packages/sklearn/impute/_base.py:647: UserWarning: Skipping features without any observed values: ['od_max_conf_chlorine_contact' 'od_max_conf_drying_bed'
 'od_max_conf_oxidation_pond']. At least one non-missing value is needed for imputation with strategy='median'.
  warnings.warn(
/work/GRDVULN/correction/.venv/lib64/python3.11/site-packages/sklearn/impute/_base.py:647: UserWarning: Skipping features without any observed values: ['od_max_conf_chlorine_contact' 'od_max_conf_drying_bed'
 'od_max_conf_oxidation_pond']. At least one non-missing value is needed for imputation with strategy='median'.
  warnings.warn(
/work/GRDVULN/correction/.venv/lib64/python3.11/site-packages/sklearn/impute/_base.py:647: UserWarning: Skipping features without any observed values: ['od_max_conf_chlorine_contact' 'od_max_conf_drying_bed'
 'od_max_conf_oxidation_pond']. At least one non-missing value is needed for imputation with strategy='median'.
  warnings.warn(
/work/GRDVULN/correction/.venv/lib64/python3.11/site-packages/sklearn/impute/_base.py:647: UserWarning: Skipping features without any observed values: ['od_max_conf_chlorine_contact' 'od_max_conf_drying_bed'
 'od_max_conf_oxidation_pond']. At least one non-missing value is needed for imputation with strategy='median'.
  warnings.warn(
/work/GRDVULN/correction/.venv/lib64/python3.11/site-packages/sklearn/impute/_base.py:647: UserWarning: Skipping features without any observed values: ['od_max_conf_chlorine_contact' 'od_max_conf_drying_bed'
 'od_max_conf_oxidation_pond']. At least one non-missing value is needed for imputation with strategy='median'.
  warnings.warn(
/work/GRDVULN/correction/.venv/lib64/python3.11/site-packages/sklearn/impute/_base.py:647: UserWarning: Skipping features without any observed values: ['od_max_conf_chlorine_contact' 'od_max_conf_drying_bed'
 'od_max_conf_oxidation_pond']. At least one non-missing value is needed for imputation with strategy='median'.
  warnings.warn(
/work/GRDVULN/correction/.venv/lib64/python3.11/site-packages/sklearn/impute/_base.py:647: UserWarning: Skipping features without any observed values: ['od_max_conf_chlorine_contact' 'od_max_conf_drying_bed'
 'od_max_conf_oxidation_pond']. At least one non-missing value is needed for imputation with strategy='median'.
  warnings.warn(
/work/GRDVULN/correction/.venv/lib64/python3.11/site-packages/sklearn/impute/_base.py:647: UserWarning: Skipping features without any observed values: ['od_max_conf_chlorine_contact' 'od_max_conf_drying_bed'
 'od_max_conf_oxidation_pond']. At least one non-missing value is needed for imputation with strategy='median'.
  warnings.warn(
/work/GRDVULN/correction/.venv/lib64/python3.11/site-packages/sklearn/impute/_base.py:647: UserWarning: Skipping features without any observed values: ['od_max_conf_chlorine_contact' 'od_max_conf_drying_bed'
 'od_max_conf_oxidation_pond']. At least one non-missing value is needed for imputation with strategy='median'.
  warnings.warn(
/work/GRDVULN/correction/.venv/lib64/python3.11/site-packages/sklearn/impute/_base.py:647: UserWarning: Skipping features without any observed values: ['od_max_conf_chlorine_contact' 'od_max_conf_drying_bed'
 'od_max_conf_oxidation_pond']. At least one non-missing value is needed for imputation with strategy='median'.
  warnings.warn(
/work/GRDVULN/correction/.venv/lib64/python3.11/site-packages/sklearn/impute/_base.py:647: UserWarning: Skipping features without any observed values: ['od_max_conf_chlorine_contact' 'od_max_conf_drying_bed'
 'od_max_conf_oxidation_pond']. At least one non-missing value is needed for imputation with strategy='median'.
  warnings.warn(
/work/GRDVULN/correction/.venv/lib64/python3.11/site-packages/sklearn/impute/_base.py:647: UserWarning: Skipping features without any observed values: ['od_max_conf_chlorine_contact' 'od_max_conf_drying_bed'
 'od_max_conf_oxidation_pond']. At least one non-missing value is needed for imputation with strategy='median'.
  warnings.warn(
/work/GRDVULN/correction/.venv/lib64/python3.11/site-packages/sklearn/impute/_base.py:647: UserWarning: Skipping features without any observed values: ['od_max_conf_chlorine_contact' 'od_max_conf_drying_bed'
 'od_max_conf_oxidation_pond']. At least one non-missing value is needed for imputation with strategy='median'.
  warnings.warn(
/work/GRDVULN/correction/.venv/lib64/python3.11/site-packages/sklearn/impute/_base.py:647: UserWarning: Skipping features without any observed values: ['od_max_conf_chlorine_contact' 'od_max_conf_drying_bed'
 'od_max_conf_oxidation_pond']. At least one non-missing value is needed for imputation with strategy='median'.
  warnings.warn(
/work/GRDVULN/correction/.venv/lib64/python3.11/site-packages/sklearn/impute/_base.py:647: UserWarning: Skipping features without any observed values: ['od_max_conf_chlorine_contact' 'od_max_conf_drying_bed'
 'od_max_conf_oxidation_pond']. At least one non-missing value is needed for imputation with strategy='median'.
  warnings.warn(
/work/GRDVULN/correction/.venv/lib64/python3.11/site-packages/sklearn/impute/_base.py:647: UserWarning: Skipping features without any observed values: ['od_max_conf_chlorine_contact' 'od_max_conf_drying_bed'
 'od_max_conf_oxidation_pond']. At least one non-missing value is needed for imputation with strategy='median'.
  warnings.warn(
/work/GRDVULN/correction/.venv/lib64/python3.11/site-packages/sklearn/impute/_base.py:647: UserWarning: Skipping features without any observed values: ['od_max_conf_chlorine_contact' 'od_max_conf_drying_bed'
 'od_max_conf_oxidation_pond']. At least one non-missing value is needed for imputation with strategy='median'.
  warnings.warn(
/work/GRDVULN/correction/.venv/lib64/python3.11/site-packages/sklearn/impute/_base.py:647: UserWarning: Skipping features without any observed values: ['od_max_conf_chlorine_contact' 'od_max_conf_drying_bed'
 'od_max_conf_oxidation_pond']. At least one non-missing value is needed for imputation with strategy='median'.
  warnings.warn(
/work/GRDVULN/correction/.venv/lib64/python3.11/site-packages/sklearn/impute/_base.py:647: UserWarning: Skipping features without any observed values: ['od_max_conf_chlorine_contact' 'od_max_conf_drying_bed'
 'od_max_conf_oxidation_pond']. At least one non-missing value is needed for imputation with strategy='median'.
  warnings.warn(
/work/GRDVULN/correction/.venv/lib64/python3.11/site-packages/sklearn/impute/_base.py:647: UserWarning: Skipping features without any observed values: ['od_max_conf_chlorine_contact' 'od_max_conf_drying_bed'
 'od_max_conf_oxidation_pond']. At least one non-missing value is needed for imputation with strategy='median'.
  warnings.warn(
/work/GRDVULN/correction/.venv/lib64/python3.11/site-packages/sklearn/impute/_base.py:647: UserWarning: Skipping features without any observed values: ['od_max_conf_chlorine_contact' 'od_max_conf_drying_bed'
 'od_max_conf_oxidation_pond']. At least one non-missing value is needed for imputation with strategy='median'.
  warnings.warn(
/work/GRDVULN/correction/.venv/lib64/python3.11/site-packages/sklearn/impute/_base.py:647: UserWarning: Skipping features without any observed values: ['od_max_conf_chlorine_contact' 'od_max_conf_drying_bed'
 'od_max_conf_oxidation_pond']. At least one non-missing value is needed for imputation with strategy='median'.
  warnings.warn(
/work/GRDVULN/correction/.venv/lib64/python3.11/site-packages/sklearn/impute/_base.py:647: UserWarning: Skipping features without any observed values: ['od_max_conf_chlorine_contact' 'od_max_conf_drying_bed'
 'od_max_conf_oxidation_pond']. At least one non-missing value is needed for imputation with strategy='median'.
  warnings.warn(
/work/GRDVULN/correction/.venv/lib64/python3.11/site-packages/sklearn/impute/_base.py:647: UserWarning: Skipping features without any observed values: ['od_max_conf_chlorine_contact' 'od_max_conf_drying_bed'
 'od_max_conf_oxidation_pond']. At least one non-missing value is needed for imputation with strategy='median'.
  warnings.warn(
/work/GRDVULN/correction/.venv/lib64/python3.11/site-packages/sklearn/impute/_base.py:647: UserWarning: Skipping features without any observed values: ['od_max_conf_chlorine_contact' 'od_max_conf_drying_bed'
 'od_max_conf_oxidation_pond']. At least one non-missing value is needed for imputation with strategy='median'.
  warnings.warn(
/work/GRDVULN/correction/.venv/lib64/python3.11/site-packages/sklearn/impute/_base.py:647: UserWarning: Skipping features without any observed values: ['od_max_conf_chlorine_contact' 'od_max_conf_drying_bed'
 'od_max_conf_oxidation_pond']. At least one non-missing value is needed for imputation with strategy='median'.
  warnings.warn(
/work/GRDVULN/correction/.venv/lib64/python3.11/site-packages/sklearn/impute/_base.py:647: UserWarning: Skipping features without any observed values: ['od_max_conf_chlorine_contact' 'od_max_conf_drying_bed'
 'od_max_conf_oxidation_pond']. At least one non-missing value is needed for imputation with strategy='median'.
  warnings.warn(
/work/GRDVULN/correction/.venv/lib64/python3.11/site-packages/sklearn/impute/_base.py:647: UserWarning: Skipping features without any observed values: ['od_max_conf_chlorine_contact' 'od_max_conf_drying_bed'
 'od_max_conf_oxidation_pond']. At least one non-missing value is needed for imputation with strategy='median'.
  warnings.warn(
/work/GRDVULN/correction/.venv/lib64/python3.11/site-packages/sklearn/impute/_base.py:647: UserWarning: Skipping features without any observed values: ['od_max_conf_chlorine_contact' 'od_max_conf_drying_bed'
 'od_max_conf_oxidation_pond']. At least one non-missing value is needed for imputation with strategy='median'.
  warnings.warn(
/work/GRDVULN/correction/.venv/lib64/python3.11/site-packages/sklearn/impute/_base.py:647: UserWarning: Skipping features without any observed values: ['od_max_conf_chlorine_contact' 'od_max_conf_drying_bed'
 'od_max_conf_oxidation_pond']. At least one non-missing value is needed for imputation with strategy='median'.
  warnings.warn(
/work/GRDVULN/correction/.venv/lib64/python3.11/site-packages/sklearn/impute/_base.py:647: UserWarning: Skipping features without any observed values: ['od_max_conf_chlorine_contact' 'od_max_conf_drying_bed'
 'od_max_conf_oxidation_pond']. At least one non-missing value is needed for imputation with strategy='median'.
  warnings.warn(
/work/GRDVULN/correction/.venv/lib64/python3.11/site-packages/sklearn/impute/_base.py:647: UserWarning: Skipping features without any observed values: ['od_max_conf_chlorine_contact' 'od_max_conf_drying_bed'
 'od_max_conf_oxidation_pond']. At least one non-missing value is needed for imputation with strategy='median'.
  warnings.warn(
/work/GRDVULN/correction/.venv/lib64/python3.11/site-packages/sklearn/impute/_base.py:647: UserWarning: Skipping features without any observed values: ['od_max_conf_chlorine_contact' 'od_max_conf_drying_bed'
 'od_max_conf_oxidation_pond']. At least one non-missing value is needed for imputation with strategy='median'.
  warnings.warn(
/work/GRDVULN/correction/.venv/lib64/python3.11/site-packages/sklearn/impute/_base.py:647: UserWarning: Skipping features without any observed values: ['od_max_conf_chlorine_contact' 'od_max_conf_drying_bed'
 'od_max_conf_oxidation_pond']. At least one non-missing value is needed for imputation with strategy='median'.
  warnings.warn(
/work/GRDVULN/correction/.venv/lib64/python3.11/site-packages/sklearn/impute/_base.py:647: UserWarning: Skipping features without any observed values: ['od_max_conf_chlorine_contact' 'od_max_conf_drying_bed'
 'od_max_conf_oxidation_pond']. At least one non-missing value is needed for imputation with strategy='median'.
  warnings.warn(
/work/GRDVULN/correction/.venv/lib64/python3.11/site-packages/sklearn/impute/_base.py:647: UserWarning: Skipping features without any observed values: ['od_max_conf_chlorine_contact' 'od_max_conf_drying_bed'
 'od_max_conf_oxidation_pond']. At least one non-missing value is needed for imputation with strategy='median'.
  warnings.warn(
/work/GRDVULN/correction/.venv/lib64/python3.11/site-packages/sklearn/impute/_base.py:647: UserWarning: Skipping features without any observed values: ['od_max_conf_chlorine_contact' 'od_max_conf_drying_bed'
 'od_max_conf_oxidation_pond']. At least one non-missing value is needed for imputation with strategy='median'.
  warnings.warn(
/work/GRDVULN/correction/.venv/lib64/python3.11/site-packages/sklearn/impute/_base.py:647: UserWarning: Skipping features without any observed values: ['od_max_conf_chlorine_contact' 'od_max_conf_drying_bed'
 'od_max_conf_oxidation_pond']. At least one non-missing value is needed for imputation with strategy='median'.
  warnings.warn(
/work/GRDVULN/correction/.venv/lib64/python3.11/site-packages/sklearn/impute/_base.py:647: UserWarning: Skipping features without any observed values: ['od_max_conf_chlorine_contact' 'od_max_conf_drying_bed'
 'od_max_conf_oxidation_pond']. At least one non-missing value is needed for imputation with strategy='median'.
  warnings.warn(
/work/GRDVULN/correction/.venv/lib64/python3.11/site-packages/sklearn/impute/_base.py:647: UserWarning: Skipping features without any observed values: ['od_max_conf_chlorine_contact' 'od_max_conf_drying_bed'
 'od_max_conf_oxidation_pond']. At least one non-missing value is needed for imputation with strategy='median'.
  warnings.warn(
/work/GRDVULN/correction/.venv/lib64/python3.11/site-packages/sklearn/impute/_base.py:647: UserWarning: Skipping features without any observed values: ['od_max_conf_chlorine_contact' 'od_max_conf_drying_bed'
 'od_max_conf_oxidation_pond']. At least one non-missing value is needed for imputation with strategy='median'.
  warnings.warn(
/work/GRDVULN/correction/.venv/lib64/python3.11/site-packages/sklearn/impute/_base.py:647: UserWarning: Skipping features without any observed values: ['od_max_conf_chlorine_contact' 'od_max_conf_drying_bed'
 'od_max_conf_oxidation_pond']. At least one non-missing value is needed for imputation with strategy='median'.
  warnings.warn(
/work/GRDVULN/correction/.venv/lib64/python3.11/site-packages/sklearn/impute/_base.py:647: UserWarning: Skipping features without any observed values: ['od_max_conf_chlorine_contact' 'od_max_conf_drying_bed'
 'od_max_conf_oxidation_pond']. At least one non-missing value is needed for imputation with strategy='median'.
  warnings.warn(
/work/GRDVULN/correction/.venv/lib64/python3.11/site-packages/sklearn/impute/_base.py:647: UserWarning: Skipping features without any observed values: ['od_max_conf_chlorine_contact' 'od_max_conf_drying_bed'
 'od_max_conf_oxidation_pond']. At least one non-missing value is needed for imputation with strategy='median'.
  warnings.warn(
/work/GRDVULN/correction/.venv/lib64/python3.11/site-packages/sklearn/impute/_base.py:647: UserWarning: Skipping features without any observed values: ['od_max_conf_chlorine_contact' 'od_max_conf_drying_bed'
 'od_max_conf_oxidation_pond']. At least one non-missing value is needed for imputation with strategy='median'.
  warnings.warn(
/work/GRDVULN/correction/.venv/lib64/python3.11/site-packages/sklearn/impute/_base.py:647: UserWarning: Skipping features without any observed values: ['od_max_conf_chlorine_contact' 'od_max_conf_drying_bed'
 'od_max_conf_oxidation_pond']. At least one non-missing value is needed for imputation with strategy='median'.
  warnings.warn(
/work/GRDVULN/correction/.venv/lib64/python3.11/site-packages/sklearn/impute/_base.py:647: UserWarning: Skipping features without any observed values: ['od_max_conf_chlorine_contact' 'od_max_conf_drying_bed'
 'od_max_conf_oxidation_pond']. At least one non-missing value is needed for imputation with strategy='median'.
  warnings.warn(
/work/GRDVULN/correction/.venv/lib64/python3.11/site-packages/sklearn/impute/_base.py:647: UserWarning: Skipping features without any observed values: ['od_max_conf_chlorine_contact' 'od_max_conf_drying_bed'
 'od_max_conf_oxidation_pond']. At least one non-missing value is needed for imputation with strategy='median'.
  warnings.warn(
/work/GRDVULN/correction/.venv/lib64/python3.11/site-packages/sklearn/impute/_base.py:647: UserWarning: Skipping features without any observed values: ['od_max_conf_chlorine_contact' 'od_max_conf_drying_bed'
 'od_max_conf_oxidation_pond']. At least one non-missing value is needed for imputation with strategy='median'.
  warnings.warn(
/work/GRDVULN/correction/.venv/lib64/python3.11/site-packages/sklearn/impute/_base.py:647: UserWarning: Skipping features without any observed values: ['od_max_conf_chlorine_contact' 'od_max_conf_drying_bed'
 'od_max_conf_oxidation_pond']. At least one non-missing value is needed for imputation with strategy='median'.
  warnings.warn(
  SPATIAL CV complete in 0.4 minutes
  Best SPATIAL ROC AUC: 0.9439

========================================
Tuning with STANDARD cross-validation...
========================================
  STANDARD CV complete in 0.4 minutes
  Best STANDARD ROC AUC: 0.9684

CV Comparison:
         cv   roc_auc
1  Standard  0.968400
0   Spatial  0.943888

========================================
Fitting final model on full training data...
========================================
Test set metrics:
  roc_auc     : 0.9698
  accuracy    : 0.9376
  sensitivity : 0.9419
  specificity : 0.9020
  brier_class : 0.0557

Confusion matrix (rows=truth, cols=predicted; 1=Correct, 0=Incorrect):
[[ 46   5]
 [ 25 405]]

Computing feature importance...
Top 20 features:
                  Variable  Importance  Importance_std
                    osm_ww    0.299961        0.043980
              is_municipal    0.017278        0.002677
             ll_bldg_count    0.002107        0.001748
od_max_conf_aeration_basin    0.001655        0.000131
            has_ww_keyword    0.001386        0.000535
     parcel_bbox_max_dim_m    0.001204        0.000590
           water_pixel_pct    0.001021        0.001544
                 has_water    0.000903        0.000934
             bldg_per_acre    0.000725        0.000570
     od_has_aeration_basin    0.000711        0.000170
            lbcs_ownership    0.000565        0.000310
             any_geo_match    0.000538        0.000318
          od_has_detection    0.000337        0.002269
                  sd_match    0.000278        0.000261
       od_n_aeration_basin    0.000242        0.000104
        owner_has_llc_corp    0.000233        0.000204
          owner_is_utility    0.000210        0.000326
               place_match    0.000187        0.000148
         owner_is_electric    0.000141        0.000063
      dominant_class_group    0.000128        0.000314

Running threshold analysis...
  Optimal Stage 1 threshold (Youden J): 0.512

Saving model...
  stage1_rf_model.joblib saved: 4.0 MB

=== Stage 1 training complete ===

FINAL RESULTS SUMMARY
  Test roc_auc: 0.9698
  Optimal threshold: 0.512
  CV comparison:
         cv   roc_auc
1  Standard  0.968400
0   Spatial  0.943888
Finished: Fri Sep  4 14:51:23 EDT 2026
