==========================================
Node:    r5n26
Job ID:  7406611
CPUs:    16
Started: Thu Aug 27 16:45:05 EDT 2026
==========================================
Loaded module: python/3.11
Python:  Python 3.11.13  (/work/GRDVULN/correction/.venv/bin/python)
------------------------------------------
=== 03_train_stage1.py: Stage 1 Model Training (Random Forest) ===

Loading Stage 1 training data...
  [holdout] stage1: removed 322 rows / 322 plants (2243 -> 1921)
  Rows: 1921
  Correct: 1717
  Incorrect: 204
  Model columns: 71
  Class weights -- Correct: 0.106 | Incorrect: 0.894

Setting up cross-validation folds...
  Spatial fold 1 train -- Correct: 1099, Incorrect: 150
  Spatial fold 2 train -- Correct: 1198, Incorrect: 115
  Spatial fold 3 train -- Correct: 1710, Incorrect: 194
  Spatial fold 4 train -- Correct: 1349, Incorrect: 182
  Spatial fold 5 train -- Correct: 1512, Incorrect: 175
  Spatial folds: 5  |  Standard folds: 5

========================================
Tuning with SPATIAL cross-validation...
========================================
/work/GRDVULN/correction/.venv/lib64/python3.11/site-packages/sklearn/impute/_base.py:647: UserWarning: Skipping features without any observed values: ['od_max_conf_chlorine_contact' 'od_max_conf_drying_bed'
 'od_max_conf_oxidation_pond']. At least one non-missing value is needed for imputation with strategy='median'.
  warnings.warn(
/work/GRDVULN/correction/.venv/lib64/python3.11/site-packages/sklearn/impute/_base.py:647: UserWarning: Skipping features without any observed values: ['od_max_conf_chlorine_contact' 'od_max_conf_drying_bed'
 'od_max_conf_oxidation_pond']. At least one non-missing value is needed for imputation with strategy='median'.
  warnings.warn(
/work/GRDVULN/correction/.venv/lib64/python3.11/site-packages/sklearn/impute/_base.py:647: UserWarning: Skipping features without any observed values: ['od_max_conf_chlorine_contact' 'od_max_conf_drying_bed'
 'od_max_conf_oxidation_pond']. At least one non-missing value is needed for imputation with strategy='median'.
  warnings.warn(
/work/GRDVULN/correction/.venv/lib64/python3.11/site-packages/sklearn/impute/_base.py:647: UserWarning: Skipping features without any observed values: ['od_max_conf_chlorine_contact' 'od_max_conf_drying_bed'
 'od_max_conf_oxidation_pond']. At least one non-missing value is needed for imputation with strategy='median'.
  warnings.warn(
/work/GRDVULN/correction/.venv/lib64/python3.11/site-packages/sklearn/impute/_base.py:647: UserWarning: Skipping features without any observed values: ['od_max_conf_chlorine_contact' 'od_max_conf_drying_bed'
 'od_max_conf_oxidation_pond']. At least one non-missing value is needed for imputation with strategy='median'.
  warnings.warn(
/work/GRDVULN/correction/.venv/lib64/python3.11/site-packages/sklearn/impute/_base.py:647: UserWarning: Skipping features without any observed values: ['od_max_conf_chlorine_contact' 'od_max_conf_drying_bed'
 'od_max_conf_oxidation_pond']. At least one non-missing value is needed for imputation with strategy='median'.
  warnings.warn(
/work/GRDVULN/correction/.venv/lib64/python3.11/site-packages/sklearn/impute/_base.py:647: UserWarning: Skipping features without any observed values: ['od_max_conf_chlorine_contact' 'od_max_conf_drying_bed'
 'od_max_conf_oxidation_pond']. At least one non-missing value is needed for imputation with strategy='median'.
  warnings.warn(
/work/GRDVULN/correction/.venv/lib64/python3.11/site-packages/sklearn/impute/_base.py:647: UserWarning: Skipping features without any observed values: ['od_max_conf_chlorine_contact' 'od_max_conf_drying_bed'
 'od_max_conf_oxidation_pond']. At least one non-missing value is needed for imputation with strategy='median'.
  warnings.warn(
/work/GRDVULN/correction/.venv/lib64/python3.11/site-packages/sklearn/impute/_base.py:647: UserWarning: Skipping features without any observed values: ['od_max_conf_chlorine_contact' 'od_max_conf_drying_bed'
 'od_max_conf_oxidation_pond']. At least one non-missing value is needed for imputation with strategy='median'.
  warnings.warn(
/work/GRDVULN/correction/.venv/lib64/python3.11/site-packages/sklearn/impute/_base.py:647: UserWarning: Skipping features without any observed values: ['od_max_conf_chlorine_contact' 'od_max_conf_drying_bed'
 'od_max_conf_oxidation_pond']. At least one non-missing value is needed for imputation with strategy='median'.
  warnings.warn(
/work/GRDVULN/correction/.venv/lib64/python3.11/site-packages/sklearn/impute/_base.py:647: UserWarning: Skipping features without any observed values: ['od_max_conf_chlorine_contact' 'od_max_conf_drying_bed'
 'od_max_conf_oxidation_pond']. At least one non-missing value is needed for imputation with strategy='median'.
  warnings.warn(
/work/GRDVULN/correction/.venv/lib64/python3.11/site-packages/sklearn/impute/_base.py:647: UserWarning: Skipping features without any observed values: ['od_max_conf_chlorine_contact' 'od_max_conf_drying_bed'
 'od_max_conf_oxidation_pond']. At least one non-missing value is needed for imputation with strategy='median'.
  warnings.warn(
/work/GRDVULN/correction/.venv/lib64/python3.11/site-packages/sklearn/impute/_base.py:647: UserWarning: Skipping features without any observed values: ['od_max_conf_chlorine_contact' 'od_max_conf_drying_bed'
 'od_max_conf_oxidation_pond']. At least one non-missing value is needed for imputation with strategy='median'.
  warnings.warn(
/work/GRDVULN/correction/.venv/lib64/python3.11/site-packages/sklearn/impute/_base.py:647: UserWarning: Skipping features without any observed values: ['od_max_conf_chlorine_contact' 'od_max_conf_drying_bed'
 'od_max_conf_oxidation_pond']. At least one non-missing value is needed for imputation with strategy='median'.
  warnings.warn(
/work/GRDVULN/correction/.venv/lib64/python3.11/site-packages/sklearn/impute/_base.py:647: UserWarning: Skipping features without any observed values: ['od_max_conf_chlorine_contact' 'od_max_conf_drying_bed'
 'od_max_conf_oxidation_pond']. At least one non-missing value is needed for imputation with strategy='median'.
  warnings.warn(
/work/GRDVULN/correction/.venv/lib64/python3.11/site-packages/sklearn/impute/_base.py:647: UserWarning: Skipping features without any observed values: ['od_max_conf_chlorine_contact' 'od_max_conf_drying_bed'
 'od_max_conf_oxidation_pond']. At least one non-missing value is needed for imputation with strategy='median'.
  warnings.warn(
/work/GRDVULN/correction/.venv/lib64/python3.11/site-packages/sklearn/impute/_base.py:647: UserWarning: Skipping features without any observed values: ['od_max_conf_chlorine_contact' 'od_max_conf_drying_bed'
 'od_max_conf_oxidation_pond']. At least one non-missing value is needed for imputation with strategy='median'.
  warnings.warn(
/work/GRDVULN/correction/.venv/lib64/python3.11/site-packages/sklearn/impute/_base.py:647: UserWarning: Skipping features without any observed values: ['od_max_conf_chlorine_contact' 'od_max_conf_drying_bed'
 'od_max_conf_oxidation_pond']. At least one non-missing value is needed for imputation with strategy='median'.
  warnings.warn(
/work/GRDVULN/correction/.venv/lib64/python3.11/site-packages/sklearn/impute/_base.py:647: UserWarning: Skipping features without any observed values: ['od_max_conf_chlorine_contact' 'od_max_conf_drying_bed'
 'od_max_conf_oxidation_pond']. At least one non-missing value is needed for imputation with strategy='median'.
  warnings.warn(
/work/GRDVULN/correction/.venv/lib64/python3.11/site-packages/sklearn/impute/_base.py:647: UserWarning: Skipping features without any observed values: ['od_max_conf_chlorine_contact' 'od_max_conf_drying_bed'
 'od_max_conf_oxidation_pond']. At least one non-missing value is needed for imputation with strategy='median'.
  warnings.warn(
/work/GRDVULN/correction/.venv/lib64/python3.11/site-packages/sklearn/impute/_base.py:647: UserWarning: Skipping features without any observed values: ['od_max_conf_chlorine_contact' 'od_max_conf_drying_bed'
 'od_max_conf_oxidation_pond']. At least one non-missing value is needed for imputation with strategy='median'.
  warnings.warn(
/work/GRDVULN/correction/.venv/lib64/python3.11/site-packages/sklearn/impute/_base.py:647: UserWarning: Skipping features without any observed values: ['od_max_conf_chlorine_contact' 'od_max_conf_drying_bed'
 'od_max_conf_oxidation_pond']. At least one non-missing value is needed for imputation with strategy='median'.
  warnings.warn(
/work/GRDVULN/correction/.venv/lib64/python3.11/site-packages/sklearn/impute/_base.py:647: UserWarning: Skipping features without any observed values: ['od_max_conf_chlorine_contact' 'od_max_conf_drying_bed'
 'od_max_conf_oxidation_pond']. At least one non-missing value is needed for imputation with strategy='median'.
  warnings.warn(
/work/GRDVULN/correction/.venv/lib64/python3.11/site-packages/sklearn/impute/_base.py:647: UserWarning: Skipping features without any observed values: ['od_max_conf_chlorine_contact' 'od_max_conf_drying_bed'
 'od_max_conf_oxidation_pond']. At least one non-missing value is needed for imputation with strategy='median'.
  warnings.warn(
/work/GRDVULN/correction/.venv/lib64/python3.11/site-packages/sklearn/impute/_base.py:647: UserWarning: Skipping features without any observed values: ['od_max_conf_chlorine_contact' 'od_max_conf_drying_bed'
 'od_max_conf_oxidation_pond']. At least one non-missing value is needed for imputation with strategy='median'.
  warnings.warn(
/work/GRDVULN/correction/.venv/lib64/python3.11/site-packages/sklearn/impute/_base.py:647: UserWarning: Skipping features without any observed values: ['od_max_conf_chlorine_contact' 'od_max_conf_drying_bed'
 'od_max_conf_oxidation_pond']. At least one non-missing value is needed for imputation with strategy='median'.
  warnings.warn(
/work/GRDVULN/correction/.venv/lib64/python3.11/site-packages/sklearn/impute/_base.py:647: UserWarning: Skipping features without any observed values: ['od_max_conf_chlorine_contact' 'od_max_conf_drying_bed'
 'od_max_conf_oxidation_pond']. At least one non-missing value is needed for imputation with strategy='median'.
  warnings.warn(
/work/GRDVULN/correction/.venv/lib64/python3.11/site-packages/sklearn/impute/_base.py:647: UserWarning: Skipping features without any observed values: ['od_max_conf_chlorine_contact' 'od_max_conf_drying_bed'
 'od_max_conf_oxidation_pond']. At least one non-missing value is needed for imputation with strategy='median'.
  warnings.warn(
/work/GRDVULN/correction/.venv/lib64/python3.11/site-packages/sklearn/impute/_base.py:647: UserWarning: Skipping features without any observed values: ['od_max_conf_chlorine_contact' 'od_max_conf_drying_bed'
 'od_max_conf_oxidation_pond']. At least one non-missing value is needed for imputation with strategy='median'.
  warnings.warn(
/work/GRDVULN/correction/.venv/lib64/python3.11/site-packages/sklearn/impute/_base.py:647: UserWarning: Skipping features without any observed values: ['od_max_conf_chlorine_contact' 'od_max_conf_drying_bed'
 'od_max_conf_oxidation_pond']. At least one non-missing value is needed for imputation with strategy='median'.
  warnings.warn(
/work/GRDVULN/correction/.venv/lib64/python3.11/site-packages/sklearn/impute/_base.py:647: UserWarning: Skipping features without any observed values: ['od_max_conf_chlorine_contact' 'od_max_conf_drying_bed'
 'od_max_conf_oxidation_pond']. At least one non-missing value is needed for imputation with strategy='median'.
  warnings.warn(
/work/GRDVULN/correction/.venv/lib64/python3.11/site-packages/sklearn/impute/_base.py:647: UserWarning: Skipping features without any observed values: ['od_max_conf_chlorine_contact' 'od_max_conf_drying_bed'
 'od_max_conf_oxidation_pond']. At least one non-missing value is needed for imputation with strategy='median'.
  warnings.warn(
/work/GRDVULN/correction/.venv/lib64/python3.11/site-packages/sklearn/impute/_base.py:647: UserWarning: Skipping features without any observed values: ['od_max_conf_chlorine_contact' 'od_max_conf_drying_bed'
 'od_max_conf_oxidation_pond']. At least one non-missing value is needed for imputation with strategy='median'.
  warnings.warn(
/work/GRDVULN/correction/.venv/lib64/python3.11/site-packages/sklearn/impute/_base.py:647: UserWarning: Skipping features without any observed values: ['od_max_conf_chlorine_contact' 'od_max_conf_drying_bed'
 'od_max_conf_oxidation_pond']. At least one non-missing value is needed for imputation with strategy='median'.
  warnings.warn(
/work/GRDVULN/correction/.venv/lib64/python3.11/site-packages/sklearn/impute/_base.py:647: UserWarning: Skipping features without any observed values: ['od_max_conf_chlorine_contact' 'od_max_conf_drying_bed'
 'od_max_conf_oxidation_pond']. At least one non-missing value is needed for imputation with strategy='median'.
  warnings.warn(
/work/GRDVULN/correction/.venv/lib64/python3.11/site-packages/sklearn/impute/_base.py:647: UserWarning: Skipping features without any observed values: ['od_max_conf_chlorine_contact' 'od_max_conf_drying_bed'
 'od_max_conf_oxidation_pond']. At least one non-missing value is needed for imputation with strategy='median'.
  warnings.warn(
/work/GRDVULN/correction/.venv/lib64/python3.11/site-packages/sklearn/impute/_base.py:647: UserWarning: Skipping features without any observed values: ['od_max_conf_chlorine_contact' 'od_max_conf_drying_bed'
 'od_max_conf_oxidation_pond']. At least one non-missing value is needed for imputation with strategy='median'.
  warnings.warn(
/work/GRDVULN/correction/.venv/lib64/python3.11/site-packages/sklearn/impute/_base.py:647: UserWarning: Skipping features without any observed values: ['od_max_conf_chlorine_contact' 'od_max_conf_drying_bed'
 'od_max_conf_oxidation_pond']. At least one non-missing value is needed for imputation with strategy='median'.
  warnings.warn(
/work/GRDVULN/correction/.venv/lib64/python3.11/site-packages/sklearn/impute/_base.py:647: UserWarning: Skipping features without any observed values: ['od_max_conf_chlorine_contact' 'od_max_conf_drying_bed'
 'od_max_conf_oxidation_pond']. At least one non-missing value is needed for imputation with strategy='median'.
  warnings.warn(
/work/GRDVULN/correction/.venv/lib64/python3.11/site-packages/sklearn/impute/_base.py:647: UserWarning: Skipping features without any observed values: ['od_max_conf_chlorine_contact' 'od_max_conf_drying_bed'
 'od_max_conf_oxidation_pond']. At least one non-missing value is needed for imputation with strategy='median'.
  warnings.warn(
/work/GRDVULN/correction/.venv/lib64/python3.11/site-packages/sklearn/impute/_base.py:647: UserWarning: Skipping features without any observed values: ['od_max_conf_chlorine_contact' 'od_max_conf_drying_bed'
 'od_max_conf_oxidation_pond']. At least one non-missing value is needed for imputation with strategy='median'.
  warnings.warn(
/work/GRDVULN/correction/.venv/lib64/python3.11/site-packages/sklearn/impute/_base.py:647: UserWarning: Skipping features without any observed values: ['od_max_conf_chlorine_contact' 'od_max_conf_drying_bed'
 'od_max_conf_oxidation_pond']. At least one non-missing value is needed for imputation with strategy='median'.
  warnings.warn(
/work/GRDVULN/correction/.venv/lib64/python3.11/site-packages/sklearn/impute/_base.py:647: UserWarning: Skipping features without any observed values: ['od_max_conf_chlorine_contact' 'od_max_conf_drying_bed'
 'od_max_conf_oxidation_pond']. At least one non-missing value is needed for imputation with strategy='median'.
  warnings.warn(
/work/GRDVULN/correction/.venv/lib64/python3.11/site-packages/sklearn/impute/_base.py:647: UserWarning: Skipping features without any observed values: ['od_max_conf_chlorine_contact' 'od_max_conf_drying_bed'
 'od_max_conf_oxidation_pond']. At least one non-missing value is needed for imputation with strategy='median'.
  warnings.warn(
/work/GRDVULN/correction/.venv/lib64/python3.11/site-packages/sklearn/impute/_base.py:647: UserWarning: Skipping features without any observed values: ['od_max_conf_chlorine_contact' 'od_max_conf_drying_bed'
 'od_max_conf_oxidation_pond']. At least one non-missing value is needed for imputation with strategy='median'.
  warnings.warn(
/work/GRDVULN/correction/.venv/lib64/python3.11/site-packages/sklearn/impute/_base.py:647: UserWarning: Skipping features without any observed values: ['od_max_conf_chlorine_contact' 'od_max_conf_drying_bed'
 'od_max_conf_oxidation_pond']. At least one non-missing value is needed for imputation with strategy='median'.
  warnings.warn(
/work/GRDVULN/correction/.venv/lib64/python3.11/site-packages/sklearn/impute/_base.py:647: UserWarning: Skipping features without any observed values: ['od_max_conf_chlorine_contact' 'od_max_conf_drying_bed'
 'od_max_conf_oxidation_pond']. At least one non-missing value is needed for imputation with strategy='median'.
  warnings.warn(
/work/GRDVULN/correction/.venv/lib64/python3.11/site-packages/sklearn/impute/_base.py:647: UserWarning: Skipping features without any observed values: ['od_max_conf_chlorine_contact' 'od_max_conf_drying_bed'
 'od_max_conf_oxidation_pond']. At least one non-missing value is needed for imputation with strategy='median'.
  warnings.warn(
/work/GRDVULN/correction/.venv/lib64/python3.11/site-packages/sklearn/impute/_base.py:647: UserWarning: Skipping features without any observed values: ['od_max_conf_chlorine_contact' 'od_max_conf_drying_bed'
 'od_max_conf_oxidation_pond']. At least one non-missing value is needed for imputation with strategy='median'.
  warnings.warn(
/work/GRDVULN/correction/.venv/lib64/python3.11/site-packages/sklearn/impute/_base.py:647: UserWarning: Skipping features without any observed values: ['od_max_conf_chlorine_contact' 'od_max_conf_drying_bed'
 'od_max_conf_oxidation_pond']. At least one non-missing value is needed for imputation with strategy='median'.
  warnings.warn(
/work/GRDVULN/correction/.venv/lib64/python3.11/site-packages/sklearn/impute/_base.py:647: UserWarning: Skipping features without any observed values: ['od_max_conf_chlorine_contact' 'od_max_conf_drying_bed'
 'od_max_conf_oxidation_pond']. At least one non-missing value is needed for imputation with strategy='median'.
  warnings.warn(
/work/GRDVULN/correction/.venv/lib64/python3.11/site-packages/sklearn/impute/_base.py:647: UserWarning: Skipping features without any observed values: ['od_max_conf_chlorine_contact' 'od_max_conf_drying_bed'
 'od_max_conf_oxidation_pond']. At least one non-missing value is needed for imputation with strategy='median'.
  warnings.warn(
/work/GRDVULN/correction/.venv/lib64/python3.11/site-packages/sklearn/impute/_base.py:647: UserWarning: Skipping features without any observed values: ['od_max_conf_chlorine_contact' 'od_max_conf_drying_bed'
 'od_max_conf_oxidation_pond']. At least one non-missing value is needed for imputation with strategy='median'.
  warnings.warn(
/work/GRDVULN/correction/.venv/lib64/python3.11/site-packages/sklearn/impute/_base.py:647: UserWarning: Skipping features without any observed values: ['od_max_conf_chlorine_contact' 'od_max_conf_drying_bed'
 'od_max_conf_oxidation_pond']. At least one non-missing value is needed for imputation with strategy='median'.
  warnings.warn(
/work/GRDVULN/correction/.venv/lib64/python3.11/site-packages/sklearn/impute/_base.py:647: UserWarning: Skipping features without any observed values: ['od_max_conf_chlorine_contact' 'od_max_conf_drying_bed'
 'od_max_conf_oxidation_pond']. At least one non-missing value is needed for imputation with strategy='median'.
  warnings.warn(
/work/GRDVULN/correction/.venv/lib64/python3.11/site-packages/sklearn/impute/_base.py:647: UserWarning: Skipping features without any observed values: ['od_max_conf_chlorine_contact' 'od_max_conf_drying_bed'
 'od_max_conf_oxidation_pond']. At least one non-missing value is needed for imputation with strategy='median'.
  warnings.warn(
/work/GRDVULN/correction/.venv/lib64/python3.11/site-packages/sklearn/impute/_base.py:647: UserWarning: Skipping features without any observed values: ['od_max_conf_chlorine_contact' 'od_max_conf_drying_bed'
 'od_max_conf_oxidation_pond']. At least one non-missing value is needed for imputation with strategy='median'.
  warnings.warn(
/work/GRDVULN/correction/.venv/lib64/python3.11/site-packages/sklearn/impute/_base.py:647: UserWarning: Skipping features without any observed values: ['od_max_conf_chlorine_contact' 'od_max_conf_drying_bed'
 'od_max_conf_oxidation_pond']. At least one non-missing value is needed for imputation with strategy='median'.
  warnings.warn(
/work/GRDVULN/correction/.venv/lib64/python3.11/site-packages/sklearn/impute/_base.py:647: UserWarning: Skipping features without any observed values: ['od_max_conf_chlorine_contact' 'od_max_conf_drying_bed'
 'od_max_conf_oxidation_pond']. At least one non-missing value is needed for imputation with strategy='median'.
  warnings.warn(
/work/GRDVULN/correction/.venv/lib64/python3.11/site-packages/sklearn/impute/_base.py:647: UserWarning: Skipping features without any observed values: ['od_max_conf_chlorine_contact' 'od_max_conf_drying_bed'
 'od_max_conf_oxidation_pond']. At least one non-missing value is needed for imputation with strategy='median'.
  warnings.warn(
/work/GRDVULN/correction/.venv/lib64/python3.11/site-packages/sklearn/impute/_base.py:647: UserWarning: Skipping features without any observed values: ['od_max_conf_chlorine_contact' 'od_max_conf_drying_bed'
 'od_max_conf_oxidation_pond']. At least one non-missing value is needed for imputation with strategy='median'.
  warnings.warn(
/work/GRDVULN/correction/.venv/lib64/python3.11/site-packages/sklearn/impute/_base.py:647: UserWarning: Skipping features without any observed values: ['od_max_conf_chlorine_contact' 'od_max_conf_drying_bed'
 'od_max_conf_oxidation_pond']. At least one non-missing value is needed for imputation with strategy='median'.
  warnings.warn(
/work/GRDVULN/correction/.venv/lib64/python3.11/site-packages/sklearn/impute/_base.py:647: UserWarning: Skipping features without any observed values: ['od_max_conf_chlorine_contact' 'od_max_conf_drying_bed'
 'od_max_conf_oxidation_pond']. At least one non-missing value is needed for imputation with strategy='median'.
  warnings.warn(
/work/GRDVULN/correction/.venv/lib64/python3.11/site-packages/sklearn/impute/_base.py:647: UserWarning: Skipping features without any observed values: ['od_max_conf_chlorine_contact' 'od_max_conf_drying_bed'
 'od_max_conf_oxidation_pond']. At least one non-missing value is needed for imputation with strategy='median'.
  warnings.warn(
/work/GRDVULN/correction/.venv/lib64/python3.11/site-packages/sklearn/impute/_base.py:647: UserWarning: Skipping features without any observed values: ['od_max_conf_chlorine_contact' 'od_max_conf_drying_bed'
 'od_max_conf_oxidation_pond']. At least one non-missing value is needed for imputation with strategy='median'.
  warnings.warn(
/work/GRDVULN/correction/.venv/lib64/python3.11/site-packages/sklearn/impute/_base.py:647: UserWarning: Skipping features without any observed values: ['od_max_conf_chlorine_contact' 'od_max_conf_drying_bed'
 'od_max_conf_oxidation_pond']. At least one non-missing value is needed for imputation with strategy='median'.
  warnings.warn(
/work/GRDVULN/correction/.venv/lib64/python3.11/site-packages/sklearn/impute/_base.py:647: UserWarning: Skipping features without any observed values: ['od_max_conf_chlorine_contact' 'od_max_conf_drying_bed'
 'od_max_conf_oxidation_pond']. At least one non-missing value is needed for imputation with strategy='median'.
  warnings.warn(
/work/GRDVULN/correction/.venv/lib64/python3.11/site-packages/sklearn/impute/_base.py:647: UserWarning: Skipping features without any observed values: ['od_max_conf_chlorine_contact' 'od_max_conf_drying_bed'
 'od_max_conf_oxidation_pond']. At least one non-missing value is needed for imputation with strategy='median'.
  warnings.warn(
/work/GRDVULN/correction/.venv/lib64/python3.11/site-packages/sklearn/impute/_base.py:647: UserWarning: Skipping features without any observed values: ['od_max_conf_chlorine_contact' 'od_max_conf_drying_bed'
 'od_max_conf_oxidation_pond']. At least one non-missing value is needed for imputation with strategy='median'.
  warnings.warn(
/work/GRDVULN/correction/.venv/lib64/python3.11/site-packages/sklearn/impute/_base.py:647: UserWarning: Skipping features without any observed values: ['od_max_conf_chlorine_contact' 'od_max_conf_drying_bed'
 'od_max_conf_oxidation_pond']. At least one non-missing value is needed for imputation with strategy='median'.
  warnings.warn(
/work/GRDVULN/correction/.venv/lib64/python3.11/site-packages/sklearn/impute/_base.py:647: UserWarning: Skipping features without any observed values: ['od_max_conf_chlorine_contact' 'od_max_conf_drying_bed'
 'od_max_conf_oxidation_pond']. At least one non-missing value is needed for imputation with strategy='median'.
  warnings.warn(
/work/GRDVULN/correction/.venv/lib64/python3.11/site-packages/sklearn/impute/_base.py:647: UserWarning: Skipping features without any observed values: ['od_max_conf_chlorine_contact' 'od_max_conf_drying_bed'
 'od_max_conf_oxidation_pond']. At least one non-missing value is needed for imputation with strategy='median'.
  warnings.warn(
/work/GRDVULN/correction/.venv/lib64/python3.11/site-packages/sklearn/impute/_base.py:647: UserWarning: Skipping features without any observed values: ['od_max_conf_chlorine_contact' 'od_max_conf_drying_bed'
 'od_max_conf_oxidation_pond']. At least one non-missing value is needed for imputation with strategy='median'.
  warnings.warn(
/work/GRDVULN/correction/.venv/lib64/python3.11/site-packages/sklearn/impute/_base.py:647: UserWarning: Skipping features without any observed values: ['od_max_conf_chlorine_contact' 'od_max_conf_drying_bed'
 'od_max_conf_oxidation_pond']. At least one non-missing value is needed for imputation with strategy='median'.
  warnings.warn(
/work/GRDVULN/correction/.venv/lib64/python3.11/site-packages/sklearn/impute/_base.py:647: UserWarning: Skipping features without any observed values: ['od_max_conf_chlorine_contact' 'od_max_conf_drying_bed'
 'od_max_conf_oxidation_pond']. At least one non-missing value is needed for imputation with strategy='median'.
  warnings.warn(
/work/GRDVULN/correction/.venv/lib64/python3.11/site-packages/sklearn/impute/_base.py:647: UserWarning: Skipping features without any observed values: ['od_max_conf_chlorine_contact' 'od_max_conf_drying_bed'
 'od_max_conf_oxidation_pond']. At least one non-missing value is needed for imputation with strategy='median'.
  warnings.warn(
/work/GRDVULN/correction/.venv/lib64/python3.11/site-packages/sklearn/impute/_base.py:647: UserWarning: Skipping features without any observed values: ['od_max_conf_chlorine_contact' 'od_max_conf_drying_bed'
 'od_max_conf_oxidation_pond']. At least one non-missing value is needed for imputation with strategy='median'.
  warnings.warn(
/work/GRDVULN/correction/.venv/lib64/python3.11/site-packages/sklearn/impute/_base.py:647: UserWarning: Skipping features without any observed values: ['od_max_conf_chlorine_contact' 'od_max_conf_drying_bed'
 'od_max_conf_oxidation_pond']. At least one non-missing value is needed for imputation with strategy='median'.
  warnings.warn(
/work/GRDVULN/correction/.venv/lib64/python3.11/site-packages/sklearn/impute/_base.py:647: UserWarning: Skipping features without any observed values: ['od_max_conf_chlorine_contact' 'od_max_conf_drying_bed'
 'od_max_conf_oxidation_pond']. At least one non-missing value is needed for imputation with strategy='median'.
  warnings.warn(
/work/GRDVULN/correction/.venv/lib64/python3.11/site-packages/sklearn/impute/_base.py:647: UserWarning: Skipping features without any observed values: ['od_max_conf_chlorine_contact' 'od_max_conf_drying_bed'
 'od_max_conf_oxidation_pond']. At least one non-missing value is needed for imputation with strategy='median'.
  warnings.warn(
/work/GRDVULN/correction/.venv/lib64/python3.11/site-packages/sklearn/impute/_base.py:647: UserWarning: Skipping features without any observed values: ['od_max_conf_chlorine_contact' 'od_max_conf_drying_bed'
 'od_max_conf_oxidation_pond']. At least one non-missing value is needed for imputation with strategy='median'.
  warnings.warn(
/work/GRDVULN/correction/.venv/lib64/python3.11/site-packages/sklearn/impute/_base.py:647: UserWarning: Skipping features without any observed values: ['od_max_conf_chlorine_contact' 'od_max_conf_drying_bed'
 'od_max_conf_oxidation_pond']. At least one non-missing value is needed for imputation with strategy='median'.
  warnings.warn(
/work/GRDVULN/correction/.venv/lib64/python3.11/site-packages/sklearn/impute/_base.py:647: UserWarning: Skipping features without any observed values: ['od_max_conf_chlorine_contact' 'od_max_conf_drying_bed'
 'od_max_conf_oxidation_pond']. At least one non-missing value is needed for imputation with strategy='median'.
  warnings.warn(
/work/GRDVULN/correction/.venv/lib64/python3.11/site-packages/sklearn/impute/_base.py:647: UserWarning: Skipping features without any observed values: ['od_max_conf_chlorine_contact' 'od_max_conf_drying_bed'
 'od_max_conf_oxidation_pond']. At least one non-missing value is needed for imputation with strategy='median'.
  warnings.warn(
/work/GRDVULN/correction/.venv/lib64/python3.11/site-packages/sklearn/impute/_base.py:647: UserWarning: Skipping features without any observed values: ['od_max_conf_chlorine_contact' 'od_max_conf_drying_bed'
 'od_max_conf_oxidation_pond']. At least one non-missing value is needed for imputation with strategy='median'.
  warnings.warn(
/work/GRDVULN/correction/.venv/lib64/python3.11/site-packages/sklearn/impute/_base.py:647: UserWarning: Skipping features without any observed values: ['od_max_conf_chlorine_contact' 'od_max_conf_drying_bed'
 'od_max_conf_oxidation_pond']. At least one non-missing value is needed for imputation with strategy='median'.
  warnings.warn(
/work/GRDVULN/correction/.venv/lib64/python3.11/site-packages/sklearn/impute/_base.py:647: UserWarning: Skipping features without any observed values: ['od_max_conf_chlorine_contact' 'od_max_conf_drying_bed'
 'od_max_conf_oxidation_pond']. At least one non-missing value is needed for imputation with strategy='median'.
  warnings.warn(
/work/GRDVULN/correction/.venv/lib64/python3.11/site-packages/sklearn/impute/_base.py:647: UserWarning: Skipping features without any observed values: ['od_max_conf_chlorine_contact' 'od_max_conf_drying_bed'
 'od_max_conf_oxidation_pond']. At least one non-missing value is needed for imputation with strategy='median'.
  warnings.warn(
/work/GRDVULN/correction/.venv/lib64/python3.11/site-packages/sklearn/impute/_base.py:647: UserWarning: Skipping features without any observed values: ['od_max_conf_chlorine_contact' 'od_max_conf_drying_bed'
 'od_max_conf_oxidation_pond']. At least one non-missing value is needed for imputation with strategy='median'.
  warnings.warn(
/work/GRDVULN/correction/.venv/lib64/python3.11/site-packages/sklearn/impute/_base.py:647: UserWarning: Skipping features without any observed values: ['od_max_conf_chlorine_contact' 'od_max_conf_drying_bed'
 'od_max_conf_oxidation_pond']. At least one non-missing value is needed for imputation with strategy='median'.
  warnings.warn(
/work/GRDVULN/correction/.venv/lib64/python3.11/site-packages/sklearn/impute/_base.py:647: UserWarning: Skipping features without any observed values: ['od_max_conf_chlorine_contact' 'od_max_conf_drying_bed'
 'od_max_conf_oxidation_pond']. At least one non-missing value is needed for imputation with strategy='median'.
  warnings.warn(
/work/GRDVULN/correction/.venv/lib64/python3.11/site-packages/sklearn/impute/_base.py:647: UserWarning: Skipping features without any observed values: ['od_max_conf_chlorine_contact' 'od_max_conf_drying_bed'
 'od_max_conf_oxidation_pond']. At least one non-missing value is needed for imputation with strategy='median'.
  warnings.warn(
/work/GRDVULN/correction/.venv/lib64/python3.11/site-packages/sklearn/impute/_base.py:647: UserWarning: Skipping features without any observed values: ['od_max_conf_chlorine_contact' 'od_max_conf_drying_bed'
 'od_max_conf_oxidation_pond']. At least one non-missing value is needed for imputation with strategy='median'.
  warnings.warn(
/work/GRDVULN/correction/.venv/lib64/python3.11/site-packages/sklearn/impute/_base.py:647: UserWarning: Skipping features without any observed values: ['od_max_conf_chlorine_contact' 'od_max_conf_drying_bed'
 'od_max_conf_oxidation_pond']. At least one non-missing value is needed for imputation with strategy='median'.
  warnings.warn(
/work/GRDVULN/correction/.venv/lib64/python3.11/site-packages/sklearn/impute/_base.py:647: UserWarning: Skipping features without any observed values: ['od_max_conf_chlorine_contact' 'od_max_conf_drying_bed'
 'od_max_conf_oxidation_pond']. At least one non-missing value is needed for imputation with strategy='median'.
  warnings.warn(
/work/GRDVULN/correction/.venv/lib64/python3.11/site-packages/sklearn/impute/_base.py:647: UserWarning: Skipping features without any observed values: ['od_max_conf_chlorine_contact' 'od_max_conf_drying_bed'
 'od_max_conf_oxidation_pond']. At least one non-missing value is needed for imputation with strategy='median'.
  warnings.warn(
/work/GRDVULN/correction/.venv/lib64/python3.11/site-packages/sklearn/impute/_base.py:647: UserWarning: Skipping features without any observed values: ['od_max_conf_chlorine_contact' 'od_max_conf_drying_bed'
 'od_max_conf_oxidation_pond']. At least one non-missing value is needed for imputation with strategy='median'.
  warnings.warn(
/work/GRDVULN/correction/.venv/lib64/python3.11/site-packages/sklearn/impute/_base.py:647: UserWarning: Skipping features without any observed values: ['od_max_conf_chlorine_contact' 'od_max_conf_drying_bed'
 'od_max_conf_oxidation_pond']. At least one non-missing value is needed for imputation with strategy='median'.
  warnings.warn(
/work/GRDVULN/correction/.venv/lib64/python3.11/site-packages/sklearn/impute/_base.py:647: UserWarning: Skipping features without any observed values: ['od_max_conf_chlorine_contact' 'od_max_conf_drying_bed'
 'od_max_conf_oxidation_pond']. At least one non-missing value is needed for imputation with strategy='median'.
  warnings.warn(
/work/GRDVULN/correction/.venv/lib64/python3.11/site-packages/sklearn/impute/_base.py:647: UserWarning: Skipping features without any observed values: ['od_max_conf_chlorine_contact' 'od_max_conf_drying_bed'
 'od_max_conf_oxidation_pond']. At least one non-missing value is needed for imputation with strategy='median'.
  warnings.warn(
/work/GRDVULN/correction/.venv/lib64/python3.11/site-packages/sklearn/impute/_base.py:647: UserWarning: Skipping features without any observed values: ['od_max_conf_chlorine_contact' 'od_max_conf_drying_bed'
 'od_max_conf_oxidation_pond']. At least one non-missing value is needed for imputation with strategy='median'.
  warnings.warn(
/work/GRDVULN/correction/.venv/lib64/python3.11/site-packages/sklearn/impute/_base.py:647: UserWarning: Skipping features without any observed values: ['od_max_conf_chlorine_contact' 'od_max_conf_drying_bed'
 'od_max_conf_oxidation_pond']. At least one non-missing value is needed for imputation with strategy='median'.
  warnings.warn(
/work/GRDVULN/correction/.venv/lib64/python3.11/site-packages/sklearn/impute/_base.py:647: UserWarning: Skipping features without any observed values: ['od_max_conf_chlorine_contact' 'od_max_conf_drying_bed'
 'od_max_conf_oxidation_pond']. At least one non-missing value is needed for imputation with strategy='median'.
  warnings.warn(
/work/GRDVULN/correction/.venv/lib64/python3.11/site-packages/sklearn/impute/_base.py:647: UserWarning: Skipping features without any observed values: ['od_max_conf_chlorine_contact' 'od_max_conf_drying_bed'
 'od_max_conf_oxidation_pond']. At least one non-missing value is needed for imputation with strategy='median'.
  warnings.warn(
/work/GRDVULN/correction/.venv/lib64/python3.11/site-packages/sklearn/impute/_base.py:647: UserWarning: Skipping features without any observed values: ['od_max_conf_chlorine_contact' 'od_max_conf_drying_bed'
 'od_max_conf_oxidation_pond']. At least one non-missing value is needed for imputation with strategy='median'.
  warnings.warn(
/work/GRDVULN/correction/.venv/lib64/python3.11/site-packages/sklearn/impute/_base.py:647: UserWarning: Skipping features without any observed values: ['od_max_conf_chlorine_contact' 'od_max_conf_drying_bed'
 'od_max_conf_oxidation_pond']. At least one non-missing value is needed for imputation with strategy='median'.
  warnings.warn(
/work/GRDVULN/correction/.venv/lib64/python3.11/site-packages/sklearn/impute/_base.py:647: UserWarning: Skipping features without any observed values: ['od_max_conf_chlorine_contact' 'od_max_conf_drying_bed'
 'od_max_conf_oxidation_pond']. At least one non-missing value is needed for imputation with strategy='median'.
  warnings.warn(
/work/GRDVULN/correction/.venv/lib64/python3.11/site-packages/sklearn/impute/_base.py:647: UserWarning: Skipping features without any observed values: ['od_max_conf_chlorine_contact' 'od_max_conf_drying_bed'
 'od_max_conf_oxidation_pond']. At least one non-missing value is needed for imputation with strategy='median'.
  warnings.warn(
/work/GRDVULN/correction/.venv/lib64/python3.11/site-packages/sklearn/impute/_base.py:647: UserWarning: Skipping features without any observed values: ['od_max_conf_chlorine_contact' 'od_max_conf_drying_bed'
 'od_max_conf_oxidation_pond']. At least one non-missing value is needed for imputation with strategy='median'.
  warnings.warn(
/work/GRDVULN/correction/.venv/lib64/python3.11/site-packages/sklearn/impute/_base.py:647: UserWarning: Skipping features without any observed values: ['od_max_conf_chlorine_contact' 'od_max_conf_drying_bed'
 'od_max_conf_oxidation_pond']. At least one non-missing value is needed for imputation with strategy='median'.
  warnings.warn(
/work/GRDVULN/correction/.venv/lib64/python3.11/site-packages/sklearn/impute/_base.py:647: UserWarning: Skipping features without any observed values: ['od_max_conf_chlorine_contact' 'od_max_conf_drying_bed'
 'od_max_conf_oxidation_pond']. At least one non-missing value is needed for imputation with strategy='median'.
  warnings.warn(
/work/GRDVULN/correction/.venv/lib64/python3.11/site-packages/sklearn/impute/_base.py:647: UserWarning: Skipping features without any observed values: ['od_max_conf_chlorine_contact' 'od_max_conf_drying_bed'
 'od_max_conf_oxidation_pond']. At least one non-missing value is needed for imputation with strategy='median'.
  warnings.warn(
/work/GRDVULN/correction/.venv/lib64/python3.11/site-packages/sklearn/impute/_base.py:647: UserWarning: Skipping features without any observed values: ['od_max_conf_chlorine_contact' 'od_max_conf_drying_bed'
 'od_max_conf_oxidation_pond']. At least one non-missing value is needed for imputation with strategy='median'.
  warnings.warn(
/work/GRDVULN/correction/.venv/lib64/python3.11/site-packages/sklearn/impute/_base.py:647: UserWarning: Skipping features without any observed values: ['od_max_conf_chlorine_contact' 'od_max_conf_drying_bed'
 'od_max_conf_oxidation_pond']. At least one non-missing value is needed for imputation with strategy='median'.
  warnings.warn(
/work/GRDVULN/correction/.venv/lib64/python3.11/site-packages/sklearn/impute/_base.py:647: UserWarning: Skipping features without any observed values: ['od_max_conf_chlorine_contact' 'od_max_conf_drying_bed'
 'od_max_conf_oxidation_pond']. At least one non-missing value is needed for imputation with strategy='median'.
  warnings.warn(
/work/GRDVULN/correction/.venv/lib64/python3.11/site-packages/sklearn/impute/_base.py:647: UserWarning: Skipping features without any observed values: ['od_max_conf_chlorine_contact' 'od_max_conf_drying_bed'
 'od_max_conf_oxidation_pond']. At least one non-missing value is needed for imputation with strategy='median'.
  warnings.warn(
/work/GRDVULN/correction/.venv/lib64/python3.11/site-packages/sklearn/impute/_base.py:647: UserWarning: Skipping features without any observed values: ['od_max_conf_chlorine_contact' 'od_max_conf_drying_bed'
 'od_max_conf_oxidation_pond']. At least one non-missing value is needed for imputation with strategy='median'.
  warnings.warn(
/work/GRDVULN/correction/.venv/lib64/python3.11/site-packages/sklearn/impute/_base.py:647: UserWarning: Skipping features without any observed values: ['od_max_conf_chlorine_contact' 'od_max_conf_drying_bed'
 'od_max_conf_oxidation_pond']. At least one non-missing value is needed for imputation with strategy='median'.
  warnings.warn(
/work/GRDVULN/correction/.venv/lib64/python3.11/site-packages/sklearn/impute/_base.py:647: UserWarning: Skipping features without any observed values: ['od_max_conf_chlorine_contact' 'od_max_conf_drying_bed'
 'od_max_conf_oxidation_pond']. At least one non-missing value is needed for imputation with strategy='median'.
  warnings.warn(
/work/GRDVULN/correction/.venv/lib64/python3.11/site-packages/sklearn/impute/_base.py:647: UserWarning: Skipping features without any observed values: ['od_max_conf_chlorine_contact' 'od_max_conf_drying_bed'
 'od_max_conf_oxidation_pond']. At least one non-missing value is needed for imputation with strategy='median'.
  warnings.warn(
/work/GRDVULN/correction/.venv/lib64/python3.11/site-packages/sklearn/impute/_base.py:647: UserWarning: Skipping features without any observed values: ['od_max_conf_chlorine_contact' 'od_max_conf_drying_bed'
 'od_max_conf_oxidation_pond']. At least one non-missing value is needed for imputation with strategy='median'.
  warnings.warn(
/work/GRDVULN/correction/.venv/lib64/python3.11/site-packages/sklearn/impute/_base.py:647: UserWarning: Skipping features without any observed values: ['od_max_conf_chlorine_contact' 'od_max_conf_drying_bed'
 'od_max_conf_oxidation_pond']. At least one non-missing value is needed for imputation with strategy='median'.
  warnings.warn(
/work/GRDVULN/correction/.venv/lib64/python3.11/site-packages/sklearn/impute/_base.py:647: UserWarning: Skipping features without any observed values: ['od_max_conf_chlorine_contact' 'od_max_conf_drying_bed'
 'od_max_conf_oxidation_pond']. At least one non-missing value is needed for imputation with strategy='median'.
  warnings.warn(
/work/GRDVULN/correction/.venv/lib64/python3.11/site-packages/sklearn/impute/_base.py:647: UserWarning: Skipping features without any observed values: ['od_max_conf_chlorine_contact' 'od_max_conf_drying_bed'
 'od_max_conf_oxidation_pond']. At least one non-missing value is needed for imputation with strategy='median'.
  warnings.warn(
/work/GRDVULN/correction/.venv/lib64/python3.11/site-packages/sklearn/impute/_base.py:647: UserWarning: Skipping features without any observed values: ['od_max_conf_chlorine_contact' 'od_max_conf_drying_bed'
 'od_max_conf_oxidation_pond']. At least one non-missing value is needed for imputation with strategy='median'.
  warnings.warn(
/work/GRDVULN/correction/.venv/lib64/python3.11/site-packages/sklearn/impute/_base.py:647: UserWarning: Skipping features without any observed values: ['od_max_conf_chlorine_contact' 'od_max_conf_drying_bed'
 'od_max_conf_oxidation_pond']. At least one non-missing value is needed for imputation with strategy='median'.
  warnings.warn(
/work/GRDVULN/correction/.venv/lib64/python3.11/site-packages/sklearn/impute/_base.py:647: UserWarning: Skipping features without any observed values: ['od_max_conf_chlorine_contact' 'od_max_conf_drying_bed'
 'od_max_conf_oxidation_pond']. At least one non-missing value is needed for imputation with strategy='median'.
  warnings.warn(
/work/GRDVULN/correction/.venv/lib64/python3.11/site-packages/sklearn/impute/_base.py:647: UserWarning: Skipping features without any observed values: ['od_max_conf_chlorine_contact' 'od_max_conf_drying_bed'
 'od_max_conf_oxidation_pond']. At least one non-missing value is needed for imputation with strategy='median'.
  warnings.warn(
/work/GRDVULN/correction/.venv/lib64/python3.11/site-packages/sklearn/impute/_base.py:647: UserWarning: Skipping features without any observed values: ['od_max_conf_chlorine_contact' 'od_max_conf_drying_bed'
 'od_max_conf_oxidation_pond']. At least one non-missing value is needed for imputation with strategy='median'.
  warnings.warn(
/work/GRDVULN/correction/.venv/lib64/python3.11/site-packages/sklearn/impute/_base.py:647: UserWarning: Skipping features without any observed values: ['od_max_conf_chlorine_contact' 'od_max_conf_drying_bed'
 'od_max_conf_oxidation_pond']. At least one non-missing value is needed for imputation with strategy='median'.
  warnings.warn(
/work/GRDVULN/correction/.venv/lib64/python3.11/site-packages/sklearn/impute/_base.py:647: UserWarning: Skipping features without any observed values: ['od_max_conf_chlorine_contact' 'od_max_conf_drying_bed'
 'od_max_conf_oxidation_pond']. At least one non-missing value is needed for imputation with strategy='median'.
  warnings.warn(
/work/GRDVULN/correction/.venv/lib64/python3.11/site-packages/sklearn/impute/_base.py:647: UserWarning: Skipping features without any observed values: ['od_max_conf_chlorine_contact' 'od_max_conf_drying_bed'
 'od_max_conf_oxidation_pond']. At least one non-missing value is needed for imputation with strategy='median'.
  warnings.warn(
/work/GRDVULN/correction/.venv/lib64/python3.11/site-packages/sklearn/impute/_base.py:647: UserWarning: Skipping features without any observed values: ['od_max_conf_chlorine_contact' 'od_max_conf_drying_bed'
 'od_max_conf_oxidation_pond']. At least one non-missing value is needed for imputation with strategy='median'.
  warnings.warn(
/work/GRDVULN/correction/.venv/lib64/python3.11/site-packages/sklearn/impute/_base.py:647: UserWarning: Skipping features without any observed values: ['od_max_conf_chlorine_contact' 'od_max_conf_drying_bed'
 'od_max_conf_oxidation_pond']. At least one non-missing value is needed for imputation with strategy='median'.
  warnings.warn(
/work/GRDVULN/correction/.venv/lib64/python3.11/site-packages/sklearn/impute/_base.py:647: UserWarning: Skipping features without any observed values: ['od_max_conf_chlorine_contact' 'od_max_conf_drying_bed'
 'od_max_conf_oxidation_pond']. At least one non-missing value is needed for imputation with strategy='median'.
  warnings.warn(
/work/GRDVULN/correction/.venv/lib64/python3.11/site-packages/sklearn/impute/_base.py:647: UserWarning: Skipping features without any observed values: ['od_max_conf_chlorine_contact' 'od_max_conf_drying_bed'
 'od_max_conf_oxidation_pond']. At least one non-missing value is needed for imputation with strategy='median'.
  warnings.warn(
/work/GRDVULN/correction/.venv/lib64/python3.11/site-packages/sklearn/impute/_base.py:647: UserWarning: Skipping features without any observed values: ['od_max_conf_chlorine_contact' 'od_max_conf_drying_bed'
 'od_max_conf_oxidation_pond']. At least one non-missing value is needed for imputation with strategy='median'.
  warnings.warn(
/work/GRDVULN/correction/.venv/lib64/python3.11/site-packages/sklearn/impute/_base.py:647: UserWarning: Skipping features without any observed values: ['od_max_conf_chlorine_contact' 'od_max_conf_drying_bed'
 'od_max_conf_oxidation_pond']. At least one non-missing value is needed for imputation with strategy='median'.
  warnings.warn(
/work/GRDVULN/correction/.venv/lib64/python3.11/site-packages/sklearn/impute/_base.py:647: UserWarning: Skipping features without any observed values: ['od_max_conf_chlorine_contact' 'od_max_conf_drying_bed'
 'od_max_conf_oxidation_pond']. At least one non-missing value is needed for imputation with strategy='median'.
  warnings.warn(
/work/GRDVULN/correction/.venv/lib64/python3.11/site-packages/sklearn/impute/_base.py:647: UserWarning: Skipping features without any observed values: ['od_max_conf_chlorine_contact' 'od_max_conf_drying_bed'
 'od_max_conf_oxidation_pond']. At least one non-missing value is needed for imputation with strategy='median'.
  warnings.warn(
/work/GRDVULN/correction/.venv/lib64/python3.11/site-packages/sklearn/impute/_base.py:647: UserWarning: Skipping features without any observed values: ['od_max_conf_chlorine_contact' 'od_max_conf_drying_bed'
 'od_max_conf_oxidation_pond']. At least one non-missing value is needed for imputation with strategy='median'.
  warnings.warn(
/work/GRDVULN/correction/.venv/lib64/python3.11/site-packages/sklearn/impute/_base.py:647: UserWarning: Skipping features without any observed values: ['od_max_conf_chlorine_contact' 'od_max_conf_drying_bed'
 'od_max_conf_oxidation_pond']. At least one non-missing value is needed for imputation with strategy='median'.
  warnings.warn(
/work/GRDVULN/correction/.venv/lib64/python3.11/site-packages/sklearn/impute/_base.py:647: UserWarning: Skipping features without any observed values: ['od_max_conf_chlorine_contact' 'od_max_conf_drying_bed'
 'od_max_conf_oxidation_pond']. At least one non-missing value is needed for imputation with strategy='median'.
  warnings.warn(
/work/GRDVULN/correction/.venv/lib64/python3.11/site-packages/sklearn/impute/_base.py:647: UserWarning: Skipping features without any observed values: ['od_max_conf_chlorine_contact' 'od_max_conf_drying_bed'
 'od_max_conf_oxidation_pond']. At least one non-missing value is needed for imputation with strategy='median'.
  warnings.warn(
/work/GRDVULN/correction/.venv/lib64/python3.11/site-packages/sklearn/impute/_base.py:647: UserWarning: Skipping features without any observed values: ['od_max_conf_chlorine_contact' 'od_max_conf_drying_bed'
 'od_max_conf_oxidation_pond']. At least one non-missing value is needed for imputation with strategy='median'.
  warnings.warn(
/work/GRDVULN/correction/.venv/lib64/python3.11/site-packages/sklearn/impute/_base.py:647: UserWarning: Skipping features without any observed values: ['od_max_conf_chlorine_contact' 'od_max_conf_drying_bed'
 'od_max_conf_oxidation_pond']. At least one non-missing value is needed for imputation with strategy='median'.
  warnings.warn(
/work/GRDVULN/correction/.venv/lib64/python3.11/site-packages/sklearn/impute/_base.py:647: UserWarning: Skipping features without any observed values: ['od_max_conf_chlorine_contact' 'od_max_conf_drying_bed'
 'od_max_conf_oxidation_pond']. At least one non-missing value is needed for imputation with strategy='median'.
  warnings.warn(
/work/GRDVULN/correction/.venv/lib64/python3.11/site-packages/sklearn/impute/_base.py:647: UserWarning: Skipping features without any observed values: ['od_max_conf_chlorine_contact' 'od_max_conf_drying_bed'
 'od_max_conf_oxidation_pond']. At least one non-missing value is needed for imputation with strategy='median'.
  warnings.warn(
/work/GRDVULN/correction/.venv/lib64/python3.11/site-packages/sklearn/impute/_base.py:647: UserWarning: Skipping features without any observed values: ['od_max_conf_chlorine_contact' 'od_max_conf_drying_bed'
 'od_max_conf_oxidation_pond']. At least one non-missing value is needed for imputation with strategy='median'.
  warnings.warn(
/work/GRDVULN/correction/.venv/lib64/python3.11/site-packages/sklearn/impute/_base.py:647: UserWarning: Skipping features without any observed values: ['od_max_conf_chlorine_contact' 'od_max_conf_drying_bed'
 'od_max_conf_oxidation_pond']. At least one non-missing value is needed for imputation with strategy='median'.
  warnings.warn(
/work/GRDVULN/correction/.venv/lib64/python3.11/site-packages/sklearn/impute/_base.py:647: UserWarning: Skipping features without any observed values: ['od_max_conf_chlorine_contact' 'od_max_conf_drying_bed'
 'od_max_conf_oxidation_pond']. At least one non-missing value is needed for imputation with strategy='median'.
  warnings.warn(
/work/GRDVULN/correction/.venv/lib64/python3.11/site-packages/sklearn/impute/_base.py:647: UserWarning: Skipping features without any observed values: ['od_max_conf_chlorine_contact' 'od_max_conf_drying_bed'
 'od_max_conf_oxidation_pond']. At least one non-missing value is needed for imputation with strategy='median'.
  warnings.warn(
/work/GRDVULN/correction/.venv/lib64/python3.11/site-packages/sklearn/impute/_base.py:647: UserWarning: Skipping features without any observed values: ['od_max_conf_chlorine_contact' 'od_max_conf_drying_bed'
 'od_max_conf_oxidation_pond']. At least one non-missing value is needed for imputation with strategy='median'.
  warnings.warn(
/work/GRDVULN/correction/.venv/lib64/python3.11/site-packages/sklearn/impute/_base.py:647: UserWarning: Skipping features without any observed values: ['od_max_conf_chlorine_contact' 'od_max_conf_drying_bed'
 'od_max_conf_oxidation_pond']. At least one non-missing value is needed for imputation with strategy='median'.
  warnings.warn(
/work/GRDVULN/correction/.venv/lib64/python3.11/site-packages/sklearn/impute/_base.py:647: UserWarning: Skipping features without any observed values: ['od_max_conf_chlorine_contact' 'od_max_conf_drying_bed'
 'od_max_conf_oxidation_pond']. At least one non-missing value is needed for imputation with strategy='median'.
  warnings.warn(
/work/GRDVULN/correction/.venv/lib64/python3.11/site-packages/sklearn/impute/_base.py:647: UserWarning: Skipping features without any observed values: ['od_max_conf_chlorine_contact' 'od_max_conf_drying_bed'
 'od_max_conf_oxidation_pond']. At least one non-missing value is needed for imputation with strategy='median'.
  warnings.warn(
/work/GRDVULN/correction/.venv/lib64/python3.11/site-packages/sklearn/impute/_base.py:647: UserWarning: Skipping features without any observed values: ['od_max_conf_chlorine_contact' 'od_max_conf_drying_bed'
 'od_max_conf_oxidation_pond']. At least one non-missing value is needed for imputation with strategy='median'.
  warnings.warn(
/work/GRDVULN/correction/.venv/lib64/python3.11/site-packages/sklearn/impute/_base.py:647: UserWarning: Skipping features without any observed values: ['od_max_conf_chlorine_contact' 'od_max_conf_drying_bed'
 'od_max_conf_oxidation_pond']. At least one non-missing value is needed for imputation with strategy='median'.
  warnings.warn(
/work/GRDVULN/correction/.venv/lib64/python3.11/site-packages/sklearn/impute/_base.py:647: UserWarning: Skipping features without any observed values: ['od_max_conf_chlorine_contact' 'od_max_conf_drying_bed'
 'od_max_conf_oxidation_pond']. At least one non-missing value is needed for imputation with strategy='median'.
  warnings.warn(
/work/GRDVULN/correction/.venv/lib64/python3.11/site-packages/sklearn/impute/_base.py:647: UserWarning: Skipping features without any observed values: ['od_max_conf_chlorine_contact' 'od_max_conf_drying_bed'
 'od_max_conf_oxidation_pond']. At least one non-missing value is needed for imputation with strategy='median'.
  warnings.warn(
/work/GRDVULN/correction/.venv/lib64/python3.11/site-packages/sklearn/impute/_base.py:647: UserWarning: Skipping features without any observed values: ['od_max_conf_chlorine_contact' 'od_max_conf_drying_bed'
 'od_max_conf_oxidation_pond']. At least one non-missing value is needed for imputation with strategy='median'.
  warnings.warn(
/work/GRDVULN/correction/.venv/lib64/python3.11/site-packages/sklearn/impute/_base.py:647: UserWarning: Skipping features without any observed values: ['od_max_conf_chlorine_contact' 'od_max_conf_drying_bed'
 'od_max_conf_oxidation_pond']. At least one non-missing value is needed for imputation with strategy='median'.
  warnings.warn(
/work/GRDVULN/correction/.venv/lib64/python3.11/site-packages/sklearn/impute/_base.py:647: UserWarning: Skipping features without any observed values: ['od_max_conf_chlorine_contact' 'od_max_conf_drying_bed'
 'od_max_conf_oxidation_pond']. At least one non-missing value is needed for imputation with strategy='median'.
  warnings.warn(
/work/GRDVULN/correction/.venv/lib64/python3.11/site-packages/sklearn/impute/_base.py:647: UserWarning: Skipping features without any observed values: ['od_max_conf_chlorine_contact' 'od_max_conf_drying_bed'
 'od_max_conf_oxidation_pond']. At least one non-missing value is needed for imputation with strategy='median'.
  warnings.warn(
/work/GRDVULN/correction/.venv/lib64/python3.11/site-packages/sklearn/impute/_base.py:647: UserWarning: Skipping features without any observed values: ['od_max_conf_chlorine_contact' 'od_max_conf_drying_bed'
 'od_max_conf_oxidation_pond']. At least one non-missing value is needed for imputation with strategy='median'.
  warnings.warn(
/work/GRDVULN/correction/.venv/lib64/python3.11/site-packages/sklearn/impute/_base.py:647: UserWarning: Skipping features without any observed values: ['od_max_conf_chlorine_contact' 'od_max_conf_drying_bed'
 'od_max_conf_oxidation_pond']. At least one non-missing value is needed for imputation with strategy='median'.
  warnings.warn(
/work/GRDVULN/correction/.venv/lib64/python3.11/site-packages/sklearn/impute/_base.py:647: UserWarning: Skipping features without any observed values: ['od_max_conf_chlorine_contact' 'od_max_conf_drying_bed'
 'od_max_conf_oxidation_pond']. At least one non-missing value is needed for imputation with strategy='median'.
  warnings.warn(
/work/GRDVULN/correction/.venv/lib64/python3.11/site-packages/sklearn/impute/_base.py:647: UserWarning: Skipping features without any observed values: ['od_max_conf_chlorine_contact' 'od_max_conf_drying_bed'
 'od_max_conf_oxidation_pond']. At least one non-missing value is needed for imputation with strategy='median'.
  warnings.warn(
/work/GRDVULN/correction/.venv/lib64/python3.11/site-packages/sklearn/impute/_base.py:647: UserWarning: Skipping features without any observed values: ['od_max_conf_chlorine_contact' 'od_max_conf_drying_bed'
 'od_max_conf_oxidation_pond']. At least one non-missing value is needed for imputation with strategy='median'.
  warnings.warn(
/work/GRDVULN/correction/.venv/lib64/python3.11/site-packages/sklearn/impute/_base.py:647: UserWarning: Skipping features without any observed values: ['od_max_conf_chlorine_contact' 'od_max_conf_drying_bed'
 'od_max_conf_oxidation_pond']. At least one non-missing value is needed for imputation with strategy='median'.
  warnings.warn(
/work/GRDVULN/correction/.venv/lib64/python3.11/site-packages/sklearn/impute/_base.py:647: UserWarning: Skipping features without any observed values: ['od_max_conf_chlorine_contact' 'od_max_conf_drying_bed'
 'od_max_conf_oxidation_pond']. At least one non-missing value is needed for imputation with strategy='median'.
  warnings.warn(
/work/GRDVULN/correction/.venv/lib64/python3.11/site-packages/sklearn/impute/_base.py:647: UserWarning: Skipping features without any observed values: ['od_max_conf_chlorine_contact' 'od_max_conf_drying_bed'
 'od_max_conf_oxidation_pond']. At least one non-missing value is needed for imputation with strategy='median'.
  warnings.warn(
/work/GRDVULN/correction/.venv/lib64/python3.11/site-packages/sklearn/impute/_base.py:647: UserWarning: Skipping features without any observed values: ['od_max_conf_chlorine_contact' 'od_max_conf_drying_bed'
 'od_max_conf_oxidation_pond']. At least one non-missing value is needed for imputation with strategy='median'.
  warnings.warn(
/work/GRDVULN/correction/.venv/lib64/python3.11/site-packages/sklearn/impute/_base.py:647: UserWarning: Skipping features without any observed values: ['od_max_conf_chlorine_contact' 'od_max_conf_drying_bed'
 'od_max_conf_oxidation_pond']. At least one non-missing value is needed for imputation with strategy='median'.
  warnings.warn(
/work/GRDVULN/correction/.venv/lib64/python3.11/site-packages/sklearn/impute/_base.py:647: UserWarning: Skipping features without any observed values: ['od_max_conf_chlorine_contact' 'od_max_conf_drying_bed'
 'od_max_conf_oxidation_pond']. At least one non-missing value is needed for imputation with strategy='median'.
  warnings.warn(
/work/GRDVULN/correction/.venv/lib64/python3.11/site-packages/sklearn/impute/_base.py:647: UserWarning: Skipping features without any observed values: ['od_max_conf_chlorine_contact' 'od_max_conf_drying_bed'
 'od_max_conf_oxidation_pond']. At least one non-missing value is needed for imputation with strategy='median'.
  warnings.warn(
/work/GRDVULN/correction/.venv/lib64/python3.11/site-packages/sklearn/impute/_base.py:647: UserWarning: Skipping features without any observed values: ['od_max_conf_chlorine_contact' 'od_max_conf_drying_bed'
 'od_max_conf_oxidation_pond']. At least one non-missing value is needed for imputation with strategy='median'.
  warnings.warn(
/work/GRDVULN/correction/.venv/lib64/python3.11/site-packages/sklearn/impute/_base.py:647: UserWarning: Skipping features without any observed values: ['od_max_conf_chlorine_contact' 'od_max_conf_drying_bed'
 'od_max_conf_oxidation_pond']. At least one non-missing value is needed for imputation with strategy='median'.
  warnings.warn(
/work/GRDVULN/correction/.venv/lib64/python3.11/site-packages/sklearn/impute/_base.py:647: UserWarning: Skipping features without any observed values: ['od_max_conf_chlorine_contact' 'od_max_conf_drying_bed'
 'od_max_conf_oxidation_pond']. At least one non-missing value is needed for imputation with strategy='median'.
  warnings.warn(
/work/GRDVULN/correction/.venv/lib64/python3.11/site-packages/sklearn/impute/_base.py:647: UserWarning: Skipping features without any observed values: ['od_max_conf_chlorine_contact' 'od_max_conf_drying_bed'
 'od_max_conf_oxidation_pond']. At least one non-missing value is needed for imputation with strategy='median'.
  warnings.warn(
/work/GRDVULN/correction/.venv/lib64/python3.11/site-packages/sklearn/impute/_base.py:647: UserWarning: Skipping features without any observed values: ['od_max_conf_chlorine_contact' 'od_max_conf_drying_bed'
 'od_max_conf_oxidation_pond']. At least one non-missing value is needed for imputation with strategy='median'.
  warnings.warn(
/work/GRDVULN/correction/.venv/lib64/python3.11/site-packages/sklearn/impute/_base.py:647: UserWarning: Skipping features without any observed values: ['od_max_conf_chlorine_contact' 'od_max_conf_drying_bed'
 'od_max_conf_oxidation_pond']. At least one non-missing value is needed for imputation with strategy='median'.
  warnings.warn(
/work/GRDVULN/correction/.venv/lib64/python3.11/site-packages/sklearn/impute/_base.py:647: UserWarning: Skipping features without any observed values: ['od_max_conf_chlorine_contact' 'od_max_conf_drying_bed'
 'od_max_conf_oxidation_pond']. At least one non-missing value is needed for imputation with strategy='median'.
  warnings.warn(
/work/GRDVULN/correction/.venv/lib64/python3.11/site-packages/sklearn/impute/_base.py:647: UserWarning: Skipping features without any observed values: ['od_max_conf_chlorine_contact' 'od_max_conf_drying_bed'
 'od_max_conf_oxidation_pond']. At least one non-missing value is needed for imputation with strategy='median'.
  warnings.warn(
/work/GRDVULN/correction/.venv/lib64/python3.11/site-packages/sklearn/impute/_base.py:647: UserWarning: Skipping features without any observed values: ['od_max_conf_chlorine_contact' 'od_max_conf_drying_bed'
 'od_max_conf_oxidation_pond']. At least one non-missing value is needed for imputation with strategy='median'.
  warnings.warn(
/work/GRDVULN/correction/.venv/lib64/python3.11/site-packages/sklearn/impute/_base.py:647: UserWarning: Skipping features without any observed values: ['od_max_conf_chlorine_contact' 'od_max_conf_drying_bed'
 'od_max_conf_oxidation_pond']. At least one non-missing value is needed for imputation with strategy='median'.
  warnings.warn(
/work/GRDVULN/correction/.venv/lib64/python3.11/site-packages/sklearn/impute/_base.py:647: UserWarning: Skipping features without any observed values: ['od_max_conf_chlorine_contact' 'od_max_conf_drying_bed'
 'od_max_conf_oxidation_pond']. At least one non-missing value is needed for imputation with strategy='median'.
  warnings.warn(
/work/GRDVULN/correction/.venv/lib64/python3.11/site-packages/sklearn/impute/_base.py:647: UserWarning: Skipping features without any observed values: ['od_max_conf_chlorine_contact' 'od_max_conf_drying_bed'
 'od_max_conf_oxidation_pond']. At least one non-missing value is needed for imputation with strategy='median'.
  warnings.warn(
/work/GRDVULN/correction/.venv/lib64/python3.11/site-packages/sklearn/impute/_base.py:647: UserWarning: Skipping features without any observed values: ['od_max_conf_chlorine_contact' 'od_max_conf_drying_bed'
 'od_max_conf_oxidation_pond']. At least one non-missing value is needed for imputation with strategy='median'.
  warnings.warn(
/work/GRDVULN/correction/.venv/lib64/python3.11/site-packages/sklearn/impute/_base.py:647: UserWarning: Skipping features without any observed values: ['od_max_conf_chlorine_contact' 'od_max_conf_drying_bed'
 'od_max_conf_oxidation_pond']. At least one non-missing value is needed for imputation with strategy='median'.
  warnings.warn(
/work/GRDVULN/correction/.venv/lib64/python3.11/site-packages/sklearn/impute/_base.py:647: UserWarning: Skipping features without any observed values: ['od_max_conf_chlorine_contact' 'od_max_conf_drying_bed'
 'od_max_conf_oxidation_pond']. At least one non-missing value is needed for imputation with strategy='median'.
  warnings.warn(
/work/GRDVULN/correction/.venv/lib64/python3.11/site-packages/sklearn/impute/_base.py:647: UserWarning: Skipping features without any observed values: ['od_max_conf_chlorine_contact' 'od_max_conf_drying_bed'
 'od_max_conf_oxidation_pond']. At least one non-missing value is needed for imputation with strategy='median'.
  warnings.warn(
/work/GRDVULN/correction/.venv/lib64/python3.11/site-packages/sklearn/impute/_base.py:647: UserWarning: Skipping features without any observed values: ['od_max_conf_chlorine_contact' 'od_max_conf_drying_bed'
 'od_max_conf_oxidation_pond']. At least one non-missing value is needed for imputation with strategy='median'.
  warnings.warn(
/work/GRDVULN/correction/.venv/lib64/python3.11/site-packages/sklearn/impute/_base.py:647: UserWarning: Skipping features without any observed values: ['od_max_conf_chlorine_contact' 'od_max_conf_drying_bed'
 'od_max_conf_oxidation_pond']. At least one non-missing value is needed for imputation with strategy='median'.
  warnings.warn(
/work/GRDVULN/correction/.venv/lib64/python3.11/site-packages/sklearn/impute/_base.py:647: UserWarning: Skipping features without any observed values: ['od_max_conf_chlorine_contact' 'od_max_conf_drying_bed'
 'od_max_conf_oxidation_pond']. At least one non-missing value is needed for imputation with strategy='median'.
  warnings.warn(
/work/GRDVULN/correction/.venv/lib64/python3.11/site-packages/sklearn/impute/_base.py:647: UserWarning: Skipping features without any observed values: ['od_max_conf_chlorine_contact' 'od_max_conf_drying_bed'
 'od_max_conf_oxidation_pond']. At least one non-missing value is needed for imputation with strategy='median'.
  warnings.warn(
/work/GRDVULN/correction/.venv/lib64/python3.11/site-packages/sklearn/impute/_base.py:647: UserWarning: Skipping features without any observed values: ['od_max_conf_chlorine_contact' 'od_max_conf_drying_bed'
 'od_max_conf_oxidation_pond']. At least one non-missing value is needed for imputation with strategy='median'.
  warnings.warn(
/work/GRDVULN/correction/.venv/lib64/python3.11/site-packages/sklearn/impute/_base.py:647: UserWarning: Skipping features without any observed values: ['od_max_conf_chlorine_contact' 'od_max_conf_drying_bed'
 'od_max_conf_oxidation_pond']. At least one non-missing value is needed for imputation with strategy='median'.
  warnings.warn(
/work/GRDVULN/correction/.venv/lib64/python3.11/site-packages/sklearn/impute/_base.py:647: UserWarning: Skipping features without any observed values: ['od_max_conf_chlorine_contact' 'od_max_conf_drying_bed'
 'od_max_conf_oxidation_pond']. At least one non-missing value is needed for imputation with strategy='median'.
  warnings.warn(
/work/GRDVULN/correction/.venv/lib64/python3.11/site-packages/sklearn/impute/_base.py:647: UserWarning: Skipping features without any observed values: ['od_max_conf_chlorine_contact' 'od_max_conf_drying_bed'
 'od_max_conf_oxidation_pond']. At least one non-missing value is needed for imputation with strategy='median'.
  warnings.warn(
/work/GRDVULN/correction/.venv/lib64/python3.11/site-packages/sklearn/impute/_base.py:647: UserWarning: Skipping features without any observed values: ['od_max_conf_chlorine_contact' 'od_max_conf_drying_bed'
 'od_max_conf_oxidation_pond']. At least one non-missing value is needed for imputation with strategy='median'.
  warnings.warn(
/work/GRDVULN/correction/.venv/lib64/python3.11/site-packages/sklearn/impute/_base.py:647: UserWarning: Skipping features without any observed values: ['od_max_conf_chlorine_contact' 'od_max_conf_drying_bed'
 'od_max_conf_oxidation_pond']. At least one non-missing value is needed for imputation with strategy='median'.
  warnings.warn(
/work/GRDVULN/correction/.venv/lib64/python3.11/site-packages/sklearn/impute/_base.py:647: UserWarning: Skipping features without any observed values: ['od_max_conf_chlorine_contact' 'od_max_conf_drying_bed'
 'od_max_conf_oxidation_pond']. At least one non-missing value is needed for imputation with strategy='median'.
  warnings.warn(
/work/GRDVULN/correction/.venv/lib64/python3.11/site-packages/sklearn/impute/_base.py:647: UserWarning: Skipping features without any observed values: ['od_max_conf_chlorine_contact' 'od_max_conf_drying_bed'
 'od_max_conf_oxidation_pond']. At least one non-missing value is needed for imputation with strategy='median'.
  warnings.warn(
/work/GRDVULN/correction/.venv/lib64/python3.11/site-packages/sklearn/impute/_base.py:647: UserWarning: Skipping features without any observed values: ['od_max_conf_chlorine_contact' 'od_max_conf_drying_bed'
 'od_max_conf_oxidation_pond']. At least one non-missing value is needed for imputation with strategy='median'.
  warnings.warn(
/work/GRDVULN/correction/.venv/lib64/python3.11/site-packages/sklearn/impute/_base.py:647: UserWarning: Skipping features without any observed values: ['od_max_conf_chlorine_contact' 'od_max_conf_drying_bed'
 'od_max_conf_oxidation_pond']. At least one non-missing value is needed for imputation with strategy='median'.
  warnings.warn(
/work/GRDVULN/correction/.venv/lib64/python3.11/site-packages/sklearn/impute/_base.py:647: UserWarning: Skipping features without any observed values: ['od_max_conf_chlorine_contact' 'od_max_conf_drying_bed'
 'od_max_conf_oxidation_pond']. At least one non-missing value is needed for imputation with strategy='median'.
  warnings.warn(
/work/GRDVULN/correction/.venv/lib64/python3.11/site-packages/sklearn/impute/_base.py:647: UserWarning: Skipping features without any observed values: ['od_max_conf_chlorine_contact' 'od_max_conf_drying_bed'
 'od_max_conf_oxidation_pond']. At least one non-missing value is needed for imputation with strategy='median'.
  warnings.warn(
/work/GRDVULN/correction/.venv/lib64/python3.11/site-packages/sklearn/impute/_base.py:647: UserWarning: Skipping features without any observed values: ['od_max_conf_chlorine_contact' 'od_max_conf_drying_bed'
 'od_max_conf_oxidation_pond']. At least one non-missing value is needed for imputation with strategy='median'.
  warnings.warn(
/work/GRDVULN/correction/.venv/lib64/python3.11/site-packages/sklearn/impute/_base.py:647: UserWarning: Skipping features without any observed values: ['od_max_conf_chlorine_contact' 'od_max_conf_drying_bed'
 'od_max_conf_oxidation_pond']. At least one non-missing value is needed for imputation with strategy='median'.
  warnings.warn(
/work/GRDVULN/correction/.venv/lib64/python3.11/site-packages/sklearn/impute/_base.py:647: UserWarning: Skipping features without any observed values: ['od_max_conf_chlorine_contact' 'od_max_conf_drying_bed'
 'od_max_conf_oxidation_pond']. At least one non-missing value is needed for imputation with strategy='median'.
  warnings.warn(
/work/GRDVULN/correction/.venv/lib64/python3.11/site-packages/sklearn/impute/_base.py:647: UserWarning: Skipping features without any observed values: ['od_max_conf_chlorine_contact' 'od_max_conf_drying_bed'
 'od_max_conf_oxidation_pond']. At least one non-missing value is needed for imputation with strategy='median'.
  warnings.warn(
/work/GRDVULN/correction/.venv/lib64/python3.11/site-packages/sklearn/impute/_base.py:647: UserWarning: Skipping features without any observed values: ['od_max_conf_chlorine_contact' 'od_max_conf_drying_bed'
 'od_max_conf_oxidation_pond']. At least one non-missing value is needed for imputation with strategy='median'.
  warnings.warn(
/work/GRDVULN/correction/.venv/lib64/python3.11/site-packages/sklearn/impute/_base.py:647: UserWarning: Skipping features without any observed values: ['od_max_conf_chlorine_contact' 'od_max_conf_drying_bed'
 'od_max_conf_oxidation_pond']. At least one non-missing value is needed for imputation with strategy='median'.
  warnings.warn(
/work/GRDVULN/correction/.venv/lib64/python3.11/site-packages/sklearn/impute/_base.py:647: UserWarning: Skipping features without any observed values: ['od_max_conf_chlorine_contact' 'od_max_conf_drying_bed'
 'od_max_conf_oxidation_pond']. At least one non-missing value is needed for imputation with strategy='median'.
  warnings.warn(
/work/GRDVULN/correction/.venv/lib64/python3.11/site-packages/sklearn/impute/_base.py:647: UserWarning: Skipping features without any observed values: ['od_max_conf_chlorine_contact' 'od_max_conf_drying_bed'
 'od_max_conf_oxidation_pond']. At least one non-missing value is needed for imputation with strategy='median'.
  warnings.warn(
/work/GRDVULN/correction/.venv/lib64/python3.11/site-packages/sklearn/impute/_base.py:647: UserWarning: Skipping features without any observed values: ['od_max_conf_chlorine_contact' 'od_max_conf_drying_bed'
 'od_max_conf_oxidation_pond']. At least one non-missing value is needed for imputation with strategy='median'.
  warnings.warn(
/work/GRDVULN/correction/.venv/lib64/python3.11/site-packages/sklearn/impute/_base.py:647: UserWarning: Skipping features without any observed values: ['od_max_conf_chlorine_contact' 'od_max_conf_drying_bed'
 'od_max_conf_oxidation_pond']. At least one non-missing value is needed for imputation with strategy='median'.
  warnings.warn(
/work/GRDVULN/correction/.venv/lib64/python3.11/site-packages/sklearn/impute/_base.py:647: UserWarning: Skipping features without any observed values: ['od_max_conf_chlorine_contact' 'od_max_conf_drying_bed'
 'od_max_conf_oxidation_pond']. At least one non-missing value is needed for imputation with strategy='median'.
  warnings.warn(
/work/GRDVULN/correction/.venv/lib64/python3.11/site-packages/sklearn/impute/_base.py:647: UserWarning: Skipping features without any observed values: ['od_max_conf_chlorine_contact' 'od_max_conf_drying_bed'
 'od_max_conf_oxidation_pond']. At least one non-missing value is needed for imputation with strategy='median'.
  warnings.warn(
/work/GRDVULN/correction/.venv/lib64/python3.11/site-packages/sklearn/impute/_base.py:647: UserWarning: Skipping features without any observed values: ['od_max_conf_chlorine_contact' 'od_max_conf_drying_bed'
 'od_max_conf_oxidation_pond']. At least one non-missing value is needed for imputation with strategy='median'.
  warnings.warn(
/work/GRDVULN/correction/.venv/lib64/python3.11/site-packages/sklearn/impute/_base.py:647: UserWarning: Skipping features without any observed values: ['od_max_conf_chlorine_contact' 'od_max_conf_drying_bed'
 'od_max_conf_oxidation_pond']. At least one non-missing value is needed for imputation with strategy='median'.
  warnings.warn(
/work/GRDVULN/correction/.venv/lib64/python3.11/site-packages/sklearn/impute/_base.py:647: UserWarning: Skipping features without any observed values: ['od_max_conf_chlorine_contact' 'od_max_conf_drying_bed'
 'od_max_conf_oxidation_pond']. At least one non-missing value is needed for imputation with strategy='median'.
  warnings.warn(
/work/GRDVULN/correction/.venv/lib64/python3.11/site-packages/sklearn/impute/_base.py:647: UserWarning: Skipping features without any observed values: ['od_max_conf_chlorine_contact' 'od_max_conf_drying_bed'
 'od_max_conf_oxidation_pond']. At least one non-missing value is needed for imputation with strategy='median'.
  warnings.warn(
/work/GRDVULN/correction/.venv/lib64/python3.11/site-packages/sklearn/impute/_base.py:647: UserWarning: Skipping features without any observed values: ['od_max_conf_chlorine_contact' 'od_max_conf_drying_bed'
 'od_max_conf_oxidation_pond']. At least one non-missing value is needed for imputation with strategy='median'.
  warnings.warn(
/work/GRDVULN/correction/.venv/lib64/python3.11/site-packages/sklearn/impute/_base.py:647: UserWarning: Skipping features without any observed values: ['od_max_conf_chlorine_contact' 'od_max_conf_drying_bed'
 'od_max_conf_oxidation_pond']. At least one non-missing value is needed for imputation with strategy='median'.
  warnings.warn(
/work/GRDVULN/correction/.venv/lib64/python3.11/site-packages/sklearn/impute/_base.py:647: UserWarning: Skipping features without any observed values: ['od_max_conf_chlorine_contact' 'od_max_conf_drying_bed'
 'od_max_conf_oxidation_pond']. At least one non-missing value is needed for imputation with strategy='median'.
  warnings.warn(
/work/GRDVULN/correction/.venv/lib64/python3.11/site-packages/sklearn/impute/_base.py:647: UserWarning: Skipping features without any observed values: ['od_max_conf_chlorine_contact' 'od_max_conf_drying_bed'
 'od_max_conf_oxidation_pond']. At least one non-missing value is needed for imputation with strategy='median'.
  warnings.warn(
/work/GRDVULN/correction/.venv/lib64/python3.11/site-packages/sklearn/impute/_base.py:647: UserWarning: Skipping features without any observed values: ['od_max_conf_chlorine_contact' 'od_max_conf_drying_bed'
 'od_max_conf_oxidation_pond']. At least one non-missing value is needed for imputation with strategy='median'.
  warnings.warn(
/work/GRDVULN/correction/.venv/lib64/python3.11/site-packages/sklearn/impute/_base.py:647: UserWarning: Skipping features without any observed values: ['od_max_conf_chlorine_contact' 'od_max_conf_drying_bed'
 'od_max_conf_oxidation_pond']. At least one non-missing value is needed for imputation with strategy='median'.
  warnings.warn(
/work/GRDVULN/correction/.venv/lib64/python3.11/site-packages/sklearn/impute/_base.py:647: UserWarning: Skipping features without any observed values: ['od_max_conf_chlorine_contact' 'od_max_conf_drying_bed'
 'od_max_conf_oxidation_pond']. At least one non-missing value is needed for imputation with strategy='median'.
  warnings.warn(
/work/GRDVULN/correction/.venv/lib64/python3.11/site-packages/sklearn/impute/_base.py:647: UserWarning: Skipping features without any observed values: ['od_max_conf_chlorine_contact' 'od_max_conf_drying_bed'
 'od_max_conf_oxidation_pond']. At least one non-missing value is needed for imputation with strategy='median'.
  warnings.warn(
/work/GRDVULN/correction/.venv/lib64/python3.11/site-packages/sklearn/impute/_base.py:647: UserWarning: Skipping features without any observed values: ['od_max_conf_chlorine_contact' 'od_max_conf_drying_bed'
 'od_max_conf_oxidation_pond']. At least one non-missing value is needed for imputation with strategy='median'.
  warnings.warn(
/work/GRDVULN/correction/.venv/lib64/python3.11/site-packages/sklearn/impute/_base.py:647: UserWarning: Skipping features without any observed values: ['od_max_conf_chlorine_contact' 'od_max_conf_drying_bed'
 'od_max_conf_oxidation_pond']. At least one non-missing value is needed for imputation with strategy='median'.
  warnings.warn(
/work/GRDVULN/correction/.venv/lib64/python3.11/site-packages/sklearn/impute/_base.py:647: UserWarning: Skipping features without any observed values: ['od_max_conf_chlorine_contact' 'od_max_conf_drying_bed'
 'od_max_conf_oxidation_pond']. At least one non-missing value is needed for imputation with strategy='median'.
  warnings.warn(
/work/GRDVULN/correction/.venv/lib64/python3.11/site-packages/sklearn/impute/_base.py:647: UserWarning: Skipping features without any observed values: ['od_max_conf_chlorine_contact' 'od_max_conf_drying_bed'
 'od_max_conf_oxidation_pond']. At least one non-missing value is needed for imputation with strategy='median'.
  warnings.warn(
/work/GRDVULN/correction/.venv/lib64/python3.11/site-packages/sklearn/impute/_base.py:647: UserWarning: Skipping features without any observed values: ['od_max_conf_chlorine_contact' 'od_max_conf_drying_bed'
 'od_max_conf_oxidation_pond']. At least one non-missing value is needed for imputation with strategy='median'.
  warnings.warn(
/work/GRDVULN/correction/.venv/lib64/python3.11/site-packages/sklearn/impute/_base.py:647: UserWarning: Skipping features without any observed values: ['od_max_conf_chlorine_contact' 'od_max_conf_drying_bed'
 'od_max_conf_oxidation_pond']. At least one non-missing value is needed for imputation with strategy='median'.
  warnings.warn(
/work/GRDVULN/correction/.venv/lib64/python3.11/site-packages/sklearn/impute/_base.py:647: UserWarning: Skipping features without any observed values: ['od_max_conf_chlorine_contact' 'od_max_conf_drying_bed'
 'od_max_conf_oxidation_pond']. At least one non-missing value is needed for imputation with strategy='median'.
  warnings.warn(
/work/GRDVULN/correction/.venv/lib64/python3.11/site-packages/sklearn/impute/_base.py:647: UserWarning: Skipping features without any observed values: ['od_max_conf_chlorine_contact' 'od_max_conf_drying_bed'
 'od_max_conf_oxidation_pond']. At least one non-missing value is needed for imputation with strategy='median'.
  warnings.warn(
/work/GRDVULN/correction/.venv/lib64/python3.11/site-packages/sklearn/impute/_base.py:647: UserWarning: Skipping features without any observed values: ['od_max_conf_chlorine_contact' 'od_max_conf_drying_bed'
 'od_max_conf_oxidation_pond']. At least one non-missing value is needed for imputation with strategy='median'.
  warnings.warn(
/work/GRDVULN/correction/.venv/lib64/python3.11/site-packages/sklearn/impute/_base.py:647: UserWarning: Skipping features without any observed values: ['od_max_conf_chlorine_contact' 'od_max_conf_drying_bed'
 'od_max_conf_oxidation_pond']. At least one non-missing value is needed for imputation with strategy='median'.
  warnings.warn(
/work/GRDVULN/correction/.venv/lib64/python3.11/site-packages/sklearn/impute/_base.py:647: UserWarning: Skipping features without any observed values: ['od_max_conf_chlorine_contact' 'od_max_conf_drying_bed'
 'od_max_conf_oxidation_pond']. At least one non-missing value is needed for imputation with strategy='median'.
  warnings.warn(
/work/GRDVULN/correction/.venv/lib64/python3.11/site-packages/sklearn/impute/_base.py:647: UserWarning: Skipping features without any observed values: ['od_max_conf_chlorine_contact' 'od_max_conf_drying_bed'
 'od_max_conf_oxidation_pond']. At least one non-missing value is needed for imputation with strategy='median'.
  warnings.warn(
/work/GRDVULN/correction/.venv/lib64/python3.11/site-packages/sklearn/impute/_base.py:647: UserWarning: Skipping features without any observed values: ['od_max_conf_chlorine_contact' 'od_max_conf_drying_bed'
 'od_max_conf_oxidation_pond']. At least one non-missing value is needed for imputation with strategy='median'.
  warnings.warn(
/work/GRDVULN/correction/.venv/lib64/python3.11/site-packages/sklearn/impute/_base.py:647: UserWarning: Skipping features without any observed values: ['od_max_conf_chlorine_contact' 'od_max_conf_drying_bed'
 'od_max_conf_oxidation_pond']. At least one non-missing value is needed for imputation with strategy='median'.
  warnings.warn(
/work/GRDVULN/correction/.venv/lib64/python3.11/site-packages/sklearn/impute/_base.py:647: UserWarning: Skipping features without any observed values: ['od_max_conf_chlorine_contact' 'od_max_conf_drying_bed'
 'od_max_conf_oxidation_pond']. At least one non-missing value is needed for imputation with strategy='median'.
  warnings.warn(
/work/GRDVULN/correction/.venv/lib64/python3.11/site-packages/sklearn/impute/_base.py:647: UserWarning: Skipping features without any observed values: ['od_max_conf_chlorine_contact' 'od_max_conf_drying_bed'
 'od_max_conf_oxidation_pond']. At least one non-missing value is needed for imputation with strategy='median'.
  warnings.warn(
/work/GRDVULN/correction/.venv/lib64/python3.11/site-packages/sklearn/impute/_base.py:647: UserWarning: Skipping features without any observed values: ['od_max_conf_chlorine_contact' 'od_max_conf_drying_bed'
 'od_max_conf_oxidation_pond']. At least one non-missing value is needed for imputation with strategy='median'.
  warnings.warn(
/work/GRDVULN/correction/.venv/lib64/python3.11/site-packages/sklearn/impute/_base.py:647: UserWarning: Skipping features without any observed values: ['od_max_conf_chlorine_contact' 'od_max_conf_drying_bed'
 'od_max_conf_oxidation_pond']. At least one non-missing value is needed for imputation with strategy='median'.
  warnings.warn(
/work/GRDVULN/correction/.venv/lib64/python3.11/site-packages/sklearn/impute/_base.py:647: UserWarning: Skipping features without any observed values: ['od_max_conf_chlorine_contact' 'od_max_conf_drying_bed'
 'od_max_conf_oxidation_pond']. At least one non-missing value is needed for imputation with strategy='median'.
  warnings.warn(
/work/GRDVULN/correction/.venv/lib64/python3.11/site-packages/sklearn/impute/_base.py:647: UserWarning: Skipping features without any observed values: ['od_max_conf_chlorine_contact' 'od_max_conf_drying_bed'
 'od_max_conf_oxidation_pond']. At least one non-missing value is needed for imputation with strategy='median'.
  warnings.warn(
/work/GRDVULN/correction/.venv/lib64/python3.11/site-packages/sklearn/impute/_base.py:647: UserWarning: Skipping features without any observed values: ['od_max_conf_chlorine_contact' 'od_max_conf_drying_bed'
 'od_max_conf_oxidation_pond']. At least one non-missing value is needed for imputation with strategy='median'.
  warnings.warn(
/work/GRDVULN/correction/.venv/lib64/python3.11/site-packages/sklearn/impute/_base.py:647: UserWarning: Skipping features without any observed values: ['od_max_conf_chlorine_contact' 'od_max_conf_drying_bed'
 'od_max_conf_oxidation_pond']. At least one non-missing value is needed for imputation with strategy='median'.
  warnings.warn(
/work/GRDVULN/correction/.venv/lib64/python3.11/site-packages/sklearn/impute/_base.py:647: UserWarning: Skipping features without any observed values: ['od_max_conf_chlorine_contact' 'od_max_conf_drying_bed'
 'od_max_conf_oxidation_pond']. At least one non-missing value is needed for imputation with strategy='median'.
  warnings.warn(
/work/GRDVULN/correction/.venv/lib64/python3.11/site-packages/sklearn/impute/_base.py:647: UserWarning: Skipping features without any observed values: ['od_max_conf_chlorine_contact' 'od_max_conf_drying_bed'
 'od_max_conf_oxidation_pond']. At least one non-missing value is needed for imputation with strategy='median'.
  warnings.warn(
/work/GRDVULN/correction/.venv/lib64/python3.11/site-packages/sklearn/impute/_base.py:647: UserWarning: Skipping features without any observed values: ['od_max_conf_chlorine_contact' 'od_max_conf_drying_bed'
 'od_max_conf_oxidation_pond']. At least one non-missing value is needed for imputation with strategy='median'.
  warnings.warn(
/work/GRDVULN/correction/.venv/lib64/python3.11/site-packages/sklearn/impute/_base.py:647: UserWarning: Skipping features without any observed values: ['od_max_conf_chlorine_contact' 'od_max_conf_drying_bed'
 'od_max_conf_oxidation_pond']. At least one non-missing value is needed for imputation with strategy='median'.
  warnings.warn(
/work/GRDVULN/correction/.venv/lib64/python3.11/site-packages/sklearn/impute/_base.py:647: UserWarning: Skipping features without any observed values: ['od_max_conf_chlorine_contact' 'od_max_conf_drying_bed'
 'od_max_conf_oxidation_pond']. At least one non-missing value is needed for imputation with strategy='median'.
  warnings.warn(
/work/GRDVULN/correction/.venv/lib64/python3.11/site-packages/sklearn/impute/_base.py:647: UserWarning: Skipping features without any observed values: ['od_max_conf_chlorine_contact' 'od_max_conf_drying_bed'
 'od_max_conf_oxidation_pond']. At least one non-missing value is needed for imputation with strategy='median'.
  warnings.warn(
/work/GRDVULN/correction/.venv/lib64/python3.11/site-packages/sklearn/impute/_base.py:647: UserWarning: Skipping features without any observed values: ['od_max_conf_chlorine_contact' 'od_max_conf_drying_bed'
 'od_max_conf_oxidation_pond']. At least one non-missing value is needed for imputation with strategy='median'.
  warnings.warn(
/work/GRDVULN/correction/.venv/lib64/python3.11/site-packages/sklearn/impute/_base.py:647: UserWarning: Skipping features without any observed values: ['od_max_conf_chlorine_contact' 'od_max_conf_drying_bed'
 'od_max_conf_oxidation_pond']. At least one non-missing value is needed for imputation with strategy='median'.
  warnings.warn(
/work/GRDVULN/correction/.venv/lib64/python3.11/site-packages/sklearn/impute/_base.py:647: UserWarning: Skipping features without any observed values: ['od_max_conf_chlorine_contact' 'od_max_conf_drying_bed'
 'od_max_conf_oxidation_pond']. At least one non-missing value is needed for imputation with strategy='median'.
  warnings.warn(
/work/GRDVULN/correction/.venv/lib64/python3.11/site-packages/sklearn/impute/_base.py:647: UserWarning: Skipping features without any observed values: ['od_max_conf_chlorine_contact' 'od_max_conf_drying_bed'
 'od_max_conf_oxidation_pond']. At least one non-missing value is needed for imputation with strategy='median'.
  warnings.warn(
/work/GRDVULN/correction/.venv/lib64/python3.11/site-packages/sklearn/impute/_base.py:647: UserWarning: Skipping features without any observed values: ['od_max_conf_chlorine_contact' 'od_max_conf_drying_bed'
 'od_max_conf_oxidation_pond']. At least one non-missing value is needed for imputation with strategy='median'.
  warnings.warn(
/work/GRDVULN/correction/.venv/lib64/python3.11/site-packages/sklearn/impute/_base.py:647: UserWarning: Skipping features without any observed values: ['od_max_conf_chlorine_contact' 'od_max_conf_drying_bed'
 'od_max_conf_oxidation_pond']. At least one non-missing value is needed for imputation with strategy='median'.
  warnings.warn(
/work/GRDVULN/correction/.venv/lib64/python3.11/site-packages/sklearn/impute/_base.py:647: UserWarning: Skipping features without any observed values: ['od_max_conf_chlorine_contact' 'od_max_conf_drying_bed'
 'od_max_conf_oxidation_pond']. At least one non-missing value is needed for imputation with strategy='median'.
  warnings.warn(
/work/GRDVULN/correction/.venv/lib64/python3.11/site-packages/sklearn/impute/_base.py:647: UserWarning: Skipping features without any observed values: ['od_max_conf_chlorine_contact' 'od_max_conf_drying_bed'
 'od_max_conf_oxidation_pond']. At least one non-missing value is needed for imputation with strategy='median'.
  warnings.warn(
/work/GRDVULN/correction/.venv/lib64/python3.11/site-packages/sklearn/impute/_base.py:647: UserWarning: Skipping features without any observed values: ['od_max_conf_chlorine_contact' 'od_max_conf_drying_bed'
 'od_max_conf_oxidation_pond']. At least one non-missing value is needed for imputation with strategy='median'.
  warnings.warn(
/work/GRDVULN/correction/.venv/lib64/python3.11/site-packages/sklearn/impute/_base.py:647: UserWarning: Skipping features without any observed values: ['od_max_conf_chlorine_contact' 'od_max_conf_drying_bed'
 'od_max_conf_oxidation_pond']. At least one non-missing value is needed for imputation with strategy='median'.
  warnings.warn(
/work/GRDVULN/correction/.venv/lib64/python3.11/site-packages/sklearn/impute/_base.py:647: UserWarning: Skipping features without any observed values: ['od_max_conf_chlorine_contact' 'od_max_conf_drying_bed'
 'od_max_conf_oxidation_pond']. At least one non-missing value is needed for imputation with strategy='median'.
  warnings.warn(
/work/GRDVULN/correction/.venv/lib64/python3.11/site-packages/sklearn/impute/_base.py:647: UserWarning: Skipping features without any observed values: ['od_max_conf_chlorine_contact' 'od_max_conf_drying_bed'
 'od_max_conf_oxidation_pond']. At least one non-missing value is needed for imputation with strategy='median'.
  warnings.warn(
/work/GRDVULN/correction/.venv/lib64/python3.11/site-packages/sklearn/impute/_base.py:647: UserWarning: Skipping features without any observed values: ['od_max_conf_chlorine_contact' 'od_max_conf_drying_bed'
 'od_max_conf_oxidation_pond']. At least one non-missing value is needed for imputation with strategy='median'.
  warnings.warn(
/work/GRDVULN/correction/.venv/lib64/python3.11/site-packages/sklearn/impute/_base.py:647: UserWarning: Skipping features without any observed values: ['od_max_conf_chlorine_contact' 'od_max_conf_drying_bed'
 'od_max_conf_oxidation_pond']. At least one non-missing value is needed for imputation with strategy='median'.
  warnings.warn(
/work/GRDVULN/correction/.venv/lib64/python3.11/site-packages/sklearn/impute/_base.py:647: UserWarning: Skipping features without any observed values: ['od_max_conf_chlorine_contact' 'od_max_conf_drying_bed'
 'od_max_conf_oxidation_pond']. At least one non-missing value is needed for imputation with strategy='median'.
  warnings.warn(
/work/GRDVULN/correction/.venv/lib64/python3.11/site-packages/sklearn/impute/_base.py:647: UserWarning: Skipping features without any observed values: ['od_max_conf_chlorine_contact' 'od_max_conf_drying_bed'
 'od_max_conf_oxidation_pond']. At least one non-missing value is needed for imputation with strategy='median'.
  warnings.warn(
/work/GRDVULN/correction/.venv/lib64/python3.11/site-packages/sklearn/impute/_base.py:647: UserWarning: Skipping features without any observed values: ['od_max_conf_chlorine_contact' 'od_max_conf_drying_bed'
 'od_max_conf_oxidation_pond']. At least one non-missing value is needed for imputation with strategy='median'.
  warnings.warn(
/work/GRDVULN/correction/.venv/lib64/python3.11/site-packages/sklearn/impute/_base.py:647: UserWarning: Skipping features without any observed values: ['od_max_conf_chlorine_contact' 'od_max_conf_drying_bed'
 'od_max_conf_oxidation_pond']. At least one non-missing value is needed for imputation with strategy='median'.
  warnings.warn(
/work/GRDVULN/correction/.venv/lib64/python3.11/site-packages/sklearn/impute/_base.py:647: UserWarning: Skipping features without any observed values: ['od_max_conf_chlorine_contact' 'od_max_conf_drying_bed'
 'od_max_conf_oxidation_pond']. At least one non-missing value is needed for imputation with strategy='median'.
  warnings.warn(
/work/GRDVULN/correction/.venv/lib64/python3.11/site-packages/sklearn/impute/_base.py:647: UserWarning: Skipping features without any observed values: ['od_max_conf_chlorine_contact' 'od_max_conf_drying_bed'
 'od_max_conf_oxidation_pond']. At least one non-missing value is needed for imputation with strategy='median'.
  warnings.warn(
/work/GRDVULN/correction/.venv/lib64/python3.11/site-packages/sklearn/impute/_base.py:647: UserWarning: Skipping features without any observed values: ['od_max_conf_chlorine_contact' 'od_max_conf_drying_bed'
 'od_max_conf_oxidation_pond']. At least one non-missing value is needed for imputation with strategy='median'.
  warnings.warn(
/work/GRDVULN/correction/.venv/lib64/python3.11/site-packages/sklearn/impute/_base.py:647: UserWarning: Skipping features without any observed values: ['od_max_conf_chlorine_contact' 'od_max_conf_drying_bed'
 'od_max_conf_oxidation_pond']. At least one non-missing value is needed for imputation with strategy='median'.
  warnings.warn(
/work/GRDVULN/correction/.venv/lib64/python3.11/site-packages/sklearn/impute/_base.py:647: UserWarning: Skipping features without any observed values: ['od_max_conf_chlorine_contact' 'od_max_conf_drying_bed'
 'od_max_conf_oxidation_pond']. At least one non-missing value is needed for imputation with strategy='median'.
  warnings.warn(
/work/GRDVULN/correction/.venv/lib64/python3.11/site-packages/sklearn/impute/_base.py:647: UserWarning: Skipping features without any observed values: ['od_max_conf_chlorine_contact' 'od_max_conf_drying_bed'
 'od_max_conf_oxidation_pond']. At least one non-missing value is needed for imputation with strategy='median'.
  warnings.warn(
/work/GRDVULN/correction/.venv/lib64/python3.11/site-packages/sklearn/impute/_base.py:647: UserWarning: Skipping features without any observed values: ['od_max_conf_chlorine_contact' 'od_max_conf_drying_bed'
 'od_max_conf_oxidation_pond']. At least one non-missing value is needed for imputation with strategy='median'.
  warnings.warn(
/work/GRDVULN/correction/.venv/lib64/python3.11/site-packages/sklearn/impute/_base.py:647: UserWarning: Skipping features without any observed values: ['od_max_conf_chlorine_contact' 'od_max_conf_drying_bed'
 'od_max_conf_oxidation_pond']. At least one non-missing value is needed for imputation with strategy='median'.
  warnings.warn(
/work/GRDVULN/correction/.venv/lib64/python3.11/site-packages/sklearn/impute/_base.py:647: UserWarning: Skipping features without any observed values: ['od_max_conf_chlorine_contact' 'od_max_conf_drying_bed'
 'od_max_conf_oxidation_pond']. At least one non-missing value is needed for imputation with strategy='median'.
  warnings.warn(
/work/GRDVULN/correction/.venv/lib64/python3.11/site-packages/sklearn/impute/_base.py:647: UserWarning: Skipping features without any observed values: ['od_max_conf_chlorine_contact' 'od_max_conf_drying_bed'
 'od_max_conf_oxidation_pond']. At least one non-missing value is needed for imputation with strategy='median'.
  warnings.warn(
/work/GRDVULN/correction/.venv/lib64/python3.11/site-packages/sklearn/impute/_base.py:647: UserWarning: Skipping features without any observed values: ['od_max_conf_chlorine_contact' 'od_max_conf_drying_bed'
 'od_max_conf_oxidation_pond']. At least one non-missing value is needed for imputation with strategy='median'.
  warnings.warn(
/work/GRDVULN/correction/.venv/lib64/python3.11/site-packages/sklearn/impute/_base.py:647: UserWarning: Skipping features without any observed values: ['od_max_conf_chlorine_contact' 'od_max_conf_drying_bed'
 'od_max_conf_oxidation_pond']. At least one non-missing value is needed for imputation with strategy='median'.
  warnings.warn(
/work/GRDVULN/correction/.venv/lib64/python3.11/site-packages/sklearn/impute/_base.py:647: UserWarning: Skipping features without any observed values: ['od_max_conf_chlorine_contact' 'od_max_conf_drying_bed'
 'od_max_conf_oxidation_pond']. At least one non-missing value is needed for imputation with strategy='median'.
  warnings.warn(
/work/GRDVULN/correction/.venv/lib64/python3.11/site-packages/sklearn/impute/_base.py:647: UserWarning: Skipping features without any observed values: ['od_max_conf_chlorine_contact' 'od_max_conf_drying_bed'
 'od_max_conf_oxidation_pond']. At least one non-missing value is needed for imputation with strategy='median'.
  warnings.warn(
/work/GRDVULN/correction/.venv/lib64/python3.11/site-packages/sklearn/impute/_base.py:647: UserWarning: Skipping features without any observed values: ['od_max_conf_chlorine_contact' 'od_max_conf_drying_bed'
 'od_max_conf_oxidation_pond']. At least one non-missing value is needed for imputation with strategy='median'.
  warnings.warn(
/work/GRDVULN/correction/.venv/lib64/python3.11/site-packages/sklearn/impute/_base.py:647: UserWarning: Skipping features without any observed values: ['od_max_conf_chlorine_contact' 'od_max_conf_drying_bed'
 'od_max_conf_oxidation_pond']. At least one non-missing value is needed for imputation with strategy='median'.
  warnings.warn(
/work/GRDVULN/correction/.venv/lib64/python3.11/site-packages/sklearn/impute/_base.py:647: UserWarning: Skipping features without any observed values: ['od_max_conf_chlorine_contact' 'od_max_conf_drying_bed'
 'od_max_conf_oxidation_pond']. At least one non-missing value is needed for imputation with strategy='median'.
  warnings.warn(
/work/GRDVULN/correction/.venv/lib64/python3.11/site-packages/sklearn/impute/_base.py:647: UserWarning: Skipping features without any observed values: ['od_max_conf_chlorine_contact' 'od_max_conf_drying_bed'
 'od_max_conf_oxidation_pond']. At least one non-missing value is needed for imputation with strategy='median'.
  warnings.warn(
/work/GRDVULN/correction/.venv/lib64/python3.11/site-packages/sklearn/impute/_base.py:647: UserWarning: Skipping features without any observed values: ['od_max_conf_chlorine_contact' 'od_max_conf_drying_bed'
 'od_max_conf_oxidation_pond']. At least one non-missing value is needed for imputation with strategy='median'.
  warnings.warn(
/work/GRDVULN/correction/.venv/lib64/python3.11/site-packages/sklearn/impute/_base.py:647: UserWarning: Skipping features without any observed values: ['od_max_conf_chlorine_contact' 'od_max_conf_drying_bed'
 'od_max_conf_oxidation_pond']. At least one non-missing value is needed for imputation with strategy='median'.
  warnings.warn(
/work/GRDVULN/correction/.venv/lib64/python3.11/site-packages/sklearn/impute/_base.py:647: UserWarning: Skipping features without any observed values: ['od_max_conf_chlorine_contact' 'od_max_conf_drying_bed'
 'od_max_conf_oxidation_pond']. At least one non-missing value is needed for imputation with strategy='median'.
  warnings.warn(
/work/GRDVULN/correction/.venv/lib64/python3.11/site-packages/sklearn/impute/_base.py:647: UserWarning: Skipping features without any observed values: ['od_max_conf_chlorine_contact' 'od_max_conf_drying_bed'
 'od_max_conf_oxidation_pond']. At least one non-missing value is needed for imputation with strategy='median'.
  warnings.warn(
/work/GRDVULN/correction/.venv/lib64/python3.11/site-packages/sklearn/impute/_base.py:647: UserWarning: Skipping features without any observed values: ['od_max_conf_chlorine_contact' 'od_max_conf_drying_bed'
 'od_max_conf_oxidation_pond']. At least one non-missing value is needed for imputation with strategy='median'.
  warnings.warn(
/work/GRDVULN/correction/.venv/lib64/python3.11/site-packages/sklearn/impute/_base.py:647: UserWarning: Skipping features without any observed values: ['od_max_conf_chlorine_contact' 'od_max_conf_drying_bed'
 'od_max_conf_oxidation_pond']. At least one non-missing value is needed for imputation with strategy='median'.
  warnings.warn(
/work/GRDVULN/correction/.venv/lib64/python3.11/site-packages/sklearn/impute/_base.py:647: UserWarning: Skipping features without any observed values: ['od_max_conf_chlorine_contact' 'od_max_conf_drying_bed'
 'od_max_conf_oxidation_pond']. At least one non-missing value is needed for imputation with strategy='median'.
  warnings.warn(
/work/GRDVULN/correction/.venv/lib64/python3.11/site-packages/sklearn/impute/_base.py:647: UserWarning: Skipping features without any observed values: ['od_max_conf_chlorine_contact' 'od_max_conf_drying_bed'
 'od_max_conf_oxidation_pond']. At least one non-missing value is needed for imputation with strategy='median'.
  warnings.warn(
/work/GRDVULN/correction/.venv/lib64/python3.11/site-packages/sklearn/impute/_base.py:647: UserWarning: Skipping features without any observed values: ['od_max_conf_chlorine_contact' 'od_max_conf_drying_bed'
 'od_max_conf_oxidation_pond']. At least one non-missing value is needed for imputation with strategy='median'.
  warnings.warn(
/work/GRDVULN/correction/.venv/lib64/python3.11/site-packages/sklearn/impute/_base.py:647: UserWarning: Skipping features without any observed values: ['od_max_conf_chlorine_contact' 'od_max_conf_drying_bed'
 'od_max_conf_oxidation_pond']. At least one non-missing value is needed for imputation with strategy='median'.
  warnings.warn(
/work/GRDVULN/correction/.venv/lib64/python3.11/site-packages/sklearn/impute/_base.py:647: UserWarning: Skipping features without any observed values: ['od_max_conf_chlorine_contact' 'od_max_conf_drying_bed'
 'od_max_conf_oxidation_pond']. At least one non-missing value is needed for imputation with strategy='median'.
  warnings.warn(
/work/GRDVULN/correction/.venv/lib64/python3.11/site-packages/sklearn/impute/_base.py:647: UserWarning: Skipping features without any observed values: ['od_max_conf_chlorine_contact' 'od_max_conf_drying_bed'
 'od_max_conf_oxidation_pond']. At least one non-missing value is needed for imputation with strategy='median'.
  warnings.warn(
/work/GRDVULN/correction/.venv/lib64/python3.11/site-packages/sklearn/impute/_base.py:647: UserWarning: Skipping features without any observed values: ['od_max_conf_chlorine_contact' 'od_max_conf_drying_bed'
 'od_max_conf_oxidation_pond']. At least one non-missing value is needed for imputation with strategy='median'.
  warnings.warn(
/work/GRDVULN/correction/.venv/lib64/python3.11/site-packages/sklearn/impute/_base.py:647: UserWarning: Skipping features without any observed values: ['od_max_conf_chlorine_contact' 'od_max_conf_drying_bed'
 'od_max_conf_oxidation_pond']. At least one non-missing value is needed for imputation with strategy='median'.
  warnings.warn(
/work/GRDVULN/correction/.venv/lib64/python3.11/site-packages/sklearn/impute/_base.py:647: UserWarning: Skipping features without any observed values: ['od_max_conf_chlorine_contact' 'od_max_conf_drying_bed'
 'od_max_conf_oxidation_pond']. At least one non-missing value is needed for imputation with strategy='median'.
  warnings.warn(
/work/GRDVULN/correction/.venv/lib64/python3.11/site-packages/sklearn/impute/_base.py:647: UserWarning: Skipping features without any observed values: ['od_max_conf_chlorine_contact' 'od_max_conf_drying_bed'
 'od_max_conf_oxidation_pond']. At least one non-missing value is needed for imputation with strategy='median'.
  warnings.warn(
/work/GRDVULN/correction/.venv/lib64/python3.11/site-packages/sklearn/impute/_base.py:647: UserWarning: Skipping features without any observed values: ['od_max_conf_chlorine_contact' 'od_max_conf_drying_bed'
 'od_max_conf_oxidation_pond']. At least one non-missing value is needed for imputation with strategy='median'.
  warnings.warn(
/work/GRDVULN/correction/.venv/lib64/python3.11/site-packages/sklearn/impute/_base.py:647: UserWarning: Skipping features without any observed values: ['od_max_conf_chlorine_contact' 'od_max_conf_drying_bed'
 'od_max_conf_oxidation_pond']. At least one non-missing value is needed for imputation with strategy='median'.
  warnings.warn(
/work/GRDVULN/correction/.venv/lib64/python3.11/site-packages/sklearn/impute/_base.py:647: UserWarning: Skipping features without any observed values: ['od_max_conf_chlorine_contact' 'od_max_conf_drying_bed'
 'od_max_conf_oxidation_pond']. At least one non-missing value is needed for imputation with strategy='median'.
  warnings.warn(
/work/GRDVULN/correction/.venv/lib64/python3.11/site-packages/sklearn/impute/_base.py:647: UserWarning: Skipping features without any observed values: ['od_max_conf_chlorine_contact' 'od_max_conf_drying_bed'
 'od_max_conf_oxidation_pond']. At least one non-missing value is needed for imputation with strategy='median'.
  warnings.warn(
/work/GRDVULN/correction/.venv/lib64/python3.11/site-packages/sklearn/impute/_base.py:647: UserWarning: Skipping features without any observed values: ['od_max_conf_chlorine_contact' 'od_max_conf_drying_bed'
 'od_max_conf_oxidation_pond']. At least one non-missing value is needed for imputation with strategy='median'.
  warnings.warn(
/work/GRDVULN/correction/.venv/lib64/python3.11/site-packages/sklearn/impute/_base.py:647: UserWarning: Skipping features without any observed values: ['od_max_conf_chlorine_contact' 'od_max_conf_drying_bed'
 'od_max_conf_oxidation_pond']. At least one non-missing value is needed for imputation with strategy='median'.
  warnings.warn(
/work/GRDVULN/correction/.venv/lib64/python3.11/site-packages/sklearn/impute/_base.py:647: UserWarning: Skipping features without any observed values: ['od_max_conf_chlorine_contact' 'od_max_conf_drying_bed'
 'od_max_conf_oxidation_pond']. At least one non-missing value is needed for imputation with strategy='median'.
  warnings.warn(
/work/GRDVULN/correction/.venv/lib64/python3.11/site-packages/sklearn/impute/_base.py:647: UserWarning: Skipping features without any observed values: ['od_max_conf_chlorine_contact' 'od_max_conf_drying_bed'
 'od_max_conf_oxidation_pond']. At least one non-missing value is needed for imputation with strategy='median'.
  warnings.warn(
/work/GRDVULN/correction/.venv/lib64/python3.11/site-packages/sklearn/impute/_base.py:647: UserWarning: Skipping features without any observed values: ['od_max_conf_chlorine_contact' 'od_max_conf_drying_bed'
 'od_max_conf_oxidation_pond']. At least one non-missing value is needed for imputation with strategy='median'.
  warnings.warn(
/work/GRDVULN/correction/.venv/lib64/python3.11/site-packages/sklearn/impute/_base.py:647: UserWarning: Skipping features without any observed values: ['od_max_conf_chlorine_contact' 'od_max_conf_drying_bed'
 'od_max_conf_oxidation_pond']. At least one non-missing value is needed for imputation with strategy='median'.
  warnings.warn(
/work/GRDVULN/correction/.venv/lib64/python3.11/site-packages/sklearn/impute/_base.py:647: UserWarning: Skipping features without any observed values: ['od_max_conf_chlorine_contact' 'od_max_conf_drying_bed'
 'od_max_conf_oxidation_pond']. At least one non-missing value is needed for imputation with strategy='median'.
  warnings.warn(
/work/GRDVULN/correction/.venv/lib64/python3.11/site-packages/sklearn/impute/_base.py:647: UserWarning: Skipping features without any observed values: ['od_max_conf_chlorine_contact' 'od_max_conf_drying_bed'
 'od_max_conf_oxidation_pond']. At least one non-missing value is needed for imputation with strategy='median'.
  warnings.warn(
/work/GRDVULN/correction/.venv/lib64/python3.11/site-packages/sklearn/impute/_base.py:647: UserWarning: Skipping features without any observed values: ['od_max_conf_chlorine_contact' 'od_max_conf_drying_bed'
 'od_max_conf_oxidation_pond']. At least one non-missing value is needed for imputation with strategy='median'.
  warnings.warn(
/work/GRDVULN/correction/.venv/lib64/python3.11/site-packages/sklearn/impute/_base.py:647: UserWarning: Skipping features without any observed values: ['od_max_conf_chlorine_contact' 'od_max_conf_drying_bed'
 'od_max_conf_oxidation_pond']. At least one non-missing value is needed for imputation with strategy='median'.
  warnings.warn(
/work/GRDVULN/correction/.venv/lib64/python3.11/site-packages/sklearn/impute/_base.py:647: UserWarning: Skipping features without any observed values: ['od_max_conf_chlorine_contact' 'od_max_conf_drying_bed'
 'od_max_conf_oxidation_pond']. At least one non-missing value is needed for imputation with strategy='median'.
  warnings.warn(
/work/GRDVULN/correction/.venv/lib64/python3.11/site-packages/sklearn/impute/_base.py:647: UserWarning: Skipping features without any observed values: ['od_max_conf_chlorine_contact' 'od_max_conf_drying_bed'
 'od_max_conf_oxidation_pond']. At least one non-missing value is needed for imputation with strategy='median'.
  warnings.warn(
/work/GRDVULN/correction/.venv/lib64/python3.11/site-packages/sklearn/impute/_base.py:647: UserWarning: Skipping features without any observed values: ['od_max_conf_chlorine_contact' 'od_max_conf_drying_bed'
 'od_max_conf_oxidation_pond']. At least one non-missing value is needed for imputation with strategy='median'.
  warnings.warn(
/work/GRDVULN/correction/.venv/lib64/python3.11/site-packages/sklearn/impute/_base.py:647: UserWarning: Skipping features without any observed values: ['od_max_conf_chlorine_contact' 'od_max_conf_drying_bed'
 'od_max_conf_oxidation_pond']. At least one non-missing value is needed for imputation with strategy='median'.
  warnings.warn(
/work/GRDVULN/correction/.venv/lib64/python3.11/site-packages/sklearn/impute/_base.py:647: UserWarning: Skipping features without any observed values: ['od_max_conf_chlorine_contact' 'od_max_conf_drying_bed'
 'od_max_conf_oxidation_pond']. At least one non-missing value is needed for imputation with strategy='median'.
  warnings.warn(
/work/GRDVULN/correction/.venv/lib64/python3.11/site-packages/sklearn/impute/_base.py:647: UserWarning: Skipping features without any observed values: ['od_max_conf_chlorine_contact' 'od_max_conf_drying_bed'
 'od_max_conf_oxidation_pond']. At least one non-missing value is needed for imputation with strategy='median'.
  warnings.warn(
/work/GRDVULN/correction/.venv/lib64/python3.11/site-packages/sklearn/impute/_base.py:647: UserWarning: Skipping features without any observed values: ['od_max_conf_chlorine_contact' 'od_max_conf_drying_bed'
 'od_max_conf_oxidation_pond']. At least one non-missing value is needed for imputation with strategy='median'.
  warnings.warn(
/work/GRDVULN/correction/.venv/lib64/python3.11/site-packages/sklearn/impute/_base.py:647: UserWarning: Skipping features without any observed values: ['od_max_conf_chlorine_contact' 'od_max_conf_drying_bed'
 'od_max_conf_oxidation_pond']. At least one non-missing value is needed for imputation with strategy='median'.
  warnings.warn(
/work/GRDVULN/correction/.venv/lib64/python3.11/site-packages/sklearn/impute/_base.py:647: UserWarning: Skipping features without any observed values: ['od_max_conf_chlorine_contact' 'od_max_conf_drying_bed'
 'od_max_conf_oxidation_pond']. At least one non-missing value is needed for imputation with strategy='median'.
  warnings.warn(
/work/GRDVULN/correction/.venv/lib64/python3.11/site-packages/sklearn/impute/_base.py:647: UserWarning: Skipping features without any observed values: ['od_max_conf_chlorine_contact' 'od_max_conf_drying_bed'
 'od_max_conf_oxidation_pond']. At least one non-missing value is needed for imputation with strategy='median'.
  warnings.warn(
/work/GRDVULN/correction/.venv/lib64/python3.11/site-packages/sklearn/impute/_base.py:647: UserWarning: Skipping features without any observed values: ['od_max_conf_chlorine_contact' 'od_max_conf_drying_bed'
 'od_max_conf_oxidation_pond']. At least one non-missing value is needed for imputation with strategy='median'.
  warnings.warn(
/work/GRDVULN/correction/.venv/lib64/python3.11/site-packages/sklearn/impute/_base.py:647: UserWarning: Skipping features without any observed values: ['od_max_conf_chlorine_contact' 'od_max_conf_drying_bed'
 'od_max_conf_oxidation_pond']. At least one non-missing value is needed for imputation with strategy='median'.
  warnings.warn(
/work/GRDVULN/correction/.venv/lib64/python3.11/site-packages/sklearn/impute/_base.py:647: UserWarning: Skipping features without any observed values: ['od_max_conf_chlorine_contact' 'od_max_conf_drying_bed'
 'od_max_conf_oxidation_pond']. At least one non-missing value is needed for imputation with strategy='median'.
  warnings.warn(
/work/GRDVULN/correction/.venv/lib64/python3.11/site-packages/sklearn/impute/_base.py:647: UserWarning: Skipping features without any observed values: ['od_max_conf_chlorine_contact' 'od_max_conf_drying_bed'
 'od_max_conf_oxidation_pond']. At least one non-missing value is needed for imputation with strategy='median'.
  warnings.warn(
/work/GRDVULN/correction/.venv/lib64/python3.11/site-packages/sklearn/impute/_base.py:647: UserWarning: Skipping features without any observed values: ['od_max_conf_chlorine_contact' 'od_max_conf_drying_bed'
 'od_max_conf_oxidation_pond']. At least one non-missing value is needed for imputation with strategy='median'.
  warnings.warn(
/work/GRDVULN/correction/.venv/lib64/python3.11/site-packages/sklearn/impute/_base.py:647: UserWarning: Skipping features without any observed values: ['od_max_conf_chlorine_contact' 'od_max_conf_drying_bed'
 'od_max_conf_oxidation_pond']. At least one non-missing value is needed for imputation with strategy='median'.
  warnings.warn(
/work/GRDVULN/correction/.venv/lib64/python3.11/site-packages/sklearn/impute/_base.py:647: UserWarning: Skipping features without any observed values: ['od_max_conf_chlorine_contact' 'od_max_conf_drying_bed'
 'od_max_conf_oxidation_pond']. At least one non-missing value is needed for imputation with strategy='median'.
  warnings.warn(
/work/GRDVULN/correction/.venv/lib64/python3.11/site-packages/sklearn/impute/_base.py:647: UserWarning: Skipping features without any observed values: ['od_max_conf_chlorine_contact' 'od_max_conf_drying_bed'
 'od_max_conf_oxidation_pond']. At least one non-missing value is needed for imputation with strategy='median'.
  warnings.warn(
/work/GRDVULN/correction/.venv/lib64/python3.11/site-packages/sklearn/impute/_base.py:647: UserWarning: Skipping features without any observed values: ['od_max_conf_chlorine_contact' 'od_max_conf_drying_bed'
 'od_max_conf_oxidation_pond']. At least one non-missing value is needed for imputation with strategy='median'.
  warnings.warn(
/work/GRDVULN/correction/.venv/lib64/python3.11/site-packages/sklearn/impute/_base.py:647: UserWarning: Skipping features without any observed values: ['od_max_conf_chlorine_contact' 'od_max_conf_drying_bed'
 'od_max_conf_oxidation_pond']. At least one non-missing value is needed for imputation with strategy='median'.
  warnings.warn(
/work/GRDVULN/correction/.venv/lib64/python3.11/site-packages/sklearn/impute/_base.py:647: UserWarning: Skipping features without any observed values: ['od_max_conf_chlorine_contact' 'od_max_conf_drying_bed'
 'od_max_conf_oxidation_pond']. At least one non-missing value is needed for imputation with strategy='median'.
  warnings.warn(
/work/GRDVULN/correction/.venv/lib64/python3.11/site-packages/sklearn/impute/_base.py:647: UserWarning: Skipping features without any observed values: ['od_max_conf_chlorine_contact' 'od_max_conf_drying_bed'
 'od_max_conf_oxidation_pond']. At least one non-missing value is needed for imputation with strategy='median'.
  warnings.warn(
/work/GRDVULN/correction/.venv/lib64/python3.11/site-packages/sklearn/impute/_base.py:647: UserWarning: Skipping features without any observed values: ['od_max_conf_chlorine_contact' 'od_max_conf_drying_bed'
 'od_max_conf_oxidation_pond']. At least one non-missing value is needed for imputation with strategy='median'.
  warnings.warn(
/work/GRDVULN/correction/.venv/lib64/python3.11/site-packages/sklearn/impute/_base.py:647: UserWarning: Skipping features without any observed values: ['od_max_conf_chlorine_contact' 'od_max_conf_drying_bed'
 'od_max_conf_oxidation_pond']. At least one non-missing value is needed for imputation with strategy='median'.
  warnings.warn(
/work/GRDVULN/correction/.venv/lib64/python3.11/site-packages/sklearn/impute/_base.py:647: UserWarning: Skipping features without any observed values: ['od_max_conf_chlorine_contact' 'od_max_conf_drying_bed'
 'od_max_conf_oxidation_pond']. At least one non-missing value is needed for imputation with strategy='median'.
  warnings.warn(
/work/GRDVULN/correction/.venv/lib64/python3.11/site-packages/sklearn/impute/_base.py:647: UserWarning: Skipping features without any observed values: ['od_max_conf_chlorine_contact' 'od_max_conf_drying_bed'
 'od_max_conf_oxidation_pond']. At least one non-missing value is needed for imputation with strategy='median'.
  warnings.warn(
/work/GRDVULN/correction/.venv/lib64/python3.11/site-packages/sklearn/impute/_base.py:647: UserWarning: Skipping features without any observed values: ['od_max_conf_chlorine_contact' 'od_max_conf_drying_bed'
 'od_max_conf_oxidation_pond']. At least one non-missing value is needed for imputation with strategy='median'.
  warnings.warn(
/work/GRDVULN/correction/.venv/lib64/python3.11/site-packages/sklearn/impute/_base.py:647: UserWarning: Skipping features without any observed values: ['od_max_conf_chlorine_contact' 'od_max_conf_drying_bed'
 'od_max_conf_oxidation_pond']. At least one non-missing value is needed for imputation with strategy='median'.
  warnings.warn(
/work/GRDVULN/correction/.venv/lib64/python3.11/site-packages/sklearn/impute/_base.py:647: UserWarning: Skipping features without any observed values: ['od_max_conf_chlorine_contact' 'od_max_conf_drying_bed'
 'od_max_conf_oxidation_pond']. At least one non-missing value is needed for imputation with strategy='median'.
  warnings.warn(
/work/GRDVULN/correction/.venv/lib64/python3.11/site-packages/sklearn/impute/_base.py:647: UserWarning: Skipping features without any observed values: ['od_max_conf_chlorine_contact' 'od_max_conf_drying_bed'
 'od_max_conf_oxidation_pond']. At least one non-missing value is needed for imputation with strategy='median'.
  warnings.warn(
/work/GRDVULN/correction/.venv/lib64/python3.11/site-packages/sklearn/impute/_base.py:647: UserWarning: Skipping features without any observed values: ['od_max_conf_chlorine_contact' 'od_max_conf_drying_bed'
 'od_max_conf_oxidation_pond']. At least one non-missing value is needed for imputation with strategy='median'.
  warnings.warn(
/work/GRDVULN/correction/.venv/lib64/python3.11/site-packages/sklearn/impute/_base.py:647: UserWarning: Skipping features without any observed values: ['od_max_conf_chlorine_contact' 'od_max_conf_drying_bed'
 'od_max_conf_oxidation_pond']. At least one non-missing value is needed for imputation with strategy='median'.
  warnings.warn(
/work/GRDVULN/correction/.venv/lib64/python3.11/site-packages/sklearn/impute/_base.py:647: UserWarning: Skipping features without any observed values: ['od_max_conf_chlorine_contact' 'od_max_conf_drying_bed'
 'od_max_conf_oxidation_pond']. At least one non-missing value is needed for imputation with strategy='median'.
  warnings.warn(
/work/GRDVULN/correction/.venv/lib64/python3.11/site-packages/sklearn/impute/_base.py:647: UserWarning: Skipping features without any observed values: ['od_max_conf_chlorine_contact' 'od_max_conf_drying_bed'
 'od_max_conf_oxidation_pond']. At least one non-missing value is needed for imputation with strategy='median'.
  warnings.warn(
/work/GRDVULN/correction/.venv/lib64/python3.11/site-packages/sklearn/impute/_base.py:647: UserWarning: Skipping features without any observed values: ['od_max_conf_chlorine_contact' 'od_max_conf_drying_bed'
 'od_max_conf_oxidation_pond']. At least one non-missing value is needed for imputation with strategy='median'.
  warnings.warn(
/work/GRDVULN/correction/.venv/lib64/python3.11/site-packages/sklearn/impute/_base.py:647: UserWarning: Skipping features without any observed values: ['od_max_conf_chlorine_contact' 'od_max_conf_drying_bed'
 'od_max_conf_oxidation_pond']. At least one non-missing value is needed for imputation with strategy='median'.
  warnings.warn(
/work/GRDVULN/correction/.venv/lib64/python3.11/site-packages/sklearn/impute/_base.py:647: UserWarning: Skipping features without any observed values: ['od_max_conf_chlorine_contact' 'od_max_conf_drying_bed'
 'od_max_conf_oxidation_pond']. At least one non-missing value is needed for imputation with strategy='median'.
  warnings.warn(
/work/GRDVULN/correction/.venv/lib64/python3.11/site-packages/sklearn/impute/_base.py:647: UserWarning: Skipping features without any observed values: ['od_max_conf_chlorine_contact' 'od_max_conf_drying_bed'
 'od_max_conf_oxidation_pond']. At least one non-missing value is needed for imputation with strategy='median'.
  warnings.warn(
/work/GRDVULN/correction/.venv/lib64/python3.11/site-packages/sklearn/impute/_base.py:647: UserWarning: Skipping features without any observed values: ['od_max_conf_chlorine_contact' 'od_max_conf_drying_bed'
 'od_max_conf_oxidation_pond']. At least one non-missing value is needed for imputation with strategy='median'.
  warnings.warn(
/work/GRDVULN/correction/.venv/lib64/python3.11/site-packages/sklearn/impute/_base.py:647: UserWarning: Skipping features without any observed values: ['od_max_conf_chlorine_contact' 'od_max_conf_drying_bed'
 'od_max_conf_oxidation_pond']. At least one non-missing value is needed for imputation with strategy='median'.
  warnings.warn(
/work/GRDVULN/correction/.venv/lib64/python3.11/site-packages/sklearn/impute/_base.py:647: UserWarning: Skipping features without any observed values: ['od_max_conf_chlorine_contact' 'od_max_conf_drying_bed'
 'od_max_conf_oxidation_pond']. At least one non-missing value is needed for imputation with strategy='median'.
  warnings.warn(
/work/GRDVULN/correction/.venv/lib64/python3.11/site-packages/sklearn/impute/_base.py:647: UserWarning: Skipping features without any observed values: ['od_max_conf_chlorine_contact' 'od_max_conf_drying_bed'
 'od_max_conf_oxidation_pond']. At least one non-missing value is needed for imputation with strategy='median'.
  warnings.warn(
/work/GRDVULN/correction/.venv/lib64/python3.11/site-packages/sklearn/impute/_base.py:647: UserWarning: Skipping features without any observed values: ['od_max_conf_chlorine_contact' 'od_max_conf_drying_bed'
 'od_max_conf_oxidation_pond']. At least one non-missing value is needed for imputation with strategy='median'.
  warnings.warn(
/work/GRDVULN/correction/.venv/lib64/python3.11/site-packages/sklearn/impute/_base.py:647: UserWarning: Skipping features without any observed values: ['od_max_conf_chlorine_contact' 'od_max_conf_drying_bed'
 'od_max_conf_oxidation_pond']. At least one non-missing value is needed for imputation with strategy='median'.
  warnings.warn(
/work/GRDVULN/correction/.venv/lib64/python3.11/site-packages/sklearn/impute/_base.py:647: UserWarning: Skipping features without any observed values: ['od_max_conf_chlorine_contact' 'od_max_conf_drying_bed'
 'od_max_conf_oxidation_pond']. At least one non-missing value is needed for imputation with strategy='median'.
  warnings.warn(
/work/GRDVULN/correction/.venv/lib64/python3.11/site-packages/sklearn/impute/_base.py:647: UserWarning: Skipping features without any observed values: ['od_max_conf_chlorine_contact' 'od_max_conf_drying_bed'
 'od_max_conf_oxidation_pond']. At least one non-missing value is needed for imputation with strategy='median'.
  warnings.warn(
/work/GRDVULN/correction/.venv/lib64/python3.11/site-packages/sklearn/impute/_base.py:647: UserWarning: Skipping features without any observed values: ['od_max_conf_chlorine_contact' 'od_max_conf_drying_bed'
 'od_max_conf_oxidation_pond']. At least one non-missing value is needed for imputation with strategy='median'.
  warnings.warn(
/work/GRDVULN/correction/.venv/lib64/python3.11/site-packages/sklearn/impute/_base.py:647: UserWarning: Skipping features without any observed values: ['od_max_conf_chlorine_contact' 'od_max_conf_drying_bed'
 'od_max_conf_oxidation_pond']. At least one non-missing value is needed for imputation with strategy='median'.
  warnings.warn(
/work/GRDVULN/correction/.venv/lib64/python3.11/site-packages/sklearn/impute/_base.py:647: UserWarning: Skipping features without any observed values: ['od_max_conf_chlorine_contact' 'od_max_conf_drying_bed'
 'od_max_conf_oxidation_pond']. At least one non-missing value is needed for imputation with strategy='median'.
  warnings.warn(
/work/GRDVULN/correction/.venv/lib64/python3.11/site-packages/sklearn/impute/_base.py:647: UserWarning: Skipping features without any observed values: ['od_max_conf_chlorine_contact' 'od_max_conf_drying_bed'
 'od_max_conf_oxidation_pond']. At least one non-missing value is needed for imputation with strategy='median'.
  warnings.warn(
/work/GRDVULN/correction/.venv/lib64/python3.11/site-packages/sklearn/impute/_base.py:647: UserWarning: Skipping features without any observed values: ['od_max_conf_chlorine_contact' 'od_max_conf_drying_bed'
 'od_max_conf_oxidation_pond']. At least one non-missing value is needed for imputation with strategy='median'.
  warnings.warn(
/work/GRDVULN/correction/.venv/lib64/python3.11/site-packages/sklearn/impute/_base.py:647: UserWarning: Skipping features without any observed values: ['od_max_conf_chlorine_contact' 'od_max_conf_drying_bed'
 'od_max_conf_oxidation_pond']. At least one non-missing value is needed for imputation with strategy='median'.
  warnings.warn(
/work/GRDVULN/correction/.venv/lib64/python3.11/site-packages/sklearn/impute/_base.py:647: UserWarning: Skipping features without any observed values: ['od_max_conf_chlorine_contact' 'od_max_conf_drying_bed'
 'od_max_conf_oxidation_pond']. At least one non-missing value is needed for imputation with strategy='median'.
  warnings.warn(
/work/GRDVULN/correction/.venv/lib64/python3.11/site-packages/sklearn/impute/_base.py:647: UserWarning: Skipping features without any observed values: ['od_max_conf_chlorine_contact' 'od_max_conf_drying_bed'
 'od_max_conf_oxidation_pond']. At least one non-missing value is needed for imputation with strategy='median'.
  warnings.warn(
/work/GRDVULN/correction/.venv/lib64/python3.11/site-packages/sklearn/impute/_base.py:647: UserWarning: Skipping features without any observed values: ['od_max_conf_chlorine_contact' 'od_max_conf_drying_bed'
 'od_max_conf_oxidation_pond']. At least one non-missing value is needed for imputation with strategy='median'.
  warnings.warn(
/work/GRDVULN/correction/.venv/lib64/python3.11/site-packages/sklearn/impute/_base.py:647: UserWarning: Skipping features without any observed values: ['od_max_conf_chlorine_contact' 'od_max_conf_drying_bed'
 'od_max_conf_oxidation_pond']. At least one non-missing value is needed for imputation with strategy='median'.
  warnings.warn(
/work/GRDVULN/correction/.venv/lib64/python3.11/site-packages/sklearn/impute/_base.py:647: UserWarning: Skipping features without any observed values: ['od_max_conf_chlorine_contact' 'od_max_conf_drying_bed'
 'od_max_conf_oxidation_pond']. At least one non-missing value is needed for imputation with strategy='median'.
  warnings.warn(
/work/GRDVULN/correction/.venv/lib64/python3.11/site-packages/sklearn/impute/_base.py:647: UserWarning: Skipping features without any observed values: ['od_max_conf_chlorine_contact' 'od_max_conf_drying_bed'
 'od_max_conf_oxidation_pond']. At least one non-missing value is needed for imputation with strategy='median'.
  warnings.warn(
/work/GRDVULN/correction/.venv/lib64/python3.11/site-packages/sklearn/impute/_base.py:647: UserWarning: Skipping features without any observed values: ['od_max_conf_chlorine_contact' 'od_max_conf_drying_bed'
 'od_max_conf_oxidation_pond']. At least one non-missing value is needed for imputation with strategy='median'.
  warnings.warn(
/work/GRDVULN/correction/.venv/lib64/python3.11/site-packages/sklearn/impute/_base.py:647: UserWarning: Skipping features without any observed values: ['od_max_conf_chlorine_contact' 'od_max_conf_drying_bed'
 'od_max_conf_oxidation_pond']. At least one non-missing value is needed for imputation with strategy='median'.
  warnings.warn(
/work/GRDVULN/correction/.venv/lib64/python3.11/site-packages/sklearn/impute/_base.py:647: UserWarning: Skipping features without any observed values: ['od_max_conf_chlorine_contact' 'od_max_conf_drying_bed'
 'od_max_conf_oxidation_pond']. At least one non-missing value is needed for imputation with strategy='median'.
  warnings.warn(
/work/GRDVULN/correction/.venv/lib64/python3.11/site-packages/sklearn/impute/_base.py:647: UserWarning: Skipping features without any observed values: ['od_max_conf_chlorine_contact' 'od_max_conf_drying_bed'
 'od_max_conf_oxidation_pond']. At least one non-missing value is needed for imputation with strategy='median'.
  warnings.warn(
/work/GRDVULN/correction/.venv/lib64/python3.11/site-packages/sklearn/impute/_base.py:647: UserWarning: Skipping features without any observed values: ['od_max_conf_chlorine_contact' 'od_max_conf_drying_bed'
 'od_max_conf_oxidation_pond']. At least one non-missing value is needed for imputation with strategy='median'.
  warnings.warn(
/work/GRDVULN/correction/.venv/lib64/python3.11/site-packages/sklearn/impute/_base.py:647: UserWarning: Skipping features without any observed values: ['od_max_conf_chlorine_contact' 'od_max_conf_drying_bed'
 'od_max_conf_oxidation_pond']. At least one non-missing value is needed for imputation with strategy='median'.
  warnings.warn(
/work/GRDVULN/correction/.venv/lib64/python3.11/site-packages/sklearn/impute/_base.py:647: UserWarning: Skipping features without any observed values: ['od_max_conf_chlorine_contact' 'od_max_conf_drying_bed'
 'od_max_conf_oxidation_pond']. At least one non-missing value is needed for imputation with strategy='median'.
  warnings.warn(
/work/GRDVULN/correction/.venv/lib64/python3.11/site-packages/sklearn/impute/_base.py:647: UserWarning: Skipping features without any observed values: ['od_max_conf_chlorine_contact' 'od_max_conf_drying_bed'
 'od_max_conf_oxidation_pond']. At least one non-missing value is needed for imputation with strategy='median'.
  warnings.warn(
/work/GRDVULN/correction/.venv/lib64/python3.11/site-packages/sklearn/impute/_base.py:647: UserWarning: Skipping features without any observed values: ['od_max_conf_chlorine_contact' 'od_max_conf_drying_bed'
 'od_max_conf_oxidation_pond']. At least one non-missing value is needed for imputation with strategy='median'.
  warnings.warn(
/work/GRDVULN/correction/.venv/lib64/python3.11/site-packages/sklearn/impute/_base.py:647: UserWarning: Skipping features without any observed values: ['od_max_conf_chlorine_contact' 'od_max_conf_drying_bed'
 'od_max_conf_oxidation_pond']. At least one non-missing value is needed for imputation with strategy='median'.
  warnings.warn(
/work/GRDVULN/correction/.venv/lib64/python3.11/site-packages/sklearn/impute/_base.py:647: UserWarning: Skipping features without any observed values: ['od_max_conf_chlorine_contact' 'od_max_conf_drying_bed'
 'od_max_conf_oxidation_pond']. At least one non-missing value is needed for imputation with strategy='median'.
  warnings.warn(
/work/GRDVULN/correction/.venv/lib64/python3.11/site-packages/sklearn/impute/_base.py:647: UserWarning: Skipping features without any observed values: ['od_max_conf_chlorine_contact' 'od_max_conf_drying_bed'
 'od_max_conf_oxidation_pond']. At least one non-missing value is needed for imputation with strategy='median'.
  warnings.warn(
/work/GRDVULN/correction/.venv/lib64/python3.11/site-packages/sklearn/impute/_base.py:647: UserWarning: Skipping features without any observed values: ['od_max_conf_chlorine_contact' 'od_max_conf_drying_bed'
 'od_max_conf_oxidation_pond']. At least one non-missing value is needed for imputation with strategy='median'.
  warnings.warn(
/work/GRDVULN/correction/.venv/lib64/python3.11/site-packages/sklearn/impute/_base.py:647: UserWarning: Skipping features without any observed values: ['od_max_conf_chlorine_contact' 'od_max_conf_drying_bed'
 'od_max_conf_oxidation_pond']. At least one non-missing value is needed for imputation with strategy='median'.
  warnings.warn(
/work/GRDVULN/correction/.venv/lib64/python3.11/site-packages/sklearn/impute/_base.py:647: UserWarning: Skipping features without any observed values: ['od_max_conf_chlorine_contact' 'od_max_conf_drying_bed'
 'od_max_conf_oxidation_pond']. At least one non-missing value is needed for imputation with strategy='median'.
  warnings.warn(
/work/GRDVULN/correction/.venv/lib64/python3.11/site-packages/sklearn/impute/_base.py:647: UserWarning: Skipping features without any observed values: ['od_max_conf_chlorine_contact' 'od_max_conf_drying_bed'
 'od_max_conf_oxidation_pond']. At least one non-missing value is needed for imputation with strategy='median'.
  warnings.warn(
/work/GRDVULN/correction/.venv/lib64/python3.11/site-packages/sklearn/impute/_base.py:647: UserWarning: Skipping features without any observed values: ['od_max_conf_chlorine_contact' 'od_max_conf_drying_bed'
 'od_max_conf_oxidation_pond']. At least one non-missing value is needed for imputation with strategy='median'.
  warnings.warn(
/work/GRDVULN/correction/.venv/lib64/python3.11/site-packages/sklearn/impute/_base.py:647: UserWarning: Skipping features without any observed values: ['od_max_conf_chlorine_contact' 'od_max_conf_drying_bed'
 'od_max_conf_oxidation_pond']. At least one non-missing value is needed for imputation with strategy='median'.
  warnings.warn(
/work/GRDVULN/correction/.venv/lib64/python3.11/site-packages/sklearn/impute/_base.py:647: UserWarning: Skipping features without any observed values: ['od_max_conf_chlorine_contact' 'od_max_conf_drying_bed'
 'od_max_conf_oxidation_pond']. At least one non-missing value is needed for imputation with strategy='median'.
  warnings.warn(
/work/GRDVULN/correction/.venv/lib64/python3.11/site-packages/sklearn/impute/_base.py:647: UserWarning: Skipping features without any observed values: ['od_max_conf_chlorine_contact' 'od_max_conf_drying_bed'
 'od_max_conf_oxidation_pond']. At least one non-missing value is needed for imputation with strategy='median'.
  warnings.warn(
/work/GRDVULN/correction/.venv/lib64/python3.11/site-packages/sklearn/impute/_base.py:647: UserWarning: Skipping features without any observed values: ['od_max_conf_chlorine_contact' 'od_max_conf_drying_bed'
 'od_max_conf_oxidation_pond']. At least one non-missing value is needed for imputation with strategy='median'.
  warnings.warn(
/work/GRDVULN/correction/.venv/lib64/python3.11/site-packages/sklearn/impute/_base.py:647: UserWarning: Skipping features without any observed values: ['od_max_conf_chlorine_contact' 'od_max_conf_drying_bed'
 'od_max_conf_oxidation_pond']. At least one non-missing value is needed for imputation with strategy='median'.
  warnings.warn(
/work/GRDVULN/correction/.venv/lib64/python3.11/site-packages/sklearn/impute/_base.py:647: UserWarning: Skipping features without any observed values: ['od_max_conf_chlorine_contact' 'od_max_conf_drying_bed'
 'od_max_conf_oxidation_pond']. At least one non-missing value is needed for imputation with strategy='median'.
  warnings.warn(
/work/GRDVULN/correction/.venv/lib64/python3.11/site-packages/sklearn/impute/_base.py:647: UserWarning: Skipping features without any observed values: ['od_max_conf_chlorine_contact' 'od_max_conf_drying_bed'
 'od_max_conf_oxidation_pond']. At least one non-missing value is needed for imputation with strategy='median'.
  warnings.warn(
/work/GRDVULN/correction/.venv/lib64/python3.11/site-packages/sklearn/impute/_base.py:647: UserWarning: Skipping features without any observed values: ['od_max_conf_chlorine_contact' 'od_max_conf_drying_bed'
 'od_max_conf_oxidation_pond']. At least one non-missing value is needed for imputation with strategy='median'.
  warnings.warn(
/work/GRDVULN/correction/.venv/lib64/python3.11/site-packages/sklearn/impute/_base.py:647: UserWarning: Skipping features without any observed values: ['od_max_conf_chlorine_contact' 'od_max_conf_drying_bed'
 'od_max_conf_oxidation_pond']. At least one non-missing value is needed for imputation with strategy='median'.
  warnings.warn(
/work/GRDVULN/correction/.venv/lib64/python3.11/site-packages/sklearn/impute/_base.py:647: UserWarning: Skipping features without any observed values: ['od_max_conf_chlorine_contact' 'od_max_conf_drying_bed'
 'od_max_conf_oxidation_pond']. At least one non-missing value is needed for imputation with strategy='median'.
  warnings.warn(
/work/GRDVULN/correction/.venv/lib64/python3.11/site-packages/sklearn/impute/_base.py:647: UserWarning: Skipping features without any observed values: ['od_max_conf_chlorine_contact' 'od_max_conf_drying_bed'
 'od_max_conf_oxidation_pond']. At least one non-missing value is needed for imputation with strategy='median'.
  warnings.warn(
/work/GRDVULN/correction/.venv/lib64/python3.11/site-packages/sklearn/impute/_base.py:647: UserWarning: Skipping features without any observed values: ['od_max_conf_chlorine_contact' 'od_max_conf_drying_bed'
 'od_max_conf_oxidation_pond']. At least one non-missing value is needed for imputation with strategy='median'.
  warnings.warn(
/work/GRDVULN/correction/.venv/lib64/python3.11/site-packages/sklearn/impute/_base.py:647: UserWarning: Skipping features without any observed values: ['od_max_conf_chlorine_contact' 'od_max_conf_drying_bed'
 'od_max_conf_oxidation_pond']. At least one non-missing value is needed for imputation with strategy='median'.
  warnings.warn(
/work/GRDVULN/correction/.venv/lib64/python3.11/site-packages/sklearn/impute/_base.py:647: UserWarning: Skipping features without any observed values: ['od_max_conf_chlorine_contact' 'od_max_conf_drying_bed'
 'od_max_conf_oxidation_pond']. At least one non-missing value is needed for imputation with strategy='median'.
  warnings.warn(
/work/GRDVULN/correction/.venv/lib64/python3.11/site-packages/sklearn/impute/_base.py:647: UserWarning: Skipping features without any observed values: ['od_max_conf_chlorine_contact' 'od_max_conf_drying_bed'
 'od_max_conf_oxidation_pond']. At least one non-missing value is needed for imputation with strategy='median'.
  warnings.warn(
/work/GRDVULN/correction/.venv/lib64/python3.11/site-packages/sklearn/impute/_base.py:647: UserWarning: Skipping features without any observed values: ['od_max_conf_chlorine_contact' 'od_max_conf_drying_bed'
 'od_max_conf_oxidation_pond']. At least one non-missing value is needed for imputation with strategy='median'.
  warnings.warn(
/work/GRDVULN/correction/.venv/lib64/python3.11/site-packages/sklearn/impute/_base.py:647: UserWarning: Skipping features without any observed values: ['od_max_conf_chlorine_contact' 'od_max_conf_drying_bed'
 'od_max_conf_oxidation_pond']. At least one non-missing value is needed for imputation with strategy='median'.
  warnings.warn(
/work/GRDVULN/correction/.venv/lib64/python3.11/site-packages/sklearn/impute/_base.py:647: UserWarning: Skipping features without any observed values: ['od_max_conf_chlorine_contact' 'od_max_conf_drying_bed'
 'od_max_conf_oxidation_pond']. At least one non-missing value is needed for imputation with strategy='median'.
  warnings.warn(
/work/GRDVULN/correction/.venv/lib64/python3.11/site-packages/sklearn/impute/_base.py:647: UserWarning: Skipping features without any observed values: ['od_max_conf_chlorine_contact' 'od_max_conf_drying_bed'
 'od_max_conf_oxidation_pond']. At least one non-missing value is needed for imputation with strategy='median'.
  warnings.warn(
/work/GRDVULN/correction/.venv/lib64/python3.11/site-packages/sklearn/impute/_base.py:647: UserWarning: Skipping features without any observed values: ['od_max_conf_chlorine_contact' 'od_max_conf_drying_bed'
 'od_max_conf_oxidation_pond']. At least one non-missing value is needed for imputation with strategy='median'.
  warnings.warn(
/work/GRDVULN/correction/.venv/lib64/python3.11/site-packages/sklearn/impute/_base.py:647: UserWarning: Skipping features without any observed values: ['od_max_conf_chlorine_contact' 'od_max_conf_drying_bed'
 'od_max_conf_oxidation_pond']. At least one non-missing value is needed for imputation with strategy='median'.
  warnings.warn(
/work/GRDVULN/correction/.venv/lib64/python3.11/site-packages/sklearn/impute/_base.py:647: UserWarning: Skipping features without any observed values: ['od_max_conf_chlorine_contact' 'od_max_conf_drying_bed'
 'od_max_conf_oxidation_pond']. At least one non-missing value is needed for imputation with strategy='median'.
  warnings.warn(
/work/GRDVULN/correction/.venv/lib64/python3.11/site-packages/sklearn/impute/_base.py:647: UserWarning: Skipping features without any observed values: ['od_max_conf_chlorine_contact' 'od_max_conf_drying_bed'
 'od_max_conf_oxidation_pond']. At least one non-missing value is needed for imputation with strategy='median'.
  warnings.warn(
/work/GRDVULN/correction/.venv/lib64/python3.11/site-packages/sklearn/impute/_base.py:647: UserWarning: Skipping features without any observed values: ['od_max_conf_chlorine_contact' 'od_max_conf_drying_bed'
 'od_max_conf_oxidation_pond']. At least one non-missing value is needed for imputation with strategy='median'.
  warnings.warn(
/work/GRDVULN/correction/.venv/lib64/python3.11/site-packages/sklearn/impute/_base.py:647: UserWarning: Skipping features without any observed values: ['od_max_conf_chlorine_contact' 'od_max_conf_drying_bed'
 'od_max_conf_oxidation_pond']. At least one non-missing value is needed for imputation with strategy='median'.
  warnings.warn(
/work/GRDVULN/correction/.venv/lib64/python3.11/site-packages/sklearn/impute/_base.py:647: UserWarning: Skipping features without any observed values: ['od_max_conf_chlorine_contact' 'od_max_conf_drying_bed'
 'od_max_conf_oxidation_pond']. At least one non-missing value is needed for imputation with strategy='median'.
  warnings.warn(
/work/GRDVULN/correction/.venv/lib64/python3.11/site-packages/sklearn/impute/_base.py:647: UserWarning: Skipping features without any observed values: ['od_max_conf_chlorine_contact' 'od_max_conf_drying_bed'
 'od_max_conf_oxidation_pond']. At least one non-missing value is needed for imputation with strategy='median'.
  warnings.warn(
/work/GRDVULN/correction/.venv/lib64/python3.11/site-packages/sklearn/impute/_base.py:647: UserWarning: Skipping features without any observed values: ['od_max_conf_chlorine_contact' 'od_max_conf_drying_bed'
 'od_max_conf_oxidation_pond']. At least one non-missing value is needed for imputation with strategy='median'.
  warnings.warn(
/work/GRDVULN/correction/.venv/lib64/python3.11/site-packages/sklearn/impute/_base.py:647: UserWarning: Skipping features without any observed values: ['od_max_conf_chlorine_contact' 'od_max_conf_drying_bed'
 'od_max_conf_oxidation_pond']. At least one non-missing value is needed for imputation with strategy='median'.
  warnings.warn(
/work/GRDVULN/correction/.venv/lib64/python3.11/site-packages/sklearn/impute/_base.py:647: UserWarning: Skipping features without any observed values: ['od_max_conf_chlorine_contact' 'od_max_conf_drying_bed'
 'od_max_conf_oxidation_pond']. At least one non-missing value is needed for imputation with strategy='median'.
  warnings.warn(
/work/GRDVULN/correction/.venv/lib64/python3.11/site-packages/sklearn/impute/_base.py:647: UserWarning: Skipping features without any observed values: ['od_max_conf_chlorine_contact' 'od_max_conf_drying_bed'
 'od_max_conf_oxidation_pond']. At least one non-missing value is needed for imputation with strategy='median'.
  warnings.warn(
/work/GRDVULN/correction/.venv/lib64/python3.11/site-packages/sklearn/impute/_base.py:647: UserWarning: Skipping features without any observed values: ['od_max_conf_chlorine_contact' 'od_max_conf_drying_bed'
 'od_max_conf_oxidation_pond']. At least one non-missing value is needed for imputation with strategy='median'.
  warnings.warn(
/work/GRDVULN/correction/.venv/lib64/python3.11/site-packages/sklearn/impute/_base.py:647: UserWarning: Skipping features without any observed values: ['od_max_conf_chlorine_contact' 'od_max_conf_drying_bed'
 'od_max_conf_oxidation_pond']. At least one non-missing value is needed for imputation with strategy='median'.
  warnings.warn(
/work/GRDVULN/correction/.venv/lib64/python3.11/site-packages/sklearn/impute/_base.py:647: UserWarning: Skipping features without any observed values: ['od_max_conf_chlorine_contact' 'od_max_conf_drying_bed'
 'od_max_conf_oxidation_pond']. At least one non-missing value is needed for imputation with strategy='median'.
  warnings.warn(
/work/GRDVULN/correction/.venv/lib64/python3.11/site-packages/sklearn/impute/_base.py:647: UserWarning: Skipping features without any observed values: ['od_max_conf_chlorine_contact' 'od_max_conf_drying_bed'
 'od_max_conf_oxidation_pond']. At least one non-missing value is needed for imputation with strategy='median'.
  warnings.warn(
/work/GRDVULN/correction/.venv/lib64/python3.11/site-packages/sklearn/impute/_base.py:647: UserWarning: Skipping features without any observed values: ['od_max_conf_chlorine_contact' 'od_max_conf_drying_bed'
 'od_max_conf_oxidation_pond']. At least one non-missing value is needed for imputation with strategy='median'.
  warnings.warn(
/work/GRDVULN/correction/.venv/lib64/python3.11/site-packages/sklearn/impute/_base.py:647: UserWarning: Skipping features without any observed values: ['od_max_conf_chlorine_contact' 'od_max_conf_drying_bed'
 'od_max_conf_oxidation_pond']. At least one non-missing value is needed for imputation with strategy='median'.
  warnings.warn(
/work/GRDVULN/correction/.venv/lib64/python3.11/site-packages/sklearn/impute/_base.py:647: UserWarning: Skipping features without any observed values: ['od_max_conf_chlorine_contact' 'od_max_conf_drying_bed'
 'od_max_conf_oxidation_pond']. At least one non-missing value is needed for imputation with strategy='median'.
  warnings.warn(
/work/GRDVULN/correction/.venv/lib64/python3.11/site-packages/sklearn/impute/_base.py:647: UserWarning: Skipping features without any observed values: ['od_max_conf_chlorine_contact' 'od_max_conf_drying_bed'
 'od_max_conf_oxidation_pond']. At least one non-missing value is needed for imputation with strategy='median'.
  warnings.warn(
/work/GRDVULN/correction/.venv/lib64/python3.11/site-packages/sklearn/impute/_base.py:647: UserWarning: Skipping features without any observed values: ['od_max_conf_chlorine_contact' 'od_max_conf_drying_bed'
 'od_max_conf_oxidation_pond']. At least one non-missing value is needed for imputation with strategy='median'.
  warnings.warn(
/work/GRDVULN/correction/.venv/lib64/python3.11/site-packages/sklearn/impute/_base.py:647: UserWarning: Skipping features without any observed values: ['od_max_conf_chlorine_contact' 'od_max_conf_drying_bed'
 'od_max_conf_oxidation_pond']. At least one non-missing value is needed for imputation with strategy='median'.
  warnings.warn(
/work/GRDVULN/correction/.venv/lib64/python3.11/site-packages/sklearn/impute/_base.py:647: UserWarning: Skipping features without any observed values: ['od_max_conf_chlorine_contact' 'od_max_conf_drying_bed'
 'od_max_conf_oxidation_pond']. At least one non-missing value is needed for imputation with strategy='median'.
  warnings.warn(
/work/GRDVULN/correction/.venv/lib64/python3.11/site-packages/sklearn/impute/_base.py:647: UserWarning: Skipping features without any observed values: ['od_max_conf_chlorine_contact' 'od_max_conf_drying_bed'
 'od_max_conf_oxidation_pond']. At least one non-missing value is needed for imputation with strategy='median'.
  warnings.warn(
/work/GRDVULN/correction/.venv/lib64/python3.11/site-packages/sklearn/impute/_base.py:647: UserWarning: Skipping features without any observed values: ['od_max_conf_chlorine_contact' 'od_max_conf_drying_bed'
 'od_max_conf_oxidation_pond']. At least one non-missing value is needed for imputation with strategy='median'.
  warnings.warn(
/work/GRDVULN/correction/.venv/lib64/python3.11/site-packages/sklearn/impute/_base.py:647: UserWarning: Skipping features without any observed values: ['od_max_conf_chlorine_contact' 'od_max_conf_drying_bed'
 'od_max_conf_oxidation_pond']. At least one non-missing value is needed for imputation with strategy='median'.
  warnings.warn(
/work/GRDVULN/correction/.venv/lib64/python3.11/site-packages/sklearn/impute/_base.py:647: UserWarning: Skipping features without any observed values: ['od_max_conf_chlorine_contact' 'od_max_conf_drying_bed'
 'od_max_conf_oxidation_pond']. At least one non-missing value is needed for imputation with strategy='median'.
  warnings.warn(
/work/GRDVULN/correction/.venv/lib64/python3.11/site-packages/sklearn/impute/_base.py:647: UserWarning: Skipping features without any observed values: ['od_max_conf_chlorine_contact' 'od_max_conf_drying_bed'
 'od_max_conf_oxidation_pond']. At least one non-missing value is needed for imputation with strategy='median'.
  warnings.warn(
/work/GRDVULN/correction/.venv/lib64/python3.11/site-packages/sklearn/impute/_base.py:647: UserWarning: Skipping features without any observed values: ['od_max_conf_chlorine_contact' 'od_max_conf_drying_bed'
 'od_max_conf_oxidation_pond']. At least one non-missing value is needed for imputation with strategy='median'.
  warnings.warn(
/work/GRDVULN/correction/.venv/lib64/python3.11/site-packages/sklearn/impute/_base.py:647: UserWarning: Skipping features without any observed values: ['od_max_conf_chlorine_contact' 'od_max_conf_drying_bed'
 'od_max_conf_oxidation_pond']. At least one non-missing value is needed for imputation with strategy='median'.
  warnings.warn(
/work/GRDVULN/correction/.venv/lib64/python3.11/site-packages/sklearn/impute/_base.py:647: UserWarning: Skipping features without any observed values: ['od_max_conf_chlorine_contact' 'od_max_conf_drying_bed'
 'od_max_conf_oxidation_pond']. At least one non-missing value is needed for imputation with strategy='median'.
  warnings.warn(
/work/GRDVULN/correction/.venv/lib64/python3.11/site-packages/sklearn/impute/_base.py:647: UserWarning: Skipping features without any observed values: ['od_max_conf_chlorine_contact' 'od_max_conf_drying_bed'
 'od_max_conf_oxidation_pond']. At least one non-missing value is needed for imputation with strategy='median'.
  warnings.warn(
/work/GRDVULN/correction/.venv/lib64/python3.11/site-packages/sklearn/impute/_base.py:647: UserWarning: Skipping features without any observed values: ['od_max_conf_chlorine_contact' 'od_max_conf_drying_bed'
 'od_max_conf_oxidation_pond']. At least one non-missing value is needed for imputation with strategy='median'.
  warnings.warn(
/work/GRDVULN/correction/.venv/lib64/python3.11/site-packages/sklearn/impute/_base.py:647: UserWarning: Skipping features without any observed values: ['od_max_conf_chlorine_contact' 'od_max_conf_drying_bed'
 'od_max_conf_oxidation_pond']. At least one non-missing value is needed for imputation with strategy='median'.
  warnings.warn(
/work/GRDVULN/correction/.venv/lib64/python3.11/site-packages/sklearn/impute/_base.py:647: UserWarning: Skipping features without any observed values: ['od_max_conf_chlorine_contact' 'od_max_conf_drying_bed'
 'od_max_conf_oxidation_pond']. At least one non-missing value is needed for imputation with strategy='median'.
  warnings.warn(
/work/GRDVULN/correction/.venv/lib64/python3.11/site-packages/sklearn/impute/_base.py:647: UserWarning: Skipping features without any observed values: ['od_max_conf_chlorine_contact' 'od_max_conf_drying_bed'
 'od_max_conf_oxidation_pond']. At least one non-missing value is needed for imputation with strategy='median'.
  warnings.warn(
/work/GRDVULN/correction/.venv/lib64/python3.11/site-packages/sklearn/impute/_base.py:647: UserWarning: Skipping features without any observed values: ['od_max_conf_chlorine_contact' 'od_max_conf_drying_bed'
 'od_max_conf_oxidation_pond']. At least one non-missing value is needed for imputation with strategy='median'.
  warnings.warn(
/work/GRDVULN/correction/.venv/lib64/python3.11/site-packages/sklearn/impute/_base.py:647: UserWarning: Skipping features without any observed values: ['od_max_conf_chlorine_contact' 'od_max_conf_drying_bed'
 'od_max_conf_oxidation_pond']. At least one non-missing value is needed for imputation with strategy='median'.
  warnings.warn(
/work/GRDVULN/correction/.venv/lib64/python3.11/site-packages/sklearn/impute/_base.py:647: UserWarning: Skipping features without any observed values: ['od_max_conf_chlorine_contact' 'od_max_conf_drying_bed'
 'od_max_conf_oxidation_pond']. At least one non-missing value is needed for imputation with strategy='median'.
  warnings.warn(
/work/GRDVULN/correction/.venv/lib64/python3.11/site-packages/sklearn/impute/_base.py:647: UserWarning: Skipping features without any observed values: ['od_max_conf_chlorine_contact' 'od_max_conf_drying_bed'
 'od_max_conf_oxidation_pond']. At least one non-missing value is needed for imputation with strategy='median'.
  warnings.warn(
/work/GRDVULN/correction/.venv/lib64/python3.11/site-packages/sklearn/impute/_base.py:647: UserWarning: Skipping features without any observed values: ['od_max_conf_chlorine_contact' 'od_max_conf_drying_bed'
 'od_max_conf_oxidation_pond']. At least one non-missing value is needed for imputation with strategy='median'.
  warnings.warn(
/work/GRDVULN/correction/.venv/lib64/python3.11/site-packages/sklearn/impute/_base.py:647: UserWarning: Skipping features without any observed values: ['od_max_conf_chlorine_contact' 'od_max_conf_drying_bed'
 'od_max_conf_oxidation_pond']. At least one non-missing value is needed for imputation with strategy='median'.
  warnings.warn(
/work/GRDVULN/correction/.venv/lib64/python3.11/site-packages/sklearn/impute/_base.py:647: UserWarning: Skipping features without any observed values: ['od_max_conf_chlorine_contact' 'od_max_conf_drying_bed'
 'od_max_conf_oxidation_pond']. At least one non-missing value is needed for imputation with strategy='median'.
  warnings.warn(
/work/GRDVULN/correction/.venv/lib64/python3.11/site-packages/sklearn/impute/_base.py:647: UserWarning: Skipping features without any observed values: ['od_max_conf_chlorine_contact' 'od_max_conf_drying_bed'
 'od_max_conf_oxidation_pond']. At least one non-missing value is needed for imputation with strategy='median'.
  warnings.warn(
/work/GRDVULN/correction/.venv/lib64/python3.11/site-packages/sklearn/impute/_base.py:647: UserWarning: Skipping features without any observed values: ['od_max_conf_chlorine_contact' 'od_max_conf_drying_bed'
 'od_max_conf_oxidation_pond']. At least one non-missing value is needed for imputation with strategy='median'.
  warnings.warn(
/work/GRDVULN/correction/.venv/lib64/python3.11/site-packages/sklearn/impute/_base.py:647: UserWarning: Skipping features without any observed values: ['od_max_conf_chlorine_contact' 'od_max_conf_drying_bed'
 'od_max_conf_oxidation_pond']. At least one non-missing value is needed for imputation with strategy='median'.
  warnings.warn(
/work/GRDVULN/correction/.venv/lib64/python3.11/site-packages/sklearn/impute/_base.py:647: UserWarning: Skipping features without any observed values: ['od_max_conf_chlorine_contact' 'od_max_conf_drying_bed'
 'od_max_conf_oxidation_pond']. At least one non-missing value is needed for imputation with strategy='median'.
  warnings.warn(
/work/GRDVULN/correction/.venv/lib64/python3.11/site-packages/sklearn/impute/_base.py:647: UserWarning: Skipping features without any observed values: ['od_max_conf_chlorine_contact' 'od_max_conf_drying_bed'
 'od_max_conf_oxidation_pond']. At least one non-missing value is needed for imputation with strategy='median'.
  warnings.warn(
/work/GRDVULN/correction/.venv/lib64/python3.11/site-packages/sklearn/impute/_base.py:647: UserWarning: Skipping features without any observed values: ['od_max_conf_chlorine_contact' 'od_max_conf_drying_bed'
 'od_max_conf_oxidation_pond']. At least one non-missing value is needed for imputation with strategy='median'.
  warnings.warn(
/work/GRDVULN/correction/.venv/lib64/python3.11/site-packages/sklearn/impute/_base.py:647: UserWarning: Skipping features without any observed values: ['od_max_conf_chlorine_contact' 'od_max_conf_drying_bed'
 'od_max_conf_oxidation_pond']. At least one non-missing value is needed for imputation with strategy='median'.
  warnings.warn(
/work/GRDVULN/correction/.venv/lib64/python3.11/site-packages/sklearn/impute/_base.py:647: UserWarning: Skipping features without any observed values: ['od_max_conf_chlorine_contact' 'od_max_conf_drying_bed'
 'od_max_conf_oxidation_pond']. At least one non-missing value is needed for imputation with strategy='median'.
  warnings.warn(
/work/GRDVULN/correction/.venv/lib64/python3.11/site-packages/sklearn/impute/_base.py:647: UserWarning: Skipping features without any observed values: ['od_max_conf_chlorine_contact' 'od_max_conf_drying_bed'
 'od_max_conf_oxidation_pond']. At least one non-missing value is needed for imputation with strategy='median'.
  warnings.warn(
/work/GRDVULN/correction/.venv/lib64/python3.11/site-packages/sklearn/impute/_base.py:647: UserWarning: Skipping features without any observed values: ['od_max_conf_chlorine_contact' 'od_max_conf_drying_bed'
 'od_max_conf_oxidation_pond']. At least one non-missing value is needed for imputation with strategy='median'.
  warnings.warn(
/work/GRDVULN/correction/.venv/lib64/python3.11/site-packages/sklearn/impute/_base.py:647: UserWarning: Skipping features without any observed values: ['od_max_conf_chlorine_contact' 'od_max_conf_drying_bed'
 'od_max_conf_oxidation_pond']. At least one non-missing value is needed for imputation with strategy='median'.
  warnings.warn(
/work/GRDVULN/correction/.venv/lib64/python3.11/site-packages/sklearn/impute/_base.py:647: UserWarning: Skipping features without any observed values: ['od_max_conf_chlorine_contact' 'od_max_conf_drying_bed'
 'od_max_conf_oxidation_pond']. At least one non-missing value is needed for imputation with strategy='median'.
  warnings.warn(
/work/GRDVULN/correction/.venv/lib64/python3.11/site-packages/sklearn/impute/_base.py:647: UserWarning: Skipping features without any observed values: ['od_max_conf_chlorine_contact' 'od_max_conf_drying_bed'
 'od_max_conf_oxidation_pond']. At least one non-missing value is needed for imputation with strategy='median'.
  warnings.warn(
/work/GRDVULN/correction/.venv/lib64/python3.11/site-packages/sklearn/impute/_base.py:647: UserWarning: Skipping features without any observed values: ['od_max_conf_chlorine_contact' 'od_max_conf_drying_bed'
 'od_max_conf_oxidation_pond']. At least one non-missing value is needed for imputation with strategy='median'.
  warnings.warn(
/work/GRDVULN/correction/.venv/lib64/python3.11/site-packages/sklearn/impute/_base.py:647: UserWarning: Skipping features without any observed values: ['od_max_conf_chlorine_contact' 'od_max_conf_drying_bed'
 'od_max_conf_oxidation_pond']. At least one non-missing value is needed for imputation with strategy='median'.
  warnings.warn(
/work/GRDVULN/correction/.venv/lib64/python3.11/site-packages/sklearn/impute/_base.py:647: UserWarning: Skipping features without any observed values: ['od_max_conf_chlorine_contact' 'od_max_conf_drying_bed'
 'od_max_conf_oxidation_pond']. At least one non-missing value is needed for imputation with strategy='median'.
  warnings.warn(
/work/GRDVULN/correction/.venv/lib64/python3.11/site-packages/sklearn/impute/_base.py:647: UserWarning: Skipping features without any observed values: ['od_max_conf_chlorine_contact' 'od_max_conf_drying_bed'
 'od_max_conf_oxidation_pond']. At least one non-missing value is needed for imputation with strategy='median'.
  warnings.warn(
/work/GRDVULN/correction/.venv/lib64/python3.11/site-packages/sklearn/impute/_base.py:647: UserWarning: Skipping features without any observed values: ['od_max_conf_chlorine_contact' 'od_max_conf_drying_bed'
 'od_max_conf_oxidation_pond']. At least one non-missing value is needed for imputation with strategy='median'.
  warnings.warn(
/work/GRDVULN/correction/.venv/lib64/python3.11/site-packages/sklearn/impute/_base.py:647: UserWarning: Skipping features without any observed values: ['od_max_conf_chlorine_contact' 'od_max_conf_drying_bed'
 'od_max_conf_oxidation_pond']. At least one non-missing value is needed for imputation with strategy='median'.
  warnings.warn(
/work/GRDVULN/correction/.venv/lib64/python3.11/site-packages/sklearn/impute/_base.py:647: UserWarning: Skipping features without any observed values: ['od_max_conf_chlorine_contact' 'od_max_conf_drying_bed'
 'od_max_conf_oxidation_pond']. At least one non-missing value is needed for imputation with strategy='median'.
  warnings.warn(
/work/GRDVULN/correction/.venv/lib64/python3.11/site-packages/sklearn/impute/_base.py:647: UserWarning: Skipping features without any observed values: ['od_max_conf_chlorine_contact' 'od_max_conf_drying_bed'
 'od_max_conf_oxidation_pond']. At least one non-missing value is needed for imputation with strategy='median'.
  warnings.warn(
/work/GRDVULN/correction/.venv/lib64/python3.11/site-packages/sklearn/impute/_base.py:647: UserWarning: Skipping features without any observed values: ['od_max_conf_chlorine_contact' 'od_max_conf_drying_bed'
 'od_max_conf_oxidation_pond']. At least one non-missing value is needed for imputation with strategy='median'.
  warnings.warn(
/work/GRDVULN/correction/.venv/lib64/python3.11/site-packages/sklearn/impute/_base.py:647: UserWarning: Skipping features without any observed values: ['od_max_conf_chlorine_contact' 'od_max_conf_drying_bed'
 'od_max_conf_oxidation_pond']. At least one non-missing value is needed for imputation with strategy='median'.
  warnings.warn(
/work/GRDVULN/correction/.venv/lib64/python3.11/site-packages/sklearn/impute/_base.py:647: UserWarning: Skipping features without any observed values: ['od_max_conf_chlorine_contact' 'od_max_conf_drying_bed'
 'od_max_conf_oxidation_pond']. At least one non-missing value is needed for imputation with strategy='median'.
  warnings.warn(
/work/GRDVULN/correction/.venv/lib64/python3.11/site-packages/sklearn/impute/_base.py:647: UserWarning: Skipping features without any observed values: ['od_max_conf_chlorine_contact' 'od_max_conf_drying_bed'
 'od_max_conf_oxidation_pond']. At least one non-missing value is needed for imputation with strategy='median'.
  warnings.warn(
/work/GRDVULN/correction/.venv/lib64/python3.11/site-packages/sklearn/impute/_base.py:647: UserWarning: Skipping features without any observed values: ['od_max_conf_chlorine_contact' 'od_max_conf_drying_bed'
 'od_max_conf_oxidation_pond']. At least one non-missing value is needed for imputation with strategy='median'.
  warnings.warn(
/work/GRDVULN/correction/.venv/lib64/python3.11/site-packages/sklearn/impute/_base.py:647: UserWarning: Skipping features without any observed values: ['od_max_conf_chlorine_contact' 'od_max_conf_drying_bed'
 'od_max_conf_oxidation_pond']. At least one non-missing value is needed for imputation with strategy='median'.
  warnings.warn(
/work/GRDVULN/correction/.venv/lib64/python3.11/site-packages/sklearn/impute/_base.py:647: UserWarning: Skipping features without any observed values: ['od_max_conf_chlorine_contact' 'od_max_conf_drying_bed'
 'od_max_conf_oxidation_pond']. At least one non-missing value is needed for imputation with strategy='median'.
  warnings.warn(
/work/GRDVULN/correction/.venv/lib64/python3.11/site-packages/sklearn/impute/_base.py:647: UserWarning: Skipping features without any observed values: ['od_max_conf_chlorine_contact' 'od_max_conf_drying_bed'
 'od_max_conf_oxidation_pond']. At least one non-missing value is needed for imputation with strategy='median'.
  warnings.warn(
/work/GRDVULN/correction/.venv/lib64/python3.11/site-packages/sklearn/impute/_base.py:647: UserWarning: Skipping features without any observed values: ['od_max_conf_chlorine_contact' 'od_max_conf_drying_bed'
 'od_max_conf_oxidation_pond']. At least one non-missing value is needed for imputation with strategy='median'.
  warnings.warn(
/work/GRDVULN/correction/.venv/lib64/python3.11/site-packages/sklearn/impute/_base.py:647: UserWarning: Skipping features without any observed values: ['od_max_conf_chlorine_contact' 'od_max_conf_drying_bed'
 'od_max_conf_oxidation_pond']. At least one non-missing value is needed for imputation with strategy='median'.
  warnings.warn(
/work/GRDVULN/correction/.venv/lib64/python3.11/site-packages/sklearn/impute/_base.py:647: UserWarning: Skipping features without any observed values: ['od_max_conf_chlorine_contact' 'od_max_conf_drying_bed'
 'od_max_conf_oxidation_pond']. At least one non-missing value is needed for imputation with strategy='median'.
  warnings.warn(
/work/GRDVULN/correction/.venv/lib64/python3.11/site-packages/sklearn/impute/_base.py:647: UserWarning: Skipping features without any observed values: ['od_max_conf_chlorine_contact' 'od_max_conf_drying_bed'
 'od_max_conf_oxidation_pond']. At least one non-missing value is needed for imputation with strategy='median'.
  warnings.warn(
/work/GRDVULN/correction/.venv/lib64/python3.11/site-packages/sklearn/impute/_base.py:647: UserWarning: Skipping features without any observed values: ['od_max_conf_chlorine_contact' 'od_max_conf_drying_bed'
 'od_max_conf_oxidation_pond']. At least one non-missing value is needed for imputation with strategy='median'.
  warnings.warn(
/work/GRDVULN/correction/.venv/lib64/python3.11/site-packages/sklearn/impute/_base.py:647: UserWarning: Skipping features without any observed values: ['od_max_conf_chlorine_contact' 'od_max_conf_drying_bed'
 'od_max_conf_oxidation_pond']. At least one non-missing value is needed for imputation with strategy='median'.
  warnings.warn(
/work/GRDVULN/correction/.venv/lib64/python3.11/site-packages/sklearn/impute/_base.py:647: UserWarning: Skipping features without any observed values: ['od_max_conf_chlorine_contact' 'od_max_conf_drying_bed'
 'od_max_conf_oxidation_pond']. At least one non-missing value is needed for imputation with strategy='median'.
  warnings.warn(
/work/GRDVULN/correction/.venv/lib64/python3.11/site-packages/sklearn/impute/_base.py:647: UserWarning: Skipping features without any observed values: ['od_max_conf_chlorine_contact' 'od_max_conf_drying_bed'
 'od_max_conf_oxidation_pond']. At least one non-missing value is needed for imputation with strategy='median'.
  warnings.warn(
/work/GRDVULN/correction/.venv/lib64/python3.11/site-packages/sklearn/impute/_base.py:647: UserWarning: Skipping features without any observed values: ['od_max_conf_chlorine_contact' 'od_max_conf_drying_bed'
 'od_max_conf_oxidation_pond']. At least one non-missing value is needed for imputation with strategy='median'.
  warnings.warn(
/work/GRDVULN/correction/.venv/lib64/python3.11/site-packages/sklearn/impute/_base.py:647: UserWarning: Skipping features without any observed values: ['od_max_conf_chlorine_contact' 'od_max_conf_drying_bed'
 'od_max_conf_oxidation_pond']. At least one non-missing value is needed for imputation with strategy='median'.
  warnings.warn(
/work/GRDVULN/correction/.venv/lib64/python3.11/site-packages/sklearn/impute/_base.py:647: UserWarning: Skipping features without any observed values: ['od_max_conf_chlorine_contact' 'od_max_conf_drying_bed'
 'od_max_conf_oxidation_pond']. At least one non-missing value is needed for imputation with strategy='median'.
  warnings.warn(
/work/GRDVULN/correction/.venv/lib64/python3.11/site-packages/sklearn/impute/_base.py:647: UserWarning: Skipping features without any observed values: ['od_max_conf_chlorine_contact' 'od_max_conf_drying_bed'
 'od_max_conf_oxidation_pond']. At least one non-missing value is needed for imputation with strategy='median'.
  warnings.warn(
/work/GRDVULN/correction/.venv/lib64/python3.11/site-packages/sklearn/impute/_base.py:647: UserWarning: Skipping features without any observed values: ['od_max_conf_chlorine_contact' 'od_max_conf_drying_bed'
 'od_max_conf_oxidation_pond']. At least one non-missing value is needed for imputation with strategy='median'.
  warnings.warn(
/work/GRDVULN/correction/.venv/lib64/python3.11/site-packages/sklearn/impute/_base.py:647: UserWarning: Skipping features without any observed values: ['od_max_conf_chlorine_contact' 'od_max_conf_drying_bed'
 'od_max_conf_oxidation_pond']. At least one non-missing value is needed for imputation with strategy='median'.
  warnings.warn(
/work/GRDVULN/correction/.venv/lib64/python3.11/site-packages/sklearn/impute/_base.py:647: UserWarning: Skipping features without any observed values: ['od_max_conf_chlorine_contact' 'od_max_conf_drying_bed'
 'od_max_conf_oxidation_pond']. At least one non-missing value is needed for imputation with strategy='median'.
  warnings.warn(
/work/GRDVULN/correction/.venv/lib64/python3.11/site-packages/sklearn/impute/_base.py:647: UserWarning: Skipping features without any observed values: ['od_max_conf_chlorine_contact' 'od_max_conf_drying_bed'
 'od_max_conf_oxidation_pond']. At least one non-missing value is needed for imputation with strategy='median'.
  warnings.warn(
/work/GRDVULN/correction/.venv/lib64/python3.11/site-packages/sklearn/impute/_base.py:647: UserWarning: Skipping features without any observed values: ['od_max_conf_chlorine_contact' 'od_max_conf_drying_bed'
 'od_max_conf_oxidation_pond']. At least one non-missing value is needed for imputation with strategy='median'.
  warnings.warn(
/work/GRDVULN/correction/.venv/lib64/python3.11/site-packages/sklearn/impute/_base.py:647: UserWarning: Skipping features without any observed values: ['od_max_conf_chlorine_contact' 'od_max_conf_drying_bed'
 'od_max_conf_oxidation_pond']. At least one non-missing value is needed for imputation with strategy='median'.
  warnings.warn(
/work/GRDVULN/correction/.venv/lib64/python3.11/site-packages/sklearn/impute/_base.py:647: UserWarning: Skipping features without any observed values: ['od_max_conf_chlorine_contact' 'od_max_conf_drying_bed'
 'od_max_conf_oxidation_pond']. At least one non-missing value is needed for imputation with strategy='median'.
  warnings.warn(
/work/GRDVULN/correction/.venv/lib64/python3.11/site-packages/sklearn/impute/_base.py:647: UserWarning: Skipping features without any observed values: ['od_max_conf_chlorine_contact' 'od_max_conf_drying_bed'
 'od_max_conf_oxidation_pond']. At least one non-missing value is needed for imputation with strategy='median'.
  warnings.warn(
/work/GRDVULN/correction/.venv/lib64/python3.11/site-packages/sklearn/impute/_base.py:647: UserWarning: Skipping features without any observed values: ['od_max_conf_chlorine_contact' 'od_max_conf_drying_bed'
 'od_max_conf_oxidation_pond']. At least one non-missing value is needed for imputation with strategy='median'.
  warnings.warn(
/work/GRDVULN/correction/.venv/lib64/python3.11/site-packages/sklearn/impute/_base.py:647: UserWarning: Skipping features without any observed values: ['od_max_conf_chlorine_contact' 'od_max_conf_drying_bed'
 'od_max_conf_oxidation_pond']. At least one non-missing value is needed for imputation with strategy='median'.
  warnings.warn(
/work/GRDVULN/correction/.venv/lib64/python3.11/site-packages/sklearn/impute/_base.py:647: UserWarning: Skipping features without any observed values: ['od_max_conf_chlorine_contact' 'od_max_conf_drying_bed'
 'od_max_conf_oxidation_pond']. At least one non-missing value is needed for imputation with strategy='median'.
  warnings.warn(
/work/GRDVULN/correction/.venv/lib64/python3.11/site-packages/sklearn/impute/_base.py:647: UserWarning: Skipping features without any observed values: ['od_max_conf_chlorine_contact' 'od_max_conf_drying_bed'
 'od_max_conf_oxidation_pond']. At least one non-missing value is needed for imputation with strategy='median'.
  warnings.warn(
/work/GRDVULN/correction/.venv/lib64/python3.11/site-packages/sklearn/impute/_base.py:647: UserWarning: Skipping features without any observed values: ['od_max_conf_chlorine_contact' 'od_max_conf_drying_bed'
 'od_max_conf_oxidation_pond']. At least one non-missing value is needed for imputation with strategy='median'.
  warnings.warn(
/work/GRDVULN/correction/.venv/lib64/python3.11/site-packages/sklearn/impute/_base.py:647: UserWarning: Skipping features without any observed values: ['od_max_conf_chlorine_contact' 'od_max_conf_drying_bed'
 'od_max_conf_oxidation_pond']. At least one non-missing value is needed for imputation with strategy='median'.
  warnings.warn(
/work/GRDVULN/correction/.venv/lib64/python3.11/site-packages/sklearn/impute/_base.py:647: UserWarning: Skipping features without any observed values: ['od_max_conf_chlorine_contact' 'od_max_conf_drying_bed'
 'od_max_conf_oxidation_pond']. At least one non-missing value is needed for imputation with strategy='median'.
  warnings.warn(
/work/GRDVULN/correction/.venv/lib64/python3.11/site-packages/sklearn/impute/_base.py:647: UserWarning: Skipping features without any observed values: ['od_max_conf_chlorine_contact' 'od_max_conf_drying_bed'
 'od_max_conf_oxidation_pond']. At least one non-missing value is needed for imputation with strategy='median'.
  warnings.warn(
/work/GRDVULN/correction/.venv/lib64/python3.11/site-packages/sklearn/impute/_base.py:647: UserWarning: Skipping features without any observed values: ['od_max_conf_chlorine_contact' 'od_max_conf_drying_bed'
 'od_max_conf_oxidation_pond']. At least one non-missing value is needed for imputation with strategy='median'.
  warnings.warn(
/work/GRDVULN/correction/.venv/lib64/python3.11/site-packages/sklearn/impute/_base.py:647: UserWarning: Skipping features without any observed values: ['od_max_conf_chlorine_contact' 'od_max_conf_drying_bed'
 'od_max_conf_oxidation_pond']. At least one non-missing value is needed for imputation with strategy='median'.
  warnings.warn(
/work/GRDVULN/correction/.venv/lib64/python3.11/site-packages/sklearn/impute/_base.py:647: UserWarning: Skipping features without any observed values: ['od_max_conf_chlorine_contact' 'od_max_conf_drying_bed'
 'od_max_conf_oxidation_pond']. At least one non-missing value is needed for imputation with strategy='median'.
  warnings.warn(
/work/GRDVULN/correction/.venv/lib64/python3.11/site-packages/sklearn/impute/_base.py:647: UserWarning: Skipping features without any observed values: ['od_max_conf_chlorine_contact' 'od_max_conf_drying_bed'
 'od_max_conf_oxidation_pond']. At least one non-missing value is needed for imputation with strategy='median'.
  warnings.warn(
/work/GRDVULN/correction/.venv/lib64/python3.11/site-packages/sklearn/impute/_base.py:647: UserWarning: Skipping features without any observed values: ['od_max_conf_chlorine_contact' 'od_max_conf_drying_bed'
 'od_max_conf_oxidation_pond']. At least one non-missing value is needed for imputation with strategy='median'.
  warnings.warn(
/work/GRDVULN/correction/.venv/lib64/python3.11/site-packages/sklearn/impute/_base.py:647: UserWarning: Skipping features without any observed values: ['od_max_conf_chlorine_contact' 'od_max_conf_drying_bed'
 'od_max_conf_oxidation_pond']. At least one non-missing value is needed for imputation with strategy='median'.
  warnings.warn(
/work/GRDVULN/correction/.venv/lib64/python3.11/site-packages/sklearn/impute/_base.py:647: UserWarning: Skipping features without any observed values: ['od_max_conf_chlorine_contact' 'od_max_conf_drying_bed'
 'od_max_conf_oxidation_pond']. At least one non-missing value is needed for imputation with strategy='median'.
  warnings.warn(
/work/GRDVULN/correction/.venv/lib64/python3.11/site-packages/sklearn/impute/_base.py:647: UserWarning: Skipping features without any observed values: ['od_max_conf_chlorine_contact' 'od_max_conf_drying_bed'
 'od_max_conf_oxidation_pond']. At least one non-missing value is needed for imputation with strategy='median'.
  warnings.warn(
/work/GRDVULN/correction/.venv/lib64/python3.11/site-packages/sklearn/impute/_base.py:647: UserWarning: Skipping features without any observed values: ['od_max_conf_chlorine_contact' 'od_max_conf_drying_bed'
 'od_max_conf_oxidation_pond']. At least one non-missing value is needed for imputation with strategy='median'.
  warnings.warn(
/work/GRDVULN/correction/.venv/lib64/python3.11/site-packages/sklearn/impute/_base.py:647: UserWarning: Skipping features without any observed values: ['od_max_conf_chlorine_contact' 'od_max_conf_drying_bed'
 'od_max_conf_oxidation_pond']. At least one non-missing value is needed for imputation with strategy='median'.
  warnings.warn(
/work/GRDVULN/correction/.venv/lib64/python3.11/site-packages/sklearn/impute/_base.py:647: UserWarning: Skipping features without any observed values: ['od_max_conf_chlorine_contact' 'od_max_conf_drying_bed'
 'od_max_conf_oxidation_pond']. At least one non-missing value is needed for imputation with strategy='median'.
  warnings.warn(
/work/GRDVULN/correction/.venv/lib64/python3.11/site-packages/sklearn/impute/_base.py:647: UserWarning: Skipping features without any observed values: ['od_max_conf_chlorine_contact' 'od_max_conf_drying_bed'
 'od_max_conf_oxidation_pond']. At least one non-missing value is needed for imputation with strategy='median'.
  warnings.warn(
/work/GRDVULN/correction/.venv/lib64/python3.11/site-packages/sklearn/impute/_base.py:647: UserWarning: Skipping features without any observed values: ['od_max_conf_chlorine_contact' 'od_max_conf_drying_bed'
 'od_max_conf_oxidation_pond']. At least one non-missing value is needed for imputation with strategy='median'.
  warnings.warn(
/work/GRDVULN/correction/.venv/lib64/python3.11/site-packages/sklearn/impute/_base.py:647: UserWarning: Skipping features without any observed values: ['od_max_conf_chlorine_contact' 'od_max_conf_drying_bed'
 'od_max_conf_oxidation_pond']. At least one non-missing value is needed for imputation with strategy='median'.
  warnings.warn(
/work/GRDVULN/correction/.venv/lib64/python3.11/site-packages/sklearn/impute/_base.py:647: UserWarning: Skipping features without any observed values: ['od_max_conf_chlorine_contact' 'od_max_conf_drying_bed'
 'od_max_conf_oxidation_pond']. At least one non-missing value is needed for imputation with strategy='median'.
  warnings.warn(
/work/GRDVULN/correction/.venv/lib64/python3.11/site-packages/sklearn/impute/_base.py:647: UserWarning: Skipping features without any observed values: ['od_max_conf_chlorine_contact' 'od_max_conf_drying_bed'
 'od_max_conf_oxidation_pond']. At least one non-missing value is needed for imputation with strategy='median'.
  warnings.warn(
/work/GRDVULN/correction/.venv/lib64/python3.11/site-packages/sklearn/impute/_base.py:647: UserWarning: Skipping features without any observed values: ['od_max_conf_chlorine_contact' 'od_max_conf_drying_bed'
 'od_max_conf_oxidation_pond']. At least one non-missing value is needed for imputation with strategy='median'.
  warnings.warn(
/work/GRDVULN/correction/.venv/lib64/python3.11/site-packages/sklearn/impute/_base.py:647: UserWarning: Skipping features without any observed values: ['od_max_conf_chlorine_contact' 'od_max_conf_drying_bed'
 'od_max_conf_oxidation_pond']. At least one non-missing value is needed for imputation with strategy='median'.
  warnings.warn(
/work/GRDVULN/correction/.venv/lib64/python3.11/site-packages/sklearn/impute/_base.py:647: UserWarning: Skipping features without any observed values: ['od_max_conf_chlorine_contact' 'od_max_conf_drying_bed'
 'od_max_conf_oxidation_pond']. At least one non-missing value is needed for imputation with strategy='median'.
  warnings.warn(
/work/GRDVULN/correction/.venv/lib64/python3.11/site-packages/sklearn/impute/_base.py:647: UserWarning: Skipping features without any observed values: ['od_max_conf_chlorine_contact' 'od_max_conf_drying_bed'
 'od_max_conf_oxidation_pond']. At least one non-missing value is needed for imputation with strategy='median'.
  warnings.warn(
/work/GRDVULN/correction/.venv/lib64/python3.11/site-packages/sklearn/impute/_base.py:647: UserWarning: Skipping features without any observed values: ['od_max_conf_chlorine_contact' 'od_max_conf_drying_bed'
 'od_max_conf_oxidation_pond']. At least one non-missing value is needed for imputation with strategy='median'.
  warnings.warn(
/work/GRDVULN/correction/.venv/lib64/python3.11/site-packages/sklearn/impute/_base.py:647: UserWarning: Skipping features without any observed values: ['od_max_conf_chlorine_contact' 'od_max_conf_drying_bed'
 'od_max_conf_oxidation_pond']. At least one non-missing value is needed for imputation with strategy='median'.
  warnings.warn(
/work/GRDVULN/correction/.venv/lib64/python3.11/site-packages/sklearn/impute/_base.py:647: UserWarning: Skipping features without any observed values: ['od_max_conf_chlorine_contact' 'od_max_conf_drying_bed'
 'od_max_conf_oxidation_pond']. At least one non-missing value is needed for imputation with strategy='median'.
  warnings.warn(
/work/GRDVULN/correction/.venv/lib64/python3.11/site-packages/sklearn/impute/_base.py:647: UserWarning: Skipping features without any observed values: ['od_max_conf_chlorine_contact' 'od_max_conf_drying_bed'
 'od_max_conf_oxidation_pond']. At least one non-missing value is needed for imputation with strategy='median'.
  warnings.warn(
/work/GRDVULN/correction/.venv/lib64/python3.11/site-packages/sklearn/impute/_base.py:647: UserWarning: Skipping features without any observed values: ['od_max_conf_chlorine_contact' 'od_max_conf_drying_bed'
 'od_max_conf_oxidation_pond']. At least one non-missing value is needed for imputation with strategy='median'.
  warnings.warn(
/work/GRDVULN/correction/.venv/lib64/python3.11/site-packages/sklearn/impute/_base.py:647: UserWarning: Skipping features without any observed values: ['od_max_conf_chlorine_contact' 'od_max_conf_drying_bed'
 'od_max_conf_oxidation_pond']. At least one non-missing value is needed for imputation with strategy='median'.
  warnings.warn(
/work/GRDVULN/correction/.venv/lib64/python3.11/site-packages/sklearn/impute/_base.py:647: UserWarning: Skipping features without any observed values: ['od_max_conf_chlorine_contact' 'od_max_conf_drying_bed'
 'od_max_conf_oxidation_pond']. At least one non-missing value is needed for imputation with strategy='median'.
  warnings.warn(
/work/GRDVULN/correction/.venv/lib64/python3.11/site-packages/sklearn/impute/_base.py:647: UserWarning: Skipping features without any observed values: ['od_max_conf_chlorine_contact' 'od_max_conf_drying_bed'
 'od_max_conf_oxidation_pond']. At least one non-missing value is needed for imputation with strategy='median'.
  warnings.warn(
/work/GRDVULN/correction/.venv/lib64/python3.11/site-packages/sklearn/impute/_base.py:647: UserWarning: Skipping features without any observed values: ['od_max_conf_chlorine_contact' 'od_max_conf_drying_bed'
 'od_max_conf_oxidation_pond']. At least one non-missing value is needed for imputation with strategy='median'.
  warnings.warn(
/work/GRDVULN/correction/.venv/lib64/python3.11/site-packages/sklearn/impute/_base.py:647: UserWarning: Skipping features without any observed values: ['od_max_conf_chlorine_contact' 'od_max_conf_drying_bed'
 'od_max_conf_oxidation_pond']. At least one non-missing value is needed for imputation with strategy='median'.
  warnings.warn(
/work/GRDVULN/correction/.venv/lib64/python3.11/site-packages/sklearn/impute/_base.py:647: UserWarning: Skipping features without any observed values: ['od_max_conf_chlorine_contact' 'od_max_conf_drying_bed'
 'od_max_conf_oxidation_pond']. At least one non-missing value is needed for imputation with strategy='median'.
  warnings.warn(
/work/GRDVULN/correction/.venv/lib64/python3.11/site-packages/sklearn/impute/_base.py:647: UserWarning: Skipping features without any observed values: ['od_max_conf_chlorine_contact' 'od_max_conf_drying_bed'
 'od_max_conf_oxidation_pond']. At least one non-missing value is needed for imputation with strategy='median'.
  warnings.warn(
/work/GRDVULN/correction/.venv/lib64/python3.11/site-packages/sklearn/impute/_base.py:647: UserWarning: Skipping features without any observed values: ['od_max_conf_chlorine_contact' 'od_max_conf_drying_bed'
 'od_max_conf_oxidation_pond']. At least one non-missing value is needed for imputation with strategy='median'.
  warnings.warn(
/work/GRDVULN/correction/.venv/lib64/python3.11/site-packages/sklearn/impute/_base.py:647: UserWarning: Skipping features without any observed values: ['od_max_conf_chlorine_contact' 'od_max_conf_drying_bed'
 'od_max_conf_oxidation_pond']. At least one non-missing value is needed for imputation with strategy='median'.
  warnings.warn(
/work/GRDVULN/correction/.venv/lib64/python3.11/site-packages/sklearn/impute/_base.py:647: UserWarning: Skipping features without any observed values: ['od_max_conf_chlorine_contact' 'od_max_conf_drying_bed'
 'od_max_conf_oxidation_pond']. At least one non-missing value is needed for imputation with strategy='median'.
  warnings.warn(
/work/GRDVULN/correction/.venv/lib64/python3.11/site-packages/sklearn/impute/_base.py:647: UserWarning: Skipping features without any observed values: ['od_max_conf_chlorine_contact' 'od_max_conf_drying_bed'
 'od_max_conf_oxidation_pond']. At least one non-missing value is needed for imputation with strategy='median'.
  warnings.warn(
/work/GRDVULN/correction/.venv/lib64/python3.11/site-packages/sklearn/impute/_base.py:647: UserWarning: Skipping features without any observed values: ['od_max_conf_chlorine_contact' 'od_max_conf_drying_bed'
 'od_max_conf_oxidation_pond']. At least one non-missing value is needed for imputation with strategy='median'.
  warnings.warn(
/work/GRDVULN/correction/.venv/lib64/python3.11/site-packages/sklearn/impute/_base.py:647: UserWarning: Skipping features without any observed values: ['od_max_conf_chlorine_contact' 'od_max_conf_drying_bed'
 'od_max_conf_oxidation_pond']. At least one non-missing value is needed for imputation with strategy='median'.
  warnings.warn(
/work/GRDVULN/correction/.venv/lib64/python3.11/site-packages/sklearn/impute/_base.py:647: UserWarning: Skipping features without any observed values: ['od_max_conf_chlorine_contact' 'od_max_conf_drying_bed'
 'od_max_conf_oxidation_pond']. At least one non-missing value is needed for imputation with strategy='median'.
  warnings.warn(
/work/GRDVULN/correction/.venv/lib64/python3.11/site-packages/sklearn/impute/_base.py:647: UserWarning: Skipping features without any observed values: ['od_max_conf_chlorine_contact' 'od_max_conf_drying_bed'
 'od_max_conf_oxidation_pond']. At least one non-missing value is needed for imputation with strategy='median'.
  warnings.warn(
/work/GRDVULN/correction/.venv/lib64/python3.11/site-packages/sklearn/impute/_base.py:647: UserWarning: Skipping features without any observed values: ['od_max_conf_chlorine_contact' 'od_max_conf_drying_bed'
 'od_max_conf_oxidation_pond']. At least one non-missing value is needed for imputation with strategy='median'.
  warnings.warn(
/work/GRDVULN/correction/.venv/lib64/python3.11/site-packages/sklearn/impute/_base.py:647: UserWarning: Skipping features without any observed values: ['od_max_conf_chlorine_contact' 'od_max_conf_drying_bed'
 'od_max_conf_oxidation_pond']. At least one non-missing value is needed for imputation with strategy='median'.
  warnings.warn(
/work/GRDVULN/correction/.venv/lib64/python3.11/site-packages/sklearn/impute/_base.py:647: UserWarning: Skipping features without any observed values: ['od_max_conf_chlorine_contact' 'od_max_conf_drying_bed'
 'od_max_conf_oxidation_pond']. At least one non-missing value is needed for imputation with strategy='median'.
  warnings.warn(
/work/GRDVULN/correction/.venv/lib64/python3.11/site-packages/sklearn/impute/_base.py:647: UserWarning: Skipping features without any observed values: ['od_max_conf_chlorine_contact' 'od_max_conf_drying_bed'
 'od_max_conf_oxidation_pond']. At least one non-missing value is needed for imputation with strategy='median'.
  warnings.warn(
/work/GRDVULN/correction/.venv/lib64/python3.11/site-packages/sklearn/impute/_base.py:647: UserWarning: Skipping features without any observed values: ['od_max_conf_chlorine_contact' 'od_max_conf_drying_bed'
 'od_max_conf_oxidation_pond']. At least one non-missing value is needed for imputation with strategy='median'.
  warnings.warn(
/work/GRDVULN/correction/.venv/lib64/python3.11/site-packages/sklearn/impute/_base.py:647: UserWarning: Skipping features without any observed values: ['od_max_conf_chlorine_contact' 'od_max_conf_drying_bed'
 'od_max_conf_oxidation_pond']. At least one non-missing value is needed for imputation with strategy='median'.
  warnings.warn(
/work/GRDVULN/correction/.venv/lib64/python3.11/site-packages/sklearn/impute/_base.py:647: UserWarning: Skipping features without any observed values: ['od_max_conf_chlorine_contact' 'od_max_conf_drying_bed'
 'od_max_conf_oxidation_pond']. At least one non-missing value is needed for imputation with strategy='median'.
  warnings.warn(
/work/GRDVULN/correction/.venv/lib64/python3.11/site-packages/sklearn/impute/_base.py:647: UserWarning: Skipping features without any observed values: ['od_max_conf_chlorine_contact' 'od_max_conf_drying_bed'
 'od_max_conf_oxidation_pond']. At least one non-missing value is needed for imputation with strategy='median'.
  warnings.warn(
/work/GRDVULN/correction/.venv/lib64/python3.11/site-packages/sklearn/impute/_base.py:647: UserWarning: Skipping features without any observed values: ['od_max_conf_chlorine_contact' 'od_max_conf_drying_bed'
 'od_max_conf_oxidation_pond']. At least one non-missing value is needed for imputation with strategy='median'.
  warnings.warn(
/work/GRDVULN/correction/.venv/lib64/python3.11/site-packages/sklearn/impute/_base.py:647: UserWarning: Skipping features without any observed values: ['od_max_conf_chlorine_contact' 'od_max_conf_drying_bed'
 'od_max_conf_oxidation_pond']. At least one non-missing value is needed for imputation with strategy='median'.
  warnings.warn(
/work/GRDVULN/correction/.venv/lib64/python3.11/site-packages/sklearn/impute/_base.py:647: UserWarning: Skipping features without any observed values: ['od_max_conf_chlorine_contact' 'od_max_conf_drying_bed'
 'od_max_conf_oxidation_pond']. At least one non-missing value is needed for imputation with strategy='median'.
  warnings.warn(
/work/GRDVULN/correction/.venv/lib64/python3.11/site-packages/sklearn/impute/_base.py:647: UserWarning: Skipping features without any observed values: ['od_max_conf_chlorine_contact' 'od_max_conf_drying_bed'
 'od_max_conf_oxidation_pond']. At least one non-missing value is needed for imputation with strategy='median'.
  warnings.warn(
/work/GRDVULN/correction/.venv/lib64/python3.11/site-packages/sklearn/impute/_base.py:647: UserWarning: Skipping features without any observed values: ['od_max_conf_chlorine_contact' 'od_max_conf_drying_bed'
 'od_max_conf_oxidation_pond']. At least one non-missing value is needed for imputation with strategy='median'.
  warnings.warn(
/work/GRDVULN/correction/.venv/lib64/python3.11/site-packages/sklearn/impute/_base.py:647: UserWarning: Skipping features without any observed values: ['od_max_conf_chlorine_contact' 'od_max_conf_drying_bed'
 'od_max_conf_oxidation_pond']. At least one non-missing value is needed for imputation with strategy='median'.
  warnings.warn(
/work/GRDVULN/correction/.venv/lib64/python3.11/site-packages/sklearn/impute/_base.py:647: UserWarning: Skipping features without any observed values: ['od_max_conf_chlorine_contact' 'od_max_conf_drying_bed'
 'od_max_conf_oxidation_pond']. At least one non-missing value is needed for imputation with strategy='median'.
  warnings.warn(
/work/GRDVULN/correction/.venv/lib64/python3.11/site-packages/sklearn/impute/_base.py:647: UserWarning: Skipping features without any observed values: ['od_max_conf_chlorine_contact' 'od_max_conf_drying_bed'
 'od_max_conf_oxidation_pond']. At least one non-missing value is needed for imputation with strategy='median'.
  warnings.warn(
/work/GRDVULN/correction/.venv/lib64/python3.11/site-packages/sklearn/impute/_base.py:647: UserWarning: Skipping features without any observed values: ['od_max_conf_chlorine_contact' 'od_max_conf_drying_bed'
 'od_max_conf_oxidation_pond']. At least one non-missing value is needed for imputation with strategy='median'.
  warnings.warn(
/work/GRDVULN/correction/.venv/lib64/python3.11/site-packages/sklearn/impute/_base.py:647: UserWarning: Skipping features without any observed values: ['od_max_conf_chlorine_contact' 'od_max_conf_drying_bed'
 'od_max_conf_oxidation_pond']. At least one non-missing value is needed for imputation with strategy='median'.
  warnings.warn(
/work/GRDVULN/correction/.venv/lib64/python3.11/site-packages/sklearn/impute/_base.py:647: UserWarning: Skipping features without any observed values: ['od_max_conf_chlorine_contact' 'od_max_conf_drying_bed'
 'od_max_conf_oxidation_pond']. At least one non-missing value is needed for imputation with strategy='median'.
  warnings.warn(
/work/GRDVULN/correction/.venv/lib64/python3.11/site-packages/sklearn/impute/_base.py:647: UserWarning: Skipping features without any observed values: ['od_max_conf_chlorine_contact' 'od_max_conf_drying_bed'
 'od_max_conf_oxidation_pond']. At least one non-missing value is needed for imputation with strategy='median'.
  warnings.warn(
/work/GRDVULN/correction/.venv/lib64/python3.11/site-packages/sklearn/impute/_base.py:647: UserWarning: Skipping features without any observed values: ['od_max_conf_chlorine_contact' 'od_max_conf_drying_bed'
 'od_max_conf_oxidation_pond']. At least one non-missing value is needed for imputation with strategy='median'.
  warnings.warn(
/work/GRDVULN/correction/.venv/lib64/python3.11/site-packages/sklearn/impute/_base.py:647: UserWarning: Skipping features without any observed values: ['od_max_conf_chlorine_contact' 'od_max_conf_drying_bed'
 'od_max_conf_oxidation_pond']. At least one non-missing value is needed for imputation with strategy='median'.
  warnings.warn(
/work/GRDVULN/correction/.venv/lib64/python3.11/site-packages/sklearn/impute/_base.py:647: UserWarning: Skipping features without any observed values: ['od_max_conf_chlorine_contact' 'od_max_conf_drying_bed'
 'od_max_conf_oxidation_pond']. At least one non-missing value is needed for imputation with strategy='median'.
  warnings.warn(
/work/GRDVULN/correction/.venv/lib64/python3.11/site-packages/sklearn/impute/_base.py:647: UserWarning: Skipping features without any observed values: ['od_max_conf_chlorine_contact' 'od_max_conf_drying_bed'
 'od_max_conf_oxidation_pond']. At least one non-missing value is needed for imputation with strategy='median'.
  warnings.warn(
/work/GRDVULN/correction/.venv/lib64/python3.11/site-packages/sklearn/impute/_base.py:647: UserWarning: Skipping features without any observed values: ['od_max_conf_chlorine_contact' 'od_max_conf_drying_bed'
 'od_max_conf_oxidation_pond']. At least one non-missing value is needed for imputation with strategy='median'.
  warnings.warn(
/work/GRDVULN/correction/.venv/lib64/python3.11/site-packages/sklearn/impute/_base.py:647: UserWarning: Skipping features without any observed values: ['od_max_conf_chlorine_contact' 'od_max_conf_drying_bed'
 'od_max_conf_oxidation_pond']. At least one non-missing value is needed for imputation with strategy='median'.
  warnings.warn(
/work/GRDVULN/correction/.venv/lib64/python3.11/site-packages/sklearn/impute/_base.py:647: UserWarning: Skipping features without any observed values: ['od_max_conf_chlorine_contact' 'od_max_conf_drying_bed'
 'od_max_conf_oxidation_pond']. At least one non-missing value is needed for imputation with strategy='median'.
  warnings.warn(
/work/GRDVULN/correction/.venv/lib64/python3.11/site-packages/sklearn/impute/_base.py:647: UserWarning: Skipping features without any observed values: ['od_max_conf_chlorine_contact' 'od_max_conf_drying_bed'
 'od_max_conf_oxidation_pond']. At least one non-missing value is needed for imputation with strategy='median'.
  warnings.warn(
/work/GRDVULN/correction/.venv/lib64/python3.11/site-packages/sklearn/impute/_base.py:647: UserWarning: Skipping features without any observed values: ['od_max_conf_chlorine_contact' 'od_max_conf_drying_bed'
 'od_max_conf_oxidation_pond']. At least one non-missing value is needed for imputation with strategy='median'.
  warnings.warn(
/work/GRDVULN/correction/.venv/lib64/python3.11/site-packages/sklearn/impute/_base.py:647: UserWarning: Skipping features without any observed values: ['od_max_conf_chlorine_contact' 'od_max_conf_drying_bed'
 'od_max_conf_oxidation_pond']. At least one non-missing value is needed for imputation with strategy='median'.
  warnings.warn(
/work/GRDVULN/correction/.venv/lib64/python3.11/site-packages/sklearn/impute/_base.py:647: UserWarning: Skipping features without any observed values: ['od_max_conf_chlorine_contact' 'od_max_conf_drying_bed'
 'od_max_conf_oxidation_pond']. At least one non-missing value is needed for imputation with strategy='median'.
  warnings.warn(
/work/GRDVULN/correction/.venv/lib64/python3.11/site-packages/sklearn/impute/_base.py:647: UserWarning: Skipping features without any observed values: ['od_max_conf_chlorine_contact' 'od_max_conf_drying_bed'
 'od_max_conf_oxidation_pond']. At least one non-missing value is needed for imputation with strategy='median'.
  warnings.warn(
/work/GRDVULN/correction/.venv/lib64/python3.11/site-packages/sklearn/impute/_base.py:647: UserWarning: Skipping features without any observed values: ['od_max_conf_chlorine_contact' 'od_max_conf_drying_bed'
 'od_max_conf_oxidation_pond']. At least one non-missing value is needed for imputation with strategy='median'.
  warnings.warn(
/work/GRDVULN/correction/.venv/lib64/python3.11/site-packages/sklearn/impute/_base.py:647: UserWarning: Skipping features without any observed values: ['od_max_conf_chlorine_contact' 'od_max_conf_drying_bed'
 'od_max_conf_oxidation_pond']. At least one non-missing value is needed for imputation with strategy='median'.
  warnings.warn(
/work/GRDVULN/correction/.venv/lib64/python3.11/site-packages/sklearn/impute/_base.py:647: UserWarning: Skipping features without any observed values: ['od_max_conf_chlorine_contact' 'od_max_conf_drying_bed'
 'od_max_conf_oxidation_pond']. At least one non-missing value is needed for imputation with strategy='median'.
  warnings.warn(
/work/GRDVULN/correction/.venv/lib64/python3.11/site-packages/sklearn/impute/_base.py:647: UserWarning: Skipping features without any observed values: ['od_max_conf_chlorine_contact' 'od_max_conf_drying_bed'
 'od_max_conf_oxidation_pond']. At least one non-missing value is needed for imputation with strategy='median'.
  warnings.warn(
/work/GRDVULN/correction/.venv/lib64/python3.11/site-packages/sklearn/impute/_base.py:647: UserWarning: Skipping features without any observed values: ['od_max_conf_chlorine_contact' 'od_max_conf_drying_bed'
 'od_max_conf_oxidation_pond']. At least one non-missing value is needed for imputation with strategy='median'.
  warnings.warn(
/work/GRDVULN/correction/.venv/lib64/python3.11/site-packages/sklearn/impute/_base.py:647: UserWarning: Skipping features without any observed values: ['od_max_conf_chlorine_contact' 'od_max_conf_drying_bed'
 'od_max_conf_oxidation_pond']. At least one non-missing value is needed for imputation with strategy='median'.
  warnings.warn(
/work/GRDVULN/correction/.venv/lib64/python3.11/site-packages/sklearn/impute/_base.py:647: UserWarning: Skipping features without any observed values: ['od_max_conf_chlorine_contact' 'od_max_conf_drying_bed'
 'od_max_conf_oxidation_pond']. At least one non-missing value is needed for imputation with strategy='median'.
  warnings.warn(
/work/GRDVULN/correction/.venv/lib64/python3.11/site-packages/sklearn/impute/_base.py:647: UserWarning: Skipping features without any observed values: ['od_max_conf_chlorine_contact' 'od_max_conf_drying_bed'
 'od_max_conf_oxidation_pond']. At least one non-missing value is needed for imputation with strategy='median'.
  warnings.warn(
/work/GRDVULN/correction/.venv/lib64/python3.11/site-packages/sklearn/impute/_base.py:647: UserWarning: Skipping features without any observed values: ['od_max_conf_chlorine_contact' 'od_max_conf_drying_bed'
 'od_max_conf_oxidation_pond']. At least one non-missing value is needed for imputation with strategy='median'.
  warnings.warn(
/work/GRDVULN/correction/.venv/lib64/python3.11/site-packages/sklearn/impute/_base.py:647: UserWarning: Skipping features without any observed values: ['od_max_conf_chlorine_contact' 'od_max_conf_drying_bed'
 'od_max_conf_oxidation_pond']. At least one non-missing value is needed for imputation with strategy='median'.
  warnings.warn(
/work/GRDVULN/correction/.venv/lib64/python3.11/site-packages/sklearn/impute/_base.py:647: UserWarning: Skipping features without any observed values: ['od_max_conf_chlorine_contact' 'od_max_conf_drying_bed'
 'od_max_conf_oxidation_pond']. At least one non-missing value is needed for imputation with strategy='median'.
  warnings.warn(
/work/GRDVULN/correction/.venv/lib64/python3.11/site-packages/sklearn/impute/_base.py:647: UserWarning: Skipping features without any observed values: ['od_max_conf_chlorine_contact' 'od_max_conf_drying_bed'
 'od_max_conf_oxidation_pond']. At least one non-missing value is needed for imputation with strategy='median'.
  warnings.warn(
/work/GRDVULN/correction/.venv/lib64/python3.11/site-packages/sklearn/impute/_base.py:647: UserWarning: Skipping features without any observed values: ['od_max_conf_chlorine_contact' 'od_max_conf_drying_bed'
 'od_max_conf_oxidation_pond']. At least one non-missing value is needed for imputation with strategy='median'.
  warnings.warn(
/work/GRDVULN/correction/.venv/lib64/python3.11/site-packages/sklearn/impute/_base.py:647: UserWarning: Skipping features without any observed values: ['od_max_conf_chlorine_contact' 'od_max_conf_drying_bed'
 'od_max_conf_oxidation_pond']. At least one non-missing value is needed for imputation with strategy='median'.
  warnings.warn(
/work/GRDVULN/correction/.venv/lib64/python3.11/site-packages/sklearn/impute/_base.py:647: UserWarning: Skipping features without any observed values: ['od_max_conf_chlorine_contact' 'od_max_conf_drying_bed'
 'od_max_conf_oxidation_pond']. At least one non-missing value is needed for imputation with strategy='median'.
  warnings.warn(
/work/GRDVULN/correction/.venv/lib64/python3.11/site-packages/sklearn/impute/_base.py:647: UserWarning: Skipping features without any observed values: ['od_max_conf_chlorine_contact' 'od_max_conf_drying_bed'
 'od_max_conf_oxidation_pond']. At least one non-missing value is needed for imputation with strategy='median'.
  warnings.warn(
/work/GRDVULN/correction/.venv/lib64/python3.11/site-packages/sklearn/impute/_base.py:647: UserWarning: Skipping features without any observed values: ['od_max_conf_chlorine_contact' 'od_max_conf_drying_bed'
 'od_max_conf_oxidation_pond']. At least one non-missing value is needed for imputation with strategy='median'.
  warnings.warn(
/work/GRDVULN/correction/.venv/lib64/python3.11/site-packages/sklearn/impute/_base.py:647: UserWarning: Skipping features without any observed values: ['od_max_conf_chlorine_contact' 'od_max_conf_drying_bed'
 'od_max_conf_oxidation_pond']. At least one non-missing value is needed for imputation with strategy='median'.
  warnings.warn(
/work/GRDVULN/correction/.venv/lib64/python3.11/site-packages/sklearn/impute/_base.py:647: UserWarning: Skipping features without any observed values: ['od_max_conf_chlorine_contact' 'od_max_conf_drying_bed'
 'od_max_conf_oxidation_pond']. At least one non-missing value is needed for imputation with strategy='median'.
  warnings.warn(
/work/GRDVULN/correction/.venv/lib64/python3.11/site-packages/sklearn/impute/_base.py:647: UserWarning: Skipping features without any observed values: ['od_max_conf_chlorine_contact' 'od_max_conf_drying_bed'
 'od_max_conf_oxidation_pond']. At least one non-missing value is needed for imputation with strategy='median'.
  warnings.warn(
/work/GRDVULN/correction/.venv/lib64/python3.11/site-packages/sklearn/impute/_base.py:647: UserWarning: Skipping features without any observed values: ['od_max_conf_chlorine_contact' 'od_max_conf_drying_bed'
 'od_max_conf_oxidation_pond']. At least one non-missing value is needed for imputation with strategy='median'.
  warnings.warn(
/work/GRDVULN/correction/.venv/lib64/python3.11/site-packages/sklearn/impute/_base.py:647: UserWarning: Skipping features without any observed values: ['od_max_conf_chlorine_contact' 'od_max_conf_drying_bed'
 'od_max_conf_oxidation_pond']. At least one non-missing value is needed for imputation with strategy='median'.
  warnings.warn(
/work/GRDVULN/correction/.venv/lib64/python3.11/site-packages/sklearn/impute/_base.py:647: UserWarning: Skipping features without any observed values: ['od_max_conf_chlorine_contact' 'od_max_conf_drying_bed'
 'od_max_conf_oxidation_pond']. At least one non-missing value is needed for imputation with strategy='median'.
  warnings.warn(
/work/GRDVULN/correction/.venv/lib64/python3.11/site-packages/sklearn/impute/_base.py:647: UserWarning: Skipping features without any observed values: ['od_max_conf_chlorine_contact' 'od_max_conf_drying_bed'
 'od_max_conf_oxidation_pond']. At least one non-missing value is needed for imputation with strategy='median'.
  warnings.warn(
/work/GRDVULN/correction/.venv/lib64/python3.11/site-packages/sklearn/impute/_base.py:647: UserWarning: Skipping features without any observed values: ['od_max_conf_chlorine_contact' 'od_max_conf_drying_bed'
 'od_max_conf_oxidation_pond']. At least one non-missing value is needed for imputation with strategy='median'.
  warnings.warn(
/work/GRDVULN/correction/.venv/lib64/python3.11/site-packages/sklearn/impute/_base.py:647: UserWarning: Skipping features without any observed values: ['od_max_conf_chlorine_contact' 'od_max_conf_drying_bed'
 'od_max_conf_oxidation_pond']. At least one non-missing value is needed for imputation with strategy='median'.
  warnings.warn(
/work/GRDVULN/correction/.venv/lib64/python3.11/site-packages/sklearn/impute/_base.py:647: UserWarning: Skipping features without any observed values: ['od_max_conf_chlorine_contact' 'od_max_conf_drying_bed'
 'od_max_conf_oxidation_pond']. At least one non-missing value is needed for imputation with strategy='median'.
  warnings.warn(
/work/GRDVULN/correction/.venv/lib64/python3.11/site-packages/sklearn/impute/_base.py:647: UserWarning: Skipping features without any observed values: ['od_max_conf_chlorine_contact' 'od_max_conf_drying_bed'
 'od_max_conf_oxidation_pond']. At least one non-missing value is needed for imputation with strategy='median'.
  warnings.warn(
/work/GRDVULN/correction/.venv/lib64/python3.11/site-packages/sklearn/impute/_base.py:647: UserWarning: Skipping features without any observed values: ['od_max_conf_chlorine_contact' 'od_max_conf_drying_bed'
 'od_max_conf_oxidation_pond']. At least one non-missing value is needed for imputation with strategy='median'.
  warnings.warn(
/work/GRDVULN/correction/.venv/lib64/python3.11/site-packages/sklearn/impute/_base.py:647: UserWarning: Skipping features without any observed values: ['od_max_conf_chlorine_contact' 'od_max_conf_drying_bed'
 'od_max_conf_oxidation_pond']. At least one non-missing value is needed for imputation with strategy='median'.
  warnings.warn(
/work/GRDVULN/correction/.venv/lib64/python3.11/site-packages/sklearn/impute/_base.py:647: UserWarning: Skipping features without any observed values: ['od_max_conf_chlorine_contact' 'od_max_conf_drying_bed'
 'od_max_conf_oxidation_pond']. At least one non-missing value is needed for imputation with strategy='median'.
  warnings.warn(
/work/GRDVULN/correction/.venv/lib64/python3.11/site-packages/sklearn/impute/_base.py:647: UserWarning: Skipping features without any observed values: ['od_max_conf_chlorine_contact' 'od_max_conf_drying_bed'
 'od_max_conf_oxidation_pond']. At least one non-missing value is needed for imputation with strategy='median'.
  warnings.warn(
/work/GRDVULN/correction/.venv/lib64/python3.11/site-packages/sklearn/impute/_base.py:647: UserWarning: Skipping features without any observed values: ['od_max_conf_chlorine_contact' 'od_max_conf_drying_bed'
 'od_max_conf_oxidation_pond']. At least one non-missing value is needed for imputation with strategy='median'.
  warnings.warn(
/work/GRDVULN/correction/.venv/lib64/python3.11/site-packages/sklearn/impute/_base.py:647: UserWarning: Skipping features without any observed values: ['od_max_conf_chlorine_contact' 'od_max_conf_drying_bed'
 'od_max_conf_oxidation_pond']. At least one non-missing value is needed for imputation with strategy='median'.
  warnings.warn(
/work/GRDVULN/correction/.venv/lib64/python3.11/site-packages/sklearn/impute/_base.py:647: UserWarning: Skipping features without any observed values: ['od_max_conf_chlorine_contact' 'od_max_conf_drying_bed'
 'od_max_conf_oxidation_pond']. At least one non-missing value is needed for imputation with strategy='median'.
  warnings.warn(
/work/GRDVULN/correction/.venv/lib64/python3.11/site-packages/sklearn/impute/_base.py:647: UserWarning: Skipping features without any observed values: ['od_max_conf_chlorine_contact' 'od_max_conf_drying_bed'
 'od_max_conf_oxidation_pond']. At least one non-missing value is needed for imputation with strategy='median'.
  warnings.warn(
/work/GRDVULN/correction/.venv/lib64/python3.11/site-packages/sklearn/impute/_base.py:647: UserWarning: Skipping features without any observed values: ['od_max_conf_chlorine_contact' 'od_max_conf_drying_bed'
 'od_max_conf_oxidation_pond']. At least one non-missing value is needed for imputation with strategy='median'.
  warnings.warn(
/work/GRDVULN/correction/.venv/lib64/python3.11/site-packages/sklearn/impute/_base.py:647: UserWarning: Skipping features without any observed values: ['od_max_conf_chlorine_contact' 'od_max_conf_drying_bed'
 'od_max_conf_oxidation_pond']. At least one non-missing value is needed for imputation with strategy='median'.
  warnings.warn(
/work/GRDVULN/correction/.venv/lib64/python3.11/site-packages/sklearn/impute/_base.py:647: UserWarning: Skipping features without any observed values: ['od_max_conf_chlorine_contact' 'od_max_conf_drying_bed'
 'od_max_conf_oxidation_pond']. At least one non-missing value is needed for imputation with strategy='median'.
  warnings.warn(
/work/GRDVULN/correction/.venv/lib64/python3.11/site-packages/sklearn/impute/_base.py:647: UserWarning: Skipping features without any observed values: ['od_max_conf_chlorine_contact' 'od_max_conf_drying_bed'
 'od_max_conf_oxidation_pond']. At least one non-missing value is needed for imputation with strategy='median'.
  warnings.warn(
/work/GRDVULN/correction/.venv/lib64/python3.11/site-packages/sklearn/impute/_base.py:647: UserWarning: Skipping features without any observed values: ['od_max_conf_chlorine_contact' 'od_max_conf_drying_bed'
 'od_max_conf_oxidation_pond']. At least one non-missing value is needed for imputation with strategy='median'.
  warnings.warn(
/work/GRDVULN/correction/.venv/lib64/python3.11/site-packages/sklearn/impute/_base.py:647: UserWarning: Skipping features without any observed values: ['od_max_conf_chlorine_contact' 'od_max_conf_drying_bed'
 'od_max_conf_oxidation_pond']. At least one non-missing value is needed for imputation with strategy='median'.
  warnings.warn(
/work/GRDVULN/correction/.venv/lib64/python3.11/site-packages/sklearn/impute/_base.py:647: UserWarning: Skipping features without any observed values: ['od_max_conf_chlorine_contact' 'od_max_conf_drying_bed'
 'od_max_conf_oxidation_pond']. At least one non-missing value is needed for imputation with strategy='median'.
  warnings.warn(
/work/GRDVULN/correction/.venv/lib64/python3.11/site-packages/sklearn/impute/_base.py:647: UserWarning: Skipping features without any observed values: ['od_max_conf_chlorine_contact' 'od_max_conf_drying_bed'
 'od_max_conf_oxidation_pond']. At least one non-missing value is needed for imputation with strategy='median'.
  warnings.warn(
/work/GRDVULN/correction/.venv/lib64/python3.11/site-packages/sklearn/impute/_base.py:647: UserWarning: Skipping features without any observed values: ['od_max_conf_chlorine_contact' 'od_max_conf_drying_bed'
 'od_max_conf_oxidation_pond']. At least one non-missing value is needed for imputation with strategy='median'.
  warnings.warn(
/work/GRDVULN/correction/.venv/lib64/python3.11/site-packages/sklearn/impute/_base.py:647: UserWarning: Skipping features without any observed values: ['od_max_conf_chlorine_contact' 'od_max_conf_drying_bed'
 'od_max_conf_oxidation_pond']. At least one non-missing value is needed for imputation with strategy='median'.
  warnings.warn(
/work/GRDVULN/correction/.venv/lib64/python3.11/site-packages/sklearn/impute/_base.py:647: UserWarning: Skipping features without any observed values: ['od_max_conf_chlorine_contact' 'od_max_conf_drying_bed'
 'od_max_conf_oxidation_pond']. At least one non-missing value is needed for imputation with strategy='median'.
  warnings.warn(
/work/GRDVULN/correction/.venv/lib64/python3.11/site-packages/sklearn/impute/_base.py:647: UserWarning: Skipping features without any observed values: ['od_max_conf_chlorine_contact' 'od_max_conf_drying_bed'
 'od_max_conf_oxidation_pond']. At least one non-missing value is needed for imputation with strategy='median'.
  warnings.warn(
/work/GRDVULN/correction/.venv/lib64/python3.11/site-packages/sklearn/impute/_base.py:647: UserWarning: Skipping features without any observed values: ['od_max_conf_chlorine_contact' 'od_max_conf_drying_bed'
 'od_max_conf_oxidation_pond']. At least one non-missing value is needed for imputation with strategy='median'.
  warnings.warn(
/work/GRDVULN/correction/.venv/lib64/python3.11/site-packages/sklearn/impute/_base.py:647: UserWarning: Skipping features without any observed values: ['od_max_conf_chlorine_contact' 'od_max_conf_drying_bed'
 'od_max_conf_oxidation_pond']. At least one non-missing value is needed for imputation with strategy='median'.
  warnings.warn(
/work/GRDVULN/correction/.venv/lib64/python3.11/site-packages/sklearn/impute/_base.py:647: UserWarning: Skipping features without any observed values: ['od_max_conf_chlorine_contact' 'od_max_conf_drying_bed'
 'od_max_conf_oxidation_pond']. At least one non-missing value is needed for imputation with strategy='median'.
  warnings.warn(
/work/GRDVULN/correction/.venv/lib64/python3.11/site-packages/sklearn/impute/_base.py:647: UserWarning: Skipping features without any observed values: ['od_max_conf_chlorine_contact' 'od_max_conf_drying_bed'
 'od_max_conf_oxidation_pond']. At least one non-missing value is needed for imputation with strategy='median'.
  warnings.warn(
/work/GRDVULN/correction/.venv/lib64/python3.11/site-packages/sklearn/impute/_base.py:647: UserWarning: Skipping features without any observed values: ['od_max_conf_chlorine_contact' 'od_max_conf_drying_bed'
 'od_max_conf_oxidation_pond']. At least one non-missing value is needed for imputation with strategy='median'.
  warnings.warn(
/work/GRDVULN/correction/.venv/lib64/python3.11/site-packages/sklearn/impute/_base.py:647: UserWarning: Skipping features without any observed values: ['od_max_conf_chlorine_contact' 'od_max_conf_drying_bed'
 'od_max_conf_oxidation_pond']. At least one non-missing value is needed for imputation with strategy='median'.
  warnings.warn(
/work/GRDVULN/correction/.venv/lib64/python3.11/site-packages/sklearn/impute/_base.py:647: UserWarning: Skipping features without any observed values: ['od_max_conf_chlorine_contact' 'od_max_conf_drying_bed'
 'od_max_conf_oxidation_pond']. At least one non-missing value is needed for imputation with strategy='median'.
  warnings.warn(
/work/GRDVULN/correction/.venv/lib64/python3.11/site-packages/sklearn/impute/_base.py:647: UserWarning: Skipping features without any observed values: ['od_max_conf_chlorine_contact' 'od_max_conf_drying_bed'
 'od_max_conf_oxidation_pond']. At least one non-missing value is needed for imputation with strategy='median'.
  warnings.warn(
/work/GRDVULN/correction/.venv/lib64/python3.11/site-packages/sklearn/impute/_base.py:647: UserWarning: Skipping features without any observed values: ['od_max_conf_chlorine_contact' 'od_max_conf_drying_bed'
 'od_max_conf_oxidation_pond']. At least one non-missing value is needed for imputation with strategy='median'.
  warnings.warn(
/work/GRDVULN/correction/.venv/lib64/python3.11/site-packages/sklearn/impute/_base.py:647: UserWarning: Skipping features without any observed values: ['od_max_conf_chlorine_contact' 'od_max_conf_drying_bed'
 'od_max_conf_oxidation_pond']. At least one non-missing value is needed for imputation with strategy='median'.
  warnings.warn(
/work/GRDVULN/correction/.venv/lib64/python3.11/site-packages/sklearn/impute/_base.py:647: UserWarning: Skipping features without any observed values: ['od_max_conf_chlorine_contact' 'od_max_conf_drying_bed'
 'od_max_conf_oxidation_pond']. At least one non-missing value is needed for imputation with strategy='median'.
  warnings.warn(
/work/GRDVULN/correction/.venv/lib64/python3.11/site-packages/sklearn/impute/_base.py:647: UserWarning: Skipping features without any observed values: ['od_max_conf_chlorine_contact' 'od_max_conf_drying_bed'
 'od_max_conf_oxidation_pond']. At least one non-missing value is needed for imputation with strategy='median'.
  warnings.warn(
/work/GRDVULN/correction/.venv/lib64/python3.11/site-packages/sklearn/impute/_base.py:647: UserWarning: Skipping features without any observed values: ['od_max_conf_chlorine_contact' 'od_max_conf_drying_bed'
 'od_max_conf_oxidation_pond']. At least one non-missing value is needed for imputation with strategy='median'.
  warnings.warn(
/work/GRDVULN/correction/.venv/lib64/python3.11/site-packages/sklearn/impute/_base.py:647: UserWarning: Skipping features without any observed values: ['od_max_conf_chlorine_contact' 'od_max_conf_drying_bed'
 'od_max_conf_oxidation_pond']. At least one non-missing value is needed for imputation with strategy='median'.
  warnings.warn(
/work/GRDVULN/correction/.venv/lib64/python3.11/site-packages/sklearn/impute/_base.py:647: UserWarning: Skipping features without any observed values: ['od_max_conf_chlorine_contact' 'od_max_conf_drying_bed'
 'od_max_conf_oxidation_pond']. At least one non-missing value is needed for imputation with strategy='median'.
  warnings.warn(
/work/GRDVULN/correction/.venv/lib64/python3.11/site-packages/sklearn/impute/_base.py:647: UserWarning: Skipping features without any observed values: ['od_max_conf_chlorine_contact' 'od_max_conf_drying_bed'
 'od_max_conf_oxidation_pond']. At least one non-missing value is needed for imputation with strategy='median'.
  warnings.warn(
/work/GRDVULN/correction/.venv/lib64/python3.11/site-packages/sklearn/impute/_base.py:647: UserWarning: Skipping features without any observed values: ['od_max_conf_chlorine_contact' 'od_max_conf_drying_bed'
 'od_max_conf_oxidation_pond']. At least one non-missing value is needed for imputation with strategy='median'.
  warnings.warn(
/work/GRDVULN/correction/.venv/lib64/python3.11/site-packages/sklearn/impute/_base.py:647: UserWarning: Skipping features without any observed values: ['od_max_conf_chlorine_contact' 'od_max_conf_drying_bed'
 'od_max_conf_oxidation_pond']. At least one non-missing value is needed for imputation with strategy='median'.
  warnings.warn(
/work/GRDVULN/correction/.venv/lib64/python3.11/site-packages/sklearn/impute/_base.py:647: UserWarning: Skipping features without any observed values: ['od_max_conf_chlorine_contact' 'od_max_conf_drying_bed'
 'od_max_conf_oxidation_pond']. At least one non-missing value is needed for imputation with strategy='median'.
  warnings.warn(
/work/GRDVULN/correction/.venv/lib64/python3.11/site-packages/sklearn/impute/_base.py:647: UserWarning: Skipping features without any observed values: ['od_max_conf_chlorine_contact' 'od_max_conf_drying_bed'
 'od_max_conf_oxidation_pond']. At least one non-missing value is needed for imputation with strategy='median'.
  warnings.warn(
/work/GRDVULN/correction/.venv/lib64/python3.11/site-packages/sklearn/impute/_base.py:647: UserWarning: Skipping features without any observed values: ['od_max_conf_chlorine_contact' 'od_max_conf_drying_bed'
 'od_max_conf_oxidation_pond']. At least one non-missing value is needed for imputation with strategy='median'.
  warnings.warn(
/work/GRDVULN/correction/.venv/lib64/python3.11/site-packages/sklearn/impute/_base.py:647: UserWarning: Skipping features without any observed values: ['od_max_conf_chlorine_contact' 'od_max_conf_drying_bed'
 'od_max_conf_oxidation_pond']. At least one non-missing value is needed for imputation with strategy='median'.
  warnings.warn(
/work/GRDVULN/correction/.venv/lib64/python3.11/site-packages/sklearn/impute/_base.py:647: UserWarning: Skipping features without any observed values: ['od_max_conf_chlorine_contact' 'od_max_conf_drying_bed'
 'od_max_conf_oxidation_pond']. At least one non-missing value is needed for imputation with strategy='median'.
  warnings.warn(
/work/GRDVULN/correction/.venv/lib64/python3.11/site-packages/sklearn/impute/_base.py:647: UserWarning: Skipping features without any observed values: ['od_max_conf_chlorine_contact' 'od_max_conf_drying_bed'
 'od_max_conf_oxidation_pond']. At least one non-missing value is needed for imputation with strategy='median'.
  warnings.warn(
/work/GRDVULN/correction/.venv/lib64/python3.11/site-packages/sklearn/impute/_base.py:647: UserWarning: Skipping features without any observed values: ['od_max_conf_chlorine_contact' 'od_max_conf_drying_bed'
 'od_max_conf_oxidation_pond']. At least one non-missing value is needed for imputation with strategy='median'.
  warnings.warn(
/work/GRDVULN/correction/.venv/lib64/python3.11/site-packages/sklearn/impute/_base.py:647: UserWarning: Skipping features without any observed values: ['od_max_conf_chlorine_contact' 'od_max_conf_drying_bed'
 'od_max_conf_oxidation_pond']. At least one non-missing value is needed for imputation with strategy='median'.
  warnings.warn(
/work/GRDVULN/correction/.venv/lib64/python3.11/site-packages/sklearn/impute/_base.py:647: UserWarning: Skipping features without any observed values: ['od_max_conf_chlorine_contact' 'od_max_conf_drying_bed'
 'od_max_conf_oxidation_pond']. At least one non-missing value is needed for imputation with strategy='median'.
  warnings.warn(
/work/GRDVULN/correction/.venv/lib64/python3.11/site-packages/sklearn/impute/_base.py:647: UserWarning: Skipping features without any observed values: ['od_max_conf_chlorine_contact' 'od_max_conf_drying_bed'
 'od_max_conf_oxidation_pond']. At least one non-missing value is needed for imputation with strategy='median'.
  warnings.warn(
/work/GRDVULN/correction/.venv/lib64/python3.11/site-packages/sklearn/impute/_base.py:647: UserWarning: Skipping features without any observed values: ['od_max_conf_chlorine_contact' 'od_max_conf_drying_bed'
 'od_max_conf_oxidation_pond']. At least one non-missing value is needed for imputation with strategy='median'.
  warnings.warn(
/work/GRDVULN/correction/.venv/lib64/python3.11/site-packages/sklearn/impute/_base.py:647: UserWarning: Skipping features without any observed values: ['od_max_conf_chlorine_contact' 'od_max_conf_drying_bed'
 'od_max_conf_oxidation_pond']. At least one non-missing value is needed for imputation with strategy='median'.
  warnings.warn(
/work/GRDVULN/correction/.venv/lib64/python3.11/site-packages/sklearn/impute/_base.py:647: UserWarning: Skipping features without any observed values: ['od_max_conf_chlorine_contact' 'od_max_conf_drying_bed'
 'od_max_conf_oxidation_pond']. At least one non-missing value is needed for imputation with strategy='median'.
  warnings.warn(
/work/GRDVULN/correction/.venv/lib64/python3.11/site-packages/sklearn/impute/_base.py:647: UserWarning: Skipping features without any observed values: ['od_max_conf_chlorine_contact' 'od_max_conf_drying_bed'
 'od_max_conf_oxidation_pond']. At least one non-missing value is needed for imputation with strategy='median'.
  warnings.warn(
/work/GRDVULN/correction/.venv/lib64/python3.11/site-packages/sklearn/impute/_base.py:647: UserWarning: Skipping features without any observed values: ['od_max_conf_chlorine_contact' 'od_max_conf_drying_bed'
 'od_max_conf_oxidation_pond']. At least one non-missing value is needed for imputation with strategy='median'.
  warnings.warn(
/work/GRDVULN/correction/.venv/lib64/python3.11/site-packages/sklearn/impute/_base.py:647: UserWarning: Skipping features without any observed values: ['od_max_conf_chlorine_contact' 'od_max_conf_drying_bed'
 'od_max_conf_oxidation_pond']. At least one non-missing value is needed for imputation with strategy='median'.
  warnings.warn(
/work/GRDVULN/correction/.venv/lib64/python3.11/site-packages/sklearn/impute/_base.py:647: UserWarning: Skipping features without any observed values: ['od_max_conf_chlorine_contact' 'od_max_conf_drying_bed'
 'od_max_conf_oxidation_pond']. At least one non-missing value is needed for imputation with strategy='median'.
  warnings.warn(
/work/GRDVULN/correction/.venv/lib64/python3.11/site-packages/sklearn/impute/_base.py:647: UserWarning: Skipping features without any observed values: ['od_max_conf_chlorine_contact' 'od_max_conf_drying_bed'
 'od_max_conf_oxidation_pond']. At least one non-missing value is needed for imputation with strategy='median'.
  warnings.warn(
/work/GRDVULN/correction/.venv/lib64/python3.11/site-packages/sklearn/impute/_base.py:647: UserWarning: Skipping features without any observed values: ['od_max_conf_chlorine_contact' 'od_max_conf_drying_bed'
 'od_max_conf_oxidation_pond']. At least one non-missing value is needed for imputation with strategy='median'.
  warnings.warn(
/work/GRDVULN/correction/.venv/lib64/python3.11/site-packages/sklearn/impute/_base.py:647: UserWarning: Skipping features without any observed values: ['od_max_conf_chlorine_contact' 'od_max_conf_drying_bed'
 'od_max_conf_oxidation_pond']. At least one non-missing value is needed for imputation with strategy='median'.
  warnings.warn(
/work/GRDVULN/correction/.venv/lib64/python3.11/site-packages/sklearn/impute/_base.py:647: UserWarning: Skipping features without any observed values: ['od_max_conf_chlorine_contact' 'od_max_conf_drying_bed'
 'od_max_conf_oxidation_pond']. At least one non-missing value is needed for imputation with strategy='median'.
  warnings.warn(
/work/GRDVULN/correction/.venv/lib64/python3.11/site-packages/sklearn/impute/_base.py:647: UserWarning: Skipping features without any observed values: ['od_max_conf_chlorine_contact' 'od_max_conf_drying_bed'
 'od_max_conf_oxidation_pond']. At least one non-missing value is needed for imputation with strategy='median'.
  warnings.warn(
/work/GRDVULN/correction/.venv/lib64/python3.11/site-packages/sklearn/impute/_base.py:647: UserWarning: Skipping features without any observed values: ['od_max_conf_chlorine_contact' 'od_max_conf_drying_bed'
 'od_max_conf_oxidation_pond']. At least one non-missing value is needed for imputation with strategy='median'.
  warnings.warn(
/work/GRDVULN/correction/.venv/lib64/python3.11/site-packages/sklearn/impute/_base.py:647: UserWarning: Skipping features without any observed values: ['od_max_conf_chlorine_contact' 'od_max_conf_drying_bed'
 'od_max_conf_oxidation_pond']. At least one non-missing value is needed for imputation with strategy='median'.
  warnings.warn(
/work/GRDVULN/correction/.venv/lib64/python3.11/site-packages/sklearn/impute/_base.py:647: UserWarning: Skipping features without any observed values: ['od_max_conf_chlorine_contact' 'od_max_conf_drying_bed'
 'od_max_conf_oxidation_pond']. At least one non-missing value is needed for imputation with strategy='median'.
  warnings.warn(
/work/GRDVULN/correction/.venv/lib64/python3.11/site-packages/sklearn/impute/_base.py:647: UserWarning: Skipping features without any observed values: ['od_max_conf_chlorine_contact' 'od_max_conf_drying_bed'
 'od_max_conf_oxidation_pond']. At least one non-missing value is needed for imputation with strategy='median'.
  warnings.warn(
/work/GRDVULN/correction/.venv/lib64/python3.11/site-packages/sklearn/impute/_base.py:647: UserWarning: Skipping features without any observed values: ['od_max_conf_chlorine_contact' 'od_max_conf_drying_bed'
 'od_max_conf_oxidation_pond']. At least one non-missing value is needed for imputation with strategy='median'.
  warnings.warn(
/work/GRDVULN/correction/.venv/lib64/python3.11/site-packages/sklearn/impute/_base.py:647: UserWarning: Skipping features without any observed values: ['od_max_conf_chlorine_contact' 'od_max_conf_drying_bed'
 'od_max_conf_oxidation_pond']. At least one non-missing value is needed for imputation with strategy='median'.
  warnings.warn(
/work/GRDVULN/correction/.venv/lib64/python3.11/site-packages/sklearn/impute/_base.py:647: UserWarning: Skipping features without any observed values: ['od_max_conf_chlorine_contact' 'od_max_conf_drying_bed'
 'od_max_conf_oxidation_pond']. At least one non-missing value is needed for imputation with strategy='median'.
  warnings.warn(
/work/GRDVULN/correction/.venv/lib64/python3.11/site-packages/sklearn/impute/_base.py:647: UserWarning: Skipping features without any observed values: ['od_max_conf_chlorine_contact' 'od_max_conf_drying_bed'
 'od_max_conf_oxidation_pond']. At least one non-missing value is needed for imputation with strategy='median'.
  warnings.warn(
/work/GRDVULN/correction/.venv/lib64/python3.11/site-packages/sklearn/impute/_base.py:647: UserWarning: Skipping features without any observed values: ['od_max_conf_chlorine_contact' 'od_max_conf_drying_bed'
 'od_max_conf_oxidation_pond']. At least one non-missing value is needed for imputation with strategy='median'.
  warnings.warn(
/work/GRDVULN/correction/.venv/lib64/python3.11/site-packages/sklearn/impute/_base.py:647: UserWarning: Skipping features without any observed values: ['od_max_conf_chlorine_contact' 'od_max_conf_drying_bed'
 'od_max_conf_oxidation_pond']. At least one non-missing value is needed for imputation with strategy='median'.
  warnings.warn(
/work/GRDVULN/correction/.venv/lib64/python3.11/site-packages/sklearn/impute/_base.py:647: UserWarning: Skipping features without any observed values: ['od_max_conf_chlorine_contact' 'od_max_conf_drying_bed'
 'od_max_conf_oxidation_pond']. At least one non-missing value is needed for imputation with strategy='median'.
  warnings.warn(
/work/GRDVULN/correction/.venv/lib64/python3.11/site-packages/sklearn/impute/_base.py:647: UserWarning: Skipping features without any observed values: ['od_max_conf_chlorine_contact' 'od_max_conf_drying_bed'
 'od_max_conf_oxidation_pond']. At least one non-missing value is needed for imputation with strategy='median'.
  warnings.warn(
/work/GRDVULN/correction/.venv/lib64/python3.11/site-packages/sklearn/impute/_base.py:647: UserWarning: Skipping features without any observed values: ['od_max_conf_chlorine_contact' 'od_max_conf_drying_bed'
 'od_max_conf_oxidation_pond']. At least one non-missing value is needed for imputation with strategy='median'.
  warnings.warn(
/work/GRDVULN/correction/.venv/lib64/python3.11/site-packages/sklearn/impute/_base.py:647: UserWarning: Skipping features without any observed values: ['od_max_conf_chlorine_contact' 'od_max_conf_drying_bed'
 'od_max_conf_oxidation_pond']. At least one non-missing value is needed for imputation with strategy='median'.
  warnings.warn(
/work/GRDVULN/correction/.venv/lib64/python3.11/site-packages/sklearn/impute/_base.py:647: UserWarning: Skipping features without any observed values: ['od_max_conf_chlorine_contact' 'od_max_conf_drying_bed'
 'od_max_conf_oxidation_pond']. At least one non-missing value is needed for imputation with strategy='median'.
  warnings.warn(
/work/GRDVULN/correction/.venv/lib64/python3.11/site-packages/sklearn/impute/_base.py:647: UserWarning: Skipping features without any observed values: ['od_max_conf_chlorine_contact' 'od_max_conf_drying_bed'
 'od_max_conf_oxidation_pond']. At least one non-missing value is needed for imputation with strategy='median'.
  warnings.warn(
/work/GRDVULN/correction/.venv/lib64/python3.11/site-packages/sklearn/impute/_base.py:647: UserWarning: Skipping features without any observed values: ['od_max_conf_chlorine_contact' 'od_max_conf_drying_bed'
 'od_max_conf_oxidation_pond']. At least one non-missing value is needed for imputation with strategy='median'.
  warnings.warn(
/work/GRDVULN/correction/.venv/lib64/python3.11/site-packages/sklearn/impute/_base.py:647: UserWarning: Skipping features without any observed values: ['od_max_conf_chlorine_contact' 'od_max_conf_drying_bed'
 'od_max_conf_oxidation_pond']. At least one non-missing value is needed for imputation with strategy='median'.
  warnings.warn(
/work/GRDVULN/correction/.venv/lib64/python3.11/site-packages/sklearn/impute/_base.py:647: UserWarning: Skipping features without any observed values: ['od_max_conf_chlorine_contact' 'od_max_conf_drying_bed'
 'od_max_conf_oxidation_pond']. At least one non-missing value is needed for imputation with strategy='median'.
  warnings.warn(
/work/GRDVULN/correction/.venv/lib64/python3.11/site-packages/sklearn/impute/_base.py:647: UserWarning: Skipping features without any observed values: ['od_max_conf_chlorine_contact' 'od_max_conf_drying_bed'
 'od_max_conf_oxidation_pond']. At least one non-missing value is needed for imputation with strategy='median'.
  warnings.warn(
/work/GRDVULN/correction/.venv/lib64/python3.11/site-packages/sklearn/impute/_base.py:647: UserWarning: Skipping features without any observed values: ['od_max_conf_chlorine_contact' 'od_max_conf_drying_bed'
 'od_max_conf_oxidation_pond']. At least one non-missing value is needed for imputation with strategy='median'.
  warnings.warn(
/work/GRDVULN/correction/.venv/lib64/python3.11/site-packages/sklearn/impute/_base.py:647: UserWarning: Skipping features without any observed values: ['od_max_conf_chlorine_contact' 'od_max_conf_drying_bed'
 'od_max_conf_oxidation_pond']. At least one non-missing value is needed for imputation with strategy='median'.
  warnings.warn(
/work/GRDVULN/correction/.venv/lib64/python3.11/site-packages/sklearn/impute/_base.py:647: UserWarning: Skipping features without any observed values: ['od_max_conf_chlorine_contact' 'od_max_conf_drying_bed'
 'od_max_conf_oxidation_pond']. At least one non-missing value is needed for imputation with strategy='median'.
  warnings.warn(
/work/GRDVULN/correction/.venv/lib64/python3.11/site-packages/sklearn/impute/_base.py:647: UserWarning: Skipping features without any observed values: ['od_max_conf_chlorine_contact' 'od_max_conf_drying_bed'
 'od_max_conf_oxidation_pond']. At least one non-missing value is needed for imputation with strategy='median'.
  warnings.warn(
/work/GRDVULN/correction/.venv/lib64/python3.11/site-packages/sklearn/impute/_base.py:647: UserWarning: Skipping features without any observed values: ['od_max_conf_chlorine_contact' 'od_max_conf_drying_bed'
 'od_max_conf_oxidation_pond']. At least one non-missing value is needed for imputation with strategy='median'.
  warnings.warn(
/work/GRDVULN/correction/.venv/lib64/python3.11/site-packages/sklearn/impute/_base.py:647: UserWarning: Skipping features without any observed values: ['od_max_conf_chlorine_contact' 'od_max_conf_drying_bed'
 'od_max_conf_oxidation_pond']. At least one non-missing value is needed for imputation with strategy='median'.
  warnings.warn(
/work/GRDVULN/correction/.venv/lib64/python3.11/site-packages/sklearn/impute/_base.py:647: UserWarning: Skipping features without any observed values: ['od_max_conf_chlorine_contact' 'od_max_conf_drying_bed'
 'od_max_conf_oxidation_pond']. At least one non-missing value is needed for imputation with strategy='median'.
  warnings.warn(
/work/GRDVULN/correction/.venv/lib64/python3.11/site-packages/sklearn/impute/_base.py:647: UserWarning: Skipping features without any observed values: ['od_max_conf_chlorine_contact' 'od_max_conf_drying_bed'
 'od_max_conf_oxidation_pond']. At least one non-missing value is needed for imputation with strategy='median'.
  warnings.warn(
/work/GRDVULN/correction/.venv/lib64/python3.11/site-packages/sklearn/impute/_base.py:647: UserWarning: Skipping features without any observed values: ['od_max_conf_chlorine_contact' 'od_max_conf_drying_bed'
 'od_max_conf_oxidation_pond']. At least one non-missing value is needed for imputation with strategy='median'.
  warnings.warn(
/work/GRDVULN/correction/.venv/lib64/python3.11/site-packages/sklearn/impute/_base.py:647: UserWarning: Skipping features without any observed values: ['od_max_conf_chlorine_contact' 'od_max_conf_drying_bed'
 'od_max_conf_oxidation_pond']. At least one non-missing value is needed for imputation with strategy='median'.
  warnings.warn(
/work/GRDVULN/correction/.venv/lib64/python3.11/site-packages/sklearn/impute/_base.py:647: UserWarning: Skipping features without any observed values: ['od_max_conf_chlorine_contact' 'od_max_conf_drying_bed'
 'od_max_conf_oxidation_pond']. At least one non-missing value is needed for imputation with strategy='median'.
  warnings.warn(
/work/GRDVULN/correction/.venv/lib64/python3.11/site-packages/sklearn/impute/_base.py:647: UserWarning: Skipping features without any observed values: ['od_max_conf_chlorine_contact' 'od_max_conf_drying_bed'
 'od_max_conf_oxidation_pond']. At least one non-missing value is needed for imputation with strategy='median'.
  warnings.warn(
/work/GRDVULN/correction/.venv/lib64/python3.11/site-packages/sklearn/impute/_base.py:647: UserWarning: Skipping features without any observed values: ['od_max_conf_chlorine_contact' 'od_max_conf_drying_bed'
 'od_max_conf_oxidation_pond']. At least one non-missing value is needed for imputation with strategy='median'.
  warnings.warn(
/work/GRDVULN/correction/.venv/lib64/python3.11/site-packages/sklearn/impute/_base.py:647: UserWarning: Skipping features without any observed values: ['od_max_conf_chlorine_contact' 'od_max_conf_drying_bed'
 'od_max_conf_oxidation_pond']. At least one non-missing value is needed for imputation with strategy='median'.
  warnings.warn(
/work/GRDVULN/correction/.venv/lib64/python3.11/site-packages/sklearn/impute/_base.py:647: UserWarning: Skipping features without any observed values: ['od_max_conf_chlorine_contact' 'od_max_conf_drying_bed'
 'od_max_conf_oxidation_pond']. At least one non-missing value is needed for imputation with strategy='median'.
  warnings.warn(
/work/GRDVULN/correction/.venv/lib64/python3.11/site-packages/sklearn/impute/_base.py:647: UserWarning: Skipping features without any observed values: ['od_max_conf_chlorine_contact' 'od_max_conf_drying_bed'
 'od_max_conf_oxidation_pond']. At least one non-missing value is needed for imputation with strategy='median'.
  warnings.warn(
/work/GRDVULN/correction/.venv/lib64/python3.11/site-packages/sklearn/impute/_base.py:647: UserWarning: Skipping features without any observed values: ['od_max_conf_chlorine_contact' 'od_max_conf_drying_bed'
 'od_max_conf_oxidation_pond']. At least one non-missing value is needed for imputation with strategy='median'.
  warnings.warn(
/work/GRDVULN/correction/.venv/lib64/python3.11/site-packages/sklearn/impute/_base.py:647: UserWarning: Skipping features without any observed values: ['od_max_conf_chlorine_contact' 'od_max_conf_drying_bed'
 'od_max_conf_oxidation_pond']. At least one non-missing value is needed for imputation with strategy='median'.
  warnings.warn(
/work/GRDVULN/correction/.venv/lib64/python3.11/site-packages/sklearn/impute/_base.py:647: UserWarning: Skipping features without any observed values: ['od_max_conf_chlorine_contact' 'od_max_conf_drying_bed'
 'od_max_conf_oxidation_pond']. At least one non-missing value is needed for imputation with strategy='median'.
  warnings.warn(
/work/GRDVULN/correction/.venv/lib64/python3.11/site-packages/sklearn/impute/_base.py:647: UserWarning: Skipping features without any observed values: ['od_max_conf_chlorine_contact' 'od_max_conf_drying_bed'
 'od_max_conf_oxidation_pond']. At least one non-missing value is needed for imputation with strategy='median'.
  warnings.warn(
/work/GRDVULN/correction/.venv/lib64/python3.11/site-packages/sklearn/impute/_base.py:647: UserWarning: Skipping features without any observed values: ['od_max_conf_chlorine_contact' 'od_max_conf_drying_bed'
 'od_max_conf_oxidation_pond']. At least one non-missing value is needed for imputation with strategy='median'.
  warnings.warn(
/work/GRDVULN/correction/.venv/lib64/python3.11/site-packages/sklearn/impute/_base.py:647: UserWarning: Skipping features without any observed values: ['od_max_conf_chlorine_contact' 'od_max_conf_drying_bed'
 'od_max_conf_oxidation_pond']. At least one non-missing value is needed for imputation with strategy='median'.
  warnings.warn(
/work/GRDVULN/correction/.venv/lib64/python3.11/site-packages/sklearn/impute/_base.py:647: UserWarning: Skipping features without any observed values: ['od_max_conf_chlorine_contact' 'od_max_conf_drying_bed'
 'od_max_conf_oxidation_pond']. At least one non-missing value is needed for imputation with strategy='median'.
  warnings.warn(
/work/GRDVULN/correction/.venv/lib64/python3.11/site-packages/sklearn/impute/_base.py:647: UserWarning: Skipping features without any observed values: ['od_max_conf_chlorine_contact' 'od_max_conf_drying_bed'
 'od_max_conf_oxidation_pond']. At least one non-missing value is needed for imputation with strategy='median'.
  warnings.warn(
/work/GRDVULN/correction/.venv/lib64/python3.11/site-packages/sklearn/impute/_base.py:647: UserWarning: Skipping features without any observed values: ['od_max_conf_chlorine_contact' 'od_max_conf_drying_bed'
 'od_max_conf_oxidation_pond']. At least one non-missing value is needed for imputation with strategy='median'.
  warnings.warn(
/work/GRDVULN/correction/.venv/lib64/python3.11/site-packages/sklearn/impute/_base.py:647: UserWarning: Skipping features without any observed values: ['od_max_conf_chlorine_contact' 'od_max_conf_drying_bed'
 'od_max_conf_oxidation_pond']. At least one non-missing value is needed for imputation with strategy='median'.
  warnings.warn(
/work/GRDVULN/correction/.venv/lib64/python3.11/site-packages/sklearn/impute/_base.py:647: UserWarning: Skipping features without any observed values: ['od_max_conf_chlorine_contact' 'od_max_conf_drying_bed'
 'od_max_conf_oxidation_pond']. At least one non-missing value is needed for imputation with strategy='median'.
  warnings.warn(
/work/GRDVULN/correction/.venv/lib64/python3.11/site-packages/sklearn/impute/_base.py:647: UserWarning: Skipping features without any observed values: ['od_max_conf_chlorine_contact' 'od_max_conf_drying_bed'
 'od_max_conf_oxidation_pond']. At least one non-missing value is needed for imputation with strategy='median'.
  warnings.warn(
/work/GRDVULN/correction/.venv/lib64/python3.11/site-packages/sklearn/impute/_base.py:647: UserWarning: Skipping features without any observed values: ['od_max_conf_chlorine_contact' 'od_max_conf_drying_bed'
 'od_max_conf_oxidation_pond']. At least one non-missing value is needed for imputation with strategy='median'.
  warnings.warn(
/work/GRDVULN/correction/.venv/lib64/python3.11/site-packages/sklearn/impute/_base.py:647: UserWarning: Skipping features without any observed values: ['od_max_conf_chlorine_contact' 'od_max_conf_drying_bed'
 'od_max_conf_oxidation_pond']. At least one non-missing value is needed for imputation with strategy='median'.
  warnings.warn(
/work/GRDVULN/correction/.venv/lib64/python3.11/site-packages/sklearn/impute/_base.py:647: UserWarning: Skipping features without any observed values: ['od_max_conf_chlorine_contact' 'od_max_conf_drying_bed'
 'od_max_conf_oxidation_pond']. At least one non-missing value is needed for imputation with strategy='median'.
  warnings.warn(
/work/GRDVULN/correction/.venv/lib64/python3.11/site-packages/sklearn/impute/_base.py:647: UserWarning: Skipping features without any observed values: ['od_max_conf_chlorine_contact' 'od_max_conf_drying_bed'
 'od_max_conf_oxidation_pond']. At least one non-missing value is needed for imputation with strategy='median'.
  warnings.warn(
/work/GRDVULN/correction/.venv/lib64/python3.11/site-packages/sklearn/impute/_base.py:647: UserWarning: Skipping features without any observed values: ['od_max_conf_chlorine_contact' 'od_max_conf_drying_bed'
 'od_max_conf_oxidation_pond']. At least one non-missing value is needed for imputation with strategy='median'.
  warnings.warn(
/work/GRDVULN/correction/.venv/lib64/python3.11/site-packages/sklearn/impute/_base.py:647: UserWarning: Skipping features without any observed values: ['od_max_conf_chlorine_contact' 'od_max_conf_drying_bed'
 'od_max_conf_oxidation_pond']. At least one non-missing value is needed for imputation with strategy='median'.
  warnings.warn(
/work/GRDVULN/correction/.venv/lib64/python3.11/site-packages/sklearn/impute/_base.py:647: UserWarning: Skipping features without any observed values: ['od_max_conf_chlorine_contact' 'od_max_conf_drying_bed'
 'od_max_conf_oxidation_pond']. At least one non-missing value is needed for imputation with strategy='median'.
  warnings.warn(
/work/GRDVULN/correction/.venv/lib64/python3.11/site-packages/sklearn/impute/_base.py:647: UserWarning: Skipping features without any observed values: ['od_max_conf_chlorine_contact' 'od_max_conf_drying_bed'
 'od_max_conf_oxidation_pond']. At least one non-missing value is needed for imputation with strategy='median'.
  warnings.warn(
/work/GRDVULN/correction/.venv/lib64/python3.11/site-packages/sklearn/impute/_base.py:647: UserWarning: Skipping features without any observed values: ['od_max_conf_chlorine_contact' 'od_max_conf_drying_bed'
 'od_max_conf_oxidation_pond']. At least one non-missing value is needed for imputation with strategy='median'.
  warnings.warn(
/work/GRDVULN/correction/.venv/lib64/python3.11/site-packages/sklearn/impute/_base.py:647: UserWarning: Skipping features without any observed values: ['od_max_conf_chlorine_contact' 'od_max_conf_drying_bed'
 'od_max_conf_oxidation_pond']. At least one non-missing value is needed for imputation with strategy='median'.
  warnings.warn(
/work/GRDVULN/correction/.venv/lib64/python3.11/site-packages/sklearn/impute/_base.py:647: UserWarning: Skipping features without any observed values: ['od_max_conf_chlorine_contact' 'od_max_conf_drying_bed'
 'od_max_conf_oxidation_pond']. At least one non-missing value is needed for imputation with strategy='median'.
  warnings.warn(
/work/GRDVULN/correction/.venv/lib64/python3.11/site-packages/sklearn/impute/_base.py:647: UserWarning: Skipping features without any observed values: ['od_max_conf_chlorine_contact' 'od_max_conf_drying_bed'
 'od_max_conf_oxidation_pond']. At least one non-missing value is needed for imputation with strategy='median'.
  warnings.warn(
/work/GRDVULN/correction/.venv/lib64/python3.11/site-packages/sklearn/impute/_base.py:647: UserWarning: Skipping features without any observed values: ['od_max_conf_chlorine_contact' 'od_max_conf_drying_bed'
 'od_max_conf_oxidation_pond']. At least one non-missing value is needed for imputation with strategy='median'.
  warnings.warn(
/work/GRDVULN/correction/.venv/lib64/python3.11/site-packages/sklearn/impute/_base.py:647: UserWarning: Skipping features without any observed values: ['od_max_conf_chlorine_contact' 'od_max_conf_drying_bed'
 'od_max_conf_oxidation_pond']. At least one non-missing value is needed for imputation with strategy='median'.
  warnings.warn(
/work/GRDVULN/correction/.venv/lib64/python3.11/site-packages/sklearn/impute/_base.py:647: UserWarning: Skipping features without any observed values: ['od_max_conf_chlorine_contact' 'od_max_conf_drying_bed'
 'od_max_conf_oxidation_pond']. At least one non-missing value is needed for imputation with strategy='median'.
  warnings.warn(
/work/GRDVULN/correction/.venv/lib64/python3.11/site-packages/sklearn/impute/_base.py:647: UserWarning: Skipping features without any observed values: ['od_max_conf_chlorine_contact' 'od_max_conf_drying_bed'
 'od_max_conf_oxidation_pond']. At least one non-missing value is needed for imputation with strategy='median'.
  warnings.warn(
/work/GRDVULN/correction/.venv/lib64/python3.11/site-packages/sklearn/impute/_base.py:647: UserWarning: Skipping features without any observed values: ['od_max_conf_chlorine_contact' 'od_max_conf_drying_bed'
 'od_max_conf_oxidation_pond']. At least one non-missing value is needed for imputation with strategy='median'.
  warnings.warn(
/work/GRDVULN/correction/.venv/lib64/python3.11/site-packages/sklearn/impute/_base.py:647: UserWarning: Skipping features without any observed values: ['od_max_conf_chlorine_contact' 'od_max_conf_drying_bed'
 'od_max_conf_oxidation_pond']. At least one non-missing value is needed for imputation with strategy='median'.
  warnings.warn(
/work/GRDVULN/correction/.venv/lib64/python3.11/site-packages/sklearn/impute/_base.py:647: UserWarning: Skipping features without any observed values: ['od_max_conf_chlorine_contact' 'od_max_conf_drying_bed'
 'od_max_conf_oxidation_pond']. At least one non-missing value is needed for imputation with strategy='median'.
  warnings.warn(
/work/GRDVULN/correction/.venv/lib64/python3.11/site-packages/sklearn/impute/_base.py:647: UserWarning: Skipping features without any observed values: ['od_max_conf_chlorine_contact' 'od_max_conf_drying_bed'
 'od_max_conf_oxidation_pond']. At least one non-missing value is needed for imputation with strategy='median'.
  warnings.warn(
/work/GRDVULN/correction/.venv/lib64/python3.11/site-packages/sklearn/impute/_base.py:647: UserWarning: Skipping features without any observed values: ['od_max_conf_chlorine_contact' 'od_max_conf_drying_bed'
 'od_max_conf_oxidation_pond']. At least one non-missing value is needed for imputation with strategy='median'.
  warnings.warn(
/work/GRDVULN/correction/.venv/lib64/python3.11/site-packages/sklearn/impute/_base.py:647: UserWarning: Skipping features without any observed values: ['od_max_conf_chlorine_contact' 'od_max_conf_drying_bed'
 'od_max_conf_oxidation_pond']. At least one non-missing value is needed for imputation with strategy='median'.
  warnings.warn(
/work/GRDVULN/correction/.venv/lib64/python3.11/site-packages/sklearn/impute/_base.py:647: UserWarning: Skipping features without any observed values: ['od_max_conf_chlorine_contact' 'od_max_conf_drying_bed'
 'od_max_conf_oxidation_pond']. At least one non-missing value is needed for imputation with strategy='median'.
  warnings.warn(
/work/GRDVULN/correction/.venv/lib64/python3.11/site-packages/sklearn/impute/_base.py:647: UserWarning: Skipping features without any observed values: ['od_max_conf_chlorine_contact' 'od_max_conf_drying_bed'
 'od_max_conf_oxidation_pond']. At least one non-missing value is needed for imputation with strategy='median'.
  warnings.warn(
/work/GRDVULN/correction/.venv/lib64/python3.11/site-packages/sklearn/impute/_base.py:647: UserWarning: Skipping features without any observed values: ['od_max_conf_chlorine_contact' 'od_max_conf_drying_bed'
 'od_max_conf_oxidation_pond']. At least one non-missing value is needed for imputation with strategy='median'.
  warnings.warn(
/work/GRDVULN/correction/.venv/lib64/python3.11/site-packages/sklearn/impute/_base.py:647: UserWarning: Skipping features without any observed values: ['od_max_conf_chlorine_contact' 'od_max_conf_drying_bed'
 'od_max_conf_oxidation_pond']. At least one non-missing value is needed for imputation with strategy='median'.
  warnings.warn(
/work/GRDVULN/correction/.venv/lib64/python3.11/site-packages/sklearn/impute/_base.py:647: UserWarning: Skipping features without any observed values: ['od_max_conf_chlorine_contact' 'od_max_conf_drying_bed'
 'od_max_conf_oxidation_pond']. At least one non-missing value is needed for imputation with strategy='median'.
  warnings.warn(
/work/GRDVULN/correction/.venv/lib64/python3.11/site-packages/sklearn/impute/_base.py:647: UserWarning: Skipping features without any observed values: ['od_max_conf_chlorine_contact' 'od_max_conf_drying_bed'
 'od_max_conf_oxidation_pond']. At least one non-missing value is needed for imputation with strategy='median'.
  warnings.warn(
/work/GRDVULN/correction/.venv/lib64/python3.11/site-packages/sklearn/impute/_base.py:647: UserWarning: Skipping features without any observed values: ['od_max_conf_chlorine_contact' 'od_max_conf_drying_bed'
 'od_max_conf_oxidation_pond']. At least one non-missing value is needed for imputation with strategy='median'.
  warnings.warn(
/work/GRDVULN/correction/.venv/lib64/python3.11/site-packages/sklearn/impute/_base.py:647: UserWarning: Skipping features without any observed values: ['od_max_conf_chlorine_contact' 'od_max_conf_drying_bed'
 'od_max_conf_oxidation_pond']. At least one non-missing value is needed for imputation with strategy='median'.
  warnings.warn(
/work/GRDVULN/correction/.venv/lib64/python3.11/site-packages/sklearn/impute/_base.py:647: UserWarning: Skipping features without any observed values: ['od_max_conf_chlorine_contact' 'od_max_conf_drying_bed'
 'od_max_conf_oxidation_pond']. At least one non-missing value is needed for imputation with strategy='median'.
  warnings.warn(
/work/GRDVULN/correction/.venv/lib64/python3.11/site-packages/sklearn/impute/_base.py:647: UserWarning: Skipping features without any observed values: ['od_max_conf_chlorine_contact' 'od_max_conf_drying_bed'
 'od_max_conf_oxidation_pond']. At least one non-missing value is needed for imputation with strategy='median'.
  warnings.warn(
/work/GRDVULN/correction/.venv/lib64/python3.11/site-packages/sklearn/impute/_base.py:647: UserWarning: Skipping features without any observed values: ['od_max_conf_chlorine_contact' 'od_max_conf_drying_bed'
 'od_max_conf_oxidation_pond']. At least one non-missing value is needed for imputation with strategy='median'.
  warnings.warn(
/work/GRDVULN/correction/.venv/lib64/python3.11/site-packages/sklearn/impute/_base.py:647: UserWarning: Skipping features without any observed values: ['od_max_conf_chlorine_contact' 'od_max_conf_drying_bed'
 'od_max_conf_oxidation_pond']. At least one non-missing value is needed for imputation with strategy='median'.
  warnings.warn(
/work/GRDVULN/correction/.venv/lib64/python3.11/site-packages/sklearn/impute/_base.py:647: UserWarning: Skipping features without any observed values: ['od_max_conf_chlorine_contact' 'od_max_conf_drying_bed'
 'od_max_conf_oxidation_pond']. At least one non-missing value is needed for imputation with strategy='median'.
  warnings.warn(
/work/GRDVULN/correction/.venv/lib64/python3.11/site-packages/sklearn/impute/_base.py:647: UserWarning: Skipping features without any observed values: ['od_max_conf_chlorine_contact' 'od_max_conf_drying_bed'
 'od_max_conf_oxidation_pond']. At least one non-missing value is needed for imputation with strategy='median'.
  warnings.warn(
/work/GRDVULN/correction/.venv/lib64/python3.11/site-packages/sklearn/impute/_base.py:647: UserWarning: Skipping features without any observed values: ['od_max_conf_chlorine_contact' 'od_max_conf_drying_bed'
 'od_max_conf_oxidation_pond']. At least one non-missing value is needed for imputation with strategy='median'.
  warnings.warn(
/work/GRDVULN/correction/.venv/lib64/python3.11/site-packages/sklearn/impute/_base.py:647: UserWarning: Skipping features without any observed values: ['od_max_conf_chlorine_contact' 'od_max_conf_drying_bed'
 'od_max_conf_oxidation_pond']. At least one non-missing value is needed for imputation with strategy='median'.
  warnings.warn(
/work/GRDVULN/correction/.venv/lib64/python3.11/site-packages/sklearn/impute/_base.py:647: UserWarning: Skipping features without any observed values: ['od_max_conf_chlorine_contact' 'od_max_conf_drying_bed'
 'od_max_conf_oxidation_pond']. At least one non-missing value is needed for imputation with strategy='median'.
  warnings.warn(
/work/GRDVULN/correction/.venv/lib64/python3.11/site-packages/sklearn/impute/_base.py:647: UserWarning: Skipping features without any observed values: ['od_max_conf_chlorine_contact' 'od_max_conf_drying_bed'
 'od_max_conf_oxidation_pond']. At least one non-missing value is needed for imputation with strategy='median'.
  warnings.warn(
/work/GRDVULN/correction/.venv/lib64/python3.11/site-packages/sklearn/impute/_base.py:647: UserWarning: Skipping features without any observed values: ['od_max_conf_chlorine_contact' 'od_max_conf_drying_bed'
 'od_max_conf_oxidation_pond']. At least one non-missing value is needed for imputation with strategy='median'.
  warnings.warn(
/work/GRDVULN/correction/.venv/lib64/python3.11/site-packages/sklearn/impute/_base.py:647: UserWarning: Skipping features without any observed values: ['od_max_conf_chlorine_contact' 'od_max_conf_drying_bed'
 'od_max_conf_oxidation_pond']. At least one non-missing value is needed for imputation with strategy='median'.
  warnings.warn(
/work/GRDVULN/correction/.venv/lib64/python3.11/site-packages/sklearn/impute/_base.py:647: UserWarning: Skipping features without any observed values: ['od_max_conf_chlorine_contact' 'od_max_conf_drying_bed'
 'od_max_conf_oxidation_pond']. At least one non-missing value is needed for imputation with strategy='median'.
  warnings.warn(
/work/GRDVULN/correction/.venv/lib64/python3.11/site-packages/sklearn/impute/_base.py:647: UserWarning: Skipping features without any observed values: ['od_max_conf_chlorine_contact' 'od_max_conf_drying_bed'
 'od_max_conf_oxidation_pond']. At least one non-missing value is needed for imputation with strategy='median'.
  warnings.warn(
/work/GRDVULN/correction/.venv/lib64/python3.11/site-packages/sklearn/impute/_base.py:647: UserWarning: Skipping features without any observed values: ['od_max_conf_chlorine_contact' 'od_max_conf_drying_bed'
 'od_max_conf_oxidation_pond']. At least one non-missing value is needed for imputation with strategy='median'.
  warnings.warn(
/work/GRDVULN/correction/.venv/lib64/python3.11/site-packages/sklearn/impute/_base.py:647: UserWarning: Skipping features without any observed values: ['od_max_conf_chlorine_contact' 'od_max_conf_drying_bed'
 'od_max_conf_oxidation_pond']. At least one non-missing value is needed for imputation with strategy='median'.
  warnings.warn(
/work/GRDVULN/correction/.venv/lib64/python3.11/site-packages/sklearn/impute/_base.py:647: UserWarning: Skipping features without any observed values: ['od_max_conf_chlorine_contact' 'od_max_conf_drying_bed'
 'od_max_conf_oxidation_pond']. At least one non-missing value is needed for imputation with strategy='median'.
  warnings.warn(
/work/GRDVULN/correction/.venv/lib64/python3.11/site-packages/sklearn/impute/_base.py:647: UserWarning: Skipping features without any observed values: ['od_max_conf_chlorine_contact' 'od_max_conf_drying_bed'
 'od_max_conf_oxidation_pond']. At least one non-missing value is needed for imputation with strategy='median'.
  warnings.warn(
/work/GRDVULN/correction/.venv/lib64/python3.11/site-packages/sklearn/impute/_base.py:647: UserWarning: Skipping features without any observed values: ['od_max_conf_chlorine_contact' 'od_max_conf_drying_bed'
 'od_max_conf_oxidation_pond']. At least one non-missing value is needed for imputation with strategy='median'.
  warnings.warn(
/work/GRDVULN/correction/.venv/lib64/python3.11/site-packages/sklearn/impute/_base.py:647: UserWarning: Skipping features without any observed values: ['od_max_conf_chlorine_contact' 'od_max_conf_drying_bed'
 'od_max_conf_oxidation_pond']. At least one non-missing value is needed for imputation with strategy='median'.
  warnings.warn(
/work/GRDVULN/correction/.venv/lib64/python3.11/site-packages/sklearn/impute/_base.py:647: UserWarning: Skipping features without any observed values: ['od_max_conf_chlorine_contact' 'od_max_conf_drying_bed'
 'od_max_conf_oxidation_pond']. At least one non-missing value is needed for imputation with strategy='median'.
  warnings.warn(
/work/GRDVULN/correction/.venv/lib64/python3.11/site-packages/sklearn/impute/_base.py:647: UserWarning: Skipping features without any observed values: ['od_max_conf_chlorine_contact' 'od_max_conf_drying_bed'
 'od_max_conf_oxidation_pond']. At least one non-missing value is needed for imputation with strategy='median'.
  warnings.warn(
/work/GRDVULN/correction/.venv/lib64/python3.11/site-packages/sklearn/impute/_base.py:647: UserWarning: Skipping features without any observed values: ['od_max_conf_chlorine_contact' 'od_max_conf_drying_bed'
 'od_max_conf_oxidation_pond']. At least one non-missing value is needed for imputation with strategy='median'.
  warnings.warn(
/work/GRDVULN/correction/.venv/lib64/python3.11/site-packages/sklearn/impute/_base.py:647: UserWarning: Skipping features without any observed values: ['od_max_conf_chlorine_contact' 'od_max_conf_drying_bed'
 'od_max_conf_oxidation_pond']. At least one non-missing value is needed for imputation with strategy='median'.
  warnings.warn(
/work/GRDVULN/correction/.venv/lib64/python3.11/site-packages/sklearn/impute/_base.py:647: UserWarning: Skipping features without any observed values: ['od_max_conf_chlorine_contact' 'od_max_conf_drying_bed'
 'od_max_conf_oxidation_pond']. At least one non-missing value is needed for imputation with strategy='median'.
  warnings.warn(
/work/GRDVULN/correction/.venv/lib64/python3.11/site-packages/sklearn/impute/_base.py:647: UserWarning: Skipping features without any observed values: ['od_max_conf_chlorine_contact' 'od_max_conf_drying_bed'
 'od_max_conf_oxidation_pond']. At least one non-missing value is needed for imputation with strategy='median'.
  warnings.warn(
/work/GRDVULN/correction/.venv/lib64/python3.11/site-packages/sklearn/impute/_base.py:647: UserWarning: Skipping features without any observed values: ['od_max_conf_chlorine_contact' 'od_max_conf_drying_bed'
 'od_max_conf_oxidation_pond']. At least one non-missing value is needed for imputation with strategy='median'.
  warnings.warn(
/work/GRDVULN/correction/.venv/lib64/python3.11/site-packages/sklearn/impute/_base.py:647: UserWarning: Skipping features without any observed values: ['od_max_conf_chlorine_contact' 'od_max_conf_drying_bed'
 'od_max_conf_oxidation_pond']. At least one non-missing value is needed for imputation with strategy='median'.
  warnings.warn(
/work/GRDVULN/correction/.venv/lib64/python3.11/site-packages/sklearn/impute/_base.py:647: UserWarning: Skipping features without any observed values: ['od_max_conf_chlorine_contact' 'od_max_conf_drying_bed'
 'od_max_conf_oxidation_pond']. At least one non-missing value is needed for imputation with strategy='median'.
  warnings.warn(
/work/GRDVULN/correction/.venv/lib64/python3.11/site-packages/sklearn/impute/_base.py:647: UserWarning: Skipping features without any observed values: ['od_max_conf_chlorine_contact' 'od_max_conf_drying_bed'
 'od_max_conf_oxidation_pond']. At least one non-missing value is needed for imputation with strategy='median'.
  warnings.warn(
/work/GRDVULN/correction/.venv/lib64/python3.11/site-packages/sklearn/impute/_base.py:647: UserWarning: Skipping features without any observed values: ['od_max_conf_chlorine_contact' 'od_max_conf_drying_bed'
 'od_max_conf_oxidation_pond']. At least one non-missing value is needed for imputation with strategy='median'.
  warnings.warn(
/work/GRDVULN/correction/.venv/lib64/python3.11/site-packages/sklearn/impute/_base.py:647: UserWarning: Skipping features without any observed values: ['od_max_conf_chlorine_contact' 'od_max_conf_drying_bed'
 'od_max_conf_oxidation_pond']. At least one non-missing value is needed for imputation with strategy='median'.
  warnings.warn(
/work/GRDVULN/correction/.venv/lib64/python3.11/site-packages/sklearn/impute/_base.py:647: UserWarning: Skipping features without any observed values: ['od_max_conf_chlorine_contact' 'od_max_conf_drying_bed'
 'od_max_conf_oxidation_pond']. At least one non-missing value is needed for imputation with strategy='median'.
  warnings.warn(
/work/GRDVULN/correction/.venv/lib64/python3.11/site-packages/sklearn/impute/_base.py:647: UserWarning: Skipping features without any observed values: ['od_max_conf_chlorine_contact' 'od_max_conf_drying_bed'
 'od_max_conf_oxidation_pond']. At least one non-missing value is needed for imputation with strategy='median'.
  warnings.warn(
/work/GRDVULN/correction/.venv/lib64/python3.11/site-packages/sklearn/impute/_base.py:647: UserWarning: Skipping features without any observed values: ['od_max_conf_chlorine_contact' 'od_max_conf_drying_bed'
 'od_max_conf_oxidation_pond']. At least one non-missing value is needed for imputation with strategy='median'.
  warnings.warn(
/work/GRDVULN/correction/.venv/lib64/python3.11/site-packages/sklearn/impute/_base.py:647: UserWarning: Skipping features without any observed values: ['od_max_conf_chlorine_contact' 'od_max_conf_drying_bed'
 'od_max_conf_oxidation_pond']. At least one non-missing value is needed for imputation with strategy='median'.
  warnings.warn(
/work/GRDVULN/correction/.venv/lib64/python3.11/site-packages/sklearn/impute/_base.py:647: UserWarning: Skipping features without any observed values: ['od_max_conf_chlorine_contact' 'od_max_conf_drying_bed'
 'od_max_conf_oxidation_pond']. At least one non-missing value is needed for imputation with strategy='median'.
  warnings.warn(
/work/GRDVULN/correction/.venv/lib64/python3.11/site-packages/sklearn/impute/_base.py:647: UserWarning: Skipping features without any observed values: ['od_max_conf_chlorine_contact' 'od_max_conf_drying_bed'
 'od_max_conf_oxidation_pond']. At least one non-missing value is needed for imputation with strategy='median'.
  warnings.warn(
/work/GRDVULN/correction/.venv/lib64/python3.11/site-packages/sklearn/impute/_base.py:647: UserWarning: Skipping features without any observed values: ['od_max_conf_chlorine_contact' 'od_max_conf_drying_bed'
 'od_max_conf_oxidation_pond']. At least one non-missing value is needed for imputation with strategy='median'.
  warnings.warn(
/work/GRDVULN/correction/.venv/lib64/python3.11/site-packages/sklearn/impute/_base.py:647: UserWarning: Skipping features without any observed values: ['od_max_conf_chlorine_contact' 'od_max_conf_drying_bed'
 'od_max_conf_oxidation_pond']. At least one non-missing value is needed for imputation with strategy='median'.
  warnings.warn(
/work/GRDVULN/correction/.venv/lib64/python3.11/site-packages/sklearn/impute/_base.py:647: UserWarning: Skipping features without any observed values: ['od_max_conf_chlorine_contact' 'od_max_conf_drying_bed'
 'od_max_conf_oxidation_pond']. At least one non-missing value is needed for imputation with strategy='median'.
  warnings.warn(
/work/GRDVULN/correction/.venv/lib64/python3.11/site-packages/sklearn/impute/_base.py:647: UserWarning: Skipping features without any observed values: ['od_max_conf_chlorine_contact' 'od_max_conf_drying_bed'
 'od_max_conf_oxidation_pond']. At least one non-missing value is needed for imputation with strategy='median'.
  warnings.warn(
/work/GRDVULN/correction/.venv/lib64/python3.11/site-packages/sklearn/impute/_base.py:647: UserWarning: Skipping features without any observed values: ['od_max_conf_chlorine_contact' 'od_max_conf_drying_bed'
 'od_max_conf_oxidation_pond']. At least one non-missing value is needed for imputation with strategy='median'.
  warnings.warn(
/work/GRDVULN/correction/.venv/lib64/python3.11/site-packages/sklearn/impute/_base.py:647: UserWarning: Skipping features without any observed values: ['od_max_conf_chlorine_contact' 'od_max_conf_drying_bed'
 'od_max_conf_oxidation_pond']. At least one non-missing value is needed for imputation with strategy='median'.
  warnings.warn(
/work/GRDVULN/correction/.venv/lib64/python3.11/site-packages/sklearn/impute/_base.py:647: UserWarning: Skipping features without any observed values: ['od_max_conf_chlorine_contact' 'od_max_conf_drying_bed'
 'od_max_conf_oxidation_pond']. At least one non-missing value is needed for imputation with strategy='median'.
  warnings.warn(
/work/GRDVULN/correction/.venv/lib64/python3.11/site-packages/sklearn/impute/_base.py:647: UserWarning: Skipping features without any observed values: ['od_max_conf_chlorine_contact' 'od_max_conf_drying_bed'
 'od_max_conf_oxidation_pond']. At least one non-missing value is needed for imputation with strategy='median'.
  warnings.warn(
/work/GRDVULN/correction/.venv/lib64/python3.11/site-packages/sklearn/impute/_base.py:647: UserWarning: Skipping features without any observed values: ['od_max_conf_chlorine_contact' 'od_max_conf_drying_bed'
 'od_max_conf_oxidation_pond']. At least one non-missing value is needed for imputation with strategy='median'.
  warnings.warn(
/work/GRDVULN/correction/.venv/lib64/python3.11/site-packages/sklearn/impute/_base.py:647: UserWarning: Skipping features without any observed values: ['od_max_conf_chlorine_contact' 'od_max_conf_drying_bed'
 'od_max_conf_oxidation_pond']. At least one non-missing value is needed for imputation with strategy='median'.
  warnings.warn(
/work/GRDVULN/correction/.venv/lib64/python3.11/site-packages/sklearn/impute/_base.py:647: UserWarning: Skipping features without any observed values: ['od_max_conf_chlorine_contact' 'od_max_conf_drying_bed'
 'od_max_conf_oxidation_pond']. At least one non-missing value is needed for imputation with strategy='median'.
  warnings.warn(
/work/GRDVULN/correction/.venv/lib64/python3.11/site-packages/sklearn/impute/_base.py:647: UserWarning: Skipping features without any observed values: ['od_max_conf_chlorine_contact' 'od_max_conf_drying_bed'
 'od_max_conf_oxidation_pond']. At least one non-missing value is needed for imputation with strategy='median'.
  warnings.warn(
/work/GRDVULN/correction/.venv/lib64/python3.11/site-packages/sklearn/impute/_base.py:647: UserWarning: Skipping features without any observed values: ['od_max_conf_chlorine_contact' 'od_max_conf_drying_bed'
 'od_max_conf_oxidation_pond']. At least one non-missing value is needed for imputation with strategy='median'.
  warnings.warn(
/work/GRDVULN/correction/.venv/lib64/python3.11/site-packages/sklearn/impute/_base.py:647: UserWarning: Skipping features without any observed values: ['od_max_conf_chlorine_contact' 'od_max_conf_drying_bed'
 'od_max_conf_oxidation_pond']. At least one non-missing value is needed for imputation with strategy='median'.
  warnings.warn(
/work/GRDVULN/correction/.venv/lib64/python3.11/site-packages/sklearn/impute/_base.py:647: UserWarning: Skipping features without any observed values: ['od_max_conf_chlorine_contact' 'od_max_conf_drying_bed'
 'od_max_conf_oxidation_pond']. At least one non-missing value is needed for imputation with strategy='median'.
  warnings.warn(
/work/GRDVULN/correction/.venv/lib64/python3.11/site-packages/sklearn/impute/_base.py:647: UserWarning: Skipping features without any observed values: ['od_max_conf_chlorine_contact' 'od_max_conf_drying_bed'
 'od_max_conf_oxidation_pond']. At least one non-missing value is needed for imputation with strategy='median'.
  warnings.warn(
/work/GRDVULN/correction/.venv/lib64/python3.11/site-packages/sklearn/impute/_base.py:647: UserWarning: Skipping features without any observed values: ['od_max_conf_chlorine_contact' 'od_max_conf_drying_bed'
 'od_max_conf_oxidation_pond']. At least one non-missing value is needed for imputation with strategy='median'.
  warnings.warn(
/work/GRDVULN/correction/.venv/lib64/python3.11/site-packages/sklearn/impute/_base.py:647: UserWarning: Skipping features without any observed values: ['od_max_conf_chlorine_contact' 'od_max_conf_drying_bed'
 'od_max_conf_oxidation_pond']. At least one non-missing value is needed for imputation with strategy='median'.
  warnings.warn(
/work/GRDVULN/correction/.venv/lib64/python3.11/site-packages/sklearn/impute/_base.py:647: UserWarning: Skipping features without any observed values: ['od_max_conf_chlorine_contact' 'od_max_conf_drying_bed'
 'od_max_conf_oxidation_pond']. At least one non-missing value is needed for imputation with strategy='median'.
  warnings.warn(
/work/GRDVULN/correction/.venv/lib64/python3.11/site-packages/sklearn/impute/_base.py:647: UserWarning: Skipping features without any observed values: ['od_max_conf_chlorine_contact' 'od_max_conf_drying_bed'
 'od_max_conf_oxidation_pond']. At least one non-missing value is needed for imputation with strategy='median'.
  warnings.warn(
/work/GRDVULN/correction/.venv/lib64/python3.11/site-packages/sklearn/impute/_base.py:647: UserWarning: Skipping features without any observed values: ['od_max_conf_chlorine_contact' 'od_max_conf_drying_bed'
 'od_max_conf_oxidation_pond']. At least one non-missing value is needed for imputation with strategy='median'.
  warnings.warn(
/work/GRDVULN/correction/.venv/lib64/python3.11/site-packages/sklearn/impute/_base.py:647: UserWarning: Skipping features without any observed values: ['od_max_conf_chlorine_contact' 'od_max_conf_drying_bed'
 'od_max_conf_oxidation_pond']. At least one non-missing value is needed for imputation with strategy='median'.
  warnings.warn(
/work/GRDVULN/correction/.venv/lib64/python3.11/site-packages/sklearn/impute/_base.py:647: UserWarning: Skipping features without any observed values: ['od_max_conf_chlorine_contact' 'od_max_conf_drying_bed'
 'od_max_conf_oxidation_pond']. At least one non-missing value is needed for imputation with strategy='median'.
  warnings.warn(
/work/GRDVULN/correction/.venv/lib64/python3.11/site-packages/sklearn/impute/_base.py:647: UserWarning: Skipping features without any observed values: ['od_max_conf_chlorine_contact' 'od_max_conf_drying_bed'
 'od_max_conf_oxidation_pond']. At least one non-missing value is needed for imputation with strategy='median'.
  warnings.warn(
/work/GRDVULN/correction/.venv/lib64/python3.11/site-packages/sklearn/impute/_base.py:647: UserWarning: Skipping features without any observed values: ['od_max_conf_chlorine_contact' 'od_max_conf_drying_bed'
 'od_max_conf_oxidation_pond']. At least one non-missing value is needed for imputation with strategy='median'.
  warnings.warn(
/work/GRDVULN/correction/.venv/lib64/python3.11/site-packages/sklearn/impute/_base.py:647: UserWarning: Skipping features without any observed values: ['od_max_conf_chlorine_contact' 'od_max_conf_drying_bed'
 'od_max_conf_oxidation_pond']. At least one non-missing value is needed for imputation with strategy='median'.
  warnings.warn(
/work/GRDVULN/correction/.venv/lib64/python3.11/site-packages/sklearn/impute/_base.py:647: UserWarning: Skipping features without any observed values: ['od_max_conf_chlorine_contact' 'od_max_conf_drying_bed'
 'od_max_conf_oxidation_pond']. At least one non-missing value is needed for imputation with strategy='median'.
  warnings.warn(
/work/GRDVULN/correction/.venv/lib64/python3.11/site-packages/sklearn/impute/_base.py:647: UserWarning: Skipping features without any observed values: ['od_max_conf_chlorine_contact' 'od_max_conf_drying_bed'
 'od_max_conf_oxidation_pond']. At least one non-missing value is needed for imputation with strategy='median'.
  warnings.warn(
/work/GRDVULN/correction/.venv/lib64/python3.11/site-packages/sklearn/impute/_base.py:647: UserWarning: Skipping features without any observed values: ['od_max_conf_chlorine_contact' 'od_max_conf_drying_bed'
 'od_max_conf_oxidation_pond']. At least one non-missing value is needed for imputation with strategy='median'.
  warnings.warn(
/work/GRDVULN/correction/.venv/lib64/python3.11/site-packages/sklearn/impute/_base.py:647: UserWarning: Skipping features without any observed values: ['od_max_conf_chlorine_contact' 'od_max_conf_drying_bed'
 'od_max_conf_oxidation_pond']. At least one non-missing value is needed for imputation with strategy='median'.
  warnings.warn(
/work/GRDVULN/correction/.venv/lib64/python3.11/site-packages/sklearn/impute/_base.py:647: UserWarning: Skipping features without any observed values: ['od_max_conf_chlorine_contact' 'od_max_conf_drying_bed'
 'od_max_conf_oxidation_pond']. At least one non-missing value is needed for imputation with strategy='median'.
  warnings.warn(
/work/GRDVULN/correction/.venv/lib64/python3.11/site-packages/sklearn/impute/_base.py:647: UserWarning: Skipping features without any observed values: ['od_max_conf_chlorine_contact' 'od_max_conf_drying_bed'
 'od_max_conf_oxidation_pond']. At least one non-missing value is needed for imputation with strategy='median'.
  warnings.warn(
/work/GRDVULN/correction/.venv/lib64/python3.11/site-packages/sklearn/impute/_base.py:647: UserWarning: Skipping features without any observed values: ['od_max_conf_chlorine_contact' 'od_max_conf_drying_bed'
 'od_max_conf_oxidation_pond']. At least one non-missing value is needed for imputation with strategy='median'.
  warnings.warn(
/work/GRDVULN/correction/.venv/lib64/python3.11/site-packages/sklearn/impute/_base.py:647: UserWarning: Skipping features without any observed values: ['od_max_conf_chlorine_contact' 'od_max_conf_drying_bed'
 'od_max_conf_oxidation_pond']. At least one non-missing value is needed for imputation with strategy='median'.
  warnings.warn(
/work/GRDVULN/correction/.venv/lib64/python3.11/site-packages/sklearn/impute/_base.py:647: UserWarning: Skipping features without any observed values: ['od_max_conf_chlorine_contact' 'od_max_conf_drying_bed'
 'od_max_conf_oxidation_pond']. At least one non-missing value is needed for imputation with strategy='median'.
  warnings.warn(
/work/GRDVULN/correction/.venv/lib64/python3.11/site-packages/sklearn/impute/_base.py:647: UserWarning: Skipping features without any observed values: ['od_max_conf_chlorine_contact' 'od_max_conf_drying_bed'
 'od_max_conf_oxidation_pond']. At least one non-missing value is needed for imputation with strategy='median'.
  warnings.warn(
/work/GRDVULN/correction/.venv/lib64/python3.11/site-packages/sklearn/impute/_base.py:647: UserWarning: Skipping features without any observed values: ['od_max_conf_chlorine_contact' 'od_max_conf_drying_bed'
 'od_max_conf_oxidation_pond']. At least one non-missing value is needed for imputation with strategy='median'.
  warnings.warn(
/work/GRDVULN/correction/.venv/lib64/python3.11/site-packages/sklearn/impute/_base.py:647: UserWarning: Skipping features without any observed values: ['od_max_conf_chlorine_contact' 'od_max_conf_drying_bed'
 'od_max_conf_oxidation_pond']. At least one non-missing value is needed for imputation with strategy='median'.
  warnings.warn(
/work/GRDVULN/correction/.venv/lib64/python3.11/site-packages/sklearn/impute/_base.py:647: UserWarning: Skipping features without any observed values: ['od_max_conf_chlorine_contact' 'od_max_conf_drying_bed'
 'od_max_conf_oxidation_pond']. At least one non-missing value is needed for imputation with strategy='median'.
  warnings.warn(
/work/GRDVULN/correction/.venv/lib64/python3.11/site-packages/sklearn/impute/_base.py:647: UserWarning: Skipping features without any observed values: ['od_max_conf_chlorine_contact' 'od_max_conf_drying_bed'
 'od_max_conf_oxidation_pond']. At least one non-missing value is needed for imputation with strategy='median'.
  warnings.warn(
/work/GRDVULN/correction/.venv/lib64/python3.11/site-packages/sklearn/impute/_base.py:647: UserWarning: Skipping features without any observed values: ['od_max_conf_chlorine_contact' 'od_max_conf_drying_bed'
 'od_max_conf_oxidation_pond']. At least one non-missing value is needed for imputation with strategy='median'.
  warnings.warn(
/work/GRDVULN/correction/.venv/lib64/python3.11/site-packages/sklearn/impute/_base.py:647: UserWarning: Skipping features without any observed values: ['od_max_conf_chlorine_contact' 'od_max_conf_drying_bed'
 'od_max_conf_oxidation_pond']. At least one non-missing value is needed for imputation with strategy='median'.
  warnings.warn(
/work/GRDVULN/correction/.venv/lib64/python3.11/site-packages/sklearn/impute/_base.py:647: UserWarning: Skipping features without any observed values: ['od_max_conf_chlorine_contact' 'od_max_conf_drying_bed'
 'od_max_conf_oxidation_pond']. At least one non-missing value is needed for imputation with strategy='median'.
  warnings.warn(
/work/GRDVULN/correction/.venv/lib64/python3.11/site-packages/sklearn/impute/_base.py:647: UserWarning: Skipping features without any observed values: ['od_max_conf_chlorine_contact' 'od_max_conf_drying_bed'
 'od_max_conf_oxidation_pond']. At least one non-missing value is needed for imputation with strategy='median'.
  warnings.warn(
/work/GRDVULN/correction/.venv/lib64/python3.11/site-packages/sklearn/impute/_base.py:647: UserWarning: Skipping features without any observed values: ['od_max_conf_chlorine_contact' 'od_max_conf_drying_bed'
 'od_max_conf_oxidation_pond']. At least one non-missing value is needed for imputation with strategy='median'.
  warnings.warn(
/work/GRDVULN/correction/.venv/lib64/python3.11/site-packages/sklearn/impute/_base.py:647: UserWarning: Skipping features without any observed values: ['od_max_conf_chlorine_contact' 'od_max_conf_drying_bed'
 'od_max_conf_oxidation_pond']. At least one non-missing value is needed for imputation with strategy='median'.
  warnings.warn(
/work/GRDVULN/correction/.venv/lib64/python3.11/site-packages/sklearn/impute/_base.py:647: UserWarning: Skipping features without any observed values: ['od_max_conf_chlorine_contact' 'od_max_conf_drying_bed'
 'od_max_conf_oxidation_pond']. At least one non-missing value is needed for imputation with strategy='median'.
  warnings.warn(
/work/GRDVULN/correction/.venv/lib64/python3.11/site-packages/sklearn/impute/_base.py:647: UserWarning: Skipping features without any observed values: ['od_max_conf_chlorine_contact' 'od_max_conf_drying_bed'
 'od_max_conf_oxidation_pond']. At least one non-missing value is needed for imputation with strategy='median'.
  warnings.warn(
/work/GRDVULN/correction/.venv/lib64/python3.11/site-packages/sklearn/impute/_base.py:647: UserWarning: Skipping features without any observed values: ['od_max_conf_chlorine_contact' 'od_max_conf_drying_bed'
 'od_max_conf_oxidation_pond']. At least one non-missing value is needed for imputation with strategy='median'.
  warnings.warn(
/work/GRDVULN/correction/.venv/lib64/python3.11/site-packages/sklearn/impute/_base.py:647: UserWarning: Skipping features without any observed values: ['od_max_conf_chlorine_contact' 'od_max_conf_drying_bed'
 'od_max_conf_oxidation_pond']. At least one non-missing value is needed for imputation with strategy='median'.
  warnings.warn(
/work/GRDVULN/correction/.venv/lib64/python3.11/site-packages/sklearn/impute/_base.py:647: UserWarning: Skipping features without any observed values: ['od_max_conf_chlorine_contact' 'od_max_conf_drying_bed'
 'od_max_conf_oxidation_pond']. At least one non-missing value is needed for imputation with strategy='median'.
  warnings.warn(
/work/GRDVULN/correction/.venv/lib64/python3.11/site-packages/sklearn/impute/_base.py:647: UserWarning: Skipping features without any observed values: ['od_max_conf_chlorine_contact' 'od_max_conf_drying_bed'
 'od_max_conf_oxidation_pond']. At least one non-missing value is needed for imputation with strategy='median'.
  warnings.warn(
/work/GRDVULN/correction/.venv/lib64/python3.11/site-packages/sklearn/impute/_base.py:647: UserWarning: Skipping features without any observed values: ['od_max_conf_chlorine_contact' 'od_max_conf_drying_bed'
 'od_max_conf_oxidation_pond']. At least one non-missing value is needed for imputation with strategy='median'.
  warnings.warn(
/work/GRDVULN/correction/.venv/lib64/python3.11/site-packages/sklearn/impute/_base.py:647: UserWarning: Skipping features without any observed values: ['od_max_conf_chlorine_contact' 'od_max_conf_drying_bed'
 'od_max_conf_oxidation_pond']. At least one non-missing value is needed for imputation with strategy='median'.
  warnings.warn(
/work/GRDVULN/correction/.venv/lib64/python3.11/site-packages/sklearn/impute/_base.py:647: UserWarning: Skipping features without any observed values: ['od_max_conf_chlorine_contact' 'od_max_conf_drying_bed'
 'od_max_conf_oxidation_pond']. At least one non-missing value is needed for imputation with strategy='median'.
  warnings.warn(
/work/GRDVULN/correction/.venv/lib64/python3.11/site-packages/sklearn/impute/_base.py:647: UserWarning: Skipping features without any observed values: ['od_max_conf_chlorine_contact' 'od_max_conf_drying_bed'
 'od_max_conf_oxidation_pond']. At least one non-missing value is needed for imputation with strategy='median'.
  warnings.warn(
/work/GRDVULN/correction/.venv/lib64/python3.11/site-packages/sklearn/impute/_base.py:647: UserWarning: Skipping features without any observed values: ['od_max_conf_chlorine_contact' 'od_max_conf_drying_bed'
 'od_max_conf_oxidation_pond']. At least one non-missing value is needed for imputation with strategy='median'.
  warnings.warn(
/work/GRDVULN/correction/.venv/lib64/python3.11/site-packages/sklearn/impute/_base.py:647: UserWarning: Skipping features without any observed values: ['od_max_conf_chlorine_contact' 'od_max_conf_drying_bed'
 'od_max_conf_oxidation_pond']. At least one non-missing value is needed for imputation with strategy='median'.
  warnings.warn(
/work/GRDVULN/correction/.venv/lib64/python3.11/site-packages/sklearn/impute/_base.py:647: UserWarning: Skipping features without any observed values: ['od_max_conf_chlorine_contact' 'od_max_conf_drying_bed'
 'od_max_conf_oxidation_pond']. At least one non-missing value is needed for imputation with strategy='median'.
  warnings.warn(
/work/GRDVULN/correction/.venv/lib64/python3.11/site-packages/sklearn/impute/_base.py:647: UserWarning: Skipping features without any observed values: ['od_max_conf_chlorine_contact' 'od_max_conf_drying_bed'
 'od_max_conf_oxidation_pond']. At least one non-missing value is needed for imputation with strategy='median'.
  warnings.warn(
/work/GRDVULN/correction/.venv/lib64/python3.11/site-packages/sklearn/impute/_base.py:647: UserWarning: Skipping features without any observed values: ['od_max_conf_chlorine_contact' 'od_max_conf_drying_bed'
 'od_max_conf_oxidation_pond']. At least one non-missing value is needed for imputation with strategy='median'.
  warnings.warn(
/work/GRDVULN/correction/.venv/lib64/python3.11/site-packages/sklearn/impute/_base.py:647: UserWarning: Skipping features without any observed values: ['od_max_conf_chlorine_contact' 'od_max_conf_drying_bed'
 'od_max_conf_oxidation_pond']. At least one non-missing value is needed for imputation with strategy='median'.
  warnings.warn(
/work/GRDVULN/correction/.venv/lib64/python3.11/site-packages/sklearn/impute/_base.py:647: UserWarning: Skipping features without any observed values: ['od_max_conf_chlorine_contact' 'od_max_conf_drying_bed'
 'od_max_conf_oxidation_pond']. At least one non-missing value is needed for imputation with strategy='median'.
  warnings.warn(
/work/GRDVULN/correction/.venv/lib64/python3.11/site-packages/sklearn/impute/_base.py:647: UserWarning: Skipping features without any observed values: ['od_max_conf_chlorine_contact' 'od_max_conf_drying_bed'
 'od_max_conf_oxidation_pond']. At least one non-missing value is needed for imputation with strategy='median'.
  warnings.warn(
/work/GRDVULN/correction/.venv/lib64/python3.11/site-packages/sklearn/impute/_base.py:647: UserWarning: Skipping features without any observed values: ['od_max_conf_chlorine_contact' 'od_max_conf_drying_bed'
 'od_max_conf_oxidation_pond']. At least one non-missing value is needed for imputation with strategy='median'.
  warnings.warn(
/work/GRDVULN/correction/.venv/lib64/python3.11/site-packages/sklearn/impute/_base.py:647: UserWarning: Skipping features without any observed values: ['od_max_conf_chlorine_contact' 'od_max_conf_drying_bed'
 'od_max_conf_oxidation_pond']. At least one non-missing value is needed for imputation with strategy='median'.
  warnings.warn(
/work/GRDVULN/correction/.venv/lib64/python3.11/site-packages/sklearn/impute/_base.py:647: UserWarning: Skipping features without any observed values: ['od_max_conf_chlorine_contact' 'od_max_conf_drying_bed'
 'od_max_conf_oxidation_pond']. At least one non-missing value is needed for imputation with strategy='median'.
  warnings.warn(
/work/GRDVULN/correction/.venv/lib64/python3.11/site-packages/sklearn/impute/_base.py:647: UserWarning: Skipping features without any observed values: ['od_max_conf_chlorine_contact' 'od_max_conf_drying_bed'
 'od_max_conf_oxidation_pond']. At least one non-missing value is needed for imputation with strategy='median'.
  warnings.warn(
/work/GRDVULN/correction/.venv/lib64/python3.11/site-packages/sklearn/impute/_base.py:647: UserWarning: Skipping features without any observed values: ['od_max_conf_chlorine_contact' 'od_max_conf_drying_bed'
 'od_max_conf_oxidation_pond']. At least one non-missing value is needed for imputation with strategy='median'.
  warnings.warn(
/work/GRDVULN/correction/.venv/lib64/python3.11/site-packages/sklearn/impute/_base.py:647: UserWarning: Skipping features without any observed values: ['od_max_conf_chlorine_contact' 'od_max_conf_drying_bed'
 'od_max_conf_oxidation_pond']. At least one non-missing value is needed for imputation with strategy='median'.
  warnings.warn(
/work/GRDVULN/correction/.venv/lib64/python3.11/site-packages/sklearn/impute/_base.py:647: UserWarning: Skipping features without any observed values: ['od_max_conf_chlorine_contact' 'od_max_conf_drying_bed'
 'od_max_conf_oxidation_pond']. At least one non-missing value is needed for imputation with strategy='median'.
  warnings.warn(
/work/GRDVULN/correction/.venv/lib64/python3.11/site-packages/sklearn/impute/_base.py:647: UserWarning: Skipping features without any observed values: ['od_max_conf_chlorine_contact' 'od_max_conf_drying_bed'
 'od_max_conf_oxidation_pond']. At least one non-missing value is needed for imputation with strategy='median'.
  warnings.warn(
/work/GRDVULN/correction/.venv/lib64/python3.11/site-packages/sklearn/impute/_base.py:647: UserWarning: Skipping features without any observed values: ['od_max_conf_chlorine_contact' 'od_max_conf_drying_bed'
 'od_max_conf_oxidation_pond']. At least one non-missing value is needed for imputation with strategy='median'.
  warnings.warn(
/work/GRDVULN/correction/.venv/lib64/python3.11/site-packages/sklearn/impute/_base.py:647: UserWarning: Skipping features without any observed values: ['od_max_conf_chlorine_contact' 'od_max_conf_drying_bed'
 'od_max_conf_oxidation_pond']. At least one non-missing value is needed for imputation with strategy='median'.
  warnings.warn(
/work/GRDVULN/correction/.venv/lib64/python3.11/site-packages/sklearn/impute/_base.py:647: UserWarning: Skipping features without any observed values: ['od_max_conf_chlorine_contact' 'od_max_conf_drying_bed'
 'od_max_conf_oxidation_pond']. At least one non-missing value is needed for imputation with strategy='median'.
  warnings.warn(
/work/GRDVULN/correction/.venv/lib64/python3.11/site-packages/sklearn/impute/_base.py:647: UserWarning: Skipping features without any observed values: ['od_max_conf_chlorine_contact' 'od_max_conf_drying_bed'
 'od_max_conf_oxidation_pond']. At least one non-missing value is needed for imputation with strategy='median'.
  warnings.warn(
/work/GRDVULN/correction/.venv/lib64/python3.11/site-packages/sklearn/impute/_base.py:647: UserWarning: Skipping features without any observed values: ['od_max_conf_chlorine_contact' 'od_max_conf_drying_bed'
 'od_max_conf_oxidation_pond']. At least one non-missing value is needed for imputation with strategy='median'.
  warnings.warn(
/work/GRDVULN/correction/.venv/lib64/python3.11/site-packages/sklearn/impute/_base.py:647: UserWarning: Skipping features without any observed values: ['od_max_conf_chlorine_contact' 'od_max_conf_drying_bed'
 'od_max_conf_oxidation_pond']. At least one non-missing value is needed for imputation with strategy='median'.
  warnings.warn(
/work/GRDVULN/correction/.venv/lib64/python3.11/site-packages/sklearn/impute/_base.py:647: UserWarning: Skipping features without any observed values: ['od_max_conf_chlorine_contact' 'od_max_conf_drying_bed'
 'od_max_conf_oxidation_pond']. At least one non-missing value is needed for imputation with strategy='median'.
  warnings.warn(
/work/GRDVULN/correction/.venv/lib64/python3.11/site-packages/sklearn/impute/_base.py:647: UserWarning: Skipping features without any observed values: ['od_max_conf_chlorine_contact' 'od_max_conf_drying_bed'
 'od_max_conf_oxidation_pond']. At least one non-missing value is needed for imputation with strategy='median'.
  warnings.warn(
/work/GRDVULN/correction/.venv/lib64/python3.11/site-packages/sklearn/impute/_base.py:647: UserWarning: Skipping features without any observed values: ['od_max_conf_chlorine_contact' 'od_max_conf_drying_bed'
 'od_max_conf_oxidation_pond']. At least one non-missing value is needed for imputation with strategy='median'.
  warnings.warn(
/work/GRDVULN/correction/.venv/lib64/python3.11/site-packages/sklearn/impute/_base.py:647: UserWarning: Skipping features without any observed values: ['od_max_conf_chlorine_contact' 'od_max_conf_drying_bed'
 'od_max_conf_oxidation_pond']. At least one non-missing value is needed for imputation with strategy='median'.
  warnings.warn(
/work/GRDVULN/correction/.venv/lib64/python3.11/site-packages/sklearn/impute/_base.py:647: UserWarning: Skipping features without any observed values: ['od_max_conf_chlorine_contact' 'od_max_conf_drying_bed'
 'od_max_conf_oxidation_pond']. At least one non-missing value is needed for imputation with strategy='median'.
  warnings.warn(
/work/GRDVULN/correction/.venv/lib64/python3.11/site-packages/sklearn/impute/_base.py:647: UserWarning: Skipping features without any observed values: ['od_max_conf_chlorine_contact' 'od_max_conf_drying_bed'
 'od_max_conf_oxidation_pond']. At least one non-missing value is needed for imputation with strategy='median'.
  warnings.warn(
/work/GRDVULN/correction/.venv/lib64/python3.11/site-packages/sklearn/impute/_base.py:647: UserWarning: Skipping features without any observed values: ['od_max_conf_chlorine_contact' 'od_max_conf_drying_bed'
 'od_max_conf_oxidation_pond']. At least one non-missing value is needed for imputation with strategy='median'.
  warnings.warn(
/work/GRDVULN/correction/.venv/lib64/python3.11/site-packages/sklearn/impute/_base.py:647: UserWarning: Skipping features without any observed values: ['od_max_conf_chlorine_contact' 'od_max_conf_drying_bed'
 'od_max_conf_oxidation_pond']. At least one non-missing value is needed for imputation with strategy='median'.
  warnings.warn(
/work/GRDVULN/correction/.venv/lib64/python3.11/site-packages/sklearn/impute/_base.py:647: UserWarning: Skipping features without any observed values: ['od_max_conf_chlorine_contact' 'od_max_conf_drying_bed'
 'od_max_conf_oxidation_pond']. At least one non-missing value is needed for imputation with strategy='median'.
  warnings.warn(
/work/GRDVULN/correction/.venv/lib64/python3.11/site-packages/sklearn/impute/_base.py:647: UserWarning: Skipping features without any observed values: ['od_max_conf_chlorine_contact' 'od_max_conf_drying_bed'
 'od_max_conf_oxidation_pond']. At least one non-missing value is needed for imputation with strategy='median'.
  warnings.warn(
/work/GRDVULN/correction/.venv/lib64/python3.11/site-packages/sklearn/impute/_base.py:647: UserWarning: Skipping features without any observed values: ['od_max_conf_chlorine_contact' 'od_max_conf_drying_bed'
 'od_max_conf_oxidation_pond']. At least one non-missing value is needed for imputation with strategy='median'.
  warnings.warn(
/work/GRDVULN/correction/.venv/lib64/python3.11/site-packages/sklearn/impute/_base.py:647: UserWarning: Skipping features without any observed values: ['od_max_conf_chlorine_contact' 'od_max_conf_drying_bed'
 'od_max_conf_oxidation_pond']. At least one non-missing value is needed for imputation with strategy='median'.
  warnings.warn(
/work/GRDVULN/correction/.venv/lib64/python3.11/site-packages/sklearn/impute/_base.py:647: UserWarning: Skipping features without any observed values: ['od_max_conf_chlorine_contact' 'od_max_conf_drying_bed'
 'od_max_conf_oxidation_pond']. At least one non-missing value is needed for imputation with strategy='median'.
  warnings.warn(
/work/GRDVULN/correction/.venv/lib64/python3.11/site-packages/sklearn/impute/_base.py:647: UserWarning: Skipping features without any observed values: ['od_max_conf_chlorine_contact' 'od_max_conf_drying_bed'
 'od_max_conf_oxidation_pond']. At least one non-missing value is needed for imputation with strategy='median'.
  warnings.warn(
/work/GRDVULN/correction/.venv/lib64/python3.11/site-packages/sklearn/impute/_base.py:647: UserWarning: Skipping features without any observed values: ['od_max_conf_chlorine_contact' 'od_max_conf_drying_bed'
 'od_max_conf_oxidation_pond']. At least one non-missing value is needed for imputation with strategy='median'.
  warnings.warn(
/work/GRDVULN/correction/.venv/lib64/python3.11/site-packages/sklearn/impute/_base.py:647: UserWarning: Skipping features without any observed values: ['od_max_conf_chlorine_contact' 'od_max_conf_drying_bed'
 'od_max_conf_oxidation_pond']. At least one non-missing value is needed for imputation with strategy='median'.
  warnings.warn(
/work/GRDVULN/correction/.venv/lib64/python3.11/site-packages/sklearn/impute/_base.py:647: UserWarning: Skipping features without any observed values: ['od_max_conf_chlorine_contact' 'od_max_conf_drying_bed'
 'od_max_conf_oxidation_pond']. At least one non-missing value is needed for imputation with strategy='median'.
  warnings.warn(
/work/GRDVULN/correction/.venv/lib64/python3.11/site-packages/sklearn/impute/_base.py:647: UserWarning: Skipping features without any observed values: ['od_max_conf_chlorine_contact' 'od_max_conf_drying_bed'
 'od_max_conf_oxidation_pond']. At least one non-missing value is needed for imputation with strategy='median'.
  warnings.warn(
/work/GRDVULN/correction/.venv/lib64/python3.11/site-packages/sklearn/impute/_base.py:647: UserWarning: Skipping features without any observed values: ['od_max_conf_chlorine_contact' 'od_max_conf_drying_bed'
 'od_max_conf_oxidation_pond']. At least one non-missing value is needed for imputation with strategy='median'.
  warnings.warn(
/work/GRDVULN/correction/.venv/lib64/python3.11/site-packages/sklearn/impute/_base.py:647: UserWarning: Skipping features without any observed values: ['od_max_conf_chlorine_contact' 'od_max_conf_drying_bed'
 'od_max_conf_oxidation_pond']. At least one non-missing value is needed for imputation with strategy='median'.
  warnings.warn(
/work/GRDVULN/correction/.venv/lib64/python3.11/site-packages/sklearn/impute/_base.py:647: UserWarning: Skipping features without any observed values: ['od_max_conf_chlorine_contact' 'od_max_conf_drying_bed'
 'od_max_conf_oxidation_pond']. At least one non-missing value is needed for imputation with strategy='median'.
  warnings.warn(
/work/GRDVULN/correction/.venv/lib64/python3.11/site-packages/sklearn/impute/_base.py:647: UserWarning: Skipping features without any observed values: ['od_max_conf_chlorine_contact' 'od_max_conf_drying_bed'
 'od_max_conf_oxidation_pond']. At least one non-missing value is needed for imputation with strategy='median'.
  warnings.warn(
/work/GRDVULN/correction/.venv/lib64/python3.11/site-packages/sklearn/impute/_base.py:647: UserWarning: Skipping features without any observed values: ['od_max_conf_chlorine_contact' 'od_max_conf_drying_bed'
 'od_max_conf_oxidation_pond']. At least one non-missing value is needed for imputation with strategy='median'.
  warnings.warn(
/work/GRDVULN/correction/.venv/lib64/python3.11/site-packages/sklearn/impute/_base.py:647: UserWarning: Skipping features without any observed values: ['od_max_conf_chlorine_contact' 'od_max_conf_drying_bed'
 'od_max_conf_oxidation_pond']. At least one non-missing value is needed for imputation with strategy='median'.
  warnings.warn(
/work/GRDVULN/correction/.venv/lib64/python3.11/site-packages/sklearn/impute/_base.py:647: UserWarning: Skipping features without any observed values: ['od_max_conf_chlorine_contact' 'od_max_conf_drying_bed'
 'od_max_conf_oxidation_pond']. At least one non-missing value is needed for imputation with strategy='median'.
  warnings.warn(
/work/GRDVULN/correction/.venv/lib64/python3.11/site-packages/sklearn/impute/_base.py:647: UserWarning: Skipping features without any observed values: ['od_max_conf_chlorine_contact' 'od_max_conf_drying_bed'
 'od_max_conf_oxidation_pond']. At least one non-missing value is needed for imputation with strategy='median'.
  warnings.warn(
/work/GRDVULN/correction/.venv/lib64/python3.11/site-packages/sklearn/impute/_base.py:647: UserWarning: Skipping features without any observed values: ['od_max_conf_chlorine_contact' 'od_max_conf_drying_bed'
 'od_max_conf_oxidation_pond']. At least one non-missing value is needed for imputation with strategy='median'.
  warnings.warn(
/work/GRDVULN/correction/.venv/lib64/python3.11/site-packages/sklearn/impute/_base.py:647: UserWarning: Skipping features without any observed values: ['od_max_conf_chlorine_contact' 'od_max_conf_drying_bed'
 'od_max_conf_oxidation_pond']. At least one non-missing value is needed for imputation with strategy='median'.
  warnings.warn(
/work/GRDVULN/correction/.venv/lib64/python3.11/site-packages/sklearn/impute/_base.py:647: UserWarning: Skipping features without any observed values: ['od_max_conf_chlorine_contact' 'od_max_conf_drying_bed'
 'od_max_conf_oxidation_pond']. At least one non-missing value is needed for imputation with strategy='median'.
  warnings.warn(
/work/GRDVULN/correction/.venv/lib64/python3.11/site-packages/sklearn/impute/_base.py:647: UserWarning: Skipping features without any observed values: ['od_max_conf_chlorine_contact' 'od_max_conf_drying_bed'
 'od_max_conf_oxidation_pond']. At least one non-missing value is needed for imputation with strategy='median'.
  warnings.warn(
/work/GRDVULN/correction/.venv/lib64/python3.11/site-packages/sklearn/impute/_base.py:647: UserWarning: Skipping features without any observed values: ['od_max_conf_chlorine_contact' 'od_max_conf_drying_bed'
 'od_max_conf_oxidation_pond']. At least one non-missing value is needed for imputation with strategy='median'.
  warnings.warn(
/work/GRDVULN/correction/.venv/lib64/python3.11/site-packages/sklearn/impute/_base.py:647: UserWarning: Skipping features without any observed values: ['od_max_conf_chlorine_contact' 'od_max_conf_drying_bed'
 'od_max_conf_oxidation_pond']. At least one non-missing value is needed for imputation with strategy='median'.
  warnings.warn(
/work/GRDVULN/correction/.venv/lib64/python3.11/site-packages/sklearn/impute/_base.py:647: UserWarning: Skipping features without any observed values: ['od_max_conf_chlorine_contact' 'od_max_conf_drying_bed'
 'od_max_conf_oxidation_pond']. At least one non-missing value is needed for imputation with strategy='median'.
  warnings.warn(
/work/GRDVULN/correction/.venv/lib64/python3.11/site-packages/sklearn/impute/_base.py:647: UserWarning: Skipping features without any observed values: ['od_max_conf_chlorine_contact' 'od_max_conf_drying_bed'
 'od_max_conf_oxidation_pond']. At least one non-missing value is needed for imputation with strategy='median'.
  warnings.warn(
/work/GRDVULN/correction/.venv/lib64/python3.11/site-packages/sklearn/impute/_base.py:647: UserWarning: Skipping features without any observed values: ['od_max_conf_chlorine_contact' 'od_max_conf_drying_bed'
 'od_max_conf_oxidation_pond']. At least one non-missing value is needed for imputation with strategy='median'.
  warnings.warn(
/work/GRDVULN/correction/.venv/lib64/python3.11/site-packages/sklearn/impute/_base.py:647: UserWarning: Skipping features without any observed values: ['od_max_conf_chlorine_contact' 'od_max_conf_drying_bed'
 'od_max_conf_oxidation_pond']. At least one non-missing value is needed for imputation with strategy='median'.
  warnings.warn(
/work/GRDVULN/correction/.venv/lib64/python3.11/site-packages/sklearn/impute/_base.py:647: UserWarning: Skipping features without any observed values: ['od_max_conf_chlorine_contact' 'od_max_conf_drying_bed'
 'od_max_conf_oxidation_pond']. At least one non-missing value is needed for imputation with strategy='median'.
  warnings.warn(
/work/GRDVULN/correction/.venv/lib64/python3.11/site-packages/sklearn/impute/_base.py:647: UserWarning: Skipping features without any observed values: ['od_max_conf_chlorine_contact' 'od_max_conf_drying_bed'
 'od_max_conf_oxidation_pond']. At least one non-missing value is needed for imputation with strategy='median'.
  warnings.warn(
/work/GRDVULN/correction/.venv/lib64/python3.11/site-packages/sklearn/impute/_base.py:647: UserWarning: Skipping features without any observed values: ['od_max_conf_chlorine_contact' 'od_max_conf_drying_bed'
 'od_max_conf_oxidation_pond']. At least one non-missing value is needed for imputation with strategy='median'.
  warnings.warn(
/work/GRDVULN/correction/.venv/lib64/python3.11/site-packages/sklearn/impute/_base.py:647: UserWarning: Skipping features without any observed values: ['od_max_conf_chlorine_contact' 'od_max_conf_drying_bed'
 'od_max_conf_oxidation_pond']. At least one non-missing value is needed for imputation with strategy='median'.
  warnings.warn(
/work/GRDVULN/correction/.venv/lib64/python3.11/site-packages/sklearn/impute/_base.py:647: UserWarning: Skipping features without any observed values: ['od_max_conf_chlorine_contact' 'od_max_conf_drying_bed'
 'od_max_conf_oxidation_pond']. At least one non-missing value is needed for imputation with strategy='median'.
  warnings.warn(
/work/GRDVULN/correction/.venv/lib64/python3.11/site-packages/sklearn/impute/_base.py:647: UserWarning: Skipping features without any observed values: ['od_max_conf_chlorine_contact' 'od_max_conf_drying_bed'
 'od_max_conf_oxidation_pond']. At least one non-missing value is needed for imputation with strategy='median'.
  warnings.warn(
/work/GRDVULN/correction/.venv/lib64/python3.11/site-packages/sklearn/impute/_base.py:647: UserWarning: Skipping features without any observed values: ['od_max_conf_chlorine_contact' 'od_max_conf_drying_bed'
 'od_max_conf_oxidation_pond']. At least one non-missing value is needed for imputation with strategy='median'.
  warnings.warn(
/work/GRDVULN/correction/.venv/lib64/python3.11/site-packages/sklearn/impute/_base.py:647: UserWarning: Skipping features without any observed values: ['od_max_conf_chlorine_contact' 'od_max_conf_drying_bed'
 'od_max_conf_oxidation_pond']. At least one non-missing value is needed for imputation with strategy='median'.
  warnings.warn(
/work/GRDVULN/correction/.venv/lib64/python3.11/site-packages/sklearn/impute/_base.py:647: UserWarning: Skipping features without any observed values: ['od_max_conf_chlorine_contact' 'od_max_conf_drying_bed'
 'od_max_conf_oxidation_pond']. At least one non-missing value is needed for imputation with strategy='median'.
  warnings.warn(
/work/GRDVULN/correction/.venv/lib64/python3.11/site-packages/sklearn/impute/_base.py:647: UserWarning: Skipping features without any observed values: ['od_max_conf_chlorine_contact' 'od_max_conf_drying_bed'
 'od_max_conf_oxidation_pond']. At least one non-missing value is needed for imputation with strategy='median'.
  warnings.warn(
/work/GRDVULN/correction/.venv/lib64/python3.11/site-packages/sklearn/impute/_base.py:647: UserWarning: Skipping features without any observed values: ['od_max_conf_chlorine_contact' 'od_max_conf_drying_bed'
 'od_max_conf_oxidation_pond']. At least one non-missing value is needed for imputation with strategy='median'.
  warnings.warn(
/work/GRDVULN/correction/.venv/lib64/python3.11/site-packages/sklearn/impute/_base.py:647: UserWarning: Skipping features without any observed values: ['od_max_conf_chlorine_contact' 'od_max_conf_drying_bed'
 'od_max_conf_oxidation_pond']. At least one non-missing value is needed for imputation with strategy='median'.
  warnings.warn(
/work/GRDVULN/correction/.venv/lib64/python3.11/site-packages/sklearn/impute/_base.py:647: UserWarning: Skipping features without any observed values: ['od_max_conf_chlorine_contact' 'od_max_conf_drying_bed'
 'od_max_conf_oxidation_pond']. At least one non-missing value is needed for imputation with strategy='median'.
  warnings.warn(
/work/GRDVULN/correction/.venv/lib64/python3.11/site-packages/sklearn/impute/_base.py:647: UserWarning: Skipping features without any observed values: ['od_max_conf_chlorine_contact' 'od_max_conf_drying_bed'
 'od_max_conf_oxidation_pond']. At least one non-missing value is needed for imputation with strategy='median'.
  warnings.warn(
/work/GRDVULN/correction/.venv/lib64/python3.11/site-packages/sklearn/impute/_base.py:647: UserWarning: Skipping features without any observed values: ['od_max_conf_chlorine_contact' 'od_max_conf_drying_bed'
 'od_max_conf_oxidation_pond']. At least one non-missing value is needed for imputation with strategy='median'.
  warnings.warn(
/work/GRDVULN/correction/.venv/lib64/python3.11/site-packages/sklearn/impute/_base.py:647: UserWarning: Skipping features without any observed values: ['od_max_conf_chlorine_contact' 'od_max_conf_drying_bed'
 'od_max_conf_oxidation_pond']. At least one non-missing value is needed for imputation with strategy='median'.
  warnings.warn(
/work/GRDVULN/correction/.venv/lib64/python3.11/site-packages/sklearn/impute/_base.py:647: UserWarning: Skipping features without any observed values: ['od_max_conf_chlorine_contact' 'od_max_conf_drying_bed'
 'od_max_conf_oxidation_pond']. At least one non-missing value is needed for imputation with strategy='median'.
  warnings.warn(
/work/GRDVULN/correction/.venv/lib64/python3.11/site-packages/sklearn/impute/_base.py:647: UserWarning: Skipping features without any observed values: ['od_max_conf_chlorine_contact' 'od_max_conf_drying_bed'
 'od_max_conf_oxidation_pond']. At least one non-missing value is needed for imputation with strategy='median'.
  warnings.warn(
/work/GRDVULN/correction/.venv/lib64/python3.11/site-packages/sklearn/impute/_base.py:647: UserWarning: Skipping features without any observed values: ['od_max_conf_chlorine_contact' 'od_max_conf_drying_bed'
 'od_max_conf_oxidation_pond']. At least one non-missing value is needed for imputation with strategy='median'.
  warnings.warn(
/work/GRDVULN/correction/.venv/lib64/python3.11/site-packages/sklearn/impute/_base.py:647: UserWarning: Skipping features without any observed values: ['od_max_conf_chlorine_contact' 'od_max_conf_drying_bed'
 'od_max_conf_oxidation_pond']. At least one non-missing value is needed for imputation with strategy='median'.
  warnings.warn(
/work/GRDVULN/correction/.venv/lib64/python3.11/site-packages/sklearn/impute/_base.py:647: UserWarning: Skipping features without any observed values: ['od_max_conf_chlorine_contact' 'od_max_conf_drying_bed'
 'od_max_conf_oxidation_pond']. At least one non-missing value is needed for imputation with strategy='median'.
  warnings.warn(
/work/GRDVULN/correction/.venv/lib64/python3.11/site-packages/sklearn/impute/_base.py:647: UserWarning: Skipping features without any observed values: ['od_max_conf_chlorine_contact' 'od_max_conf_drying_bed'
 'od_max_conf_oxidation_pond']. At least one non-missing value is needed for imputation with strategy='median'.
  warnings.warn(
/work/GRDVULN/correction/.venv/lib64/python3.11/site-packages/sklearn/impute/_base.py:647: UserWarning: Skipping features without any observed values: ['od_max_conf_chlorine_contact' 'od_max_conf_drying_bed'
 'od_max_conf_oxidation_pond']. At least one non-missing value is needed for imputation with strategy='median'.
  warnings.warn(
/work/GRDVULN/correction/.venv/lib64/python3.11/site-packages/sklearn/impute/_base.py:647: UserWarning: Skipping features without any observed values: ['od_max_conf_chlorine_contact' 'od_max_conf_drying_bed'
 'od_max_conf_oxidation_pond']. At least one non-missing value is needed for imputation with strategy='median'.
  warnings.warn(
/work/GRDVULN/correction/.venv/lib64/python3.11/site-packages/sklearn/impute/_base.py:647: UserWarning: Skipping features without any observed values: ['od_max_conf_chlorine_contact' 'od_max_conf_drying_bed'
 'od_max_conf_oxidation_pond']. At least one non-missing value is needed for imputation with strategy='median'.
  warnings.warn(
/work/GRDVULN/correction/.venv/lib64/python3.11/site-packages/sklearn/impute/_base.py:647: UserWarning: Skipping features without any observed values: ['od_max_conf_chlorine_contact' 'od_max_conf_drying_bed'
 'od_max_conf_oxidation_pond']. At least one non-missing value is needed for imputation with strategy='median'.
  warnings.warn(
/work/GRDVULN/correction/.venv/lib64/python3.11/site-packages/sklearn/impute/_base.py:647: UserWarning: Skipping features without any observed values: ['od_max_conf_chlorine_contact' 'od_max_conf_drying_bed'
 'od_max_conf_oxidation_pond']. At least one non-missing value is needed for imputation with strategy='median'.
  warnings.warn(
/work/GRDVULN/correction/.venv/lib64/python3.11/site-packages/sklearn/impute/_base.py:647: UserWarning: Skipping features without any observed values: ['od_max_conf_chlorine_contact' 'od_max_conf_drying_bed'
 'od_max_conf_oxidation_pond']. At least one non-missing value is needed for imputation with strategy='median'.
  warnings.warn(
/work/GRDVULN/correction/.venv/lib64/python3.11/site-packages/sklearn/impute/_base.py:647: UserWarning: Skipping features without any observed values: ['od_max_conf_chlorine_contact' 'od_max_conf_drying_bed'
 'od_max_conf_oxidation_pond']. At least one non-missing value is needed for imputation with strategy='median'.
  warnings.warn(
/work/GRDVULN/correction/.venv/lib64/python3.11/site-packages/sklearn/impute/_base.py:647: UserWarning: Skipping features without any observed values: ['od_max_conf_chlorine_contact' 'od_max_conf_drying_bed'
 'od_max_conf_oxidation_pond']. At least one non-missing value is needed for imputation with strategy='median'.
  warnings.warn(
/work/GRDVULN/correction/.venv/lib64/python3.11/site-packages/sklearn/impute/_base.py:647: UserWarning: Skipping features without any observed values: ['od_max_conf_chlorine_contact' 'od_max_conf_drying_bed'
 'od_max_conf_oxidation_pond']. At least one non-missing value is needed for imputation with strategy='median'.
  warnings.warn(
/work/GRDVULN/correction/.venv/lib64/python3.11/site-packages/sklearn/impute/_base.py:647: UserWarning: Skipping features without any observed values: ['od_max_conf_chlorine_contact' 'od_max_conf_drying_bed'
 'od_max_conf_oxidation_pond']. At least one non-missing value is needed for imputation with strategy='median'.
  warnings.warn(
/work/GRDVULN/correction/.venv/lib64/python3.11/site-packages/sklearn/impute/_base.py:647: UserWarning: Skipping features without any observed values: ['od_max_conf_chlorine_contact' 'od_max_conf_drying_bed'
 'od_max_conf_oxidation_pond']. At least one non-missing value is needed for imputation with strategy='median'.
  warnings.warn(
/work/GRDVULN/correction/.venv/lib64/python3.11/site-packages/sklearn/impute/_base.py:647: UserWarning: Skipping features without any observed values: ['od_max_conf_chlorine_contact' 'od_max_conf_drying_bed'
 'od_max_conf_oxidation_pond']. At least one non-missing value is needed for imputation with strategy='median'.
  warnings.warn(
/work/GRDVULN/correction/.venv/lib64/python3.11/site-packages/sklearn/impute/_base.py:647: UserWarning: Skipping features without any observed values: ['od_max_conf_chlorine_contact' 'od_max_conf_drying_bed'
 'od_max_conf_oxidation_pond']. At least one non-missing value is needed for imputation with strategy='median'.
  warnings.warn(
/work/GRDVULN/correction/.venv/lib64/python3.11/site-packages/sklearn/impute/_base.py:647: UserWarning: Skipping features without any observed values: ['od_max_conf_chlorine_contact' 'od_max_conf_drying_bed'
 'od_max_conf_oxidation_pond']. At least one non-missing value is needed for imputation with strategy='median'.
  warnings.warn(
/work/GRDVULN/correction/.venv/lib64/python3.11/site-packages/sklearn/impute/_base.py:647: UserWarning: Skipping features without any observed values: ['od_max_conf_chlorine_contact' 'od_max_conf_drying_bed'
 'od_max_conf_oxidation_pond']. At least one non-missing value is needed for imputation with strategy='median'.
  warnings.warn(
/work/GRDVULN/correction/.venv/lib64/python3.11/site-packages/sklearn/impute/_base.py:647: UserWarning: Skipping features without any observed values: ['od_max_conf_chlorine_contact' 'od_max_conf_drying_bed'
 'od_max_conf_oxidation_pond']. At least one non-missing value is needed for imputation with strategy='median'.
  warnings.warn(
/work/GRDVULN/correction/.venv/lib64/python3.11/site-packages/sklearn/impute/_base.py:647: UserWarning: Skipping features without any observed values: ['od_max_conf_chlorine_contact' 'od_max_conf_drying_bed'
 'od_max_conf_oxidation_pond']. At least one non-missing value is needed for imputation with strategy='median'.
  warnings.warn(
/work/GRDVULN/correction/.venv/lib64/python3.11/site-packages/sklearn/impute/_base.py:647: UserWarning: Skipping features without any observed values: ['od_max_conf_chlorine_contact' 'od_max_conf_drying_bed'
 'od_max_conf_oxidation_pond']. At least one non-missing value is needed for imputation with strategy='median'.
  warnings.warn(
/work/GRDVULN/correction/.venv/lib64/python3.11/site-packages/sklearn/impute/_base.py:647: UserWarning: Skipping features without any observed values: ['od_max_conf_chlorine_contact' 'od_max_conf_drying_bed'
 'od_max_conf_oxidation_pond']. At least one non-missing value is needed for imputation with strategy='median'.
  warnings.warn(
/work/GRDVULN/correction/.venv/lib64/python3.11/site-packages/sklearn/impute/_base.py:647: UserWarning: Skipping features without any observed values: ['od_max_conf_chlorine_contact' 'od_max_conf_drying_bed'
 'od_max_conf_oxidation_pond']. At least one non-missing value is needed for imputation with strategy='median'.
  warnings.warn(
/work/GRDVULN/correction/.venv/lib64/python3.11/site-packages/sklearn/impute/_base.py:647: UserWarning: Skipping features without any observed values: ['od_max_conf_chlorine_contact' 'od_max_conf_drying_bed'
 'od_max_conf_oxidation_pond']. At least one non-missing value is needed for imputation with strategy='median'.
  warnings.warn(
/work/GRDVULN/correction/.venv/lib64/python3.11/site-packages/sklearn/impute/_base.py:647: UserWarning: Skipping features without any observed values: ['od_max_conf_chlorine_contact' 'od_max_conf_drying_bed'
 'od_max_conf_oxidation_pond']. At least one non-missing value is needed for imputation with strategy='median'.
  warnings.warn(
/work/GRDVULN/correction/.venv/lib64/python3.11/site-packages/sklearn/impute/_base.py:647: UserWarning: Skipping features without any observed values: ['od_max_conf_chlorine_contact' 'od_max_conf_drying_bed'
 'od_max_conf_oxidation_pond']. At least one non-missing value is needed for imputation with strategy='median'.
  warnings.warn(
/work/GRDVULN/correction/.venv/lib64/python3.11/site-packages/sklearn/impute/_base.py:647: UserWarning: Skipping features without any observed values: ['od_max_conf_chlorine_contact' 'od_max_conf_drying_bed'
 'od_max_conf_oxidation_pond']. At least one non-missing value is needed for imputation with strategy='median'.
  warnings.warn(
/work/GRDVULN/correction/.venv/lib64/python3.11/site-packages/sklearn/impute/_base.py:647: UserWarning: Skipping features without any observed values: ['od_max_conf_chlorine_contact' 'od_max_conf_drying_bed'
 'od_max_conf_oxidation_pond']. At least one non-missing value is needed for imputation with strategy='median'.
  warnings.warn(
/work/GRDVULN/correction/.venv/lib64/python3.11/site-packages/sklearn/impute/_base.py:647: UserWarning: Skipping features without any observed values: ['od_max_conf_chlorine_contact' 'od_max_conf_drying_bed'
 'od_max_conf_oxidation_pond']. At least one non-missing value is needed for imputation with strategy='median'.
  warnings.warn(
/work/GRDVULN/correction/.venv/lib64/python3.11/site-packages/sklearn/impute/_base.py:647: UserWarning: Skipping features without any observed values: ['od_max_conf_chlorine_contact' 'od_max_conf_drying_bed'
 'od_max_conf_oxidation_pond']. At least one non-missing value is needed for imputation with strategy='median'.
  warnings.warn(
/work/GRDVULN/correction/.venv/lib64/python3.11/site-packages/sklearn/impute/_base.py:647: UserWarning: Skipping features without any observed values: ['od_max_conf_chlorine_contact' 'od_max_conf_drying_bed'
 'od_max_conf_oxidation_pond']. At least one non-missing value is needed for imputation with strategy='median'.
  warnings.warn(
/work/GRDVULN/correction/.venv/lib64/python3.11/site-packages/sklearn/impute/_base.py:647: UserWarning: Skipping features without any observed values: ['od_max_conf_chlorine_contact' 'od_max_conf_drying_bed'
 'od_max_conf_oxidation_pond']. At least one non-missing value is needed for imputation with strategy='median'.
  warnings.warn(
/work/GRDVULN/correction/.venv/lib64/python3.11/site-packages/sklearn/impute/_base.py:647: UserWarning: Skipping features without any observed values: ['od_max_conf_chlorine_contact' 'od_max_conf_drying_bed'
 'od_max_conf_oxidation_pond']. At least one non-missing value is needed for imputation with strategy='median'.
  warnings.warn(
/work/GRDVULN/correction/.venv/lib64/python3.11/site-packages/sklearn/impute/_base.py:647: UserWarning: Skipping features without any observed values: ['od_max_conf_chlorine_contact' 'od_max_conf_drying_bed'
 'od_max_conf_oxidation_pond']. At least one non-missing value is needed for imputation with strategy='median'.
  warnings.warn(
/work/GRDVULN/correction/.venv/lib64/python3.11/site-packages/sklearn/impute/_base.py:647: UserWarning: Skipping features without any observed values: ['od_max_conf_chlorine_contact' 'od_max_conf_drying_bed'
 'od_max_conf_oxidation_pond']. At least one non-missing value is needed for imputation with strategy='median'.
  warnings.warn(
/work/GRDVULN/correction/.venv/lib64/python3.11/site-packages/sklearn/impute/_base.py:647: UserWarning: Skipping features without any observed values: ['od_max_conf_chlorine_contact' 'od_max_conf_drying_bed'
 'od_max_conf_oxidation_pond']. At least one non-missing value is needed for imputation with strategy='median'.
  warnings.warn(
/work/GRDVULN/correction/.venv/lib64/python3.11/site-packages/sklearn/impute/_base.py:647: UserWarning: Skipping features without any observed values: ['od_max_conf_chlorine_contact' 'od_max_conf_drying_bed'
 'od_max_conf_oxidation_pond']. At least one non-missing value is needed for imputation with strategy='median'.
  warnings.warn(
/work/GRDVULN/correction/.venv/lib64/python3.11/site-packages/sklearn/impute/_base.py:647: UserWarning: Skipping features without any observed values: ['od_max_conf_chlorine_contact' 'od_max_conf_drying_bed'
 'od_max_conf_oxidation_pond']. At least one non-missing value is needed for imputation with strategy='median'.
  warnings.warn(
/work/GRDVULN/correction/.venv/lib64/python3.11/site-packages/sklearn/impute/_base.py:647: UserWarning: Skipping features without any observed values: ['od_max_conf_chlorine_contact' 'od_max_conf_drying_bed'
 'od_max_conf_oxidation_pond']. At least one non-missing value is needed for imputation with strategy='median'.
  warnings.warn(
/work/GRDVULN/correction/.venv/lib64/python3.11/site-packages/sklearn/impute/_base.py:647: UserWarning: Skipping features without any observed values: ['od_max_conf_chlorine_contact' 'od_max_conf_drying_bed'
 'od_max_conf_oxidation_pond']. At least one non-missing value is needed for imputation with strategy='median'.
  warnings.warn(
/work/GRDVULN/correction/.venv/lib64/python3.11/site-packages/sklearn/impute/_base.py:647: UserWarning: Skipping features without any observed values: ['od_max_conf_chlorine_contact' 'od_max_conf_drying_bed'
 'od_max_conf_oxidation_pond']. At least one non-missing value is needed for imputation with strategy='median'.
  warnings.warn(
/work/GRDVULN/correction/.venv/lib64/python3.11/site-packages/sklearn/impute/_base.py:647: UserWarning: Skipping features without any observed values: ['od_max_conf_chlorine_contact' 'od_max_conf_drying_bed'
 'od_max_conf_oxidation_pond']. At least one non-missing value is needed for imputation with strategy='median'.
  warnings.warn(
/work/GRDVULN/correction/.venv/lib64/python3.11/site-packages/sklearn/impute/_base.py:647: UserWarning: Skipping features without any observed values: ['od_max_conf_chlorine_contact' 'od_max_conf_drying_bed'
 'od_max_conf_oxidation_pond']. At least one non-missing value is needed for imputation with strategy='median'.
  warnings.warn(
/work/GRDVULN/correction/.venv/lib64/python3.11/site-packages/sklearn/impute/_base.py:647: UserWarning: Skipping features without any observed values: ['od_max_conf_chlorine_contact' 'od_max_conf_drying_bed'
 'od_max_conf_oxidation_pond']. At least one non-missing value is needed for imputation with strategy='median'.
  warnings.warn(
/work/GRDVULN/correction/.venv/lib64/python3.11/site-packages/sklearn/impute/_base.py:647: UserWarning: Skipping features without any observed values: ['od_max_conf_chlorine_contact' 'od_max_conf_drying_bed'
 'od_max_conf_oxidation_pond']. At least one non-missing value is needed for imputation with strategy='median'.
  warnings.warn(
/work/GRDVULN/correction/.venv/lib64/python3.11/site-packages/sklearn/impute/_base.py:647: UserWarning: Skipping features without any observed values: ['od_max_conf_chlorine_contact' 'od_max_conf_drying_bed'
 'od_max_conf_oxidation_pond']. At least one non-missing value is needed for imputation with strategy='median'.
  warnings.warn(
/work/GRDVULN/correction/.venv/lib64/python3.11/site-packages/sklearn/impute/_base.py:647: UserWarning: Skipping features without any observed values: ['od_max_conf_chlorine_contact' 'od_max_conf_drying_bed'
 'od_max_conf_oxidation_pond']. At least one non-missing value is needed for imputation with strategy='median'.
  warnings.warn(
/work/GRDVULN/correction/.venv/lib64/python3.11/site-packages/sklearn/impute/_base.py:647: UserWarning: Skipping features without any observed values: ['od_max_conf_chlorine_contact' 'od_max_conf_drying_bed'
 'od_max_conf_oxidation_pond']. At least one non-missing value is needed for imputation with strategy='median'.
  warnings.warn(
/work/GRDVULN/correction/.venv/lib64/python3.11/site-packages/sklearn/impute/_base.py:647: UserWarning: Skipping features without any observed values: ['od_max_conf_chlorine_contact' 'od_max_conf_drying_bed'
 'od_max_conf_oxidation_pond']. At least one non-missing value is needed for imputation with strategy='median'.
  warnings.warn(
/work/GRDVULN/correction/.venv/lib64/python3.11/site-packages/sklearn/impute/_base.py:647: UserWarning: Skipping features without any observed values: ['od_max_conf_chlorine_contact' 'od_max_conf_drying_bed'
 'od_max_conf_oxidation_pond']. At least one non-missing value is needed for imputation with strategy='median'.
  warnings.warn(
/work/GRDVULN/correction/.venv/lib64/python3.11/site-packages/sklearn/impute/_base.py:647: UserWarning: Skipping features without any observed values: ['od_max_conf_chlorine_contact' 'od_max_conf_drying_bed'
 'od_max_conf_oxidation_pond']. At least one non-missing value is needed for imputation with strategy='median'.
  warnings.warn(
/work/GRDVULN/correction/.venv/lib64/python3.11/site-packages/sklearn/impute/_base.py:647: UserWarning: Skipping features without any observed values: ['od_max_conf_chlorine_contact' 'od_max_conf_drying_bed'
 'od_max_conf_oxidation_pond']. At least one non-missing value is needed for imputation with strategy='median'.
  warnings.warn(
/work/GRDVULN/correction/.venv/lib64/python3.11/site-packages/sklearn/impute/_base.py:647: UserWarning: Skipping features without any observed values: ['od_max_conf_chlorine_contact' 'od_max_conf_drying_bed'
 'od_max_conf_oxidation_pond']. At least one non-missing value is needed for imputation with strategy='median'.
  warnings.warn(
/work/GRDVULN/correction/.venv/lib64/python3.11/site-packages/sklearn/impute/_base.py:647: UserWarning: Skipping features without any observed values: ['od_max_conf_chlorine_contact' 'od_max_conf_drying_bed'
 'od_max_conf_oxidation_pond']. At least one non-missing value is needed for imputation with strategy='median'.
  warnings.warn(
/work/GRDVULN/correction/.venv/lib64/python3.11/site-packages/sklearn/impute/_base.py:647: UserWarning: Skipping features without any observed values: ['od_max_conf_chlorine_contact' 'od_max_conf_drying_bed'
 'od_max_conf_oxidation_pond']. At least one non-missing value is needed for imputation with strategy='median'.
  warnings.warn(
/work/GRDVULN/correction/.venv/lib64/python3.11/site-packages/sklearn/impute/_base.py:647: UserWarning: Skipping features without any observed values: ['od_max_conf_chlorine_contact' 'od_max_conf_drying_bed'
 'od_max_conf_oxidation_pond']. At least one non-missing value is needed for imputation with strategy='median'.
  warnings.warn(
/work/GRDVULN/correction/.venv/lib64/python3.11/site-packages/sklearn/impute/_base.py:647: UserWarning: Skipping features without any observed values: ['od_max_conf_chlorine_contact' 'od_max_conf_drying_bed'
 'od_max_conf_oxidation_pond']. At least one non-missing value is needed for imputation with strategy='median'.
  warnings.warn(
/work/GRDVULN/correction/.venv/lib64/python3.11/site-packages/sklearn/impute/_base.py:647: UserWarning: Skipping features without any observed values: ['od_max_conf_chlorine_contact' 'od_max_conf_drying_bed'
 'od_max_conf_oxidation_pond']. At least one non-missing value is needed for imputation with strategy='median'.
  warnings.warn(
/work/GRDVULN/correction/.venv/lib64/python3.11/site-packages/sklearn/impute/_base.py:647: UserWarning: Skipping features without any observed values: ['od_max_conf_chlorine_contact' 'od_max_conf_drying_bed'
 'od_max_conf_oxidation_pond']. At least one non-missing value is needed for imputation with strategy='median'.
  warnings.warn(
/work/GRDVULN/correction/.venv/lib64/python3.11/site-packages/sklearn/impute/_base.py:647: UserWarning: Skipping features without any observed values: ['od_max_conf_chlorine_contact' 'od_max_conf_drying_bed'
 'od_max_conf_oxidation_pond']. At least one non-missing value is needed for imputation with strategy='median'.
  warnings.warn(
/work/GRDVULN/correction/.venv/lib64/python3.11/site-packages/sklearn/impute/_base.py:647: UserWarning: Skipping features without any observed values: ['od_max_conf_chlorine_contact' 'od_max_conf_drying_bed'
 'od_max_conf_oxidation_pond']. At least one non-missing value is needed for imputation with strategy='median'.
  warnings.warn(
/work/GRDVULN/correction/.venv/lib64/python3.11/site-packages/sklearn/impute/_base.py:647: UserWarning: Skipping features without any observed values: ['od_max_conf_chlorine_contact' 'od_max_conf_drying_bed'
 'od_max_conf_oxidation_pond']. At least one non-missing value is needed for imputation with strategy='median'.
  warnings.warn(
/work/GRDVULN/correction/.venv/lib64/python3.11/site-packages/sklearn/impute/_base.py:647: UserWarning: Skipping features without any observed values: ['od_max_conf_chlorine_contact' 'od_max_conf_drying_bed'
 'od_max_conf_oxidation_pond']. At least one non-missing value is needed for imputation with strategy='median'.
  warnings.warn(
/work/GRDVULN/correction/.venv/lib64/python3.11/site-packages/sklearn/impute/_base.py:647: UserWarning: Skipping features without any observed values: ['od_max_conf_chlorine_contact' 'od_max_conf_drying_bed'
 'od_max_conf_oxidation_pond']. At least one non-missing value is needed for imputation with strategy='median'.
  warnings.warn(
/work/GRDVULN/correction/.venv/lib64/python3.11/site-packages/sklearn/impute/_base.py:647: UserWarning: Skipping features without any observed values: ['od_max_conf_chlorine_contact' 'od_max_conf_drying_bed'
 'od_max_conf_oxidation_pond']. At least one non-missing value is needed for imputation with strategy='median'.
  warnings.warn(
/work/GRDVULN/correction/.venv/lib64/python3.11/site-packages/sklearn/impute/_base.py:647: UserWarning: Skipping features without any observed values: ['od_max_conf_chlorine_contact' 'od_max_conf_drying_bed'
 'od_max_conf_oxidation_pond']. At least one non-missing value is needed for imputation with strategy='median'.
  warnings.warn(
/work/GRDVULN/correction/.venv/lib64/python3.11/site-packages/sklearn/impute/_base.py:647: UserWarning: Skipping features without any observed values: ['od_max_conf_chlorine_contact' 'od_max_conf_drying_bed'
 'od_max_conf_oxidation_pond']. At least one non-missing value is needed for imputation with strategy='median'.
  warnings.warn(
/work/GRDVULN/correction/.venv/lib64/python3.11/site-packages/sklearn/impute/_base.py:647: UserWarning: Skipping features without any observed values: ['od_max_conf_chlorine_contact' 'od_max_conf_drying_bed'
 'od_max_conf_oxidation_pond']. At least one non-missing value is needed for imputation with strategy='median'.
  warnings.warn(
/work/GRDVULN/correction/.venv/lib64/python3.11/site-packages/sklearn/impute/_base.py:647: UserWarning: Skipping features without any observed values: ['od_max_conf_chlorine_contact' 'od_max_conf_drying_bed'
 'od_max_conf_oxidation_pond']. At least one non-missing value is needed for imputation with strategy='median'.
  warnings.warn(
/work/GRDVULN/correction/.venv/lib64/python3.11/site-packages/sklearn/impute/_base.py:647: UserWarning: Skipping features without any observed values: ['od_max_conf_chlorine_contact' 'od_max_conf_drying_bed'
 'od_max_conf_oxidation_pond']. At least one non-missing value is needed for imputation with strategy='median'.
  warnings.warn(
/work/GRDVULN/correction/.venv/lib64/python3.11/site-packages/sklearn/impute/_base.py:647: UserWarning: Skipping features without any observed values: ['od_max_conf_chlorine_contact' 'od_max_conf_drying_bed'
 'od_max_conf_oxidation_pond']. At least one non-missing value is needed for imputation with strategy='median'.
  warnings.warn(
/work/GRDVULN/correction/.venv/lib64/python3.11/site-packages/sklearn/impute/_base.py:647: UserWarning: Skipping features without any observed values: ['od_max_conf_chlorine_contact' 'od_max_conf_drying_bed'
 'od_max_conf_oxidation_pond']. At least one non-missing value is needed for imputation with strategy='median'.
  warnings.warn(
/work/GRDVULN/correction/.venv/lib64/python3.11/site-packages/sklearn/impute/_base.py:647: UserWarning: Skipping features without any observed values: ['od_max_conf_chlorine_contact' 'od_max_conf_drying_bed'
 'od_max_conf_oxidation_pond']. At least one non-missing value is needed for imputation with strategy='median'.
  warnings.warn(
/work/GRDVULN/correction/.venv/lib64/python3.11/site-packages/sklearn/impute/_base.py:647: UserWarning: Skipping features without any observed values: ['od_max_conf_chlorine_contact' 'od_max_conf_drying_bed'
 'od_max_conf_oxidation_pond']. At least one non-missing value is needed for imputation with strategy='median'.
  warnings.warn(
/work/GRDVULN/correction/.venv/lib64/python3.11/site-packages/sklearn/impute/_base.py:647: UserWarning: Skipping features without any observed values: ['od_max_conf_chlorine_contact' 'od_max_conf_drying_bed'
 'od_max_conf_oxidation_pond']. At least one non-missing value is needed for imputation with strategy='median'.
  warnings.warn(
/work/GRDVULN/correction/.venv/lib64/python3.11/site-packages/sklearn/impute/_base.py:647: UserWarning: Skipping features without any observed values: ['od_max_conf_chlorine_contact' 'od_max_conf_drying_bed'
 'od_max_conf_oxidation_pond']. At least one non-missing value is needed for imputation with strategy='median'.
  warnings.warn(
/work/GRDVULN/correction/.venv/lib64/python3.11/site-packages/sklearn/impute/_base.py:647: UserWarning: Skipping features without any observed values: ['od_max_conf_chlorine_contact' 'od_max_conf_drying_bed'
 'od_max_conf_oxidation_pond']. At least one non-missing value is needed for imputation with strategy='median'.
  warnings.warn(
/work/GRDVULN/correction/.venv/lib64/python3.11/site-packages/sklearn/impute/_base.py:647: UserWarning: Skipping features without any observed values: ['od_max_conf_chlorine_contact' 'od_max_conf_drying_bed'
 'od_max_conf_oxidation_pond']. At least one non-missing value is needed for imputation with strategy='median'.
  warnings.warn(
/work/GRDVULN/correction/.venv/lib64/python3.11/site-packages/sklearn/impute/_base.py:647: UserWarning: Skipping features without any observed values: ['od_max_conf_chlorine_contact' 'od_max_conf_drying_bed'
 'od_max_conf_oxidation_pond']. At least one non-missing value is needed for imputation with strategy='median'.
  warnings.warn(
/work/GRDVULN/correction/.venv/lib64/python3.11/site-packages/sklearn/impute/_base.py:647: UserWarning: Skipping features without any observed values: ['od_max_conf_chlorine_contact' 'od_max_conf_drying_bed'
 'od_max_conf_oxidation_pond']. At least one non-missing value is needed for imputation with strategy='median'.
  warnings.warn(
/work/GRDVULN/correction/.venv/lib64/python3.11/site-packages/sklearn/impute/_base.py:647: UserWarning: Skipping features without any observed values: ['od_max_conf_chlorine_contact' 'od_max_conf_drying_bed'
 'od_max_conf_oxidation_pond']. At least one non-missing value is needed for imputation with strategy='median'.
  warnings.warn(
/work/GRDVULN/correction/.venv/lib64/python3.11/site-packages/sklearn/impute/_base.py:647: UserWarning: Skipping features without any observed values: ['od_max_conf_chlorine_contact' 'od_max_conf_drying_bed'
 'od_max_conf_oxidation_pond']. At least one non-missing value is needed for imputation with strategy='median'.
  warnings.warn(
/work/GRDVULN/correction/.venv/lib64/python3.11/site-packages/sklearn/impute/_base.py:647: UserWarning: Skipping features without any observed values: ['od_max_conf_chlorine_contact' 'od_max_conf_drying_bed'
 'od_max_conf_oxidation_pond']. At least one non-missing value is needed for imputation with strategy='median'.
  warnings.warn(
/work/GRDVULN/correction/.venv/lib64/python3.11/site-packages/sklearn/impute/_base.py:647: UserWarning: Skipping features without any observed values: ['od_max_conf_chlorine_contact' 'od_max_conf_drying_bed'
 'od_max_conf_oxidation_pond']. At least one non-missing value is needed for imputation with strategy='median'.
  warnings.warn(
/work/GRDVULN/correction/.venv/lib64/python3.11/site-packages/sklearn/impute/_base.py:647: UserWarning: Skipping features without any observed values: ['od_max_conf_chlorine_contact' 'od_max_conf_drying_bed'
 'od_max_conf_oxidation_pond']. At least one non-missing value is needed for imputation with strategy='median'.
  warnings.warn(
/work/GRDVULN/correction/.venv/lib64/python3.11/site-packages/sklearn/impute/_base.py:647: UserWarning: Skipping features without any observed values: ['od_max_conf_chlorine_contact' 'od_max_conf_drying_bed'
 'od_max_conf_oxidation_pond']. At least one non-missing value is needed for imputation with strategy='median'.
  warnings.warn(
/work/GRDVULN/correction/.venv/lib64/python3.11/site-packages/sklearn/impute/_base.py:647: UserWarning: Skipping features without any observed values: ['od_max_conf_chlorine_contact' 'od_max_conf_drying_bed'
 'od_max_conf_oxidation_pond']. At least one non-missing value is needed for imputation with strategy='median'.
  warnings.warn(
/work/GRDVULN/correction/.venv/lib64/python3.11/site-packages/sklearn/impute/_base.py:647: UserWarning: Skipping features without any observed values: ['od_max_conf_chlorine_contact' 'od_max_conf_drying_bed'
 'od_max_conf_oxidation_pond']. At least one non-missing value is needed for imputation with strategy='median'.
  warnings.warn(
/work/GRDVULN/correction/.venv/lib64/python3.11/site-packages/sklearn/impute/_base.py:647: UserWarning: Skipping features without any observed values: ['od_max_conf_chlorine_contact' 'od_max_conf_drying_bed'
 'od_max_conf_oxidation_pond']. At least one non-missing value is needed for imputation with strategy='median'.
  warnings.warn(
/work/GRDVULN/correction/.venv/lib64/python3.11/site-packages/sklearn/impute/_base.py:647: UserWarning: Skipping features without any observed values: ['od_max_conf_chlorine_contact' 'od_max_conf_drying_bed'
 'od_max_conf_oxidation_pond']. At least one non-missing value is needed for imputation with strategy='median'.
  warnings.warn(
/work/GRDVULN/correction/.venv/lib64/python3.11/site-packages/sklearn/impute/_base.py:647: UserWarning: Skipping features without any observed values: ['od_max_conf_chlorine_contact' 'od_max_conf_drying_bed'
 'od_max_conf_oxidation_pond']. At least one non-missing value is needed for imputation with strategy='median'.
  warnings.warn(
/work/GRDVULN/correction/.venv/lib64/python3.11/site-packages/sklearn/impute/_base.py:647: UserWarning: Skipping features without any observed values: ['od_max_conf_chlorine_contact' 'od_max_conf_drying_bed'
 'od_max_conf_oxidation_pond']. At least one non-missing value is needed for imputation with strategy='median'.
  warnings.warn(
/work/GRDVULN/correction/.venv/lib64/python3.11/site-packages/sklearn/impute/_base.py:647: UserWarning: Skipping features without any observed values: ['od_max_conf_chlorine_contact' 'od_max_conf_drying_bed'
 'od_max_conf_oxidation_pond']. At least one non-missing value is needed for imputation with strategy='median'.
  warnings.warn(
/work/GRDVULN/correction/.venv/lib64/python3.11/site-packages/sklearn/impute/_base.py:647: UserWarning: Skipping features without any observed values: ['od_max_conf_chlorine_contact' 'od_max_conf_drying_bed'
 'od_max_conf_oxidation_pond']. At least one non-missing value is needed for imputation with strategy='median'.
  warnings.warn(
/work/GRDVULN/correction/.venv/lib64/python3.11/site-packages/sklearn/impute/_base.py:647: UserWarning: Skipping features without any observed values: ['od_max_conf_chlorine_contact' 'od_max_conf_drying_bed'
 'od_max_conf_oxidation_pond']. At least one non-missing value is needed for imputation with strategy='median'.
  warnings.warn(
/work/GRDVULN/correction/.venv/lib64/python3.11/site-packages/sklearn/impute/_base.py:647: UserWarning: Skipping features without any observed values: ['od_max_conf_chlorine_contact' 'od_max_conf_drying_bed'
 'od_max_conf_oxidation_pond']. At least one non-missing value is needed for imputation with strategy='median'.
  warnings.warn(
/work/GRDVULN/correction/.venv/lib64/python3.11/site-packages/sklearn/impute/_base.py:647: UserWarning: Skipping features without any observed values: ['od_max_conf_chlorine_contact' 'od_max_conf_drying_bed'
 'od_max_conf_oxidation_pond']. At least one non-missing value is needed for imputation with strategy='median'.
  warnings.warn(
/work/GRDVULN/correction/.venv/lib64/python3.11/site-packages/sklearn/impute/_base.py:647: UserWarning: Skipping features without any observed values: ['od_max_conf_chlorine_contact' 'od_max_conf_drying_bed'
 'od_max_conf_oxidation_pond']. At least one non-missing value is needed for imputation with strategy='median'.
  warnings.warn(
/work/GRDVULN/correction/.venv/lib64/python3.11/site-packages/sklearn/impute/_base.py:647: UserWarning: Skipping features without any observed values: ['od_max_conf_chlorine_contact' 'od_max_conf_drying_bed'
 'od_max_conf_oxidation_pond']. At least one non-missing value is needed for imputation with strategy='median'.
  warnings.warn(
/work/GRDVULN/correction/.venv/lib64/python3.11/site-packages/sklearn/impute/_base.py:647: UserWarning: Skipping features without any observed values: ['od_max_conf_chlorine_contact' 'od_max_conf_drying_bed'
 'od_max_conf_oxidation_pond']. At least one non-missing value is needed for imputation with strategy='median'.
  warnings.warn(
/work/GRDVULN/correction/.venv/lib64/python3.11/site-packages/sklearn/impute/_base.py:647: UserWarning: Skipping features without any observed values: ['od_max_conf_chlorine_contact' 'od_max_conf_drying_bed'
 'od_max_conf_oxidation_pond']. At least one non-missing value is needed for imputation with strategy='median'.
  warnings.warn(
/work/GRDVULN/correction/.venv/lib64/python3.11/site-packages/sklearn/impute/_base.py:647: UserWarning: Skipping features without any observed values: ['od_max_conf_chlorine_contact' 'od_max_conf_drying_bed'
 'od_max_conf_oxidation_pond']. At least one non-missing value is needed for imputation with strategy='median'.
  warnings.warn(
/work/GRDVULN/correction/.venv/lib64/python3.11/site-packages/sklearn/impute/_base.py:647: UserWarning: Skipping features without any observed values: ['od_max_conf_chlorine_contact' 'od_max_conf_drying_bed'
 'od_max_conf_oxidation_pond']. At least one non-missing value is needed for imputation with strategy='median'.
  warnings.warn(
/work/GRDVULN/correction/.venv/lib64/python3.11/site-packages/sklearn/impute/_base.py:647: UserWarning: Skipping features without any observed values: ['od_max_conf_chlorine_contact' 'od_max_conf_drying_bed'
 'od_max_conf_oxidation_pond']. At least one non-missing value is needed for imputation with strategy='median'.
  warnings.warn(
/work/GRDVULN/correction/.venv/lib64/python3.11/site-packages/sklearn/impute/_base.py:647: UserWarning: Skipping features without any observed values: ['od_max_conf_chlorine_contact' 'od_max_conf_drying_bed'
 'od_max_conf_oxidation_pond']. At least one non-missing value is needed for imputation with strategy='median'.
  warnings.warn(
/work/GRDVULN/correction/.venv/lib64/python3.11/site-packages/sklearn/impute/_base.py:647: UserWarning: Skipping features without any observed values: ['od_max_conf_chlorine_contact' 'od_max_conf_drying_bed'
 'od_max_conf_oxidation_pond']. At least one non-missing value is needed for imputation with strategy='median'.
  warnings.warn(
/work/GRDVULN/correction/.venv/lib64/python3.11/site-packages/sklearn/impute/_base.py:647: UserWarning: Skipping features without any observed values: ['od_max_conf_chlorine_contact' 'od_max_conf_drying_bed'
 'od_max_conf_oxidation_pond']. At least one non-missing value is needed for imputation with strategy='median'.
  warnings.warn(
/work/GRDVULN/correction/.venv/lib64/python3.11/site-packages/sklearn/impute/_base.py:647: UserWarning: Skipping features without any observed values: ['od_max_conf_chlorine_contact' 'od_max_conf_drying_bed'
 'od_max_conf_oxidation_pond']. At least one non-missing value is needed for imputation with strategy='median'.
  warnings.warn(
/work/GRDVULN/correction/.venv/lib64/python3.11/site-packages/sklearn/impute/_base.py:647: UserWarning: Skipping features without any observed values: ['od_max_conf_chlorine_contact' 'od_max_conf_drying_bed'
 'od_max_conf_oxidation_pond']. At least one non-missing value is needed for imputation with strategy='median'.
  warnings.warn(
/work/GRDVULN/correction/.venv/lib64/python3.11/site-packages/sklearn/impute/_base.py:647: UserWarning: Skipping features without any observed values: ['od_max_conf_chlorine_contact' 'od_max_conf_drying_bed'
 'od_max_conf_oxidation_pond']. At least one non-missing value is needed for imputation with strategy='median'.
  warnings.warn(
/work/GRDVULN/correction/.venv/lib64/python3.11/site-packages/sklearn/impute/_base.py:647: UserWarning: Skipping features without any observed values: ['od_max_conf_chlorine_contact' 'od_max_conf_drying_bed'
 'od_max_conf_oxidation_pond']. At least one non-missing value is needed for imputation with strategy='median'.
  warnings.warn(
/work/GRDVULN/correction/.venv/lib64/python3.11/site-packages/sklearn/impute/_base.py:647: UserWarning: Skipping features without any observed values: ['od_max_conf_chlorine_contact' 'od_max_conf_drying_bed'
 'od_max_conf_oxidation_pond']. At least one non-missing value is needed for imputation with strategy='median'.
  warnings.warn(
/work/GRDVULN/correction/.venv/lib64/python3.11/site-packages/sklearn/impute/_base.py:647: UserWarning: Skipping features without any observed values: ['od_max_conf_chlorine_contact' 'od_max_conf_drying_bed'
 'od_max_conf_oxidation_pond']. At least one non-missing value is needed for imputation with strategy='median'.
  warnings.warn(
/work/GRDVULN/correction/.venv/lib64/python3.11/site-packages/sklearn/impute/_base.py:647: UserWarning: Skipping features without any observed values: ['od_max_conf_chlorine_contact' 'od_max_conf_drying_bed'
 'od_max_conf_oxidation_pond']. At least one non-missing value is needed for imputation with strategy='median'.
  warnings.warn(
/work/GRDVULN/correction/.venv/lib64/python3.11/site-packages/sklearn/impute/_base.py:647: UserWarning: Skipping features without any observed values: ['od_max_conf_chlorine_contact' 'od_max_conf_drying_bed'
 'od_max_conf_oxidation_pond']. At least one non-missing value is needed for imputation with strategy='median'.
  warnings.warn(
/work/GRDVULN/correction/.venv/lib64/python3.11/site-packages/sklearn/impute/_base.py:647: UserWarning: Skipping features without any observed values: ['od_max_conf_chlorine_contact' 'od_max_conf_drying_bed'
 'od_max_conf_oxidation_pond']. At least one non-missing value is needed for imputation with strategy='median'.
  warnings.warn(
/work/GRDVULN/correction/.venv/lib64/python3.11/site-packages/sklearn/impute/_base.py:647: UserWarning: Skipping features without any observed values: ['od_max_conf_chlorine_contact' 'od_max_conf_drying_bed'
 'od_max_conf_oxidation_pond']. At least one non-missing value is needed for imputation with strategy='median'.
  warnings.warn(
/work/GRDVULN/correction/.venv/lib64/python3.11/site-packages/sklearn/impute/_base.py:647: UserWarning: Skipping features without any observed values: ['od_max_conf_chlorine_contact' 'od_max_conf_drying_bed'
 'od_max_conf_oxidation_pond']. At least one non-missing value is needed for imputation with strategy='median'.
  warnings.warn(
/work/GRDVULN/correction/.venv/lib64/python3.11/site-packages/sklearn/impute/_base.py:647: UserWarning: Skipping features without any observed values: ['od_max_conf_chlorine_contact' 'od_max_conf_drying_bed'
 'od_max_conf_oxidation_pond']. At least one non-missing value is needed for imputation with strategy='median'.
  warnings.warn(
/work/GRDVULN/correction/.venv/lib64/python3.11/site-packages/sklearn/impute/_base.py:647: UserWarning: Skipping features without any observed values: ['od_max_conf_chlorine_contact' 'od_max_conf_drying_bed'
 'od_max_conf_oxidation_pond']. At least one non-missing value is needed for imputation with strategy='median'.
  warnings.warn(
/work/GRDVULN/correction/.venv/lib64/python3.11/site-packages/sklearn/impute/_base.py:647: UserWarning: Skipping features without any observed values: ['od_max_conf_chlorine_contact' 'od_max_conf_drying_bed'
 'od_max_conf_oxidation_pond']. At least one non-missing value is needed for imputation with strategy='median'.
  warnings.warn(
/work/GRDVULN/correction/.venv/lib64/python3.11/site-packages/sklearn/impute/_base.py:647: UserWarning: Skipping features without any observed values: ['od_max_conf_chlorine_contact' 'od_max_conf_drying_bed'
 'od_max_conf_oxidation_pond']. At least one non-missing value is needed for imputation with strategy='median'.
  warnings.warn(
/work/GRDVULN/correction/.venv/lib64/python3.11/site-packages/sklearn/impute/_base.py:647: UserWarning: Skipping features without any observed values: ['od_max_conf_chlorine_contact' 'od_max_conf_drying_bed'
 'od_max_conf_oxidation_pond']. At least one non-missing value is needed for imputation with strategy='median'.
  warnings.warn(
/work/GRDVULN/correction/.venv/lib64/python3.11/site-packages/sklearn/impute/_base.py:647: UserWarning: Skipping features without any observed values: ['od_max_conf_chlorine_contact' 'od_max_conf_drying_bed'
 'od_max_conf_oxidation_pond']. At least one non-missing value is needed for imputation with strategy='median'.
  warnings.warn(
/work/GRDVULN/correction/.venv/lib64/python3.11/site-packages/sklearn/impute/_base.py:647: UserWarning: Skipping features without any observed values: ['od_max_conf_chlorine_contact' 'od_max_conf_drying_bed'
 'od_max_conf_oxidation_pond']. At least one non-missing value is needed for imputation with strategy='median'.
  warnings.warn(
/work/GRDVULN/correction/.venv/lib64/python3.11/site-packages/sklearn/impute/_base.py:647: UserWarning: Skipping features without any observed values: ['od_max_conf_chlorine_contact' 'od_max_conf_drying_bed'
 'od_max_conf_oxidation_pond']. At least one non-missing value is needed for imputation with strategy='median'.
  warnings.warn(
/work/GRDVULN/correction/.venv/lib64/python3.11/site-packages/sklearn/impute/_base.py:647: UserWarning: Skipping features without any observed values: ['od_max_conf_chlorine_contact' 'od_max_conf_drying_bed'
 'od_max_conf_oxidation_pond']. At least one non-missing value is needed for imputation with strategy='median'.
  warnings.warn(
/work/GRDVULN/correction/.venv/lib64/python3.11/site-packages/sklearn/impute/_base.py:647: UserWarning: Skipping features without any observed values: ['od_max_conf_chlorine_contact' 'od_max_conf_drying_bed'
 'od_max_conf_oxidation_pond']. At least one non-missing value is needed for imputation with strategy='median'.
  warnings.warn(
/work/GRDVULN/correction/.venv/lib64/python3.11/site-packages/sklearn/impute/_base.py:647: UserWarning: Skipping features without any observed values: ['od_max_conf_chlorine_contact' 'od_max_conf_drying_bed'
 'od_max_conf_oxidation_pond']. At least one non-missing value is needed for imputation with strategy='median'.
  warnings.warn(
/work/GRDVULN/correction/.venv/lib64/python3.11/site-packages/sklearn/impute/_base.py:647: UserWarning: Skipping features without any observed values: ['od_max_conf_chlorine_contact' 'od_max_conf_drying_bed'
 'od_max_conf_oxidation_pond']. At least one non-missing value is needed for imputation with strategy='median'.
  warnings.warn(
/work/GRDVULN/correction/.venv/lib64/python3.11/site-packages/sklearn/impute/_base.py:647: UserWarning: Skipping features without any observed values: ['od_max_conf_chlorine_contact' 'od_max_conf_drying_bed'
 'od_max_conf_oxidation_pond']. At least one non-missing value is needed for imputation with strategy='median'.
  warnings.warn(
/work/GRDVULN/correction/.venv/lib64/python3.11/site-packages/sklearn/impute/_base.py:647: UserWarning: Skipping features without any observed values: ['od_max_conf_chlorine_contact' 'od_max_conf_drying_bed'
 'od_max_conf_oxidation_pond']. At least one non-missing value is needed for imputation with strategy='median'.
  warnings.warn(
/work/GRDVULN/correction/.venv/lib64/python3.11/site-packages/sklearn/impute/_base.py:647: UserWarning: Skipping features without any observed values: ['od_max_conf_chlorine_contact' 'od_max_conf_drying_bed'
 'od_max_conf_oxidation_pond']. At least one non-missing value is needed for imputation with strategy='median'.
  warnings.warn(
/work/GRDVULN/correction/.venv/lib64/python3.11/site-packages/sklearn/impute/_base.py:647: UserWarning: Skipping features without any observed values: ['od_max_conf_chlorine_contact' 'od_max_conf_drying_bed'
 'od_max_conf_oxidation_pond']. At least one non-missing value is needed for imputation with strategy='median'.
  warnings.warn(
/work/GRDVULN/correction/.venv/lib64/python3.11/site-packages/sklearn/impute/_base.py:647: UserWarning: Skipping features without any observed values: ['od_max_conf_chlorine_contact' 'od_max_conf_drying_bed'
 'od_max_conf_oxidation_pond']. At least one non-missing value is needed for imputation with strategy='median'.
  warnings.warn(
/work/GRDVULN/correction/.venv/lib64/python3.11/site-packages/sklearn/impute/_base.py:647: UserWarning: Skipping features without any observed values: ['od_max_conf_chlorine_contact' 'od_max_conf_drying_bed'
 'od_max_conf_oxidation_pond']. At least one non-missing value is needed for imputation with strategy='median'.
  warnings.warn(
/work/GRDVULN/correction/.venv/lib64/python3.11/site-packages/sklearn/impute/_base.py:647: UserWarning: Skipping features without any observed values: ['od_max_conf_chlorine_contact' 'od_max_conf_drying_bed'
 'od_max_conf_oxidation_pond']. At least one non-missing value is needed for imputation with strategy='median'.
  warnings.warn(
/work/GRDVULN/correction/.venv/lib64/python3.11/site-packages/sklearn/impute/_base.py:647: UserWarning: Skipping features without any observed values: ['od_max_conf_chlorine_contact' 'od_max_conf_drying_bed'
 'od_max_conf_oxidation_pond']. At least one non-missing value is needed for imputation with strategy='median'.
  warnings.warn(
/work/GRDVULN/correction/.venv/lib64/python3.11/site-packages/sklearn/impute/_base.py:647: UserWarning: Skipping features without any observed values: ['od_max_conf_chlorine_contact' 'od_max_conf_drying_bed'
 'od_max_conf_oxidation_pond']. At least one non-missing value is needed for imputation with strategy='median'.
  warnings.warn(
/work/GRDVULN/correction/.venv/lib64/python3.11/site-packages/sklearn/impute/_base.py:647: UserWarning: Skipping features without any observed values: ['od_max_conf_chlorine_contact' 'od_max_conf_drying_bed'
 'od_max_conf_oxidation_pond']. At least one non-missing value is needed for imputation with strategy='median'.
  warnings.warn(
/work/GRDVULN/correction/.venv/lib64/python3.11/site-packages/sklearn/impute/_base.py:647: UserWarning: Skipping features without any observed values: ['od_max_conf_chlorine_contact' 'od_max_conf_drying_bed'
 'od_max_conf_oxidation_pond']. At least one non-missing value is needed for imputation with strategy='median'.
  warnings.warn(
/work/GRDVULN/correction/.venv/lib64/python3.11/site-packages/sklearn/impute/_base.py:647: UserWarning: Skipping features without any observed values: ['od_max_conf_chlorine_contact' 'od_max_conf_drying_bed'
 'od_max_conf_oxidation_pond']. At least one non-missing value is needed for imputation with strategy='median'.
  warnings.warn(
/work/GRDVULN/correction/.venv/lib64/python3.11/site-packages/sklearn/impute/_base.py:647: UserWarning: Skipping features without any observed values: ['od_max_conf_chlorine_contact' 'od_max_conf_drying_bed'
 'od_max_conf_oxidation_pond']. At least one non-missing value is needed for imputation with strategy='median'.
  warnings.warn(
/work/GRDVULN/correction/.venv/lib64/python3.11/site-packages/sklearn/impute/_base.py:647: UserWarning: Skipping features without any observed values: ['od_max_conf_chlorine_contact' 'od_max_conf_drying_bed'
 'od_max_conf_oxidation_pond']. At least one non-missing value is needed for imputation with strategy='median'.
  warnings.warn(
/work/GRDVULN/correction/.venv/lib64/python3.11/site-packages/sklearn/impute/_base.py:647: UserWarning: Skipping features without any observed values: ['od_max_conf_chlorine_contact' 'od_max_conf_drying_bed'
 'od_max_conf_oxidation_pond']. At least one non-missing value is needed for imputation with strategy='median'.
  warnings.warn(
/work/GRDVULN/correction/.venv/lib64/python3.11/site-packages/sklearn/impute/_base.py:647: UserWarning: Skipping features without any observed values: ['od_max_conf_chlorine_contact' 'od_max_conf_drying_bed'
 'od_max_conf_oxidation_pond']. At least one non-missing value is needed for imputation with strategy='median'.
  warnings.warn(
/work/GRDVULN/correction/.venv/lib64/python3.11/site-packages/sklearn/impute/_base.py:647: UserWarning: Skipping features without any observed values: ['od_max_conf_chlorine_contact' 'od_max_conf_drying_bed'
 'od_max_conf_oxidation_pond']. At least one non-missing value is needed for imputation with strategy='median'.
  warnings.warn(
/work/GRDVULN/correction/.venv/lib64/python3.11/site-packages/sklearn/impute/_base.py:647: UserWarning: Skipping features without any observed values: ['od_max_conf_chlorine_contact' 'od_max_conf_drying_bed'
 'od_max_conf_oxidation_pond']. At least one non-missing value is needed for imputation with strategy='median'.
  warnings.warn(
/work/GRDVULN/correction/.venv/lib64/python3.11/site-packages/sklearn/impute/_base.py:647: UserWarning: Skipping features without any observed values: ['od_max_conf_chlorine_contact' 'od_max_conf_drying_bed'
 'od_max_conf_oxidation_pond']. At least one non-missing value is needed for imputation with strategy='median'.
  warnings.warn(
/work/GRDVULN/correction/.venv/lib64/python3.11/site-packages/sklearn/impute/_base.py:647: UserWarning: Skipping features without any observed values: ['od_max_conf_chlorine_contact' 'od_max_conf_drying_bed'
 'od_max_conf_oxidation_pond']. At least one non-missing value is needed for imputation with strategy='median'.
  warnings.warn(
/work/GRDVULN/correction/.venv/lib64/python3.11/site-packages/sklearn/impute/_base.py:647: UserWarning: Skipping features without any observed values: ['od_max_conf_chlorine_contact' 'od_max_conf_drying_bed'
 'od_max_conf_oxidation_pond']. At least one non-missing value is needed for imputation with strategy='median'.
  warnings.warn(
/work/GRDVULN/correction/.venv/lib64/python3.11/site-packages/sklearn/impute/_base.py:647: UserWarning: Skipping features without any observed values: ['od_max_conf_chlorine_contact' 'od_max_conf_drying_bed'
 'od_max_conf_oxidation_pond']. At least one non-missing value is needed for imputation with strategy='median'.
  warnings.warn(
/work/GRDVULN/correction/.venv/lib64/python3.11/site-packages/sklearn/impute/_base.py:647: UserWarning: Skipping features without any observed values: ['od_max_conf_chlorine_contact' 'od_max_conf_drying_bed'
 'od_max_conf_oxidation_pond']. At least one non-missing value is needed for imputation with strategy='median'.
  warnings.warn(
/work/GRDVULN/correction/.venv/lib64/python3.11/site-packages/sklearn/impute/_base.py:647: UserWarning: Skipping features without any observed values: ['od_max_conf_chlorine_contact' 'od_max_conf_drying_bed'
 'od_max_conf_oxidation_pond']. At least one non-missing value is needed for imputation with strategy='median'.
  warnings.warn(
/work/GRDVULN/correction/.venv/lib64/python3.11/site-packages/sklearn/impute/_base.py:647: UserWarning: Skipping features without any observed values: ['od_max_conf_chlorine_contact' 'od_max_conf_drying_bed'
 'od_max_conf_oxidation_pond']. At least one non-missing value is needed for imputation with strategy='median'.
  warnings.warn(
/work/GRDVULN/correction/.venv/lib64/python3.11/site-packages/sklearn/impute/_base.py:647: UserWarning: Skipping features without any observed values: ['od_max_conf_chlorine_contact' 'od_max_conf_drying_bed'
 'od_max_conf_oxidation_pond']. At least one non-missing value is needed for imputation with strategy='median'.
  warnings.warn(
/work/GRDVULN/correction/.venv/lib64/python3.11/site-packages/sklearn/impute/_base.py:647: UserWarning: Skipping features without any observed values: ['od_max_conf_chlorine_contact' 'od_max_conf_drying_bed'
 'od_max_conf_oxidation_pond']. At least one non-missing value is needed for imputation with strategy='median'.
  warnings.warn(
/work/GRDVULN/correction/.venv/lib64/python3.11/site-packages/sklearn/impute/_base.py:647: UserWarning: Skipping features without any observed values: ['od_max_conf_chlorine_contact' 'od_max_conf_drying_bed'
 'od_max_conf_oxidation_pond']. At least one non-missing value is needed for imputation with strategy='median'.
  warnings.warn(
/work/GRDVULN/correction/.venv/lib64/python3.11/site-packages/sklearn/impute/_base.py:647: UserWarning: Skipping features without any observed values: ['od_max_conf_chlorine_contact' 'od_max_conf_drying_bed'
 'od_max_conf_oxidation_pond']. At least one non-missing value is needed for imputation with strategy='median'.
  warnings.warn(
/work/GRDVULN/correction/.venv/lib64/python3.11/site-packages/sklearn/impute/_base.py:647: UserWarning: Skipping features without any observed values: ['od_max_conf_chlorine_contact' 'od_max_conf_drying_bed'
 'od_max_conf_oxidation_pond']. At least one non-missing value is needed for imputation with strategy='median'.
  warnings.warn(
/work/GRDVULN/correction/.venv/lib64/python3.11/site-packages/sklearn/impute/_base.py:647: UserWarning: Skipping features without any observed values: ['od_max_conf_chlorine_contact' 'od_max_conf_drying_bed'
 'od_max_conf_oxidation_pond']. At least one non-missing value is needed for imputation with strategy='median'.
  warnings.warn(
/work/GRDVULN/correction/.venv/lib64/python3.11/site-packages/sklearn/impute/_base.py:647: UserWarning: Skipping features without any observed values: ['od_max_conf_chlorine_contact' 'od_max_conf_drying_bed'
 'od_max_conf_oxidation_pond']. At least one non-missing value is needed for imputation with strategy='median'.
  warnings.warn(
/work/GRDVULN/correction/.venv/lib64/python3.11/site-packages/sklearn/impute/_base.py:647: UserWarning: Skipping features without any observed values: ['od_max_conf_chlorine_contact' 'od_max_conf_drying_bed'
 'od_max_conf_oxidation_pond']. At least one non-missing value is needed for imputation with strategy='median'.
  warnings.warn(
/work/GRDVULN/correction/.venv/lib64/python3.11/site-packages/sklearn/impute/_base.py:647: UserWarning: Skipping features without any observed values: ['od_max_conf_chlorine_contact' 'od_max_conf_drying_bed'
 'od_max_conf_oxidation_pond']. At least one non-missing value is needed for imputation with strategy='median'.
  warnings.warn(
/work/GRDVULN/correction/.venv/lib64/python3.11/site-packages/sklearn/impute/_base.py:647: UserWarning: Skipping features without any observed values: ['od_max_conf_chlorine_contact' 'od_max_conf_drying_bed'
 'od_max_conf_oxidation_pond']. At least one non-missing value is needed for imputation with strategy='median'.
  warnings.warn(
/work/GRDVULN/correction/.venv/lib64/python3.11/site-packages/sklearn/impute/_base.py:647: UserWarning: Skipping features without any observed values: ['od_max_conf_chlorine_contact' 'od_max_conf_drying_bed'
 'od_max_conf_oxidation_pond']. At least one non-missing value is needed for imputation with strategy='median'.
  warnings.warn(
/work/GRDVULN/correction/.venv/lib64/python3.11/site-packages/sklearn/impute/_base.py:647: UserWarning: Skipping features without any observed values: ['od_max_conf_chlorine_contact' 'od_max_conf_drying_bed'
 'od_max_conf_oxidation_pond']. At least one non-missing value is needed for imputation with strategy='median'.
  warnings.warn(
/work/GRDVULN/correction/.venv/lib64/python3.11/site-packages/sklearn/impute/_base.py:647: UserWarning: Skipping features without any observed values: ['od_max_conf_chlorine_contact' 'od_max_conf_drying_bed'
 'od_max_conf_oxidation_pond']. At least one non-missing value is needed for imputation with strategy='median'.
  warnings.warn(
/work/GRDVULN/correction/.venv/lib64/python3.11/site-packages/sklearn/impute/_base.py:647: UserWarning: Skipping features without any observed values: ['od_max_conf_chlorine_contact' 'od_max_conf_drying_bed'
 'od_max_conf_oxidation_pond']. At least one non-missing value is needed for imputation with strategy='median'.
  warnings.warn(
/work/GRDVULN/correction/.venv/lib64/python3.11/site-packages/sklearn/impute/_base.py:647: UserWarning: Skipping features without any observed values: ['od_max_conf_chlorine_contact' 'od_max_conf_drying_bed'
 'od_max_conf_oxidation_pond']. At least one non-missing value is needed for imputation with strategy='median'.
  warnings.warn(
/work/GRDVULN/correction/.venv/lib64/python3.11/site-packages/sklearn/impute/_base.py:647: UserWarning: Skipping features without any observed values: ['od_max_conf_chlorine_contact' 'od_max_conf_drying_bed'
 'od_max_conf_oxidation_pond']. At least one non-missing value is needed for imputation with strategy='median'.
  warnings.warn(
/work/GRDVULN/correction/.venv/lib64/python3.11/site-packages/sklearn/impute/_base.py:647: UserWarning: Skipping features without any observed values: ['od_max_conf_chlorine_contact' 'od_max_conf_drying_bed'
 'od_max_conf_oxidation_pond']. At least one non-missing value is needed for imputation with strategy='median'.
  warnings.warn(
/work/GRDVULN/correction/.venv/lib64/python3.11/site-packages/sklearn/impute/_base.py:647: UserWarning: Skipping features without any observed values: ['od_max_conf_chlorine_contact' 'od_max_conf_drying_bed'
 'od_max_conf_oxidation_pond']. At least one non-missing value is needed for imputation with strategy='median'.
  warnings.warn(
/work/GRDVULN/correction/.venv/lib64/python3.11/site-packages/sklearn/impute/_base.py:647: UserWarning: Skipping features without any observed values: ['od_max_conf_chlorine_contact' 'od_max_conf_drying_bed'
 'od_max_conf_oxidation_pond']. At least one non-missing value is needed for imputation with strategy='median'.
  warnings.warn(
/work/GRDVULN/correction/.venv/lib64/python3.11/site-packages/sklearn/impute/_base.py:647: UserWarning: Skipping features without any observed values: ['od_max_conf_chlorine_contact' 'od_max_conf_drying_bed'
 'od_max_conf_oxidation_pond']. At least one non-missing value is needed for imputation with strategy='median'.
  warnings.warn(
/work/GRDVULN/correction/.venv/lib64/python3.11/site-packages/sklearn/impute/_base.py:647: UserWarning: Skipping features without any observed values: ['od_max_conf_chlorine_contact' 'od_max_conf_drying_bed'
 'od_max_conf_oxidation_pond']. At least one non-missing value is needed for imputation with strategy='median'.
  warnings.warn(
/work/GRDVULN/correction/.venv/lib64/python3.11/site-packages/sklearn/impute/_base.py:647: UserWarning: Skipping features without any observed values: ['od_max_conf_chlorine_contact' 'od_max_conf_drying_bed'
 'od_max_conf_oxidation_pond']. At least one non-missing value is needed for imputation with strategy='median'.
  warnings.warn(
/work/GRDVULN/correction/.venv/lib64/python3.11/site-packages/sklearn/impute/_base.py:647: UserWarning: Skipping features without any observed values: ['od_max_conf_chlorine_contact' 'od_max_conf_drying_bed'
 'od_max_conf_oxidation_pond']. At least one non-missing value is needed for imputation with strategy='median'.
  warnings.warn(
/work/GRDVULN/correction/.venv/lib64/python3.11/site-packages/sklearn/impute/_base.py:647: UserWarning: Skipping features without any observed values: ['od_max_conf_chlorine_contact' 'od_max_conf_drying_bed'
 'od_max_conf_oxidation_pond']. At least one non-missing value is needed for imputation with strategy='median'.
  warnings.warn(
/work/GRDVULN/correction/.venv/lib64/python3.11/site-packages/sklearn/impute/_base.py:647: UserWarning: Skipping features without any observed values: ['od_max_conf_chlorine_contact' 'od_max_conf_drying_bed'
 'od_max_conf_oxidation_pond']. At least one non-missing value is needed for imputation with strategy='median'.
  warnings.warn(
/work/GRDVULN/correction/.venv/lib64/python3.11/site-packages/sklearn/impute/_base.py:647: UserWarning: Skipping features without any observed values: ['od_max_conf_chlorine_contact' 'od_max_conf_drying_bed'
 'od_max_conf_oxidation_pond']. At least one non-missing value is needed for imputation with strategy='median'.
  warnings.warn(
/work/GRDVULN/correction/.venv/lib64/python3.11/site-packages/sklearn/impute/_base.py:647: UserWarning: Skipping features without any observed values: ['od_max_conf_chlorine_contact' 'od_max_conf_drying_bed'
 'od_max_conf_oxidation_pond']. At least one non-missing value is needed for imputation with strategy='median'.
  warnings.warn(
/work/GRDVULN/correction/.venv/lib64/python3.11/site-packages/sklearn/impute/_base.py:647: UserWarning: Skipping features without any observed values: ['od_max_conf_chlorine_contact' 'od_max_conf_drying_bed'
 'od_max_conf_oxidation_pond']. At least one non-missing value is needed for imputation with strategy='median'.
  warnings.warn(
/work/GRDVULN/correction/.venv/lib64/python3.11/site-packages/sklearn/impute/_base.py:647: UserWarning: Skipping features without any observed values: ['od_max_conf_chlorine_contact' 'od_max_conf_drying_bed'
 'od_max_conf_oxidation_pond']. At least one non-missing value is needed for imputation with strategy='median'.
  warnings.warn(
/work/GRDVULN/correction/.venv/lib64/python3.11/site-packages/sklearn/impute/_base.py:647: UserWarning: Skipping features without any observed values: ['od_max_conf_chlorine_contact' 'od_max_conf_drying_bed'
 'od_max_conf_oxidation_pond']. At least one non-missing value is needed for imputation with strategy='median'.
  warnings.warn(
  SPATIAL CV complete in 0.4 minutes
  Best SPATIAL ROC AUC: 0.9371

========================================
Tuning with STANDARD cross-validation...
========================================
  STANDARD CV complete in 0.4 minutes
  Best STANDARD ROC AUC: 0.9611

CV Comparison:
         cv   roc_auc
1  Standard  0.961096
0   Spatial  0.937082

========================================
Fitting final model on full training data...
========================================
Test set metrics:
  roc_auc     : 0.9588
  accuracy    : 0.9189
  sensitivity : 0.9233
  specificity : 0.8824
  brier_class : 0.0674

Confusion matrix (rows=truth, cols=predicted; 1=Correct, 0=Incorrect):
[[ 45   6]
 [ 33 397]]

Computing feature importance...
Top 20 features:
                    Variable  Importance  Importance_std
                      osm_ww    0.109745        0.017786
                is_municipal    0.016215        0.004578
              lbcs_ownership    0.001956        0.000885
                   has_water    0.001591        0.001110
               ll_bldg_count    0.001026        0.001844
             water_pixel_pct    0.000962        0.000663
                  pop_served    0.000862        0.001889
            od_has_clarifier    0.000857        0.002716
                water_pixels    0.000720        0.000715
        od_max_conf_digester    0.000360        0.000421
              has_ww_keyword    0.000292        0.000174
               bldg_per_acre    0.000287        0.001005
                 owner_water    0.000274        0.000155
  od_max_conf_aeration_basin    0.000205        0.000167
      od_frac_tiles_positive    0.000141        0.000211
            owner_is_utility    0.000114        0.000263
         od_n_aeration_basin    0.000014        0.000065
           od_has_drying_bed    0.000000        0.000000
od_max_conf_chlorine_contact    0.000000        0.000000
             ocean_discharge    0.000000        0.000000

Running threshold analysis...
  Optimal Stage 1 threshold (Youden J): 0.555

Saving model...
  stage1_rf_model.joblib saved: 5.2 MB

=== Stage 1 training complete ===

FINAL RESULTS SUMMARY
  Test roc_auc: 0.9588
  Optimal threshold: 0.555
  CV comparison:
         cv   roc_auc
1  Standard  0.961096
0   Spatial  0.937082
Finished: Thu Aug 27 16:46:28 EDT 2026
