==========================================
Node:    r7n07
Job ID:  7400458
CPUs:    16
Started: Fri Aug 21 13:16:19 EDT 2026
==========================================
Loaded module: python/3.11
Python:  Python 3.11.13  (/work/GRDVULN/correction/.venv/bin/python)
------------------------------------------
=== 04_train_stage2.py: Stage 2 Model Training (Balanced Random Forest) ===
NEG_RATIO: 50

Loading Stage 2 training data...
  Total rows: 3487416
  Positive labels: 259
  Negative labels: 3487157
  Plants: 311

Sampling negatives with hard negative mining...
  Positives: 259
  Hard negatives sampled: 9065
  Easy negatives sampled: 3885
  Total training rows: 13209

  Balanced class distribution:
label
0    12950
1      259
Name: count, dtype: int64
  Model columns: 46

Setting up cross-validation folds...
  Spatial fold 1 train -- Correct: 210, Incorrect: 9240
  Spatial fold 2 train -- Correct: 211, Incorrect: 11097
  Spatial fold 3 train -- Correct: 248, Incorrect: 12035
  Spatial fold 4 train -- Correct: 228, Incorrect: 10081
  Spatial fold 5 train -- Correct: 139, Incorrect: 9347
  Spatial folds: 5  |  Standard folds: 5

========================================
Tuning with SPATIAL cross-validation...
========================================
/work/GRDVULN/correction/.venv/lib64/python3.11/site-packages/sklearn/impute/_base.py:647: UserWarning: Skipping features without any observed values: ['FACILITY_ID' 'STATE_CODE_y' 'DISCHARGES_TO']. At least one non-missing value is needed for imputation with strategy='constant'.
  warnings.warn(
/work/GRDVULN/correction/.venv/lib64/python3.11/site-packages/sklearn/impute/_base.py:647: UserWarning: Skipping features without any observed values: ['FACILITY_ID' 'STATE_CODE_y' 'DISCHARGES_TO']. At least one non-missing value is needed for imputation with strategy='constant'.
  warnings.warn(
/work/GRDVULN/correction/.venv/lib64/python3.11/site-packages/sklearn/impute/_base.py:647: UserWarning: Skipping features without any observed values: ['FACILITY_ID' 'STATE_CODE_y' 'DISCHARGES_TO']. At least one non-missing value is needed for imputation with strategy='constant'.
  warnings.warn(
/work/GRDVULN/correction/.venv/lib64/python3.11/site-packages/sklearn/impute/_base.py:647: UserWarning: Skipping features without any observed values: ['FACILITY_ID' 'STATE_CODE_y' 'DISCHARGES_TO']. At least one non-missing value is needed for imputation with strategy='constant'.
  warnings.warn(
/work/GRDVULN/correction/.venv/lib64/python3.11/site-packages/sklearn/impute/_base.py:647: UserWarning: Skipping features without any observed values: ['FACILITY_ID' 'STATE_CODE_y' 'DISCHARGES_TO']. At least one non-missing value is needed for imputation with strategy='constant'.
  warnings.warn(
/work/GRDVULN/correction/.venv/lib64/python3.11/site-packages/sklearn/impute/_base.py:647: UserWarning: Skipping features without any observed values: ['FACILITY_ID' 'STATE_CODE_y' 'DISCHARGES_TO']. At least one non-missing value is needed for imputation with strategy='constant'.
  warnings.warn(
/work/GRDVULN/correction/.venv/lib64/python3.11/site-packages/sklearn/impute/_base.py:647: UserWarning: Skipping features without any observed values: ['FACILITY_ID' 'STATE_CODE_y' 'DISCHARGES_TO']. At least one non-missing value is needed for imputation with strategy='constant'.
  warnings.warn(
/work/GRDVULN/correction/.venv/lib64/python3.11/site-packages/sklearn/impute/_base.py:647: UserWarning: Skipping features without any observed values: ['FACILITY_ID' 'STATE_CODE_y' 'DISCHARGES_TO']. At least one non-missing value is needed for imputation with strategy='constant'.
  warnings.warn(
/work/GRDVULN/correction/.venv/lib64/python3.11/site-packages/sklearn/impute/_base.py:647: UserWarning: Skipping features without any observed values: ['FACILITY_ID' 'STATE_CODE_y' 'DISCHARGES_TO']. At least one non-missing value is needed for imputation with strategy='constant'.
  warnings.warn(
/work/GRDVULN/correction/.venv/lib64/python3.11/site-packages/sklearn/impute/_base.py:647: UserWarning: Skipping features without any observed values: ['FACILITY_ID' 'STATE_CODE_y' 'DISCHARGES_TO']. At least one non-missing value is needed for imputation with strategy='constant'.
  warnings.warn(
/work/GRDVULN/correction/.venv/lib64/python3.11/site-packages/sklearn/impute/_base.py:647: UserWarning: Skipping features without any observed values: ['FACILITY_ID' 'STATE_CODE_y' 'DISCHARGES_TO']. At least one non-missing value is needed for imputation with strategy='constant'.
  warnings.warn(
/work/GRDVULN/correction/.venv/lib64/python3.11/site-packages/sklearn/impute/_base.py:647: UserWarning: Skipping features without any observed values: ['FACILITY_ID' 'STATE_CODE_y' 'DISCHARGES_TO']. At least one non-missing value is needed for imputation with strategy='constant'.
  warnings.warn(
/work/GRDVULN/correction/.venv/lib64/python3.11/site-packages/sklearn/impute/_base.py:647: UserWarning: Skipping features without any observed values: ['FACILITY_ID' 'STATE_CODE_y' 'DISCHARGES_TO']. At least one non-missing value is needed for imputation with strategy='constant'.
  warnings.warn(
/work/GRDVULN/correction/.venv/lib64/python3.11/site-packages/sklearn/impute/_base.py:647: UserWarning: Skipping features without any observed values: ['FACILITY_ID' 'STATE_CODE_y' 'DISCHARGES_TO']. At least one non-missing value is needed for imputation with strategy='constant'.
  warnings.warn(
/work/GRDVULN/correction/.venv/lib64/python3.11/site-packages/sklearn/impute/_base.py:647: UserWarning: Skipping features without any observed values: ['FACILITY_ID' 'STATE_CODE_y' 'DISCHARGES_TO']. At least one non-missing value is needed for imputation with strategy='constant'.
  warnings.warn(
/work/GRDVULN/correction/.venv/lib64/python3.11/site-packages/sklearn/impute/_base.py:647: UserWarning: Skipping features without any observed values: ['FACILITY_ID' 'STATE_CODE_y' 'DISCHARGES_TO']. At least one non-missing value is needed for imputation with strategy='constant'.
  warnings.warn(
/work/GRDVULN/correction/.venv/lib64/python3.11/site-packages/sklearn/impute/_base.py:647: UserWarning: Skipping features without any observed values: ['DISCHARGE_TYPE' 'PRESENT_DISCHARGE_PERCENTAGE'
 'PROJECTED_DISCHARGE_PERCENTAGE']. At least one non-missing value is needed for imputation with strategy='median'.
  warnings.warn(
/work/GRDVULN/correction/.venv/lib64/python3.11/site-packages/sklearn/impute/_base.py:647: UserWarning: Skipping features without any observed values: ['DISCHARGE_TYPE' 'PRESENT_DISCHARGE_PERCENTAGE'
 'PROJECTED_DISCHARGE_PERCENTAGE']. At least one non-missing value is needed for imputation with strategy='median'.
  warnings.warn(
/work/GRDVULN/correction/.venv/lib64/python3.11/site-packages/sklearn/impute/_base.py:647: UserWarning: Skipping features without any observed values: ['DISCHARGE_TYPE' 'PRESENT_DISCHARGE_PERCENTAGE'
 'PROJECTED_DISCHARGE_PERCENTAGE']. At least one non-missing value is needed for imputation with strategy='median'.
  warnings.warn(
/work/GRDVULN/correction/.venv/lib64/python3.11/site-packages/sklearn/impute/_base.py:647: UserWarning: Skipping features without any observed values: ['DISCHARGE_TYPE' 'PRESENT_DISCHARGE_PERCENTAGE'
 'PROJECTED_DISCHARGE_PERCENTAGE']. At least one non-missing value is needed for imputation with strategy='median'.
  warnings.warn(
/work/GRDVULN/correction/.venv/lib64/python3.11/site-packages/sklearn/impute/_base.py:647: UserWarning: Skipping features without any observed values: ['DISCHARGE_TYPE' 'PRESENT_DISCHARGE_PERCENTAGE'
 'PROJECTED_DISCHARGE_PERCENTAGE']. At least one non-missing value is needed for imputation with strategy='median'.
  warnings.warn(
/work/GRDVULN/correction/.venv/lib64/python3.11/site-packages/sklearn/impute/_base.py:647: UserWarning: Skipping features without any observed values: ['DISCHARGE_TYPE' 'PRESENT_DISCHARGE_PERCENTAGE'
 'PROJECTED_DISCHARGE_PERCENTAGE']. At least one non-missing value is needed for imputation with strategy='median'.
  warnings.warn(
/work/GRDVULN/correction/.venv/lib64/python3.11/site-packages/sklearn/impute/_base.py:647: UserWarning: Skipping features without any observed values: ['DISCHARGE_TYPE' 'PRESENT_DISCHARGE_PERCENTAGE'
 'PROJECTED_DISCHARGE_PERCENTAGE']. At least one non-missing value is needed for imputation with strategy='median'.
  warnings.warn(
/work/GRDVULN/correction/.venv/lib64/python3.11/site-packages/sklearn/impute/_base.py:647: UserWarning: Skipping features without any observed values: ['DISCHARGE_TYPE' 'PRESENT_DISCHARGE_PERCENTAGE'
 'PROJECTED_DISCHARGE_PERCENTAGE']. At least one non-missing value is needed for imputation with strategy='median'.
  warnings.warn(
/work/GRDVULN/correction/.venv/lib64/python3.11/site-packages/sklearn/impute/_base.py:647: UserWarning: Skipping features without any observed values: ['DISCHARGE_TYPE' 'PRESENT_DISCHARGE_PERCENTAGE'
 'PROJECTED_DISCHARGE_PERCENTAGE']. At least one non-missing value is needed for imputation with strategy='median'.
  warnings.warn(
/work/GRDVULN/correction/.venv/lib64/python3.11/site-packages/sklearn/impute/_base.py:647: UserWarning: Skipping features without any observed values: ['DISCHARGE_TYPE' 'PRESENT_DISCHARGE_PERCENTAGE'
 'PROJECTED_DISCHARGE_PERCENTAGE']. At least one non-missing value is needed for imputation with strategy='median'.
  warnings.warn(
/work/GRDVULN/correction/.venv/lib64/python3.11/site-packages/sklearn/impute/_base.py:647: UserWarning: Skipping features without any observed values: ['DISCHARGE_TYPE' 'PRESENT_DISCHARGE_PERCENTAGE'
 'PROJECTED_DISCHARGE_PERCENTAGE']. At least one non-missing value is needed for imputation with strategy='median'.
  warnings.warn(
/work/GRDVULN/correction/.venv/lib64/python3.11/site-packages/sklearn/impute/_base.py:647: UserWarning: Skipping features without any observed values: ['DISCHARGE_TYPE' 'PRESENT_DISCHARGE_PERCENTAGE'
 'PROJECTED_DISCHARGE_PERCENTAGE']. At least one non-missing value is needed for imputation with strategy='median'.
  warnings.warn(
/work/GRDVULN/correction/.venv/lib64/python3.11/site-packages/sklearn/impute/_base.py:647: UserWarning: Skipping features without any observed values: ['DISCHARGE_TYPE' 'PRESENT_DISCHARGE_PERCENTAGE'
 'PROJECTED_DISCHARGE_PERCENTAGE']. At least one non-missing value is needed for imputation with strategy='median'.
  warnings.warn(
/work/GRDVULN/correction/.venv/lib64/python3.11/site-packages/sklearn/impute/_base.py:647: UserWarning: Skipping features without any observed values: ['DISCHARGE_TYPE' 'PRESENT_DISCHARGE_PERCENTAGE'
 'PROJECTED_DISCHARGE_PERCENTAGE']. At least one non-missing value is needed for imputation with strategy='median'.
  warnings.warn(
/work/GRDVULN/correction/.venv/lib64/python3.11/site-packages/sklearn/impute/_base.py:647: UserWarning: Skipping features without any observed values: ['DISCHARGE_TYPE' 'PRESENT_DISCHARGE_PERCENTAGE'
 'PROJECTED_DISCHARGE_PERCENTAGE']. At least one non-missing value is needed for imputation with strategy='median'.
  warnings.warn(
/work/GRDVULN/correction/.venv/lib64/python3.11/site-packages/sklearn/impute/_base.py:647: UserWarning: Skipping features without any observed values: ['DISCHARGE_TYPE' 'PRESENT_DISCHARGE_PERCENTAGE'
 'PROJECTED_DISCHARGE_PERCENTAGE']. At least one non-missing value is needed for imputation with strategy='median'.
  warnings.warn(
/work/GRDVULN/correction/.venv/lib64/python3.11/site-packages/sklearn/impute/_base.py:647: UserWarning: Skipping features without any observed values: ['FACILITY_ID' 'STATE_CODE_y' 'DISCHARGES_TO']. At least one non-missing value is needed for imputation with strategy='constant'.
  warnings.warn(
/work/GRDVULN/correction/.venv/lib64/python3.11/site-packages/sklearn/impute/_base.py:647: UserWarning: Skipping features without any observed values: ['FACILITY_ID' 'STATE_CODE_y' 'DISCHARGES_TO']. At least one non-missing value is needed for imputation with strategy='constant'.
  warnings.warn(
/work/GRDVULN/correction/.venv/lib64/python3.11/site-packages/sklearn/impute/_base.py:647: UserWarning: Skipping features without any observed values: ['DISCHARGE_TYPE' 'PRESENT_DISCHARGE_PERCENTAGE'
 'PROJECTED_DISCHARGE_PERCENTAGE']. At least one non-missing value is needed for imputation with strategy='median'.
  warnings.warn(
/work/GRDVULN/correction/.venv/lib64/python3.11/site-packages/sklearn/impute/_base.py:647: UserWarning: Skipping features without any observed values: ['DISCHARGE_TYPE' 'PRESENT_DISCHARGE_PERCENTAGE'
 'PROJECTED_DISCHARGE_PERCENTAGE']. At least one non-missing value is needed for imputation with strategy='median'.
  warnings.warn(
/work/GRDVULN/correction/.venv/lib64/python3.11/site-packages/sklearn/impute/_base.py:647: UserWarning: Skipping features without any observed values: ['FACILITY_ID' 'STATE_CODE_y' 'DISCHARGES_TO']. At least one non-missing value is needed for imputation with strategy='constant'.
  warnings.warn(
/work/GRDVULN/correction/.venv/lib64/python3.11/site-packages/sklearn/impute/_base.py:647: UserWarning: Skipping features without any observed values: ['DISCHARGE_TYPE' 'PRESENT_DISCHARGE_PERCENTAGE'
 'PROJECTED_DISCHARGE_PERCENTAGE']. At least one non-missing value is needed for imputation with strategy='median'.
  warnings.warn(
/work/GRDVULN/correction/.venv/lib64/python3.11/site-packages/sklearn/impute/_base.py:647: UserWarning: Skipping features without any observed values: ['FACILITY_ID' 'STATE_CODE_y' 'DISCHARGES_TO']. At least one non-missing value is needed for imputation with strategy='constant'.
  warnings.warn(
/work/GRDVULN/correction/.venv/lib64/python3.11/site-packages/sklearn/impute/_base.py:647: UserWarning: Skipping features without any observed values: ['DISCHARGE_TYPE' 'PRESENT_DISCHARGE_PERCENTAGE'
 'PROJECTED_DISCHARGE_PERCENTAGE']. At least one non-missing value is needed for imputation with strategy='median'.
  warnings.warn(
/work/GRDVULN/correction/.venv/lib64/python3.11/site-packages/sklearn/impute/_base.py:647: UserWarning: Skipping features without any observed values: ['FACILITY_ID' 'STATE_CODE_y' 'DISCHARGES_TO']. At least one non-missing value is needed for imputation with strategy='constant'.
  warnings.warn(
/work/GRDVULN/correction/.venv/lib64/python3.11/site-packages/sklearn/impute/_base.py:647: UserWarning: Skipping features without any observed values: ['FACILITY_ID' 'STATE_CODE_y' 'DISCHARGES_TO']. At least one non-missing value is needed for imputation with strategy='constant'.
  warnings.warn(
/work/GRDVULN/correction/.venv/lib64/python3.11/site-packages/sklearn/impute/_base.py:647: UserWarning: Skipping features without any observed values: ['DISCHARGE_TYPE' 'PRESENT_DISCHARGE_PERCENTAGE'
 'PROJECTED_DISCHARGE_PERCENTAGE']. At least one non-missing value is needed for imputation with strategy='median'.
  warnings.warn(
/work/GRDVULN/correction/.venv/lib64/python3.11/site-packages/sklearn/impute/_base.py:647: UserWarning: Skipping features without any observed values: ['FACILITY_ID' 'STATE_CODE_y' 'DISCHARGES_TO']. At least one non-missing value is needed for imputation with strategy='constant'.
  warnings.warn(
/work/GRDVULN/correction/.venv/lib64/python3.11/site-packages/sklearn/impute/_base.py:647: UserWarning: Skipping features without any observed values: ['DISCHARGE_TYPE' 'PRESENT_DISCHARGE_PERCENTAGE'
 'PROJECTED_DISCHARGE_PERCENTAGE']. At least one non-missing value is needed for imputation with strategy='median'.
  warnings.warn(
/work/GRDVULN/correction/.venv/lib64/python3.11/site-packages/sklearn/impute/_base.py:647: UserWarning: Skipping features without any observed values: ['DISCHARGE_TYPE' 'PRESENT_DISCHARGE_PERCENTAGE'
 'PROJECTED_DISCHARGE_PERCENTAGE']. At least one non-missing value is needed for imputation with strategy='median'.
  warnings.warn(
/work/GRDVULN/correction/.venv/lib64/python3.11/site-packages/sklearn/impute/_base.py:647: UserWarning: Skipping features without any observed values: ['FACILITY_ID' 'STATE_CODE_y' 'DISCHARGES_TO']. At least one non-missing value is needed for imputation with strategy='constant'.
  warnings.warn(
/work/GRDVULN/correction/.venv/lib64/python3.11/site-packages/sklearn/impute/_base.py:647: UserWarning: Skipping features without any observed values: ['DISCHARGE_TYPE' 'PRESENT_DISCHARGE_PERCENTAGE'
 'PROJECTED_DISCHARGE_PERCENTAGE']. At least one non-missing value is needed for imputation with strategy='median'.
  warnings.warn(
/work/GRDVULN/correction/.venv/lib64/python3.11/site-packages/sklearn/impute/_base.py:647: UserWarning: Skipping features without any observed values: ['FACILITY_ID' 'STATE_CODE_y' 'DISCHARGES_TO']. At least one non-missing value is needed for imputation with strategy='constant'.
  warnings.warn(
/work/GRDVULN/correction/.venv/lib64/python3.11/site-packages/sklearn/impute/_base.py:647: UserWarning: Skipping features without any observed values: ['FACILITY_ID' 'STATE_CODE_y' 'DISCHARGES_TO']. At least one non-missing value is needed for imputation with strategy='constant'.
  warnings.warn(
/work/GRDVULN/correction/.venv/lib64/python3.11/site-packages/sklearn/impute/_base.py:647: UserWarning: Skipping features without any observed values: ['FACILITY_ID' 'STATE_CODE_y' 'DISCHARGES_TO']. At least one non-missing value is needed for imputation with strategy='constant'.
  warnings.warn(
/work/GRDVULN/correction/.venv/lib64/python3.11/site-packages/sklearn/impute/_base.py:647: UserWarning: Skipping features without any observed values: ['FACILITY_ID' 'STATE_CODE_y' 'DISCHARGES_TO']. At least one non-missing value is needed for imputation with strategy='constant'.
  warnings.warn(
/work/GRDVULN/correction/.venv/lib64/python3.11/site-packages/sklearn/impute/_base.py:647: UserWarning: Skipping features without any observed values: ['FACILITY_ID' 'STATE_CODE_y' 'DISCHARGES_TO']. At least one non-missing value is needed for imputation with strategy='constant'.
  warnings.warn(
/work/GRDVULN/correction/.venv/lib64/python3.11/site-packages/sklearn/impute/_base.py:647: UserWarning: Skipping features without any observed values: ['FACILITY_ID' 'STATE_CODE_y' 'DISCHARGES_TO']. At least one non-missing value is needed for imputation with strategy='constant'.
  warnings.warn(
/work/GRDVULN/correction/.venv/lib64/python3.11/site-packages/sklearn/impute/_base.py:647: UserWarning: Skipping features without any observed values: ['FACILITY_ID' 'STATE_CODE_y' 'DISCHARGES_TO']. At least one non-missing value is needed for imputation with strategy='constant'.
  warnings.warn(
/work/GRDVULN/correction/.venv/lib64/python3.11/site-packages/sklearn/impute/_base.py:647: UserWarning: Skipping features without any observed values: ['DISCHARGE_TYPE' 'PRESENT_DISCHARGE_PERCENTAGE'
 'PROJECTED_DISCHARGE_PERCENTAGE']. At least one non-missing value is needed for imputation with strategy='median'.
  warnings.warn(
/work/GRDVULN/correction/.venv/lib64/python3.11/site-packages/sklearn/impute/_base.py:647: UserWarning: Skipping features without any observed values: ['DISCHARGE_TYPE' 'PRESENT_DISCHARGE_PERCENTAGE'
 'PROJECTED_DISCHARGE_PERCENTAGE']. At least one non-missing value is needed for imputation with strategy='median'.
  warnings.warn(
/work/GRDVULN/correction/.venv/lib64/python3.11/site-packages/sklearn/impute/_base.py:647: UserWarning: Skipping features without any observed values: ['DISCHARGE_TYPE' 'PRESENT_DISCHARGE_PERCENTAGE'
 'PROJECTED_DISCHARGE_PERCENTAGE']. At least one non-missing value is needed for imputation with strategy='median'.
  warnings.warn(
/work/GRDVULN/correction/.venv/lib64/python3.11/site-packages/sklearn/impute/_base.py:647: UserWarning: Skipping features without any observed values: ['DISCHARGE_TYPE' 'PRESENT_DISCHARGE_PERCENTAGE'
 'PROJECTED_DISCHARGE_PERCENTAGE']. At least one non-missing value is needed for imputation with strategy='median'.
  warnings.warn(
/work/GRDVULN/correction/.venv/lib64/python3.11/site-packages/sklearn/impute/_base.py:647: UserWarning: Skipping features without any observed values: ['FACILITY_ID' 'STATE_CODE_y' 'DISCHARGES_TO']. At least one non-missing value is needed for imputation with strategy='constant'.
  warnings.warn(
/work/GRDVULN/correction/.venv/lib64/python3.11/site-packages/sklearn/impute/_base.py:647: UserWarning: Skipping features without any observed values: ['DISCHARGE_TYPE' 'PRESENT_DISCHARGE_PERCENTAGE'
 'PROJECTED_DISCHARGE_PERCENTAGE']. At least one non-missing value is needed for imputation with strategy='median'.
  warnings.warn(
/work/GRDVULN/correction/.venv/lib64/python3.11/site-packages/sklearn/impute/_base.py:647: UserWarning: Skipping features without any observed values: ['DISCHARGE_TYPE' 'PRESENT_DISCHARGE_PERCENTAGE'
 'PROJECTED_DISCHARGE_PERCENTAGE']. At least one non-missing value is needed for imputation with strategy='median'.
  warnings.warn(
/work/GRDVULN/correction/.venv/lib64/python3.11/site-packages/sklearn/impute/_base.py:647: UserWarning: Skipping features without any observed values: ['DISCHARGE_TYPE' 'PRESENT_DISCHARGE_PERCENTAGE'
 'PROJECTED_DISCHARGE_PERCENTAGE']. At least one non-missing value is needed for imputation with strategy='median'.
  warnings.warn(
/work/GRDVULN/correction/.venv/lib64/python3.11/site-packages/sklearn/impute/_base.py:647: UserWarning: Skipping features without any observed values: ['FACILITY_ID' 'STATE_CODE_y' 'DISCHARGES_TO']. At least one non-missing value is needed for imputation with strategy='constant'.
  warnings.warn(
/work/GRDVULN/correction/.venv/lib64/python3.11/site-packages/sklearn/impute/_base.py:647: UserWarning: Skipping features without any observed values: ['DISCHARGE_TYPE' 'PRESENT_DISCHARGE_PERCENTAGE'
 'PROJECTED_DISCHARGE_PERCENTAGE']. At least one non-missing value is needed for imputation with strategy='median'.
  warnings.warn(
/work/GRDVULN/correction/.venv/lib64/python3.11/site-packages/sklearn/impute/_base.py:647: UserWarning: Skipping features without any observed values: ['FACILITY_ID' 'STATE_CODE_y' 'DISCHARGES_TO']. At least one non-missing value is needed for imputation with strategy='constant'.
  warnings.warn(
/work/GRDVULN/correction/.venv/lib64/python3.11/site-packages/sklearn/impute/_base.py:647: UserWarning: Skipping features without any observed values: ['DISCHARGE_TYPE' 'PRESENT_DISCHARGE_PERCENTAGE'
 'PROJECTED_DISCHARGE_PERCENTAGE']. At least one non-missing value is needed for imputation with strategy='median'.
  warnings.warn(
/work/GRDVULN/correction/.venv/lib64/python3.11/site-packages/sklearn/impute/_base.py:647: UserWarning: Skipping features without any observed values: ['FACILITY_ID' 'STATE_CODE_y' 'DISCHARGES_TO']. At least one non-missing value is needed for imputation with strategy='constant'.
  warnings.warn(
/work/GRDVULN/correction/.venv/lib64/python3.11/site-packages/sklearn/impute/_base.py:647: UserWarning: Skipping features without any observed values: ['DISCHARGE_TYPE' 'PRESENT_DISCHARGE_PERCENTAGE'
 'PROJECTED_DISCHARGE_PERCENTAGE']. At least one non-missing value is needed for imputation with strategy='median'.
  warnings.warn(
/work/GRDVULN/correction/.venv/lib64/python3.11/site-packages/sklearn/impute/_base.py:647: UserWarning: Skipping features without any observed values: ['FACILITY_ID' 'STATE_CODE_y' 'DISCHARGES_TO']. At least one non-missing value is needed for imputation with strategy='constant'.
  warnings.warn(
/work/GRDVULN/correction/.venv/lib64/python3.11/site-packages/sklearn/impute/_base.py:647: UserWarning: Skipping features without any observed values: ['DISCHARGE_TYPE' 'PRESENT_DISCHARGE_PERCENTAGE'
 'PROJECTED_DISCHARGE_PERCENTAGE']. At least one non-missing value is needed for imputation with strategy='median'.
  warnings.warn(
/work/GRDVULN/correction/.venv/lib64/python3.11/site-packages/sklearn/impute/_base.py:647: UserWarning: Skipping features without any observed values: ['DISCHARGE_TYPE' 'PRESENT_DISCHARGE_PERCENTAGE'
 'PROJECTED_DISCHARGE_PERCENTAGE']. At least one non-missing value is needed for imputation with strategy='median'.
  warnings.warn(
/work/GRDVULN/correction/.venv/lib64/python3.11/site-packages/sklearn/impute/_base.py:647: UserWarning: Skipping features without any observed values: ['FACILITY_ID' 'STATE_CODE_y' 'DISCHARGES_TO']. At least one non-missing value is needed for imputation with strategy='constant'.
  warnings.warn(
/work/GRDVULN/correction/.venv/lib64/python3.11/site-packages/sklearn/impute/_base.py:647: UserWarning: Skipping features without any observed values: ['FACILITY_ID' 'STATE_CODE_y' 'DISCHARGES_TO']. At least one non-missing value is needed for imputation with strategy='constant'.
  warnings.warn(
/work/GRDVULN/correction/.venv/lib64/python3.11/site-packages/sklearn/impute/_base.py:647: UserWarning: Skipping features without any observed values: ['FACILITY_ID' 'STATE_CODE_y' 'DISCHARGES_TO']. At least one non-missing value is needed for imputation with strategy='constant'.
  warnings.warn(
/work/GRDVULN/correction/.venv/lib64/python3.11/site-packages/sklearn/impute/_base.py:647: UserWarning: Skipping features without any observed values: ['FACILITY_ID' 'STATE_CODE_y' 'DISCHARGES_TO']. At least one non-missing value is needed for imputation with strategy='constant'.
  warnings.warn(
/work/GRDVULN/correction/.venv/lib64/python3.11/site-packages/sklearn/impute/_base.py:647: UserWarning: Skipping features without any observed values: ['DISCHARGE_TYPE' 'PRESENT_DISCHARGE_PERCENTAGE'
 'PROJECTED_DISCHARGE_PERCENTAGE']. At least one non-missing value is needed for imputation with strategy='median'.
  warnings.warn(
/work/GRDVULN/correction/.venv/lib64/python3.11/site-packages/sklearn/impute/_base.py:647: UserWarning: Skipping features without any observed values: ['DISCHARGE_TYPE' 'PRESENT_DISCHARGE_PERCENTAGE'
 'PROJECTED_DISCHARGE_PERCENTAGE']. At least one non-missing value is needed for imputation with strategy='median'.
  warnings.warn(
/work/GRDVULN/correction/.venv/lib64/python3.11/site-packages/sklearn/impute/_base.py:647: UserWarning: Skipping features without any observed values: ['FACILITY_ID' 'STATE_CODE_y' 'DISCHARGES_TO']. At least one non-missing value is needed for imputation with strategy='constant'.
  warnings.warn(
/work/GRDVULN/correction/.venv/lib64/python3.11/site-packages/sklearn/impute/_base.py:647: UserWarning: Skipping features without any observed values: ['DISCHARGE_TYPE' 'PRESENT_DISCHARGE_PERCENTAGE'
 'PROJECTED_DISCHARGE_PERCENTAGE']. At least one non-missing value is needed for imputation with strategy='median'.
  warnings.warn(
/work/GRDVULN/correction/.venv/lib64/python3.11/site-packages/sklearn/impute/_base.py:647: UserWarning: Skipping features without any observed values: ['DISCHARGE_TYPE' 'PRESENT_DISCHARGE_PERCENTAGE'
 'PROJECTED_DISCHARGE_PERCENTAGE']. At least one non-missing value is needed for imputation with strategy='median'.
  warnings.warn(
/work/GRDVULN/correction/.venv/lib64/python3.11/site-packages/sklearn/impute/_base.py:647: UserWarning: Skipping features without any observed values: ['DISCHARGE_TYPE' 'PRESENT_DISCHARGE_PERCENTAGE'
 'PROJECTED_DISCHARGE_PERCENTAGE']. At least one non-missing value is needed for imputation with strategy='median'.
  warnings.warn(
/work/GRDVULN/correction/.venv/lib64/python3.11/site-packages/sklearn/impute/_base.py:647: UserWarning: Skipping features without any observed values: ['FACILITY_ID' 'STATE_CODE_y' 'DISCHARGES_TO']. At least one non-missing value is needed for imputation with strategy='constant'.
  warnings.warn(
/work/GRDVULN/correction/.venv/lib64/python3.11/site-packages/sklearn/impute/_base.py:647: UserWarning: Skipping features without any observed values: ['DISCHARGE_TYPE' 'PRESENT_DISCHARGE_PERCENTAGE'
 'PROJECTED_DISCHARGE_PERCENTAGE']. At least one non-missing value is needed for imputation with strategy='median'.
  warnings.warn(
/work/GRDVULN/correction/.venv/lib64/python3.11/site-packages/sklearn/impute/_base.py:647: UserWarning: Skipping features without any observed values: ['FACILITY_ID' 'STATE_CODE_y' 'DISCHARGES_TO']. At least one non-missing value is needed for imputation with strategy='constant'.
  warnings.warn(
/work/GRDVULN/correction/.venv/lib64/python3.11/site-packages/sklearn/impute/_base.py:647: UserWarning: Skipping features without any observed values: ['FACILITY_ID' 'STATE_CODE_y' 'DISCHARGES_TO']. At least one non-missing value is needed for imputation with strategy='constant'.
  warnings.warn(
/work/GRDVULN/correction/.venv/lib64/python3.11/site-packages/sklearn/impute/_base.py:647: UserWarning: Skipping features without any observed values: ['FACILITY_ID' 'STATE_CODE_y' 'DISCHARGES_TO']. At least one non-missing value is needed for imputation with strategy='constant'.
  warnings.warn(
/work/GRDVULN/correction/.venv/lib64/python3.11/site-packages/sklearn/impute/_base.py:647: UserWarning: Skipping features without any observed values: ['FACILITY_ID' 'STATE_CODE_y' 'DISCHARGES_TO']. At least one non-missing value is needed for imputation with strategy='constant'.
  warnings.warn(
/work/GRDVULN/correction/.venv/lib64/python3.11/site-packages/sklearn/impute/_base.py:647: UserWarning: Skipping features without any observed values: ['DISCHARGE_TYPE' 'PRESENT_DISCHARGE_PERCENTAGE'
 'PROJECTED_DISCHARGE_PERCENTAGE']. At least one non-missing value is needed for imputation with strategy='median'.
  warnings.warn(
/work/GRDVULN/correction/.venv/lib64/python3.11/site-packages/sklearn/impute/_base.py:647: UserWarning: Skipping features without any observed values: ['DISCHARGE_TYPE' 'PRESENT_DISCHARGE_PERCENTAGE'
 'PROJECTED_DISCHARGE_PERCENTAGE']. At least one non-missing value is needed for imputation with strategy='median'.
  warnings.warn(
/work/GRDVULN/correction/.venv/lib64/python3.11/site-packages/sklearn/impute/_base.py:647: UserWarning: Skipping features without any observed values: ['DISCHARGE_TYPE' 'PRESENT_DISCHARGE_PERCENTAGE'
 'PROJECTED_DISCHARGE_PERCENTAGE']. At least one non-missing value is needed for imputation with strategy='median'.
  warnings.warn(
/work/GRDVULN/correction/.venv/lib64/python3.11/site-packages/sklearn/impute/_base.py:647: UserWarning: Skipping features without any observed values: ['DISCHARGE_TYPE' 'PRESENT_DISCHARGE_PERCENTAGE'
 'PROJECTED_DISCHARGE_PERCENTAGE']. At least one non-missing value is needed for imputation with strategy='median'.
  warnings.warn(
/work/GRDVULN/correction/.venv/lib64/python3.11/site-packages/sklearn/impute/_base.py:647: UserWarning: Skipping features without any observed values: ['FACILITY_ID' 'STATE_CODE_y' 'DISCHARGES_TO']. At least one non-missing value is needed for imputation with strategy='constant'.
  warnings.warn(
/work/GRDVULN/correction/.venv/lib64/python3.11/site-packages/sklearn/impute/_base.py:647: UserWarning: Skipping features without any observed values: ['DISCHARGE_TYPE' 'PRESENT_DISCHARGE_PERCENTAGE'
 'PROJECTED_DISCHARGE_PERCENTAGE']. At least one non-missing value is needed for imputation with strategy='median'.
  warnings.warn(
/work/GRDVULN/correction/.venv/lib64/python3.11/site-packages/sklearn/impute/_base.py:647: UserWarning: Skipping features without any observed values: ['FACILITY_ID' 'STATE_CODE_y' 'DISCHARGES_TO']. At least one non-missing value is needed for imputation with strategy='constant'.
  warnings.warn(
/work/GRDVULN/correction/.venv/lib64/python3.11/site-packages/sklearn/impute/_base.py:647: UserWarning: Skipping features without any observed values: ['FACILITY_ID' 'STATE_CODE_y' 'DISCHARGES_TO']. At least one non-missing value is needed for imputation with strategy='constant'.
  warnings.warn(
/work/GRDVULN/correction/.venv/lib64/python3.11/site-packages/sklearn/impute/_base.py:647: UserWarning: Skipping features without any observed values: ['DISCHARGE_TYPE' 'PRESENT_DISCHARGE_PERCENTAGE'
 'PROJECTED_DISCHARGE_PERCENTAGE']. At least one non-missing value is needed for imputation with strategy='median'.
  warnings.warn(
/work/GRDVULN/correction/.venv/lib64/python3.11/site-packages/sklearn/impute/_base.py:647: UserWarning: Skipping features without any observed values: ['FACILITY_ID' 'STATE_CODE_y' 'DISCHARGES_TO']. At least one non-missing value is needed for imputation with strategy='constant'.
  warnings.warn(
/work/GRDVULN/correction/.venv/lib64/python3.11/site-packages/sklearn/impute/_base.py:647: UserWarning: Skipping features without any observed values: ['DISCHARGE_TYPE' 'PRESENT_DISCHARGE_PERCENTAGE'
 'PROJECTED_DISCHARGE_PERCENTAGE']. At least one non-missing value is needed for imputation with strategy='median'.
  warnings.warn(
/work/GRDVULN/correction/.venv/lib64/python3.11/site-packages/sklearn/impute/_base.py:647: UserWarning: Skipping features without any observed values: ['DISCHARGE_TYPE' 'PRESENT_DISCHARGE_PERCENTAGE'
 'PROJECTED_DISCHARGE_PERCENTAGE']. At least one non-missing value is needed for imputation with strategy='median'.
  warnings.warn(
/work/GRDVULN/correction/.venv/lib64/python3.11/site-packages/sklearn/impute/_base.py:647: UserWarning: Skipping features without any observed values: ['FACILITY_ID' 'STATE_CODE_y' 'DISCHARGES_TO']. At least one non-missing value is needed for imputation with strategy='constant'.
  warnings.warn(
/work/GRDVULN/correction/.venv/lib64/python3.11/site-packages/sklearn/impute/_base.py:647: UserWarning: Skipping features without any observed values: ['FACILITY_ID' 'STATE_CODE_y' 'DISCHARGES_TO']. At least one non-missing value is needed for imputation with strategy='constant'.
  warnings.warn(
/work/GRDVULN/correction/.venv/lib64/python3.11/site-packages/sklearn/impute/_base.py:647: UserWarning: Skipping features without any observed values: ['DISCHARGE_TYPE' 'PRESENT_DISCHARGE_PERCENTAGE'
 'PROJECTED_DISCHARGE_PERCENTAGE']. At least one non-missing value is needed for imputation with strategy='median'.
  warnings.warn(
/work/GRDVULN/correction/.venv/lib64/python3.11/site-packages/sklearn/impute/_base.py:647: UserWarning: Skipping features without any observed values: ['DISCHARGE_TYPE' 'PRESENT_DISCHARGE_PERCENTAGE'
 'PROJECTED_DISCHARGE_PERCENTAGE']. At least one non-missing value is needed for imputation with strategy='median'.
  warnings.warn(
/work/GRDVULN/correction/.venv/lib64/python3.11/site-packages/sklearn/impute/_base.py:647: UserWarning: Skipping features without any observed values: ['FACILITY_ID' 'STATE_CODE_y' 'DISCHARGES_TO']. At least one non-missing value is needed for imputation with strategy='constant'.
  warnings.warn(
/work/GRDVULN/correction/.venv/lib64/python3.11/site-packages/sklearn/impute/_base.py:647: UserWarning: Skipping features without any observed values: ['FACILITY_ID' 'STATE_CODE_y' 'DISCHARGES_TO']. At least one non-missing value is needed for imputation with strategy='constant'.
  warnings.warn(
/work/GRDVULN/correction/.venv/lib64/python3.11/site-packages/sklearn/impute/_base.py:647: UserWarning: Skipping features without any observed values: ['FACILITY_ID' 'STATE_CODE_y' 'DISCHARGES_TO']. At least one non-missing value is needed for imputation with strategy='constant'.
  warnings.warn(
/work/GRDVULN/correction/.venv/lib64/python3.11/site-packages/sklearn/impute/_base.py:647: UserWarning: Skipping features without any observed values: ['DISCHARGE_TYPE' 'PRESENT_DISCHARGE_PERCENTAGE'
 'PROJECTED_DISCHARGE_PERCENTAGE']. At least one non-missing value is needed for imputation with strategy='median'.
  warnings.warn(
/work/GRDVULN/correction/.venv/lib64/python3.11/site-packages/sklearn/impute/_base.py:647: UserWarning: Skipping features without any observed values: ['FACILITY_ID' 'STATE_CODE_y' 'DISCHARGES_TO']. At least one non-missing value is needed for imputation with strategy='constant'.
  warnings.warn(
/work/GRDVULN/correction/.venv/lib64/python3.11/site-packages/sklearn/impute/_base.py:647: UserWarning: Skipping features without any observed values: ['FACILITY_ID' 'STATE_CODE_y' 'DISCHARGES_TO']. At least one non-missing value is needed for imputation with strategy='constant'.
  warnings.warn(
/work/GRDVULN/correction/.venv/lib64/python3.11/site-packages/sklearn/impute/_base.py:647: UserWarning: Skipping features without any observed values: ['DISCHARGE_TYPE' 'PRESENT_DISCHARGE_PERCENTAGE'
 'PROJECTED_DISCHARGE_PERCENTAGE']. At least one non-missing value is needed for imputation with strategy='median'.
  warnings.warn(
/work/GRDVULN/correction/.venv/lib64/python3.11/site-packages/sklearn/impute/_base.py:647: UserWarning: Skipping features without any observed values: ['DISCHARGE_TYPE' 'PRESENT_DISCHARGE_PERCENTAGE'
 'PROJECTED_DISCHARGE_PERCENTAGE']. At least one non-missing value is needed for imputation with strategy='median'.
  warnings.warn(
/work/GRDVULN/correction/.venv/lib64/python3.11/site-packages/sklearn/impute/_base.py:647: UserWarning: Skipping features without any observed values: ['DISCHARGE_TYPE' 'PRESENT_DISCHARGE_PERCENTAGE'
 'PROJECTED_DISCHARGE_PERCENTAGE']. At least one non-missing value is needed for imputation with strategy='median'.
  warnings.warn(
/work/GRDVULN/correction/.venv/lib64/python3.11/site-packages/sklearn/impute/_base.py:647: UserWarning: Skipping features without any observed values: ['DISCHARGE_TYPE' 'PRESENT_DISCHARGE_PERCENTAGE'
 'PROJECTED_DISCHARGE_PERCENTAGE']. At least one non-missing value is needed for imputation with strategy='median'.
  warnings.warn(
/work/GRDVULN/correction/.venv/lib64/python3.11/site-packages/sklearn/impute/_base.py:647: UserWarning: Skipping features without any observed values: ['FACILITY_ID' 'STATE_CODE_y' 'DISCHARGES_TO']. At least one non-missing value is needed for imputation with strategy='constant'.
  warnings.warn(
/work/GRDVULN/correction/.venv/lib64/python3.11/site-packages/sklearn/impute/_base.py:647: UserWarning: Skipping features without any observed values: ['DISCHARGE_TYPE' 'PRESENT_DISCHARGE_PERCENTAGE'
 'PROJECTED_DISCHARGE_PERCENTAGE']. At least one non-missing value is needed for imputation with strategy='median'.
  warnings.warn(
/work/GRDVULN/correction/.venv/lib64/python3.11/site-packages/sklearn/impute/_base.py:647: UserWarning: Skipping features without any observed values: ['FACILITY_ID' 'STATE_CODE_y' 'DISCHARGES_TO']. At least one non-missing value is needed for imputation with strategy='constant'.
  warnings.warn(
/work/GRDVULN/correction/.venv/lib64/python3.11/site-packages/sklearn/impute/_base.py:647: UserWarning: Skipping features without any observed values: ['FACILITY_ID' 'STATE_CODE_y' 'DISCHARGES_TO']. At least one non-missing value is needed for imputation with strategy='constant'.
  warnings.warn(
/work/GRDVULN/correction/.venv/lib64/python3.11/site-packages/sklearn/impute/_base.py:647: UserWarning: Skipping features without any observed values: ['FACILITY_ID' 'STATE_CODE_y' 'DISCHARGES_TO']. At least one non-missing value is needed for imputation with strategy='constant'.
  warnings.warn(
/work/GRDVULN/correction/.venv/lib64/python3.11/site-packages/sklearn/impute/_base.py:647: UserWarning: Skipping features without any observed values: ['DISCHARGE_TYPE' 'PRESENT_DISCHARGE_PERCENTAGE'
 'PROJECTED_DISCHARGE_PERCENTAGE']. At least one non-missing value is needed for imputation with strategy='median'.
  warnings.warn(
/work/GRDVULN/correction/.venv/lib64/python3.11/site-packages/sklearn/impute/_base.py:647: UserWarning: Skipping features without any observed values: ['DISCHARGE_TYPE' 'PRESENT_DISCHARGE_PERCENTAGE'
 'PROJECTED_DISCHARGE_PERCENTAGE']. At least one non-missing value is needed for imputation with strategy='median'.
  warnings.warn(
/work/GRDVULN/correction/.venv/lib64/python3.11/site-packages/sklearn/impute/_base.py:647: UserWarning: Skipping features without any observed values: ['FACILITY_ID' 'STATE_CODE_y' 'DISCHARGES_TO']. At least one non-missing value is needed for imputation with strategy='constant'.
  warnings.warn(
/work/GRDVULN/correction/.venv/lib64/python3.11/site-packages/sklearn/impute/_base.py:647: UserWarning: Skipping features without any observed values: ['DISCHARGE_TYPE' 'PRESENT_DISCHARGE_PERCENTAGE'
 'PROJECTED_DISCHARGE_PERCENTAGE']. At least one non-missing value is needed for imputation with strategy='median'.
  warnings.warn(
/work/GRDVULN/correction/.venv/lib64/python3.11/site-packages/sklearn/impute/_base.py:647: UserWarning: Skipping features without any observed values: ['FACILITY_ID' 'STATE_CODE_y' 'DISCHARGES_TO']. At least one non-missing value is needed for imputation with strategy='constant'.
  warnings.warn(
/work/GRDVULN/correction/.venv/lib64/python3.11/site-packages/sklearn/impute/_base.py:647: UserWarning: Skipping features without any observed values: ['FACILITY_ID' 'STATE_CODE_y' 'DISCHARGES_TO']. At least one non-missing value is needed for imputation with strategy='constant'.
  warnings.warn(
/work/GRDVULN/correction/.venv/lib64/python3.11/site-packages/sklearn/impute/_base.py:647: UserWarning: Skipping features without any observed values: ['DISCHARGE_TYPE' 'PRESENT_DISCHARGE_PERCENTAGE'
 'PROJECTED_DISCHARGE_PERCENTAGE']. At least one non-missing value is needed for imputation with strategy='median'.
  warnings.warn(
/work/GRDVULN/correction/.venv/lib64/python3.11/site-packages/sklearn/impute/_base.py:647: UserWarning: Skipping features without any observed values: ['FACILITY_ID' 'STATE_CODE_y' 'DISCHARGES_TO']. At least one non-missing value is needed for imputation with strategy='constant'.
  warnings.warn(
/work/GRDVULN/correction/.venv/lib64/python3.11/site-packages/sklearn/impute/_base.py:647: UserWarning: Skipping features without any observed values: ['DISCHARGE_TYPE' 'PRESENT_DISCHARGE_PERCENTAGE'
 'PROJECTED_DISCHARGE_PERCENTAGE']. At least one non-missing value is needed for imputation with strategy='median'.
  warnings.warn(
/work/GRDVULN/correction/.venv/lib64/python3.11/site-packages/sklearn/impute/_base.py:647: UserWarning: Skipping features without any observed values: ['DISCHARGE_TYPE' 'PRESENT_DISCHARGE_PERCENTAGE'
 'PROJECTED_DISCHARGE_PERCENTAGE']. At least one non-missing value is needed for imputation with strategy='median'.
  warnings.warn(
/work/GRDVULN/correction/.venv/lib64/python3.11/site-packages/sklearn/impute/_base.py:647: UserWarning: Skipping features without any observed values: ['FACILITY_ID' 'STATE_CODE_y' 'DISCHARGES_TO']. At least one non-missing value is needed for imputation with strategy='constant'.
  warnings.warn(
/work/GRDVULN/correction/.venv/lib64/python3.11/site-packages/sklearn/impute/_base.py:647: UserWarning: Skipping features without any observed values: ['FACILITY_ID' 'STATE_CODE_y' 'DISCHARGES_TO']. At least one non-missing value is needed for imputation with strategy='constant'.
  warnings.warn(
/work/GRDVULN/correction/.venv/lib64/python3.11/site-packages/sklearn/impute/_base.py:647: UserWarning: Skipping features without any observed values: ['DISCHARGE_TYPE' 'PRESENT_DISCHARGE_PERCENTAGE'
 'PROJECTED_DISCHARGE_PERCENTAGE']. At least one non-missing value is needed for imputation with strategy='median'.
  warnings.warn(
/work/GRDVULN/correction/.venv/lib64/python3.11/site-packages/sklearn/impute/_base.py:647: UserWarning: Skipping features without any observed values: ['DISCHARGE_TYPE' 'PRESENT_DISCHARGE_PERCENTAGE'
 'PROJECTED_DISCHARGE_PERCENTAGE']. At least one non-missing value is needed for imputation with strategy='median'.
  warnings.warn(
/work/GRDVULN/correction/.venv/lib64/python3.11/site-packages/sklearn/impute/_base.py:647: UserWarning: Skipping features without any observed values: ['DISCHARGE_TYPE' 'PRESENT_DISCHARGE_PERCENTAGE'
 'PROJECTED_DISCHARGE_PERCENTAGE']. At least one non-missing value is needed for imputation with strategy='median'.
  warnings.warn(
/work/GRDVULN/correction/.venv/lib64/python3.11/site-packages/sklearn/impute/_base.py:647: UserWarning: Skipping features without any observed values: ['FACILITY_ID' 'STATE_CODE_y' 'DISCHARGES_TO']. At least one non-missing value is needed for imputation with strategy='constant'.
  warnings.warn(
/work/GRDVULN/correction/.venv/lib64/python3.11/site-packages/sklearn/impute/_base.py:647: UserWarning: Skipping features without any observed values: ['DISCHARGE_TYPE' 'PRESENT_DISCHARGE_PERCENTAGE'
 'PROJECTED_DISCHARGE_PERCENTAGE']. At least one non-missing value is needed for imputation with strategy='median'.
  warnings.warn(
/work/GRDVULN/correction/.venv/lib64/python3.11/site-packages/sklearn/impute/_base.py:647: UserWarning: Skipping features without any observed values: ['FACILITY_ID' 'STATE_CODE_y' 'DISCHARGES_TO']. At least one non-missing value is needed for imputation with strategy='constant'.
  warnings.warn(
/work/GRDVULN/correction/.venv/lib64/python3.11/site-packages/sklearn/impute/_base.py:647: UserWarning: Skipping features without any observed values: ['FACILITY_ID' 'STATE_CODE_y' 'DISCHARGES_TO']. At least one non-missing value is needed for imputation with strategy='constant'.
  warnings.warn(
/work/GRDVULN/correction/.venv/lib64/python3.11/site-packages/sklearn/impute/_base.py:647: UserWarning: Skipping features without any observed values: ['DISCHARGE_TYPE' 'PRESENT_DISCHARGE_PERCENTAGE'
 'PROJECTED_DISCHARGE_PERCENTAGE']. At least one non-missing value is needed for imputation with strategy='median'.
  warnings.warn(
/work/GRDVULN/correction/.venv/lib64/python3.11/site-packages/sklearn/impute/_base.py:647: UserWarning: Skipping features without any observed values: ['FACILITY_ID' 'STATE_CODE_y' 'DISCHARGES_TO']. At least one non-missing value is needed for imputation with strategy='constant'.
  warnings.warn(
/work/GRDVULN/correction/.venv/lib64/python3.11/site-packages/sklearn/impute/_base.py:647: UserWarning: Skipping features without any observed values: ['FACILITY_ID' 'STATE_CODE_y' 'DISCHARGES_TO']. At least one non-missing value is needed for imputation with strategy='constant'.
  warnings.warn(
/work/GRDVULN/correction/.venv/lib64/python3.11/site-packages/sklearn/impute/_base.py:647: UserWarning: Skipping features without any observed values: ['DISCHARGE_TYPE' 'PRESENT_DISCHARGE_PERCENTAGE'
 'PROJECTED_DISCHARGE_PERCENTAGE']. At least one non-missing value is needed for imputation with strategy='median'.
  warnings.warn(
/work/GRDVULN/correction/.venv/lib64/python3.11/site-packages/sklearn/impute/_base.py:647: UserWarning: Skipping features without any observed values: ['DISCHARGE_TYPE' 'PRESENT_DISCHARGE_PERCENTAGE'
 'PROJECTED_DISCHARGE_PERCENTAGE']. At least one non-missing value is needed for imputation with strategy='median'.
  warnings.warn(
/work/GRDVULN/correction/.venv/lib64/python3.11/site-packages/sklearn/impute/_base.py:647: UserWarning: Skipping features without any observed values: ['DISCHARGE_TYPE' 'PRESENT_DISCHARGE_PERCENTAGE'
 'PROJECTED_DISCHARGE_PERCENTAGE']. At least one non-missing value is needed for imputation with strategy='median'.
  warnings.warn(
/work/GRDVULN/correction/.venv/lib64/python3.11/site-packages/sklearn/impute/_base.py:647: UserWarning: Skipping features without any observed values: ['FACILITY_ID' 'STATE_CODE_y' 'DISCHARGES_TO']. At least one non-missing value is needed for imputation with strategy='constant'.
  warnings.warn(
/work/GRDVULN/correction/.venv/lib64/python3.11/site-packages/sklearn/impute/_base.py:647: UserWarning: Skipping features without any observed values: ['DISCHARGE_TYPE' 'PRESENT_DISCHARGE_PERCENTAGE'
 'PROJECTED_DISCHARGE_PERCENTAGE']. At least one non-missing value is needed for imputation with strategy='median'.
  warnings.warn(
/work/GRDVULN/correction/.venv/lib64/python3.11/site-packages/sklearn/impute/_base.py:647: UserWarning: Skipping features without any observed values: ['FACILITY_ID' 'STATE_CODE_y' 'DISCHARGES_TO']. At least one non-missing value is needed for imputation with strategy='constant'.
  warnings.warn(
/work/GRDVULN/correction/.venv/lib64/python3.11/site-packages/sklearn/impute/_base.py:647: UserWarning: Skipping features without any observed values: ['DISCHARGE_TYPE' 'PRESENT_DISCHARGE_PERCENTAGE'
 'PROJECTED_DISCHARGE_PERCENTAGE']. At least one non-missing value is needed for imputation with strategy='median'.
  warnings.warn(
/work/GRDVULN/correction/.venv/lib64/python3.11/site-packages/sklearn/impute/_base.py:647: UserWarning: Skipping features without any observed values: ['FACILITY_ID' 'STATE_CODE_y' 'DISCHARGES_TO']. At least one non-missing value is needed for imputation with strategy='constant'.
  warnings.warn(
/work/GRDVULN/correction/.venv/lib64/python3.11/site-packages/sklearn/impute/_base.py:647: UserWarning: Skipping features without any observed values: ['FACILITY_ID' 'STATE_CODE_y' 'DISCHARGES_TO']. At least one non-missing value is needed for imputation with strategy='constant'.
  warnings.warn(
/work/GRDVULN/correction/.venv/lib64/python3.11/site-packages/sklearn/impute/_base.py:647: UserWarning: Skipping features without any observed values: ['FACILITY_ID' 'STATE_CODE_y' 'DISCHARGES_TO']. At least one non-missing value is needed for imputation with strategy='constant'.
  warnings.warn(
/work/GRDVULN/correction/.venv/lib64/python3.11/site-packages/sklearn/impute/_base.py:647: UserWarning: Skipping features without any observed values: ['FACILITY_ID' 'STATE_CODE_y' 'DISCHARGES_TO']. At least one non-missing value is needed for imputation with strategy='constant'.
  warnings.warn(
/work/GRDVULN/correction/.venv/lib64/python3.11/site-packages/sklearn/impute/_base.py:647: UserWarning: Skipping features without any observed values: ['DISCHARGE_TYPE' 'PRESENT_DISCHARGE_PERCENTAGE'
 'PROJECTED_DISCHARGE_PERCENTAGE']. At least one non-missing value is needed for imputation with strategy='median'.
  warnings.warn(
/work/GRDVULN/correction/.venv/lib64/python3.11/site-packages/sklearn/impute/_base.py:647: UserWarning: Skipping features without any observed values: ['DISCHARGE_TYPE' 'PRESENT_DISCHARGE_PERCENTAGE'
 'PROJECTED_DISCHARGE_PERCENTAGE']. At least one non-missing value is needed for imputation with strategy='median'.
  warnings.warn(
/work/GRDVULN/correction/.venv/lib64/python3.11/site-packages/sklearn/impute/_base.py:647: UserWarning: Skipping features without any observed values: ['DISCHARGE_TYPE' 'PRESENT_DISCHARGE_PERCENTAGE'
 'PROJECTED_DISCHARGE_PERCENTAGE']. At least one non-missing value is needed for imputation with strategy='median'.
  warnings.warn(
/work/GRDVULN/correction/.venv/lib64/python3.11/site-packages/sklearn/impute/_base.py:647: UserWarning: Skipping features without any observed values: ['FACILITY_ID' 'STATE_CODE_y' 'DISCHARGES_TO']. At least one non-missing value is needed for imputation with strategy='constant'.
  warnings.warn(
/work/GRDVULN/correction/.venv/lib64/python3.11/site-packages/sklearn/impute/_base.py:647: UserWarning: Skipping features without any observed values: ['DISCHARGE_TYPE' 'PRESENT_DISCHARGE_PERCENTAGE'
 'PROJECTED_DISCHARGE_PERCENTAGE']. At least one non-missing value is needed for imputation with strategy='median'.
  warnings.warn(
/work/GRDVULN/correction/.venv/lib64/python3.11/site-packages/sklearn/impute/_base.py:647: UserWarning: Skipping features without any observed values: ['DISCHARGE_TYPE' 'PRESENT_DISCHARGE_PERCENTAGE'
 'PROJECTED_DISCHARGE_PERCENTAGE']. At least one non-missing value is needed for imputation with strategy='median'.
  warnings.warn(
/work/GRDVULN/correction/.venv/lib64/python3.11/site-packages/sklearn/impute/_base.py:647: UserWarning: Skipping features without any observed values: ['FACILITY_ID' 'STATE_CODE_y' 'DISCHARGES_TO']. At least one non-missing value is needed for imputation with strategy='constant'.
  warnings.warn(
/work/GRDVULN/correction/.venv/lib64/python3.11/site-packages/sklearn/impute/_base.py:647: UserWarning: Skipping features without any observed values: ['FACILITY_ID' 'STATE_CODE_y' 'DISCHARGES_TO']. At least one non-missing value is needed for imputation with strategy='constant'.
  warnings.warn(
/work/GRDVULN/correction/.venv/lib64/python3.11/site-packages/sklearn/impute/_base.py:647: UserWarning: Skipping features without any observed values: ['FACILITY_ID' 'STATE_CODE_y' 'DISCHARGES_TO']. At least one non-missing value is needed for imputation with strategy='constant'.
  warnings.warn(
/work/GRDVULN/correction/.venv/lib64/python3.11/site-packages/sklearn/impute/_base.py:647: UserWarning: Skipping features without any observed values: ['FACILITY_ID' 'STATE_CODE_y' 'DISCHARGES_TO']. At least one non-missing value is needed for imputation with strategy='constant'.
  warnings.warn(
/work/GRDVULN/correction/.venv/lib64/python3.11/site-packages/sklearn/impute/_base.py:647: UserWarning: Skipping features without any observed values: ['DISCHARGE_TYPE' 'PRESENT_DISCHARGE_PERCENTAGE'
 'PROJECTED_DISCHARGE_PERCENTAGE']. At least one non-missing value is needed for imputation with strategy='median'.
  warnings.warn(
/work/GRDVULN/correction/.venv/lib64/python3.11/site-packages/sklearn/impute/_base.py:647: UserWarning: Skipping features without any observed values: ['DISCHARGE_TYPE' 'PRESENT_DISCHARGE_PERCENTAGE'
 'PROJECTED_DISCHARGE_PERCENTAGE']. At least one non-missing value is needed for imputation with strategy='median'.
  warnings.warn(
/work/GRDVULN/correction/.venv/lib64/python3.11/site-packages/sklearn/impute/_base.py:647: UserWarning: Skipping features without any observed values: ['DISCHARGE_TYPE' 'PRESENT_DISCHARGE_PERCENTAGE'
 'PROJECTED_DISCHARGE_PERCENTAGE']. At least one non-missing value is needed for imputation with strategy='median'.
  warnings.warn(
/work/GRDVULN/correction/.venv/lib64/python3.11/site-packages/sklearn/impute/_base.py:647: UserWarning: Skipping features without any observed values: ['FACILITY_ID' 'STATE_CODE_y' 'DISCHARGES_TO']. At least one non-missing value is needed for imputation with strategy='constant'.
  warnings.warn(
/work/GRDVULN/correction/.venv/lib64/python3.11/site-packages/sklearn/impute/_base.py:647: UserWarning: Skipping features without any observed values: ['DISCHARGE_TYPE' 'PRESENT_DISCHARGE_PERCENTAGE'
 'PROJECTED_DISCHARGE_PERCENTAGE']. At least one non-missing value is needed for imputation with strategy='median'.
  warnings.warn(
/work/GRDVULN/correction/.venv/lib64/python3.11/site-packages/sklearn/impute/_base.py:647: UserWarning: Skipping features without any observed values: ['FACILITY_ID' 'STATE_CODE_y' 'DISCHARGES_TO']. At least one non-missing value is needed for imputation with strategy='constant'.
  warnings.warn(
/work/GRDVULN/correction/.venv/lib64/python3.11/site-packages/sklearn/impute/_base.py:647: UserWarning: Skipping features without any observed values: ['FACILITY_ID' 'STATE_CODE_y' 'DISCHARGES_TO']. At least one non-missing value is needed for imputation with strategy='constant'.
  warnings.warn(
/work/GRDVULN/correction/.venv/lib64/python3.11/site-packages/sklearn/impute/_base.py:647: UserWarning: Skipping features without any observed values: ['FACILITY_ID' 'STATE_CODE_y' 'DISCHARGES_TO']. At least one non-missing value is needed for imputation with strategy='constant'.
  warnings.warn(
/work/GRDVULN/correction/.venv/lib64/python3.11/site-packages/sklearn/impute/_base.py:647: UserWarning: Skipping features without any observed values: ['DISCHARGE_TYPE' 'PRESENT_DISCHARGE_PERCENTAGE'
 'PROJECTED_DISCHARGE_PERCENTAGE']. At least one non-missing value is needed for imputation with strategy='median'.
  warnings.warn(
/work/GRDVULN/correction/.venv/lib64/python3.11/site-packages/sklearn/impute/_base.py:647: UserWarning: Skipping features without any observed values: ['DISCHARGE_TYPE' 'PRESENT_DISCHARGE_PERCENTAGE'
 'PROJECTED_DISCHARGE_PERCENTAGE']. At least one non-missing value is needed for imputation with strategy='median'.
  warnings.warn(
/work/GRDVULN/correction/.venv/lib64/python3.11/site-packages/sklearn/impute/_base.py:647: UserWarning: Skipping features without any observed values: ['DISCHARGE_TYPE' 'PRESENT_DISCHARGE_PERCENTAGE'
 'PROJECTED_DISCHARGE_PERCENTAGE']. At least one non-missing value is needed for imputation with strategy='median'.
  warnings.warn(
/work/GRDVULN/correction/.venv/lib64/python3.11/site-packages/sklearn/impute/_base.py:647: UserWarning: Skipping features without any observed values: ['FACILITY_ID' 'STATE_CODE_y' 'DISCHARGES_TO']. At least one non-missing value is needed for imputation with strategy='constant'.
  warnings.warn(
/work/GRDVULN/correction/.venv/lib64/python3.11/site-packages/sklearn/impute/_base.py:647: UserWarning: Skipping features without any observed values: ['DISCHARGE_TYPE' 'PRESENT_DISCHARGE_PERCENTAGE'
 'PROJECTED_DISCHARGE_PERCENTAGE']. At least one non-missing value is needed for imputation with strategy='median'.
  warnings.warn(
/work/GRDVULN/correction/.venv/lib64/python3.11/site-packages/sklearn/impute/_base.py:647: UserWarning: Skipping features without any observed values: ['FACILITY_ID' 'STATE_CODE_y' 'DISCHARGES_TO']. At least one non-missing value is needed for imputation with strategy='constant'.
  warnings.warn(
/work/GRDVULN/correction/.venv/lib64/python3.11/site-packages/sklearn/impute/_base.py:647: UserWarning: Skipping features without any observed values: ['DISCHARGE_TYPE' 'PRESENT_DISCHARGE_PERCENTAGE'
 'PROJECTED_DISCHARGE_PERCENTAGE']. At least one non-missing value is needed for imputation with strategy='median'.
  warnings.warn(
/work/GRDVULN/correction/.venv/lib64/python3.11/site-packages/sklearn/impute/_base.py:647: UserWarning: Skipping features without any observed values: ['DISCHARGE_TYPE' 'PRESENT_DISCHARGE_PERCENTAGE'
 'PROJECTED_DISCHARGE_PERCENTAGE']. At least one non-missing value is needed for imputation with strategy='median'.
  warnings.warn(
/work/GRDVULN/correction/.venv/lib64/python3.11/site-packages/sklearn/impute/_base.py:647: UserWarning: Skipping features without any observed values: ['FACILITY_ID' 'STATE_CODE_y' 'DISCHARGES_TO']. At least one non-missing value is needed for imputation with strategy='constant'.
  warnings.warn(
/work/GRDVULN/correction/.venv/lib64/python3.11/site-packages/sklearn/impute/_base.py:647: UserWarning: Skipping features without any observed values: ['DISCHARGE_TYPE' 'PRESENT_DISCHARGE_PERCENTAGE'
 'PROJECTED_DISCHARGE_PERCENTAGE']. At least one non-missing value is needed for imputation with strategy='median'.
  warnings.warn(
/work/GRDVULN/correction/.venv/lib64/python3.11/site-packages/sklearn/impute/_base.py:647: UserWarning: Skipping features without any observed values: ['FACILITY_ID' 'STATE_CODE_y' 'DISCHARGES_TO']. At least one non-missing value is needed for imputation with strategy='constant'.
  warnings.warn(
/work/GRDVULN/correction/.venv/lib64/python3.11/site-packages/sklearn/impute/_base.py:647: UserWarning: Skipping features without any observed values: ['DISCHARGE_TYPE' 'PRESENT_DISCHARGE_PERCENTAGE'
 'PROJECTED_DISCHARGE_PERCENTAGE']. At least one non-missing value is needed for imputation with strategy='median'.
  warnings.warn(
/work/GRDVULN/correction/.venv/lib64/python3.11/site-packages/sklearn/impute/_base.py:647: UserWarning: Skipping features without any observed values: ['FACILITY_ID' 'STATE_CODE_y' 'DISCHARGES_TO']. At least one non-missing value is needed for imputation with strategy='constant'.
  warnings.warn(
/work/GRDVULN/correction/.venv/lib64/python3.11/site-packages/sklearn/impute/_base.py:647: UserWarning: Skipping features without any observed values: ['FACILITY_ID' 'STATE_CODE_y' 'DISCHARGES_TO']. At least one non-missing value is needed for imputation with strategy='constant'.
  warnings.warn(
/work/GRDVULN/correction/.venv/lib64/python3.11/site-packages/sklearn/impute/_base.py:647: UserWarning: Skipping features without any observed values: ['FACILITY_ID' 'STATE_CODE_y' 'DISCHARGES_TO']. At least one non-missing value is needed for imputation with strategy='constant'.
  warnings.warn(
/work/GRDVULN/correction/.venv/lib64/python3.11/site-packages/sklearn/impute/_base.py:647: UserWarning: Skipping features without any observed values: ['FACILITY_ID' 'STATE_CODE_y' 'DISCHARGES_TO']. At least one non-missing value is needed for imputation with strategy='constant'.
  warnings.warn(
/work/GRDVULN/correction/.venv/lib64/python3.11/site-packages/sklearn/impute/_base.py:647: UserWarning: Skipping features without any observed values: ['DISCHARGE_TYPE' 'PRESENT_DISCHARGE_PERCENTAGE'
 'PROJECTED_DISCHARGE_PERCENTAGE']. At least one non-missing value is needed for imputation with strategy='median'.
  warnings.warn(
/work/GRDVULN/correction/.venv/lib64/python3.11/site-packages/sklearn/impute/_base.py:647: UserWarning: Skipping features without any observed values: ['DISCHARGE_TYPE' 'PRESENT_DISCHARGE_PERCENTAGE'
 'PROJECTED_DISCHARGE_PERCENTAGE']. At least one non-missing value is needed for imputation with strategy='median'.
  warnings.warn(
/work/GRDVULN/correction/.venv/lib64/python3.11/site-packages/sklearn/impute/_base.py:647: UserWarning: Skipping features without any observed values: ['DISCHARGE_TYPE' 'PRESENT_DISCHARGE_PERCENTAGE'
 'PROJECTED_DISCHARGE_PERCENTAGE']. At least one non-missing value is needed for imputation with strategy='median'.
  warnings.warn(
/work/GRDVULN/correction/.venv/lib64/python3.11/site-packages/sklearn/impute/_base.py:647: UserWarning: Skipping features without any observed values: ['FACILITY_ID' 'STATE_CODE_y' 'DISCHARGES_TO']. At least one non-missing value is needed for imputation with strategy='constant'.
  warnings.warn(
/work/GRDVULN/correction/.venv/lib64/python3.11/site-packages/sklearn/impute/_base.py:647: UserWarning: Skipping features without any observed values: ['FACILITY_ID' 'STATE_CODE_y' 'DISCHARGES_TO']. At least one non-missing value is needed for imputation with strategy='constant'.
  warnings.warn(
/work/GRDVULN/correction/.venv/lib64/python3.11/site-packages/sklearn/impute/_base.py:647: UserWarning: Skipping features without any observed values: ['DISCHARGE_TYPE' 'PRESENT_DISCHARGE_PERCENTAGE'
 'PROJECTED_DISCHARGE_PERCENTAGE']. At least one non-missing value is needed for imputation with strategy='median'.
  warnings.warn(
/work/GRDVULN/correction/.venv/lib64/python3.11/site-packages/sklearn/impute/_base.py:647: UserWarning: Skipping features without any observed values: ['DISCHARGE_TYPE' 'PRESENT_DISCHARGE_PERCENTAGE'
 'PROJECTED_DISCHARGE_PERCENTAGE']. At least one non-missing value is needed for imputation with strategy='median'.
  warnings.warn(
/work/GRDVULN/correction/.venv/lib64/python3.11/site-packages/sklearn/impute/_base.py:647: UserWarning: Skipping features without any observed values: ['DISCHARGE_TYPE' 'PRESENT_DISCHARGE_PERCENTAGE'
 'PROJECTED_DISCHARGE_PERCENTAGE']. At least one non-missing value is needed for imputation with strategy='median'.
  warnings.warn(
/work/GRDVULN/correction/.venv/lib64/python3.11/site-packages/sklearn/impute/_base.py:647: UserWarning: Skipping features without any observed values: ['FACILITY_ID' 'STATE_CODE_y' 'DISCHARGES_TO']. At least one non-missing value is needed for imputation with strategy='constant'.
  warnings.warn(
/work/GRDVULN/correction/.venv/lib64/python3.11/site-packages/sklearn/impute/_base.py:647: UserWarning: Skipping features without any observed values: ['DISCHARGE_TYPE' 'PRESENT_DISCHARGE_PERCENTAGE'
 'PROJECTED_DISCHARGE_PERCENTAGE']. At least one non-missing value is needed for imputation with strategy='median'.
  warnings.warn(
/work/GRDVULN/correction/.venv/lib64/python3.11/site-packages/sklearn/impute/_base.py:647: UserWarning: Skipping features without any observed values: ['FACILITY_ID' 'STATE_CODE_y' 'DISCHARGES_TO']. At least one non-missing value is needed for imputation with strategy='constant'.
  warnings.warn(
/work/GRDVULN/correction/.venv/lib64/python3.11/site-packages/sklearn/impute/_base.py:647: UserWarning: Skipping features without any observed values: ['DISCHARGE_TYPE' 'PRESENT_DISCHARGE_PERCENTAGE'
 'PROJECTED_DISCHARGE_PERCENTAGE']. At least one non-missing value is needed for imputation with strategy='median'.
  warnings.warn(
/work/GRDVULN/correction/.venv/lib64/python3.11/site-packages/sklearn/impute/_base.py:647: UserWarning: Skipping features without any observed values: ['FACILITY_ID' 'STATE_CODE_y' 'DISCHARGES_TO']. At least one non-missing value is needed for imputation with strategy='constant'.
  warnings.warn(
/work/GRDVULN/correction/.venv/lib64/python3.11/site-packages/sklearn/impute/_base.py:647: UserWarning: Skipping features without any observed values: ['DISCHARGE_TYPE' 'PRESENT_DISCHARGE_PERCENTAGE'
 'PROJECTED_DISCHARGE_PERCENTAGE']. At least one non-missing value is needed for imputation with strategy='median'.
  warnings.warn(
/work/GRDVULN/correction/.venv/lib64/python3.11/site-packages/sklearn/impute/_base.py:647: UserWarning: Skipping features without any observed values: ['FACILITY_ID' 'STATE_CODE_y' 'DISCHARGES_TO']. At least one non-missing value is needed for imputation with strategy='constant'.
  warnings.warn(
/work/GRDVULN/correction/.venv/lib64/python3.11/site-packages/sklearn/impute/_base.py:647: UserWarning: Skipping features without any observed values: ['FACILITY_ID' 'STATE_CODE_y' 'DISCHARGES_TO']. At least one non-missing value is needed for imputation with strategy='constant'.
  warnings.warn(
/work/GRDVULN/correction/.venv/lib64/python3.11/site-packages/sklearn/impute/_base.py:647: UserWarning: Skipping features without any observed values: ['FACILITY_ID' 'STATE_CODE_y' 'DISCHARGES_TO']. At least one non-missing value is needed for imputation with strategy='constant'.
  warnings.warn(
/work/GRDVULN/correction/.venv/lib64/python3.11/site-packages/sklearn/impute/_base.py:647: UserWarning: Skipping features without any observed values: ['FACILITY_ID' 'STATE_CODE_y' 'DISCHARGES_TO']. At least one non-missing value is needed for imputation with strategy='constant'.
  warnings.warn(
/work/GRDVULN/correction/.venv/lib64/python3.11/site-packages/sklearn/impute/_base.py:647: UserWarning: Skipping features without any observed values: ['DISCHARGE_TYPE' 'PRESENT_DISCHARGE_PERCENTAGE'
 'PROJECTED_DISCHARGE_PERCENTAGE']. At least one non-missing value is needed for imputation with strategy='median'.
  warnings.warn(
/work/GRDVULN/correction/.venv/lib64/python3.11/site-packages/sklearn/impute/_base.py:647: UserWarning: Skipping features without any observed values: ['DISCHARGE_TYPE' 'PRESENT_DISCHARGE_PERCENTAGE'
 'PROJECTED_DISCHARGE_PERCENTAGE']. At least one non-missing value is needed for imputation with strategy='median'.
  warnings.warn(
/work/GRDVULN/correction/.venv/lib64/python3.11/site-packages/sklearn/impute/_base.py:647: UserWarning: Skipping features without any observed values: ['DISCHARGE_TYPE' 'PRESENT_DISCHARGE_PERCENTAGE'
 'PROJECTED_DISCHARGE_PERCENTAGE']. At least one non-missing value is needed for imputation with strategy='median'.
  warnings.warn(
/work/GRDVULN/correction/.venv/lib64/python3.11/site-packages/sklearn/impute/_base.py:647: UserWarning: Skipping features without any observed values: ['DISCHARGE_TYPE' 'PRESENT_DISCHARGE_PERCENTAGE'
 'PROJECTED_DISCHARGE_PERCENTAGE']. At least one non-missing value is needed for imputation with strategy='median'.
  warnings.warn(
/work/GRDVULN/correction/.venv/lib64/python3.11/site-packages/sklearn/impute/_base.py:647: UserWarning: Skipping features without any observed values: ['FACILITY_ID' 'STATE_CODE_y' 'DISCHARGES_TO']. At least one non-missing value is needed for imputation with strategy='constant'.
  warnings.warn(
/work/GRDVULN/correction/.venv/lib64/python3.11/site-packages/sklearn/impute/_base.py:647: UserWarning: Skipping features without any observed values: ['FACILITY_ID' 'STATE_CODE_y' 'DISCHARGES_TO']. At least one non-missing value is needed for imputation with strategy='constant'.
  warnings.warn(
/work/GRDVULN/correction/.venv/lib64/python3.11/site-packages/sklearn/impute/_base.py:647: UserWarning: Skipping features without any observed values: ['DISCHARGE_TYPE' 'PRESENT_DISCHARGE_PERCENTAGE'
 'PROJECTED_DISCHARGE_PERCENTAGE']. At least one non-missing value is needed for imputation with strategy='median'.
  warnings.warn(
/work/GRDVULN/correction/.venv/lib64/python3.11/site-packages/sklearn/impute/_base.py:647: UserWarning: Skipping features without any observed values: ['FACILITY_ID' 'STATE_CODE_y' 'DISCHARGES_TO']. At least one non-missing value is needed for imputation with strategy='constant'.
  warnings.warn(
/work/GRDVULN/correction/.venv/lib64/python3.11/site-packages/sklearn/impute/_base.py:647: UserWarning: Skipping features without any observed values: ['DISCHARGE_TYPE' 'PRESENT_DISCHARGE_PERCENTAGE'
 'PROJECTED_DISCHARGE_PERCENTAGE']. At least one non-missing value is needed for imputation with strategy='median'.
  warnings.warn(
/work/GRDVULN/correction/.venv/lib64/python3.11/site-packages/sklearn/impute/_base.py:647: UserWarning: Skipping features without any observed values: ['DISCHARGE_TYPE' 'PRESENT_DISCHARGE_PERCENTAGE'
 'PROJECTED_DISCHARGE_PERCENTAGE']. At least one non-missing value is needed for imputation with strategy='median'.
  warnings.warn(
/work/GRDVULN/correction/.venv/lib64/python3.11/site-packages/sklearn/impute/_base.py:647: UserWarning: Skipping features without any observed values: ['FACILITY_ID' 'STATE_CODE_y' 'DISCHARGES_TO']. At least one non-missing value is needed for imputation with strategy='constant'.
  warnings.warn(
/work/GRDVULN/correction/.venv/lib64/python3.11/site-packages/sklearn/impute/_base.py:647: UserWarning: Skipping features without any observed values: ['FACILITY_ID' 'STATE_CODE_y' 'DISCHARGES_TO']. At least one non-missing value is needed for imputation with strategy='constant'.
  warnings.warn(
/work/GRDVULN/correction/.venv/lib64/python3.11/site-packages/sklearn/impute/_base.py:647: UserWarning: Skipping features without any observed values: ['DISCHARGE_TYPE' 'PRESENT_DISCHARGE_PERCENTAGE'
 'PROJECTED_DISCHARGE_PERCENTAGE']. At least one non-missing value is needed for imputation with strategy='median'.
  warnings.warn(
/work/GRDVULN/correction/.venv/lib64/python3.11/site-packages/sklearn/impute/_base.py:647: UserWarning: Skipping features without any observed values: ['DISCHARGE_TYPE' 'PRESENT_DISCHARGE_PERCENTAGE'
 'PROJECTED_DISCHARGE_PERCENTAGE']. At least one non-missing value is needed for imputation with strategy='median'.
  warnings.warn(
/work/GRDVULN/correction/.venv/lib64/python3.11/site-packages/sklearn/impute/_base.py:647: UserWarning: Skipping features without any observed values: ['FACILITY_ID' 'STATE_CODE_y' 'DISCHARGES_TO']. At least one non-missing value is needed for imputation with strategy='constant'.
  warnings.warn(
/work/GRDVULN/correction/.venv/lib64/python3.11/site-packages/sklearn/impute/_base.py:647: UserWarning: Skipping features without any observed values: ['FACILITY_ID' 'STATE_CODE_y' 'DISCHARGES_TO']. At least one non-missing value is needed for imputation with strategy='constant'.
  warnings.warn(
/work/GRDVULN/correction/.venv/lib64/python3.11/site-packages/sklearn/impute/_base.py:647: UserWarning: Skipping features without any observed values: ['FACILITY_ID' 'STATE_CODE_y' 'DISCHARGES_TO']. At least one non-missing value is needed for imputation with strategy='constant'.
  warnings.warn(
/work/GRDVULN/correction/.venv/lib64/python3.11/site-packages/sklearn/impute/_base.py:647: UserWarning: Skipping features without any observed values: ['DISCHARGE_TYPE' 'PRESENT_DISCHARGE_PERCENTAGE'
 'PROJECTED_DISCHARGE_PERCENTAGE']. At least one non-missing value is needed for imputation with strategy='median'.
  warnings.warn(
/work/GRDVULN/correction/.venv/lib64/python3.11/site-packages/sklearn/impute/_base.py:647: UserWarning: Skipping features without any observed values: ['DISCHARGE_TYPE' 'PRESENT_DISCHARGE_PERCENTAGE'
 'PROJECTED_DISCHARGE_PERCENTAGE']. At least one non-missing value is needed for imputation with strategy='median'.
  warnings.warn(
/work/GRDVULN/correction/.venv/lib64/python3.11/site-packages/sklearn/impute/_base.py:647: UserWarning: Skipping features without any observed values: ['FACILITY_ID' 'STATE_CODE_y' 'DISCHARGES_TO']. At least one non-missing value is needed for imputation with strategy='constant'.
  warnings.warn(
/work/GRDVULN/correction/.venv/lib64/python3.11/site-packages/sklearn/impute/_base.py:647: UserWarning: Skipping features without any observed values: ['FACILITY_ID' 'STATE_CODE_y' 'DISCHARGES_TO']. At least one non-missing value is needed for imputation with strategy='constant'.
  warnings.warn(
/work/GRDVULN/correction/.venv/lib64/python3.11/site-packages/sklearn/impute/_base.py:647: UserWarning: Skipping features without any observed values: ['DISCHARGE_TYPE' 'PRESENT_DISCHARGE_PERCENTAGE'
 'PROJECTED_DISCHARGE_PERCENTAGE']. At least one non-missing value is needed for imputation with strategy='median'.
  warnings.warn(
/work/GRDVULN/correction/.venv/lib64/python3.11/site-packages/sklearn/impute/_base.py:647: UserWarning: Skipping features without any observed values: ['FACILITY_ID' 'STATE_CODE_y' 'DISCHARGES_TO']. At least one non-missing value is needed for imputation with strategy='constant'.
  warnings.warn(
/work/GRDVULN/correction/.venv/lib64/python3.11/site-packages/sklearn/impute/_base.py:647: UserWarning: Skipping features without any observed values: ['DISCHARGE_TYPE' 'PRESENT_DISCHARGE_PERCENTAGE'
 'PROJECTED_DISCHARGE_PERCENTAGE']. At least one non-missing value is needed for imputation with strategy='median'.
  warnings.warn(
/work/GRDVULN/correction/.venv/lib64/python3.11/site-packages/sklearn/impute/_base.py:647: UserWarning: Skipping features without any observed values: ['DISCHARGE_TYPE' 'PRESENT_DISCHARGE_PERCENTAGE'
 'PROJECTED_DISCHARGE_PERCENTAGE']. At least one non-missing value is needed for imputation with strategy='median'.
  warnings.warn(
/work/GRDVULN/correction/.venv/lib64/python3.11/site-packages/sklearn/impute/_base.py:647: UserWarning: Skipping features without any observed values: ['FACILITY_ID' 'STATE_CODE_y' 'DISCHARGES_TO']. At least one non-missing value is needed for imputation with strategy='constant'.
  warnings.warn(
/work/GRDVULN/correction/.venv/lib64/python3.11/site-packages/sklearn/impute/_base.py:647: UserWarning: Skipping features without any observed values: ['DISCHARGE_TYPE' 'PRESENT_DISCHARGE_PERCENTAGE'
 'PROJECTED_DISCHARGE_PERCENTAGE']. At least one non-missing value is needed for imputation with strategy='median'.
  warnings.warn(
/work/GRDVULN/correction/.venv/lib64/python3.11/site-packages/sklearn/impute/_base.py:647: UserWarning: Skipping features without any observed values: ['DISCHARGE_TYPE' 'PRESENT_DISCHARGE_PERCENTAGE'
 'PROJECTED_DISCHARGE_PERCENTAGE']. At least one non-missing value is needed for imputation with strategy='median'.
  warnings.warn(
/work/GRDVULN/correction/.venv/lib64/python3.11/site-packages/sklearn/impute/_base.py:647: UserWarning: Skipping features without any observed values: ['FACILITY_ID' 'STATE_CODE_y' 'DISCHARGES_TO']. At least one non-missing value is needed for imputation with strategy='constant'.
  warnings.warn(
/work/GRDVULN/correction/.venv/lib64/python3.11/site-packages/sklearn/impute/_base.py:647: UserWarning: Skipping features without any observed values: ['FACILITY_ID' 'STATE_CODE_y' 'DISCHARGES_TO']. At least one non-missing value is needed for imputation with strategy='constant'.
  warnings.warn(
/work/GRDVULN/correction/.venv/lib64/python3.11/site-packages/sklearn/impute/_base.py:647: UserWarning: Skipping features without any observed values: ['DISCHARGE_TYPE' 'PRESENT_DISCHARGE_PERCENTAGE'
 'PROJECTED_DISCHARGE_PERCENTAGE']. At least one non-missing value is needed for imputation with strategy='median'.
  warnings.warn(
/work/GRDVULN/correction/.venv/lib64/python3.11/site-packages/sklearn/impute/_base.py:647: UserWarning: Skipping features without any observed values: ['FACILITY_ID' 'STATE_CODE_y' 'DISCHARGES_TO']. At least one non-missing value is needed for imputation with strategy='constant'.
  warnings.warn(
/work/GRDVULN/correction/.venv/lib64/python3.11/site-packages/sklearn/impute/_base.py:647: UserWarning: Skipping features without any observed values: ['DISCHARGE_TYPE' 'PRESENT_DISCHARGE_PERCENTAGE'
 'PROJECTED_DISCHARGE_PERCENTAGE']. At least one non-missing value is needed for imputation with strategy='median'.
  warnings.warn(
/work/GRDVULN/correction/.venv/lib64/python3.11/site-packages/sklearn/impute/_base.py:647: UserWarning: Skipping features without any observed values: ['DISCHARGE_TYPE' 'PRESENT_DISCHARGE_PERCENTAGE'
 'PROJECTED_DISCHARGE_PERCENTAGE']. At least one non-missing value is needed for imputation with strategy='median'.
  warnings.warn(
/work/GRDVULN/correction/.venv/lib64/python3.11/site-packages/sklearn/impute/_base.py:647: UserWarning: Skipping features without any observed values: ['FACILITY_ID' 'STATE_CODE_y' 'DISCHARGES_TO']. At least one non-missing value is needed for imputation with strategy='constant'.
  warnings.warn(
/work/GRDVULN/correction/.venv/lib64/python3.11/site-packages/sklearn/impute/_base.py:647: UserWarning: Skipping features without any observed values: ['DISCHARGE_TYPE' 'PRESENT_DISCHARGE_PERCENTAGE'
 'PROJECTED_DISCHARGE_PERCENTAGE']. At least one non-missing value is needed for imputation with strategy='median'.
  warnings.warn(
/work/GRDVULN/correction/.venv/lib64/python3.11/site-packages/sklearn/impute/_base.py:647: UserWarning: Skipping features without any observed values: ['FACILITY_ID' 'STATE_CODE_y' 'DISCHARGES_TO']. At least one non-missing value is needed for imputation with strategy='constant'.
  warnings.warn(
/work/GRDVULN/correction/.venv/lib64/python3.11/site-packages/sklearn/impute/_base.py:647: UserWarning: Skipping features without any observed values: ['DISCHARGE_TYPE' 'PRESENT_DISCHARGE_PERCENTAGE'
 'PROJECTED_DISCHARGE_PERCENTAGE']. At least one non-missing value is needed for imputation with strategy='median'.
  warnings.warn(
/work/GRDVULN/correction/.venv/lib64/python3.11/site-packages/sklearn/impute/_base.py:647: UserWarning: Skipping features without any observed values: ['FACILITY_ID' 'STATE_CODE_y' 'DISCHARGES_TO']. At least one non-missing value is needed for imputation with strategy='constant'.
  warnings.warn(
/work/GRDVULN/correction/.venv/lib64/python3.11/site-packages/sklearn/impute/_base.py:647: UserWarning: Skipping features without any observed values: ['FACILITY_ID' 'STATE_CODE_y' 'DISCHARGES_TO']. At least one non-missing value is needed for imputation with strategy='constant'.
  warnings.warn(
/work/GRDVULN/correction/.venv/lib64/python3.11/site-packages/sklearn/impute/_base.py:647: UserWarning: Skipping features without any observed values: ['FACILITY_ID' 'STATE_CODE_y' 'DISCHARGES_TO']. At least one non-missing value is needed for imputation with strategy='constant'.
  warnings.warn(
/work/GRDVULN/correction/.venv/lib64/python3.11/site-packages/sklearn/impute/_base.py:647: UserWarning: Skipping features without any observed values: ['DISCHARGE_TYPE' 'PRESENT_DISCHARGE_PERCENTAGE'
 'PROJECTED_DISCHARGE_PERCENTAGE']. At least one non-missing value is needed for imputation with strategy='median'.
  warnings.warn(
/work/GRDVULN/correction/.venv/lib64/python3.11/site-packages/sklearn/impute/_base.py:647: UserWarning: Skipping features without any observed values: ['DISCHARGE_TYPE' 'PRESENT_DISCHARGE_PERCENTAGE'
 'PROJECTED_DISCHARGE_PERCENTAGE']. At least one non-missing value is needed for imputation with strategy='median'.
  warnings.warn(
/work/GRDVULN/correction/.venv/lib64/python3.11/site-packages/sklearn/impute/_base.py:647: UserWarning: Skipping features without any observed values: ['FACILITY_ID' 'STATE_CODE_y' 'DISCHARGES_TO']. At least one non-missing value is needed for imputation with strategy='constant'.
  warnings.warn(
/work/GRDVULN/correction/.venv/lib64/python3.11/site-packages/sklearn/impute/_base.py:647: UserWarning: Skipping features without any observed values: ['DISCHARGE_TYPE' 'PRESENT_DISCHARGE_PERCENTAGE'
 'PROJECTED_DISCHARGE_PERCENTAGE']. At least one non-missing value is needed for imputation with strategy='median'.
  warnings.warn(
/work/GRDVULN/correction/.venv/lib64/python3.11/site-packages/sklearn/impute/_base.py:647: UserWarning: Skipping features without any observed values: ['DISCHARGE_TYPE' 'PRESENT_DISCHARGE_PERCENTAGE'
 'PROJECTED_DISCHARGE_PERCENTAGE']. At least one non-missing value is needed for imputation with strategy='median'.
  warnings.warn(
/work/GRDVULN/correction/.venv/lib64/python3.11/site-packages/sklearn/impute/_base.py:647: UserWarning: Skipping features without any observed values: ['FACILITY_ID' 'STATE_CODE_y' 'DISCHARGES_TO']. At least one non-missing value is needed for imputation with strategy='constant'.
  warnings.warn(
/work/GRDVULN/correction/.venv/lib64/python3.11/site-packages/sklearn/impute/_base.py:647: UserWarning: Skipping features without any observed values: ['FACILITY_ID' 'STATE_CODE_y' 'DISCHARGES_TO']. At least one non-missing value is needed for imputation with strategy='constant'.
  warnings.warn(
/work/GRDVULN/correction/.venv/lib64/python3.11/site-packages/sklearn/impute/_base.py:647: UserWarning: Skipping features without any observed values: ['FACILITY_ID' 'STATE_CODE_y' 'DISCHARGES_TO']. At least one non-missing value is needed for imputation with strategy='constant'.
  warnings.warn(
/work/GRDVULN/correction/.venv/lib64/python3.11/site-packages/sklearn/impute/_base.py:647: UserWarning: Skipping features without any observed values: ['DISCHARGE_TYPE' 'PRESENT_DISCHARGE_PERCENTAGE'
 'PROJECTED_DISCHARGE_PERCENTAGE']. At least one non-missing value is needed for imputation with strategy='median'.
  warnings.warn(
/work/GRDVULN/correction/.venv/lib64/python3.11/site-packages/sklearn/impute/_base.py:647: UserWarning: Skipping features without any observed values: ['DISCHARGE_TYPE' 'PRESENT_DISCHARGE_PERCENTAGE'
 'PROJECTED_DISCHARGE_PERCENTAGE']. At least one non-missing value is needed for imputation with strategy='median'.
  warnings.warn(
/work/GRDVULN/correction/.venv/lib64/python3.11/site-packages/sklearn/impute/_base.py:647: UserWarning: Skipping features without any observed values: ['FACILITY_ID' 'STATE_CODE_y' 'DISCHARGES_TO']. At least one non-missing value is needed for imputation with strategy='constant'.
  warnings.warn(
/work/GRDVULN/correction/.venv/lib64/python3.11/site-packages/sklearn/impute/_base.py:647: UserWarning: Skipping features without any observed values: ['DISCHARGE_TYPE' 'PRESENT_DISCHARGE_PERCENTAGE'
 'PROJECTED_DISCHARGE_PERCENTAGE']. At least one non-missing value is needed for imputation with strategy='median'.
  warnings.warn(
/work/GRDVULN/correction/.venv/lib64/python3.11/site-packages/sklearn/impute/_base.py:647: UserWarning: Skipping features without any observed values: ['FACILITY_ID' 'STATE_CODE_y' 'DISCHARGES_TO']. At least one non-missing value is needed for imputation with strategy='constant'.
  warnings.warn(
/work/GRDVULN/correction/.venv/lib64/python3.11/site-packages/sklearn/impute/_base.py:647: UserWarning: Skipping features without any observed values: ['DISCHARGE_TYPE' 'PRESENT_DISCHARGE_PERCENTAGE'
 'PROJECTED_DISCHARGE_PERCENTAGE']. At least one non-missing value is needed for imputation with strategy='median'.
  warnings.warn(
/work/GRDVULN/correction/.venv/lib64/python3.11/site-packages/sklearn/impute/_base.py:647: UserWarning: Skipping features without any observed values: ['FACILITY_ID' 'STATE_CODE_y' 'DISCHARGES_TO']. At least one non-missing value is needed for imputation with strategy='constant'.
  warnings.warn(
/work/GRDVULN/correction/.venv/lib64/python3.11/site-packages/sklearn/impute/_base.py:647: UserWarning: Skipping features without any observed values: ['DISCHARGE_TYPE' 'PRESENT_DISCHARGE_PERCENTAGE'
 'PROJECTED_DISCHARGE_PERCENTAGE']. At least one non-missing value is needed for imputation with strategy='median'.
  warnings.warn(
/work/GRDVULN/correction/.venv/lib64/python3.11/site-packages/sklearn/impute/_base.py:647: UserWarning: Skipping features without any observed values: ['FACILITY_ID' 'STATE_CODE_y' 'DISCHARGES_TO']. At least one non-missing value is needed for imputation with strategy='constant'.
  warnings.warn(
/work/GRDVULN/correction/.venv/lib64/python3.11/site-packages/sklearn/impute/_base.py:647: UserWarning: Skipping features without any observed values: ['DISCHARGE_TYPE' 'PRESENT_DISCHARGE_PERCENTAGE'
 'PROJECTED_DISCHARGE_PERCENTAGE']. At least one non-missing value is needed for imputation with strategy='median'.
  warnings.warn(
/work/GRDVULN/correction/.venv/lib64/python3.11/site-packages/sklearn/impute/_base.py:647: UserWarning: Skipping features without any observed values: ['DISCHARGE_TYPE' 'PRESENT_DISCHARGE_PERCENTAGE'
 'PROJECTED_DISCHARGE_PERCENTAGE']. At least one non-missing value is needed for imputation with strategy='median'.
  warnings.warn(
/work/GRDVULN/correction/.venv/lib64/python3.11/site-packages/sklearn/impute/_base.py:647: UserWarning: Skipping features without any observed values: ['FACILITY_ID' 'STATE_CODE_y' 'DISCHARGES_TO']. At least one non-missing value is needed for imputation with strategy='constant'.
  warnings.warn(
/work/GRDVULN/correction/.venv/lib64/python3.11/site-packages/sklearn/impute/_base.py:647: UserWarning: Skipping features without any observed values: ['FACILITY_ID' 'STATE_CODE_y' 'DISCHARGES_TO']. At least one non-missing value is needed for imputation with strategy='constant'.
  warnings.warn(
/work/GRDVULN/correction/.venv/lib64/python3.11/site-packages/sklearn/impute/_base.py:647: UserWarning: Skipping features without any observed values: ['DISCHARGE_TYPE' 'PRESENT_DISCHARGE_PERCENTAGE'
 'PROJECTED_DISCHARGE_PERCENTAGE']. At least one non-missing value is needed for imputation with strategy='median'.
  warnings.warn(
/work/GRDVULN/correction/.venv/lib64/python3.11/site-packages/sklearn/impute/_base.py:647: UserWarning: Skipping features without any observed values: ['DISCHARGE_TYPE' 'PRESENT_DISCHARGE_PERCENTAGE'
 'PROJECTED_DISCHARGE_PERCENTAGE']. At least one non-missing value is needed for imputation with strategy='median'.
  warnings.warn(
/work/GRDVULN/correction/.venv/lib64/python3.11/site-packages/sklearn/impute/_base.py:647: UserWarning: Skipping features without any observed values: ['FACILITY_ID' 'STATE_CODE_y' 'DISCHARGES_TO']. At least one non-missing value is needed for imputation with strategy='constant'.
  warnings.warn(
/work/GRDVULN/correction/.venv/lib64/python3.11/site-packages/sklearn/impute/_base.py:647: UserWarning: Skipping features without any observed values: ['DISCHARGE_TYPE' 'PRESENT_DISCHARGE_PERCENTAGE'
 'PROJECTED_DISCHARGE_PERCENTAGE']. At least one non-missing value is needed for imputation with strategy='median'.
  warnings.warn(
/work/GRDVULN/correction/.venv/lib64/python3.11/site-packages/sklearn/impute/_base.py:647: UserWarning: Skipping features without any observed values: ['FACILITY_ID' 'STATE_CODE_y' 'DISCHARGES_TO']. At least one non-missing value is needed for imputation with strategy='constant'.
  warnings.warn(
/work/GRDVULN/correction/.venv/lib64/python3.11/site-packages/sklearn/impute/_base.py:647: UserWarning: Skipping features without any observed values: ['DISCHARGE_TYPE' 'PRESENT_DISCHARGE_PERCENTAGE'
 'PROJECTED_DISCHARGE_PERCENTAGE']. At least one non-missing value is needed for imputation with strategy='median'.
  warnings.warn(
/work/GRDVULN/correction/.venv/lib64/python3.11/site-packages/sklearn/impute/_base.py:647: UserWarning: Skipping features without any observed values: ['FACILITY_ID' 'STATE_CODE_y' 'DISCHARGES_TO']. At least one non-missing value is needed for imputation with strategy='constant'.
  warnings.warn(
/work/GRDVULN/correction/.venv/lib64/python3.11/site-packages/sklearn/impute/_base.py:647: UserWarning: Skipping features without any observed values: ['FACILITY_ID' 'STATE_CODE_y' 'DISCHARGES_TO']. At least one non-missing value is needed for imputation with strategy='constant'.
  warnings.warn(
/work/GRDVULN/correction/.venv/lib64/python3.11/site-packages/sklearn/impute/_base.py:647: UserWarning: Skipping features without any observed values: ['DISCHARGE_TYPE' 'PRESENT_DISCHARGE_PERCENTAGE'
 'PROJECTED_DISCHARGE_PERCENTAGE']. At least one non-missing value is needed for imputation with strategy='median'.
  warnings.warn(
/work/GRDVULN/correction/.venv/lib64/python3.11/site-packages/sklearn/impute/_base.py:647: UserWarning: Skipping features without any observed values: ['FACILITY_ID' 'STATE_CODE_y' 'DISCHARGES_TO']. At least one non-missing value is needed for imputation with strategy='constant'.
  warnings.warn(
/work/GRDVULN/correction/.venv/lib64/python3.11/site-packages/sklearn/impute/_base.py:647: UserWarning: Skipping features without any observed values: ['DISCHARGE_TYPE' 'PRESENT_DISCHARGE_PERCENTAGE'
 'PROJECTED_DISCHARGE_PERCENTAGE']. At least one non-missing value is needed for imputation with strategy='median'.
  warnings.warn(
/work/GRDVULN/correction/.venv/lib64/python3.11/site-packages/sklearn/impute/_base.py:647: UserWarning: Skipping features without any observed values: ['DISCHARGE_TYPE' 'PRESENT_DISCHARGE_PERCENTAGE'
 'PROJECTED_DISCHARGE_PERCENTAGE']. At least one non-missing value is needed for imputation with strategy='median'.
  warnings.warn(
/work/GRDVULN/correction/.venv/lib64/python3.11/site-packages/sklearn/impute/_base.py:647: UserWarning: Skipping features without any observed values: ['FACILITY_ID' 'STATE_CODE_y' 'DISCHARGES_TO']. At least one non-missing value is needed for imputation with strategy='constant'.
  warnings.warn(
/work/GRDVULN/correction/.venv/lib64/python3.11/site-packages/sklearn/impute/_base.py:647: UserWarning: Skipping features without any observed values: ['DISCHARGE_TYPE' 'PRESENT_DISCHARGE_PERCENTAGE'
 'PROJECTED_DISCHARGE_PERCENTAGE']. At least one non-missing value is needed for imputation with strategy='median'.
  warnings.warn(
/work/GRDVULN/correction/.venv/lib64/python3.11/site-packages/sklearn/impute/_base.py:647: UserWarning: Skipping features without any observed values: ['FACILITY_ID' 'STATE_CODE_y' 'DISCHARGES_TO']. At least one non-missing value is needed for imputation with strategy='constant'.
  warnings.warn(
/work/GRDVULN/correction/.venv/lib64/python3.11/site-packages/sklearn/impute/_base.py:647: UserWarning: Skipping features without any observed values: ['DISCHARGE_TYPE' 'PRESENT_DISCHARGE_PERCENTAGE'
 'PROJECTED_DISCHARGE_PERCENTAGE']. At least one non-missing value is needed for imputation with strategy='median'.
  warnings.warn(
/work/GRDVULN/correction/.venv/lib64/python3.11/site-packages/sklearn/impute/_base.py:647: UserWarning: Skipping features without any observed values: ['FACILITY_ID' 'STATE_CODE_y' 'DISCHARGES_TO']. At least one non-missing value is needed for imputation with strategy='constant'.
  warnings.warn(
/work/GRDVULN/correction/.venv/lib64/python3.11/site-packages/sklearn/impute/_base.py:647: UserWarning: Skipping features without any observed values: ['FACILITY_ID' 'STATE_CODE_y' 'DISCHARGES_TO']. At least one non-missing value is needed for imputation with strategy='constant'.
  warnings.warn(
/work/GRDVULN/correction/.venv/lib64/python3.11/site-packages/sklearn/impute/_base.py:647: UserWarning: Skipping features without any observed values: ['FACILITY_ID' 'STATE_CODE_y' 'DISCHARGES_TO']. At least one non-missing value is needed for imputation with strategy='constant'.
  warnings.warn(
/work/GRDVULN/correction/.venv/lib64/python3.11/site-packages/sklearn/impute/_base.py:647: UserWarning: Skipping features without any observed values: ['FACILITY_ID' 'STATE_CODE_y' 'DISCHARGES_TO']. At least one non-missing value is needed for imputation with strategy='constant'.
  warnings.warn(
/work/GRDVULN/correction/.venv/lib64/python3.11/site-packages/sklearn/impute/_base.py:647: UserWarning: Skipping features without any observed values: ['DISCHARGE_TYPE' 'PRESENT_DISCHARGE_PERCENTAGE'
 'PROJECTED_DISCHARGE_PERCENTAGE']. At least one non-missing value is needed for imputation with strategy='median'.
  warnings.warn(
/work/GRDVULN/correction/.venv/lib64/python3.11/site-packages/sklearn/impute/_base.py:647: UserWarning: Skipping features without any observed values: ['DISCHARGE_TYPE' 'PRESENT_DISCHARGE_PERCENTAGE'
 'PROJECTED_DISCHARGE_PERCENTAGE']. At least one non-missing value is needed for imputation with strategy='median'.
  warnings.warn(
/work/GRDVULN/correction/.venv/lib64/python3.11/site-packages/sklearn/impute/_base.py:647: UserWarning: Skipping features without any observed values: ['DISCHARGE_TYPE' 'PRESENT_DISCHARGE_PERCENTAGE'
 'PROJECTED_DISCHARGE_PERCENTAGE']. At least one non-missing value is needed for imputation with strategy='median'.
  warnings.warn(
/work/GRDVULN/correction/.venv/lib64/python3.11/site-packages/sklearn/impute/_base.py:647: UserWarning: Skipping features without any observed values: ['DISCHARGE_TYPE' 'PRESENT_DISCHARGE_PERCENTAGE'
 'PROJECTED_DISCHARGE_PERCENTAGE']. At least one non-missing value is needed for imputation with strategy='median'.
  warnings.warn(
/work/GRDVULN/correction/.venv/lib64/python3.11/site-packages/sklearn/impute/_base.py:647: UserWarning: Skipping features without any observed values: ['FACILITY_ID' 'STATE_CODE_y' 'DISCHARGES_TO']. At least one non-missing value is needed for imputation with strategy='constant'.
  warnings.warn(
/work/GRDVULN/correction/.venv/lib64/python3.11/site-packages/sklearn/impute/_base.py:647: UserWarning: Skipping features without any observed values: ['DISCHARGE_TYPE' 'PRESENT_DISCHARGE_PERCENTAGE'
 'PROJECTED_DISCHARGE_PERCENTAGE']. At least one non-missing value is needed for imputation with strategy='median'.
  warnings.warn(
/work/GRDVULN/correction/.venv/lib64/python3.11/site-packages/sklearn/impute/_base.py:647: UserWarning: Skipping features without any observed values: ['FACILITY_ID' 'STATE_CODE_y' 'DISCHARGES_TO']. At least one non-missing value is needed for imputation with strategy='constant'.
  warnings.warn(
/work/GRDVULN/correction/.venv/lib64/python3.11/site-packages/sklearn/impute/_base.py:647: UserWarning: Skipping features without any observed values: ['DISCHARGE_TYPE' 'PRESENT_DISCHARGE_PERCENTAGE'
 'PROJECTED_DISCHARGE_PERCENTAGE']. At least one non-missing value is needed for imputation with strategy='median'.
  warnings.warn(
/work/GRDVULN/correction/.venv/lib64/python3.11/site-packages/sklearn/impute/_base.py:647: UserWarning: Skipping features without any observed values: ['FACILITY_ID' 'STATE_CODE_y' 'DISCHARGES_TO']. At least one non-missing value is needed for imputation with strategy='constant'.
  warnings.warn(
/work/GRDVULN/correction/.venv/lib64/python3.11/site-packages/sklearn/impute/_base.py:647: UserWarning: Skipping features without any observed values: ['DISCHARGE_TYPE' 'PRESENT_DISCHARGE_PERCENTAGE'
 'PROJECTED_DISCHARGE_PERCENTAGE']. At least one non-missing value is needed for imputation with strategy='median'.
  warnings.warn(
/work/GRDVULN/correction/.venv/lib64/python3.11/site-packages/sklearn/impute/_base.py:647: UserWarning: Skipping features without any observed values: ['FACILITY_ID' 'STATE_CODE_y' 'DISCHARGES_TO']. At least one non-missing value is needed for imputation with strategy='constant'.
  warnings.warn(
/work/GRDVULN/correction/.venv/lib64/python3.11/site-packages/sklearn/impute/_base.py:647: UserWarning: Skipping features without any observed values: ['DISCHARGE_TYPE' 'PRESENT_DISCHARGE_PERCENTAGE'
 'PROJECTED_DISCHARGE_PERCENTAGE']. At least one non-missing value is needed for imputation with strategy='median'.
  warnings.warn(
/work/GRDVULN/correction/.venv/lib64/python3.11/site-packages/sklearn/impute/_base.py:647: UserWarning: Skipping features without any observed values: ['FACILITY_ID' 'STATE_CODE_y' 'DISCHARGES_TO']. At least one non-missing value is needed for imputation with strategy='constant'.
  warnings.warn(
/work/GRDVULN/correction/.venv/lib64/python3.11/site-packages/sklearn/impute/_base.py:647: UserWarning: Skipping features without any observed values: ['FACILITY_ID' 'STATE_CODE_y' 'DISCHARGES_TO']. At least one non-missing value is needed for imputation with strategy='constant'.
  warnings.warn(
/work/GRDVULN/correction/.venv/lib64/python3.11/site-packages/sklearn/impute/_base.py:647: UserWarning: Skipping features without any observed values: ['DISCHARGE_TYPE' 'PRESENT_DISCHARGE_PERCENTAGE'
 'PROJECTED_DISCHARGE_PERCENTAGE']. At least one non-missing value is needed for imputation with strategy='median'.
  warnings.warn(
/work/GRDVULN/correction/.venv/lib64/python3.11/site-packages/sklearn/impute/_base.py:647: UserWarning: Skipping features without any observed values: ['DISCHARGE_TYPE' 'PRESENT_DISCHARGE_PERCENTAGE'
 'PROJECTED_DISCHARGE_PERCENTAGE']. At least one non-missing value is needed for imputation with strategy='median'.
  warnings.warn(
/work/GRDVULN/correction/.venv/lib64/python3.11/site-packages/sklearn/impute/_base.py:647: UserWarning: Skipping features without any observed values: ['FACILITY_ID' 'STATE_CODE_y' 'DISCHARGES_TO']. At least one non-missing value is needed for imputation with strategy='constant'.
  warnings.warn(
/work/GRDVULN/correction/.venv/lib64/python3.11/site-packages/sklearn/impute/_base.py:647: UserWarning: Skipping features without any observed values: ['FACILITY_ID' 'STATE_CODE_y' 'DISCHARGES_TO']. At least one non-missing value is needed for imputation with strategy='constant'.
  warnings.warn(
/work/GRDVULN/correction/.venv/lib64/python3.11/site-packages/sklearn/impute/_base.py:647: UserWarning: Skipping features without any observed values: ['FACILITY_ID' 'STATE_CODE_y' 'DISCHARGES_TO']. At least one non-missing value is needed for imputation with strategy='constant'.
  warnings.warn(
/work/GRDVULN/correction/.venv/lib64/python3.11/site-packages/sklearn/impute/_base.py:647: UserWarning: Skipping features without any observed values: ['DISCHARGE_TYPE' 'PRESENT_DISCHARGE_PERCENTAGE'
 'PROJECTED_DISCHARGE_PERCENTAGE']. At least one non-missing value is needed for imputation with strategy='median'.
  warnings.warn(
/work/GRDVULN/correction/.venv/lib64/python3.11/site-packages/sklearn/impute/_base.py:647: UserWarning: Skipping features without any observed values: ['FACILITY_ID' 'STATE_CODE_y' 'DISCHARGES_TO']. At least one non-missing value is needed for imputation with strategy='constant'.
  warnings.warn(
/work/GRDVULN/correction/.venv/lib64/python3.11/site-packages/sklearn/impute/_base.py:647: UserWarning: Skipping features without any observed values: ['FACILITY_ID' 'STATE_CODE_y' 'DISCHARGES_TO']. At least one non-missing value is needed for imputation with strategy='constant'.
  warnings.warn(
/work/GRDVULN/correction/.venv/lib64/python3.11/site-packages/sklearn/impute/_base.py:647: UserWarning: Skipping features without any observed values: ['DISCHARGE_TYPE' 'PRESENT_DISCHARGE_PERCENTAGE'
 'PROJECTED_DISCHARGE_PERCENTAGE']. At least one non-missing value is needed for imputation with strategy='median'.
  warnings.warn(
/work/GRDVULN/correction/.venv/lib64/python3.11/site-packages/sklearn/impute/_base.py:647: UserWarning: Skipping features without any observed values: ['DISCHARGE_TYPE' 'PRESENT_DISCHARGE_PERCENTAGE'
 'PROJECTED_DISCHARGE_PERCENTAGE']. At least one non-missing value is needed for imputation with strategy='median'.
  warnings.warn(
/work/GRDVULN/correction/.venv/lib64/python3.11/site-packages/sklearn/impute/_base.py:647: UserWarning: Skipping features without any observed values: ['FACILITY_ID' 'STATE_CODE_y' 'DISCHARGES_TO']. At least one non-missing value is needed for imputation with strategy='constant'.
  warnings.warn(
/work/GRDVULN/correction/.venv/lib64/python3.11/site-packages/sklearn/impute/_base.py:647: UserWarning: Skipping features without any observed values: ['DISCHARGE_TYPE' 'PRESENT_DISCHARGE_PERCENTAGE'
 'PROJECTED_DISCHARGE_PERCENTAGE']. At least one non-missing value is needed for imputation with strategy='median'.
  warnings.warn(
/work/GRDVULN/correction/.venv/lib64/python3.11/site-packages/sklearn/impute/_base.py:647: UserWarning: Skipping features without any observed values: ['DISCHARGE_TYPE' 'PRESENT_DISCHARGE_PERCENTAGE'
 'PROJECTED_DISCHARGE_PERCENTAGE']. At least one non-missing value is needed for imputation with strategy='median'.
  warnings.warn(
/work/GRDVULN/correction/.venv/lib64/python3.11/site-packages/sklearn/impute/_base.py:647: UserWarning: Skipping features without any observed values: ['DISCHARGE_TYPE' 'PRESENT_DISCHARGE_PERCENTAGE'
 'PROJECTED_DISCHARGE_PERCENTAGE']. At least one non-missing value is needed for imputation with strategy='median'.
  warnings.warn(
/work/GRDVULN/correction/.venv/lib64/python3.11/site-packages/sklearn/impute/_base.py:647: UserWarning: Skipping features without any observed values: ['FACILITY_ID' 'STATE_CODE_y' 'DISCHARGES_TO']. At least one non-missing value is needed for imputation with strategy='constant'.
  warnings.warn(
/work/GRDVULN/correction/.venv/lib64/python3.11/site-packages/sklearn/impute/_base.py:647: UserWarning: Skipping features without any observed values: ['DISCHARGE_TYPE' 'PRESENT_DISCHARGE_PERCENTAGE'
 'PROJECTED_DISCHARGE_PERCENTAGE']. At least one non-missing value is needed for imputation with strategy='median'.
  warnings.warn(
/work/GRDVULN/correction/.venv/lib64/python3.11/site-packages/sklearn/impute/_base.py:647: UserWarning: Skipping features without any observed values: ['FACILITY_ID' 'STATE_CODE_y' 'DISCHARGES_TO']. At least one non-missing value is needed for imputation with strategy='constant'.
  warnings.warn(
/work/GRDVULN/correction/.venv/lib64/python3.11/site-packages/sklearn/impute/_base.py:647: UserWarning: Skipping features without any observed values: ['DISCHARGE_TYPE' 'PRESENT_DISCHARGE_PERCENTAGE'
 'PROJECTED_DISCHARGE_PERCENTAGE']. At least one non-missing value is needed for imputation with strategy='median'.
  warnings.warn(
/work/GRDVULN/correction/.venv/lib64/python3.11/site-packages/sklearn/impute/_base.py:647: UserWarning: Skipping features without any observed values: ['FACILITY_ID' 'STATE_CODE_y' 'DISCHARGES_TO']. At least one non-missing value is needed for imputation with strategy='constant'.
  warnings.warn(
/work/GRDVULN/correction/.venv/lib64/python3.11/site-packages/sklearn/impute/_base.py:647: UserWarning: Skipping features without any observed values: ['FACILITY_ID' 'STATE_CODE_y' 'DISCHARGES_TO']. At least one non-missing value is needed for imputation with strategy='constant'.
  warnings.warn(
/work/GRDVULN/correction/.venv/lib64/python3.11/site-packages/sklearn/impute/_base.py:647: UserWarning: Skipping features without any observed values: ['DISCHARGE_TYPE' 'PRESENT_DISCHARGE_PERCENTAGE'
 'PROJECTED_DISCHARGE_PERCENTAGE']. At least one non-missing value is needed for imputation with strategy='median'.
  warnings.warn(
/work/GRDVULN/correction/.venv/lib64/python3.11/site-packages/sklearn/impute/_base.py:647: UserWarning: Skipping features without any observed values: ['FACILITY_ID' 'STATE_CODE_y' 'DISCHARGES_TO']. At least one non-missing value is needed for imputation with strategy='constant'.
  warnings.warn(
/work/GRDVULN/correction/.venv/lib64/python3.11/site-packages/sklearn/impute/_base.py:647: UserWarning: Skipping features without any observed values: ['DISCHARGE_TYPE' 'PRESENT_DISCHARGE_PERCENTAGE'
 'PROJECTED_DISCHARGE_PERCENTAGE']. At least one non-missing value is needed for imputation with strategy='median'.
  warnings.warn(
/work/GRDVULN/correction/.venv/lib64/python3.11/site-packages/sklearn/impute/_base.py:647: UserWarning: Skipping features without any observed values: ['FACILITY_ID' 'STATE_CODE_y' 'DISCHARGES_TO']. At least one non-missing value is needed for imputation with strategy='constant'.
  warnings.warn(
/work/GRDVULN/correction/.venv/lib64/python3.11/site-packages/sklearn/impute/_base.py:647: UserWarning: Skipping features without any observed values: ['DISCHARGE_TYPE' 'PRESENT_DISCHARGE_PERCENTAGE'
 'PROJECTED_DISCHARGE_PERCENTAGE']. At least one non-missing value is needed for imputation with strategy='median'.
  warnings.warn(
/work/GRDVULN/correction/.venv/lib64/python3.11/site-packages/sklearn/impute/_base.py:647: UserWarning: Skipping features without any observed values: ['DISCHARGE_TYPE' 'PRESENT_DISCHARGE_PERCENTAGE'
 'PROJECTED_DISCHARGE_PERCENTAGE']. At least one non-missing value is needed for imputation with strategy='median'.
  warnings.warn(
/work/GRDVULN/correction/.venv/lib64/python3.11/site-packages/sklearn/impute/_base.py:647: UserWarning: Skipping features without any observed values: ['FACILITY_ID' 'STATE_CODE_y' 'DISCHARGES_TO']. At least one non-missing value is needed for imputation with strategy='constant'.
  warnings.warn(
/work/GRDVULN/correction/.venv/lib64/python3.11/site-packages/sklearn/impute/_base.py:647: UserWarning: Skipping features without any observed values: ['FACILITY_ID' 'STATE_CODE_y' 'DISCHARGES_TO']. At least one non-missing value is needed for imputation with strategy='constant'.
  warnings.warn(
/work/GRDVULN/correction/.venv/lib64/python3.11/site-packages/sklearn/impute/_base.py:647: UserWarning: Skipping features without any observed values: ['FACILITY_ID' 'STATE_CODE_y' 'DISCHARGES_TO']. At least one non-missing value is needed for imputation with strategy='constant'.
  warnings.warn(
/work/GRDVULN/correction/.venv/lib64/python3.11/site-packages/sklearn/impute/_base.py:647: UserWarning: Skipping features without any observed values: ['FACILITY_ID' 'STATE_CODE_y' 'DISCHARGES_TO']. At least one non-missing value is needed for imputation with strategy='constant'.
  warnings.warn(
/work/GRDVULN/correction/.venv/lib64/python3.11/site-packages/sklearn/impute/_base.py:647: UserWarning: Skipping features without any observed values: ['DISCHARGE_TYPE' 'PRESENT_DISCHARGE_PERCENTAGE'
 'PROJECTED_DISCHARGE_PERCENTAGE']. At least one non-missing value is needed for imputation with strategy='median'.
  warnings.warn(
/work/GRDVULN/correction/.venv/lib64/python3.11/site-packages/sklearn/impute/_base.py:647: UserWarning: Skipping features without any observed values: ['FACILITY_ID' 'STATE_CODE_y' 'DISCHARGES_TO']. At least one non-missing value is needed for imputation with strategy='constant'.
  warnings.warn(
/work/GRDVULN/correction/.venv/lib64/python3.11/site-packages/sklearn/impute/_base.py:647: UserWarning: Skipping features without any observed values: ['DISCHARGE_TYPE' 'PRESENT_DISCHARGE_PERCENTAGE'
 'PROJECTED_DISCHARGE_PERCENTAGE']. At least one non-missing value is needed for imputation with strategy='median'.
  warnings.warn(
/work/GRDVULN/correction/.venv/lib64/python3.11/site-packages/sklearn/impute/_base.py:647: UserWarning: Skipping features without any observed values: ['DISCHARGE_TYPE' 'PRESENT_DISCHARGE_PERCENTAGE'
 'PROJECTED_DISCHARGE_PERCENTAGE']. At least one non-missing value is needed for imputation with strategy='median'.
  warnings.warn(
/work/GRDVULN/correction/.venv/lib64/python3.11/site-packages/sklearn/impute/_base.py:647: UserWarning: Skipping features without any observed values: ['FACILITY_ID' 'STATE_CODE_y' 'DISCHARGES_TO']. At least one non-missing value is needed for imputation with strategy='constant'.
  warnings.warn(
/work/GRDVULN/correction/.venv/lib64/python3.11/site-packages/sklearn/impute/_base.py:647: UserWarning: Skipping features without any observed values: ['DISCHARGE_TYPE' 'PRESENT_DISCHARGE_PERCENTAGE'
 'PROJECTED_DISCHARGE_PERCENTAGE']. At least one non-missing value is needed for imputation with strategy='median'.
  warnings.warn(
/work/GRDVULN/correction/.venv/lib64/python3.11/site-packages/sklearn/impute/_base.py:647: UserWarning: Skipping features without any observed values: ['DISCHARGE_TYPE' 'PRESENT_DISCHARGE_PERCENTAGE'
 'PROJECTED_DISCHARGE_PERCENTAGE']. At least one non-missing value is needed for imputation with strategy='median'.
  warnings.warn(
/work/GRDVULN/correction/.venv/lib64/python3.11/site-packages/sklearn/impute/_base.py:647: UserWarning: Skipping features without any observed values: ['DISCHARGE_TYPE' 'PRESENT_DISCHARGE_PERCENTAGE'
 'PROJECTED_DISCHARGE_PERCENTAGE']. At least one non-missing value is needed for imputation with strategy='median'.
  warnings.warn(
/work/GRDVULN/correction/.venv/lib64/python3.11/site-packages/sklearn/impute/_base.py:647: UserWarning: Skipping features without any observed values: ['FACILITY_ID' 'STATE_CODE_y' 'DISCHARGES_TO']. At least one non-missing value is needed for imputation with strategy='constant'.
  warnings.warn(
/work/GRDVULN/correction/.venv/lib64/python3.11/site-packages/sklearn/impute/_base.py:647: UserWarning: Skipping features without any observed values: ['FACILITY_ID' 'STATE_CODE_y' 'DISCHARGES_TO']. At least one non-missing value is needed for imputation with strategy='constant'.
  warnings.warn(
/work/GRDVULN/correction/.venv/lib64/python3.11/site-packages/sklearn/impute/_base.py:647: UserWarning: Skipping features without any observed values: ['DISCHARGE_TYPE' 'PRESENT_DISCHARGE_PERCENTAGE'
 'PROJECTED_DISCHARGE_PERCENTAGE']. At least one non-missing value is needed for imputation with strategy='median'.
  warnings.warn(
/work/GRDVULN/correction/.venv/lib64/python3.11/site-packages/sklearn/impute/_base.py:647: UserWarning: Skipping features without any observed values: ['DISCHARGE_TYPE' 'PRESENT_DISCHARGE_PERCENTAGE'
 'PROJECTED_DISCHARGE_PERCENTAGE']. At least one non-missing value is needed for imputation with strategy='median'.
  warnings.warn(
/work/GRDVULN/correction/.venv/lib64/python3.11/site-packages/sklearn/impute/_base.py:647: UserWarning: Skipping features without any observed values: ['FACILITY_ID' 'STATE_CODE_y' 'DISCHARGES_TO']. At least one non-missing value is needed for imputation with strategy='constant'.
  warnings.warn(
/work/GRDVULN/correction/.venv/lib64/python3.11/site-packages/sklearn/impute/_base.py:647: UserWarning: Skipping features without any observed values: ['FACILITY_ID' 'STATE_CODE_y' 'DISCHARGES_TO']. At least one non-missing value is needed for imputation with strategy='constant'.
  warnings.warn(
/work/GRDVULN/correction/.venv/lib64/python3.11/site-packages/sklearn/impute/_base.py:647: UserWarning: Skipping features without any observed values: ['FACILITY_ID' 'STATE_CODE_y' 'DISCHARGES_TO']. At least one non-missing value is needed for imputation with strategy='constant'.
  warnings.warn(
/work/GRDVULN/correction/.venv/lib64/python3.11/site-packages/sklearn/impute/_base.py:647: UserWarning: Skipping features without any observed values: ['FACILITY_ID' 'STATE_CODE_y' 'DISCHARGES_TO']. At least one non-missing value is needed for imputation with strategy='constant'.
  warnings.warn(
/work/GRDVULN/correction/.venv/lib64/python3.11/site-packages/sklearn/impute/_base.py:647: UserWarning: Skipping features without any observed values: ['DISCHARGE_TYPE' 'PRESENT_DISCHARGE_PERCENTAGE'
 'PROJECTED_DISCHARGE_PERCENTAGE']. At least one non-missing value is needed for imputation with strategy='median'.
  warnings.warn(
/work/GRDVULN/correction/.venv/lib64/python3.11/site-packages/sklearn/impute/_base.py:647: UserWarning: Skipping features without any observed values: ['DISCHARGE_TYPE' 'PRESENT_DISCHARGE_PERCENTAGE'
 'PROJECTED_DISCHARGE_PERCENTAGE']. At least one non-missing value is needed for imputation with strategy='median'.
  warnings.warn(
/work/GRDVULN/correction/.venv/lib64/python3.11/site-packages/sklearn/impute/_base.py:647: UserWarning: Skipping features without any observed values: ['DISCHARGE_TYPE' 'PRESENT_DISCHARGE_PERCENTAGE'
 'PROJECTED_DISCHARGE_PERCENTAGE']. At least one non-missing value is needed for imputation with strategy='median'.
  warnings.warn(
/work/GRDVULN/correction/.venv/lib64/python3.11/site-packages/sklearn/impute/_base.py:647: UserWarning: Skipping features without any observed values: ['FACILITY_ID' 'STATE_CODE_y' 'DISCHARGES_TO']. At least one non-missing value is needed for imputation with strategy='constant'.
  warnings.warn(
/work/GRDVULN/correction/.venv/lib64/python3.11/site-packages/sklearn/impute/_base.py:647: UserWarning: Skipping features without any observed values: ['DISCHARGE_TYPE' 'PRESENT_DISCHARGE_PERCENTAGE'
 'PROJECTED_DISCHARGE_PERCENTAGE']. At least one non-missing value is needed for imputation with strategy='median'.
  warnings.warn(
/work/GRDVULN/correction/.venv/lib64/python3.11/site-packages/sklearn/impute/_base.py:647: UserWarning: Skipping features without any observed values: ['DISCHARGE_TYPE' 'PRESENT_DISCHARGE_PERCENTAGE'
 'PROJECTED_DISCHARGE_PERCENTAGE']. At least one non-missing value is needed for imputation with strategy='median'.
  warnings.warn(
/work/GRDVULN/correction/.venv/lib64/python3.11/site-packages/sklearn/impute/_base.py:647: UserWarning: Skipping features without any observed values: ['FACILITY_ID' 'STATE_CODE_y' 'DISCHARGES_TO']. At least one non-missing value is needed for imputation with strategy='constant'.
  warnings.warn(
/work/GRDVULN/correction/.venv/lib64/python3.11/site-packages/sklearn/impute/_base.py:647: UserWarning: Skipping features without any observed values: ['DISCHARGE_TYPE' 'PRESENT_DISCHARGE_PERCENTAGE'
 'PROJECTED_DISCHARGE_PERCENTAGE']. At least one non-missing value is needed for imputation with strategy='median'.
  warnings.warn(
/work/GRDVULN/correction/.venv/lib64/python3.11/site-packages/sklearn/impute/_base.py:647: UserWarning: Skipping features without any observed values: ['FACILITY_ID' 'STATE_CODE_y' 'DISCHARGES_TO']. At least one non-missing value is needed for imputation with strategy='constant'.
  warnings.warn(
/work/GRDVULN/correction/.venv/lib64/python3.11/site-packages/sklearn/impute/_base.py:647: UserWarning: Skipping features without any observed values: ['FACILITY_ID' 'STATE_CODE_y' 'DISCHARGES_TO']. At least one non-missing value is needed for imputation with strategy='constant'.
  warnings.warn(
/work/GRDVULN/correction/.venv/lib64/python3.11/site-packages/sklearn/impute/_base.py:647: UserWarning: Skipping features without any observed values: ['DISCHARGE_TYPE' 'PRESENT_DISCHARGE_PERCENTAGE'
 'PROJECTED_DISCHARGE_PERCENTAGE']. At least one non-missing value is needed for imputation with strategy='median'.
  warnings.warn(
/work/GRDVULN/correction/.venv/lib64/python3.11/site-packages/sklearn/impute/_base.py:647: UserWarning: Skipping features without any observed values: ['DISCHARGE_TYPE' 'PRESENT_DISCHARGE_PERCENTAGE'
 'PROJECTED_DISCHARGE_PERCENTAGE']. At least one non-missing value is needed for imputation with strategy='median'.
  warnings.warn(
/work/GRDVULN/correction/.venv/lib64/python3.11/site-packages/sklearn/impute/_base.py:647: UserWarning: Skipping features without any observed values: ['FACILITY_ID' 'STATE_CODE_y' 'DISCHARGES_TO']. At least one non-missing value is needed for imputation with strategy='constant'.
  warnings.warn(
/work/GRDVULN/correction/.venv/lib64/python3.11/site-packages/sklearn/impute/_base.py:647: UserWarning: Skipping features without any observed values: ['DISCHARGE_TYPE' 'PRESENT_DISCHARGE_PERCENTAGE'
 'PROJECTED_DISCHARGE_PERCENTAGE']. At least one non-missing value is needed for imputation with strategy='median'.
  warnings.warn(
/work/GRDVULN/correction/.venv/lib64/python3.11/site-packages/sklearn/impute/_base.py:647: UserWarning: Skipping features without any observed values: ['FACILITY_ID' 'STATE_CODE_y' 'DISCHARGES_TO']. At least one non-missing value is needed for imputation with strategy='constant'.
  warnings.warn(
/work/GRDVULN/correction/.venv/lib64/python3.11/site-packages/sklearn/impute/_base.py:647: UserWarning: Skipping features without any observed values: ['DISCHARGE_TYPE' 'PRESENT_DISCHARGE_PERCENTAGE'
 'PROJECTED_DISCHARGE_PERCENTAGE']. At least one non-missing value is needed for imputation with strategy='median'.
  warnings.warn(
/work/GRDVULN/correction/.venv/lib64/python3.11/site-packages/sklearn/impute/_base.py:647: UserWarning: Skipping features without any observed values: ['FACILITY_ID' 'STATE_CODE_y' 'DISCHARGES_TO']. At least one non-missing value is needed for imputation with strategy='constant'.
  warnings.warn(
/work/GRDVULN/correction/.venv/lib64/python3.11/site-packages/sklearn/impute/_base.py:647: UserWarning: Skipping features without any observed values: ['FACILITY_ID' 'STATE_CODE_y' 'DISCHARGES_TO']. At least one non-missing value is needed for imputation with strategy='constant'.
  warnings.warn(
/work/GRDVULN/correction/.venv/lib64/python3.11/site-packages/sklearn/impute/_base.py:647: UserWarning: Skipping features without any observed values: ['DISCHARGE_TYPE' 'PRESENT_DISCHARGE_PERCENTAGE'
 'PROJECTED_DISCHARGE_PERCENTAGE']. At least one non-missing value is needed for imputation with strategy='median'.
  warnings.warn(
/work/GRDVULN/correction/.venv/lib64/python3.11/site-packages/sklearn/impute/_base.py:647: UserWarning: Skipping features without any observed values: ['DISCHARGE_TYPE' 'PRESENT_DISCHARGE_PERCENTAGE'
 'PROJECTED_DISCHARGE_PERCENTAGE']. At least one non-missing value is needed for imputation with strategy='median'.
  warnings.warn(
/work/GRDVULN/correction/.venv/lib64/python3.11/site-packages/sklearn/impute/_base.py:647: UserWarning: Skipping features without any observed values: ['FACILITY_ID' 'STATE_CODE_y' 'DISCHARGES_TO']. At least one non-missing value is needed for imputation with strategy='constant'.
  warnings.warn(
/work/GRDVULN/correction/.venv/lib64/python3.11/site-packages/sklearn/impute/_base.py:647: UserWarning: Skipping features without any observed values: ['FACILITY_ID' 'STATE_CODE_y' 'DISCHARGES_TO']. At least one non-missing value is needed for imputation with strategy='constant'.
  warnings.warn(
/work/GRDVULN/correction/.venv/lib64/python3.11/site-packages/sklearn/impute/_base.py:647: UserWarning: Skipping features without any observed values: ['DISCHARGE_TYPE' 'PRESENT_DISCHARGE_PERCENTAGE'
 'PROJECTED_DISCHARGE_PERCENTAGE']. At least one non-missing value is needed for imputation with strategy='median'.
  warnings.warn(
/work/GRDVULN/correction/.venv/lib64/python3.11/site-packages/sklearn/impute/_base.py:647: UserWarning: Skipping features without any observed values: ['DISCHARGE_TYPE' 'PRESENT_DISCHARGE_PERCENTAGE'
 'PROJECTED_DISCHARGE_PERCENTAGE']. At least one non-missing value is needed for imputation with strategy='median'.
  warnings.warn(
/work/GRDVULN/correction/.venv/lib64/python3.11/site-packages/sklearn/impute/_base.py:647: UserWarning: Skipping features without any observed values: ['FACILITY_ID' 'STATE_CODE_y' 'DISCHARGES_TO']. At least one non-missing value is needed for imputation with strategy='constant'.
  warnings.warn(
/work/GRDVULN/correction/.venv/lib64/python3.11/site-packages/sklearn/impute/_base.py:647: UserWarning: Skipping features without any observed values: ['DISCHARGE_TYPE' 'PRESENT_DISCHARGE_PERCENTAGE'
 'PROJECTED_DISCHARGE_PERCENTAGE']. At least one non-missing value is needed for imputation with strategy='median'.
  warnings.warn(
/work/GRDVULN/correction/.venv/lib64/python3.11/site-packages/sklearn/impute/_base.py:647: UserWarning: Skipping features without any observed values: ['FACILITY_ID' 'STATE_CODE_y' 'DISCHARGES_TO']. At least one non-missing value is needed for imputation with strategy='constant'.
  warnings.warn(
/work/GRDVULN/correction/.venv/lib64/python3.11/site-packages/sklearn/impute/_base.py:647: UserWarning: Skipping features without any observed values: ['DISCHARGE_TYPE' 'PRESENT_DISCHARGE_PERCENTAGE'
 'PROJECTED_DISCHARGE_PERCENTAGE']. At least one non-missing value is needed for imputation with strategy='median'.
  warnings.warn(
/work/GRDVULN/correction/.venv/lib64/python3.11/site-packages/sklearn/impute/_base.py:647: UserWarning: Skipping features without any observed values: ['FACILITY_ID' 'STATE_CODE_y' 'DISCHARGES_TO']. At least one non-missing value is needed for imputation with strategy='constant'.
  warnings.warn(
/work/GRDVULN/correction/.venv/lib64/python3.11/site-packages/sklearn/impute/_base.py:647: UserWarning: Skipping features without any observed values: ['DISCHARGE_TYPE' 'PRESENT_DISCHARGE_PERCENTAGE'
 'PROJECTED_DISCHARGE_PERCENTAGE']. At least one non-missing value is needed for imputation with strategy='median'.
  warnings.warn(
/work/GRDVULN/correction/.venv/lib64/python3.11/site-packages/sklearn/impute/_base.py:647: UserWarning: Skipping features without any observed values: ['FACILITY_ID' 'STATE_CODE_y' 'DISCHARGES_TO']. At least one non-missing value is needed for imputation with strategy='constant'.
  warnings.warn(
/work/GRDVULN/correction/.venv/lib64/python3.11/site-packages/sklearn/impute/_base.py:647: UserWarning: Skipping features without any observed values: ['DISCHARGE_TYPE' 'PRESENT_DISCHARGE_PERCENTAGE'
 'PROJECTED_DISCHARGE_PERCENTAGE']. At least one non-missing value is needed for imputation with strategy='median'.
  warnings.warn(
/work/GRDVULN/correction/.venv/lib64/python3.11/site-packages/sklearn/impute/_base.py:647: UserWarning: Skipping features without any observed values: ['FACILITY_ID' 'STATE_CODE_y' 'DISCHARGES_TO']. At least one non-missing value is needed for imputation with strategy='constant'.
  warnings.warn(
/work/GRDVULN/correction/.venv/lib64/python3.11/site-packages/sklearn/impute/_base.py:647: UserWarning: Skipping features without any observed values: ['DISCHARGE_TYPE' 'PRESENT_DISCHARGE_PERCENTAGE'
 'PROJECTED_DISCHARGE_PERCENTAGE']. At least one non-missing value is needed for imputation with strategy='median'.
  warnings.warn(
/work/GRDVULN/correction/.venv/lib64/python3.11/site-packages/sklearn/impute/_base.py:647: UserWarning: Skipping features without any observed values: ['FACILITY_ID' 'STATE_CODE_y' 'DISCHARGES_TO']. At least one non-missing value is needed for imputation with strategy='constant'.
  warnings.warn(
/work/GRDVULN/correction/.venv/lib64/python3.11/site-packages/sklearn/impute/_base.py:647: UserWarning: Skipping features without any observed values: ['DISCHARGE_TYPE' 'PRESENT_DISCHARGE_PERCENTAGE'
 'PROJECTED_DISCHARGE_PERCENTAGE']. At least one non-missing value is needed for imputation with strategy='median'.
  warnings.warn(
/work/GRDVULN/correction/.venv/lib64/python3.11/site-packages/sklearn/impute/_base.py:647: UserWarning: Skipping features without any observed values: ['FACILITY_ID' 'STATE_CODE_y' 'DISCHARGES_TO']. At least one non-missing value is needed for imputation with strategy='constant'.
  warnings.warn(
/work/GRDVULN/correction/.venv/lib64/python3.11/site-packages/sklearn/impute/_base.py:647: UserWarning: Skipping features without any observed values: ['DISCHARGE_TYPE' 'PRESENT_DISCHARGE_PERCENTAGE'
 'PROJECTED_DISCHARGE_PERCENTAGE']. At least one non-missing value is needed for imputation with strategy='median'.
  warnings.warn(
/work/GRDVULN/correction/.venv/lib64/python3.11/site-packages/sklearn/impute/_base.py:647: UserWarning: Skipping features without any observed values: ['FACILITY_ID' 'STATE_CODE_y' 'DISCHARGES_TO']. At least one non-missing value is needed for imputation with strategy='constant'.
  warnings.warn(
/work/GRDVULN/correction/.venv/lib64/python3.11/site-packages/sklearn/impute/_base.py:647: UserWarning: Skipping features without any observed values: ['DISCHARGE_TYPE' 'PRESENT_DISCHARGE_PERCENTAGE'
 'PROJECTED_DISCHARGE_PERCENTAGE']. At least one non-missing value is needed for imputation with strategy='median'.
  warnings.warn(
/work/GRDVULN/correction/.venv/lib64/python3.11/site-packages/sklearn/impute/_base.py:647: UserWarning: Skipping features without any observed values: ['FACILITY_ID' 'STATE_CODE_y' 'DISCHARGES_TO']. At least one non-missing value is needed for imputation with strategy='constant'.
  warnings.warn(
/work/GRDVULN/correction/.venv/lib64/python3.11/site-packages/sklearn/impute/_base.py:647: UserWarning: Skipping features without any observed values: ['DISCHARGE_TYPE' 'PRESENT_DISCHARGE_PERCENTAGE'
 'PROJECTED_DISCHARGE_PERCENTAGE']. At least one non-missing value is needed for imputation with strategy='median'.
  warnings.warn(
/work/GRDVULN/correction/.venv/lib64/python3.11/site-packages/sklearn/impute/_base.py:647: UserWarning: Skipping features without any observed values: ['FACILITY_ID' 'STATE_CODE_y' 'DISCHARGES_TO']. At least one non-missing value is needed for imputation with strategy='constant'.
  warnings.warn(
/work/GRDVULN/correction/.venv/lib64/python3.11/site-packages/sklearn/impute/_base.py:647: UserWarning: Skipping features without any observed values: ['DISCHARGE_TYPE' 'PRESENT_DISCHARGE_PERCENTAGE'
 'PROJECTED_DISCHARGE_PERCENTAGE']. At least one non-missing value is needed for imputation with strategy='median'.
  warnings.warn(
/work/GRDVULN/correction/.venv/lib64/python3.11/site-packages/sklearn/impute/_base.py:647: UserWarning: Skipping features without any observed values: ['FACILITY_ID' 'STATE_CODE_y' 'DISCHARGES_TO']. At least one non-missing value is needed for imputation with strategy='constant'.
  warnings.warn(
/work/GRDVULN/correction/.venv/lib64/python3.11/site-packages/sklearn/impute/_base.py:647: UserWarning: Skipping features without any observed values: ['DISCHARGE_TYPE' 'PRESENT_DISCHARGE_PERCENTAGE'
 'PROJECTED_DISCHARGE_PERCENTAGE']. At least one non-missing value is needed for imputation with strategy='median'.
  warnings.warn(
/work/GRDVULN/correction/.venv/lib64/python3.11/site-packages/sklearn/impute/_base.py:647: UserWarning: Skipping features without any observed values: ['FACILITY_ID' 'STATE_CODE_y' 'DISCHARGES_TO']. At least one non-missing value is needed for imputation with strategy='constant'.
  warnings.warn(
/work/GRDVULN/correction/.venv/lib64/python3.11/site-packages/sklearn/impute/_base.py:647: UserWarning: Skipping features without any observed values: ['DISCHARGE_TYPE' 'PRESENT_DISCHARGE_PERCENTAGE'
 'PROJECTED_DISCHARGE_PERCENTAGE']. At least one non-missing value is needed for imputation with strategy='median'.
  warnings.warn(
/work/GRDVULN/correction/.venv/lib64/python3.11/site-packages/sklearn/impute/_base.py:647: UserWarning: Skipping features without any observed values: ['FACILITY_ID' 'STATE_CODE_y' 'DISCHARGES_TO']. At least one non-missing value is needed for imputation with strategy='constant'.
  warnings.warn(
/work/GRDVULN/correction/.venv/lib64/python3.11/site-packages/sklearn/impute/_base.py:647: UserWarning: Skipping features without any observed values: ['DISCHARGE_TYPE' 'PRESENT_DISCHARGE_PERCENTAGE'
 'PROJECTED_DISCHARGE_PERCENTAGE']. At least one non-missing value is needed for imputation with strategy='median'.
  warnings.warn(
/work/GRDVULN/correction/.venv/lib64/python3.11/site-packages/sklearn/impute/_base.py:647: UserWarning: Skipping features without any observed values: ['FACILITY_ID' 'STATE_CODE_y' 'DISCHARGES_TO']. At least one non-missing value is needed for imputation with strategy='constant'.
  warnings.warn(
/work/GRDVULN/correction/.venv/lib64/python3.11/site-packages/sklearn/impute/_base.py:647: UserWarning: Skipping features without any observed values: ['DISCHARGE_TYPE' 'PRESENT_DISCHARGE_PERCENTAGE'
 'PROJECTED_DISCHARGE_PERCENTAGE']. At least one non-missing value is needed for imputation with strategy='median'.
  warnings.warn(
/work/GRDVULN/correction/.venv/lib64/python3.11/site-packages/sklearn/impute/_base.py:647: UserWarning: Skipping features without any observed values: ['FACILITY_ID' 'STATE_CODE_y' 'DISCHARGES_TO']. At least one non-missing value is needed for imputation with strategy='constant'.
  warnings.warn(
/work/GRDVULN/correction/.venv/lib64/python3.11/site-packages/sklearn/impute/_base.py:647: UserWarning: Skipping features without any observed values: ['DISCHARGE_TYPE' 'PRESENT_DISCHARGE_PERCENTAGE'
 'PROJECTED_DISCHARGE_PERCENTAGE']. At least one non-missing value is needed for imputation with strategy='median'.
  warnings.warn(
/work/GRDVULN/correction/.venv/lib64/python3.11/site-packages/sklearn/impute/_base.py:647: UserWarning: Skipping features without any observed values: ['FACILITY_ID' 'STATE_CODE_y' 'DISCHARGES_TO']. At least one non-missing value is needed for imputation with strategy='constant'.
  warnings.warn(
/work/GRDVULN/correction/.venv/lib64/python3.11/site-packages/sklearn/impute/_base.py:647: UserWarning: Skipping features without any observed values: ['FACILITY_ID' 'STATE_CODE_y' 'DISCHARGES_TO']. At least one non-missing value is needed for imputation with strategy='constant'.
  warnings.warn(
/work/GRDVULN/correction/.venv/lib64/python3.11/site-packages/sklearn/impute/_base.py:647: UserWarning: Skipping features without any observed values: ['FACILITY_ID' 'STATE_CODE_y' 'DISCHARGES_TO']. At least one non-missing value is needed for imputation with strategy='constant'.
  warnings.warn(
/work/GRDVULN/correction/.venv/lib64/python3.11/site-packages/sklearn/impute/_base.py:647: UserWarning: Skipping features without any observed values: ['FACILITY_ID' 'STATE_CODE_y' 'DISCHARGES_TO']. At least one non-missing value is needed for imputation with strategy='constant'.
  warnings.warn(
/work/GRDVULN/correction/.venv/lib64/python3.11/site-packages/sklearn/impute/_base.py:647: UserWarning: Skipping features without any observed values: ['FACILITY_ID' 'STATE_CODE_y' 'DISCHARGES_TO']. At least one non-missing value is needed for imputation with strategy='constant'.
  warnings.warn(
/work/GRDVULN/correction/.venv/lib64/python3.11/site-packages/sklearn/impute/_base.py:647: UserWarning: Skipping features without any observed values: ['FACILITY_ID' 'STATE_CODE_y' 'DISCHARGES_TO']. At least one non-missing value is needed for imputation with strategy='constant'.
  warnings.warn(
/work/GRDVULN/correction/.venv/lib64/python3.11/site-packages/sklearn/impute/_base.py:647: UserWarning: Skipping features without any observed values: ['FACILITY_ID' 'STATE_CODE_y' 'DISCHARGES_TO']. At least one non-missing value is needed for imputation with strategy='constant'.
  warnings.warn(
/work/GRDVULN/correction/.venv/lib64/python3.11/site-packages/sklearn/impute/_base.py:647: UserWarning: Skipping features without any observed values: ['FACILITY_ID' 'STATE_CODE_y' 'DISCHARGES_TO']. At least one non-missing value is needed for imputation with strategy='constant'.
  warnings.warn(
/work/GRDVULN/correction/.venv/lib64/python3.11/site-packages/sklearn/impute/_base.py:647: UserWarning: Skipping features without any observed values: ['FACILITY_ID' 'STATE_CODE_y' 'DISCHARGES_TO']. At least one non-missing value is needed for imputation with strategy='constant'.
  warnings.warn(
/work/GRDVULN/correction/.venv/lib64/python3.11/site-packages/sklearn/impute/_base.py:647: UserWarning: Skipping features without any observed values: ['FACILITY_ID' 'STATE_CODE_y' 'DISCHARGES_TO']. At least one non-missing value is needed for imputation with strategy='constant'.
  warnings.warn(
/work/GRDVULN/correction/.venv/lib64/python3.11/site-packages/sklearn/impute/_base.py:647: UserWarning: Skipping features without any observed values: ['DISCHARGE_TYPE' 'PRESENT_DISCHARGE_PERCENTAGE'
 'PROJECTED_DISCHARGE_PERCENTAGE']. At least one non-missing value is needed for imputation with strategy='median'.
  warnings.warn(
/work/GRDVULN/correction/.venv/lib64/python3.11/site-packages/sklearn/impute/_base.py:647: UserWarning: Skipping features without any observed values: ['DISCHARGE_TYPE' 'PRESENT_DISCHARGE_PERCENTAGE'
 'PROJECTED_DISCHARGE_PERCENTAGE']. At least one non-missing value is needed for imputation with strategy='median'.
  warnings.warn(
/work/GRDVULN/correction/.venv/lib64/python3.11/site-packages/sklearn/impute/_base.py:647: UserWarning: Skipping features without any observed values: ['FACILITY_ID' 'STATE_CODE_y' 'DISCHARGES_TO']. At least one non-missing value is needed for imputation with strategy='constant'.
  warnings.warn(
/work/GRDVULN/correction/.venv/lib64/python3.11/site-packages/sklearn/impute/_base.py:647: UserWarning: Skipping features without any observed values: ['FACILITY_ID' 'STATE_CODE_y' 'DISCHARGES_TO']. At least one non-missing value is needed for imputation with strategy='constant'.
  warnings.warn(
/work/GRDVULN/correction/.venv/lib64/python3.11/site-packages/sklearn/impute/_base.py:647: UserWarning: Skipping features without any observed values: ['FACILITY_ID' 'STATE_CODE_y' 'DISCHARGES_TO']. At least one non-missing value is needed for imputation with strategy='constant'.
  warnings.warn(
/work/GRDVULN/correction/.venv/lib64/python3.11/site-packages/sklearn/impute/_base.py:647: UserWarning: Skipping features without any observed values: ['DISCHARGE_TYPE' 'PRESENT_DISCHARGE_PERCENTAGE'
 'PROJECTED_DISCHARGE_PERCENTAGE']. At least one non-missing value is needed for imputation with strategy='median'.
  warnings.warn(
/work/GRDVULN/correction/.venv/lib64/python3.11/site-packages/sklearn/impute/_base.py:647: UserWarning: Skipping features without any observed values: ['FACILITY_ID' 'STATE_CODE_y' 'DISCHARGES_TO']. At least one non-missing value is needed for imputation with strategy='constant'.
  warnings.warn(
/work/GRDVULN/correction/.venv/lib64/python3.11/site-packages/sklearn/impute/_base.py:647: UserWarning: Skipping features without any observed values: ['DISCHARGE_TYPE' 'PRESENT_DISCHARGE_PERCENTAGE'
 'PROJECTED_DISCHARGE_PERCENTAGE']. At least one non-missing value is needed for imputation with strategy='median'.
  warnings.warn(
/work/GRDVULN/correction/.venv/lib64/python3.11/site-packages/sklearn/impute/_base.py:647: UserWarning: Skipping features without any observed values: ['DISCHARGE_TYPE' 'PRESENT_DISCHARGE_PERCENTAGE'
 'PROJECTED_DISCHARGE_PERCENTAGE']. At least one non-missing value is needed for imputation with strategy='median'.
  warnings.warn(
/work/GRDVULN/correction/.venv/lib64/python3.11/site-packages/sklearn/impute/_base.py:647: UserWarning: Skipping features without any observed values: ['FACILITY_ID' 'STATE_CODE_y' 'DISCHARGES_TO']. At least one non-missing value is needed for imputation with strategy='constant'.
  warnings.warn(
/work/GRDVULN/correction/.venv/lib64/python3.11/site-packages/sklearn/impute/_base.py:647: UserWarning: Skipping features without any observed values: ['DISCHARGE_TYPE' 'PRESENT_DISCHARGE_PERCENTAGE'
 'PROJECTED_DISCHARGE_PERCENTAGE']. At least one non-missing value is needed for imputation with strategy='median'.
  warnings.warn(
/work/GRDVULN/correction/.venv/lib64/python3.11/site-packages/sklearn/impute/_base.py:647: UserWarning: Skipping features without any observed values: ['DISCHARGE_TYPE' 'PRESENT_DISCHARGE_PERCENTAGE'
 'PROJECTED_DISCHARGE_PERCENTAGE']. At least one non-missing value is needed for imputation with strategy='median'.
  warnings.warn(
/work/GRDVULN/correction/.venv/lib64/python3.11/site-packages/sklearn/impute/_base.py:647: UserWarning: Skipping features without any observed values: ['FACILITY_ID' 'STATE_CODE_y' 'DISCHARGES_TO']. At least one non-missing value is needed for imputation with strategy='constant'.
  warnings.warn(
/work/GRDVULN/correction/.venv/lib64/python3.11/site-packages/sklearn/impute/_base.py:647: UserWarning: Skipping features without any observed values: ['DISCHARGE_TYPE' 'PRESENT_DISCHARGE_PERCENTAGE'
 'PROJECTED_DISCHARGE_PERCENTAGE']. At least one non-missing value is needed for imputation with strategy='median'.
  warnings.warn(
/work/GRDVULN/correction/.venv/lib64/python3.11/site-packages/sklearn/impute/_base.py:647: UserWarning: Skipping features without any observed values: ['DISCHARGE_TYPE' 'PRESENT_DISCHARGE_PERCENTAGE'
 'PROJECTED_DISCHARGE_PERCENTAGE']. At least one non-missing value is needed for imputation with strategy='median'.
  warnings.warn(
/work/GRDVULN/correction/.venv/lib64/python3.11/site-packages/sklearn/impute/_base.py:647: UserWarning: Skipping features without any observed values: ['DISCHARGE_TYPE' 'PRESENT_DISCHARGE_PERCENTAGE'
 'PROJECTED_DISCHARGE_PERCENTAGE']. At least one non-missing value is needed for imputation with strategy='median'.
  warnings.warn(
/work/GRDVULN/correction/.venv/lib64/python3.11/site-packages/sklearn/impute/_base.py:647: UserWarning: Skipping features without any observed values: ['DISCHARGE_TYPE' 'PRESENT_DISCHARGE_PERCENTAGE'
 'PROJECTED_DISCHARGE_PERCENTAGE']. At least one non-missing value is needed for imputation with strategy='median'.
  warnings.warn(
/work/GRDVULN/correction/.venv/lib64/python3.11/site-packages/sklearn/impute/_base.py:647: UserWarning: Skipping features without any observed values: ['DISCHARGE_TYPE' 'PRESENT_DISCHARGE_PERCENTAGE'
 'PROJECTED_DISCHARGE_PERCENTAGE']. At least one non-missing value is needed for imputation with strategy='median'.
  warnings.warn(
/work/GRDVULN/correction/.venv/lib64/python3.11/site-packages/sklearn/impute/_base.py:647: UserWarning: Skipping features without any observed values: ['DISCHARGE_TYPE' 'PRESENT_DISCHARGE_PERCENTAGE'
 'PROJECTED_DISCHARGE_PERCENTAGE']. At least one non-missing value is needed for imputation with strategy='median'.
  warnings.warn(
/work/GRDVULN/correction/.venv/lib64/python3.11/site-packages/sklearn/impute/_base.py:647: UserWarning: Skipping features without any observed values: ['DISCHARGE_TYPE' 'PRESENT_DISCHARGE_PERCENTAGE'
 'PROJECTED_DISCHARGE_PERCENTAGE']. At least one non-missing value is needed for imputation with strategy='median'.
  warnings.warn(
/work/GRDVULN/correction/.venv/lib64/python3.11/site-packages/sklearn/impute/_base.py:647: UserWarning: Skipping features without any observed values: ['DISCHARGE_TYPE' 'PRESENT_DISCHARGE_PERCENTAGE'
 'PROJECTED_DISCHARGE_PERCENTAGE']. At least one non-missing value is needed for imputation with strategy='median'.
  warnings.warn(
/work/GRDVULN/correction/.venv/lib64/python3.11/site-packages/sklearn/impute/_base.py:647: UserWarning: Skipping features without any observed values: ['DISCHARGE_TYPE' 'PRESENT_DISCHARGE_PERCENTAGE'
 'PROJECTED_DISCHARGE_PERCENTAGE']. At least one non-missing value is needed for imputation with strategy='median'.
  warnings.warn(
/work/GRDVULN/correction/.venv/lib64/python3.11/site-packages/sklearn/impute/_base.py:647: UserWarning: Skipping features without any observed values: ['FACILITY_ID' 'STATE_CODE_y' 'DISCHARGES_TO']. At least one non-missing value is needed for imputation with strategy='constant'.
  warnings.warn(
/work/GRDVULN/correction/.venv/lib64/python3.11/site-packages/sklearn/impute/_base.py:647: UserWarning: Skipping features without any observed values: ['DISCHARGE_TYPE' 'PRESENT_DISCHARGE_PERCENTAGE'
 'PROJECTED_DISCHARGE_PERCENTAGE']. At least one non-missing value is needed for imputation with strategy='median'.
  warnings.warn(
/work/GRDVULN/correction/.venv/lib64/python3.11/site-packages/sklearn/impute/_base.py:647: UserWarning: Skipping features without any observed values: ['FACILITY_ID' 'STATE_CODE_y' 'DISCHARGES_TO']. At least one non-missing value is needed for imputation with strategy='constant'.
  warnings.warn(
/work/GRDVULN/correction/.venv/lib64/python3.11/site-packages/sklearn/impute/_base.py:647: UserWarning: Skipping features without any observed values: ['DISCHARGE_TYPE' 'PRESENT_DISCHARGE_PERCENTAGE'
 'PROJECTED_DISCHARGE_PERCENTAGE']. At least one non-missing value is needed for imputation with strategy='median'.
  warnings.warn(
/work/GRDVULN/correction/.venv/lib64/python3.11/site-packages/sklearn/impute/_base.py:647: UserWarning: Skipping features without any observed values: ['FACILITY_ID' 'STATE_CODE_y' 'DISCHARGES_TO']. At least one non-missing value is needed for imputation with strategy='constant'.
  warnings.warn(
/work/GRDVULN/correction/.venv/lib64/python3.11/site-packages/sklearn/impute/_base.py:647: UserWarning: Skipping features without any observed values: ['DISCHARGE_TYPE' 'PRESENT_DISCHARGE_PERCENTAGE'
 'PROJECTED_DISCHARGE_PERCENTAGE']. At least one non-missing value is needed for imputation with strategy='median'.
  warnings.warn(
/work/GRDVULN/correction/.venv/lib64/python3.11/site-packages/sklearn/impute/_base.py:647: UserWarning: Skipping features without any observed values: ['FACILITY_ID' 'STATE_CODE_y' 'DISCHARGES_TO']. At least one non-missing value is needed for imputation with strategy='constant'.
  warnings.warn(
/work/GRDVULN/correction/.venv/lib64/python3.11/site-packages/sklearn/impute/_base.py:647: UserWarning: Skipping features without any observed values: ['DISCHARGE_TYPE' 'PRESENT_DISCHARGE_PERCENTAGE'
 'PROJECTED_DISCHARGE_PERCENTAGE']. At least one non-missing value is needed for imputation with strategy='median'.
  warnings.warn(
/work/GRDVULN/correction/.venv/lib64/python3.11/site-packages/sklearn/impute/_base.py:647: UserWarning: Skipping features without any observed values: ['FACILITY_ID' 'STATE_CODE_y' 'DISCHARGES_TO']. At least one non-missing value is needed for imputation with strategy='constant'.
  warnings.warn(
/work/GRDVULN/correction/.venv/lib64/python3.11/site-packages/sklearn/impute/_base.py:647: UserWarning: Skipping features without any observed values: ['FACILITY_ID' 'STATE_CODE_y' 'DISCHARGES_TO']. At least one non-missing value is needed for imputation with strategy='constant'.
  warnings.warn(
/work/GRDVULN/correction/.venv/lib64/python3.11/site-packages/sklearn/impute/_base.py:647: UserWarning: Skipping features without any observed values: ['FACILITY_ID' 'STATE_CODE_y' 'DISCHARGES_TO']. At least one non-missing value is needed for imputation with strategy='constant'.
  warnings.warn(
/work/GRDVULN/correction/.venv/lib64/python3.11/site-packages/sklearn/impute/_base.py:647: UserWarning: Skipping features without any observed values: ['DISCHARGE_TYPE' 'PRESENT_DISCHARGE_PERCENTAGE'
 'PROJECTED_DISCHARGE_PERCENTAGE']. At least one non-missing value is needed for imputation with strategy='median'.
  warnings.warn(
/work/GRDVULN/correction/.venv/lib64/python3.11/site-packages/sklearn/impute/_base.py:647: UserWarning: Skipping features without any observed values: ['FACILITY_ID' 'STATE_CODE_y' 'DISCHARGES_TO']. At least one non-missing value is needed for imputation with strategy='constant'.
  warnings.warn(
/work/GRDVULN/correction/.venv/lib64/python3.11/site-packages/sklearn/impute/_base.py:647: UserWarning: Skipping features without any observed values: ['DISCHARGE_TYPE' 'PRESENT_DISCHARGE_PERCENTAGE'
 'PROJECTED_DISCHARGE_PERCENTAGE']. At least one non-missing value is needed for imputation with strategy='median'.
  warnings.warn(
/work/GRDVULN/correction/.venv/lib64/python3.11/site-packages/sklearn/impute/_base.py:647: UserWarning: Skipping features without any observed values: ['FACILITY_ID' 'STATE_CODE_y' 'DISCHARGES_TO']. At least one non-missing value is needed for imputation with strategy='constant'.
  warnings.warn(
/work/GRDVULN/correction/.venv/lib64/python3.11/site-packages/sklearn/impute/_base.py:647: UserWarning: Skipping features without any observed values: ['FACILITY_ID' 'STATE_CODE_y' 'DISCHARGES_TO']. At least one non-missing value is needed for imputation with strategy='constant'.
  warnings.warn(
/work/GRDVULN/correction/.venv/lib64/python3.11/site-packages/sklearn/impute/_base.py:647: UserWarning: Skipping features without any observed values: ['FACILITY_ID' 'STATE_CODE_y' 'DISCHARGES_TO']. At least one non-missing value is needed for imputation with strategy='constant'.
  warnings.warn(
/work/GRDVULN/correction/.venv/lib64/python3.11/site-packages/sklearn/impute/_base.py:647: UserWarning: Skipping features without any observed values: ['DISCHARGE_TYPE' 'PRESENT_DISCHARGE_PERCENTAGE'
 'PROJECTED_DISCHARGE_PERCENTAGE']. At least one non-missing value is needed for imputation with strategy='median'.
  warnings.warn(
/work/GRDVULN/correction/.venv/lib64/python3.11/site-packages/sklearn/impute/_base.py:647: UserWarning: Skipping features without any observed values: ['DISCHARGE_TYPE' 'PRESENT_DISCHARGE_PERCENTAGE'
 'PROJECTED_DISCHARGE_PERCENTAGE']. At least one non-missing value is needed for imputation with strategy='median'.
  warnings.warn(
/work/GRDVULN/correction/.venv/lib64/python3.11/site-packages/sklearn/impute/_base.py:647: UserWarning: Skipping features without any observed values: ['FACILITY_ID' 'STATE_CODE_y' 'DISCHARGES_TO']. At least one non-missing value is needed for imputation with strategy='constant'.
  warnings.warn(
/work/GRDVULN/correction/.venv/lib64/python3.11/site-packages/sklearn/impute/_base.py:647: UserWarning: Skipping features without any observed values: ['DISCHARGE_TYPE' 'PRESENT_DISCHARGE_PERCENTAGE'
 'PROJECTED_DISCHARGE_PERCENTAGE']. At least one non-missing value is needed for imputation with strategy='median'.
  warnings.warn(
/work/GRDVULN/correction/.venv/lib64/python3.11/site-packages/sklearn/impute/_base.py:647: UserWarning: Skipping features without any observed values: ['FACILITY_ID' 'STATE_CODE_y' 'DISCHARGES_TO']. At least one non-missing value is needed for imputation with strategy='constant'.
  warnings.warn(
/work/GRDVULN/correction/.venv/lib64/python3.11/site-packages/sklearn/impute/_base.py:647: UserWarning: Skipping features without any observed values: ['FACILITY_ID' 'STATE_CODE_y' 'DISCHARGES_TO']. At least one non-missing value is needed for imputation with strategy='constant'.
  warnings.warn(
/work/GRDVULN/correction/.venv/lib64/python3.11/site-packages/sklearn/impute/_base.py:647: UserWarning: Skipping features without any observed values: ['DISCHARGE_TYPE' 'PRESENT_DISCHARGE_PERCENTAGE'
 'PROJECTED_DISCHARGE_PERCENTAGE']. At least one non-missing value is needed for imputation with strategy='median'.
  warnings.warn(
/work/GRDVULN/correction/.venv/lib64/python3.11/site-packages/sklearn/impute/_base.py:647: UserWarning: Skipping features without any observed values: ['DISCHARGE_TYPE' 'PRESENT_DISCHARGE_PERCENTAGE'
 'PROJECTED_DISCHARGE_PERCENTAGE']. At least one non-missing value is needed for imputation with strategy='median'.
  warnings.warn(
/work/GRDVULN/correction/.venv/lib64/python3.11/site-packages/sklearn/impute/_base.py:647: UserWarning: Skipping features without any observed values: ['DISCHARGE_TYPE' 'PRESENT_DISCHARGE_PERCENTAGE'
 'PROJECTED_DISCHARGE_PERCENTAGE']. At least one non-missing value is needed for imputation with strategy='median'.
  warnings.warn(
/work/GRDVULN/correction/.venv/lib64/python3.11/site-packages/sklearn/impute/_base.py:647: UserWarning: Skipping features without any observed values: ['DISCHARGE_TYPE' 'PRESENT_DISCHARGE_PERCENTAGE'
 'PROJECTED_DISCHARGE_PERCENTAGE']. At least one non-missing value is needed for imputation with strategy='median'.
  warnings.warn(
/work/GRDVULN/correction/.venv/lib64/python3.11/site-packages/sklearn/impute/_base.py:647: UserWarning: Skipping features without any observed values: ['FACILITY_ID' 'STATE_CODE_y' 'DISCHARGES_TO']. At least one non-missing value is needed for imputation with strategy='constant'.
  warnings.warn(
/work/GRDVULN/correction/.venv/lib64/python3.11/site-packages/sklearn/impute/_base.py:647: UserWarning: Skipping features without any observed values: ['DISCHARGE_TYPE' 'PRESENT_DISCHARGE_PERCENTAGE'
 'PROJECTED_DISCHARGE_PERCENTAGE']. At least one non-missing value is needed for imputation with strategy='median'.
  warnings.warn(
/work/GRDVULN/correction/.venv/lib64/python3.11/site-packages/sklearn/impute/_base.py:647: UserWarning: Skipping features without any observed values: ['FACILITY_ID' 'STATE_CODE_y' 'DISCHARGES_TO']. At least one non-missing value is needed for imputation with strategy='constant'.
  warnings.warn(
/work/GRDVULN/correction/.venv/lib64/python3.11/site-packages/sklearn/impute/_base.py:647: UserWarning: Skipping features without any observed values: ['FACILITY_ID' 'STATE_CODE_y' 'DISCHARGES_TO']. At least one non-missing value is needed for imputation with strategy='constant'.
  warnings.warn(
/work/GRDVULN/correction/.venv/lib64/python3.11/site-packages/sklearn/impute/_base.py:647: UserWarning: Skipping features without any observed values: ['FACILITY_ID' 'STATE_CODE_y' 'DISCHARGES_TO']. At least one non-missing value is needed for imputation with strategy='constant'.
  warnings.warn(
/work/GRDVULN/correction/.venv/lib64/python3.11/site-packages/sklearn/impute/_base.py:647: UserWarning: Skipping features without any observed values: ['FACILITY_ID' 'STATE_CODE_y' 'DISCHARGES_TO']. At least one non-missing value is needed for imputation with strategy='constant'.
  warnings.warn(
/work/GRDVULN/correction/.venv/lib64/python3.11/site-packages/sklearn/impute/_base.py:647: UserWarning: Skipping features without any observed values: ['FACILITY_ID' 'STATE_CODE_y' 'DISCHARGES_TO']. At least one non-missing value is needed for imputation with strategy='constant'.
  warnings.warn(
/work/GRDVULN/correction/.venv/lib64/python3.11/site-packages/sklearn/impute/_base.py:647: UserWarning: Skipping features without any observed values: ['DISCHARGE_TYPE' 'PRESENT_DISCHARGE_PERCENTAGE'
 'PROJECTED_DISCHARGE_PERCENTAGE']. At least one non-missing value is needed for imputation with strategy='median'.
  warnings.warn(
/work/GRDVULN/correction/.venv/lib64/python3.11/site-packages/sklearn/impute/_base.py:647: UserWarning: Skipping features without any observed values: ['DISCHARGE_TYPE' 'PRESENT_DISCHARGE_PERCENTAGE'
 'PROJECTED_DISCHARGE_PERCENTAGE']. At least one non-missing value is needed for imputation with strategy='median'.
  warnings.warn(
/work/GRDVULN/correction/.venv/lib64/python3.11/site-packages/sklearn/impute/_base.py:647: UserWarning: Skipping features without any observed values: ['DISCHARGE_TYPE' 'PRESENT_DISCHARGE_PERCENTAGE'
 'PROJECTED_DISCHARGE_PERCENTAGE']. At least one non-missing value is needed for imputation with strategy='median'.
  warnings.warn(
/work/GRDVULN/correction/.venv/lib64/python3.11/site-packages/sklearn/impute/_base.py:647: UserWarning: Skipping features without any observed values: ['FACILITY_ID' 'STATE_CODE_y' 'DISCHARGES_TO']. At least one non-missing value is needed for imputation with strategy='constant'.
  warnings.warn(
/work/GRDVULN/correction/.venv/lib64/python3.11/site-packages/sklearn/impute/_base.py:647: UserWarning: Skipping features without any observed values: ['DISCHARGE_TYPE' 'PRESENT_DISCHARGE_PERCENTAGE'
 'PROJECTED_DISCHARGE_PERCENTAGE']. At least one non-missing value is needed for imputation with strategy='median'.
  warnings.warn(
/work/GRDVULN/correction/.venv/lib64/python3.11/site-packages/sklearn/impute/_base.py:647: UserWarning: Skipping features without any observed values: ['DISCHARGE_TYPE' 'PRESENT_DISCHARGE_PERCENTAGE'
 'PROJECTED_DISCHARGE_PERCENTAGE']. At least one non-missing value is needed for imputation with strategy='median'.
  warnings.warn(
/work/GRDVULN/correction/.venv/lib64/python3.11/site-packages/sklearn/impute/_base.py:647: UserWarning: Skipping features without any observed values: ['DISCHARGE_TYPE' 'PRESENT_DISCHARGE_PERCENTAGE'
 'PROJECTED_DISCHARGE_PERCENTAGE']. At least one non-missing value is needed for imputation with strategy='median'.
  warnings.warn(
/work/GRDVULN/correction/.venv/lib64/python3.11/site-packages/sklearn/impute/_base.py:647: UserWarning: Skipping features without any observed values: ['FACILITY_ID' 'STATE_CODE_y' 'DISCHARGES_TO']. At least one non-missing value is needed for imputation with strategy='constant'.
  warnings.warn(
/work/GRDVULN/correction/.venv/lib64/python3.11/site-packages/sklearn/impute/_base.py:647: UserWarning: Skipping features without any observed values: ['FACILITY_ID' 'STATE_CODE_y' 'DISCHARGES_TO']. At least one non-missing value is needed for imputation with strategy='constant'.
  warnings.warn(
/work/GRDVULN/correction/.venv/lib64/python3.11/site-packages/sklearn/impute/_base.py:647: UserWarning: Skipping features without any observed values: ['FACILITY_ID' 'STATE_CODE_y' 'DISCHARGES_TO']. At least one non-missing value is needed for imputation with strategy='constant'.
  warnings.warn(
/work/GRDVULN/correction/.venv/lib64/python3.11/site-packages/sklearn/impute/_base.py:647: UserWarning: Skipping features without any observed values: ['DISCHARGE_TYPE' 'PRESENT_DISCHARGE_PERCENTAGE'
 'PROJECTED_DISCHARGE_PERCENTAGE']. At least one non-missing value is needed for imputation with strategy='median'.
  warnings.warn(
/work/GRDVULN/correction/.venv/lib64/python3.11/site-packages/sklearn/impute/_base.py:647: UserWarning: Skipping features without any observed values: ['DISCHARGE_TYPE' 'PRESENT_DISCHARGE_PERCENTAGE'
 'PROJECTED_DISCHARGE_PERCENTAGE']. At least one non-missing value is needed for imputation with strategy='median'.
  warnings.warn(
/work/GRDVULN/correction/.venv/lib64/python3.11/site-packages/sklearn/impute/_base.py:647: UserWarning: Skipping features without any observed values: ['DISCHARGE_TYPE' 'PRESENT_DISCHARGE_PERCENTAGE'
 'PROJECTED_DISCHARGE_PERCENTAGE']. At least one non-missing value is needed for imputation with strategy='median'.
  warnings.warn(
/work/GRDVULN/correction/.venv/lib64/python3.11/site-packages/sklearn/impute/_base.py:647: UserWarning: Skipping features without any observed values: ['DISCHARGE_TYPE' 'PRESENT_DISCHARGE_PERCENTAGE'
 'PROJECTED_DISCHARGE_PERCENTAGE']. At least one non-missing value is needed for imputation with strategy='median'.
  warnings.warn(
/work/GRDVULN/correction/.venv/lib64/python3.11/site-packages/sklearn/impute/_base.py:647: UserWarning: Skipping features without any observed values: ['FACILITY_ID' 'STATE_CODE_y' 'DISCHARGES_TO']. At least one non-missing value is needed for imputation with strategy='constant'.
  warnings.warn(
/work/GRDVULN/correction/.venv/lib64/python3.11/site-packages/sklearn/impute/_base.py:647: UserWarning: Skipping features without any observed values: ['DISCHARGE_TYPE' 'PRESENT_DISCHARGE_PERCENTAGE'
 'PROJECTED_DISCHARGE_PERCENTAGE']. At least one non-missing value is needed for imputation with strategy='median'.
  warnings.warn(
/work/GRDVULN/correction/.venv/lib64/python3.11/site-packages/sklearn/impute/_base.py:647: UserWarning: Skipping features without any observed values: ['FACILITY_ID' 'STATE_CODE_y' 'DISCHARGES_TO']. At least one non-missing value is needed for imputation with strategy='constant'.
  warnings.warn(
/work/GRDVULN/correction/.venv/lib64/python3.11/site-packages/sklearn/impute/_base.py:647: UserWarning: Skipping features without any observed values: ['FACILITY_ID' 'STATE_CODE_y' 'DISCHARGES_TO']. At least one non-missing value is needed for imputation with strategy='constant'.
  warnings.warn(
/work/GRDVULN/correction/.venv/lib64/python3.11/site-packages/sklearn/impute/_base.py:647: UserWarning: Skipping features without any observed values: ['FACILITY_ID' 'STATE_CODE_y' 'DISCHARGES_TO']. At least one non-missing value is needed for imputation with strategy='constant'.
  warnings.warn(
/work/GRDVULN/correction/.venv/lib64/python3.11/site-packages/sklearn/impute/_base.py:647: UserWarning: Skipping features without any observed values: ['FACILITY_ID' 'STATE_CODE_y' 'DISCHARGES_TO']. At least one non-missing value is needed for imputation with strategy='constant'.
  warnings.warn(
/work/GRDVULN/correction/.venv/lib64/python3.11/site-packages/sklearn/impute/_base.py:647: UserWarning: Skipping features without any observed values: ['FACILITY_ID' 'STATE_CODE_y' 'DISCHARGES_TO']. At least one non-missing value is needed for imputation with strategy='constant'.
  warnings.warn(
/work/GRDVULN/correction/.venv/lib64/python3.11/site-packages/sklearn/impute/_base.py:647: UserWarning: Skipping features without any observed values: ['DISCHARGE_TYPE' 'PRESENT_DISCHARGE_PERCENTAGE'
 'PROJECTED_DISCHARGE_PERCENTAGE']. At least one non-missing value is needed for imputation with strategy='median'.
  warnings.warn(
/work/GRDVULN/correction/.venv/lib64/python3.11/site-packages/sklearn/impute/_base.py:647: UserWarning: Skipping features without any observed values: ['DISCHARGE_TYPE' 'PRESENT_DISCHARGE_PERCENTAGE'
 'PROJECTED_DISCHARGE_PERCENTAGE']. At least one non-missing value is needed for imputation with strategy='median'.
  warnings.warn(
/work/GRDVULN/correction/.venv/lib64/python3.11/site-packages/sklearn/impute/_base.py:647: UserWarning: Skipping features without any observed values: ['DISCHARGE_TYPE' 'PRESENT_DISCHARGE_PERCENTAGE'
 'PROJECTED_DISCHARGE_PERCENTAGE']. At least one non-missing value is needed for imputation with strategy='median'.
  warnings.warn(
/work/GRDVULN/correction/.venv/lib64/python3.11/site-packages/sklearn/impute/_base.py:647: UserWarning: Skipping features without any observed values: ['DISCHARGE_TYPE' 'PRESENT_DISCHARGE_PERCENTAGE'
 'PROJECTED_DISCHARGE_PERCENTAGE']. At least one non-missing value is needed for imputation with strategy='median'.
  warnings.warn(
/work/GRDVULN/correction/.venv/lib64/python3.11/site-packages/sklearn/impute/_base.py:647: UserWarning: Skipping features without any observed values: ['FACILITY_ID' 'STATE_CODE_y' 'DISCHARGES_TO']. At least one non-missing value is needed for imputation with strategy='constant'.
  warnings.warn(
/work/GRDVULN/correction/.venv/lib64/python3.11/site-packages/sklearn/impute/_base.py:647: UserWarning: Skipping features without any observed values: ['DISCHARGE_TYPE' 'PRESENT_DISCHARGE_PERCENTAGE'
 'PROJECTED_DISCHARGE_PERCENTAGE']. At least one non-missing value is needed for imputation with strategy='median'.
  warnings.warn(
/work/GRDVULN/correction/.venv/lib64/python3.11/site-packages/sklearn/impute/_base.py:647: UserWarning: Skipping features without any observed values: ['DISCHARGE_TYPE' 'PRESENT_DISCHARGE_PERCENTAGE'
 'PROJECTED_DISCHARGE_PERCENTAGE']. At least one non-missing value is needed for imputation with strategy='median'.
  warnings.warn(
/work/GRDVULN/correction/.venv/lib64/python3.11/site-packages/sklearn/impute/_base.py:647: UserWarning: Skipping features without any observed values: ['FACILITY_ID' 'STATE_CODE_y' 'DISCHARGES_TO']. At least one non-missing value is needed for imputation with strategy='constant'.
  warnings.warn(
/work/GRDVULN/correction/.venv/lib64/python3.11/site-packages/sklearn/impute/_base.py:647: UserWarning: Skipping features without any observed values: ['DISCHARGE_TYPE' 'PRESENT_DISCHARGE_PERCENTAGE'
 'PROJECTED_DISCHARGE_PERCENTAGE']. At least one non-missing value is needed for imputation with strategy='median'.
  warnings.warn(
/work/GRDVULN/correction/.venv/lib64/python3.11/site-packages/sklearn/impute/_base.py:647: UserWarning: Skipping features without any observed values: ['FACILITY_ID' 'STATE_CODE_y' 'DISCHARGES_TO']. At least one non-missing value is needed for imputation with strategy='constant'.
  warnings.warn(
/work/GRDVULN/correction/.venv/lib64/python3.11/site-packages/sklearn/impute/_base.py:647: UserWarning: Skipping features without any observed values: ['DISCHARGE_TYPE' 'PRESENT_DISCHARGE_PERCENTAGE'
 'PROJECTED_DISCHARGE_PERCENTAGE']. At least one non-missing value is needed for imputation with strategy='median'.
  warnings.warn(
/work/GRDVULN/correction/.venv/lib64/python3.11/site-packages/sklearn/impute/_base.py:647: UserWarning: Skipping features without any observed values: ['FACILITY_ID' 'STATE_CODE_y' 'DISCHARGES_TO']. At least one non-missing value is needed for imputation with strategy='constant'.
  warnings.warn(
/work/GRDVULN/correction/.venv/lib64/python3.11/site-packages/sklearn/impute/_base.py:647: UserWarning: Skipping features without any observed values: ['FACILITY_ID' 'STATE_CODE_y' 'DISCHARGES_TO']. At least one non-missing value is needed for imputation with strategy='constant'.
  warnings.warn(
/work/GRDVULN/correction/.venv/lib64/python3.11/site-packages/sklearn/impute/_base.py:647: UserWarning: Skipping features without any observed values: ['DISCHARGE_TYPE' 'PRESENT_DISCHARGE_PERCENTAGE'
 'PROJECTED_DISCHARGE_PERCENTAGE']. At least one non-missing value is needed for imputation with strategy='median'.
  warnings.warn(
/work/GRDVULN/correction/.venv/lib64/python3.11/site-packages/sklearn/impute/_base.py:647: UserWarning: Skipping features without any observed values: ['DISCHARGE_TYPE' 'PRESENT_DISCHARGE_PERCENTAGE'
 'PROJECTED_DISCHARGE_PERCENTAGE']. At least one non-missing value is needed for imputation with strategy='median'.
  warnings.warn(
/work/GRDVULN/correction/.venv/lib64/python3.11/site-packages/sklearn/impute/_base.py:647: UserWarning: Skipping features without any observed values: ['FACILITY_ID' 'STATE_CODE_y' 'DISCHARGES_TO']. At least one non-missing value is needed for imputation with strategy='constant'.
  warnings.warn(
/work/GRDVULN/correction/.venv/lib64/python3.11/site-packages/sklearn/impute/_base.py:647: UserWarning: Skipping features without any observed values: ['FACILITY_ID' 'STATE_CODE_y' 'DISCHARGES_TO']. At least one non-missing value is needed for imputation with strategy='constant'.
  warnings.warn(
/work/GRDVULN/correction/.venv/lib64/python3.11/site-packages/sklearn/impute/_base.py:647: UserWarning: Skipping features without any observed values: ['DISCHARGE_TYPE' 'PRESENT_DISCHARGE_PERCENTAGE'
 'PROJECTED_DISCHARGE_PERCENTAGE']. At least one non-missing value is needed for imputation with strategy='median'.
  warnings.warn(
/work/GRDVULN/correction/.venv/lib64/python3.11/site-packages/sklearn/impute/_base.py:647: UserWarning: Skipping features without any observed values: ['FACILITY_ID' 'STATE_CODE_y' 'DISCHARGES_TO']. At least one non-missing value is needed for imputation with strategy='constant'.
  warnings.warn(
/work/GRDVULN/correction/.venv/lib64/python3.11/site-packages/sklearn/impute/_base.py:647: UserWarning: Skipping features without any observed values: ['DISCHARGE_TYPE' 'PRESENT_DISCHARGE_PERCENTAGE'
 'PROJECTED_DISCHARGE_PERCENTAGE']. At least one non-missing value is needed for imputation with strategy='median'.
  warnings.warn(
/work/GRDVULN/correction/.venv/lib64/python3.11/site-packages/sklearn/impute/_base.py:647: UserWarning: Skipping features without any observed values: ['FACILITY_ID' 'STATE_CODE_y' 'DISCHARGES_TO']. At least one non-missing value is needed for imputation with strategy='constant'.
  warnings.warn(
/work/GRDVULN/correction/.venv/lib64/python3.11/site-packages/sklearn/impute/_base.py:647: UserWarning: Skipping features without any observed values: ['DISCHARGE_TYPE' 'PRESENT_DISCHARGE_PERCENTAGE'
 'PROJECTED_DISCHARGE_PERCENTAGE']. At least one non-missing value is needed for imputation with strategy='median'.
  warnings.warn(
/work/GRDVULN/correction/.venv/lib64/python3.11/site-packages/sklearn/impute/_base.py:647: UserWarning: Skipping features without any observed values: ['FACILITY_ID' 'STATE_CODE_y' 'DISCHARGES_TO']. At least one non-missing value is needed for imputation with strategy='constant'.
  warnings.warn(
/work/GRDVULN/correction/.venv/lib64/python3.11/site-packages/sklearn/impute/_base.py:647: UserWarning: Skipping features without any observed values: ['FACILITY_ID' 'STATE_CODE_y' 'DISCHARGES_TO']. At least one non-missing value is needed for imputation with strategy='constant'.
  warnings.warn(
/work/GRDVULN/correction/.venv/lib64/python3.11/site-packages/sklearn/impute/_base.py:647: UserWarning: Skipping features without any observed values: ['FACILITY_ID' 'STATE_CODE_y' 'DISCHARGES_TO']. At least one non-missing value is needed for imputation with strategy='constant'.
  warnings.warn(
/work/GRDVULN/correction/.venv/lib64/python3.11/site-packages/sklearn/impute/_base.py:647: UserWarning: Skipping features without any observed values: ['DISCHARGE_TYPE' 'PRESENT_DISCHARGE_PERCENTAGE'
 'PROJECTED_DISCHARGE_PERCENTAGE']. At least one non-missing value is needed for imputation with strategy='median'.
  warnings.warn(
/work/GRDVULN/correction/.venv/lib64/python3.11/site-packages/sklearn/impute/_base.py:647: UserWarning: Skipping features without any observed values: ['DISCHARGE_TYPE' 'PRESENT_DISCHARGE_PERCENTAGE'
 'PROJECTED_DISCHARGE_PERCENTAGE']. At least one non-missing value is needed for imputation with strategy='median'.
  warnings.warn(
/work/GRDVULN/correction/.venv/lib64/python3.11/site-packages/sklearn/impute/_base.py:647: UserWarning: Skipping features without any observed values: ['DISCHARGE_TYPE' 'PRESENT_DISCHARGE_PERCENTAGE'
 'PROJECTED_DISCHARGE_PERCENTAGE']. At least one non-missing value is needed for imputation with strategy='median'.
  warnings.warn(
/work/GRDVULN/correction/.venv/lib64/python3.11/site-packages/sklearn/impute/_base.py:647: UserWarning: Skipping features without any observed values: ['FACILITY_ID' 'STATE_CODE_y' 'DISCHARGES_TO']. At least one non-missing value is needed for imputation with strategy='constant'.
  warnings.warn(
/work/GRDVULN/correction/.venv/lib64/python3.11/site-packages/sklearn/impute/_base.py:647: UserWarning: Skipping features without any observed values: ['DISCHARGE_TYPE' 'PRESENT_DISCHARGE_PERCENTAGE'
 'PROJECTED_DISCHARGE_PERCENTAGE']. At least one non-missing value is needed for imputation with strategy='median'.
  warnings.warn(
/work/GRDVULN/correction/.venv/lib64/python3.11/site-packages/sklearn/impute/_base.py:647: UserWarning: Skipping features without any observed values: ['FACILITY_ID' 'STATE_CODE_y' 'DISCHARGES_TO']. At least one non-missing value is needed for imputation with strategy='constant'.
  warnings.warn(
/work/GRDVULN/correction/.venv/lib64/python3.11/site-packages/sklearn/impute/_base.py:647: UserWarning: Skipping features without any observed values: ['FACILITY_ID' 'STATE_CODE_y' 'DISCHARGES_TO']. At least one non-missing value is needed for imputation with strategy='constant'.
  warnings.warn(
/work/GRDVULN/correction/.venv/lib64/python3.11/site-packages/sklearn/impute/_base.py:647: UserWarning: Skipping features without any observed values: ['FACILITY_ID' 'STATE_CODE_y' 'DISCHARGES_TO']. At least one non-missing value is needed for imputation with strategy='constant'.
  warnings.warn(
/work/GRDVULN/correction/.venv/lib64/python3.11/site-packages/sklearn/impute/_base.py:647: UserWarning: Skipping features without any observed values: ['DISCHARGE_TYPE' 'PRESENT_DISCHARGE_PERCENTAGE'
 'PROJECTED_DISCHARGE_PERCENTAGE']. At least one non-missing value is needed for imputation with strategy='median'.
  warnings.warn(
/work/GRDVULN/correction/.venv/lib64/python3.11/site-packages/sklearn/impute/_base.py:647: UserWarning: Skipping features without any observed values: ['FACILITY_ID' 'STATE_CODE_y' 'DISCHARGES_TO']. At least one non-missing value is needed for imputation with strategy='constant'.
  warnings.warn(
/work/GRDVULN/correction/.venv/lib64/python3.11/site-packages/sklearn/impute/_base.py:647: UserWarning: Skipping features without any observed values: ['DISCHARGE_TYPE' 'PRESENT_DISCHARGE_PERCENTAGE'
 'PROJECTED_DISCHARGE_PERCENTAGE']. At least one non-missing value is needed for imputation with strategy='median'.
  warnings.warn(
/work/GRDVULN/correction/.venv/lib64/python3.11/site-packages/sklearn/impute/_base.py:647: UserWarning: Skipping features without any observed values: ['FACILITY_ID' 'STATE_CODE_y' 'DISCHARGES_TO']. At least one non-missing value is needed for imputation with strategy='constant'.
  warnings.warn(
/work/GRDVULN/correction/.venv/lib64/python3.11/site-packages/sklearn/impute/_base.py:647: UserWarning: Skipping features without any observed values: ['DISCHARGE_TYPE' 'PRESENT_DISCHARGE_PERCENTAGE'
 'PROJECTED_DISCHARGE_PERCENTAGE']. At least one non-missing value is needed for imputation with strategy='median'.
  warnings.warn(
/work/GRDVULN/correction/.venv/lib64/python3.11/site-packages/sklearn/impute/_base.py:647: UserWarning: Skipping features without any observed values: ['DISCHARGE_TYPE' 'PRESENT_DISCHARGE_PERCENTAGE'
 'PROJECTED_DISCHARGE_PERCENTAGE']. At least one non-missing value is needed for imputation with strategy='median'.
  warnings.warn(
/work/GRDVULN/correction/.venv/lib64/python3.11/site-packages/sklearn/impute/_base.py:647: UserWarning: Skipping features without any observed values: ['DISCHARGE_TYPE' 'PRESENT_DISCHARGE_PERCENTAGE'
 'PROJECTED_DISCHARGE_PERCENTAGE']. At least one non-missing value is needed for imputation with strategy='median'.
  warnings.warn(
/work/GRDVULN/correction/.venv/lib64/python3.11/site-packages/sklearn/impute/_base.py:647: UserWarning: Skipping features without any observed values: ['DISCHARGE_TYPE' 'PRESENT_DISCHARGE_PERCENTAGE'
 'PROJECTED_DISCHARGE_PERCENTAGE']. At least one non-missing value is needed for imputation with strategy='median'.
  warnings.warn(
/work/GRDVULN/correction/.venv/lib64/python3.11/site-packages/sklearn/impute/_base.py:647: UserWarning: Skipping features without any observed values: ['FACILITY_ID' 'STATE_CODE_y' 'DISCHARGES_TO']. At least one non-missing value is needed for imputation with strategy='constant'.
  warnings.warn(
/work/GRDVULN/correction/.venv/lib64/python3.11/site-packages/sklearn/impute/_base.py:647: UserWarning: Skipping features without any observed values: ['FACILITY_ID' 'STATE_CODE_y' 'DISCHARGES_TO']. At least one non-missing value is needed for imputation with strategy='constant'.
  warnings.warn(
/work/GRDVULN/correction/.venv/lib64/python3.11/site-packages/sklearn/impute/_base.py:647: UserWarning: Skipping features without any observed values: ['FACILITY_ID' 'STATE_CODE_y' 'DISCHARGES_TO']. At least one non-missing value is needed for imputation with strategy='constant'.
  warnings.warn(
/work/GRDVULN/correction/.venv/lib64/python3.11/site-packages/sklearn/impute/_base.py:647: UserWarning: Skipping features without any observed values: ['DISCHARGE_TYPE' 'PRESENT_DISCHARGE_PERCENTAGE'
 'PROJECTED_DISCHARGE_PERCENTAGE']. At least one non-missing value is needed for imputation with strategy='median'.
  warnings.warn(
/work/GRDVULN/correction/.venv/lib64/python3.11/site-packages/sklearn/impute/_base.py:647: UserWarning: Skipping features without any observed values: ['DISCHARGE_TYPE' 'PRESENT_DISCHARGE_PERCENTAGE'
 'PROJECTED_DISCHARGE_PERCENTAGE']. At least one non-missing value is needed for imputation with strategy='median'.
  warnings.warn(
/work/GRDVULN/correction/.venv/lib64/python3.11/site-packages/sklearn/impute/_base.py:647: UserWarning: Skipping features without any observed values: ['DISCHARGE_TYPE' 'PRESENT_DISCHARGE_PERCENTAGE'
 'PROJECTED_DISCHARGE_PERCENTAGE']. At least one non-missing value is needed for imputation with strategy='median'.
  warnings.warn(
/work/GRDVULN/correction/.venv/lib64/python3.11/site-packages/sklearn/impute/_base.py:647: UserWarning: Skipping features without any observed values: ['FACILITY_ID' 'STATE_CODE_y' 'DISCHARGES_TO']. At least one non-missing value is needed for imputation with strategy='constant'.
  warnings.warn(
/work/GRDVULN/correction/.venv/lib64/python3.11/site-packages/sklearn/impute/_base.py:647: UserWarning: Skipping features without any observed values: ['FACILITY_ID' 'STATE_CODE_y' 'DISCHARGES_TO']. At least one non-missing value is needed for imputation with strategy='constant'.
  warnings.warn(
/work/GRDVULN/correction/.venv/lib64/python3.11/site-packages/sklearn/impute/_base.py:647: UserWarning: Skipping features without any observed values: ['FACILITY_ID' 'STATE_CODE_y' 'DISCHARGES_TO']. At least one non-missing value is needed for imputation with strategy='constant'.
  warnings.warn(
/work/GRDVULN/correction/.venv/lib64/python3.11/site-packages/sklearn/impute/_base.py:647: UserWarning: Skipping features without any observed values: ['DISCHARGE_TYPE' 'PRESENT_DISCHARGE_PERCENTAGE'
 'PROJECTED_DISCHARGE_PERCENTAGE']. At least one non-missing value is needed for imputation with strategy='median'.
  warnings.warn(
/work/GRDVULN/correction/.venv/lib64/python3.11/site-packages/sklearn/impute/_base.py:647: UserWarning: Skipping features without any observed values: ['DISCHARGE_TYPE' 'PRESENT_DISCHARGE_PERCENTAGE'
 'PROJECTED_DISCHARGE_PERCENTAGE']. At least one non-missing value is needed for imputation with strategy='median'.
  warnings.warn(
/work/GRDVULN/correction/.venv/lib64/python3.11/site-packages/sklearn/impute/_base.py:647: UserWarning: Skipping features without any observed values: ['FACILITY_ID' 'STATE_CODE_y' 'DISCHARGES_TO']. At least one non-missing value is needed for imputation with strategy='constant'.
  warnings.warn(
/work/GRDVULN/correction/.venv/lib64/python3.11/site-packages/sklearn/impute/_base.py:647: UserWarning: Skipping features without any observed values: ['DISCHARGE_TYPE' 'PRESENT_DISCHARGE_PERCENTAGE'
 'PROJECTED_DISCHARGE_PERCENTAGE']. At least one non-missing value is needed for imputation with strategy='median'.
  warnings.warn(
/work/GRDVULN/correction/.venv/lib64/python3.11/site-packages/sklearn/impute/_base.py:647: UserWarning: Skipping features without any observed values: ['DISCHARGE_TYPE' 'PRESENT_DISCHARGE_PERCENTAGE'
 'PROJECTED_DISCHARGE_PERCENTAGE']. At least one non-missing value is needed for imputation with strategy='median'.
  warnings.warn(
/work/GRDVULN/correction/.venv/lib64/python3.11/site-packages/sklearn/impute/_base.py:647: UserWarning: Skipping features without any observed values: ['FACILITY_ID' 'STATE_CODE_y' 'DISCHARGES_TO']. At least one non-missing value is needed for imputation with strategy='constant'.
  warnings.warn(
/work/GRDVULN/correction/.venv/lib64/python3.11/site-packages/sklearn/impute/_base.py:647: UserWarning: Skipping features without any observed values: ['DISCHARGE_TYPE' 'PRESENT_DISCHARGE_PERCENTAGE'
 'PROJECTED_DISCHARGE_PERCENTAGE']. At least one non-missing value is needed for imputation with strategy='median'.
  warnings.warn(
/work/GRDVULN/correction/.venv/lib64/python3.11/site-packages/sklearn/impute/_base.py:647: UserWarning: Skipping features without any observed values: ['FACILITY_ID' 'STATE_CODE_y' 'DISCHARGES_TO']. At least one non-missing value is needed for imputation with strategy='constant'.
  warnings.warn(
/work/GRDVULN/correction/.venv/lib64/python3.11/site-packages/sklearn/impute/_base.py:647: UserWarning: Skipping features without any observed values: ['FACILITY_ID' 'STATE_CODE_y' 'DISCHARGES_TO']. At least one non-missing value is needed for imputation with strategy='constant'.
  warnings.warn(
/work/GRDVULN/correction/.venv/lib64/python3.11/site-packages/sklearn/impute/_base.py:647: UserWarning: Skipping features without any observed values: ['FACILITY_ID' 'STATE_CODE_y' 'DISCHARGES_TO']. At least one non-missing value is needed for imputation with strategy='constant'.
  warnings.warn(
/work/GRDVULN/correction/.venv/lib64/python3.11/site-packages/sklearn/impute/_base.py:647: UserWarning: Skipping features without any observed values: ['FACILITY_ID' 'STATE_CODE_y' 'DISCHARGES_TO']. At least one non-missing value is needed for imputation with strategy='constant'.
  warnings.warn(
/work/GRDVULN/correction/.venv/lib64/python3.11/site-packages/sklearn/impute/_base.py:647: UserWarning: Skipping features without any observed values: ['DISCHARGE_TYPE' 'PRESENT_DISCHARGE_PERCENTAGE'
 'PROJECTED_DISCHARGE_PERCENTAGE']. At least one non-missing value is needed for imputation with strategy='median'.
  warnings.warn(
/work/GRDVULN/correction/.venv/lib64/python3.11/site-packages/sklearn/impute/_base.py:647: UserWarning: Skipping features without any observed values: ['FACILITY_ID' 'STATE_CODE_y' 'DISCHARGES_TO']. At least one non-missing value is needed for imputation with strategy='constant'.
  warnings.warn(
/work/GRDVULN/correction/.venv/lib64/python3.11/site-packages/sklearn/impute/_base.py:647: UserWarning: Skipping features without any observed values: ['DISCHARGE_TYPE' 'PRESENT_DISCHARGE_PERCENTAGE'
 'PROJECTED_DISCHARGE_PERCENTAGE']. At least one non-missing value is needed for imputation with strategy='median'.
  warnings.warn(
/work/GRDVULN/correction/.venv/lib64/python3.11/site-packages/sklearn/impute/_base.py:647: UserWarning: Skipping features without any observed values: ['DISCHARGE_TYPE' 'PRESENT_DISCHARGE_PERCENTAGE'
 'PROJECTED_DISCHARGE_PERCENTAGE']. At least one non-missing value is needed for imputation with strategy='median'.
  warnings.warn(
/work/GRDVULN/correction/.venv/lib64/python3.11/site-packages/sklearn/impute/_base.py:647: UserWarning: Skipping features without any observed values: ['DISCHARGE_TYPE' 'PRESENT_DISCHARGE_PERCENTAGE'
 'PROJECTED_DISCHARGE_PERCENTAGE']. At least one non-missing value is needed for imputation with strategy='median'.
  warnings.warn(
/work/GRDVULN/correction/.venv/lib64/python3.11/site-packages/sklearn/impute/_base.py:647: UserWarning: Skipping features without any observed values: ['DISCHARGE_TYPE' 'PRESENT_DISCHARGE_PERCENTAGE'
 'PROJECTED_DISCHARGE_PERCENTAGE']. At least one non-missing value is needed for imputation with strategy='median'.
  warnings.warn(
/work/GRDVULN/correction/.venv/lib64/python3.11/site-packages/sklearn/impute/_base.py:647: UserWarning: Skipping features without any observed values: ['FACILITY_ID' 'STATE_CODE_y' 'DISCHARGES_TO']. At least one non-missing value is needed for imputation with strategy='constant'.
  warnings.warn(
/work/GRDVULN/correction/.venv/lib64/python3.11/site-packages/sklearn/impute/_base.py:647: UserWarning: Skipping features without any observed values: ['FACILITY_ID' 'STATE_CODE_y' 'DISCHARGES_TO']. At least one non-missing value is needed for imputation with strategy='constant'.
  warnings.warn(
/work/GRDVULN/correction/.venv/lib64/python3.11/site-packages/sklearn/impute/_base.py:647: UserWarning: Skipping features without any observed values: ['DISCHARGE_TYPE' 'PRESENT_DISCHARGE_PERCENTAGE'
 'PROJECTED_DISCHARGE_PERCENTAGE']. At least one non-missing value is needed for imputation with strategy='median'.
  warnings.warn(
/work/GRDVULN/correction/.venv/lib64/python3.11/site-packages/sklearn/impute/_base.py:647: UserWarning: Skipping features without any observed values: ['DISCHARGE_TYPE' 'PRESENT_DISCHARGE_PERCENTAGE'
 'PROJECTED_DISCHARGE_PERCENTAGE']. At least one non-missing value is needed for imputation with strategy='median'.
  warnings.warn(
/work/GRDVULN/correction/.venv/lib64/python3.11/site-packages/sklearn/impute/_base.py:647: UserWarning: Skipping features without any observed values: ['FACILITY_ID' 'STATE_CODE_y' 'DISCHARGES_TO']. At least one non-missing value is needed for imputation with strategy='constant'.
  warnings.warn(
/work/GRDVULN/correction/.venv/lib64/python3.11/site-packages/sklearn/impute/_base.py:647: UserWarning: Skipping features without any observed values: ['DISCHARGE_TYPE' 'PRESENT_DISCHARGE_PERCENTAGE'
 'PROJECTED_DISCHARGE_PERCENTAGE']. At least one non-missing value is needed for imputation with strategy='median'.
  warnings.warn(
/work/GRDVULN/correction/.venv/lib64/python3.11/site-packages/sklearn/impute/_base.py:647: UserWarning: Skipping features without any observed values: ['FACILITY_ID' 'STATE_CODE_y' 'DISCHARGES_TO']. At least one non-missing value is needed for imputation with strategy='constant'.
  warnings.warn(
/work/GRDVULN/correction/.venv/lib64/python3.11/site-packages/sklearn/impute/_base.py:647: UserWarning: Skipping features without any observed values: ['DISCHARGE_TYPE' 'PRESENT_DISCHARGE_PERCENTAGE'
 'PROJECTED_DISCHARGE_PERCENTAGE']. At least one non-missing value is needed for imputation with strategy='median'.
  warnings.warn(
/work/GRDVULN/correction/.venv/lib64/python3.11/site-packages/sklearn/impute/_base.py:647: UserWarning: Skipping features without any observed values: ['FACILITY_ID' 'STATE_CODE_y' 'DISCHARGES_TO']. At least one non-missing value is needed for imputation with strategy='constant'.
  warnings.warn(
/work/GRDVULN/correction/.venv/lib64/python3.11/site-packages/sklearn/impute/_base.py:647: UserWarning: Skipping features without any observed values: ['FACILITY_ID' 'STATE_CODE_y' 'DISCHARGES_TO']. At least one non-missing value is needed for imputation with strategy='constant'.
  warnings.warn(
/work/GRDVULN/correction/.venv/lib64/python3.11/site-packages/sklearn/impute/_base.py:647: UserWarning: Skipping features without any observed values: ['DISCHARGE_TYPE' 'PRESENT_DISCHARGE_PERCENTAGE'
 'PROJECTED_DISCHARGE_PERCENTAGE']. At least one non-missing value is needed for imputation with strategy='median'.
  warnings.warn(
/work/GRDVULN/correction/.venv/lib64/python3.11/site-packages/sklearn/impute/_base.py:647: UserWarning: Skipping features without any observed values: ['DISCHARGE_TYPE' 'PRESENT_DISCHARGE_PERCENTAGE'
 'PROJECTED_DISCHARGE_PERCENTAGE']. At least one non-missing value is needed for imputation with strategy='median'.
  warnings.warn(
/work/GRDVULN/correction/.venv/lib64/python3.11/site-packages/sklearn/impute/_base.py:647: UserWarning: Skipping features without any observed values: ['FACILITY_ID' 'STATE_CODE_y' 'DISCHARGES_TO']. At least one non-missing value is needed for imputation with strategy='constant'.
  warnings.warn(
/work/GRDVULN/correction/.venv/lib64/python3.11/site-packages/sklearn/impute/_base.py:647: UserWarning: Skipping features without any observed values: ['DISCHARGE_TYPE' 'PRESENT_DISCHARGE_PERCENTAGE'
 'PROJECTED_DISCHARGE_PERCENTAGE']. At least one non-missing value is needed for imputation with strategy='median'.
  warnings.warn(
/work/GRDVULN/correction/.venv/lib64/python3.11/site-packages/sklearn/impute/_base.py:647: UserWarning: Skipping features without any observed values: ['FACILITY_ID' 'STATE_CODE_y' 'DISCHARGES_TO']. At least one non-missing value is needed for imputation with strategy='constant'.
  warnings.warn(
/work/GRDVULN/correction/.venv/lib64/python3.11/site-packages/sklearn/impute/_base.py:647: UserWarning: Skipping features without any observed values: ['FACILITY_ID' 'STATE_CODE_y' 'DISCHARGES_TO']. At least one non-missing value is needed for imputation with strategy='constant'.
  warnings.warn(
/work/GRDVULN/correction/.venv/lib64/python3.11/site-packages/sklearn/impute/_base.py:647: UserWarning: Skipping features without any observed values: ['DISCHARGE_TYPE' 'PRESENT_DISCHARGE_PERCENTAGE'
 'PROJECTED_DISCHARGE_PERCENTAGE']. At least one non-missing value is needed for imputation with strategy='median'.
  warnings.warn(
/work/GRDVULN/correction/.venv/lib64/python3.11/site-packages/sklearn/impute/_base.py:647: UserWarning: Skipping features without any observed values: ['FACILITY_ID' 'STATE_CODE_y' 'DISCHARGES_TO']. At least one non-missing value is needed for imputation with strategy='constant'.
  warnings.warn(
/work/GRDVULN/correction/.venv/lib64/python3.11/site-packages/sklearn/impute/_base.py:647: UserWarning: Skipping features without any observed values: ['FACILITY_ID' 'STATE_CODE_y' 'DISCHARGES_TO']. At least one non-missing value is needed for imputation with strategy='constant'.
  warnings.warn(
/work/GRDVULN/correction/.venv/lib64/python3.11/site-packages/sklearn/impute/_base.py:647: UserWarning: Skipping features without any observed values: ['DISCHARGE_TYPE' 'PRESENT_DISCHARGE_PERCENTAGE'
 'PROJECTED_DISCHARGE_PERCENTAGE']. At least one non-missing value is needed for imputation with strategy='median'.
  warnings.warn(
/work/GRDVULN/correction/.venv/lib64/python3.11/site-packages/sklearn/impute/_base.py:647: UserWarning: Skipping features without any observed values: ['FACILITY_ID' 'STATE_CODE_y' 'DISCHARGES_TO']. At least one non-missing value is needed for imputation with strategy='constant'.
  warnings.warn(
/work/GRDVULN/correction/.venv/lib64/python3.11/site-packages/sklearn/impute/_base.py:647: UserWarning: Skipping features without any observed values: ['DISCHARGE_TYPE' 'PRESENT_DISCHARGE_PERCENTAGE'
 'PROJECTED_DISCHARGE_PERCENTAGE']. At least one non-missing value is needed for imputation with strategy='median'.
  warnings.warn(
/work/GRDVULN/correction/.venv/lib64/python3.11/site-packages/sklearn/impute/_base.py:647: UserWarning: Skipping features without any observed values: ['FACILITY_ID' 'STATE_CODE_y' 'DISCHARGES_TO']. At least one non-missing value is needed for imputation with strategy='constant'.
  warnings.warn(
/work/GRDVULN/correction/.venv/lib64/python3.11/site-packages/sklearn/impute/_base.py:647: UserWarning: Skipping features without any observed values: ['DISCHARGE_TYPE' 'PRESENT_DISCHARGE_PERCENTAGE'
 'PROJECTED_DISCHARGE_PERCENTAGE']. At least one non-missing value is needed for imputation with strategy='median'.
  warnings.warn(
/work/GRDVULN/correction/.venv/lib64/python3.11/site-packages/sklearn/impute/_base.py:647: UserWarning: Skipping features without any observed values: ['FACILITY_ID' 'STATE_CODE_y' 'DISCHARGES_TO']. At least one non-missing value is needed for imputation with strategy='constant'.
  warnings.warn(
/work/GRDVULN/correction/.venv/lib64/python3.11/site-packages/sklearn/impute/_base.py:647: UserWarning: Skipping features without any observed values: ['DISCHARGE_TYPE' 'PRESENT_DISCHARGE_PERCENTAGE'
 'PROJECTED_DISCHARGE_PERCENTAGE']. At least one non-missing value is needed for imputation with strategy='median'.
  warnings.warn(
/work/GRDVULN/correction/.venv/lib64/python3.11/site-packages/sklearn/impute/_base.py:647: UserWarning: Skipping features without any observed values: ['FACILITY_ID' 'STATE_CODE_y' 'DISCHARGES_TO']. At least one non-missing value is needed for imputation with strategy='constant'.
  warnings.warn(
/work/GRDVULN/correction/.venv/lib64/python3.11/site-packages/sklearn/impute/_base.py:647: UserWarning: Skipping features without any observed values: ['FACILITY_ID' 'STATE_CODE_y' 'DISCHARGES_TO']. At least one non-missing value is needed for imputation with strategy='constant'.
  warnings.warn(
/work/GRDVULN/correction/.venv/lib64/python3.11/site-packages/sklearn/impute/_base.py:647: UserWarning: Skipping features without any observed values: ['DISCHARGE_TYPE' 'PRESENT_DISCHARGE_PERCENTAGE'
 'PROJECTED_DISCHARGE_PERCENTAGE']. At least one non-missing value is needed for imputation with strategy='median'.
  warnings.warn(
/work/GRDVULN/correction/.venv/lib64/python3.11/site-packages/sklearn/impute/_base.py:647: UserWarning: Skipping features without any observed values: ['FACILITY_ID' 'STATE_CODE_y' 'DISCHARGES_TO']. At least one non-missing value is needed for imputation with strategy='constant'.
  warnings.warn(
/work/GRDVULN/correction/.venv/lib64/python3.11/site-packages/sklearn/impute/_base.py:647: UserWarning: Skipping features without any observed values: ['DISCHARGE_TYPE' 'PRESENT_DISCHARGE_PERCENTAGE'
 'PROJECTED_DISCHARGE_PERCENTAGE']. At least one non-missing value is needed for imputation with strategy='median'.
  warnings.warn(
/work/GRDVULN/correction/.venv/lib64/python3.11/site-packages/sklearn/impute/_base.py:647: UserWarning: Skipping features without any observed values: ['DISCHARGE_TYPE' 'PRESENT_DISCHARGE_PERCENTAGE'
 'PROJECTED_DISCHARGE_PERCENTAGE']. At least one non-missing value is needed for imputation with strategy='median'.
  warnings.warn(
/work/GRDVULN/correction/.venv/lib64/python3.11/site-packages/sklearn/impute/_base.py:647: UserWarning: Skipping features without any observed values: ['FACILITY_ID' 'STATE_CODE_y' 'DISCHARGES_TO']. At least one non-missing value is needed for imputation with strategy='constant'.
  warnings.warn(
/work/GRDVULN/correction/.venv/lib64/python3.11/site-packages/sklearn/impute/_base.py:647: UserWarning: Skipping features without any observed values: ['FACILITY_ID' 'STATE_CODE_y' 'DISCHARGES_TO']. At least one non-missing value is needed for imputation with strategy='constant'.
  warnings.warn(
/work/GRDVULN/correction/.venv/lib64/python3.11/site-packages/sklearn/impute/_base.py:647: UserWarning: Skipping features without any observed values: ['DISCHARGE_TYPE' 'PRESENT_DISCHARGE_PERCENTAGE'
 'PROJECTED_DISCHARGE_PERCENTAGE']. At least one non-missing value is needed for imputation with strategy='median'.
  warnings.warn(
/work/GRDVULN/correction/.venv/lib64/python3.11/site-packages/sklearn/impute/_base.py:647: UserWarning: Skipping features without any observed values: ['DISCHARGE_TYPE' 'PRESENT_DISCHARGE_PERCENTAGE'
 'PROJECTED_DISCHARGE_PERCENTAGE']. At least one non-missing value is needed for imputation with strategy='median'.
  warnings.warn(
/work/GRDVULN/correction/.venv/lib64/python3.11/site-packages/sklearn/impute/_base.py:647: UserWarning: Skipping features without any observed values: ['DISCHARGE_TYPE' 'PRESENT_DISCHARGE_PERCENTAGE'
 'PROJECTED_DISCHARGE_PERCENTAGE']. At least one non-missing value is needed for imputation with strategy='median'.
  warnings.warn(
/work/GRDVULN/correction/.venv/lib64/python3.11/site-packages/sklearn/impute/_base.py:647: UserWarning: Skipping features without any observed values: ['FACILITY_ID' 'STATE_CODE_y' 'DISCHARGES_TO']. At least one non-missing value is needed for imputation with strategy='constant'.
  warnings.warn(
/work/GRDVULN/correction/.venv/lib64/python3.11/site-packages/sklearn/impute/_base.py:647: UserWarning: Skipping features without any observed values: ['DISCHARGE_TYPE' 'PRESENT_DISCHARGE_PERCENTAGE'
 'PROJECTED_DISCHARGE_PERCENTAGE']. At least one non-missing value is needed for imputation with strategy='median'.
  warnings.warn(
/work/GRDVULN/correction/.venv/lib64/python3.11/site-packages/sklearn/impute/_base.py:647: UserWarning: Skipping features without any observed values: ['FACILITY_ID' 'STATE_CODE_y' 'DISCHARGES_TO']. At least one non-missing value is needed for imputation with strategy='constant'.
  warnings.warn(
/work/GRDVULN/correction/.venv/lib64/python3.11/site-packages/sklearn/impute/_base.py:647: UserWarning: Skipping features without any observed values: ['DISCHARGE_TYPE' 'PRESENT_DISCHARGE_PERCENTAGE'
 'PROJECTED_DISCHARGE_PERCENTAGE']. At least one non-missing value is needed for imputation with strategy='median'.
  warnings.warn(
/work/GRDVULN/correction/.venv/lib64/python3.11/site-packages/sklearn/impute/_base.py:647: UserWarning: Skipping features without any observed values: ['FACILITY_ID' 'STATE_CODE_y' 'DISCHARGES_TO']. At least one non-missing value is needed for imputation with strategy='constant'.
  warnings.warn(
/work/GRDVULN/correction/.venv/lib64/python3.11/site-packages/sklearn/impute/_base.py:647: UserWarning: Skipping features without any observed values: ['DISCHARGE_TYPE' 'PRESENT_DISCHARGE_PERCENTAGE'
 'PROJECTED_DISCHARGE_PERCENTAGE']. At least one non-missing value is needed for imputation with strategy='median'.
  warnings.warn(
/work/GRDVULN/correction/.venv/lib64/python3.11/site-packages/sklearn/impute/_base.py:647: UserWarning: Skipping features without any observed values: ['DISCHARGE_TYPE' 'PRESENT_DISCHARGE_PERCENTAGE'
 'PROJECTED_DISCHARGE_PERCENTAGE']. At least one non-missing value is needed for imputation with strategy='median'.
  warnings.warn(
/work/GRDVULN/correction/.venv/lib64/python3.11/site-packages/sklearn/impute/_base.py:647: UserWarning: Skipping features without any observed values: ['FACILITY_ID' 'STATE_CODE_y' 'DISCHARGES_TO']. At least one non-missing value is needed for imputation with strategy='constant'.
  warnings.warn(
/work/GRDVULN/correction/.venv/lib64/python3.11/site-packages/sklearn/impute/_base.py:647: UserWarning: Skipping features without any observed values: ['DISCHARGE_TYPE' 'PRESENT_DISCHARGE_PERCENTAGE'
 'PROJECTED_DISCHARGE_PERCENTAGE']. At least one non-missing value is needed for imputation with strategy='median'.
  warnings.warn(
/work/GRDVULN/correction/.venv/lib64/python3.11/site-packages/sklearn/impute/_base.py:647: UserWarning: Skipping features without any observed values: ['FACILITY_ID' 'STATE_CODE_y' 'DISCHARGES_TO']. At least one non-missing value is needed for imputation with strategy='constant'.
  warnings.warn(
/work/GRDVULN/correction/.venv/lib64/python3.11/site-packages/sklearn/impute/_base.py:647: UserWarning: Skipping features without any observed values: ['DISCHARGE_TYPE' 'PRESENT_DISCHARGE_PERCENTAGE'
 'PROJECTED_DISCHARGE_PERCENTAGE']. At least one non-missing value is needed for imputation with strategy='median'.
  warnings.warn(
/work/GRDVULN/correction/.venv/lib64/python3.11/site-packages/sklearn/impute/_base.py:647: UserWarning: Skipping features without any observed values: ['FACILITY_ID' 'STATE_CODE_y' 'DISCHARGES_TO']. At least one non-missing value is needed for imputation with strategy='constant'.
  warnings.warn(
/work/GRDVULN/correction/.venv/lib64/python3.11/site-packages/sklearn/impute/_base.py:647: UserWarning: Skipping features without any observed values: ['DISCHARGE_TYPE' 'PRESENT_DISCHARGE_PERCENTAGE'
 'PROJECTED_DISCHARGE_PERCENTAGE']. At least one non-missing value is needed for imputation with strategy='median'.
  warnings.warn(
/work/GRDVULN/correction/.venv/lib64/python3.11/site-packages/sklearn/impute/_base.py:647: UserWarning: Skipping features without any observed values: ['FACILITY_ID' 'STATE_CODE_y' 'DISCHARGES_TO']. At least one non-missing value is needed for imputation with strategy='constant'.
  warnings.warn(
/work/GRDVULN/correction/.venv/lib64/python3.11/site-packages/sklearn/impute/_base.py:647: UserWarning: Skipping features without any observed values: ['FACILITY_ID' 'STATE_CODE_y' 'DISCHARGES_TO']. At least one non-missing value is needed for imputation with strategy='constant'.
  warnings.warn(
/work/GRDVULN/correction/.venv/lib64/python3.11/site-packages/sklearn/impute/_base.py:647: UserWarning: Skipping features without any observed values: ['FACILITY_ID' 'STATE_CODE_y' 'DISCHARGES_TO']. At least one non-missing value is needed for imputation with strategy='constant'.
  warnings.warn(
/work/GRDVULN/correction/.venv/lib64/python3.11/site-packages/sklearn/impute/_base.py:647: UserWarning: Skipping features without any observed values: ['DISCHARGE_TYPE' 'PRESENT_DISCHARGE_PERCENTAGE'
 'PROJECTED_DISCHARGE_PERCENTAGE']. At least one non-missing value is needed for imputation with strategy='median'.
  warnings.warn(
/work/GRDVULN/correction/.venv/lib64/python3.11/site-packages/sklearn/impute/_base.py:647: UserWarning: Skipping features without any observed values: ['DISCHARGE_TYPE' 'PRESENT_DISCHARGE_PERCENTAGE'
 'PROJECTED_DISCHARGE_PERCENTAGE']. At least one non-missing value is needed for imputation with strategy='median'.
  warnings.warn(
/work/GRDVULN/correction/.venv/lib64/python3.11/site-packages/sklearn/impute/_base.py:647: UserWarning: Skipping features without any observed values: ['DISCHARGE_TYPE' 'PRESENT_DISCHARGE_PERCENTAGE'
 'PROJECTED_DISCHARGE_PERCENTAGE']. At least one non-missing value is needed for imputation with strategy='median'.
  warnings.warn(
/work/GRDVULN/correction/.venv/lib64/python3.11/site-packages/sklearn/impute/_base.py:647: UserWarning: Skipping features without any observed values: ['FACILITY_ID' 'STATE_CODE_y' 'DISCHARGES_TO']. At least one non-missing value is needed for imputation with strategy='constant'.
  warnings.warn(
/work/GRDVULN/correction/.venv/lib64/python3.11/site-packages/sklearn/impute/_base.py:647: UserWarning: Skipping features without any observed values: ['FACILITY_ID' 'STATE_CODE_y' 'DISCHARGES_TO']. At least one non-missing value is needed for imputation with strategy='constant'.
  warnings.warn(
/work/GRDVULN/correction/.venv/lib64/python3.11/site-packages/sklearn/impute/_base.py:647: UserWarning: Skipping features without any observed values: ['FACILITY_ID' 'STATE_CODE_y' 'DISCHARGES_TO']. At least one non-missing value is needed for imputation with strategy='constant'.
  warnings.warn(
/work/GRDVULN/correction/.venv/lib64/python3.11/site-packages/sklearn/impute/_base.py:647: UserWarning: Skipping features without any observed values: ['FACILITY_ID' 'STATE_CODE_y' 'DISCHARGES_TO']. At least one non-missing value is needed for imputation with strategy='constant'.
  warnings.warn(
/work/GRDVULN/correction/.venv/lib64/python3.11/site-packages/sklearn/impute/_base.py:647: UserWarning: Skipping features without any observed values: ['DISCHARGE_TYPE' 'PRESENT_DISCHARGE_PERCENTAGE'
 'PROJECTED_DISCHARGE_PERCENTAGE']. At least one non-missing value is needed for imputation with strategy='median'.
  warnings.warn(
/work/GRDVULN/correction/.venv/lib64/python3.11/site-packages/sklearn/impute/_base.py:647: UserWarning: Skipping features without any observed values: ['DISCHARGE_TYPE' 'PRESENT_DISCHARGE_PERCENTAGE'
 'PROJECTED_DISCHARGE_PERCENTAGE']. At least one non-missing value is needed for imputation with strategy='median'.
  warnings.warn(
/work/GRDVULN/correction/.venv/lib64/python3.11/site-packages/sklearn/impute/_base.py:647: UserWarning: Skipping features without any observed values: ['DISCHARGE_TYPE' 'PRESENT_DISCHARGE_PERCENTAGE'
 'PROJECTED_DISCHARGE_PERCENTAGE']. At least one non-missing value is needed for imputation with strategy='median'.
  warnings.warn(
/work/GRDVULN/correction/.venv/lib64/python3.11/site-packages/sklearn/impute/_base.py:647: UserWarning: Skipping features without any observed values: ['FACILITY_ID' 'STATE_CODE_y' 'DISCHARGES_TO']. At least one non-missing value is needed for imputation with strategy='constant'.
  warnings.warn(
/work/GRDVULN/correction/.venv/lib64/python3.11/site-packages/sklearn/impute/_base.py:647: UserWarning: Skipping features without any observed values: ['DISCHARGE_TYPE' 'PRESENT_DISCHARGE_PERCENTAGE'
 'PROJECTED_DISCHARGE_PERCENTAGE']. At least one non-missing value is needed for imputation with strategy='median'.
  warnings.warn(
/work/GRDVULN/correction/.venv/lib64/python3.11/site-packages/sklearn/impute/_base.py:647: UserWarning: Skipping features without any observed values: ['DISCHARGE_TYPE' 'PRESENT_DISCHARGE_PERCENTAGE'
 'PROJECTED_DISCHARGE_PERCENTAGE']. At least one non-missing value is needed for imputation with strategy='median'.
  warnings.warn(
/work/GRDVULN/correction/.venv/lib64/python3.11/site-packages/sklearn/impute/_base.py:647: UserWarning: Skipping features without any observed values: ['FACILITY_ID' 'STATE_CODE_y' 'DISCHARGES_TO']. At least one non-missing value is needed for imputation with strategy='constant'.
  warnings.warn(
/work/GRDVULN/correction/.venv/lib64/python3.11/site-packages/sklearn/impute/_base.py:647: UserWarning: Skipping features without any observed values: ['DISCHARGE_TYPE' 'PRESENT_DISCHARGE_PERCENTAGE'
 'PROJECTED_DISCHARGE_PERCENTAGE']. At least one non-missing value is needed for imputation with strategy='median'.
  warnings.warn(
/work/GRDVULN/correction/.venv/lib64/python3.11/site-packages/sklearn/impute/_base.py:647: UserWarning: Skipping features without any observed values: ['FACILITY_ID' 'STATE_CODE_y' 'DISCHARGES_TO']. At least one non-missing value is needed for imputation with strategy='constant'.
  warnings.warn(
/work/GRDVULN/correction/.venv/lib64/python3.11/site-packages/sklearn/impute/_base.py:647: UserWarning: Skipping features without any observed values: ['FACILITY_ID' 'STATE_CODE_y' 'DISCHARGES_TO']. At least one non-missing value is needed for imputation with strategy='constant'.
  warnings.warn(
/work/GRDVULN/correction/.venv/lib64/python3.11/site-packages/sklearn/impute/_base.py:647: UserWarning: Skipping features without any observed values: ['DISCHARGE_TYPE' 'PRESENT_DISCHARGE_PERCENTAGE'
 'PROJECTED_DISCHARGE_PERCENTAGE']. At least one non-missing value is needed for imputation with strategy='median'.
  warnings.warn(
/work/GRDVULN/correction/.venv/lib64/python3.11/site-packages/sklearn/impute/_base.py:647: UserWarning: Skipping features without any observed values: ['FACILITY_ID' 'STATE_CODE_y' 'DISCHARGES_TO']. At least one non-missing value is needed for imputation with strategy='constant'.
  warnings.warn(
/work/GRDVULN/correction/.venv/lib64/python3.11/site-packages/sklearn/impute/_base.py:647: UserWarning: Skipping features without any observed values: ['DISCHARGE_TYPE' 'PRESENT_DISCHARGE_PERCENTAGE'
 'PROJECTED_DISCHARGE_PERCENTAGE']. At least one non-missing value is needed for imputation with strategy='median'.
  warnings.warn(
/work/GRDVULN/correction/.venv/lib64/python3.11/site-packages/sklearn/impute/_base.py:647: UserWarning: Skipping features without any observed values: ['DISCHARGE_TYPE' 'PRESENT_DISCHARGE_PERCENTAGE'
 'PROJECTED_DISCHARGE_PERCENTAGE']. At least one non-missing value is needed for imputation with strategy='median'.
  warnings.warn(
/work/GRDVULN/correction/.venv/lib64/python3.11/site-packages/sklearn/impute/_base.py:647: UserWarning: Skipping features without any observed values: ['FACILITY_ID' 'STATE_CODE_y' 'DISCHARGES_TO']. At least one non-missing value is needed for imputation with strategy='constant'.
  warnings.warn(
/work/GRDVULN/correction/.venv/lib64/python3.11/site-packages/sklearn/impute/_base.py:647: UserWarning: Skipping features without any observed values: ['DISCHARGE_TYPE' 'PRESENT_DISCHARGE_PERCENTAGE'
 'PROJECTED_DISCHARGE_PERCENTAGE']. At least one non-missing value is needed for imputation with strategy='median'.
  warnings.warn(
/work/GRDVULN/correction/.venv/lib64/python3.11/site-packages/sklearn/impute/_base.py:647: UserWarning: Skipping features without any observed values: ['FACILITY_ID' 'STATE_CODE_y' 'DISCHARGES_TO']. At least one non-missing value is needed for imputation with strategy='constant'.
  warnings.warn(
/work/GRDVULN/correction/.venv/lib64/python3.11/site-packages/sklearn/impute/_base.py:647: UserWarning: Skipping features without any observed values: ['FACILITY_ID' 'STATE_CODE_y' 'DISCHARGES_TO']. At least one non-missing value is needed for imputation with strategy='constant'.
  warnings.warn(
/work/GRDVULN/correction/.venv/lib64/python3.11/site-packages/sklearn/impute/_base.py:647: UserWarning: Skipping features without any observed values: ['DISCHARGE_TYPE' 'PRESENT_DISCHARGE_PERCENTAGE'
 'PROJECTED_DISCHARGE_PERCENTAGE']. At least one non-missing value is needed for imputation with strategy='median'.
  warnings.warn(
/work/GRDVULN/correction/.venv/lib64/python3.11/site-packages/sklearn/impute/_base.py:647: UserWarning: Skipping features without any observed values: ['FACILITY_ID' 'STATE_CODE_y' 'DISCHARGES_TO']. At least one non-missing value is needed for imputation with strategy='constant'.
  warnings.warn(
/work/GRDVULN/correction/.venv/lib64/python3.11/site-packages/sklearn/impute/_base.py:647: UserWarning: Skipping features without any observed values: ['FACILITY_ID' 'STATE_CODE_y' 'DISCHARGES_TO']. At least one non-missing value is needed for imputation with strategy='constant'.
  warnings.warn(
/work/GRDVULN/correction/.venv/lib64/python3.11/site-packages/sklearn/impute/_base.py:647: UserWarning: Skipping features without any observed values: ['FACILITY_ID' 'STATE_CODE_y' 'DISCHARGES_TO']. At least one non-missing value is needed for imputation with strategy='constant'.
  warnings.warn(
/work/GRDVULN/correction/.venv/lib64/python3.11/site-packages/sklearn/impute/_base.py:647: UserWarning: Skipping features without any observed values: ['DISCHARGE_TYPE' 'PRESENT_DISCHARGE_PERCENTAGE'
 'PROJECTED_DISCHARGE_PERCENTAGE']. At least one non-missing value is needed for imputation with strategy='median'.
  warnings.warn(
/work/GRDVULN/correction/.venv/lib64/python3.11/site-packages/sklearn/impute/_base.py:647: UserWarning: Skipping features without any observed values: ['DISCHARGE_TYPE' 'PRESENT_DISCHARGE_PERCENTAGE'
 'PROJECTED_DISCHARGE_PERCENTAGE']. At least one non-missing value is needed for imputation with strategy='median'.
  warnings.warn(
/work/GRDVULN/correction/.venv/lib64/python3.11/site-packages/sklearn/impute/_base.py:647: UserWarning: Skipping features without any observed values: ['FACILITY_ID' 'STATE_CODE_y' 'DISCHARGES_TO']. At least one non-missing value is needed for imputation with strategy='constant'.
  warnings.warn(
/work/GRDVULN/correction/.venv/lib64/python3.11/site-packages/sklearn/impute/_base.py:647: UserWarning: Skipping features without any observed values: ['DISCHARGE_TYPE' 'PRESENT_DISCHARGE_PERCENTAGE'
 'PROJECTED_DISCHARGE_PERCENTAGE']. At least one non-missing value is needed for imputation with strategy='median'.
  warnings.warn(
/work/GRDVULN/correction/.venv/lib64/python3.11/site-packages/sklearn/impute/_base.py:647: UserWarning: Skipping features without any observed values: ['DISCHARGE_TYPE' 'PRESENT_DISCHARGE_PERCENTAGE'
 'PROJECTED_DISCHARGE_PERCENTAGE']. At least one non-missing value is needed for imputation with strategy='median'.
  warnings.warn(
/work/GRDVULN/correction/.venv/lib64/python3.11/site-packages/sklearn/impute/_base.py:647: UserWarning: Skipping features without any observed values: ['DISCHARGE_TYPE' 'PRESENT_DISCHARGE_PERCENTAGE'
 'PROJECTED_DISCHARGE_PERCENTAGE']. At least one non-missing value is needed for imputation with strategy='median'.
  warnings.warn(
/work/GRDVULN/correction/.venv/lib64/python3.11/site-packages/sklearn/impute/_base.py:647: UserWarning: Skipping features without any observed values: ['FACILITY_ID' 'STATE_CODE_y' 'DISCHARGES_TO']. At least one non-missing value is needed for imputation with strategy='constant'.
  warnings.warn(
/work/GRDVULN/correction/.venv/lib64/python3.11/site-packages/sklearn/impute/_base.py:647: UserWarning: Skipping features without any observed values: ['FACILITY_ID' 'STATE_CODE_y' 'DISCHARGES_TO']. At least one non-missing value is needed for imputation with strategy='constant'.
  warnings.warn(
/work/GRDVULN/correction/.venv/lib64/python3.11/site-packages/sklearn/impute/_base.py:647: UserWarning: Skipping features without any observed values: ['DISCHARGE_TYPE' 'PRESENT_DISCHARGE_PERCENTAGE'
 'PROJECTED_DISCHARGE_PERCENTAGE']. At least one non-missing value is needed for imputation with strategy='median'.
  warnings.warn(
/work/GRDVULN/correction/.venv/lib64/python3.11/site-packages/sklearn/impute/_base.py:647: UserWarning: Skipping features without any observed values: ['DISCHARGE_TYPE' 'PRESENT_DISCHARGE_PERCENTAGE'
 'PROJECTED_DISCHARGE_PERCENTAGE']. At least one non-missing value is needed for imputation with strategy='median'.
  warnings.warn(
/work/GRDVULN/correction/.venv/lib64/python3.11/site-packages/sklearn/impute/_base.py:647: UserWarning: Skipping features without any observed values: ['FACILITY_ID' 'STATE_CODE_y' 'DISCHARGES_TO']. At least one non-missing value is needed for imputation with strategy='constant'.
  warnings.warn(
/work/GRDVULN/correction/.venv/lib64/python3.11/site-packages/sklearn/impute/_base.py:647: UserWarning: Skipping features without any observed values: ['FACILITY_ID' 'STATE_CODE_y' 'DISCHARGES_TO']. At least one non-missing value is needed for imputation with strategy='constant'.
  warnings.warn(
/work/GRDVULN/correction/.venv/lib64/python3.11/site-packages/sklearn/impute/_base.py:647: UserWarning: Skipping features without any observed values: ['FACILITY_ID' 'STATE_CODE_y' 'DISCHARGES_TO']. At least one non-missing value is needed for imputation with strategy='constant'.
  warnings.warn(
/work/GRDVULN/correction/.venv/lib64/python3.11/site-packages/sklearn/impute/_base.py:647: UserWarning: Skipping features without any observed values: ['DISCHARGE_TYPE' 'PRESENT_DISCHARGE_PERCENTAGE'
 'PROJECTED_DISCHARGE_PERCENTAGE']. At least one non-missing value is needed for imputation with strategy='median'.
  warnings.warn(
/work/GRDVULN/correction/.venv/lib64/python3.11/site-packages/sklearn/impute/_base.py:647: UserWarning: Skipping features without any observed values: ['DISCHARGE_TYPE' 'PRESENT_DISCHARGE_PERCENTAGE'
 'PROJECTED_DISCHARGE_PERCENTAGE']. At least one non-missing value is needed for imputation with strategy='median'.
  warnings.warn(
/work/GRDVULN/correction/.venv/lib64/python3.11/site-packages/sklearn/impute/_base.py:647: UserWarning: Skipping features without any observed values: ['DISCHARGE_TYPE' 'PRESENT_DISCHARGE_PERCENTAGE'
 'PROJECTED_DISCHARGE_PERCENTAGE']. At least one non-missing value is needed for imputation with strategy='median'.
  warnings.warn(
/work/GRDVULN/correction/.venv/lib64/python3.11/site-packages/sklearn/impute/_base.py:647: UserWarning: Skipping features without any observed values: ['FACILITY_ID' 'STATE_CODE_y' 'DISCHARGES_TO']. At least one non-missing value is needed for imputation with strategy='constant'.
  warnings.warn(
/work/GRDVULN/correction/.venv/lib64/python3.11/site-packages/sklearn/impute/_base.py:647: UserWarning: Skipping features without any observed values: ['FACILITY_ID' 'STATE_CODE_y' 'DISCHARGES_TO']. At least one non-missing value is needed for imputation with strategy='constant'.
  warnings.warn(
/work/GRDVULN/correction/.venv/lib64/python3.11/site-packages/sklearn/impute/_base.py:647: UserWarning: Skipping features without any observed values: ['FACILITY_ID' 'STATE_CODE_y' 'DISCHARGES_TO']. At least one non-missing value is needed for imputation with strategy='constant'.
  warnings.warn(
/work/GRDVULN/correction/.venv/lib64/python3.11/site-packages/sklearn/impute/_base.py:647: UserWarning: Skipping features without any observed values: ['DISCHARGE_TYPE' 'PRESENT_DISCHARGE_PERCENTAGE'
 'PROJECTED_DISCHARGE_PERCENTAGE']. At least one non-missing value is needed for imputation with strategy='median'.
  warnings.warn(
/work/GRDVULN/correction/.venv/lib64/python3.11/site-packages/sklearn/impute/_base.py:647: UserWarning: Skipping features without any observed values: ['FACILITY_ID' 'STATE_CODE_y' 'DISCHARGES_TO']. At least one non-missing value is needed for imputation with strategy='constant'.
  warnings.warn(
/work/GRDVULN/correction/.venv/lib64/python3.11/site-packages/sklearn/impute/_base.py:647: UserWarning: Skipping features without any observed values: ['DISCHARGE_TYPE' 'PRESENT_DISCHARGE_PERCENTAGE'
 'PROJECTED_DISCHARGE_PERCENTAGE']. At least one non-missing value is needed for imputation with strategy='median'.
  warnings.warn(
/work/GRDVULN/correction/.venv/lib64/python3.11/site-packages/sklearn/impute/_base.py:647: UserWarning: Skipping features without any observed values: ['DISCHARGE_TYPE' 'PRESENT_DISCHARGE_PERCENTAGE'
 'PROJECTED_DISCHARGE_PERCENTAGE']. At least one non-missing value is needed for imputation with strategy='median'.
  warnings.warn(
/work/GRDVULN/correction/.venv/lib64/python3.11/site-packages/sklearn/impute/_base.py:647: UserWarning: Skipping features without any observed values: ['FACILITY_ID' 'STATE_CODE_y' 'DISCHARGES_TO']. At least one non-missing value is needed for imputation with strategy='constant'.
  warnings.warn(
/work/GRDVULN/correction/.venv/lib64/python3.11/site-packages/sklearn/impute/_base.py:647: UserWarning: Skipping features without any observed values: ['DISCHARGE_TYPE' 'PRESENT_DISCHARGE_PERCENTAGE'
 'PROJECTED_DISCHARGE_PERCENTAGE']. At least one non-missing value is needed for imputation with strategy='median'.
  warnings.warn(
/work/GRDVULN/correction/.venv/lib64/python3.11/site-packages/sklearn/impute/_base.py:647: UserWarning: Skipping features without any observed values: ['DISCHARGE_TYPE' 'PRESENT_DISCHARGE_PERCENTAGE'
 'PROJECTED_DISCHARGE_PERCENTAGE']. At least one non-missing value is needed for imputation with strategy='median'.
  warnings.warn(
/work/GRDVULN/correction/.venv/lib64/python3.11/site-packages/sklearn/impute/_base.py:647: UserWarning: Skipping features without any observed values: ['FACILITY_ID' 'STATE_CODE_y' 'DISCHARGES_TO']. At least one non-missing value is needed for imputation with strategy='constant'.
  warnings.warn(
/work/GRDVULN/correction/.venv/lib64/python3.11/site-packages/sklearn/impute/_base.py:647: UserWarning: Skipping features without any observed values: ['DISCHARGE_TYPE' 'PRESENT_DISCHARGE_PERCENTAGE'
 'PROJECTED_DISCHARGE_PERCENTAGE']. At least one non-missing value is needed for imputation with strategy='median'.
  warnings.warn(
/work/GRDVULN/correction/.venv/lib64/python3.11/site-packages/sklearn/impute/_base.py:647: UserWarning: Skipping features without any observed values: ['FACILITY_ID' 'STATE_CODE_y' 'DISCHARGES_TO']. At least one non-missing value is needed for imputation with strategy='constant'.
  warnings.warn(
/work/GRDVULN/correction/.venv/lib64/python3.11/site-packages/sklearn/impute/_base.py:647: UserWarning: Skipping features without any observed values: ['DISCHARGE_TYPE' 'PRESENT_DISCHARGE_PERCENTAGE'
 'PROJECTED_DISCHARGE_PERCENTAGE']. At least one non-missing value is needed for imputation with strategy='median'.
  warnings.warn(
/work/GRDVULN/correction/.venv/lib64/python3.11/site-packages/sklearn/impute/_base.py:647: UserWarning: Skipping features without any observed values: ['FACILITY_ID' 'STATE_CODE_y' 'DISCHARGES_TO']. At least one non-missing value is needed for imputation with strategy='constant'.
  warnings.warn(
/work/GRDVULN/correction/.venv/lib64/python3.11/site-packages/sklearn/impute/_base.py:647: UserWarning: Skipping features without any observed values: ['FACILITY_ID' 'STATE_CODE_y' 'DISCHARGES_TO']. At least one non-missing value is needed for imputation with strategy='constant'.
  warnings.warn(
/work/GRDVULN/correction/.venv/lib64/python3.11/site-packages/sklearn/impute/_base.py:647: UserWarning: Skipping features without any observed values: ['FACILITY_ID' 'STATE_CODE_y' 'DISCHARGES_TO']. At least one non-missing value is needed for imputation with strategy='constant'.
  warnings.warn(
/work/GRDVULN/correction/.venv/lib64/python3.11/site-packages/sklearn/impute/_base.py:647: UserWarning: Skipping features without any observed values: ['DISCHARGE_TYPE' 'PRESENT_DISCHARGE_PERCENTAGE'
 'PROJECTED_DISCHARGE_PERCENTAGE']. At least one non-missing value is needed for imputation with strategy='median'.
  warnings.warn(
/work/GRDVULN/correction/.venv/lib64/python3.11/site-packages/sklearn/impute/_base.py:647: UserWarning: Skipping features without any observed values: ['DISCHARGE_TYPE' 'PRESENT_DISCHARGE_PERCENTAGE'
 'PROJECTED_DISCHARGE_PERCENTAGE']. At least one non-missing value is needed for imputation with strategy='median'.
  warnings.warn(
/work/GRDVULN/correction/.venv/lib64/python3.11/site-packages/sklearn/impute/_base.py:647: UserWarning: Skipping features without any observed values: ['DISCHARGE_TYPE' 'PRESENT_DISCHARGE_PERCENTAGE'
 'PROJECTED_DISCHARGE_PERCENTAGE']. At least one non-missing value is needed for imputation with strategy='median'.
  warnings.warn(
/work/GRDVULN/correction/.venv/lib64/python3.11/site-packages/sklearn/impute/_base.py:647: UserWarning: Skipping features without any observed values: ['FACILITY_ID' 'STATE_CODE_y' 'DISCHARGES_TO']. At least one non-missing value is needed for imputation with strategy='constant'.
  warnings.warn(
/work/GRDVULN/correction/.venv/lib64/python3.11/site-packages/sklearn/impute/_base.py:647: UserWarning: Skipping features without any observed values: ['DISCHARGE_TYPE' 'PRESENT_DISCHARGE_PERCENTAGE'
 'PROJECTED_DISCHARGE_PERCENTAGE']. At least one non-missing value is needed for imputation with strategy='median'.
  warnings.warn(
/work/GRDVULN/correction/.venv/lib64/python3.11/site-packages/sklearn/impute/_base.py:647: UserWarning: Skipping features without any observed values: ['FACILITY_ID' 'STATE_CODE_y' 'DISCHARGES_TO']. At least one non-missing value is needed for imputation with strategy='constant'.
  warnings.warn(
/work/GRDVULN/correction/.venv/lib64/python3.11/site-packages/sklearn/impute/_base.py:647: UserWarning: Skipping features without any observed values: ['FACILITY_ID' 'STATE_CODE_y' 'DISCHARGES_TO']. At least one non-missing value is needed for imputation with strategy='constant'.
  warnings.warn(
/work/GRDVULN/correction/.venv/lib64/python3.11/site-packages/sklearn/impute/_base.py:647: UserWarning: Skipping features without any observed values: ['FACILITY_ID' 'STATE_CODE_y' 'DISCHARGES_TO']. At least one non-missing value is needed for imputation with strategy='constant'.
  warnings.warn(
/work/GRDVULN/correction/.venv/lib64/python3.11/site-packages/sklearn/impute/_base.py:647: UserWarning: Skipping features without any observed values: ['DISCHARGE_TYPE' 'PRESENT_DISCHARGE_PERCENTAGE'
 'PROJECTED_DISCHARGE_PERCENTAGE']. At least one non-missing value is needed for imputation with strategy='median'.
  warnings.warn(
/work/GRDVULN/correction/.venv/lib64/python3.11/site-packages/sklearn/impute/_base.py:647: UserWarning: Skipping features without any observed values: ['FACILITY_ID' 'STATE_CODE_y' 'DISCHARGES_TO']. At least one non-missing value is needed for imputation with strategy='constant'.
  warnings.warn(
/work/GRDVULN/correction/.venv/lib64/python3.11/site-packages/sklearn/impute/_base.py:647: UserWarning: Skipping features without any observed values: ['DISCHARGE_TYPE' 'PRESENT_DISCHARGE_PERCENTAGE'
 'PROJECTED_DISCHARGE_PERCENTAGE']. At least one non-missing value is needed for imputation with strategy='median'.
  warnings.warn(
/work/GRDVULN/correction/.venv/lib64/python3.11/site-packages/sklearn/impute/_base.py:647: UserWarning: Skipping features without any observed values: ['DISCHARGE_TYPE' 'PRESENT_DISCHARGE_PERCENTAGE'
 'PROJECTED_DISCHARGE_PERCENTAGE']. At least one non-missing value is needed for imputation with strategy='median'.
  warnings.warn(
/work/GRDVULN/correction/.venv/lib64/python3.11/site-packages/sklearn/impute/_base.py:647: UserWarning: Skipping features without any observed values: ['FACILITY_ID' 'STATE_CODE_y' 'DISCHARGES_TO']. At least one non-missing value is needed for imputation with strategy='constant'.
  warnings.warn(
/work/GRDVULN/correction/.venv/lib64/python3.11/site-packages/sklearn/impute/_base.py:647: UserWarning: Skipping features without any observed values: ['DISCHARGE_TYPE' 'PRESENT_DISCHARGE_PERCENTAGE'
 'PROJECTED_DISCHARGE_PERCENTAGE']. At least one non-missing value is needed for imputation with strategy='median'.
  warnings.warn(
/work/GRDVULN/correction/.venv/lib64/python3.11/site-packages/sklearn/impute/_base.py:647: UserWarning: Skipping features without any observed values: ['DISCHARGE_TYPE' 'PRESENT_DISCHARGE_PERCENTAGE'
 'PROJECTED_DISCHARGE_PERCENTAGE']. At least one non-missing value is needed for imputation with strategy='median'.
  warnings.warn(
/work/GRDVULN/correction/.venv/lib64/python3.11/site-packages/sklearn/impute/_base.py:647: UserWarning: Skipping features without any observed values: ['FACILITY_ID' 'STATE_CODE_y' 'DISCHARGES_TO']. At least one non-missing value is needed for imputation with strategy='constant'.
  warnings.warn(
/work/GRDVULN/correction/.venv/lib64/python3.11/site-packages/sklearn/impute/_base.py:647: UserWarning: Skipping features without any observed values: ['FACILITY_ID' 'STATE_CODE_y' 'DISCHARGES_TO']. At least one non-missing value is needed for imputation with strategy='constant'.
  warnings.warn(
/work/GRDVULN/correction/.venv/lib64/python3.11/site-packages/sklearn/impute/_base.py:647: UserWarning: Skipping features without any observed values: ['FACILITY_ID' 'STATE_CODE_y' 'DISCHARGES_TO']. At least one non-missing value is needed for imputation with strategy='constant'.
  warnings.warn(
/work/GRDVULN/correction/.venv/lib64/python3.11/site-packages/sklearn/impute/_base.py:647: UserWarning: Skipping features without any observed values: ['DISCHARGE_TYPE' 'PRESENT_DISCHARGE_PERCENTAGE'
 'PROJECTED_DISCHARGE_PERCENTAGE']. At least one non-missing value is needed for imputation with strategy='median'.
  warnings.warn(
/work/GRDVULN/correction/.venv/lib64/python3.11/site-packages/sklearn/impute/_base.py:647: UserWarning: Skipping features without any observed values: ['DISCHARGE_TYPE' 'PRESENT_DISCHARGE_PERCENTAGE'
 'PROJECTED_DISCHARGE_PERCENTAGE']. At least one non-missing value is needed for imputation with strategy='median'.
  warnings.warn(
/work/GRDVULN/correction/.venv/lib64/python3.11/site-packages/sklearn/impute/_base.py:647: UserWarning: Skipping features without any observed values: ['DISCHARGE_TYPE' 'PRESENT_DISCHARGE_PERCENTAGE'
 'PROJECTED_DISCHARGE_PERCENTAGE']. At least one non-missing value is needed for imputation with strategy='median'.
  warnings.warn(
/work/GRDVULN/correction/.venv/lib64/python3.11/site-packages/sklearn/impute/_base.py:647: UserWarning: Skipping features without any observed values: ['FACILITY_ID' 'STATE_CODE_y' 'DISCHARGES_TO']. At least one non-missing value is needed for imputation with strategy='constant'.
  warnings.warn(
/work/GRDVULN/correction/.venv/lib64/python3.11/site-packages/sklearn/impute/_base.py:647: UserWarning: Skipping features without any observed values: ['FACILITY_ID' 'STATE_CODE_y' 'DISCHARGES_TO']. At least one non-missing value is needed for imputation with strategy='constant'.
  warnings.warn(
/work/GRDVULN/correction/.venv/lib64/python3.11/site-packages/sklearn/impute/_base.py:647: UserWarning: Skipping features without any observed values: ['DISCHARGE_TYPE' 'PRESENT_DISCHARGE_PERCENTAGE'
 'PROJECTED_DISCHARGE_PERCENTAGE']. At least one non-missing value is needed for imputation with strategy='median'.
  warnings.warn(
/work/GRDVULN/correction/.venv/lib64/python3.11/site-packages/sklearn/impute/_base.py:647: UserWarning: Skipping features without any observed values: ['FACILITY_ID' 'STATE_CODE_y' 'DISCHARGES_TO']. At least one non-missing value is needed for imputation with strategy='constant'.
  warnings.warn(
/work/GRDVULN/correction/.venv/lib64/python3.11/site-packages/sklearn/impute/_base.py:647: UserWarning: Skipping features without any observed values: ['DISCHARGE_TYPE' 'PRESENT_DISCHARGE_PERCENTAGE'
 'PROJECTED_DISCHARGE_PERCENTAGE']. At least one non-missing value is needed for imputation with strategy='median'.
  warnings.warn(
/work/GRDVULN/correction/.venv/lib64/python3.11/site-packages/sklearn/impute/_base.py:647: UserWarning: Skipping features without any observed values: ['FACILITY_ID' 'STATE_CODE_y' 'DISCHARGES_TO']. At least one non-missing value is needed for imputation with strategy='constant'.
  warnings.warn(
/work/GRDVULN/correction/.venv/lib64/python3.11/site-packages/sklearn/impute/_base.py:647: UserWarning: Skipping features without any observed values: ['FACILITY_ID' 'STATE_CODE_y' 'DISCHARGES_TO']. At least one non-missing value is needed for imputation with strategy='constant'.
  warnings.warn(
/work/GRDVULN/correction/.venv/lib64/python3.11/site-packages/sklearn/impute/_base.py:647: UserWarning: Skipping features without any observed values: ['DISCHARGE_TYPE' 'PRESENT_DISCHARGE_PERCENTAGE'
 'PROJECTED_DISCHARGE_PERCENTAGE']. At least one non-missing value is needed for imputation with strategy='median'.
  warnings.warn(
/work/GRDVULN/correction/.venv/lib64/python3.11/site-packages/sklearn/impute/_base.py:647: UserWarning: Skipping features without any observed values: ['FACILITY_ID' 'STATE_CODE_y' 'DISCHARGES_TO']. At least one non-missing value is needed for imputation with strategy='constant'.
  warnings.warn(
/work/GRDVULN/correction/.venv/lib64/python3.11/site-packages/sklearn/impute/_base.py:647: UserWarning: Skipping features without any observed values: ['DISCHARGE_TYPE' 'PRESENT_DISCHARGE_PERCENTAGE'
 'PROJECTED_DISCHARGE_PERCENTAGE']. At least one non-missing value is needed for imputation with strategy='median'.
  warnings.warn(
/work/GRDVULN/correction/.venv/lib64/python3.11/site-packages/sklearn/impute/_base.py:647: UserWarning: Skipping features without any observed values: ['DISCHARGE_TYPE' 'PRESENT_DISCHARGE_PERCENTAGE'
 'PROJECTED_DISCHARGE_PERCENTAGE']. At least one non-missing value is needed for imputation with strategy='median'.
  warnings.warn(
/work/GRDVULN/correction/.venv/lib64/python3.11/site-packages/sklearn/impute/_base.py:647: UserWarning: Skipping features without any observed values: ['FACILITY_ID' 'STATE_CODE_y' 'DISCHARGES_TO']. At least one non-missing value is needed for imputation with strategy='constant'.
  warnings.warn(
/work/GRDVULN/correction/.venv/lib64/python3.11/site-packages/sklearn/impute/_base.py:647: UserWarning: Skipping features without any observed values: ['DISCHARGE_TYPE' 'PRESENT_DISCHARGE_PERCENTAGE'
 'PROJECTED_DISCHARGE_PERCENTAGE']. At least one non-missing value is needed for imputation with strategy='median'.
  warnings.warn(
/work/GRDVULN/correction/.venv/lib64/python3.11/site-packages/sklearn/impute/_base.py:647: UserWarning: Skipping features without any observed values: ['FACILITY_ID' 'STATE_CODE_y' 'DISCHARGES_TO']. At least one non-missing value is needed for imputation with strategy='constant'.
  warnings.warn(
/work/GRDVULN/correction/.venv/lib64/python3.11/site-packages/sklearn/impute/_base.py:647: UserWarning: Skipping features without any observed values: ['FACILITY_ID' 'STATE_CODE_y' 'DISCHARGES_TO']. At least one non-missing value is needed for imputation with strategy='constant'.
  warnings.warn(
/work/GRDVULN/correction/.venv/lib64/python3.11/site-packages/sklearn/impute/_base.py:647: UserWarning: Skipping features without any observed values: ['DISCHARGE_TYPE' 'PRESENT_DISCHARGE_PERCENTAGE'
 'PROJECTED_DISCHARGE_PERCENTAGE']. At least one non-missing value is needed for imputation with strategy='median'.
  warnings.warn(
/work/GRDVULN/correction/.venv/lib64/python3.11/site-packages/sklearn/impute/_base.py:647: UserWarning: Skipping features without any observed values: ['DISCHARGE_TYPE' 'PRESENT_DISCHARGE_PERCENTAGE'
 'PROJECTED_DISCHARGE_PERCENTAGE']. At least one non-missing value is needed for imputation with strategy='median'.
  warnings.warn(
/work/GRDVULN/correction/.venv/lib64/python3.11/site-packages/sklearn/impute/_base.py:647: UserWarning: Skipping features without any observed values: ['DISCHARGE_TYPE' 'PRESENT_DISCHARGE_PERCENTAGE'
 'PROJECTED_DISCHARGE_PERCENTAGE']. At least one non-missing value is needed for imputation with strategy='median'.
  warnings.warn(
/work/GRDVULN/correction/.venv/lib64/python3.11/site-packages/sklearn/impute/_base.py:647: UserWarning: Skipping features without any observed values: ['FACILITY_ID' 'STATE_CODE_y' 'DISCHARGES_TO']. At least one non-missing value is needed for imputation with strategy='constant'.
  warnings.warn(
/work/GRDVULN/correction/.venv/lib64/python3.11/site-packages/sklearn/impute/_base.py:647: UserWarning: Skipping features without any observed values: ['FACILITY_ID' 'STATE_CODE_y' 'DISCHARGES_TO']. At least one non-missing value is needed for imputation with strategy='constant'.
  warnings.warn(
/work/GRDVULN/correction/.venv/lib64/python3.11/site-packages/sklearn/impute/_base.py:647: UserWarning: Skipping features without any observed values: ['FACILITY_ID' 'STATE_CODE_y' 'DISCHARGES_TO']. At least one non-missing value is needed for imputation with strategy='constant'.
  warnings.warn(
/work/GRDVULN/correction/.venv/lib64/python3.11/site-packages/sklearn/impute/_base.py:647: UserWarning: Skipping features without any observed values: ['DISCHARGE_TYPE' 'PRESENT_DISCHARGE_PERCENTAGE'
 'PROJECTED_DISCHARGE_PERCENTAGE']. At least one non-missing value is needed for imputation with strategy='median'.
  warnings.warn(
/work/GRDVULN/correction/.venv/lib64/python3.11/site-packages/sklearn/impute/_base.py:647: UserWarning: Skipping features without any observed values: ['DISCHARGE_TYPE' 'PRESENT_DISCHARGE_PERCENTAGE'
 'PROJECTED_DISCHARGE_PERCENTAGE']. At least one non-missing value is needed for imputation with strategy='median'.
  warnings.warn(
/work/GRDVULN/correction/.venv/lib64/python3.11/site-packages/sklearn/impute/_base.py:647: UserWarning: Skipping features without any observed values: ['DISCHARGE_TYPE' 'PRESENT_DISCHARGE_PERCENTAGE'
 'PROJECTED_DISCHARGE_PERCENTAGE']. At least one non-missing value is needed for imputation with strategy='median'.
  warnings.warn(
/work/GRDVULN/correction/.venv/lib64/python3.11/site-packages/sklearn/impute/_base.py:647: UserWarning: Skipping features without any observed values: ['FACILITY_ID' 'STATE_CODE_y' 'DISCHARGES_TO']. At least one non-missing value is needed for imputation with strategy='constant'.
  warnings.warn(
/work/GRDVULN/correction/.venv/lib64/python3.11/site-packages/sklearn/impute/_base.py:647: UserWarning: Skipping features without any observed values: ['FACILITY_ID' 'STATE_CODE_y' 'DISCHARGES_TO']. At least one non-missing value is needed for imputation with strategy='constant'.
  warnings.warn(
/work/GRDVULN/correction/.venv/lib64/python3.11/site-packages/sklearn/impute/_base.py:647: UserWarning: Skipping features without any observed values: ['DISCHARGE_TYPE' 'PRESENT_DISCHARGE_PERCENTAGE'
 'PROJECTED_DISCHARGE_PERCENTAGE']. At least one non-missing value is needed for imputation with strategy='median'.
  warnings.warn(
/work/GRDVULN/correction/.venv/lib64/python3.11/site-packages/sklearn/impute/_base.py:647: UserWarning: Skipping features without any observed values: ['FACILITY_ID' 'STATE_CODE_y' 'DISCHARGES_TO']. At least one non-missing value is needed for imputation with strategy='constant'.
  warnings.warn(
/work/GRDVULN/correction/.venv/lib64/python3.11/site-packages/sklearn/impute/_base.py:647: UserWarning: Skipping features without any observed values: ['DISCHARGE_TYPE' 'PRESENT_DISCHARGE_PERCENTAGE'
 'PROJECTED_DISCHARGE_PERCENTAGE']. At least one non-missing value is needed for imputation with strategy='median'.
  warnings.warn(
/work/GRDVULN/correction/.venv/lib64/python3.11/site-packages/sklearn/impute/_base.py:647: UserWarning: Skipping features without any observed values: ['DISCHARGE_TYPE' 'PRESENT_DISCHARGE_PERCENTAGE'
 'PROJECTED_DISCHARGE_PERCENTAGE']. At least one non-missing value is needed for imputation with strategy='median'.
  warnings.warn(
/work/GRDVULN/correction/.venv/lib64/python3.11/site-packages/sklearn/impute/_base.py:647: UserWarning: Skipping features without any observed values: ['FACILITY_ID' 'STATE_CODE_y' 'DISCHARGES_TO']. At least one non-missing value is needed for imputation with strategy='constant'.
  warnings.warn(
/work/GRDVULN/correction/.venv/lib64/python3.11/site-packages/sklearn/impute/_base.py:647: UserWarning: Skipping features without any observed values: ['FACILITY_ID' 'STATE_CODE_y' 'DISCHARGES_TO']. At least one non-missing value is needed for imputation with strategy='constant'.
  warnings.warn(
/work/GRDVULN/correction/.venv/lib64/python3.11/site-packages/sklearn/impute/_base.py:647: UserWarning: Skipping features without any observed values: ['DISCHARGE_TYPE' 'PRESENT_DISCHARGE_PERCENTAGE'
 'PROJECTED_DISCHARGE_PERCENTAGE']. At least one non-missing value is needed for imputation with strategy='median'.
  warnings.warn(
/work/GRDVULN/correction/.venv/lib64/python3.11/site-packages/sklearn/impute/_base.py:647: UserWarning: Skipping features without any observed values: ['FACILITY_ID' 'STATE_CODE_y' 'DISCHARGES_TO']. At least one non-missing value is needed for imputation with strategy='constant'.
  warnings.warn(
/work/GRDVULN/correction/.venv/lib64/python3.11/site-packages/sklearn/impute/_base.py:647: UserWarning: Skipping features without any observed values: ['FACILITY_ID' 'STATE_CODE_y' 'DISCHARGES_TO']. At least one non-missing value is needed for imputation with strategy='constant'.
  warnings.warn(
/work/GRDVULN/correction/.venv/lib64/python3.11/site-packages/sklearn/impute/_base.py:647: UserWarning: Skipping features without any observed values: ['DISCHARGE_TYPE' 'PRESENT_DISCHARGE_PERCENTAGE'
 'PROJECTED_DISCHARGE_PERCENTAGE']. At least one non-missing value is needed for imputation with strategy='median'.
  warnings.warn(
/work/GRDVULN/correction/.venv/lib64/python3.11/site-packages/sklearn/impute/_base.py:647: UserWarning: Skipping features without any observed values: ['DISCHARGE_TYPE' 'PRESENT_DISCHARGE_PERCENTAGE'
 'PROJECTED_DISCHARGE_PERCENTAGE']. At least one non-missing value is needed for imputation with strategy='median'.
  warnings.warn(
/work/GRDVULN/correction/.venv/lib64/python3.11/site-packages/sklearn/impute/_base.py:647: UserWarning: Skipping features without any observed values: ['FACILITY_ID' 'STATE_CODE_y' 'DISCHARGES_TO']. At least one non-missing value is needed for imputation with strategy='constant'.
  warnings.warn(
/work/GRDVULN/correction/.venv/lib64/python3.11/site-packages/sklearn/impute/_base.py:647: UserWarning: Skipping features without any observed values: ['DISCHARGE_TYPE' 'PRESENT_DISCHARGE_PERCENTAGE'
 'PROJECTED_DISCHARGE_PERCENTAGE']. At least one non-missing value is needed for imputation with strategy='median'.
  warnings.warn(
/work/GRDVULN/correction/.venv/lib64/python3.11/site-packages/sklearn/impute/_base.py:647: UserWarning: Skipping features without any observed values: ['FACILITY_ID' 'STATE_CODE_y' 'DISCHARGES_TO']. At least one non-missing value is needed for imputation with strategy='constant'.
  warnings.warn(
/work/GRDVULN/correction/.venv/lib64/python3.11/site-packages/sklearn/impute/_base.py:647: UserWarning: Skipping features without any observed values: ['FACILITY_ID' 'STATE_CODE_y' 'DISCHARGES_TO']. At least one non-missing value is needed for imputation with strategy='constant'.
  warnings.warn(
/work/GRDVULN/correction/.venv/lib64/python3.11/site-packages/sklearn/impute/_base.py:647: UserWarning: Skipping features without any observed values: ['DISCHARGE_TYPE' 'PRESENT_DISCHARGE_PERCENTAGE'
 'PROJECTED_DISCHARGE_PERCENTAGE']. At least one non-missing value is needed for imputation with strategy='median'.
  warnings.warn(
/work/GRDVULN/correction/.venv/lib64/python3.11/site-packages/sklearn/impute/_base.py:647: UserWarning: Skipping features without any observed values: ['DISCHARGE_TYPE' 'PRESENT_DISCHARGE_PERCENTAGE'
 'PROJECTED_DISCHARGE_PERCENTAGE']. At least one non-missing value is needed for imputation with strategy='median'.
  warnings.warn(
/work/GRDVULN/correction/.venv/lib64/python3.11/site-packages/sklearn/impute/_base.py:647: UserWarning: Skipping features without any observed values: ['DISCHARGE_TYPE' 'PRESENT_DISCHARGE_PERCENTAGE'
 'PROJECTED_DISCHARGE_PERCENTAGE']. At least one non-missing value is needed for imputation with strategy='median'.
  warnings.warn(
/work/GRDVULN/correction/.venv/lib64/python3.11/site-packages/sklearn/impute/_base.py:647: UserWarning: Skipping features without any observed values: ['FACILITY_ID' 'STATE_CODE_y' 'DISCHARGES_TO']. At least one non-missing value is needed for imputation with strategy='constant'.
  warnings.warn(
/work/GRDVULN/correction/.venv/lib64/python3.11/site-packages/sklearn/impute/_base.py:647: UserWarning: Skipping features without any observed values: ['FACILITY_ID' 'STATE_CODE_y' 'DISCHARGES_TO']. At least one non-missing value is needed for imputation with strategy='constant'.
  warnings.warn(
/work/GRDVULN/correction/.venv/lib64/python3.11/site-packages/sklearn/impute/_base.py:647: UserWarning: Skipping features without any observed values: ['FACILITY_ID' 'STATE_CODE_y' 'DISCHARGES_TO']. At least one non-missing value is needed for imputation with strategy='constant'.
  warnings.warn(
/work/GRDVULN/correction/.venv/lib64/python3.11/site-packages/sklearn/impute/_base.py:647: UserWarning: Skipping features without any observed values: ['FACILITY_ID' 'STATE_CODE_y' 'DISCHARGES_TO']. At least one non-missing value is needed for imputation with strategy='constant'.
  warnings.warn(
/work/GRDVULN/correction/.venv/lib64/python3.11/site-packages/sklearn/impute/_base.py:647: UserWarning: Skipping features without any observed values: ['FACILITY_ID' 'STATE_CODE_y' 'DISCHARGES_TO']. At least one non-missing value is needed for imputation with strategy='constant'.
  warnings.warn(
/work/GRDVULN/correction/.venv/lib64/python3.11/site-packages/sklearn/impute/_base.py:647: UserWarning: Skipping features without any observed values: ['DISCHARGE_TYPE' 'PRESENT_DISCHARGE_PERCENTAGE'
 'PROJECTED_DISCHARGE_PERCENTAGE']. At least one non-missing value is needed for imputation with strategy='median'.
  warnings.warn(
/work/GRDVULN/correction/.venv/lib64/python3.11/site-packages/sklearn/impute/_base.py:647: UserWarning: Skipping features without any observed values: ['DISCHARGE_TYPE' 'PRESENT_DISCHARGE_PERCENTAGE'
 'PROJECTED_DISCHARGE_PERCENTAGE']. At least one non-missing value is needed for imputation with strategy='median'.
  warnings.warn(
/work/GRDVULN/correction/.venv/lib64/python3.11/site-packages/sklearn/impute/_base.py:647: UserWarning: Skipping features without any observed values: ['DISCHARGE_TYPE' 'PRESENT_DISCHARGE_PERCENTAGE'
 'PROJECTED_DISCHARGE_PERCENTAGE']. At least one non-missing value is needed for imputation with strategy='median'.
  warnings.warn(
/work/GRDVULN/correction/.venv/lib64/python3.11/site-packages/sklearn/impute/_base.py:647: UserWarning: Skipping features without any observed values: ['DISCHARGE_TYPE' 'PRESENT_DISCHARGE_PERCENTAGE'
 'PROJECTED_DISCHARGE_PERCENTAGE']. At least one non-missing value is needed for imputation with strategy='median'.
  warnings.warn(
/work/GRDVULN/correction/.venv/lib64/python3.11/site-packages/sklearn/impute/_base.py:647: UserWarning: Skipping features without any observed values: ['DISCHARGE_TYPE' 'PRESENT_DISCHARGE_PERCENTAGE'
 'PROJECTED_DISCHARGE_PERCENTAGE']. At least one non-missing value is needed for imputation with strategy='median'.
  warnings.warn(
/work/GRDVULN/correction/.venv/lib64/python3.11/site-packages/sklearn/impute/_base.py:647: UserWarning: Skipping features without any observed values: ['FACILITY_ID' 'STATE_CODE_y' 'DISCHARGES_TO']. At least one non-missing value is needed for imputation with strategy='constant'.
  warnings.warn(
/work/GRDVULN/correction/.venv/lib64/python3.11/site-packages/sklearn/impute/_base.py:647: UserWarning: Skipping features without any observed values: ['FACILITY_ID' 'STATE_CODE_y' 'DISCHARGES_TO']. At least one non-missing value is needed for imputation with strategy='constant'.
  warnings.warn(
/work/GRDVULN/correction/.venv/lib64/python3.11/site-packages/sklearn/impute/_base.py:647: UserWarning: Skipping features without any observed values: ['DISCHARGE_TYPE' 'PRESENT_DISCHARGE_PERCENTAGE'
 'PROJECTED_DISCHARGE_PERCENTAGE']. At least one non-missing value is needed for imputation with strategy='median'.
  warnings.warn(
/work/GRDVULN/correction/.venv/lib64/python3.11/site-packages/sklearn/impute/_base.py:647: UserWarning: Skipping features without any observed values: ['DISCHARGE_TYPE' 'PRESENT_DISCHARGE_PERCENTAGE'
 'PROJECTED_DISCHARGE_PERCENTAGE']. At least one non-missing value is needed for imputation with strategy='median'.
  warnings.warn(
/work/GRDVULN/correction/.venv/lib64/python3.11/site-packages/sklearn/impute/_base.py:647: UserWarning: Skipping features without any observed values: ['FACILITY_ID' 'STATE_CODE_y' 'DISCHARGES_TO']. At least one non-missing value is needed for imputation with strategy='constant'.
  warnings.warn(
/work/GRDVULN/correction/.venv/lib64/python3.11/site-packages/sklearn/impute/_base.py:647: UserWarning: Skipping features without any observed values: ['DISCHARGE_TYPE' 'PRESENT_DISCHARGE_PERCENTAGE'
 'PROJECTED_DISCHARGE_PERCENTAGE']. At least one non-missing value is needed for imputation with strategy='median'.
  warnings.warn(
/work/GRDVULN/correction/.venv/lib64/python3.11/site-packages/sklearn/impute/_base.py:647: UserWarning: Skipping features without any observed values: ['FACILITY_ID' 'STATE_CODE_y' 'DISCHARGES_TO']. At least one non-missing value is needed for imputation with strategy='constant'.
  warnings.warn(
/work/GRDVULN/correction/.venv/lib64/python3.11/site-packages/sklearn/impute/_base.py:647: UserWarning: Skipping features without any observed values: ['FACILITY_ID' 'STATE_CODE_y' 'DISCHARGES_TO']. At least one non-missing value is needed for imputation with strategy='constant'.
  warnings.warn(
/work/GRDVULN/correction/.venv/lib64/python3.11/site-packages/sklearn/impute/_base.py:647: UserWarning: Skipping features without any observed values: ['FACILITY_ID' 'STATE_CODE_y' 'DISCHARGES_TO']. At least one non-missing value is needed for imputation with strategy='constant'.
  warnings.warn(
/work/GRDVULN/correction/.venv/lib64/python3.11/site-packages/sklearn/impute/_base.py:647: UserWarning: Skipping features without any observed values: ['DISCHARGE_TYPE' 'PRESENT_DISCHARGE_PERCENTAGE'
 'PROJECTED_DISCHARGE_PERCENTAGE']. At least one non-missing value is needed for imputation with strategy='median'.
  warnings.warn(
/work/GRDVULN/correction/.venv/lib64/python3.11/site-packages/sklearn/impute/_base.py:647: UserWarning: Skipping features without any observed values: ['DISCHARGE_TYPE' 'PRESENT_DISCHARGE_PERCENTAGE'
 'PROJECTED_DISCHARGE_PERCENTAGE']. At least one non-missing value is needed for imputation with strategy='median'.
  warnings.warn(
/work/GRDVULN/correction/.venv/lib64/python3.11/site-packages/sklearn/impute/_base.py:647: UserWarning: Skipping features without any observed values: ['DISCHARGE_TYPE' 'PRESENT_DISCHARGE_PERCENTAGE'
 'PROJECTED_DISCHARGE_PERCENTAGE']. At least one non-missing value is needed for imputation with strategy='median'.
  warnings.warn(
/work/GRDVULN/correction/.venv/lib64/python3.11/site-packages/sklearn/impute/_base.py:647: UserWarning: Skipping features without any observed values: ['FACILITY_ID' 'STATE_CODE_y' 'DISCHARGES_TO']. At least one non-missing value is needed for imputation with strategy='constant'.
  warnings.warn(
/work/GRDVULN/correction/.venv/lib64/python3.11/site-packages/sklearn/impute/_base.py:647: UserWarning: Skipping features without any observed values: ['DISCHARGE_TYPE' 'PRESENT_DISCHARGE_PERCENTAGE'
 'PROJECTED_DISCHARGE_PERCENTAGE']. At least one non-missing value is needed for imputation with strategy='median'.
  warnings.warn(
/work/GRDVULN/correction/.venv/lib64/python3.11/site-packages/sklearn/impute/_base.py:647: UserWarning: Skipping features without any observed values: ['FACILITY_ID' 'STATE_CODE_y' 'DISCHARGES_TO']. At least one non-missing value is needed for imputation with strategy='constant'.
  warnings.warn(
/work/GRDVULN/correction/.venv/lib64/python3.11/site-packages/sklearn/impute/_base.py:647: UserWarning: Skipping features without any observed values: ['DISCHARGE_TYPE' 'PRESENT_DISCHARGE_PERCENTAGE'
 'PROJECTED_DISCHARGE_PERCENTAGE']. At least one non-missing value is needed for imputation with strategy='median'.
  warnings.warn(
/work/GRDVULN/correction/.venv/lib64/python3.11/site-packages/sklearn/impute/_base.py:647: UserWarning: Skipping features without any observed values: ['FACILITY_ID' 'STATE_CODE_y' 'DISCHARGES_TO']. At least one non-missing value is needed for imputation with strategy='constant'.
  warnings.warn(
/work/GRDVULN/correction/.venv/lib64/python3.11/site-packages/sklearn/impute/_base.py:647: UserWarning: Skipping features without any observed values: ['DISCHARGE_TYPE' 'PRESENT_DISCHARGE_PERCENTAGE'
 'PROJECTED_DISCHARGE_PERCENTAGE']. At least one non-missing value is needed for imputation with strategy='median'.
  warnings.warn(
/work/GRDVULN/correction/.venv/lib64/python3.11/site-packages/sklearn/impute/_base.py:647: UserWarning: Skipping features without any observed values: ['FACILITY_ID' 'STATE_CODE_y' 'DISCHARGES_TO']. At least one non-missing value is needed for imputation with strategy='constant'.
  warnings.warn(
/work/GRDVULN/correction/.venv/lib64/python3.11/site-packages/sklearn/impute/_base.py:647: UserWarning: Skipping features without any observed values: ['FACILITY_ID' 'STATE_CODE_y' 'DISCHARGES_TO']. At least one non-missing value is needed for imputation with strategy='constant'.
  warnings.warn(
/work/GRDVULN/correction/.venv/lib64/python3.11/site-packages/sklearn/impute/_base.py:647: UserWarning: Skipping features without any observed values: ['DISCHARGE_TYPE' 'PRESENT_DISCHARGE_PERCENTAGE'
 'PROJECTED_DISCHARGE_PERCENTAGE']. At least one non-missing value is needed for imputation with strategy='median'.
  warnings.warn(
/work/GRDVULN/correction/.venv/lib64/python3.11/site-packages/sklearn/impute/_base.py:647: UserWarning: Skipping features without any observed values: ['FACILITY_ID' 'STATE_CODE_y' 'DISCHARGES_TO']. At least one non-missing value is needed for imputation with strategy='constant'.
  warnings.warn(
/work/GRDVULN/correction/.venv/lib64/python3.11/site-packages/sklearn/impute/_base.py:647: UserWarning: Skipping features without any observed values: ['FACILITY_ID' 'STATE_CODE_y' 'DISCHARGES_TO']. At least one non-missing value is needed for imputation with strategy='constant'.
  warnings.warn(
/work/GRDVULN/correction/.venv/lib64/python3.11/site-packages/sklearn/impute/_base.py:647: UserWarning: Skipping features without any observed values: ['FACILITY_ID' 'STATE_CODE_y' 'DISCHARGES_TO']. At least one non-missing value is needed for imputation with strategy='constant'.
  warnings.warn(
/work/GRDVULN/correction/.venv/lib64/python3.11/site-packages/sklearn/impute/_base.py:647: UserWarning: Skipping features without any observed values: ['DISCHARGE_TYPE' 'PRESENT_DISCHARGE_PERCENTAGE'
 'PROJECTED_DISCHARGE_PERCENTAGE']. At least one non-missing value is needed for imputation with strategy='median'.
  warnings.warn(
/work/GRDVULN/correction/.venv/lib64/python3.11/site-packages/sklearn/impute/_base.py:647: UserWarning: Skipping features without any observed values: ['DISCHARGE_TYPE' 'PRESENT_DISCHARGE_PERCENTAGE'
 'PROJECTED_DISCHARGE_PERCENTAGE']. At least one non-missing value is needed for imputation with strategy='median'.
  warnings.warn(
/work/GRDVULN/correction/.venv/lib64/python3.11/site-packages/sklearn/impute/_base.py:647: UserWarning: Skipping features without any observed values: ['DISCHARGE_TYPE' 'PRESENT_DISCHARGE_PERCENTAGE'
 'PROJECTED_DISCHARGE_PERCENTAGE']. At least one non-missing value is needed for imputation with strategy='median'.
  warnings.warn(
/work/GRDVULN/correction/.venv/lib64/python3.11/site-packages/sklearn/impute/_base.py:647: UserWarning: Skipping features without any observed values: ['DISCHARGE_TYPE' 'PRESENT_DISCHARGE_PERCENTAGE'
 'PROJECTED_DISCHARGE_PERCENTAGE']. At least one non-missing value is needed for imputation with strategy='median'.
  warnings.warn(
/work/GRDVULN/correction/.venv/lib64/python3.11/site-packages/sklearn/impute/_base.py:647: UserWarning: Skipping features without any observed values: ['FACILITY_ID' 'STATE_CODE_y' 'DISCHARGES_TO']. At least one non-missing value is needed for imputation with strategy='constant'.
  warnings.warn(
/work/GRDVULN/correction/.venv/lib64/python3.11/site-packages/sklearn/impute/_base.py:647: UserWarning: Skipping features without any observed values: ['DISCHARGE_TYPE' 'PRESENT_DISCHARGE_PERCENTAGE'
 'PROJECTED_DISCHARGE_PERCENTAGE']. At least one non-missing value is needed for imputation with strategy='median'.
  warnings.warn(
/work/GRDVULN/correction/.venv/lib64/python3.11/site-packages/sklearn/impute/_base.py:647: UserWarning: Skipping features without any observed values: ['FACILITY_ID' 'STATE_CODE_y' 'DISCHARGES_TO']. At least one non-missing value is needed for imputation with strategy='constant'.
  warnings.warn(
/work/GRDVULN/correction/.venv/lib64/python3.11/site-packages/sklearn/impute/_base.py:647: UserWarning: Skipping features without any observed values: ['DISCHARGE_TYPE' 'PRESENT_DISCHARGE_PERCENTAGE'
 'PROJECTED_DISCHARGE_PERCENTAGE']. At least one non-missing value is needed for imputation with strategy='median'.
  warnings.warn(
/work/GRDVULN/correction/.venv/lib64/python3.11/site-packages/sklearn/impute/_base.py:647: UserWarning: Skipping features without any observed values: ['FACILITY_ID' 'STATE_CODE_y' 'DISCHARGES_TO']. At least one non-missing value is needed for imputation with strategy='constant'.
  warnings.warn(
/work/GRDVULN/correction/.venv/lib64/python3.11/site-packages/sklearn/impute/_base.py:647: UserWarning: Skipping features without any observed values: ['DISCHARGE_TYPE' 'PRESENT_DISCHARGE_PERCENTAGE'
 'PROJECTED_DISCHARGE_PERCENTAGE']. At least one non-missing value is needed for imputation with strategy='median'.
  warnings.warn(
/work/GRDVULN/correction/.venv/lib64/python3.11/site-packages/sklearn/impute/_base.py:647: UserWarning: Skipping features without any observed values: ['FACILITY_ID' 'STATE_CODE_y' 'DISCHARGES_TO']. At least one non-missing value is needed for imputation with strategy='constant'.
  warnings.warn(
/work/GRDVULN/correction/.venv/lib64/python3.11/site-packages/sklearn/impute/_base.py:647: UserWarning: Skipping features without any observed values: ['DISCHARGE_TYPE' 'PRESENT_DISCHARGE_PERCENTAGE'
 'PROJECTED_DISCHARGE_PERCENTAGE']. At least one non-missing value is needed for imputation with strategy='median'.
  warnings.warn(
/work/GRDVULN/correction/.venv/lib64/python3.11/site-packages/sklearn/impute/_base.py:647: UserWarning: Skipping features without any observed values: ['FACILITY_ID' 'STATE_CODE_y' 'DISCHARGES_TO']. At least one non-missing value is needed for imputation with strategy='constant'.
  warnings.warn(
/work/GRDVULN/correction/.venv/lib64/python3.11/site-packages/sklearn/impute/_base.py:647: UserWarning: Skipping features without any observed values: ['FACILITY_ID' 'STATE_CODE_y' 'DISCHARGES_TO']. At least one non-missing value is needed for imputation with strategy='constant'.
  warnings.warn(
/work/GRDVULN/correction/.venv/lib64/python3.11/site-packages/sklearn/impute/_base.py:647: UserWarning: Skipping features without any observed values: ['DISCHARGE_TYPE' 'PRESENT_DISCHARGE_PERCENTAGE'
 'PROJECTED_DISCHARGE_PERCENTAGE']. At least one non-missing value is needed for imputation with strategy='median'.
  warnings.warn(
/work/GRDVULN/correction/.venv/lib64/python3.11/site-packages/sklearn/impute/_base.py:647: UserWarning: Skipping features without any observed values: ['DISCHARGE_TYPE' 'PRESENT_DISCHARGE_PERCENTAGE'
 'PROJECTED_DISCHARGE_PERCENTAGE']. At least one non-missing value is needed for imputation with strategy='median'.
  warnings.warn(
/work/GRDVULN/correction/.venv/lib64/python3.11/site-packages/sklearn/impute/_base.py:647: UserWarning: Skipping features without any observed values: ['FACILITY_ID' 'STATE_CODE_y' 'DISCHARGES_TO']. At least one non-missing value is needed for imputation with strategy='constant'.
  warnings.warn(
/work/GRDVULN/correction/.venv/lib64/python3.11/site-packages/sklearn/impute/_base.py:647: UserWarning: Skipping features without any observed values: ['DISCHARGE_TYPE' 'PRESENT_DISCHARGE_PERCENTAGE'
 'PROJECTED_DISCHARGE_PERCENTAGE']. At least one non-missing value is needed for imputation with strategy='median'.
  warnings.warn(
/work/GRDVULN/correction/.venv/lib64/python3.11/site-packages/sklearn/impute/_base.py:647: UserWarning: Skipping features without any observed values: ['FACILITY_ID' 'STATE_CODE_y' 'DISCHARGES_TO']. At least one non-missing value is needed for imputation with strategy='constant'.
  warnings.warn(
/work/GRDVULN/correction/.venv/lib64/python3.11/site-packages/sklearn/impute/_base.py:647: UserWarning: Skipping features without any observed values: ['FACILITY_ID' 'STATE_CODE_y' 'DISCHARGES_TO']. At least one non-missing value is needed for imputation with strategy='constant'.
  warnings.warn(
/work/GRDVULN/correction/.venv/lib64/python3.11/site-packages/sklearn/impute/_base.py:647: UserWarning: Skipping features without any observed values: ['DISCHARGE_TYPE' 'PRESENT_DISCHARGE_PERCENTAGE'
 'PROJECTED_DISCHARGE_PERCENTAGE']. At least one non-missing value is needed for imputation with strategy='median'.
  warnings.warn(
/work/GRDVULN/correction/.venv/lib64/python3.11/site-packages/sklearn/impute/_base.py:647: UserWarning: Skipping features without any observed values: ['DISCHARGE_TYPE' 'PRESENT_DISCHARGE_PERCENTAGE'
 'PROJECTED_DISCHARGE_PERCENTAGE']. At least one non-missing value is needed for imputation with strategy='median'.
  warnings.warn(
/work/GRDVULN/correction/.venv/lib64/python3.11/site-packages/sklearn/impute/_base.py:647: UserWarning: Skipping features without any observed values: ['FACILITY_ID' 'STATE_CODE_y' 'DISCHARGES_TO']. At least one non-missing value is needed for imputation with strategy='constant'.
  warnings.warn(
/work/GRDVULN/correction/.venv/lib64/python3.11/site-packages/sklearn/impute/_base.py:647: UserWarning: Skipping features without any observed values: ['DISCHARGE_TYPE' 'PRESENT_DISCHARGE_PERCENTAGE'
 'PROJECTED_DISCHARGE_PERCENTAGE']. At least one non-missing value is needed for imputation with strategy='median'.
  warnings.warn(
/work/GRDVULN/correction/.venv/lib64/python3.11/site-packages/sklearn/impute/_base.py:647: UserWarning: Skipping features without any observed values: ['FACILITY_ID' 'STATE_CODE_y' 'DISCHARGES_TO']. At least one non-missing value is needed for imputation with strategy='constant'.
  warnings.warn(
/work/GRDVULN/correction/.venv/lib64/python3.11/site-packages/sklearn/impute/_base.py:647: UserWarning: Skipping features without any observed values: ['DISCHARGE_TYPE' 'PRESENT_DISCHARGE_PERCENTAGE'
 'PROJECTED_DISCHARGE_PERCENTAGE']. At least one non-missing value is needed for imputation with strategy='median'.
  warnings.warn(
/work/GRDVULN/correction/.venv/lib64/python3.11/site-packages/sklearn/impute/_base.py:647: UserWarning: Skipping features without any observed values: ['FACILITY_ID' 'STATE_CODE_y' 'DISCHARGES_TO']. At least one non-missing value is needed for imputation with strategy='constant'.
  warnings.warn(
/work/GRDVULN/correction/.venv/lib64/python3.11/site-packages/sklearn/impute/_base.py:647: UserWarning: Skipping features without any observed values: ['DISCHARGE_TYPE' 'PRESENT_DISCHARGE_PERCENTAGE'
 'PROJECTED_DISCHARGE_PERCENTAGE']. At least one non-missing value is needed for imputation with strategy='median'.
  warnings.warn(
/work/GRDVULN/correction/.venv/lib64/python3.11/site-packages/sklearn/impute/_base.py:647: UserWarning: Skipping features without any observed values: ['FACILITY_ID' 'STATE_CODE_y' 'DISCHARGES_TO']. At least one non-missing value is needed for imputation with strategy='constant'.
  warnings.warn(
/work/GRDVULN/correction/.venv/lib64/python3.11/site-packages/sklearn/impute/_base.py:647: UserWarning: Skipping features without any observed values: ['DISCHARGE_TYPE' 'PRESENT_DISCHARGE_PERCENTAGE'
 'PROJECTED_DISCHARGE_PERCENTAGE']. At least one non-missing value is needed for imputation with strategy='median'.
  warnings.warn(
/work/GRDVULN/correction/.venv/lib64/python3.11/site-packages/sklearn/impute/_base.py:647: UserWarning: Skipping features without any observed values: ['FACILITY_ID' 'STATE_CODE_y' 'DISCHARGES_TO']. At least one non-missing value is needed for imputation with strategy='constant'.
  warnings.warn(
/work/GRDVULN/correction/.venv/lib64/python3.11/site-packages/sklearn/impute/_base.py:647: UserWarning: Skipping features without any observed values: ['DISCHARGE_TYPE' 'PRESENT_DISCHARGE_PERCENTAGE'
 'PROJECTED_DISCHARGE_PERCENTAGE']. At least one non-missing value is needed for imputation with strategy='median'.
  warnings.warn(
/work/GRDVULN/correction/.venv/lib64/python3.11/site-packages/sklearn/impute/_base.py:647: UserWarning: Skipping features without any observed values: ['FACILITY_ID' 'STATE_CODE_y' 'DISCHARGES_TO']. At least one non-missing value is needed for imputation with strategy='constant'.
  warnings.warn(
/work/GRDVULN/correction/.venv/lib64/python3.11/site-packages/sklearn/impute/_base.py:647: UserWarning: Skipping features without any observed values: ['DISCHARGE_TYPE' 'PRESENT_DISCHARGE_PERCENTAGE'
 'PROJECTED_DISCHARGE_PERCENTAGE']. At least one non-missing value is needed for imputation with strategy='median'.
  warnings.warn(
/work/GRDVULN/correction/.venv/lib64/python3.11/site-packages/sklearn/impute/_base.py:647: UserWarning: Skipping features without any observed values: ['FACILITY_ID' 'STATE_CODE_y' 'DISCHARGES_TO']. At least one non-missing value is needed for imputation with strategy='constant'.
  warnings.warn(
/work/GRDVULN/correction/.venv/lib64/python3.11/site-packages/sklearn/impute/_base.py:647: UserWarning: Skipping features without any observed values: ['DISCHARGE_TYPE' 'PRESENT_DISCHARGE_PERCENTAGE'
 'PROJECTED_DISCHARGE_PERCENTAGE']. At least one non-missing value is needed for imputation with strategy='median'.
  warnings.warn(
/work/GRDVULN/correction/.venv/lib64/python3.11/site-packages/sklearn/impute/_base.py:647: UserWarning: Skipping features without any observed values: ['FACILITY_ID' 'STATE_CODE_y' 'DISCHARGES_TO']. At least one non-missing value is needed for imputation with strategy='constant'.
  warnings.warn(
/work/GRDVULN/correction/.venv/lib64/python3.11/site-packages/sklearn/impute/_base.py:647: UserWarning: Skipping features without any observed values: ['DISCHARGE_TYPE' 'PRESENT_DISCHARGE_PERCENTAGE'
 'PROJECTED_DISCHARGE_PERCENTAGE']. At least one non-missing value is needed for imputation with strategy='median'.
  warnings.warn(
/work/GRDVULN/correction/.venv/lib64/python3.11/site-packages/sklearn/impute/_base.py:647: UserWarning: Skipping features without any observed values: ['FACILITY_ID' 'STATE_CODE_y' 'DISCHARGES_TO']. At least one non-missing value is needed for imputation with strategy='constant'.
  warnings.warn(
/work/GRDVULN/correction/.venv/lib64/python3.11/site-packages/sklearn/impute/_base.py:647: UserWarning: Skipping features without any observed values: ['DISCHARGE_TYPE' 'PRESENT_DISCHARGE_PERCENTAGE'
 'PROJECTED_DISCHARGE_PERCENTAGE']. At least one non-missing value is needed for imputation with strategy='median'.
  warnings.warn(
/work/GRDVULN/correction/.venv/lib64/python3.11/site-packages/sklearn/impute/_base.py:647: UserWarning: Skipping features without any observed values: ['FACILITY_ID' 'STATE_CODE_y' 'DISCHARGES_TO']. At least one non-missing value is needed for imputation with strategy='constant'.
  warnings.warn(
/work/GRDVULN/correction/.venv/lib64/python3.11/site-packages/sklearn/impute/_base.py:647: UserWarning: Skipping features without any observed values: ['DISCHARGE_TYPE' 'PRESENT_DISCHARGE_PERCENTAGE'
 'PROJECTED_DISCHARGE_PERCENTAGE']. At least one non-missing value is needed for imputation with strategy='median'.
  warnings.warn(
/work/GRDVULN/correction/.venv/lib64/python3.11/site-packages/sklearn/impute/_base.py:647: UserWarning: Skipping features without any observed values: ['FACILITY_ID' 'STATE_CODE_y' 'DISCHARGES_TO']. At least one non-missing value is needed for imputation with strategy='constant'.
  warnings.warn(
/work/GRDVULN/correction/.venv/lib64/python3.11/site-packages/sklearn/impute/_base.py:647: UserWarning: Skipping features without any observed values: ['DISCHARGE_TYPE' 'PRESENT_DISCHARGE_PERCENTAGE'
 'PROJECTED_DISCHARGE_PERCENTAGE']. At least one non-missing value is needed for imputation with strategy='median'.
  warnings.warn(
/work/GRDVULN/correction/.venv/lib64/python3.11/site-packages/sklearn/impute/_base.py:647: UserWarning: Skipping features without any observed values: ['FACILITY_ID' 'STATE_CODE_y' 'DISCHARGES_TO']. At least one non-missing value is needed for imputation with strategy='constant'.
  warnings.warn(
/work/GRDVULN/correction/.venv/lib64/python3.11/site-packages/sklearn/impute/_base.py:647: UserWarning: Skipping features without any observed values: ['DISCHARGE_TYPE' 'PRESENT_DISCHARGE_PERCENTAGE'
 'PROJECTED_DISCHARGE_PERCENTAGE']. At least one non-missing value is needed for imputation with strategy='median'.
  warnings.warn(
/work/GRDVULN/correction/.venv/lib64/python3.11/site-packages/sklearn/impute/_base.py:647: UserWarning: Skipping features without any observed values: ['FACILITY_ID' 'STATE_CODE_y' 'DISCHARGES_TO']. At least one non-missing value is needed for imputation with strategy='constant'.
  warnings.warn(
/work/GRDVULN/correction/.venv/lib64/python3.11/site-packages/sklearn/impute/_base.py:647: UserWarning: Skipping features without any observed values: ['DISCHARGE_TYPE' 'PRESENT_DISCHARGE_PERCENTAGE'
 'PROJECTED_DISCHARGE_PERCENTAGE']. At least one non-missing value is needed for imputation with strategy='median'.
  warnings.warn(
/work/GRDVULN/correction/.venv/lib64/python3.11/site-packages/sklearn/impute/_base.py:647: UserWarning: Skipping features without any observed values: ['FACILITY_ID' 'STATE_CODE_y' 'DISCHARGES_TO']. At least one non-missing value is needed for imputation with strategy='constant'.
  warnings.warn(
/work/GRDVULN/correction/.venv/lib64/python3.11/site-packages/sklearn/impute/_base.py:647: UserWarning: Skipping features without any observed values: ['DISCHARGE_TYPE' 'PRESENT_DISCHARGE_PERCENTAGE'
 'PROJECTED_DISCHARGE_PERCENTAGE']. At least one non-missing value is needed for imputation with strategy='median'.
  warnings.warn(
/work/GRDVULN/correction/.venv/lib64/python3.11/site-packages/sklearn/impute/_base.py:647: UserWarning: Skipping features without any observed values: ['FACILITY_ID' 'STATE_CODE_y' 'DISCHARGES_TO']. At least one non-missing value is needed for imputation with strategy='constant'.
  warnings.warn(
/work/GRDVULN/correction/.venv/lib64/python3.11/site-packages/sklearn/impute/_base.py:647: UserWarning: Skipping features without any observed values: ['DISCHARGE_TYPE' 'PRESENT_DISCHARGE_PERCENTAGE'
 'PROJECTED_DISCHARGE_PERCENTAGE']. At least one non-missing value is needed for imputation with strategy='median'.
  warnings.warn(
/work/GRDVULN/correction/.venv/lib64/python3.11/site-packages/sklearn/impute/_base.py:647: UserWarning: Skipping features without any observed values: ['FACILITY_ID' 'STATE_CODE_y' 'DISCHARGES_TO']. At least one non-missing value is needed for imputation with strategy='constant'.
  warnings.warn(
/work/GRDVULN/correction/.venv/lib64/python3.11/site-packages/sklearn/impute/_base.py:647: UserWarning: Skipping features without any observed values: ['DISCHARGE_TYPE' 'PRESENT_DISCHARGE_PERCENTAGE'
 'PROJECTED_DISCHARGE_PERCENTAGE']. At least one non-missing value is needed for imputation with strategy='median'.
  warnings.warn(
/work/GRDVULN/correction/.venv/lib64/python3.11/site-packages/sklearn/impute/_base.py:647: UserWarning: Skipping features without any observed values: ['FACILITY_ID' 'STATE_CODE_y' 'DISCHARGES_TO']. At least one non-missing value is needed for imputation with strategy='constant'.
  warnings.warn(
/work/GRDVULN/correction/.venv/lib64/python3.11/site-packages/sklearn/impute/_base.py:647: UserWarning: Skipping features without any observed values: ['DISCHARGE_TYPE' 'PRESENT_DISCHARGE_PERCENTAGE'
 'PROJECTED_DISCHARGE_PERCENTAGE']. At least one non-missing value is needed for imputation with strategy='median'.
  warnings.warn(
/work/GRDVULN/correction/.venv/lib64/python3.11/site-packages/sklearn/impute/_base.py:647: UserWarning: Skipping features without any observed values: ['FACILITY_ID' 'STATE_CODE_y' 'DISCHARGES_TO']. At least one non-missing value is needed for imputation with strategy='constant'.
  warnings.warn(
/work/GRDVULN/correction/.venv/lib64/python3.11/site-packages/sklearn/impute/_base.py:647: UserWarning: Skipping features without any observed values: ['DISCHARGE_TYPE' 'PRESENT_DISCHARGE_PERCENTAGE'
 'PROJECTED_DISCHARGE_PERCENTAGE']. At least one non-missing value is needed for imputation with strategy='median'.
  warnings.warn(
/work/GRDVULN/correction/.venv/lib64/python3.11/site-packages/sklearn/impute/_base.py:647: UserWarning: Skipping features without any observed values: ['FACILITY_ID' 'STATE_CODE_y' 'DISCHARGES_TO']. At least one non-missing value is needed for imputation with strategy='constant'.
  warnings.warn(
/work/GRDVULN/correction/.venv/lib64/python3.11/site-packages/sklearn/impute/_base.py:647: UserWarning: Skipping features without any observed values: ['DISCHARGE_TYPE' 'PRESENT_DISCHARGE_PERCENTAGE'
 'PROJECTED_DISCHARGE_PERCENTAGE']. At least one non-missing value is needed for imputation with strategy='median'.
  warnings.warn(
/work/GRDVULN/correction/.venv/lib64/python3.11/site-packages/sklearn/impute/_base.py:647: UserWarning: Skipping features without any observed values: ['FACILITY_ID' 'STATE_CODE_y' 'DISCHARGES_TO']. At least one non-missing value is needed for imputation with strategy='constant'.
  warnings.warn(
/work/GRDVULN/correction/.venv/lib64/python3.11/site-packages/sklearn/impute/_base.py:647: UserWarning: Skipping features without any observed values: ['DISCHARGE_TYPE' 'PRESENT_DISCHARGE_PERCENTAGE'
 'PROJECTED_DISCHARGE_PERCENTAGE']. At least one non-missing value is needed for imputation with strategy='median'.
  warnings.warn(
/work/GRDVULN/correction/.venv/lib64/python3.11/site-packages/sklearn/impute/_base.py:647: UserWarning: Skipping features without any observed values: ['FACILITY_ID' 'STATE_CODE_y' 'DISCHARGES_TO']. At least one non-missing value is needed for imputation with strategy='constant'.
  warnings.warn(
/work/GRDVULN/correction/.venv/lib64/python3.11/site-packages/sklearn/impute/_base.py:647: UserWarning: Skipping features without any observed values: ['DISCHARGE_TYPE' 'PRESENT_DISCHARGE_PERCENTAGE'
 'PROJECTED_DISCHARGE_PERCENTAGE']. At least one non-missing value is needed for imputation with strategy='median'.
  warnings.warn(
/work/GRDVULN/correction/.venv/lib64/python3.11/site-packages/sklearn/impute/_base.py:647: UserWarning: Skipping features without any observed values: ['FACILITY_ID' 'STATE_CODE_y' 'DISCHARGES_TO']. At least one non-missing value is needed for imputation with strategy='constant'.
  warnings.warn(
/work/GRDVULN/correction/.venv/lib64/python3.11/site-packages/sklearn/impute/_base.py:647: UserWarning: Skipping features without any observed values: ['DISCHARGE_TYPE' 'PRESENT_DISCHARGE_PERCENTAGE'
 'PROJECTED_DISCHARGE_PERCENTAGE']. At least one non-missing value is needed for imputation with strategy='median'.
  warnings.warn(
/work/GRDVULN/correction/.venv/lib64/python3.11/site-packages/sklearn/impute/_base.py:647: UserWarning: Skipping features without any observed values: ['FACILITY_ID' 'STATE_CODE_y' 'DISCHARGES_TO']. At least one non-missing value is needed for imputation with strategy='constant'.
  warnings.warn(
/work/GRDVULN/correction/.venv/lib64/python3.11/site-packages/sklearn/impute/_base.py:647: UserWarning: Skipping features without any observed values: ['DISCHARGE_TYPE' 'PRESENT_DISCHARGE_PERCENTAGE'
 'PROJECTED_DISCHARGE_PERCENTAGE']. At least one non-missing value is needed for imputation with strategy='median'.
  warnings.warn(
/work/GRDVULN/correction/.venv/lib64/python3.11/site-packages/sklearn/impute/_base.py:647: UserWarning: Skipping features without any observed values: ['FACILITY_ID' 'STATE_CODE_y' 'DISCHARGES_TO']. At least one non-missing value is needed for imputation with strategy='constant'.
  warnings.warn(
/work/GRDVULN/correction/.venv/lib64/python3.11/site-packages/sklearn/impute/_base.py:647: UserWarning: Skipping features without any observed values: ['FACILITY_ID' 'STATE_CODE_y' 'DISCHARGES_TO']. At least one non-missing value is needed for imputation with strategy='constant'.
  warnings.warn(
/work/GRDVULN/correction/.venv/lib64/python3.11/site-packages/sklearn/impute/_base.py:647: UserWarning: Skipping features without any observed values: ['DISCHARGE_TYPE' 'PRESENT_DISCHARGE_PERCENTAGE'
 'PROJECTED_DISCHARGE_PERCENTAGE']. At least one non-missing value is needed for imputation with strategy='median'.
  warnings.warn(
/work/GRDVULN/correction/.venv/lib64/python3.11/site-packages/sklearn/impute/_base.py:647: UserWarning: Skipping features without any observed values: ['DISCHARGE_TYPE' 'PRESENT_DISCHARGE_PERCENTAGE'
 'PROJECTED_DISCHARGE_PERCENTAGE']. At least one non-missing value is needed for imputation with strategy='median'.
  warnings.warn(
/work/GRDVULN/correction/.venv/lib64/python3.11/site-packages/sklearn/impute/_base.py:647: UserWarning: Skipping features without any observed values: ['FACILITY_ID' 'STATE_CODE_y' 'DISCHARGES_TO']. At least one non-missing value is needed for imputation with strategy='constant'.
  warnings.warn(
/work/GRDVULN/correction/.venv/lib64/python3.11/site-packages/sklearn/impute/_base.py:647: UserWarning: Skipping features without any observed values: ['DISCHARGE_TYPE' 'PRESENT_DISCHARGE_PERCENTAGE'
 'PROJECTED_DISCHARGE_PERCENTAGE']. At least one non-missing value is needed for imputation with strategy='median'.
  warnings.warn(
/work/GRDVULN/correction/.venv/lib64/python3.11/site-packages/sklearn/impute/_base.py:647: UserWarning: Skipping features without any observed values: ['FACILITY_ID' 'STATE_CODE_y' 'DISCHARGES_TO']. At least one non-missing value is needed for imputation with strategy='constant'.
  warnings.warn(
/work/GRDVULN/correction/.venv/lib64/python3.11/site-packages/sklearn/impute/_base.py:647: UserWarning: Skipping features without any observed values: ['DISCHARGE_TYPE' 'PRESENT_DISCHARGE_PERCENTAGE'
 'PROJECTED_DISCHARGE_PERCENTAGE']. At least one non-missing value is needed for imputation with strategy='median'.
  warnings.warn(
/work/GRDVULN/correction/.venv/lib64/python3.11/site-packages/sklearn/impute/_base.py:647: UserWarning: Skipping features without any observed values: ['FACILITY_ID' 'STATE_CODE_y' 'DISCHARGES_TO']. At least one non-missing value is needed for imputation with strategy='constant'.
  warnings.warn(
/work/GRDVULN/correction/.venv/lib64/python3.11/site-packages/sklearn/impute/_base.py:647: UserWarning: Skipping features without any observed values: ['DISCHARGE_TYPE' 'PRESENT_DISCHARGE_PERCENTAGE'
 'PROJECTED_DISCHARGE_PERCENTAGE']. At least one non-missing value is needed for imputation with strategy='median'.
  warnings.warn(
/work/GRDVULN/correction/.venv/lib64/python3.11/site-packages/sklearn/impute/_base.py:647: UserWarning: Skipping features without any observed values: ['FACILITY_ID' 'STATE_CODE_y' 'DISCHARGES_TO']. At least one non-missing value is needed for imputation with strategy='constant'.
  warnings.warn(
/work/GRDVULN/correction/.venv/lib64/python3.11/site-packages/sklearn/impute/_base.py:647: UserWarning: Skipping features without any observed values: ['DISCHARGE_TYPE' 'PRESENT_DISCHARGE_PERCENTAGE'
 'PROJECTED_DISCHARGE_PERCENTAGE']. At least one non-missing value is needed for imputation with strategy='median'.
  warnings.warn(
/work/GRDVULN/correction/.venv/lib64/python3.11/site-packages/sklearn/impute/_base.py:647: UserWarning: Skipping features without any observed values: ['FACILITY_ID' 'STATE_CODE_y' 'DISCHARGES_TO']. At least one non-missing value is needed for imputation with strategy='constant'.
  warnings.warn(
/work/GRDVULN/correction/.venv/lib64/python3.11/site-packages/sklearn/impute/_base.py:647: UserWarning: Skipping features without any observed values: ['FACILITY_ID' 'STATE_CODE_y' 'DISCHARGES_TO']. At least one non-missing value is needed for imputation with strategy='constant'.
  warnings.warn(
/work/GRDVULN/correction/.venv/lib64/python3.11/site-packages/sklearn/impute/_base.py:647: UserWarning: Skipping features without any observed values: ['DISCHARGE_TYPE' 'PRESENT_DISCHARGE_PERCENTAGE'
 'PROJECTED_DISCHARGE_PERCENTAGE']. At least one non-missing value is needed for imputation with strategy='median'.
  warnings.warn(
/work/GRDVULN/correction/.venv/lib64/python3.11/site-packages/sklearn/impute/_base.py:647: UserWarning: Skipping features without any observed values: ['DISCHARGE_TYPE' 'PRESENT_DISCHARGE_PERCENTAGE'
 'PROJECTED_DISCHARGE_PERCENTAGE']. At least one non-missing value is needed for imputation with strategy='median'.
  warnings.warn(
/work/GRDVULN/correction/.venv/lib64/python3.11/site-packages/sklearn/impute/_base.py:647: UserWarning: Skipping features without any observed values: ['FACILITY_ID' 'STATE_CODE_y' 'DISCHARGES_TO']. At least one non-missing value is needed for imputation with strategy='constant'.
  warnings.warn(
/work/GRDVULN/correction/.venv/lib64/python3.11/site-packages/sklearn/impute/_base.py:647: UserWarning: Skipping features without any observed values: ['DISCHARGE_TYPE' 'PRESENT_DISCHARGE_PERCENTAGE'
 'PROJECTED_DISCHARGE_PERCENTAGE']. At least one non-missing value is needed for imputation with strategy='median'.
  warnings.warn(
/work/GRDVULN/correction/.venv/lib64/python3.11/site-packages/sklearn/impute/_base.py:647: UserWarning: Skipping features without any observed values: ['FACILITY_ID' 'STATE_CODE_y' 'DISCHARGES_TO']. At least one non-missing value is needed for imputation with strategy='constant'.
  warnings.warn(
/work/GRDVULN/correction/.venv/lib64/python3.11/site-packages/sklearn/impute/_base.py:647: UserWarning: Skipping features without any observed values: ['DISCHARGE_TYPE' 'PRESENT_DISCHARGE_PERCENTAGE'
 'PROJECTED_DISCHARGE_PERCENTAGE']. At least one non-missing value is needed for imputation with strategy='median'.
  warnings.warn(
/work/GRDVULN/correction/.venv/lib64/python3.11/site-packages/sklearn/impute/_base.py:647: UserWarning: Skipping features without any observed values: ['FACILITY_ID' 'STATE_CODE_y' 'DISCHARGES_TO']. At least one non-missing value is needed for imputation with strategy='constant'.
  warnings.warn(
/work/GRDVULN/correction/.venv/lib64/python3.11/site-packages/sklearn/impute/_base.py:647: UserWarning: Skipping features without any observed values: ['DISCHARGE_TYPE' 'PRESENT_DISCHARGE_PERCENTAGE'
 'PROJECTED_DISCHARGE_PERCENTAGE']. At least one non-missing value is needed for imputation with strategy='median'.
  warnings.warn(
/work/GRDVULN/correction/.venv/lib64/python3.11/site-packages/sklearn/impute/_base.py:647: UserWarning: Skipping features without any observed values: ['FACILITY_ID' 'STATE_CODE_y' 'DISCHARGES_TO']. At least one non-missing value is needed for imputation with strategy='constant'.
  warnings.warn(
/work/GRDVULN/correction/.venv/lib64/python3.11/site-packages/sklearn/impute/_base.py:647: UserWarning: Skipping features without any observed values: ['DISCHARGE_TYPE' 'PRESENT_DISCHARGE_PERCENTAGE'
 'PROJECTED_DISCHARGE_PERCENTAGE']. At least one non-missing value is needed for imputation with strategy='median'.
  warnings.warn(
/work/GRDVULN/correction/.venv/lib64/python3.11/site-packages/sklearn/impute/_base.py:647: UserWarning: Skipping features without any observed values: ['FACILITY_ID' 'STATE_CODE_y' 'DISCHARGES_TO']. At least one non-missing value is needed for imputation with strategy='constant'.
  warnings.warn(
/work/GRDVULN/correction/.venv/lib64/python3.11/site-packages/sklearn/impute/_base.py:647: UserWarning: Skipping features without any observed values: ['FACILITY_ID' 'STATE_CODE_y' 'DISCHARGES_TO']. At least one non-missing value is needed for imputation with strategy='constant'.
  warnings.warn(
/work/GRDVULN/correction/.venv/lib64/python3.11/site-packages/sklearn/impute/_base.py:647: UserWarning: Skipping features without any observed values: ['DISCHARGE_TYPE' 'PRESENT_DISCHARGE_PERCENTAGE'
 'PROJECTED_DISCHARGE_PERCENTAGE']. At least one non-missing value is needed for imputation with strategy='median'.
  warnings.warn(
/work/GRDVULN/correction/.venv/lib64/python3.11/site-packages/sklearn/impute/_base.py:647: UserWarning: Skipping features without any observed values: ['DISCHARGE_TYPE' 'PRESENT_DISCHARGE_PERCENTAGE'
 'PROJECTED_DISCHARGE_PERCENTAGE']. At least one non-missing value is needed for imputation with strategy='median'.
  warnings.warn(
/work/GRDVULN/correction/.venv/lib64/python3.11/site-packages/sklearn/impute/_base.py:647: UserWarning: Skipping features without any observed values: ['FACILITY_ID' 'STATE_CODE_y' 'DISCHARGES_TO']. At least one non-missing value is needed for imputation with strategy='constant'.
  warnings.warn(
/work/GRDVULN/correction/.venv/lib64/python3.11/site-packages/sklearn/impute/_base.py:647: UserWarning: Skipping features without any observed values: ['FACILITY_ID' 'STATE_CODE_y' 'DISCHARGES_TO']. At least one non-missing value is needed for imputation with strategy='constant'.
  warnings.warn(
/work/GRDVULN/correction/.venv/lib64/python3.11/site-packages/sklearn/impute/_base.py:647: UserWarning: Skipping features without any observed values: ['DISCHARGE_TYPE' 'PRESENT_DISCHARGE_PERCENTAGE'
 'PROJECTED_DISCHARGE_PERCENTAGE']. At least one non-missing value is needed for imputation with strategy='median'.
  warnings.warn(
/work/GRDVULN/correction/.venv/lib64/python3.11/site-packages/sklearn/impute/_base.py:647: UserWarning: Skipping features without any observed values: ['DISCHARGE_TYPE' 'PRESENT_DISCHARGE_PERCENTAGE'
 'PROJECTED_DISCHARGE_PERCENTAGE']. At least one non-missing value is needed for imputation with strategy='median'.
  warnings.warn(
/work/GRDVULN/correction/.venv/lib64/python3.11/site-packages/sklearn/impute/_base.py:647: UserWarning: Skipping features without any observed values: ['FACILITY_ID' 'STATE_CODE_y' 'DISCHARGES_TO']. At least one non-missing value is needed for imputation with strategy='constant'.
  warnings.warn(
/work/GRDVULN/correction/.venv/lib64/python3.11/site-packages/sklearn/impute/_base.py:647: UserWarning: Skipping features without any observed values: ['DISCHARGE_TYPE' 'PRESENT_DISCHARGE_PERCENTAGE'
 'PROJECTED_DISCHARGE_PERCENTAGE']. At least one non-missing value is needed for imputation with strategy='median'.
  warnings.warn(
/work/GRDVULN/correction/.venv/lib64/python3.11/site-packages/sklearn/impute/_base.py:647: UserWarning: Skipping features without any observed values: ['FACILITY_ID' 'STATE_CODE_y' 'DISCHARGES_TO']. At least one non-missing value is needed for imputation with strategy='constant'.
  warnings.warn(
/work/GRDVULN/correction/.venv/lib64/python3.11/site-packages/sklearn/impute/_base.py:647: UserWarning: Skipping features without any observed values: ['DISCHARGE_TYPE' 'PRESENT_DISCHARGE_PERCENTAGE'
 'PROJECTED_DISCHARGE_PERCENTAGE']. At least one non-missing value is needed for imputation with strategy='median'.
  warnings.warn(
/work/GRDVULN/correction/.venv/lib64/python3.11/site-packages/sklearn/impute/_base.py:647: UserWarning: Skipping features without any observed values: ['FACILITY_ID' 'STATE_CODE_y' 'DISCHARGES_TO']. At least one non-missing value is needed for imputation with strategy='constant'.
  warnings.warn(
/work/GRDVULN/correction/.venv/lib64/python3.11/site-packages/sklearn/impute/_base.py:647: UserWarning: Skipping features without any observed values: ['DISCHARGE_TYPE' 'PRESENT_DISCHARGE_PERCENTAGE'
 'PROJECTED_DISCHARGE_PERCENTAGE']. At least one non-missing value is needed for imputation with strategy='median'.
  warnings.warn(
/work/GRDVULN/correction/.venv/lib64/python3.11/site-packages/sklearn/impute/_base.py:647: UserWarning: Skipping features without any observed values: ['FACILITY_ID' 'STATE_CODE_y' 'DISCHARGES_TO']. At least one non-missing value is needed for imputation with strategy='constant'.
  warnings.warn(
/work/GRDVULN/correction/.venv/lib64/python3.11/site-packages/sklearn/impute/_base.py:647: UserWarning: Skipping features without any observed values: ['DISCHARGE_TYPE' 'PRESENT_DISCHARGE_PERCENTAGE'
 'PROJECTED_DISCHARGE_PERCENTAGE']. At least one non-missing value is needed for imputation with strategy='median'.
  warnings.warn(
/work/GRDVULN/correction/.venv/lib64/python3.11/site-packages/sklearn/impute/_base.py:647: UserWarning: Skipping features without any observed values: ['FACILITY_ID' 'STATE_CODE_y' 'DISCHARGES_TO']. At least one non-missing value is needed for imputation with strategy='constant'.
  warnings.warn(
/work/GRDVULN/correction/.venv/lib64/python3.11/site-packages/sklearn/impute/_base.py:647: UserWarning: Skipping features without any observed values: ['FACILITY_ID' 'STATE_CODE_y' 'DISCHARGES_TO']. At least one non-missing value is needed for imputation with strategy='constant'.
  warnings.warn(
/work/GRDVULN/correction/.venv/lib64/python3.11/site-packages/sklearn/impute/_base.py:647: UserWarning: Skipping features without any observed values: ['DISCHARGE_TYPE' 'PRESENT_DISCHARGE_PERCENTAGE'
 'PROJECTED_DISCHARGE_PERCENTAGE']. At least one non-missing value is needed for imputation with strategy='median'.
  warnings.warn(
/work/GRDVULN/correction/.venv/lib64/python3.11/site-packages/sklearn/impute/_base.py:647: UserWarning: Skipping features without any observed values: ['DISCHARGE_TYPE' 'PRESENT_DISCHARGE_PERCENTAGE'
 'PROJECTED_DISCHARGE_PERCENTAGE']. At least one non-missing value is needed for imputation with strategy='median'.
  warnings.warn(
/work/GRDVULN/correction/.venv/lib64/python3.11/site-packages/sklearn/impute/_base.py:647: UserWarning: Skipping features without any observed values: ['FACILITY_ID' 'STATE_CODE_y' 'DISCHARGES_TO']. At least one non-missing value is needed for imputation with strategy='constant'.
  warnings.warn(
/work/GRDVULN/correction/.venv/lib64/python3.11/site-packages/sklearn/impute/_base.py:647: UserWarning: Skipping features without any observed values: ['FACILITY_ID' 'STATE_CODE_y' 'DISCHARGES_TO']. At least one non-missing value is needed for imputation with strategy='constant'.
  warnings.warn(
/work/GRDVULN/correction/.venv/lib64/python3.11/site-packages/sklearn/impute/_base.py:647: UserWarning: Skipping features without any observed values: ['DISCHARGE_TYPE' 'PRESENT_DISCHARGE_PERCENTAGE'
 'PROJECTED_DISCHARGE_PERCENTAGE']. At least one non-missing value is needed for imputation with strategy='median'.
  warnings.warn(
/work/GRDVULN/correction/.venv/lib64/python3.11/site-packages/sklearn/impute/_base.py:647: UserWarning: Skipping features without any observed values: ['DISCHARGE_TYPE' 'PRESENT_DISCHARGE_PERCENTAGE'
 'PROJECTED_DISCHARGE_PERCENTAGE']. At least one non-missing value is needed for imputation with strategy='median'.
  warnings.warn(
/work/GRDVULN/correction/.venv/lib64/python3.11/site-packages/sklearn/impute/_base.py:647: UserWarning: Skipping features without any observed values: ['FACILITY_ID' 'STATE_CODE_y' 'DISCHARGES_TO']. At least one non-missing value is needed for imputation with strategy='constant'.
  warnings.warn(
/work/GRDVULN/correction/.venv/lib64/python3.11/site-packages/sklearn/impute/_base.py:647: UserWarning: Skipping features without any observed values: ['DISCHARGE_TYPE' 'PRESENT_DISCHARGE_PERCENTAGE'
 'PROJECTED_DISCHARGE_PERCENTAGE']. At least one non-missing value is needed for imputation with strategy='median'.
  warnings.warn(
/work/GRDVULN/correction/.venv/lib64/python3.11/site-packages/sklearn/impute/_base.py:647: UserWarning: Skipping features without any observed values: ['FACILITY_ID' 'STATE_CODE_y' 'DISCHARGES_TO']. At least one non-missing value is needed for imputation with strategy='constant'.
  warnings.warn(
/work/GRDVULN/correction/.venv/lib64/python3.11/site-packages/sklearn/impute/_base.py:647: UserWarning: Skipping features without any observed values: ['FACILITY_ID' 'STATE_CODE_y' 'DISCHARGES_TO']. At least one non-missing value is needed for imputation with strategy='constant'.
  warnings.warn(
/work/GRDVULN/correction/.venv/lib64/python3.11/site-packages/sklearn/impute/_base.py:647: UserWarning: Skipping features without any observed values: ['FACILITY_ID' 'STATE_CODE_y' 'DISCHARGES_TO']. At least one non-missing value is needed for imputation with strategy='constant'.
  warnings.warn(
/work/GRDVULN/correction/.venv/lib64/python3.11/site-packages/sklearn/impute/_base.py:647: UserWarning: Skipping features without any observed values: ['DISCHARGE_TYPE' 'PRESENT_DISCHARGE_PERCENTAGE'
 'PROJECTED_DISCHARGE_PERCENTAGE']. At least one non-missing value is needed for imputation with strategy='median'.
  warnings.warn(
/work/GRDVULN/correction/.venv/lib64/python3.11/site-packages/sklearn/impute/_base.py:647: UserWarning: Skipping features without any observed values: ['FACILITY_ID' 'STATE_CODE_y' 'DISCHARGES_TO']. At least one non-missing value is needed for imputation with strategy='constant'.
  warnings.warn(
/work/GRDVULN/correction/.venv/lib64/python3.11/site-packages/sklearn/impute/_base.py:647: UserWarning: Skipping features without any observed values: ['DISCHARGE_TYPE' 'PRESENT_DISCHARGE_PERCENTAGE'
 'PROJECTED_DISCHARGE_PERCENTAGE']. At least one non-missing value is needed for imputation with strategy='median'.
  warnings.warn(
/work/GRDVULN/correction/.venv/lib64/python3.11/site-packages/sklearn/impute/_base.py:647: UserWarning: Skipping features without any observed values: ['DISCHARGE_TYPE' 'PRESENT_DISCHARGE_PERCENTAGE'
 'PROJECTED_DISCHARGE_PERCENTAGE']. At least one non-missing value is needed for imputation with strategy='median'.
  warnings.warn(
/work/GRDVULN/correction/.venv/lib64/python3.11/site-packages/sklearn/impute/_base.py:647: UserWarning: Skipping features without any observed values: ['DISCHARGE_TYPE' 'PRESENT_DISCHARGE_PERCENTAGE'
 'PROJECTED_DISCHARGE_PERCENTAGE']. At least one non-missing value is needed for imputation with strategy='median'.
  warnings.warn(
/work/GRDVULN/correction/.venv/lib64/python3.11/site-packages/sklearn/impute/_base.py:647: UserWarning: Skipping features without any observed values: ['FACILITY_ID' 'STATE_CODE_y' 'DISCHARGES_TO']. At least one non-missing value is needed for imputation with strategy='constant'.
  warnings.warn(
/work/GRDVULN/correction/.venv/lib64/python3.11/site-packages/sklearn/impute/_base.py:647: UserWarning: Skipping features without any observed values: ['FACILITY_ID' 'STATE_CODE_y' 'DISCHARGES_TO']. At least one non-missing value is needed for imputation with strategy='constant'.
  warnings.warn(
/work/GRDVULN/correction/.venv/lib64/python3.11/site-packages/sklearn/impute/_base.py:647: UserWarning: Skipping features without any observed values: ['DISCHARGE_TYPE' 'PRESENT_DISCHARGE_PERCENTAGE'
 'PROJECTED_DISCHARGE_PERCENTAGE']. At least one non-missing value is needed for imputation with strategy='median'.
  warnings.warn(
/work/GRDVULN/correction/.venv/lib64/python3.11/site-packages/sklearn/impute/_base.py:647: UserWarning: Skipping features without any observed values: ['DISCHARGE_TYPE' 'PRESENT_DISCHARGE_PERCENTAGE'
 'PROJECTED_DISCHARGE_PERCENTAGE']. At least one non-missing value is needed for imputation with strategy='median'.
  warnings.warn(
/work/GRDVULN/correction/.venv/lib64/python3.11/site-packages/sklearn/impute/_base.py:647: UserWarning: Skipping features without any observed values: ['FACILITY_ID' 'STATE_CODE_y' 'DISCHARGES_TO']. At least one non-missing value is needed for imputation with strategy='constant'.
  warnings.warn(
/work/GRDVULN/correction/.venv/lib64/python3.11/site-packages/sklearn/impute/_base.py:647: UserWarning: Skipping features without any observed values: ['DISCHARGE_TYPE' 'PRESENT_DISCHARGE_PERCENTAGE'
 'PROJECTED_DISCHARGE_PERCENTAGE']. At least one non-missing value is needed for imputation with strategy='median'.
  warnings.warn(
/work/GRDVULN/correction/.venv/lib64/python3.11/site-packages/sklearn/impute/_base.py:647: UserWarning: Skipping features without any observed values: ['FACILITY_ID' 'STATE_CODE_y' 'DISCHARGES_TO']. At least one non-missing value is needed for imputation with strategy='constant'.
  warnings.warn(
/work/GRDVULN/correction/.venv/lib64/python3.11/site-packages/sklearn/impute/_base.py:647: UserWarning: Skipping features without any observed values: ['FACILITY_ID' 'STATE_CODE_y' 'DISCHARGES_TO']. At least one non-missing value is needed for imputation with strategy='constant'.
  warnings.warn(
/work/GRDVULN/correction/.venv/lib64/python3.11/site-packages/sklearn/impute/_base.py:647: UserWarning: Skipping features without any observed values: ['DISCHARGE_TYPE' 'PRESENT_DISCHARGE_PERCENTAGE'
 'PROJECTED_DISCHARGE_PERCENTAGE']. At least one non-missing value is needed for imputation with strategy='median'.
  warnings.warn(
/work/GRDVULN/correction/.venv/lib64/python3.11/site-packages/sklearn/impute/_base.py:647: UserWarning: Skipping features without any observed values: ['FACILITY_ID' 'STATE_CODE_y' 'DISCHARGES_TO']. At least one non-missing value is needed for imputation with strategy='constant'.
  warnings.warn(
/work/GRDVULN/correction/.venv/lib64/python3.11/site-packages/sklearn/impute/_base.py:647: UserWarning: Skipping features without any observed values: ['DISCHARGE_TYPE' 'PRESENT_DISCHARGE_PERCENTAGE'
 'PROJECTED_DISCHARGE_PERCENTAGE']. At least one non-missing value is needed for imputation with strategy='median'.
  warnings.warn(
/work/GRDVULN/correction/.venv/lib64/python3.11/site-packages/sklearn/impute/_base.py:647: UserWarning: Skipping features without any observed values: ['DISCHARGE_TYPE' 'PRESENT_DISCHARGE_PERCENTAGE'
 'PROJECTED_DISCHARGE_PERCENTAGE']. At least one non-missing value is needed for imputation with strategy='median'.
  warnings.warn(
/work/GRDVULN/correction/.venv/lib64/python3.11/site-packages/sklearn/impute/_base.py:647: UserWarning: Skipping features without any observed values: ['FACILITY_ID' 'STATE_CODE_y' 'DISCHARGES_TO']. At least one non-missing value is needed for imputation with strategy='constant'.
  warnings.warn(
/work/GRDVULN/correction/.venv/lib64/python3.11/site-packages/sklearn/impute/_base.py:647: UserWarning: Skipping features without any observed values: ['FACILITY_ID' 'STATE_CODE_y' 'DISCHARGES_TO']. At least one non-missing value is needed for imputation with strategy='constant'.
  warnings.warn(
/work/GRDVULN/correction/.venv/lib64/python3.11/site-packages/sklearn/impute/_base.py:647: UserWarning: Skipping features without any observed values: ['DISCHARGE_TYPE' 'PRESENT_DISCHARGE_PERCENTAGE'
 'PROJECTED_DISCHARGE_PERCENTAGE']. At least one non-missing value is needed for imputation with strategy='median'.
  warnings.warn(
/work/GRDVULN/correction/.venv/lib64/python3.11/site-packages/sklearn/impute/_base.py:647: UserWarning: Skipping features without any observed values: ['DISCHARGE_TYPE' 'PRESENT_DISCHARGE_PERCENTAGE'
 'PROJECTED_DISCHARGE_PERCENTAGE']. At least one non-missing value is needed for imputation with strategy='median'.
  warnings.warn(
/work/GRDVULN/correction/.venv/lib64/python3.11/site-packages/sklearn/impute/_base.py:647: UserWarning: Skipping features without any observed values: ['FACILITY_ID' 'STATE_CODE_y' 'DISCHARGES_TO']. At least one non-missing value is needed for imputation with strategy='constant'.
  warnings.warn(
/work/GRDVULN/correction/.venv/lib64/python3.11/site-packages/sklearn/impute/_base.py:647: UserWarning: Skipping features without any observed values: ['FACILITY_ID' 'STATE_CODE_y' 'DISCHARGES_TO']. At least one non-missing value is needed for imputation with strategy='constant'.
  warnings.warn(
/work/GRDVULN/correction/.venv/lib64/python3.11/site-packages/sklearn/impute/_base.py:647: UserWarning: Skipping features without any observed values: ['FACILITY_ID' 'STATE_CODE_y' 'DISCHARGES_TO']. At least one non-missing value is needed for imputation with strategy='constant'.
  warnings.warn(
/work/GRDVULN/correction/.venv/lib64/python3.11/site-packages/sklearn/impute/_base.py:647: UserWarning: Skipping features without any observed values: ['DISCHARGE_TYPE' 'PRESENT_DISCHARGE_PERCENTAGE'
 'PROJECTED_DISCHARGE_PERCENTAGE']. At least one non-missing value is needed for imputation with strategy='median'.
  warnings.warn(
/work/GRDVULN/correction/.venv/lib64/python3.11/site-packages/sklearn/impute/_base.py:647: UserWarning: Skipping features without any observed values: ['DISCHARGE_TYPE' 'PRESENT_DISCHARGE_PERCENTAGE'
 'PROJECTED_DISCHARGE_PERCENTAGE']. At least one non-missing value is needed for imputation with strategy='median'.
  warnings.warn(
/work/GRDVULN/correction/.venv/lib64/python3.11/site-packages/sklearn/impute/_base.py:647: UserWarning: Skipping features without any observed values: ['DISCHARGE_TYPE' 'PRESENT_DISCHARGE_PERCENTAGE'
 'PROJECTED_DISCHARGE_PERCENTAGE']. At least one non-missing value is needed for imputation with strategy='median'.
  warnings.warn(
/work/GRDVULN/correction/.venv/lib64/python3.11/site-packages/sklearn/impute/_base.py:647: UserWarning: Skipping features without any observed values: ['FACILITY_ID' 'STATE_CODE_y' 'DISCHARGES_TO']. At least one non-missing value is needed for imputation with strategy='constant'.
  warnings.warn(
/work/GRDVULN/correction/.venv/lib64/python3.11/site-packages/sklearn/impute/_base.py:647: UserWarning: Skipping features without any observed values: ['FACILITY_ID' 'STATE_CODE_y' 'DISCHARGES_TO']. At least one non-missing value is needed for imputation with strategy='constant'.
  warnings.warn(
/work/GRDVULN/correction/.venv/lib64/python3.11/site-packages/sklearn/impute/_base.py:647: UserWarning: Skipping features without any observed values: ['DISCHARGE_TYPE' 'PRESENT_DISCHARGE_PERCENTAGE'
 'PROJECTED_DISCHARGE_PERCENTAGE']. At least one non-missing value is needed for imputation with strategy='median'.
  warnings.warn(
/work/GRDVULN/correction/.venv/lib64/python3.11/site-packages/sklearn/impute/_base.py:647: UserWarning: Skipping features without any observed values: ['FACILITY_ID' 'STATE_CODE_y' 'DISCHARGES_TO']. At least one non-missing value is needed for imputation with strategy='constant'.
  warnings.warn(
/work/GRDVULN/correction/.venv/lib64/python3.11/site-packages/sklearn/impute/_base.py:647: UserWarning: Skipping features without any observed values: ['FACILITY_ID' 'STATE_CODE_y' 'DISCHARGES_TO']. At least one non-missing value is needed for imputation with strategy='constant'.
  warnings.warn(
/work/GRDVULN/correction/.venv/lib64/python3.11/site-packages/sklearn/impute/_base.py:647: UserWarning: Skipping features without any observed values: ['DISCHARGE_TYPE' 'PRESENT_DISCHARGE_PERCENTAGE'
 'PROJECTED_DISCHARGE_PERCENTAGE']. At least one non-missing value is needed for imputation with strategy='median'.
  warnings.warn(
/work/GRDVULN/correction/.venv/lib64/python3.11/site-packages/sklearn/impute/_base.py:647: UserWarning: Skipping features without any observed values: ['DISCHARGE_TYPE' 'PRESENT_DISCHARGE_PERCENTAGE'
 'PROJECTED_DISCHARGE_PERCENTAGE']. At least one non-missing value is needed for imputation with strategy='median'.
  warnings.warn(
/work/GRDVULN/correction/.venv/lib64/python3.11/site-packages/sklearn/impute/_base.py:647: UserWarning: Skipping features without any observed values: ['DISCHARGE_TYPE' 'PRESENT_DISCHARGE_PERCENTAGE'
 'PROJECTED_DISCHARGE_PERCENTAGE']. At least one non-missing value is needed for imputation with strategy='median'.
  warnings.warn(
/work/GRDVULN/correction/.venv/lib64/python3.11/site-packages/sklearn/impute/_base.py:647: UserWarning: Skipping features without any observed values: ['FACILITY_ID' 'STATE_CODE_y' 'DISCHARGES_TO']. At least one non-missing value is needed for imputation with strategy='constant'.
  warnings.warn(
/work/GRDVULN/correction/.venv/lib64/python3.11/site-packages/sklearn/impute/_base.py:647: UserWarning: Skipping features without any observed values: ['DISCHARGE_TYPE' 'PRESENT_DISCHARGE_PERCENTAGE'
 'PROJECTED_DISCHARGE_PERCENTAGE']. At least one non-missing value is needed for imputation with strategy='median'.
  warnings.warn(
/work/GRDVULN/correction/.venv/lib64/python3.11/site-packages/sklearn/impute/_base.py:647: UserWarning: Skipping features without any observed values: ['FACILITY_ID' 'STATE_CODE_y' 'DISCHARGES_TO']. At least one non-missing value is needed for imputation with strategy='constant'.
  warnings.warn(
/work/GRDVULN/correction/.venv/lib64/python3.11/site-packages/sklearn/impute/_base.py:647: UserWarning: Skipping features without any observed values: ['FACILITY_ID' 'STATE_CODE_y' 'DISCHARGES_TO']. At least one non-missing value is needed for imputation with strategy='constant'.
  warnings.warn(
/work/GRDVULN/correction/.venv/lib64/python3.11/site-packages/sklearn/impute/_base.py:647: UserWarning: Skipping features without any observed values: ['DISCHARGE_TYPE' 'PRESENT_DISCHARGE_PERCENTAGE'
 'PROJECTED_DISCHARGE_PERCENTAGE']. At least one non-missing value is needed for imputation with strategy='median'.
  warnings.warn(
/work/GRDVULN/correction/.venv/lib64/python3.11/site-packages/sklearn/impute/_base.py:647: UserWarning: Skipping features without any observed values: ['DISCHARGE_TYPE' 'PRESENT_DISCHARGE_PERCENTAGE'
 'PROJECTED_DISCHARGE_PERCENTAGE']. At least one non-missing value is needed for imputation with strategy='median'.
  warnings.warn(
/work/GRDVULN/correction/.venv/lib64/python3.11/site-packages/sklearn/impute/_base.py:647: UserWarning: Skipping features without any observed values: ['FACILITY_ID' 'STATE_CODE_y' 'DISCHARGES_TO']. At least one non-missing value is needed for imputation with strategy='constant'.
  warnings.warn(
/work/GRDVULN/correction/.venv/lib64/python3.11/site-packages/sklearn/impute/_base.py:647: UserWarning: Skipping features without any observed values: ['DISCHARGE_TYPE' 'PRESENT_DISCHARGE_PERCENTAGE'
 'PROJECTED_DISCHARGE_PERCENTAGE']. At least one non-missing value is needed for imputation with strategy='median'.
  warnings.warn(
/work/GRDVULN/correction/.venv/lib64/python3.11/site-packages/sklearn/impute/_base.py:647: UserWarning: Skipping features without any observed values: ['FACILITY_ID' 'STATE_CODE_y' 'DISCHARGES_TO']. At least one non-missing value is needed for imputation with strategy='constant'.
  warnings.warn(
/work/GRDVULN/correction/.venv/lib64/python3.11/site-packages/sklearn/impute/_base.py:647: UserWarning: Skipping features without any observed values: ['FACILITY_ID' 'STATE_CODE_y' 'DISCHARGES_TO']. At least one non-missing value is needed for imputation with strategy='constant'.
  warnings.warn(
/work/GRDVULN/correction/.venv/lib64/python3.11/site-packages/sklearn/impute/_base.py:647: UserWarning: Skipping features without any observed values: ['DISCHARGE_TYPE' 'PRESENT_DISCHARGE_PERCENTAGE'
 'PROJECTED_DISCHARGE_PERCENTAGE']. At least one non-missing value is needed for imputation with strategy='median'.
  warnings.warn(
/work/GRDVULN/correction/.venv/lib64/python3.11/site-packages/sklearn/impute/_base.py:647: UserWarning: Skipping features without any observed values: ['DISCHARGE_TYPE' 'PRESENT_DISCHARGE_PERCENTAGE'
 'PROJECTED_DISCHARGE_PERCENTAGE']. At least one non-missing value is needed for imputation with strategy='median'.
  warnings.warn(
/work/GRDVULN/correction/.venv/lib64/python3.11/site-packages/sklearn/impute/_base.py:647: UserWarning: Skipping features without any observed values: ['FACILITY_ID' 'STATE_CODE_y' 'DISCHARGES_TO']. At least one non-missing value is needed for imputation with strategy='constant'.
  warnings.warn(
/work/GRDVULN/correction/.venv/lib64/python3.11/site-packages/sklearn/impute/_base.py:647: UserWarning: Skipping features without any observed values: ['FACILITY_ID' 'STATE_CODE_y' 'DISCHARGES_TO']. At least one non-missing value is needed for imputation with strategy='constant'.
  warnings.warn(
/work/GRDVULN/correction/.venv/lib64/python3.11/site-packages/sklearn/impute/_base.py:647: UserWarning: Skipping features without any observed values: ['FACILITY_ID' 'STATE_CODE_y' 'DISCHARGES_TO']. At least one non-missing value is needed for imputation with strategy='constant'.
  warnings.warn(
/work/GRDVULN/correction/.venv/lib64/python3.11/site-packages/sklearn/impute/_base.py:647: UserWarning: Skipping features without any observed values: ['FACILITY_ID' 'STATE_CODE_y' 'DISCHARGES_TO']. At least one non-missing value is needed for imputation with strategy='constant'.
  warnings.warn(
/work/GRDVULN/correction/.venv/lib64/python3.11/site-packages/sklearn/impute/_base.py:647: UserWarning: Skipping features without any observed values: ['DISCHARGE_TYPE' 'PRESENT_DISCHARGE_PERCENTAGE'
 'PROJECTED_DISCHARGE_PERCENTAGE']. At least one non-missing value is needed for imputation with strategy='median'.
  warnings.warn(
/work/GRDVULN/correction/.venv/lib64/python3.11/site-packages/sklearn/impute/_base.py:647: UserWarning: Skipping features without any observed values: ['DISCHARGE_TYPE' 'PRESENT_DISCHARGE_PERCENTAGE'
 'PROJECTED_DISCHARGE_PERCENTAGE']. At least one non-missing value is needed for imputation with strategy='median'.
  warnings.warn(
/work/GRDVULN/correction/.venv/lib64/python3.11/site-packages/sklearn/impute/_base.py:647: UserWarning: Skipping features without any observed values: ['DISCHARGE_TYPE' 'PRESENT_DISCHARGE_PERCENTAGE'
 'PROJECTED_DISCHARGE_PERCENTAGE']. At least one non-missing value is needed for imputation with strategy='median'.
  warnings.warn(
/work/GRDVULN/correction/.venv/lib64/python3.11/site-packages/sklearn/impute/_base.py:647: UserWarning: Skipping features without any observed values: ['DISCHARGE_TYPE' 'PRESENT_DISCHARGE_PERCENTAGE'
 'PROJECTED_DISCHARGE_PERCENTAGE']. At least one non-missing value is needed for imputation with strategy='median'.
  warnings.warn(
/work/GRDVULN/correction/.venv/lib64/python3.11/site-packages/sklearn/impute/_base.py:647: UserWarning: Skipping features without any observed values: ['FACILITY_ID' 'STATE_CODE_y' 'DISCHARGES_TO']. At least one non-missing value is needed for imputation with strategy='constant'.
  warnings.warn(
/work/GRDVULN/correction/.venv/lib64/python3.11/site-packages/sklearn/impute/_base.py:647: UserWarning: Skipping features without any observed values: ['FACILITY_ID' 'STATE_CODE_y' 'DISCHARGES_TO']. At least one non-missing value is needed for imputation with strategy='constant'.
  warnings.warn(
/work/GRDVULN/correction/.venv/lib64/python3.11/site-packages/sklearn/impute/_base.py:647: UserWarning: Skipping features without any observed values: ['DISCHARGE_TYPE' 'PRESENT_DISCHARGE_PERCENTAGE'
 'PROJECTED_DISCHARGE_PERCENTAGE']. At least one non-missing value is needed for imputation with strategy='median'.
  warnings.warn(
/work/GRDVULN/correction/.venv/lib64/python3.11/site-packages/sklearn/impute/_base.py:647: UserWarning: Skipping features without any observed values: ['DISCHARGE_TYPE' 'PRESENT_DISCHARGE_PERCENTAGE'
 'PROJECTED_DISCHARGE_PERCENTAGE']. At least one non-missing value is needed for imputation with strategy='median'.
  warnings.warn(
/work/GRDVULN/correction/.venv/lib64/python3.11/site-packages/sklearn/impute/_base.py:647: UserWarning: Skipping features without any observed values: ['FACILITY_ID' 'STATE_CODE_y' 'DISCHARGES_TO']. At least one non-missing value is needed for imputation with strategy='constant'.
  warnings.warn(
/work/GRDVULN/correction/.venv/lib64/python3.11/site-packages/sklearn/impute/_base.py:647: UserWarning: Skipping features without any observed values: ['DISCHARGE_TYPE' 'PRESENT_DISCHARGE_PERCENTAGE'
 'PROJECTED_DISCHARGE_PERCENTAGE']. At least one non-missing value is needed for imputation with strategy='median'.
  warnings.warn(
/work/GRDVULN/correction/.venv/lib64/python3.11/site-packages/sklearn/impute/_base.py:647: UserWarning: Skipping features without any observed values: ['FACILITY_ID' 'STATE_CODE_y' 'DISCHARGES_TO']. At least one non-missing value is needed for imputation with strategy='constant'.
  warnings.warn(
/work/GRDVULN/correction/.venv/lib64/python3.11/site-packages/sklearn/impute/_base.py:647: UserWarning: Skipping features without any observed values: ['DISCHARGE_TYPE' 'PRESENT_DISCHARGE_PERCENTAGE'
 'PROJECTED_DISCHARGE_PERCENTAGE']. At least one non-missing value is needed for imputation with strategy='median'.
  warnings.warn(
/work/GRDVULN/correction/.venv/lib64/python3.11/site-packages/sklearn/impute/_base.py:647: UserWarning: Skipping features without any observed values: ['FACILITY_ID' 'STATE_CODE_y' 'DISCHARGES_TO']. At least one non-missing value is needed for imputation with strategy='constant'.
  warnings.warn(
/work/GRDVULN/correction/.venv/lib64/python3.11/site-packages/sklearn/impute/_base.py:647: UserWarning: Skipping features without any observed values: ['FACILITY_ID' 'STATE_CODE_y' 'DISCHARGES_TO']. At least one non-missing value is needed for imputation with strategy='constant'.
  warnings.warn(
/work/GRDVULN/correction/.venv/lib64/python3.11/site-packages/sklearn/impute/_base.py:647: UserWarning: Skipping features without any observed values: ['FACILITY_ID' 'STATE_CODE_y' 'DISCHARGES_TO']. At least one non-missing value is needed for imputation with strategy='constant'.
  warnings.warn(
/work/GRDVULN/correction/.venv/lib64/python3.11/site-packages/sklearn/impute/_base.py:647: UserWarning: Skipping features without any observed values: ['FACILITY_ID' 'STATE_CODE_y' 'DISCHARGES_TO']. At least one non-missing value is needed for imputation with strategy='constant'.
  warnings.warn(
/work/GRDVULN/correction/.venv/lib64/python3.11/site-packages/sklearn/impute/_base.py:647: UserWarning: Skipping features without any observed values: ['DISCHARGE_TYPE' 'PRESENT_DISCHARGE_PERCENTAGE'
 'PROJECTED_DISCHARGE_PERCENTAGE']. At least one non-missing value is needed for imputation with strategy='median'.
  warnings.warn(
/work/GRDVULN/correction/.venv/lib64/python3.11/site-packages/sklearn/impute/_base.py:647: UserWarning: Skipping features without any observed values: ['DISCHARGE_TYPE' 'PRESENT_DISCHARGE_PERCENTAGE'
 'PROJECTED_DISCHARGE_PERCENTAGE']. At least one non-missing value is needed for imputation with strategy='median'.
  warnings.warn(
/work/GRDVULN/correction/.venv/lib64/python3.11/site-packages/sklearn/impute/_base.py:647: UserWarning: Skipping features without any observed values: ['DISCHARGE_TYPE' 'PRESENT_DISCHARGE_PERCENTAGE'
 'PROJECTED_DISCHARGE_PERCENTAGE']. At least one non-missing value is needed for imputation with strategy='median'.
  warnings.warn(
/work/GRDVULN/correction/.venv/lib64/python3.11/site-packages/sklearn/impute/_base.py:647: UserWarning: Skipping features without any observed values: ['DISCHARGE_TYPE' 'PRESENT_DISCHARGE_PERCENTAGE'
 'PROJECTED_DISCHARGE_PERCENTAGE']. At least one non-missing value is needed for imputation with strategy='median'.
  warnings.warn(
/work/GRDVULN/correction/.venv/lib64/python3.11/site-packages/sklearn/impute/_base.py:647: UserWarning: Skipping features without any observed values: ['FACILITY_ID' 'STATE_CODE_y' 'DISCHARGES_TO']. At least one non-missing value is needed for imputation with strategy='constant'.
  warnings.warn(
/work/GRDVULN/correction/.venv/lib64/python3.11/site-packages/sklearn/impute/_base.py:647: UserWarning: Skipping features without any observed values: ['DISCHARGE_TYPE' 'PRESENT_DISCHARGE_PERCENTAGE'
 'PROJECTED_DISCHARGE_PERCENTAGE']. At least one non-missing value is needed for imputation with strategy='median'.
  warnings.warn(
/work/GRDVULN/correction/.venv/lib64/python3.11/site-packages/sklearn/impute/_base.py:647: UserWarning: Skipping features without any observed values: ['FACILITY_ID' 'STATE_CODE_y' 'DISCHARGES_TO']. At least one non-missing value is needed for imputation with strategy='constant'.
  warnings.warn(
/work/GRDVULN/correction/.venv/lib64/python3.11/site-packages/sklearn/impute/_base.py:647: UserWarning: Skipping features without any observed values: ['FACILITY_ID' 'STATE_CODE_y' 'DISCHARGES_TO']. At least one non-missing value is needed for imputation with strategy='constant'.
  warnings.warn(
/work/GRDVULN/correction/.venv/lib64/python3.11/site-packages/sklearn/impute/_base.py:647: UserWarning: Skipping features without any observed values: ['DISCHARGE_TYPE' 'PRESENT_DISCHARGE_PERCENTAGE'
 'PROJECTED_DISCHARGE_PERCENTAGE']. At least one non-missing value is needed for imputation with strategy='median'.
  warnings.warn(
/work/GRDVULN/correction/.venv/lib64/python3.11/site-packages/sklearn/impute/_base.py:647: UserWarning: Skipping features without any observed values: ['DISCHARGE_TYPE' 'PRESENT_DISCHARGE_PERCENTAGE'
 'PROJECTED_DISCHARGE_PERCENTAGE']. At least one non-missing value is needed for imputation with strategy='median'.
  warnings.warn(
/work/GRDVULN/correction/.venv/lib64/python3.11/site-packages/sklearn/impute/_base.py:647: UserWarning: Skipping features without any observed values: ['FACILITY_ID' 'STATE_CODE_y' 'DISCHARGES_TO']. At least one non-missing value is needed for imputation with strategy='constant'.
  warnings.warn(
/work/GRDVULN/correction/.venv/lib64/python3.11/site-packages/sklearn/impute/_base.py:647: UserWarning: Skipping features without any observed values: ['FACILITY_ID' 'STATE_CODE_y' 'DISCHARGES_TO']. At least one non-missing value is needed for imputation with strategy='constant'.
  warnings.warn(
/work/GRDVULN/correction/.venv/lib64/python3.11/site-packages/sklearn/impute/_base.py:647: UserWarning: Skipping features without any observed values: ['DISCHARGE_TYPE' 'PRESENT_DISCHARGE_PERCENTAGE'
 'PROJECTED_DISCHARGE_PERCENTAGE']. At least one non-missing value is needed for imputation with strategy='median'.
  warnings.warn(
/work/GRDVULN/correction/.venv/lib64/python3.11/site-packages/sklearn/impute/_base.py:647: UserWarning: Skipping features without any observed values: ['FACILITY_ID' 'STATE_CODE_y' 'DISCHARGES_TO']. At least one non-missing value is needed for imputation with strategy='constant'.
  warnings.warn(
/work/GRDVULN/correction/.venv/lib64/python3.11/site-packages/sklearn/impute/_base.py:647: UserWarning: Skipping features without any observed values: ['DISCHARGE_TYPE' 'PRESENT_DISCHARGE_PERCENTAGE'
 'PROJECTED_DISCHARGE_PERCENTAGE']. At least one non-missing value is needed for imputation with strategy='median'.
  warnings.warn(
/work/GRDVULN/correction/.venv/lib64/python3.11/site-packages/sklearn/impute/_base.py:647: UserWarning: Skipping features without any observed values: ['FACILITY_ID' 'STATE_CODE_y' 'DISCHARGES_TO']. At least one non-missing value is needed for imputation with strategy='constant'.
  warnings.warn(
/work/GRDVULN/correction/.venv/lib64/python3.11/site-packages/sklearn/impute/_base.py:647: UserWarning: Skipping features without any observed values: ['DISCHARGE_TYPE' 'PRESENT_DISCHARGE_PERCENTAGE'
 'PROJECTED_DISCHARGE_PERCENTAGE']. At least one non-missing value is needed for imputation with strategy='median'.
  warnings.warn(
/work/GRDVULN/correction/.venv/lib64/python3.11/site-packages/sklearn/impute/_base.py:647: UserWarning: Skipping features without any observed values: ['DISCHARGE_TYPE' 'PRESENT_DISCHARGE_PERCENTAGE'
 'PROJECTED_DISCHARGE_PERCENTAGE']. At least one non-missing value is needed for imputation with strategy='median'.
  warnings.warn(
/work/GRDVULN/correction/.venv/lib64/python3.11/site-packages/sklearn/impute/_base.py:647: UserWarning: Skipping features without any observed values: ['FACILITY_ID' 'STATE_CODE_y' 'DISCHARGES_TO']. At least one non-missing value is needed for imputation with strategy='constant'.
  warnings.warn(
/work/GRDVULN/correction/.venv/lib64/python3.11/site-packages/sklearn/impute/_base.py:647: UserWarning: Skipping features without any observed values: ['DISCHARGE_TYPE' 'PRESENT_DISCHARGE_PERCENTAGE'
 'PROJECTED_DISCHARGE_PERCENTAGE']. At least one non-missing value is needed for imputation with strategy='median'.
  warnings.warn(
/work/GRDVULN/correction/.venv/lib64/python3.11/site-packages/sklearn/impute/_base.py:647: UserWarning: Skipping features without any observed values: ['FACILITY_ID' 'STATE_CODE_y' 'DISCHARGES_TO']. At least one non-missing value is needed for imputation with strategy='constant'.
  warnings.warn(
/work/GRDVULN/correction/.venv/lib64/python3.11/site-packages/sklearn/impute/_base.py:647: UserWarning: Skipping features without any observed values: ['DISCHARGE_TYPE' 'PRESENT_DISCHARGE_PERCENTAGE'
 'PROJECTED_DISCHARGE_PERCENTAGE']. At least one non-missing value is needed for imputation with strategy='median'.
  warnings.warn(
/work/GRDVULN/correction/.venv/lib64/python3.11/site-packages/sklearn/impute/_base.py:647: UserWarning: Skipping features without any observed values: ['FACILITY_ID' 'STATE_CODE_y' 'DISCHARGES_TO']. At least one non-missing value is needed for imputation with strategy='constant'.
  warnings.warn(
/work/GRDVULN/correction/.venv/lib64/python3.11/site-packages/sklearn/impute/_base.py:647: UserWarning: Skipping features without any observed values: ['DISCHARGE_TYPE' 'PRESENT_DISCHARGE_PERCENTAGE'
 'PROJECTED_DISCHARGE_PERCENTAGE']. At least one non-missing value is needed for imputation with strategy='median'.
  warnings.warn(
/work/GRDVULN/correction/.venv/lib64/python3.11/site-packages/sklearn/impute/_base.py:647: UserWarning: Skipping features without any observed values: ['FACILITY_ID' 'STATE_CODE_y' 'DISCHARGES_TO']. At least one non-missing value is needed for imputation with strategy='constant'.
  warnings.warn(
/work/GRDVULN/correction/.venv/lib64/python3.11/site-packages/sklearn/impute/_base.py:647: UserWarning: Skipping features without any observed values: ['FACILITY_ID' 'STATE_CODE_y' 'DISCHARGES_TO']. At least one non-missing value is needed for imputation with strategy='constant'.
  warnings.warn(
/work/GRDVULN/correction/.venv/lib64/python3.11/site-packages/sklearn/impute/_base.py:647: UserWarning: Skipping features without any observed values: ['DISCHARGE_TYPE' 'PRESENT_DISCHARGE_PERCENTAGE'
 'PROJECTED_DISCHARGE_PERCENTAGE']. At least one non-missing value is needed for imputation with strategy='median'.
  warnings.warn(
/work/GRDVULN/correction/.venv/lib64/python3.11/site-packages/sklearn/impute/_base.py:647: UserWarning: Skipping features without any observed values: ['FACILITY_ID' 'STATE_CODE_y' 'DISCHARGES_TO']. At least one non-missing value is needed for imputation with strategy='constant'.
  warnings.warn(
/work/GRDVULN/correction/.venv/lib64/python3.11/site-packages/sklearn/impute/_base.py:647: UserWarning: Skipping features without any observed values: ['DISCHARGE_TYPE' 'PRESENT_DISCHARGE_PERCENTAGE'
 'PROJECTED_DISCHARGE_PERCENTAGE']. At least one non-missing value is needed for imputation with strategy='median'.
  warnings.warn(
/work/GRDVULN/correction/.venv/lib64/python3.11/site-packages/sklearn/impute/_base.py:647: UserWarning: Skipping features without any observed values: ['DISCHARGE_TYPE' 'PRESENT_DISCHARGE_PERCENTAGE'
 'PROJECTED_DISCHARGE_PERCENTAGE']. At least one non-missing value is needed for imputation with strategy='median'.
  warnings.warn(
/work/GRDVULN/correction/.venv/lib64/python3.11/site-packages/sklearn/impute/_base.py:647: UserWarning: Skipping features without any observed values: ['FACILITY_ID' 'STATE_CODE_y' 'DISCHARGES_TO']. At least one non-missing value is needed for imputation with strategy='constant'.
  warnings.warn(
/work/GRDVULN/correction/.venv/lib64/python3.11/site-packages/sklearn/impute/_base.py:647: UserWarning: Skipping features without any observed values: ['DISCHARGE_TYPE' 'PRESENT_DISCHARGE_PERCENTAGE'
 'PROJECTED_DISCHARGE_PERCENTAGE']. At least one non-missing value is needed for imputation with strategy='median'.
  warnings.warn(
/work/GRDVULN/correction/.venv/lib64/python3.11/site-packages/sklearn/impute/_base.py:647: UserWarning: Skipping features without any observed values: ['FACILITY_ID' 'STATE_CODE_y' 'DISCHARGES_TO']. At least one non-missing value is needed for imputation with strategy='constant'.
  warnings.warn(
/work/GRDVULN/correction/.venv/lib64/python3.11/site-packages/sklearn/impute/_base.py:647: UserWarning: Skipping features without any observed values: ['FACILITY_ID' 'STATE_CODE_y' 'DISCHARGES_TO']. At least one non-missing value is needed for imputation with strategy='constant'.
  warnings.warn(
/work/GRDVULN/correction/.venv/lib64/python3.11/site-packages/sklearn/impute/_base.py:647: UserWarning: Skipping features without any observed values: ['FACILITY_ID' 'STATE_CODE_y' 'DISCHARGES_TO']. At least one non-missing value is needed for imputation with strategy='constant'.
  warnings.warn(
/work/GRDVULN/correction/.venv/lib64/python3.11/site-packages/sklearn/impute/_base.py:647: UserWarning: Skipping features without any observed values: ['DISCHARGE_TYPE' 'PRESENT_DISCHARGE_PERCENTAGE'
 'PROJECTED_DISCHARGE_PERCENTAGE']. At least one non-missing value is needed for imputation with strategy='median'.
  warnings.warn(
/work/GRDVULN/correction/.venv/lib64/python3.11/site-packages/sklearn/impute/_base.py:647: UserWarning: Skipping features without any observed values: ['DISCHARGE_TYPE' 'PRESENT_DISCHARGE_PERCENTAGE'
 'PROJECTED_DISCHARGE_PERCENTAGE']. At least one non-missing value is needed for imputation with strategy='median'.
  warnings.warn(
/work/GRDVULN/correction/.venv/lib64/python3.11/site-packages/sklearn/impute/_base.py:647: UserWarning: Skipping features without any observed values: ['DISCHARGE_TYPE' 'PRESENT_DISCHARGE_PERCENTAGE'
 'PROJECTED_DISCHARGE_PERCENTAGE']. At least one non-missing value is needed for imputation with strategy='median'.
  warnings.warn(
/work/GRDVULN/correction/.venv/lib64/python3.11/site-packages/sklearn/impute/_base.py:647: UserWarning: Skipping features without any observed values: ['FACILITY_ID' 'STATE_CODE_y' 'DISCHARGES_TO']. At least one non-missing value is needed for imputation with strategy='constant'.
  warnings.warn(
/work/GRDVULN/correction/.venv/lib64/python3.11/site-packages/sklearn/impute/_base.py:647: UserWarning: Skipping features without any observed values: ['FACILITY_ID' 'STATE_CODE_y' 'DISCHARGES_TO']. At least one non-missing value is needed for imputation with strategy='constant'.
  warnings.warn(
/work/GRDVULN/correction/.venv/lib64/python3.11/site-packages/sklearn/impute/_base.py:647: UserWarning: Skipping features without any observed values: ['DISCHARGE_TYPE' 'PRESENT_DISCHARGE_PERCENTAGE'
 'PROJECTED_DISCHARGE_PERCENTAGE']. At least one non-missing value is needed for imputation with strategy='median'.
  warnings.warn(
/work/GRDVULN/correction/.venv/lib64/python3.11/site-packages/sklearn/impute/_base.py:647: UserWarning: Skipping features without any observed values: ['DISCHARGE_TYPE' 'PRESENT_DISCHARGE_PERCENTAGE'
 'PROJECTED_DISCHARGE_PERCENTAGE']. At least one non-missing value is needed for imputation with strategy='median'.
  warnings.warn(
/work/GRDVULN/correction/.venv/lib64/python3.11/site-packages/sklearn/impute/_base.py:647: UserWarning: Skipping features without any observed values: ['FACILITY_ID' 'STATE_CODE_y' 'DISCHARGES_TO']. At least one non-missing value is needed for imputation with strategy='constant'.
  warnings.warn(
/work/GRDVULN/correction/.venv/lib64/python3.11/site-packages/sklearn/impute/_base.py:647: UserWarning: Skipping features without any observed values: ['DISCHARGE_TYPE' 'PRESENT_DISCHARGE_PERCENTAGE'
 'PROJECTED_DISCHARGE_PERCENTAGE']. At least one non-missing value is needed for imputation with strategy='median'.
  warnings.warn(
/work/GRDVULN/correction/.venv/lib64/python3.11/site-packages/sklearn/impute/_base.py:647: UserWarning: Skipping features without any observed values: ['FACILITY_ID' 'STATE_CODE_y' 'DISCHARGES_TO']. At least one non-missing value is needed for imputation with strategy='constant'.
  warnings.warn(
/work/GRDVULN/correction/.venv/lib64/python3.11/site-packages/sklearn/impute/_base.py:647: UserWarning: Skipping features without any observed values: ['FACILITY_ID' 'STATE_CODE_y' 'DISCHARGES_TO']. At least one non-missing value is needed for imputation with strategy='constant'.
  warnings.warn(
/work/GRDVULN/correction/.venv/lib64/python3.11/site-packages/sklearn/impute/_base.py:647: UserWarning: Skipping features without any observed values: ['DISCHARGE_TYPE' 'PRESENT_DISCHARGE_PERCENTAGE'
 'PROJECTED_DISCHARGE_PERCENTAGE']. At least one non-missing value is needed for imputation with strategy='median'.
  warnings.warn(
/work/GRDVULN/correction/.venv/lib64/python3.11/site-packages/sklearn/impute/_base.py:647: UserWarning: Skipping features without any observed values: ['DISCHARGE_TYPE' 'PRESENT_DISCHARGE_PERCENTAGE'
 'PROJECTED_DISCHARGE_PERCENTAGE']. At least one non-missing value is needed for imputation with strategy='median'.
  warnings.warn(
/work/GRDVULN/correction/.venv/lib64/python3.11/site-packages/sklearn/impute/_base.py:647: UserWarning: Skipping features without any observed values: ['FACILITY_ID' 'STATE_CODE_y' 'DISCHARGES_TO']. At least one non-missing value is needed for imputation with strategy='constant'.
  warnings.warn(
/work/GRDVULN/correction/.venv/lib64/python3.11/site-packages/sklearn/impute/_base.py:647: UserWarning: Skipping features without any observed values: ['FACILITY_ID' 'STATE_CODE_y' 'DISCHARGES_TO']. At least one non-missing value is needed for imputation with strategy='constant'.
  warnings.warn(
/work/GRDVULN/correction/.venv/lib64/python3.11/site-packages/sklearn/impute/_base.py:647: UserWarning: Skipping features without any observed values: ['DISCHARGE_TYPE' 'PRESENT_DISCHARGE_PERCENTAGE'
 'PROJECTED_DISCHARGE_PERCENTAGE']. At least one non-missing value is needed for imputation with strategy='median'.
  warnings.warn(
/work/GRDVULN/correction/.venv/lib64/python3.11/site-packages/sklearn/impute/_base.py:647: UserWarning: Skipping features without any observed values: ['DISCHARGE_TYPE' 'PRESENT_DISCHARGE_PERCENTAGE'
 'PROJECTED_DISCHARGE_PERCENTAGE']. At least one non-missing value is needed for imputation with strategy='median'.
  warnings.warn(
/work/GRDVULN/correction/.venv/lib64/python3.11/site-packages/sklearn/impute/_base.py:647: UserWarning: Skipping features without any observed values: ['FACILITY_ID' 'STATE_CODE_y' 'DISCHARGES_TO']. At least one non-missing value is needed for imputation with strategy='constant'.
  warnings.warn(
/work/GRDVULN/correction/.venv/lib64/python3.11/site-packages/sklearn/impute/_base.py:647: UserWarning: Skipping features without any observed values: ['DISCHARGE_TYPE' 'PRESENT_DISCHARGE_PERCENTAGE'
 'PROJECTED_DISCHARGE_PERCENTAGE']. At least one non-missing value is needed for imputation with strategy='median'.
  warnings.warn(
/work/GRDVULN/correction/.venv/lib64/python3.11/site-packages/sklearn/impute/_base.py:647: UserWarning: Skipping features without any observed values: ['FACILITY_ID' 'STATE_CODE_y' 'DISCHARGES_TO']. At least one non-missing value is needed for imputation with strategy='constant'.
  warnings.warn(
/work/GRDVULN/correction/.venv/lib64/python3.11/site-packages/sklearn/impute/_base.py:647: UserWarning: Skipping features without any observed values: ['FACILITY_ID' 'STATE_CODE_y' 'DISCHARGES_TO']. At least one non-missing value is needed for imputation with strategy='constant'.
  warnings.warn(
/work/GRDVULN/correction/.venv/lib64/python3.11/site-packages/sklearn/impute/_base.py:647: UserWarning: Skipping features without any observed values: ['FACILITY_ID' 'STATE_CODE_y' 'DISCHARGES_TO']. At least one non-missing value is needed for imputation with strategy='constant'.
  warnings.warn(
/work/GRDVULN/correction/.venv/lib64/python3.11/site-packages/sklearn/impute/_base.py:647: UserWarning: Skipping features without any observed values: ['DISCHARGE_TYPE' 'PRESENT_DISCHARGE_PERCENTAGE'
 'PROJECTED_DISCHARGE_PERCENTAGE']. At least one non-missing value is needed for imputation with strategy='median'.
  warnings.warn(
/work/GRDVULN/correction/.venv/lib64/python3.11/site-packages/sklearn/impute/_base.py:647: UserWarning: Skipping features without any observed values: ['DISCHARGE_TYPE' 'PRESENT_DISCHARGE_PERCENTAGE'
 'PROJECTED_DISCHARGE_PERCENTAGE']. At least one non-missing value is needed for imputation with strategy='median'.
  warnings.warn(
/work/GRDVULN/correction/.venv/lib64/python3.11/site-packages/sklearn/impute/_base.py:647: UserWarning: Skipping features without any observed values: ['DISCHARGE_TYPE' 'PRESENT_DISCHARGE_PERCENTAGE'
 'PROJECTED_DISCHARGE_PERCENTAGE']. At least one non-missing value is needed for imputation with strategy='median'.
  warnings.warn(
/work/GRDVULN/correction/.venv/lib64/python3.11/site-packages/sklearn/impute/_base.py:647: UserWarning: Skipping features without any observed values: ['FACILITY_ID' 'STATE_CODE_y' 'DISCHARGES_TO']. At least one non-missing value is needed for imputation with strategy='constant'.
  warnings.warn(
/work/GRDVULN/correction/.venv/lib64/python3.11/site-packages/sklearn/impute/_base.py:647: UserWarning: Skipping features without any observed values: ['FACILITY_ID' 'STATE_CODE_y' 'DISCHARGES_TO']. At least one non-missing value is needed for imputation with strategy='constant'.
  warnings.warn(
/work/GRDVULN/correction/.venv/lib64/python3.11/site-packages/sklearn/impute/_base.py:647: UserWarning: Skipping features without any observed values: ['DISCHARGE_TYPE' 'PRESENT_DISCHARGE_PERCENTAGE'
 'PROJECTED_DISCHARGE_PERCENTAGE']. At least one non-missing value is needed for imputation with strategy='median'.
  warnings.warn(
/work/GRDVULN/correction/.venv/lib64/python3.11/site-packages/sklearn/impute/_base.py:647: UserWarning: Skipping features without any observed values: ['DISCHARGE_TYPE' 'PRESENT_DISCHARGE_PERCENTAGE'
 'PROJECTED_DISCHARGE_PERCENTAGE']. At least one non-missing value is needed for imputation with strategy='median'.
  warnings.warn(
/work/GRDVULN/correction/.venv/lib64/python3.11/site-packages/sklearn/impute/_base.py:647: UserWarning: Skipping features without any observed values: ['FACILITY_ID' 'STATE_CODE_y' 'DISCHARGES_TO']. At least one non-missing value is needed for imputation with strategy='constant'.
  warnings.warn(
/work/GRDVULN/correction/.venv/lib64/python3.11/site-packages/sklearn/impute/_base.py:647: UserWarning: Skipping features without any observed values: ['FACILITY_ID' 'STATE_CODE_y' 'DISCHARGES_TO']. At least one non-missing value is needed for imputation with strategy='constant'.
  warnings.warn(
/work/GRDVULN/correction/.venv/lib64/python3.11/site-packages/sklearn/impute/_base.py:647: UserWarning: Skipping features without any observed values: ['DISCHARGE_TYPE' 'PRESENT_DISCHARGE_PERCENTAGE'
 'PROJECTED_DISCHARGE_PERCENTAGE']. At least one non-missing value is needed for imputation with strategy='median'.
  warnings.warn(
/work/GRDVULN/correction/.venv/lib64/python3.11/site-packages/sklearn/impute/_base.py:647: UserWarning: Skipping features without any observed values: ['FACILITY_ID' 'STATE_CODE_y' 'DISCHARGES_TO']. At least one non-missing value is needed for imputation with strategy='constant'.
  warnings.warn(
/work/GRDVULN/correction/.venv/lib64/python3.11/site-packages/sklearn/impute/_base.py:647: UserWarning: Skipping features without any observed values: ['DISCHARGE_TYPE' 'PRESENT_DISCHARGE_PERCENTAGE'
 'PROJECTED_DISCHARGE_PERCENTAGE']. At least one non-missing value is needed for imputation with strategy='median'.
  warnings.warn(
/work/GRDVULN/correction/.venv/lib64/python3.11/site-packages/sklearn/impute/_base.py:647: UserWarning: Skipping features without any observed values: ['DISCHARGE_TYPE' 'PRESENT_DISCHARGE_PERCENTAGE'
 'PROJECTED_DISCHARGE_PERCENTAGE']. At least one non-missing value is needed for imputation with strategy='median'.
  warnings.warn(
/work/GRDVULN/correction/.venv/lib64/python3.11/site-packages/sklearn/impute/_base.py:647: UserWarning: Skipping features without any observed values: ['FACILITY_ID' 'STATE_CODE_y' 'DISCHARGES_TO']. At least one non-missing value is needed for imputation with strategy='constant'.
  warnings.warn(
/work/GRDVULN/correction/.venv/lib64/python3.11/site-packages/sklearn/impute/_base.py:647: UserWarning: Skipping features without any observed values: ['DISCHARGE_TYPE' 'PRESENT_DISCHARGE_PERCENTAGE'
 'PROJECTED_DISCHARGE_PERCENTAGE']. At least one non-missing value is needed for imputation with strategy='median'.
  warnings.warn(
/work/GRDVULN/correction/.venv/lib64/python3.11/site-packages/sklearn/impute/_base.py:647: UserWarning: Skipping features without any observed values: ['FACILITY_ID' 'STATE_CODE_y' 'DISCHARGES_TO']. At least one non-missing value is needed for imputation with strategy='constant'.
  warnings.warn(
/work/GRDVULN/correction/.venv/lib64/python3.11/site-packages/sklearn/impute/_base.py:647: UserWarning: Skipping features without any observed values: ['FACILITY_ID' 'STATE_CODE_y' 'DISCHARGES_TO']. At least one non-missing value is needed for imputation with strategy='constant'.
  warnings.warn(
/work/GRDVULN/correction/.venv/lib64/python3.11/site-packages/sklearn/impute/_base.py:647: UserWarning: Skipping features without any observed values: ['DISCHARGE_TYPE' 'PRESENT_DISCHARGE_PERCENTAGE'
 'PROJECTED_DISCHARGE_PERCENTAGE']. At least one non-missing value is needed for imputation with strategy='median'.
  warnings.warn(
/work/GRDVULN/correction/.venv/lib64/python3.11/site-packages/sklearn/impute/_base.py:647: UserWarning: Skipping features without any observed values: ['DISCHARGE_TYPE' 'PRESENT_DISCHARGE_PERCENTAGE'
 'PROJECTED_DISCHARGE_PERCENTAGE']. At least one non-missing value is needed for imputation with strategy='median'.
  warnings.warn(
/work/GRDVULN/correction/.venv/lib64/python3.11/site-packages/sklearn/impute/_base.py:647: UserWarning: Skipping features without any observed values: ['FACILITY_ID' 'STATE_CODE_y' 'DISCHARGES_TO']. At least one non-missing value is needed for imputation with strategy='constant'.
  warnings.warn(
/work/GRDVULN/correction/.venv/lib64/python3.11/site-packages/sklearn/impute/_base.py:647: UserWarning: Skipping features without any observed values: ['FACILITY_ID' 'STATE_CODE_y' 'DISCHARGES_TO']. At least one non-missing value is needed for imputation with strategy='constant'.
  warnings.warn(
/work/GRDVULN/correction/.venv/lib64/python3.11/site-packages/sklearn/impute/_base.py:647: UserWarning: Skipping features without any observed values: ['DISCHARGE_TYPE' 'PRESENT_DISCHARGE_PERCENTAGE'
 'PROJECTED_DISCHARGE_PERCENTAGE']. At least one non-missing value is needed for imputation with strategy='median'.
  warnings.warn(
/work/GRDVULN/correction/.venv/lib64/python3.11/site-packages/sklearn/impute/_base.py:647: UserWarning: Skipping features without any observed values: ['FACILITY_ID' 'STATE_CODE_y' 'DISCHARGES_TO']. At least one non-missing value is needed for imputation with strategy='constant'.
  warnings.warn(
/work/GRDVULN/correction/.venv/lib64/python3.11/site-packages/sklearn/impute/_base.py:647: UserWarning: Skipping features without any observed values: ['DISCHARGE_TYPE' 'PRESENT_DISCHARGE_PERCENTAGE'
 'PROJECTED_DISCHARGE_PERCENTAGE']. At least one non-missing value is needed for imputation with strategy='median'.
  warnings.warn(
/work/GRDVULN/correction/.venv/lib64/python3.11/site-packages/sklearn/impute/_base.py:647: UserWarning: Skipping features without any observed values: ['DISCHARGE_TYPE' 'PRESENT_DISCHARGE_PERCENTAGE'
 'PROJECTED_DISCHARGE_PERCENTAGE']. At least one non-missing value is needed for imputation with strategy='median'.
  warnings.warn(
/work/GRDVULN/correction/.venv/lib64/python3.11/site-packages/sklearn/impute/_base.py:647: UserWarning: Skipping features without any observed values: ['FACILITY_ID' 'STATE_CODE_y' 'DISCHARGES_TO']. At least one non-missing value is needed for imputation with strategy='constant'.
  warnings.warn(
/work/GRDVULN/correction/.venv/lib64/python3.11/site-packages/sklearn/impute/_base.py:647: UserWarning: Skipping features without any observed values: ['FACILITY_ID' 'STATE_CODE_y' 'DISCHARGES_TO']. At least one non-missing value is needed for imputation with strategy='constant'.
  warnings.warn(
/work/GRDVULN/correction/.venv/lib64/python3.11/site-packages/sklearn/impute/_base.py:647: UserWarning: Skipping features without any observed values: ['DISCHARGE_TYPE' 'PRESENT_DISCHARGE_PERCENTAGE'
 'PROJECTED_DISCHARGE_PERCENTAGE']. At least one non-missing value is needed for imputation with strategy='median'.
  warnings.warn(
/work/GRDVULN/correction/.venv/lib64/python3.11/site-packages/sklearn/impute/_base.py:647: UserWarning: Skipping features without any observed values: ['FACILITY_ID' 'STATE_CODE_y' 'DISCHARGES_TO']. At least one non-missing value is needed for imputation with strategy='constant'.
  warnings.warn(
/work/GRDVULN/correction/.venv/lib64/python3.11/site-packages/sklearn/impute/_base.py:647: UserWarning: Skipping features without any observed values: ['DISCHARGE_TYPE' 'PRESENT_DISCHARGE_PERCENTAGE'
 'PROJECTED_DISCHARGE_PERCENTAGE']. At least one non-missing value is needed for imputation with strategy='median'.
  warnings.warn(
/work/GRDVULN/correction/.venv/lib64/python3.11/site-packages/sklearn/impute/_base.py:647: UserWarning: Skipping features without any observed values: ['DISCHARGE_TYPE' 'PRESENT_DISCHARGE_PERCENTAGE'
 'PROJECTED_DISCHARGE_PERCENTAGE']. At least one non-missing value is needed for imputation with strategy='median'.
  warnings.warn(
/work/GRDVULN/correction/.venv/lib64/python3.11/site-packages/sklearn/impute/_base.py:647: UserWarning: Skipping features without any observed values: ['FACILITY_ID' 'STATE_CODE_y' 'DISCHARGES_TO']. At least one non-missing value is needed for imputation with strategy='constant'.
  warnings.warn(
/work/GRDVULN/correction/.venv/lib64/python3.11/site-packages/sklearn/impute/_base.py:647: UserWarning: Skipping features without any observed values: ['DISCHARGE_TYPE' 'PRESENT_DISCHARGE_PERCENTAGE'
 'PROJECTED_DISCHARGE_PERCENTAGE']. At least one non-missing value is needed for imputation with strategy='median'.
  warnings.warn(
/work/GRDVULN/correction/.venv/lib64/python3.11/site-packages/sklearn/impute/_base.py:647: UserWarning: Skipping features without any observed values: ['FACILITY_ID' 'STATE_CODE_y' 'DISCHARGES_TO']. At least one non-missing value is needed for imputation with strategy='constant'.
  warnings.warn(
/work/GRDVULN/correction/.venv/lib64/python3.11/site-packages/sklearn/impute/_base.py:647: UserWarning: Skipping features without any observed values: ['FACILITY_ID' 'STATE_CODE_y' 'DISCHARGES_TO']. At least one non-missing value is needed for imputation with strategy='constant'.
  warnings.warn(
/work/GRDVULN/correction/.venv/lib64/python3.11/site-packages/sklearn/impute/_base.py:647: UserWarning: Skipping features without any observed values: ['DISCHARGE_TYPE' 'PRESENT_DISCHARGE_PERCENTAGE'
 'PROJECTED_DISCHARGE_PERCENTAGE']. At least one non-missing value is needed for imputation with strategy='median'.
  warnings.warn(
/work/GRDVULN/correction/.venv/lib64/python3.11/site-packages/sklearn/impute/_base.py:647: UserWarning: Skipping features without any observed values: ['FACILITY_ID' 'STATE_CODE_y' 'DISCHARGES_TO']. At least one non-missing value is needed for imputation with strategy='constant'.
  warnings.warn(
/work/GRDVULN/correction/.venv/lib64/python3.11/site-packages/sklearn/impute/_base.py:647: UserWarning: Skipping features without any observed values: ['DISCHARGE_TYPE' 'PRESENT_DISCHARGE_PERCENTAGE'
 'PROJECTED_DISCHARGE_PERCENTAGE']. At least one non-missing value is needed for imputation with strategy='median'.
  warnings.warn(
/work/GRDVULN/correction/.venv/lib64/python3.11/site-packages/sklearn/impute/_base.py:647: UserWarning: Skipping features without any observed values: ['DISCHARGE_TYPE' 'PRESENT_DISCHARGE_PERCENTAGE'
 'PROJECTED_DISCHARGE_PERCENTAGE']. At least one non-missing value is needed for imputation with strategy='median'.
  warnings.warn(
/work/GRDVULN/correction/.venv/lib64/python3.11/site-packages/sklearn/impute/_base.py:647: UserWarning: Skipping features without any observed values: ['FACILITY_ID' 'STATE_CODE_y' 'DISCHARGES_TO']. At least one non-missing value is needed for imputation with strategy='constant'.
  warnings.warn(
/work/GRDVULN/correction/.venv/lib64/python3.11/site-packages/sklearn/impute/_base.py:647: UserWarning: Skipping features without any observed values: ['DISCHARGE_TYPE' 'PRESENT_DISCHARGE_PERCENTAGE'
 'PROJECTED_DISCHARGE_PERCENTAGE']. At least one non-missing value is needed for imputation with strategy='median'.
  warnings.warn(
/work/GRDVULN/correction/.venv/lib64/python3.11/site-packages/sklearn/impute/_base.py:647: UserWarning: Skipping features without any observed values: ['FACILITY_ID' 'STATE_CODE_y' 'DISCHARGES_TO']. At least one non-missing value is needed for imputation with strategy='constant'.
  warnings.warn(
/work/GRDVULN/correction/.venv/lib64/python3.11/site-packages/sklearn/impute/_base.py:647: UserWarning: Skipping features without any observed values: ['FACILITY_ID' 'STATE_CODE_y' 'DISCHARGES_TO']. At least one non-missing value is needed for imputation with strategy='constant'.
  warnings.warn(
/work/GRDVULN/correction/.venv/lib64/python3.11/site-packages/sklearn/impute/_base.py:647: UserWarning: Skipping features without any observed values: ['FACILITY_ID' 'STATE_CODE_y' 'DISCHARGES_TO']. At least one non-missing value is needed for imputation with strategy='constant'.
  warnings.warn(
/work/GRDVULN/correction/.venv/lib64/python3.11/site-packages/sklearn/impute/_base.py:647: UserWarning: Skipping features without any observed values: ['FACILITY_ID' 'STATE_CODE_y' 'DISCHARGES_TO']. At least one non-missing value is needed for imputation with strategy='constant'.
  warnings.warn(
/work/GRDVULN/correction/.venv/lib64/python3.11/site-packages/sklearn/impute/_base.py:647: UserWarning: Skipping features without any observed values: ['DISCHARGE_TYPE' 'PRESENT_DISCHARGE_PERCENTAGE'
 'PROJECTED_DISCHARGE_PERCENTAGE']. At least one non-missing value is needed for imputation with strategy='median'.
  warnings.warn(
/work/GRDVULN/correction/.venv/lib64/python3.11/site-packages/sklearn/impute/_base.py:647: UserWarning: Skipping features without any observed values: ['DISCHARGE_TYPE' 'PRESENT_DISCHARGE_PERCENTAGE'
 'PROJECTED_DISCHARGE_PERCENTAGE']. At least one non-missing value is needed for imputation with strategy='median'.
  warnings.warn(
/work/GRDVULN/correction/.venv/lib64/python3.11/site-packages/sklearn/impute/_base.py:647: UserWarning: Skipping features without any observed values: ['DISCHARGE_TYPE' 'PRESENT_DISCHARGE_PERCENTAGE'
 'PROJECTED_DISCHARGE_PERCENTAGE']. At least one non-missing value is needed for imputation with strategy='median'.
  warnings.warn(
/work/GRDVULN/correction/.venv/lib64/python3.11/site-packages/sklearn/impute/_base.py:647: UserWarning: Skipping features without any observed values: ['DISCHARGE_TYPE' 'PRESENT_DISCHARGE_PERCENTAGE'
 'PROJECTED_DISCHARGE_PERCENTAGE']. At least one non-missing value is needed for imputation with strategy='median'.
  warnings.warn(
/work/GRDVULN/correction/.venv/lib64/python3.11/site-packages/sklearn/impute/_base.py:647: UserWarning: Skipping features without any observed values: ['FACILITY_ID' 'STATE_CODE_y' 'DISCHARGES_TO']. At least one non-missing value is needed for imputation with strategy='constant'.
  warnings.warn(
/work/GRDVULN/correction/.venv/lib64/python3.11/site-packages/sklearn/impute/_base.py:647: UserWarning: Skipping features without any observed values: ['FACILITY_ID' 'STATE_CODE_y' 'DISCHARGES_TO']. At least one non-missing value is needed for imputation with strategy='constant'.
  warnings.warn(
/work/GRDVULN/correction/.venv/lib64/python3.11/site-packages/sklearn/impute/_base.py:647: UserWarning: Skipping features without any observed values: ['DISCHARGE_TYPE' 'PRESENT_DISCHARGE_PERCENTAGE'
 'PROJECTED_DISCHARGE_PERCENTAGE']. At least one non-missing value is needed for imputation with strategy='median'.
  warnings.warn(
/work/GRDVULN/correction/.venv/lib64/python3.11/site-packages/sklearn/impute/_base.py:647: UserWarning: Skipping features without any observed values: ['DISCHARGE_TYPE' 'PRESENT_DISCHARGE_PERCENTAGE'
 'PROJECTED_DISCHARGE_PERCENTAGE']. At least one non-missing value is needed for imputation with strategy='median'.
  warnings.warn(
/work/GRDVULN/correction/.venv/lib64/python3.11/site-packages/sklearn/impute/_base.py:647: UserWarning: Skipping features without any observed values: ['FACILITY_ID' 'STATE_CODE_y' 'DISCHARGES_TO']. At least one non-missing value is needed for imputation with strategy='constant'.
  warnings.warn(
/work/GRDVULN/correction/.venv/lib64/python3.11/site-packages/sklearn/impute/_base.py:647: UserWarning: Skipping features without any observed values: ['FACILITY_ID' 'STATE_CODE_y' 'DISCHARGES_TO']. At least one non-missing value is needed for imputation with strategy='constant'.
  warnings.warn(
/work/GRDVULN/correction/.venv/lib64/python3.11/site-packages/sklearn/impute/_base.py:647: UserWarning: Skipping features without any observed values: ['DISCHARGE_TYPE' 'PRESENT_DISCHARGE_PERCENTAGE'
 'PROJECTED_DISCHARGE_PERCENTAGE']. At least one non-missing value is needed for imputation with strategy='median'.
  warnings.warn(
/work/GRDVULN/correction/.venv/lib64/python3.11/site-packages/sklearn/impute/_base.py:647: UserWarning: Skipping features without any observed values: ['DISCHARGE_TYPE' 'PRESENT_DISCHARGE_PERCENTAGE'
 'PROJECTED_DISCHARGE_PERCENTAGE']. At least one non-missing value is needed for imputation with strategy='median'.
  warnings.warn(
/work/GRDVULN/correction/.venv/lib64/python3.11/site-packages/sklearn/impute/_base.py:647: UserWarning: Skipping features without any observed values: ['FACILITY_ID' 'STATE_CODE_y' 'DISCHARGES_TO']. At least one non-missing value is needed for imputation with strategy='constant'.
  warnings.warn(
/work/GRDVULN/correction/.venv/lib64/python3.11/site-packages/sklearn/impute/_base.py:647: UserWarning: Skipping features without any observed values: ['DISCHARGE_TYPE' 'PRESENT_DISCHARGE_PERCENTAGE'
 'PROJECTED_DISCHARGE_PERCENTAGE']. At least one non-missing value is needed for imputation with strategy='median'.
  warnings.warn(
/work/GRDVULN/correction/.venv/lib64/python3.11/site-packages/sklearn/impute/_base.py:647: UserWarning: Skipping features without any observed values: ['FACILITY_ID' 'STATE_CODE_y' 'DISCHARGES_TO']. At least one non-missing value is needed for imputation with strategy='constant'.
  warnings.warn(
/work/GRDVULN/correction/.venv/lib64/python3.11/site-packages/sklearn/impute/_base.py:647: UserWarning: Skipping features without any observed values: ['DISCHARGE_TYPE' 'PRESENT_DISCHARGE_PERCENTAGE'
 'PROJECTED_DISCHARGE_PERCENTAGE']. At least one non-missing value is needed for imputation with strategy='median'.
  warnings.warn(
/work/GRDVULN/correction/.venv/lib64/python3.11/site-packages/sklearn/impute/_base.py:647: UserWarning: Skipping features without any observed values: ['FACILITY_ID' 'STATE_CODE_y' 'DISCHARGES_TO']. At least one non-missing value is needed for imputation with strategy='constant'.
  warnings.warn(
/work/GRDVULN/correction/.venv/lib64/python3.11/site-packages/sklearn/impute/_base.py:647: UserWarning: Skipping features without any observed values: ['DISCHARGE_TYPE' 'PRESENT_DISCHARGE_PERCENTAGE'
 'PROJECTED_DISCHARGE_PERCENTAGE']. At least one non-missing value is needed for imputation with strategy='median'.
  warnings.warn(
/work/GRDVULN/correction/.venv/lib64/python3.11/site-packages/sklearn/impute/_base.py:647: UserWarning: Skipping features without any observed values: ['FACILITY_ID' 'STATE_CODE_y' 'DISCHARGES_TO']. At least one non-missing value is needed for imputation with strategy='constant'.
  warnings.warn(
/work/GRDVULN/correction/.venv/lib64/python3.11/site-packages/sklearn/impute/_base.py:647: UserWarning: Skipping features without any observed values: ['FACILITY_ID' 'STATE_CODE_y' 'DISCHARGES_TO']. At least one non-missing value is needed for imputation with strategy='constant'.
  warnings.warn(
/work/GRDVULN/correction/.venv/lib64/python3.11/site-packages/sklearn/impute/_base.py:647: UserWarning: Skipping features without any observed values: ['DISCHARGE_TYPE' 'PRESENT_DISCHARGE_PERCENTAGE'
 'PROJECTED_DISCHARGE_PERCENTAGE']. At least one non-missing value is needed for imputation with strategy='median'.
  warnings.warn(
/work/GRDVULN/correction/.venv/lib64/python3.11/site-packages/sklearn/impute/_base.py:647: UserWarning: Skipping features without any observed values: ['DISCHARGE_TYPE' 'PRESENT_DISCHARGE_PERCENTAGE'
 'PROJECTED_DISCHARGE_PERCENTAGE']. At least one non-missing value is needed for imputation with strategy='median'.
  warnings.warn(
/work/GRDVULN/correction/.venv/lib64/python3.11/site-packages/sklearn/impute/_base.py:647: UserWarning: Skipping features without any observed values: ['FACILITY_ID' 'STATE_CODE_y' 'DISCHARGES_TO']. At least one non-missing value is needed for imputation with strategy='constant'.
  warnings.warn(
/work/GRDVULN/correction/.venv/lib64/python3.11/site-packages/sklearn/impute/_base.py:647: UserWarning: Skipping features without any observed values: ['FACILITY_ID' 'STATE_CODE_y' 'DISCHARGES_TO']. At least one non-missing value is needed for imputation with strategy='constant'.
  warnings.warn(
/work/GRDVULN/correction/.venv/lib64/python3.11/site-packages/sklearn/impute/_base.py:647: UserWarning: Skipping features without any observed values: ['FACILITY_ID' 'STATE_CODE_y' 'DISCHARGES_TO']. At least one non-missing value is needed for imputation with strategy='constant'.
  warnings.warn(
/work/GRDVULN/correction/.venv/lib64/python3.11/site-packages/sklearn/impute/_base.py:647: UserWarning: Skipping features without any observed values: ['DISCHARGE_TYPE' 'PRESENT_DISCHARGE_PERCENTAGE'
 'PROJECTED_DISCHARGE_PERCENTAGE']. At least one non-missing value is needed for imputation with strategy='median'.
  warnings.warn(
/work/GRDVULN/correction/.venv/lib64/python3.11/site-packages/sklearn/impute/_base.py:647: UserWarning: Skipping features without any observed values: ['DISCHARGE_TYPE' 'PRESENT_DISCHARGE_PERCENTAGE'
 'PROJECTED_DISCHARGE_PERCENTAGE']. At least one non-missing value is needed for imputation with strategy='median'.
  warnings.warn(
/work/GRDVULN/correction/.venv/lib64/python3.11/site-packages/sklearn/impute/_base.py:647: UserWarning: Skipping features without any observed values: ['DISCHARGE_TYPE' 'PRESENT_DISCHARGE_PERCENTAGE'
 'PROJECTED_DISCHARGE_PERCENTAGE']. At least one non-missing value is needed for imputation with strategy='median'.
  warnings.warn(
/work/GRDVULN/correction/.venv/lib64/python3.11/site-packages/sklearn/impute/_base.py:647: UserWarning: Skipping features without any observed values: ['FACILITY_ID' 'STATE_CODE_y' 'DISCHARGES_TO']. At least one non-missing value is needed for imputation with strategy='constant'.
  warnings.warn(
/work/GRDVULN/correction/.venv/lib64/python3.11/site-packages/sklearn/impute/_base.py:647: UserWarning: Skipping features without any observed values: ['DISCHARGE_TYPE' 'PRESENT_DISCHARGE_PERCENTAGE'
 'PROJECTED_DISCHARGE_PERCENTAGE']. At least one non-missing value is needed for imputation with strategy='median'.
  warnings.warn(
/work/GRDVULN/correction/.venv/lib64/python3.11/site-packages/sklearn/impute/_base.py:647: UserWarning: Skipping features without any observed values: ['FACILITY_ID' 'STATE_CODE_y' 'DISCHARGES_TO']. At least one non-missing value is needed for imputation with strategy='constant'.
  warnings.warn(
/work/GRDVULN/correction/.venv/lib64/python3.11/site-packages/sklearn/impute/_base.py:647: UserWarning: Skipping features without any observed values: ['FACILITY_ID' 'STATE_CODE_y' 'DISCHARGES_TO']. At least one non-missing value is needed for imputation with strategy='constant'.
  warnings.warn(
/work/GRDVULN/correction/.venv/lib64/python3.11/site-packages/sklearn/impute/_base.py:647: UserWarning: Skipping features without any observed values: ['DISCHARGE_TYPE' 'PRESENT_DISCHARGE_PERCENTAGE'
 'PROJECTED_DISCHARGE_PERCENTAGE']. At least one non-missing value is needed for imputation with strategy='median'.
  warnings.warn(
/work/GRDVULN/correction/.venv/lib64/python3.11/site-packages/sklearn/impute/_base.py:647: UserWarning: Skipping features without any observed values: ['DISCHARGE_TYPE' 'PRESENT_DISCHARGE_PERCENTAGE'
 'PROJECTED_DISCHARGE_PERCENTAGE']. At least one non-missing value is needed for imputation with strategy='median'.
  warnings.warn(
/work/GRDVULN/correction/.venv/lib64/python3.11/site-packages/sklearn/impute/_base.py:647: UserWarning: Skipping features without any observed values: ['FACILITY_ID' 'STATE_CODE_y' 'DISCHARGES_TO']. At least one non-missing value is needed for imputation with strategy='constant'.
  warnings.warn(
/work/GRDVULN/correction/.venv/lib64/python3.11/site-packages/sklearn/impute/_base.py:647: UserWarning: Skipping features without any observed values: ['DISCHARGE_TYPE' 'PRESENT_DISCHARGE_PERCENTAGE'
 'PROJECTED_DISCHARGE_PERCENTAGE']. At least one non-missing value is needed for imputation with strategy='median'.
  warnings.warn(
/work/GRDVULN/correction/.venv/lib64/python3.11/site-packages/sklearn/impute/_base.py:647: UserWarning: Skipping features without any observed values: ['FACILITY_ID' 'STATE_CODE_y' 'DISCHARGES_TO']. At least one non-missing value is needed for imputation with strategy='constant'.
  warnings.warn(
/work/GRDVULN/correction/.venv/lib64/python3.11/site-packages/sklearn/impute/_base.py:647: UserWarning: Skipping features without any observed values: ['DISCHARGE_TYPE' 'PRESENT_DISCHARGE_PERCENTAGE'
 'PROJECTED_DISCHARGE_PERCENTAGE']. At least one non-missing value is needed for imputation with strategy='median'.
  warnings.warn(
/work/GRDVULN/correction/.venv/lib64/python3.11/site-packages/sklearn/impute/_base.py:647: UserWarning: Skipping features without any observed values: ['FACILITY_ID' 'STATE_CODE_y' 'DISCHARGES_TO']. At least one non-missing value is needed for imputation with strategy='constant'.
  warnings.warn(
/work/GRDVULN/correction/.venv/lib64/python3.11/site-packages/sklearn/impute/_base.py:647: UserWarning: Skipping features without any observed values: ['FACILITY_ID' 'STATE_CODE_y' 'DISCHARGES_TO']. At least one non-missing value is needed for imputation with strategy='constant'.
  warnings.warn(
/work/GRDVULN/correction/.venv/lib64/python3.11/site-packages/sklearn/impute/_base.py:647: UserWarning: Skipping features without any observed values: ['DISCHARGE_TYPE' 'PRESENT_DISCHARGE_PERCENTAGE'
 'PROJECTED_DISCHARGE_PERCENTAGE']. At least one non-missing value is needed for imputation with strategy='median'.
  warnings.warn(
/work/GRDVULN/correction/.venv/lib64/python3.11/site-packages/sklearn/impute/_base.py:647: UserWarning: Skipping features without any observed values: ['FACILITY_ID' 'STATE_CODE_y' 'DISCHARGES_TO']. At least one non-missing value is needed for imputation with strategy='constant'.
  warnings.warn(
/work/GRDVULN/correction/.venv/lib64/python3.11/site-packages/sklearn/impute/_base.py:647: UserWarning: Skipping features without any observed values: ['DISCHARGE_TYPE' 'PRESENT_DISCHARGE_PERCENTAGE'
 'PROJECTED_DISCHARGE_PERCENTAGE']. At least one non-missing value is needed for imputation with strategy='median'.
  warnings.warn(
/work/GRDVULN/correction/.venv/lib64/python3.11/site-packages/sklearn/impute/_base.py:647: UserWarning: Skipping features without any observed values: ['DISCHARGE_TYPE' 'PRESENT_DISCHARGE_PERCENTAGE'
 'PROJECTED_DISCHARGE_PERCENTAGE']. At least one non-missing value is needed for imputation with strategy='median'.
  warnings.warn(
/work/GRDVULN/correction/.venv/lib64/python3.11/site-packages/sklearn/impute/_base.py:647: UserWarning: Skipping features without any observed values: ['FACILITY_ID' 'STATE_CODE_y' 'DISCHARGES_TO']. At least one non-missing value is needed for imputation with strategy='constant'.
  warnings.warn(
/work/GRDVULN/correction/.venv/lib64/python3.11/site-packages/sklearn/impute/_base.py:647: UserWarning: Skipping features without any observed values: ['FACILITY_ID' 'STATE_CODE_y' 'DISCHARGES_TO']. At least one non-missing value is needed for imputation with strategy='constant'.
  warnings.warn(
/work/GRDVULN/correction/.venv/lib64/python3.11/site-packages/sklearn/impute/_base.py:647: UserWarning: Skipping features without any observed values: ['DISCHARGE_TYPE' 'PRESENT_DISCHARGE_PERCENTAGE'
 'PROJECTED_DISCHARGE_PERCENTAGE']. At least one non-missing value is needed for imputation with strategy='median'.
  warnings.warn(
/work/GRDVULN/correction/.venv/lib64/python3.11/site-packages/sklearn/impute/_base.py:647: UserWarning: Skipping features without any observed values: ['DISCHARGE_TYPE' 'PRESENT_DISCHARGE_PERCENTAGE'
 'PROJECTED_DISCHARGE_PERCENTAGE']. At least one non-missing value is needed for imputation with strategy='median'.
  warnings.warn(
/work/GRDVULN/correction/.venv/lib64/python3.11/site-packages/sklearn/impute/_base.py:647: UserWarning: Skipping features without any observed values: ['FACILITY_ID' 'STATE_CODE_y' 'DISCHARGES_TO']. At least one non-missing value is needed for imputation with strategy='constant'.
  warnings.warn(
/work/GRDVULN/correction/.venv/lib64/python3.11/site-packages/sklearn/impute/_base.py:647: UserWarning: Skipping features without any observed values: ['FACILITY_ID' 'STATE_CODE_y' 'DISCHARGES_TO']. At least one non-missing value is needed for imputation with strategy='constant'.
  warnings.warn(
/work/GRDVULN/correction/.venv/lib64/python3.11/site-packages/sklearn/impute/_base.py:647: UserWarning: Skipping features without any observed values: ['DISCHARGE_TYPE' 'PRESENT_DISCHARGE_PERCENTAGE'
 'PROJECTED_DISCHARGE_PERCENTAGE']. At least one non-missing value is needed for imputation with strategy='median'.
  warnings.warn(
/work/GRDVULN/correction/.venv/lib64/python3.11/site-packages/sklearn/impute/_base.py:647: UserWarning: Skipping features without any observed values: ['DISCHARGE_TYPE' 'PRESENT_DISCHARGE_PERCENTAGE'
 'PROJECTED_DISCHARGE_PERCENTAGE']. At least one non-missing value is needed for imputation with strategy='median'.
  warnings.warn(
/work/GRDVULN/correction/.venv/lib64/python3.11/site-packages/sklearn/impute/_base.py:647: UserWarning: Skipping features without any observed values: ['FACILITY_ID' 'STATE_CODE_y' 'DISCHARGES_TO']. At least one non-missing value is needed for imputation with strategy='constant'.
  warnings.warn(
/work/GRDVULN/correction/.venv/lib64/python3.11/site-packages/sklearn/impute/_base.py:647: UserWarning: Skipping features without any observed values: ['DISCHARGE_TYPE' 'PRESENT_DISCHARGE_PERCENTAGE'
 'PROJECTED_DISCHARGE_PERCENTAGE']. At least one non-missing value is needed for imputation with strategy='median'.
  warnings.warn(
/work/GRDVULN/correction/.venv/lib64/python3.11/site-packages/sklearn/impute/_base.py:647: UserWarning: Skipping features without any observed values: ['FACILITY_ID' 'STATE_CODE_y' 'DISCHARGES_TO']. At least one non-missing value is needed for imputation with strategy='constant'.
  warnings.warn(
/work/GRDVULN/correction/.venv/lib64/python3.11/site-packages/sklearn/impute/_base.py:647: UserWarning: Skipping features without any observed values: ['FACILITY_ID' 'STATE_CODE_y' 'DISCHARGES_TO']. At least one non-missing value is needed for imputation with strategy='constant'.
  warnings.warn(
/work/GRDVULN/correction/.venv/lib64/python3.11/site-packages/sklearn/impute/_base.py:647: UserWarning: Skipping features without any observed values: ['DISCHARGE_TYPE' 'PRESENT_DISCHARGE_PERCENTAGE'
 'PROJECTED_DISCHARGE_PERCENTAGE']. At least one non-missing value is needed for imputation with strategy='median'.
  warnings.warn(
/work/GRDVULN/correction/.venv/lib64/python3.11/site-packages/sklearn/impute/_base.py:647: UserWarning: Skipping features without any observed values: ['DISCHARGE_TYPE' 'PRESENT_DISCHARGE_PERCENTAGE'
 'PROJECTED_DISCHARGE_PERCENTAGE']. At least one non-missing value is needed for imputation with strategy='median'.
  warnings.warn(
/work/GRDVULN/correction/.venv/lib64/python3.11/site-packages/sklearn/impute/_base.py:647: UserWarning: Skipping features without any observed values: ['FACILITY_ID' 'STATE_CODE_y' 'DISCHARGES_TO']. At least one non-missing value is needed for imputation with strategy='constant'.
  warnings.warn(
/work/GRDVULN/correction/.venv/lib64/python3.11/site-packages/sklearn/impute/_base.py:647: UserWarning: Skipping features without any observed values: ['DISCHARGE_TYPE' 'PRESENT_DISCHARGE_PERCENTAGE'
 'PROJECTED_DISCHARGE_PERCENTAGE']. At least one non-missing value is needed for imputation with strategy='median'.
  warnings.warn(
/work/GRDVULN/correction/.venv/lib64/python3.11/site-packages/sklearn/impute/_base.py:647: UserWarning: Skipping features without any observed values: ['FACILITY_ID' 'STATE_CODE_y' 'DISCHARGES_TO']. At least one non-missing value is needed for imputation with strategy='constant'.
  warnings.warn(
/work/GRDVULN/correction/.venv/lib64/python3.11/site-packages/sklearn/impute/_base.py:647: UserWarning: Skipping features without any observed values: ['FACILITY_ID' 'STATE_CODE_y' 'DISCHARGES_TO']. At least one non-missing value is needed for imputation with strategy='constant'.
  warnings.warn(
/work/GRDVULN/correction/.venv/lib64/python3.11/site-packages/sklearn/impute/_base.py:647: UserWarning: Skipping features without any observed values: ['DISCHARGE_TYPE' 'PRESENT_DISCHARGE_PERCENTAGE'
 'PROJECTED_DISCHARGE_PERCENTAGE']. At least one non-missing value is needed for imputation with strategy='median'.
  warnings.warn(
/work/GRDVULN/correction/.venv/lib64/python3.11/site-packages/sklearn/impute/_base.py:647: UserWarning: Skipping features without any observed values: ['DISCHARGE_TYPE' 'PRESENT_DISCHARGE_PERCENTAGE'
 'PROJECTED_DISCHARGE_PERCENTAGE']. At least one non-missing value is needed for imputation with strategy='median'.
  warnings.warn(
/work/GRDVULN/correction/.venv/lib64/python3.11/site-packages/sklearn/impute/_base.py:647: UserWarning: Skipping features without any observed values: ['FACILITY_ID' 'STATE_CODE_y' 'DISCHARGES_TO']. At least one non-missing value is needed for imputation with strategy='constant'.
  warnings.warn(
/work/GRDVULN/correction/.venv/lib64/python3.11/site-packages/sklearn/impute/_base.py:647: UserWarning: Skipping features without any observed values: ['FACILITY_ID' 'STATE_CODE_y' 'DISCHARGES_TO']. At least one non-missing value is needed for imputation with strategy='constant'.
  warnings.warn(
/work/GRDVULN/correction/.venv/lib64/python3.11/site-packages/sklearn/impute/_base.py:647: UserWarning: Skipping features without any observed values: ['DISCHARGE_TYPE' 'PRESENT_DISCHARGE_PERCENTAGE'
 'PROJECTED_DISCHARGE_PERCENTAGE']. At least one non-missing value is needed for imputation with strategy='median'.
  warnings.warn(
/work/GRDVULN/correction/.venv/lib64/python3.11/site-packages/sklearn/impute/_base.py:647: UserWarning: Skipping features without any observed values: ['FACILITY_ID' 'STATE_CODE_y' 'DISCHARGES_TO']. At least one non-missing value is needed for imputation with strategy='constant'.
  warnings.warn(
/work/GRDVULN/correction/.venv/lib64/python3.11/site-packages/sklearn/impute/_base.py:647: UserWarning: Skipping features without any observed values: ['DISCHARGE_TYPE' 'PRESENT_DISCHARGE_PERCENTAGE'
 'PROJECTED_DISCHARGE_PERCENTAGE']. At least one non-missing value is needed for imputation with strategy='median'.
  warnings.warn(
/work/GRDVULN/correction/.venv/lib64/python3.11/site-packages/sklearn/impute/_base.py:647: UserWarning: Skipping features without any observed values: ['FACILITY_ID' 'STATE_CODE_y' 'DISCHARGES_TO']. At least one non-missing value is needed for imputation with strategy='constant'.
  warnings.warn(
/work/GRDVULN/correction/.venv/lib64/python3.11/site-packages/sklearn/impute/_base.py:647: UserWarning: Skipping features without any observed values: ['DISCHARGE_TYPE' 'PRESENT_DISCHARGE_PERCENTAGE'
 'PROJECTED_DISCHARGE_PERCENTAGE']. At least one non-missing value is needed for imputation with strategy='median'.
  warnings.warn(
/work/GRDVULN/correction/.venv/lib64/python3.11/site-packages/sklearn/impute/_base.py:647: UserWarning: Skipping features without any observed values: ['DISCHARGE_TYPE' 'PRESENT_DISCHARGE_PERCENTAGE'
 'PROJECTED_DISCHARGE_PERCENTAGE']. At least one non-missing value is needed for imputation with strategy='median'.
  warnings.warn(
/work/GRDVULN/correction/.venv/lib64/python3.11/site-packages/sklearn/impute/_base.py:647: UserWarning: Skipping features without any observed values: ['FACILITY_ID' 'STATE_CODE_y' 'DISCHARGES_TO']. At least one non-missing value is needed for imputation with strategy='constant'.
  warnings.warn(
/work/GRDVULN/correction/.venv/lib64/python3.11/site-packages/sklearn/impute/_base.py:647: UserWarning: Skipping features without any observed values: ['DISCHARGE_TYPE' 'PRESENT_DISCHARGE_PERCENTAGE'
 'PROJECTED_DISCHARGE_PERCENTAGE']. At least one non-missing value is needed for imputation with strategy='median'.
  warnings.warn(
/work/GRDVULN/correction/.venv/lib64/python3.11/site-packages/sklearn/impute/_base.py:647: UserWarning: Skipping features without any observed values: ['FACILITY_ID' 'STATE_CODE_y' 'DISCHARGES_TO']. At least one non-missing value is needed for imputation with strategy='constant'.
  warnings.warn(
/work/GRDVULN/correction/.venv/lib64/python3.11/site-packages/sklearn/impute/_base.py:647: UserWarning: Skipping features without any observed values: ['DISCHARGE_TYPE' 'PRESENT_DISCHARGE_PERCENTAGE'
 'PROJECTED_DISCHARGE_PERCENTAGE']. At least one non-missing value is needed for imputation with strategy='median'.
  warnings.warn(
/work/GRDVULN/correction/.venv/lib64/python3.11/site-packages/sklearn/impute/_base.py:647: UserWarning: Skipping features without any observed values: ['FACILITY_ID' 'STATE_CODE_y' 'DISCHARGES_TO']. At least one non-missing value is needed for imputation with strategy='constant'.
  warnings.warn(
/work/GRDVULN/correction/.venv/lib64/python3.11/site-packages/sklearn/impute/_base.py:647: UserWarning: Skipping features without any observed values: ['FACILITY_ID' 'STATE_CODE_y' 'DISCHARGES_TO']. At least one non-missing value is needed for imputation with strategy='constant'.
  warnings.warn(
/work/GRDVULN/correction/.venv/lib64/python3.11/site-packages/sklearn/impute/_base.py:647: UserWarning: Skipping features without any observed values: ['DISCHARGE_TYPE' 'PRESENT_DISCHARGE_PERCENTAGE'
 'PROJECTED_DISCHARGE_PERCENTAGE']. At least one non-missing value is needed for imputation with strategy='median'.
  warnings.warn(
/work/GRDVULN/correction/.venv/lib64/python3.11/site-packages/sklearn/impute/_base.py:647: UserWarning: Skipping features without any observed values: ['DISCHARGE_TYPE' 'PRESENT_DISCHARGE_PERCENTAGE'
 'PROJECTED_DISCHARGE_PERCENTAGE']. At least one non-missing value is needed for imputation with strategy='median'.
  warnings.warn(
/work/GRDVULN/correction/.venv/lib64/python3.11/site-packages/sklearn/impute/_base.py:647: UserWarning: Skipping features without any observed values: ['FACILITY_ID' 'STATE_CODE_y' 'DISCHARGES_TO']. At least one non-missing value is needed for imputation with strategy='constant'.
  warnings.warn(
/work/GRDVULN/correction/.venv/lib64/python3.11/site-packages/sklearn/impute/_base.py:647: UserWarning: Skipping features without any observed values: ['FACILITY_ID' 'STATE_CODE_y' 'DISCHARGES_TO']. At least one non-missing value is needed for imputation with strategy='constant'.
  warnings.warn(
/work/GRDVULN/correction/.venv/lib64/python3.11/site-packages/sklearn/impute/_base.py:647: UserWarning: Skipping features without any observed values: ['DISCHARGE_TYPE' 'PRESENT_DISCHARGE_PERCENTAGE'
 'PROJECTED_DISCHARGE_PERCENTAGE']. At least one non-missing value is needed for imputation with strategy='median'.
  warnings.warn(
/work/GRDVULN/correction/.venv/lib64/python3.11/site-packages/sklearn/impute/_base.py:647: UserWarning: Skipping features without any observed values: ['FACILITY_ID' 'STATE_CODE_y' 'DISCHARGES_TO']. At least one non-missing value is needed for imputation with strategy='constant'.
  warnings.warn(
/work/GRDVULN/correction/.venv/lib64/python3.11/site-packages/sklearn/impute/_base.py:647: UserWarning: Skipping features without any observed values: ['DISCHARGE_TYPE' 'PRESENT_DISCHARGE_PERCENTAGE'
 'PROJECTED_DISCHARGE_PERCENTAGE']. At least one non-missing value is needed for imputation with strategy='median'.
  warnings.warn(
/work/GRDVULN/correction/.venv/lib64/python3.11/site-packages/sklearn/impute/_base.py:647: UserWarning: Skipping features without any observed values: ['FACILITY_ID' 'STATE_CODE_y' 'DISCHARGES_TO']. At least one non-missing value is needed for imputation with strategy='constant'.
  warnings.warn(
/work/GRDVULN/correction/.venv/lib64/python3.11/site-packages/sklearn/impute/_base.py:647: UserWarning: Skipping features without any observed values: ['DISCHARGE_TYPE' 'PRESENT_DISCHARGE_PERCENTAGE'
 'PROJECTED_DISCHARGE_PERCENTAGE']. At least one non-missing value is needed for imputation with strategy='median'.
  warnings.warn(
/work/GRDVULN/correction/.venv/lib64/python3.11/site-packages/sklearn/impute/_base.py:647: UserWarning: Skipping features without any observed values: ['DISCHARGE_TYPE' 'PRESENT_DISCHARGE_PERCENTAGE'
 'PROJECTED_DISCHARGE_PERCENTAGE']. At least one non-missing value is needed for imputation with strategy='median'.
  warnings.warn(
/work/GRDVULN/correction/.venv/lib64/python3.11/site-packages/sklearn/impute/_base.py:647: UserWarning: Skipping features without any observed values: ['FACILITY_ID' 'STATE_CODE_y' 'DISCHARGES_TO']. At least one non-missing value is needed for imputation with strategy='constant'.
  warnings.warn(
/work/GRDVULN/correction/.venv/lib64/python3.11/site-packages/sklearn/impute/_base.py:647: UserWarning: Skipping features without any observed values: ['DISCHARGE_TYPE' 'PRESENT_DISCHARGE_PERCENTAGE'
 'PROJECTED_DISCHARGE_PERCENTAGE']. At least one non-missing value is needed for imputation with strategy='median'.
  warnings.warn(
/work/GRDVULN/correction/.venv/lib64/python3.11/site-packages/sklearn/impute/_base.py:647: UserWarning: Skipping features without any observed values: ['FACILITY_ID' 'STATE_CODE_y' 'DISCHARGES_TO']. At least one non-missing value is needed for imputation with strategy='constant'.
  warnings.warn(
/work/GRDVULN/correction/.venv/lib64/python3.11/site-packages/sklearn/impute/_base.py:647: UserWarning: Skipping features without any observed values: ['DISCHARGE_TYPE' 'PRESENT_DISCHARGE_PERCENTAGE'
 'PROJECTED_DISCHARGE_PERCENTAGE']. At least one non-missing value is needed for imputation with strategy='median'.
  warnings.warn(
/work/GRDVULN/correction/.venv/lib64/python3.11/site-packages/sklearn/impute/_base.py:647: UserWarning: Skipping features without any observed values: ['FACILITY_ID' 'STATE_CODE_y' 'DISCHARGES_TO']. At least one non-missing value is needed for imputation with strategy='constant'.
  warnings.warn(
/work/GRDVULN/correction/.venv/lib64/python3.11/site-packages/sklearn/impute/_base.py:647: UserWarning: Skipping features without any observed values: ['FACILITY_ID' 'STATE_CODE_y' 'DISCHARGES_TO']. At least one non-missing value is needed for imputation with strategy='constant'.
  warnings.warn(
/work/GRDVULN/correction/.venv/lib64/python3.11/site-packages/sklearn/impute/_base.py:647: UserWarning: Skipping features without any observed values: ['DISCHARGE_TYPE' 'PRESENT_DISCHARGE_PERCENTAGE'
 'PROJECTED_DISCHARGE_PERCENTAGE']. At least one non-missing value is needed for imputation with strategy='median'.
  warnings.warn(
/work/GRDVULN/correction/.venv/lib64/python3.11/site-packages/sklearn/impute/_base.py:647: UserWarning: Skipping features without any observed values: ['DISCHARGE_TYPE' 'PRESENT_DISCHARGE_PERCENTAGE'
 'PROJECTED_DISCHARGE_PERCENTAGE']. At least one non-missing value is needed for imputation with strategy='median'.
  warnings.warn(
/work/GRDVULN/correction/.venv/lib64/python3.11/site-packages/sklearn/impute/_base.py:647: UserWarning: Skipping features without any observed values: ['FACILITY_ID' 'STATE_CODE_y' 'DISCHARGES_TO']. At least one non-missing value is needed for imputation with strategy='constant'.
  warnings.warn(
/work/GRDVULN/correction/.venv/lib64/python3.11/site-packages/sklearn/impute/_base.py:647: UserWarning: Skipping features without any observed values: ['DISCHARGE_TYPE' 'PRESENT_DISCHARGE_PERCENTAGE'
 'PROJECTED_DISCHARGE_PERCENTAGE']. At least one non-missing value is needed for imputation with strategy='median'.
  warnings.warn(
/work/GRDVULN/correction/.venv/lib64/python3.11/site-packages/sklearn/impute/_base.py:647: UserWarning: Skipping features without any observed values: ['FACILITY_ID' 'STATE_CODE_y' 'DISCHARGES_TO']. At least one non-missing value is needed for imputation with strategy='constant'.
  warnings.warn(
/work/GRDVULN/correction/.venv/lib64/python3.11/site-packages/sklearn/impute/_base.py:647: UserWarning: Skipping features without any observed values: ['FACILITY_ID' 'STATE_CODE_y' 'DISCHARGES_TO']. At least one non-missing value is needed for imputation with strategy='constant'.
  warnings.warn(
/work/GRDVULN/correction/.venv/lib64/python3.11/site-packages/sklearn/impute/_base.py:647: UserWarning: Skipping features without any observed values: ['DISCHARGE_TYPE' 'PRESENT_DISCHARGE_PERCENTAGE'
 'PROJECTED_DISCHARGE_PERCENTAGE']. At least one non-missing value is needed for imputation with strategy='median'.
  warnings.warn(
/work/GRDVULN/correction/.venv/lib64/python3.11/site-packages/sklearn/impute/_base.py:647: UserWarning: Skipping features without any observed values: ['DISCHARGE_TYPE' 'PRESENT_DISCHARGE_PERCENTAGE'
 'PROJECTED_DISCHARGE_PERCENTAGE']. At least one non-missing value is needed for imputation with strategy='median'.
  warnings.warn(
/work/GRDVULN/correction/.venv/lib64/python3.11/site-packages/sklearn/impute/_base.py:647: UserWarning: Skipping features without any observed values: ['FACILITY_ID' 'STATE_CODE_y' 'DISCHARGES_TO']. At least one non-missing value is needed for imputation with strategy='constant'.
  warnings.warn(
/work/GRDVULN/correction/.venv/lib64/python3.11/site-packages/sklearn/impute/_base.py:647: UserWarning: Skipping features without any observed values: ['FACILITY_ID' 'STATE_CODE_y' 'DISCHARGES_TO']. At least one non-missing value is needed for imputation with strategy='constant'.
  warnings.warn(
/work/GRDVULN/correction/.venv/lib64/python3.11/site-packages/sklearn/impute/_base.py:647: UserWarning: Skipping features without any observed values: ['DISCHARGE_TYPE' 'PRESENT_DISCHARGE_PERCENTAGE'
 'PROJECTED_DISCHARGE_PERCENTAGE']. At least one non-missing value is needed for imputation with strategy='median'.
  warnings.warn(
/work/GRDVULN/correction/.venv/lib64/python3.11/site-packages/sklearn/impute/_base.py:647: UserWarning: Skipping features without any observed values: ['DISCHARGE_TYPE' 'PRESENT_DISCHARGE_PERCENTAGE'
 'PROJECTED_DISCHARGE_PERCENTAGE']. At least one non-missing value is needed for imputation with strategy='median'.
  warnings.warn(
/work/GRDVULN/correction/.venv/lib64/python3.11/site-packages/sklearn/impute/_base.py:647: UserWarning: Skipping features without any observed values: ['FACILITY_ID' 'STATE_CODE_y' 'DISCHARGES_TO']. At least one non-missing value is needed for imputation with strategy='constant'.
  warnings.warn(
/work/GRDVULN/correction/.venv/lib64/python3.11/site-packages/sklearn/impute/_base.py:647: UserWarning: Skipping features without any observed values: ['DISCHARGE_TYPE' 'PRESENT_DISCHARGE_PERCENTAGE'
 'PROJECTED_DISCHARGE_PERCENTAGE']. At least one non-missing value is needed for imputation with strategy='median'.
  warnings.warn(
/work/GRDVULN/correction/.venv/lib64/python3.11/site-packages/sklearn/impute/_base.py:647: UserWarning: Skipping features without any observed values: ['FACILITY_ID' 'STATE_CODE_y' 'DISCHARGES_TO']. At least one non-missing value is needed for imputation with strategy='constant'.
  warnings.warn(
/work/GRDVULN/correction/.venv/lib64/python3.11/site-packages/sklearn/impute/_base.py:647: UserWarning: Skipping features without any observed values: ['FACILITY_ID' 'STATE_CODE_y' 'DISCHARGES_TO']. At least one non-missing value is needed for imputation with strategy='constant'.
  warnings.warn(
/work/GRDVULN/correction/.venv/lib64/python3.11/site-packages/sklearn/impute/_base.py:647: UserWarning: Skipping features without any observed values: ['FACILITY_ID' 'STATE_CODE_y' 'DISCHARGES_TO']. At least one non-missing value is needed for imputation with strategy='constant'.
  warnings.warn(
/work/GRDVULN/correction/.venv/lib64/python3.11/site-packages/sklearn/impute/_base.py:647: UserWarning: Skipping features without any observed values: ['DISCHARGE_TYPE' 'PRESENT_DISCHARGE_PERCENTAGE'
 'PROJECTED_DISCHARGE_PERCENTAGE']. At least one non-missing value is needed for imputation with strategy='median'.
  warnings.warn(
/work/GRDVULN/correction/.venv/lib64/python3.11/site-packages/sklearn/impute/_base.py:647: UserWarning: Skipping features without any observed values: ['DISCHARGE_TYPE' 'PRESENT_DISCHARGE_PERCENTAGE'
 'PROJECTED_DISCHARGE_PERCENTAGE']. At least one non-missing value is needed for imputation with strategy='median'.
  warnings.warn(
/work/GRDVULN/correction/.venv/lib64/python3.11/site-packages/sklearn/impute/_base.py:647: UserWarning: Skipping features without any observed values: ['DISCHARGE_TYPE' 'PRESENT_DISCHARGE_PERCENTAGE'
 'PROJECTED_DISCHARGE_PERCENTAGE']. At least one non-missing value is needed for imputation with strategy='median'.
  warnings.warn(
/work/GRDVULN/correction/.venv/lib64/python3.11/site-packages/sklearn/impute/_base.py:647: UserWarning: Skipping features without any observed values: ['FACILITY_ID' 'STATE_CODE_y' 'DISCHARGES_TO']. At least one non-missing value is needed for imputation with strategy='constant'.
  warnings.warn(
/work/GRDVULN/correction/.venv/lib64/python3.11/site-packages/sklearn/impute/_base.py:647: UserWarning: Skipping features without any observed values: ['DISCHARGE_TYPE' 'PRESENT_DISCHARGE_PERCENTAGE'
 'PROJECTED_DISCHARGE_PERCENTAGE']. At least one non-missing value is needed for imputation with strategy='median'.
  warnings.warn(
/work/GRDVULN/correction/.venv/lib64/python3.11/site-packages/sklearn/impute/_base.py:647: UserWarning: Skipping features without any observed values: ['FACILITY_ID' 'STATE_CODE_y' 'DISCHARGES_TO']. At least one non-missing value is needed for imputation with strategy='constant'.
  warnings.warn(
/work/GRDVULN/correction/.venv/lib64/python3.11/site-packages/sklearn/impute/_base.py:647: UserWarning: Skipping features without any observed values: ['FACILITY_ID' 'STATE_CODE_y' 'DISCHARGES_TO']. At least one non-missing value is needed for imputation with strategy='constant'.
  warnings.warn(
/work/GRDVULN/correction/.venv/lib64/python3.11/site-packages/sklearn/impute/_base.py:647: UserWarning: Skipping features without any observed values: ['DISCHARGE_TYPE' 'PRESENT_DISCHARGE_PERCENTAGE'
 'PROJECTED_DISCHARGE_PERCENTAGE']. At least one non-missing value is needed for imputation with strategy='median'.
  warnings.warn(
/work/GRDVULN/correction/.venv/lib64/python3.11/site-packages/sklearn/impute/_base.py:647: UserWarning: Skipping features without any observed values: ['DISCHARGE_TYPE' 'PRESENT_DISCHARGE_PERCENTAGE'
 'PROJECTED_DISCHARGE_PERCENTAGE']. At least one non-missing value is needed for imputation with strategy='median'.
  warnings.warn(
/work/GRDVULN/correction/.venv/lib64/python3.11/site-packages/sklearn/impute/_base.py:647: UserWarning: Skipping features without any observed values: ['FACILITY_ID' 'STATE_CODE_y' 'DISCHARGES_TO']. At least one non-missing value is needed for imputation with strategy='constant'.
  warnings.warn(
/work/GRDVULN/correction/.venv/lib64/python3.11/site-packages/sklearn/impute/_base.py:647: UserWarning: Skipping features without any observed values: ['DISCHARGE_TYPE' 'PRESENT_DISCHARGE_PERCENTAGE'
 'PROJECTED_DISCHARGE_PERCENTAGE']. At least one non-missing value is needed for imputation with strategy='median'.
  warnings.warn(
/work/GRDVULN/correction/.venv/lib64/python3.11/site-packages/sklearn/impute/_base.py:647: UserWarning: Skipping features without any observed values: ['FACILITY_ID' 'STATE_CODE_y' 'DISCHARGES_TO']. At least one non-missing value is needed for imputation with strategy='constant'.
  warnings.warn(
/work/GRDVULN/correction/.venv/lib64/python3.11/site-packages/sklearn/impute/_base.py:647: UserWarning: Skipping features without any observed values: ['DISCHARGE_TYPE' 'PRESENT_DISCHARGE_PERCENTAGE'
 'PROJECTED_DISCHARGE_PERCENTAGE']. At least one non-missing value is needed for imputation with strategy='median'.
  warnings.warn(
/work/GRDVULN/correction/.venv/lib64/python3.11/site-packages/sklearn/impute/_base.py:647: UserWarning: Skipping features without any observed values: ['FACILITY_ID' 'STATE_CODE_y' 'DISCHARGES_TO']. At least one non-missing value is needed for imputation with strategy='constant'.
  warnings.warn(
/work/GRDVULN/correction/.venv/lib64/python3.11/site-packages/sklearn/impute/_base.py:647: UserWarning: Skipping features without any observed values: ['DISCHARGE_TYPE' 'PRESENT_DISCHARGE_PERCENTAGE'
 'PROJECTED_DISCHARGE_PERCENTAGE']. At least one non-missing value is needed for imputation with strategy='median'.
  warnings.warn(
/work/GRDVULN/correction/.venv/lib64/python3.11/site-packages/sklearn/impute/_base.py:647: UserWarning: Skipping features without any observed values: ['FACILITY_ID' 'STATE_CODE_y' 'DISCHARGES_TO']. At least one non-missing value is needed for imputation with strategy='constant'.
  warnings.warn(
/work/GRDVULN/correction/.venv/lib64/python3.11/site-packages/sklearn/impute/_base.py:647: UserWarning: Skipping features without any observed values: ['DISCHARGE_TYPE' 'PRESENT_DISCHARGE_PERCENTAGE'
 'PROJECTED_DISCHARGE_PERCENTAGE']. At least one non-missing value is needed for imputation with strategy='median'.
  warnings.warn(
/work/GRDVULN/correction/.venv/lib64/python3.11/site-packages/sklearn/impute/_base.py:647: UserWarning: Skipping features without any observed values: ['FACILITY_ID' 'STATE_CODE_y' 'DISCHARGES_TO']. At least one non-missing value is needed for imputation with strategy='constant'.
  warnings.warn(
/work/GRDVULN/correction/.venv/lib64/python3.11/site-packages/sklearn/impute/_base.py:647: UserWarning: Skipping features without any observed values: ['DISCHARGE_TYPE' 'PRESENT_DISCHARGE_PERCENTAGE'
 'PROJECTED_DISCHARGE_PERCENTAGE']. At least one non-missing value is needed for imputation with strategy='median'.
  warnings.warn(
/work/GRDVULN/correction/.venv/lib64/python3.11/site-packages/sklearn/impute/_base.py:647: UserWarning: Skipping features without any observed values: ['FACILITY_ID' 'STATE_CODE_y' 'DISCHARGES_TO']. At least one non-missing value is needed for imputation with strategy='constant'.
  warnings.warn(
/work/GRDVULN/correction/.venv/lib64/python3.11/site-packages/sklearn/impute/_base.py:647: UserWarning: Skipping features without any observed values: ['FACILITY_ID' 'STATE_CODE_y' 'DISCHARGES_TO']. At least one non-missing value is needed for imputation with strategy='constant'.
  warnings.warn(
/work/GRDVULN/correction/.venv/lib64/python3.11/site-packages/sklearn/impute/_base.py:647: UserWarning: Skipping features without any observed values: ['FACILITY_ID' 'STATE_CODE_y' 'DISCHARGES_TO']. At least one non-missing value is needed for imputation with strategy='constant'.
  warnings.warn(
/work/GRDVULN/correction/.venv/lib64/python3.11/site-packages/sklearn/impute/_base.py:647: UserWarning: Skipping features without any observed values: ['DISCHARGE_TYPE' 'PRESENT_DISCHARGE_PERCENTAGE'
 'PROJECTED_DISCHARGE_PERCENTAGE']. At least one non-missing value is needed for imputation with strategy='median'.
  warnings.warn(
/work/GRDVULN/correction/.venv/lib64/python3.11/site-packages/sklearn/impute/_base.py:647: UserWarning: Skipping features without any observed values: ['DISCHARGE_TYPE' 'PRESENT_DISCHARGE_PERCENTAGE'
 'PROJECTED_DISCHARGE_PERCENTAGE']. At least one non-missing value is needed for imputation with strategy='median'.
  warnings.warn(
/work/GRDVULN/correction/.venv/lib64/python3.11/site-packages/sklearn/impute/_base.py:647: UserWarning: Skipping features without any observed values: ['DISCHARGE_TYPE' 'PRESENT_DISCHARGE_PERCENTAGE'
 'PROJECTED_DISCHARGE_PERCENTAGE']. At least one non-missing value is needed for imputation with strategy='median'.
  warnings.warn(
/work/GRDVULN/correction/.venv/lib64/python3.11/site-packages/sklearn/impute/_base.py:647: UserWarning: Skipping features without any observed values: ['FACILITY_ID' 'STATE_CODE_y' 'DISCHARGES_TO']. At least one non-missing value is needed for imputation with strategy='constant'.
  warnings.warn(
/work/GRDVULN/correction/.venv/lib64/python3.11/site-packages/sklearn/impute/_base.py:647: UserWarning: Skipping features without any observed values: ['FACILITY_ID' 'STATE_CODE_y' 'DISCHARGES_TO']. At least one non-missing value is needed for imputation with strategy='constant'.
  warnings.warn(
/work/GRDVULN/correction/.venv/lib64/python3.11/site-packages/sklearn/impute/_base.py:647: UserWarning: Skipping features without any observed values: ['DISCHARGE_TYPE' 'PRESENT_DISCHARGE_PERCENTAGE'
 'PROJECTED_DISCHARGE_PERCENTAGE']. At least one non-missing value is needed for imputation with strategy='median'.
  warnings.warn(
/work/GRDVULN/correction/.venv/lib64/python3.11/site-packages/sklearn/impute/_base.py:647: UserWarning: Skipping features without any observed values: ['DISCHARGE_TYPE' 'PRESENT_DISCHARGE_PERCENTAGE'
 'PROJECTED_DISCHARGE_PERCENTAGE']. At least one non-missing value is needed for imputation with strategy='median'.
  warnings.warn(
/work/GRDVULN/correction/.venv/lib64/python3.11/site-packages/sklearn/impute/_base.py:647: UserWarning: Skipping features without any observed values: ['FACILITY_ID' 'STATE_CODE_y' 'DISCHARGES_TO']. At least one non-missing value is needed for imputation with strategy='constant'.
  warnings.warn(
/work/GRDVULN/correction/.venv/lib64/python3.11/site-packages/sklearn/impute/_base.py:647: UserWarning: Skipping features without any observed values: ['DISCHARGE_TYPE' 'PRESENT_DISCHARGE_PERCENTAGE'
 'PROJECTED_DISCHARGE_PERCENTAGE']. At least one non-missing value is needed for imputation with strategy='median'.
  warnings.warn(
/work/GRDVULN/correction/.venv/lib64/python3.11/site-packages/sklearn/impute/_base.py:647: UserWarning: Skipping features without any observed values: ['FACILITY_ID' 'STATE_CODE_y' 'DISCHARGES_TO']. At least one non-missing value is needed for imputation with strategy='constant'.
  warnings.warn(
/work/GRDVULN/correction/.venv/lib64/python3.11/site-packages/sklearn/impute/_base.py:647: UserWarning: Skipping features without any observed values: ['FACILITY_ID' 'STATE_CODE_y' 'DISCHARGES_TO']. At least one non-missing value is needed for imputation with strategy='constant'.
  warnings.warn(
/work/GRDVULN/correction/.venv/lib64/python3.11/site-packages/sklearn/impute/_base.py:647: UserWarning: Skipping features without any observed values: ['DISCHARGE_TYPE' 'PRESENT_DISCHARGE_PERCENTAGE'
 'PROJECTED_DISCHARGE_PERCENTAGE']. At least one non-missing value is needed for imputation with strategy='median'.
  warnings.warn(
/work/GRDVULN/correction/.venv/lib64/python3.11/site-packages/sklearn/impute/_base.py:647: UserWarning: Skipping features without any observed values: ['DISCHARGE_TYPE' 'PRESENT_DISCHARGE_PERCENTAGE'
 'PROJECTED_DISCHARGE_PERCENTAGE']. At least one non-missing value is needed for imputation with strategy='median'.
  warnings.warn(
/work/GRDVULN/correction/.venv/lib64/python3.11/site-packages/sklearn/impute/_base.py:647: UserWarning: Skipping features without any observed values: ['FACILITY_ID' 'STATE_CODE_y' 'DISCHARGES_TO']. At least one non-missing value is needed for imputation with strategy='constant'.
  warnings.warn(
/work/GRDVULN/correction/.venv/lib64/python3.11/site-packages/sklearn/impute/_base.py:647: UserWarning: Skipping features without any observed values: ['FACILITY_ID' 'STATE_CODE_y' 'DISCHARGES_TO']. At least one non-missing value is needed for imputation with strategy='constant'.
  warnings.warn(
/work/GRDVULN/correction/.venv/lib64/python3.11/site-packages/sklearn/impute/_base.py:647: UserWarning: Skipping features without any observed values: ['DISCHARGE_TYPE' 'PRESENT_DISCHARGE_PERCENTAGE'
 'PROJECTED_DISCHARGE_PERCENTAGE']. At least one non-missing value is needed for imputation with strategy='median'.
  warnings.warn(
/work/GRDVULN/correction/.venv/lib64/python3.11/site-packages/sklearn/impute/_base.py:647: UserWarning: Skipping features without any observed values: ['FACILITY_ID' 'STATE_CODE_y' 'DISCHARGES_TO']. At least one non-missing value is needed for imputation with strategy='constant'.
  warnings.warn(
/work/GRDVULN/correction/.venv/lib64/python3.11/site-packages/sklearn/impute/_base.py:647: UserWarning: Skipping features without any observed values: ['DISCHARGE_TYPE' 'PRESENT_DISCHARGE_PERCENTAGE'
 'PROJECTED_DISCHARGE_PERCENTAGE']. At least one non-missing value is needed for imputation with strategy='median'.
  warnings.warn(
/work/GRDVULN/correction/.venv/lib64/python3.11/site-packages/sklearn/impute/_base.py:647: UserWarning: Skipping features without any observed values: ['DISCHARGE_TYPE' 'PRESENT_DISCHARGE_PERCENTAGE'
 'PROJECTED_DISCHARGE_PERCENTAGE']. At least one non-missing value is needed for imputation with strategy='median'.
  warnings.warn(
/work/GRDVULN/correction/.venv/lib64/python3.11/site-packages/sklearn/impute/_base.py:647: UserWarning: Skipping features without any observed values: ['FACILITY_ID' 'STATE_CODE_y' 'DISCHARGES_TO']. At least one non-missing value is needed for imputation with strategy='constant'.
  warnings.warn(
/work/GRDVULN/correction/.venv/lib64/python3.11/site-packages/sklearn/impute/_base.py:647: UserWarning: Skipping features without any observed values: ['DISCHARGE_TYPE' 'PRESENT_DISCHARGE_PERCENTAGE'
 'PROJECTED_DISCHARGE_PERCENTAGE']. At least one non-missing value is needed for imputation with strategy='median'.
  warnings.warn(
/work/GRDVULN/correction/.venv/lib64/python3.11/site-packages/sklearn/impute/_base.py:647: UserWarning: Skipping features without any observed values: ['FACILITY_ID' 'STATE_CODE_y' 'DISCHARGES_TO']. At least one non-missing value is needed for imputation with strategy='constant'.
  warnings.warn(
/work/GRDVULN/correction/.venv/lib64/python3.11/site-packages/sklearn/impute/_base.py:647: UserWarning: Skipping features without any observed values: ['DISCHARGE_TYPE' 'PRESENT_DISCHARGE_PERCENTAGE'
 'PROJECTED_DISCHARGE_PERCENTAGE']. At least one non-missing value is needed for imputation with strategy='median'.
  warnings.warn(
/work/GRDVULN/correction/.venv/lib64/python3.11/site-packages/sklearn/impute/_base.py:647: UserWarning: Skipping features without any observed values: ['FACILITY_ID' 'STATE_CODE_y' 'DISCHARGES_TO']. At least one non-missing value is needed for imputation with strategy='constant'.
  warnings.warn(
/work/GRDVULN/correction/.venv/lib64/python3.11/site-packages/sklearn/impute/_base.py:647: UserWarning: Skipping features without any observed values: ['DISCHARGE_TYPE' 'PRESENT_DISCHARGE_PERCENTAGE'
 'PROJECTED_DISCHARGE_PERCENTAGE']. At least one non-missing value is needed for imputation with strategy='median'.
  warnings.warn(
/work/GRDVULN/correction/.venv/lib64/python3.11/site-packages/sklearn/impute/_base.py:647: UserWarning: Skipping features without any observed values: ['FACILITY_ID' 'STATE_CODE_y' 'DISCHARGES_TO']. At least one non-missing value is needed for imputation with strategy='constant'.
  warnings.warn(
/work/GRDVULN/correction/.venv/lib64/python3.11/site-packages/sklearn/impute/_base.py:647: UserWarning: Skipping features without any observed values: ['DISCHARGE_TYPE' 'PRESENT_DISCHARGE_PERCENTAGE'
 'PROJECTED_DISCHARGE_PERCENTAGE']. At least one non-missing value is needed for imputation with strategy='median'.
  warnings.warn(
/work/GRDVULN/correction/.venv/lib64/python3.11/site-packages/sklearn/impute/_base.py:647: UserWarning: Skipping features without any observed values: ['FACILITY_ID' 'STATE_CODE_y' 'DISCHARGES_TO']. At least one non-missing value is needed for imputation with strategy='constant'.
  warnings.warn(
/work/GRDVULN/correction/.venv/lib64/python3.11/site-packages/sklearn/impute/_base.py:647: UserWarning: Skipping features without any observed values: ['FACILITY_ID' 'STATE_CODE_y' 'DISCHARGES_TO']. At least one non-missing value is needed for imputation with strategy='constant'.
  warnings.warn(
/work/GRDVULN/correction/.venv/lib64/python3.11/site-packages/sklearn/impute/_base.py:647: UserWarning: Skipping features without any observed values: ['DISCHARGE_TYPE' 'PRESENT_DISCHARGE_PERCENTAGE'
 'PROJECTED_DISCHARGE_PERCENTAGE']. At least one non-missing value is needed for imputation with strategy='median'.
  warnings.warn(
/work/GRDVULN/correction/.venv/lib64/python3.11/site-packages/sklearn/impute/_base.py:647: UserWarning: Skipping features without any observed values: ['FACILITY_ID' 'STATE_CODE_y' 'DISCHARGES_TO']. At least one non-missing value is needed for imputation with strategy='constant'.
  warnings.warn(
/work/GRDVULN/correction/.venv/lib64/python3.11/site-packages/sklearn/impute/_base.py:647: UserWarning: Skipping features without any observed values: ['DISCHARGE_TYPE' 'PRESENT_DISCHARGE_PERCENTAGE'
 'PROJECTED_DISCHARGE_PERCENTAGE']. At least one non-missing value is needed for imputation with strategy='median'.
  warnings.warn(
/work/GRDVULN/correction/.venv/lib64/python3.11/site-packages/sklearn/impute/_base.py:647: UserWarning: Skipping features without any observed values: ['DISCHARGE_TYPE' 'PRESENT_DISCHARGE_PERCENTAGE'
 'PROJECTED_DISCHARGE_PERCENTAGE']. At least one non-missing value is needed for imputation with strategy='median'.
  warnings.warn(
/work/GRDVULN/correction/.venv/lib64/python3.11/site-packages/sklearn/impute/_base.py:647: UserWarning: Skipping features without any observed values: ['FACILITY_ID' 'STATE_CODE_y' 'DISCHARGES_TO']. At least one non-missing value is needed for imputation with strategy='constant'.
  warnings.warn(
/work/GRDVULN/correction/.venv/lib64/python3.11/site-packages/sklearn/impute/_base.py:647: UserWarning: Skipping features without any observed values: ['FACILITY_ID' 'STATE_CODE_y' 'DISCHARGES_TO']. At least one non-missing value is needed for imputation with strategy='constant'.
  warnings.warn(
/work/GRDVULN/correction/.venv/lib64/python3.11/site-packages/sklearn/impute/_base.py:647: UserWarning: Skipping features without any observed values: ['FACILITY_ID' 'STATE_CODE_y' 'DISCHARGES_TO']. At least one non-missing value is needed for imputation with strategy='constant'.
  warnings.warn(
/work/GRDVULN/correction/.venv/lib64/python3.11/site-packages/sklearn/impute/_base.py:647: UserWarning: Skipping features without any observed values: ['DISCHARGE_TYPE' 'PRESENT_DISCHARGE_PERCENTAGE'
 'PROJECTED_DISCHARGE_PERCENTAGE']. At least one non-missing value is needed for imputation with strategy='median'.
  warnings.warn(
/work/GRDVULN/correction/.venv/lib64/python3.11/site-packages/sklearn/impute/_base.py:647: UserWarning: Skipping features without any observed values: ['DISCHARGE_TYPE' 'PRESENT_DISCHARGE_PERCENTAGE'
 'PROJECTED_DISCHARGE_PERCENTAGE']. At least one non-missing value is needed for imputation with strategy='median'.
  warnings.warn(
/work/GRDVULN/correction/.venv/lib64/python3.11/site-packages/sklearn/impute/_base.py:647: UserWarning: Skipping features without any observed values: ['DISCHARGE_TYPE' 'PRESENT_DISCHARGE_PERCENTAGE'
 'PROJECTED_DISCHARGE_PERCENTAGE']. At least one non-missing value is needed for imputation with strategy='median'.
  warnings.warn(
/work/GRDVULN/correction/.venv/lib64/python3.11/site-packages/sklearn/impute/_base.py:647: UserWarning: Skipping features without any observed values: ['FACILITY_ID' 'STATE_CODE_y' 'DISCHARGES_TO']. At least one non-missing value is needed for imputation with strategy='constant'.
  warnings.warn(
/work/GRDVULN/correction/.venv/lib64/python3.11/site-packages/sklearn/impute/_base.py:647: UserWarning: Skipping features without any observed values: ['FACILITY_ID' 'STATE_CODE_y' 'DISCHARGES_TO']. At least one non-missing value is needed for imputation with strategy='constant'.
  warnings.warn(
/work/GRDVULN/correction/.venv/lib64/python3.11/site-packages/sklearn/impute/_base.py:647: UserWarning: Skipping features without any observed values: ['DISCHARGE_TYPE' 'PRESENT_DISCHARGE_PERCENTAGE'
 'PROJECTED_DISCHARGE_PERCENTAGE']. At least one non-missing value is needed for imputation with strategy='median'.
  warnings.warn(
/work/GRDVULN/correction/.venv/lib64/python3.11/site-packages/sklearn/impute/_base.py:647: UserWarning: Skipping features without any observed values: ['DISCHARGE_TYPE' 'PRESENT_DISCHARGE_PERCENTAGE'
 'PROJECTED_DISCHARGE_PERCENTAGE']. At least one non-missing value is needed for imputation with strategy='median'.
  warnings.warn(
/work/GRDVULN/correction/.venv/lib64/python3.11/site-packages/sklearn/impute/_base.py:647: UserWarning: Skipping features without any observed values: ['FACILITY_ID' 'STATE_CODE_y' 'DISCHARGES_TO']. At least one non-missing value is needed for imputation with strategy='constant'.
  warnings.warn(
/work/GRDVULN/correction/.venv/lib64/python3.11/site-packages/sklearn/impute/_base.py:647: UserWarning: Skipping features without any observed values: ['FACILITY_ID' 'STATE_CODE_y' 'DISCHARGES_TO']. At least one non-missing value is needed for imputation with strategy='constant'.
  warnings.warn(
/work/GRDVULN/correction/.venv/lib64/python3.11/site-packages/sklearn/impute/_base.py:647: UserWarning: Skipping features without any observed values: ['DISCHARGE_TYPE' 'PRESENT_DISCHARGE_PERCENTAGE'
 'PROJECTED_DISCHARGE_PERCENTAGE']. At least one non-missing value is needed for imputation with strategy='median'.
  warnings.warn(
/work/GRDVULN/correction/.venv/lib64/python3.11/site-packages/sklearn/impute/_base.py:647: UserWarning: Skipping features without any observed values: ['DISCHARGE_TYPE' 'PRESENT_DISCHARGE_PERCENTAGE'
 'PROJECTED_DISCHARGE_PERCENTAGE']. At least one non-missing value is needed for imputation with strategy='median'.
  warnings.warn(
/work/GRDVULN/correction/.venv/lib64/python3.11/site-packages/sklearn/impute/_base.py:647: UserWarning: Skipping features without any observed values: ['FACILITY_ID' 'STATE_CODE_y' 'DISCHARGES_TO']. At least one non-missing value is needed for imputation with strategy='constant'.
  warnings.warn(
/work/GRDVULN/correction/.venv/lib64/python3.11/site-packages/sklearn/impute/_base.py:647: UserWarning: Skipping features without any observed values: ['DISCHARGE_TYPE' 'PRESENT_DISCHARGE_PERCENTAGE'
 'PROJECTED_DISCHARGE_PERCENTAGE']. At least one non-missing value is needed for imputation with strategy='median'.
  warnings.warn(
/work/GRDVULN/correction/.venv/lib64/python3.11/site-packages/sklearn/impute/_base.py:647: UserWarning: Skipping features without any observed values: ['FACILITY_ID' 'STATE_CODE_y' 'DISCHARGES_TO']. At least one non-missing value is needed for imputation with strategy='constant'.
  warnings.warn(
/work/GRDVULN/correction/.venv/lib64/python3.11/site-packages/sklearn/impute/_base.py:647: UserWarning: Skipping features without any observed values: ['FACILITY_ID' 'STATE_CODE_y' 'DISCHARGES_TO']. At least one non-missing value is needed for imputation with strategy='constant'.
  warnings.warn(
/work/GRDVULN/correction/.venv/lib64/python3.11/site-packages/sklearn/impute/_base.py:647: UserWarning: Skipping features without any observed values: ['FACILITY_ID' 'STATE_CODE_y' 'DISCHARGES_TO']. At least one non-missing value is needed for imputation with strategy='constant'.
  warnings.warn(
/work/GRDVULN/correction/.venv/lib64/python3.11/site-packages/sklearn/impute/_base.py:647: UserWarning: Skipping features without any observed values: ['DISCHARGE_TYPE' 'PRESENT_DISCHARGE_PERCENTAGE'
 'PROJECTED_DISCHARGE_PERCENTAGE']. At least one non-missing value is needed for imputation with strategy='median'.
  warnings.warn(
/work/GRDVULN/correction/.venv/lib64/python3.11/site-packages/sklearn/impute/_base.py:647: UserWarning: Skipping features without any observed values: ['DISCHARGE_TYPE' 'PRESENT_DISCHARGE_PERCENTAGE'
 'PROJECTED_DISCHARGE_PERCENTAGE']. At least one non-missing value is needed for imputation with strategy='median'.
  warnings.warn(
/work/GRDVULN/correction/.venv/lib64/python3.11/site-packages/sklearn/impute/_base.py:647: UserWarning: Skipping features without any observed values: ['FACILITY_ID' 'STATE_CODE_y' 'DISCHARGES_TO']. At least one non-missing value is needed for imputation with strategy='constant'.
  warnings.warn(
/work/GRDVULN/correction/.venv/lib64/python3.11/site-packages/sklearn/impute/_base.py:647: UserWarning: Skipping features without any observed values: ['DISCHARGE_TYPE' 'PRESENT_DISCHARGE_PERCENTAGE'
 'PROJECTED_DISCHARGE_PERCENTAGE']. At least one non-missing value is needed for imputation with strategy='median'.
  warnings.warn(
/work/GRDVULN/correction/.venv/lib64/python3.11/site-packages/sklearn/impute/_base.py:647: UserWarning: Skipping features without any observed values: ['DISCHARGE_TYPE' 'PRESENT_DISCHARGE_PERCENTAGE'
 'PROJECTED_DISCHARGE_PERCENTAGE']. At least one non-missing value is needed for imputation with strategy='median'.
  warnings.warn(
/work/GRDVULN/correction/.venv/lib64/python3.11/site-packages/sklearn/impute/_base.py:647: UserWarning: Skipping features without any observed values: ['FACILITY_ID' 'STATE_CODE_y' 'DISCHARGES_TO']. At least one non-missing value is needed for imputation with strategy='constant'.
  warnings.warn(
/work/GRDVULN/correction/.venv/lib64/python3.11/site-packages/sklearn/impute/_base.py:647: UserWarning: Skipping features without any observed values: ['FACILITY_ID' 'STATE_CODE_y' 'DISCHARGES_TO']. At least one non-missing value is needed for imputation with strategy='constant'.
  warnings.warn(
/work/GRDVULN/correction/.venv/lib64/python3.11/site-packages/sklearn/impute/_base.py:647: UserWarning: Skipping features without any observed values: ['DISCHARGE_TYPE' 'PRESENT_DISCHARGE_PERCENTAGE'
 'PROJECTED_DISCHARGE_PERCENTAGE']. At least one non-missing value is needed for imputation with strategy='median'.
  warnings.warn(
/work/GRDVULN/correction/.venv/lib64/python3.11/site-packages/sklearn/impute/_base.py:647: UserWarning: Skipping features without any observed values: ['DISCHARGE_TYPE' 'PRESENT_DISCHARGE_PERCENTAGE'
 'PROJECTED_DISCHARGE_PERCENTAGE']. At least one non-missing value is needed for imputation with strategy='median'.
  warnings.warn(
/work/GRDVULN/correction/.venv/lib64/python3.11/site-packages/sklearn/impute/_base.py:647: UserWarning: Skipping features without any observed values: ['FACILITY_ID' 'STATE_CODE_y' 'DISCHARGES_TO']. At least one non-missing value is needed for imputation with strategy='constant'.
  warnings.warn(
/work/GRDVULN/correction/.venv/lib64/python3.11/site-packages/sklearn/impute/_base.py:647: UserWarning: Skipping features without any observed values: ['DISCHARGE_TYPE' 'PRESENT_DISCHARGE_PERCENTAGE'
 'PROJECTED_DISCHARGE_PERCENTAGE']. At least one non-missing value is needed for imputation with strategy='median'.
  warnings.warn(
/work/GRDVULN/correction/.venv/lib64/python3.11/site-packages/sklearn/impute/_base.py:647: UserWarning: Skipping features without any observed values: ['FACILITY_ID' 'STATE_CODE_y' 'DISCHARGES_TO']. At least one non-missing value is needed for imputation with strategy='constant'.
  warnings.warn(
/work/GRDVULN/correction/.venv/lib64/python3.11/site-packages/sklearn/impute/_base.py:647: UserWarning: Skipping features without any observed values: ['DISCHARGE_TYPE' 'PRESENT_DISCHARGE_PERCENTAGE'
 'PROJECTED_DISCHARGE_PERCENTAGE']. At least one non-missing value is needed for imputation with strategy='median'.
  warnings.warn(
/work/GRDVULN/correction/.venv/lib64/python3.11/site-packages/sklearn/impute/_base.py:647: UserWarning: Skipping features without any observed values: ['FACILITY_ID' 'STATE_CODE_y' 'DISCHARGES_TO']. At least one non-missing value is needed for imputation with strategy='constant'.
  warnings.warn(
/work/GRDVULN/correction/.venv/lib64/python3.11/site-packages/sklearn/impute/_base.py:647: UserWarning: Skipping features without any observed values: ['FACILITY_ID' 'STATE_CODE_y' 'DISCHARGES_TO']. At least one non-missing value is needed for imputation with strategy='constant'.
  warnings.warn(
/work/GRDVULN/correction/.venv/lib64/python3.11/site-packages/sklearn/impute/_base.py:647: UserWarning: Skipping features without any observed values: ['DISCHARGE_TYPE' 'PRESENT_DISCHARGE_PERCENTAGE'
 'PROJECTED_DISCHARGE_PERCENTAGE']. At least one non-missing value is needed for imputation with strategy='median'.
  warnings.warn(
/work/GRDVULN/correction/.venv/lib64/python3.11/site-packages/sklearn/impute/_base.py:647: UserWarning: Skipping features without any observed values: ['FACILITY_ID' 'STATE_CODE_y' 'DISCHARGES_TO']. At least one non-missing value is needed for imputation with strategy='constant'.
  warnings.warn(
/work/GRDVULN/correction/.venv/lib64/python3.11/site-packages/sklearn/impute/_base.py:647: UserWarning: Skipping features without any observed values: ['DISCHARGE_TYPE' 'PRESENT_DISCHARGE_PERCENTAGE'
 'PROJECTED_DISCHARGE_PERCENTAGE']. At least one non-missing value is needed for imputation with strategy='median'.
  warnings.warn(
/work/GRDVULN/correction/.venv/lib64/python3.11/site-packages/sklearn/impute/_base.py:647: UserWarning: Skipping features without any observed values: ['DISCHARGE_TYPE' 'PRESENT_DISCHARGE_PERCENTAGE'
 'PROJECTED_DISCHARGE_PERCENTAGE']. At least one non-missing value is needed for imputation with strategy='median'.
  warnings.warn(
/work/GRDVULN/correction/.venv/lib64/python3.11/site-packages/sklearn/impute/_base.py:647: UserWarning: Skipping features without any observed values: ['FACILITY_ID' 'STATE_CODE_y' 'DISCHARGES_TO']. At least one non-missing value is needed for imputation with strategy='constant'.
  warnings.warn(
/work/GRDVULN/correction/.venv/lib64/python3.11/site-packages/sklearn/impute/_base.py:647: UserWarning: Skipping features without any observed values: ['DISCHARGE_TYPE' 'PRESENT_DISCHARGE_PERCENTAGE'
 'PROJECTED_DISCHARGE_PERCENTAGE']. At least one non-missing value is needed for imputation with strategy='median'.
  warnings.warn(
/work/GRDVULN/correction/.venv/lib64/python3.11/site-packages/sklearn/impute/_base.py:647: UserWarning: Skipping features without any observed values: ['FACILITY_ID' 'STATE_CODE_y' 'DISCHARGES_TO']. At least one non-missing value is needed for imputation with strategy='constant'.
  warnings.warn(
/work/GRDVULN/correction/.venv/lib64/python3.11/site-packages/sklearn/impute/_base.py:647: UserWarning: Skipping features without any observed values: ['FACILITY_ID' 'STATE_CODE_y' 'DISCHARGES_TO']. At least one non-missing value is needed for imputation with strategy='constant'.
  warnings.warn(
/work/GRDVULN/correction/.venv/lib64/python3.11/site-packages/sklearn/impute/_base.py:647: UserWarning: Skipping features without any observed values: ['DISCHARGE_TYPE' 'PRESENT_DISCHARGE_PERCENTAGE'
 'PROJECTED_DISCHARGE_PERCENTAGE']. At least one non-missing value is needed for imputation with strategy='median'.
  warnings.warn(
/work/GRDVULN/correction/.venv/lib64/python3.11/site-packages/sklearn/impute/_base.py:647: UserWarning: Skipping features without any observed values: ['DISCHARGE_TYPE' 'PRESENT_DISCHARGE_PERCENTAGE'
 'PROJECTED_DISCHARGE_PERCENTAGE']. At least one non-missing value is needed for imputation with strategy='median'.
  warnings.warn(
/work/GRDVULN/correction/.venv/lib64/python3.11/site-packages/sklearn/impute/_base.py:647: UserWarning: Skipping features without any observed values: ['FACILITY_ID' 'STATE_CODE_y' 'DISCHARGES_TO']. At least one non-missing value is needed for imputation with strategy='constant'.
  warnings.warn(
/work/GRDVULN/correction/.venv/lib64/python3.11/site-packages/sklearn/impute/_base.py:647: UserWarning: Skipping features without any observed values: ['DISCHARGE_TYPE' 'PRESENT_DISCHARGE_PERCENTAGE'
 'PROJECTED_DISCHARGE_PERCENTAGE']. At least one non-missing value is needed for imputation with strategy='median'.
  warnings.warn(
/work/GRDVULN/correction/.venv/lib64/python3.11/site-packages/sklearn/impute/_base.py:647: UserWarning: Skipping features without any observed values: ['FACILITY_ID' 'STATE_CODE_y' 'DISCHARGES_TO']. At least one non-missing value is needed for imputation with strategy='constant'.
  warnings.warn(
/work/GRDVULN/correction/.venv/lib64/python3.11/site-packages/sklearn/impute/_base.py:647: UserWarning: Skipping features without any observed values: ['DISCHARGE_TYPE' 'PRESENT_DISCHARGE_PERCENTAGE'
 'PROJECTED_DISCHARGE_PERCENTAGE']. At least one non-missing value is needed for imputation with strategy='median'.
  warnings.warn(
/work/GRDVULN/correction/.venv/lib64/python3.11/site-packages/sklearn/impute/_base.py:647: UserWarning: Skipping features without any observed values: ['FACILITY_ID' 'STATE_CODE_y' 'DISCHARGES_TO']. At least one non-missing value is needed for imputation with strategy='constant'.
  warnings.warn(
/work/GRDVULN/correction/.venv/lib64/python3.11/site-packages/sklearn/impute/_base.py:647: UserWarning: Skipping features without any observed values: ['DISCHARGE_TYPE' 'PRESENT_DISCHARGE_PERCENTAGE'
 'PROJECTED_DISCHARGE_PERCENTAGE']. At least one non-missing value is needed for imputation with strategy='median'.
  warnings.warn(
/work/GRDVULN/correction/.venv/lib64/python3.11/site-packages/sklearn/impute/_base.py:647: UserWarning: Skipping features without any observed values: ['FACILITY_ID' 'STATE_CODE_y' 'DISCHARGES_TO']. At least one non-missing value is needed for imputation with strategy='constant'.
  warnings.warn(
/work/GRDVULN/correction/.venv/lib64/python3.11/site-packages/sklearn/impute/_base.py:647: UserWarning: Skipping features without any observed values: ['FACILITY_ID' 'STATE_CODE_y' 'DISCHARGES_TO']. At least one non-missing value is needed for imputation with strategy='constant'.
  warnings.warn(
/work/GRDVULN/correction/.venv/lib64/python3.11/site-packages/sklearn/impute/_base.py:647: UserWarning: Skipping features without any observed values: ['DISCHARGE_TYPE' 'PRESENT_DISCHARGE_PERCENTAGE'
 'PROJECTED_DISCHARGE_PERCENTAGE']. At least one non-missing value is needed for imputation with strategy='median'.
  warnings.warn(
/work/GRDVULN/correction/.venv/lib64/python3.11/site-packages/sklearn/impute/_base.py:647: UserWarning: Skipping features without any observed values: ['DISCHARGE_TYPE' 'PRESENT_DISCHARGE_PERCENTAGE'
 'PROJECTED_DISCHARGE_PERCENTAGE']. At least one non-missing value is needed for imputation with strategy='median'.
  warnings.warn(
/work/GRDVULN/correction/.venv/lib64/python3.11/site-packages/sklearn/impute/_base.py:647: UserWarning: Skipping features without any observed values: ['FACILITY_ID' 'STATE_CODE_y' 'DISCHARGES_TO']. At least one non-missing value is needed for imputation with strategy='constant'.
  warnings.warn(
/work/GRDVULN/correction/.venv/lib64/python3.11/site-packages/sklearn/impute/_base.py:647: UserWarning: Skipping features without any observed values: ['DISCHARGE_TYPE' 'PRESENT_DISCHARGE_PERCENTAGE'
 'PROJECTED_DISCHARGE_PERCENTAGE']. At least one non-missing value is needed for imputation with strategy='median'.
  warnings.warn(
/work/GRDVULN/correction/.venv/lib64/python3.11/site-packages/sklearn/impute/_base.py:647: UserWarning: Skipping features without any observed values: ['FACILITY_ID' 'STATE_CODE_y' 'DISCHARGES_TO']. At least one non-missing value is needed for imputation with strategy='constant'.
  warnings.warn(
/work/GRDVULN/correction/.venv/lib64/python3.11/site-packages/sklearn/impute/_base.py:647: UserWarning: Skipping features without any observed values: ['FACILITY_ID' 'STATE_CODE_y' 'DISCHARGES_TO']. At least one non-missing value is needed for imputation with strategy='constant'.
  warnings.warn(
/work/GRDVULN/correction/.venv/lib64/python3.11/site-packages/sklearn/impute/_base.py:647: UserWarning: Skipping features without any observed values: ['DISCHARGE_TYPE' 'PRESENT_DISCHARGE_PERCENTAGE'
 'PROJECTED_DISCHARGE_PERCENTAGE']. At least one non-missing value is needed for imputation with strategy='median'.
  warnings.warn(
/work/GRDVULN/correction/.venv/lib64/python3.11/site-packages/sklearn/impute/_base.py:647: UserWarning: Skipping features without any observed values: ['DISCHARGE_TYPE' 'PRESENT_DISCHARGE_PERCENTAGE'
 'PROJECTED_DISCHARGE_PERCENTAGE']. At least one non-missing value is needed for imputation with strategy='median'.
  warnings.warn(
/work/GRDVULN/correction/.venv/lib64/python3.11/site-packages/sklearn/impute/_base.py:647: UserWarning: Skipping features without any observed values: ['FACILITY_ID' 'STATE_CODE_y' 'DISCHARGES_TO']. At least one non-missing value is needed for imputation with strategy='constant'.
  warnings.warn(
/work/GRDVULN/correction/.venv/lib64/python3.11/site-packages/sklearn/impute/_base.py:647: UserWarning: Skipping features without any observed values: ['FACILITY_ID' 'STATE_CODE_y' 'DISCHARGES_TO']. At least one non-missing value is needed for imputation with strategy='constant'.
  warnings.warn(
/work/GRDVULN/correction/.venv/lib64/python3.11/site-packages/sklearn/impute/_base.py:647: UserWarning: Skipping features without any observed values: ['DISCHARGE_TYPE' 'PRESENT_DISCHARGE_PERCENTAGE'
 'PROJECTED_DISCHARGE_PERCENTAGE']. At least one non-missing value is needed for imputation with strategy='median'.
  warnings.warn(
/work/GRDVULN/correction/.venv/lib64/python3.11/site-packages/sklearn/impute/_base.py:647: UserWarning: Skipping features without any observed values: ['DISCHARGE_TYPE' 'PRESENT_DISCHARGE_PERCENTAGE'
 'PROJECTED_DISCHARGE_PERCENTAGE']. At least one non-missing value is needed for imputation with strategy='median'.
  warnings.warn(
/work/GRDVULN/correction/.venv/lib64/python3.11/site-packages/sklearn/impute/_base.py:647: UserWarning: Skipping features without any observed values: ['FACILITY_ID' 'STATE_CODE_y' 'DISCHARGES_TO']. At least one non-missing value is needed for imputation with strategy='constant'.
  warnings.warn(
/work/GRDVULN/correction/.venv/lib64/python3.11/site-packages/sklearn/impute/_base.py:647: UserWarning: Skipping features without any observed values: ['DISCHARGE_TYPE' 'PRESENT_DISCHARGE_PERCENTAGE'
 'PROJECTED_DISCHARGE_PERCENTAGE']. At least one non-missing value is needed for imputation with strategy='median'.
  warnings.warn(
/work/GRDVULN/correction/.venv/lib64/python3.11/site-packages/sklearn/impute/_base.py:647: UserWarning: Skipping features without any observed values: ['FACILITY_ID' 'STATE_CODE_y' 'DISCHARGES_TO']. At least one non-missing value is needed for imputation with strategy='constant'.
  warnings.warn(
/work/GRDVULN/correction/.venv/lib64/python3.11/site-packages/sklearn/impute/_base.py:647: UserWarning: Skipping features without any observed values: ['FACILITY_ID' 'STATE_CODE_y' 'DISCHARGES_TO']. At least one non-missing value is needed for imputation with strategy='constant'.
  warnings.warn(
/work/GRDVULN/correction/.venv/lib64/python3.11/site-packages/sklearn/impute/_base.py:647: UserWarning: Skipping features without any observed values: ['DISCHARGE_TYPE' 'PRESENT_DISCHARGE_PERCENTAGE'
 'PROJECTED_DISCHARGE_PERCENTAGE']. At least one non-missing value is needed for imputation with strategy='median'.
  warnings.warn(
/work/GRDVULN/correction/.venv/lib64/python3.11/site-packages/sklearn/impute/_base.py:647: UserWarning: Skipping features without any observed values: ['DISCHARGE_TYPE' 'PRESENT_DISCHARGE_PERCENTAGE'
 'PROJECTED_DISCHARGE_PERCENTAGE']. At least one non-missing value is needed for imputation with strategy='median'.
  warnings.warn(
/work/GRDVULN/correction/.venv/lib64/python3.11/site-packages/sklearn/impute/_base.py:647: UserWarning: Skipping features without any observed values: ['FACILITY_ID' 'STATE_CODE_y' 'DISCHARGES_TO']. At least one non-missing value is needed for imputation with strategy='constant'.
  warnings.warn(
/work/GRDVULN/correction/.venv/lib64/python3.11/site-packages/sklearn/impute/_base.py:647: UserWarning: Skipping features without any observed values: ['FACILITY_ID' 'STATE_CODE_y' 'DISCHARGES_TO']. At least one non-missing value is needed for imputation with strategy='constant'.
  warnings.warn(
/work/GRDVULN/correction/.venv/lib64/python3.11/site-packages/sklearn/impute/_base.py:647: UserWarning: Skipping features without any observed values: ['DISCHARGE_TYPE' 'PRESENT_DISCHARGE_PERCENTAGE'
 'PROJECTED_DISCHARGE_PERCENTAGE']. At least one non-missing value is needed for imputation with strategy='median'.
  warnings.warn(
/work/GRDVULN/correction/.venv/lib64/python3.11/site-packages/sklearn/impute/_base.py:647: UserWarning: Skipping features without any observed values: ['DISCHARGE_TYPE' 'PRESENT_DISCHARGE_PERCENTAGE'
 'PROJECTED_DISCHARGE_PERCENTAGE']. At least one non-missing value is needed for imputation with strategy='median'.
  warnings.warn(
/work/GRDVULN/correction/.venv/lib64/python3.11/site-packages/sklearn/impute/_base.py:647: UserWarning: Skipping features without any observed values: ['FACILITY_ID' 'STATE_CODE_y' 'DISCHARGES_TO']. At least one non-missing value is needed for imputation with strategy='constant'.
  warnings.warn(
/work/GRDVULN/correction/.venv/lib64/python3.11/site-packages/sklearn/impute/_base.py:647: UserWarning: Skipping features without any observed values: ['FACILITY_ID' 'STATE_CODE_y' 'DISCHARGES_TO']. At least one non-missing value is needed for imputation with strategy='constant'.
  warnings.warn(
/work/GRDVULN/correction/.venv/lib64/python3.11/site-packages/sklearn/impute/_base.py:647: UserWarning: Skipping features without any observed values: ['DISCHARGE_TYPE' 'PRESENT_DISCHARGE_PERCENTAGE'
 'PROJECTED_DISCHARGE_PERCENTAGE']. At least one non-missing value is needed for imputation with strategy='median'.
  warnings.warn(
/work/GRDVULN/correction/.venv/lib64/python3.11/site-packages/sklearn/impute/_base.py:647: UserWarning: Skipping features without any observed values: ['DISCHARGE_TYPE' 'PRESENT_DISCHARGE_PERCENTAGE'
 'PROJECTED_DISCHARGE_PERCENTAGE']. At least one non-missing value is needed for imputation with strategy='median'.
  warnings.warn(
/work/GRDVULN/correction/.venv/lib64/python3.11/site-packages/sklearn/impute/_base.py:647: UserWarning: Skipping features without any observed values: ['FACILITY_ID' 'STATE_CODE_y' 'DISCHARGES_TO']. At least one non-missing value is needed for imputation with strategy='constant'.
  warnings.warn(
/work/GRDVULN/correction/.venv/lib64/python3.11/site-packages/sklearn/impute/_base.py:647: UserWarning: Skipping features without any observed values: ['DISCHARGE_TYPE' 'PRESENT_DISCHARGE_PERCENTAGE'
 'PROJECTED_DISCHARGE_PERCENTAGE']. At least one non-missing value is needed for imputation with strategy='median'.
  warnings.warn(
/work/GRDVULN/correction/.venv/lib64/python3.11/site-packages/sklearn/impute/_base.py:647: UserWarning: Skipping features without any observed values: ['FACILITY_ID' 'STATE_CODE_y' 'DISCHARGES_TO']. At least one non-missing value is needed for imputation with strategy='constant'.
  warnings.warn(
/work/GRDVULN/correction/.venv/lib64/python3.11/site-packages/sklearn/impute/_base.py:647: UserWarning: Skipping features without any observed values: ['FACILITY_ID' 'STATE_CODE_y' 'DISCHARGES_TO']. At least one non-missing value is needed for imputation with strategy='constant'.
  warnings.warn(
/work/GRDVULN/correction/.venv/lib64/python3.11/site-packages/sklearn/impute/_base.py:647: UserWarning: Skipping features without any observed values: ['DISCHARGE_TYPE' 'PRESENT_DISCHARGE_PERCENTAGE'
 'PROJECTED_DISCHARGE_PERCENTAGE']. At least one non-missing value is needed for imputation with strategy='median'.
  warnings.warn(
/work/GRDVULN/correction/.venv/lib64/python3.11/site-packages/sklearn/impute/_base.py:647: UserWarning: Skipping features without any observed values: ['DISCHARGE_TYPE' 'PRESENT_DISCHARGE_PERCENTAGE'
 'PROJECTED_DISCHARGE_PERCENTAGE']. At least one non-missing value is needed for imputation with strategy='median'.
  warnings.warn(
/work/GRDVULN/correction/.venv/lib64/python3.11/site-packages/sklearn/impute/_base.py:647: UserWarning: Skipping features without any observed values: ['FACILITY_ID' 'STATE_CODE_y' 'DISCHARGES_TO']. At least one non-missing value is needed for imputation with strategy='constant'.
  warnings.warn(
/work/GRDVULN/correction/.venv/lib64/python3.11/site-packages/sklearn/impute/_base.py:647: UserWarning: Skipping features without any observed values: ['DISCHARGE_TYPE' 'PRESENT_DISCHARGE_PERCENTAGE'
 'PROJECTED_DISCHARGE_PERCENTAGE']. At least one non-missing value is needed for imputation with strategy='median'.
  warnings.warn(
/work/GRDVULN/correction/.venv/lib64/python3.11/site-packages/sklearn/impute/_base.py:647: UserWarning: Skipping features without any observed values: ['FACILITY_ID' 'STATE_CODE_y' 'DISCHARGES_TO']. At least one non-missing value is needed for imputation with strategy='constant'.
  warnings.warn(
/work/GRDVULN/correction/.venv/lib64/python3.11/site-packages/sklearn/impute/_base.py:647: UserWarning: Skipping features without any observed values: ['DISCHARGE_TYPE' 'PRESENT_DISCHARGE_PERCENTAGE'
 'PROJECTED_DISCHARGE_PERCENTAGE']. At least one non-missing value is needed for imputation with strategy='median'.
  warnings.warn(
/work/GRDVULN/correction/.venv/lib64/python3.11/site-packages/sklearn/impute/_base.py:647: UserWarning: Skipping features without any observed values: ['FACILITY_ID' 'STATE_CODE_y' 'DISCHARGES_TO']. At least one non-missing value is needed for imputation with strategy='constant'.
  warnings.warn(
/work/GRDVULN/correction/.venv/lib64/python3.11/site-packages/sklearn/impute/_base.py:647: UserWarning: Skipping features without any observed values: ['FACILITY_ID' 'STATE_CODE_y' 'DISCHARGES_TO']. At least one non-missing value is needed for imputation with strategy='constant'.
  warnings.warn(
/work/GRDVULN/correction/.venv/lib64/python3.11/site-packages/sklearn/impute/_base.py:647: UserWarning: Skipping features without any observed values: ['FACILITY_ID' 'STATE_CODE_y' 'DISCHARGES_TO']. At least one non-missing value is needed for imputation with strategy='constant'.
  warnings.warn(
/work/GRDVULN/correction/.venv/lib64/python3.11/site-packages/sklearn/impute/_base.py:647: UserWarning: Skipping features without any observed values: ['DISCHARGE_TYPE' 'PRESENT_DISCHARGE_PERCENTAGE'
 'PROJECTED_DISCHARGE_PERCENTAGE']. At least one non-missing value is needed for imputation with strategy='median'.
  warnings.warn(
/work/GRDVULN/correction/.venv/lib64/python3.11/site-packages/sklearn/impute/_base.py:647: UserWarning: Skipping features without any observed values: ['DISCHARGE_TYPE' 'PRESENT_DISCHARGE_PERCENTAGE'
 'PROJECTED_DISCHARGE_PERCENTAGE']. At least one non-missing value is needed for imputation with strategy='median'.
  warnings.warn(
/work/GRDVULN/correction/.venv/lib64/python3.11/site-packages/sklearn/impute/_base.py:647: UserWarning: Skipping features without any observed values: ['DISCHARGE_TYPE' 'PRESENT_DISCHARGE_PERCENTAGE'
 'PROJECTED_DISCHARGE_PERCENTAGE']. At least one non-missing value is needed for imputation with strategy='median'.
  warnings.warn(
/work/GRDVULN/correction/.venv/lib64/python3.11/site-packages/sklearn/impute/_base.py:647: UserWarning: Skipping features without any observed values: ['FACILITY_ID' 'STATE_CODE_y' 'DISCHARGES_TO']. At least one non-missing value is needed for imputation with strategy='constant'.
  warnings.warn(
/work/GRDVULN/correction/.venv/lib64/python3.11/site-packages/sklearn/impute/_base.py:647: UserWarning: Skipping features without any observed values: ['FACILITY_ID' 'STATE_CODE_y' 'DISCHARGES_TO']. At least one non-missing value is needed for imputation with strategy='constant'.
  warnings.warn(
/work/GRDVULN/correction/.venv/lib64/python3.11/site-packages/sklearn/impute/_base.py:647: UserWarning: Skipping features without any observed values: ['DISCHARGE_TYPE' 'PRESENT_DISCHARGE_PERCENTAGE'
 'PROJECTED_DISCHARGE_PERCENTAGE']. At least one non-missing value is needed for imputation with strategy='median'.
  warnings.warn(
/work/GRDVULN/correction/.venv/lib64/python3.11/site-packages/sklearn/impute/_base.py:647: UserWarning: Skipping features without any observed values: ['FACILITY_ID' 'STATE_CODE_y' 'DISCHARGES_TO']. At least one non-missing value is needed for imputation with strategy='constant'.
  warnings.warn(
/work/GRDVULN/correction/.venv/lib64/python3.11/site-packages/sklearn/impute/_base.py:647: UserWarning: Skipping features without any observed values: ['DISCHARGE_TYPE' 'PRESENT_DISCHARGE_PERCENTAGE'
 'PROJECTED_DISCHARGE_PERCENTAGE']. At least one non-missing value is needed for imputation with strategy='median'.
  warnings.warn(
/work/GRDVULN/correction/.venv/lib64/python3.11/site-packages/sklearn/impute/_base.py:647: UserWarning: Skipping features without any observed values: ['FACILITY_ID' 'STATE_CODE_y' 'DISCHARGES_TO']. At least one non-missing value is needed for imputation with strategy='constant'.
  warnings.warn(
/work/GRDVULN/correction/.venv/lib64/python3.11/site-packages/sklearn/impute/_base.py:647: UserWarning: Skipping features without any observed values: ['DISCHARGE_TYPE' 'PRESENT_DISCHARGE_PERCENTAGE'
 'PROJECTED_DISCHARGE_PERCENTAGE']. At least one non-missing value is needed for imputation with strategy='median'.
  warnings.warn(
/work/GRDVULN/correction/.venv/lib64/python3.11/site-packages/sklearn/impute/_base.py:647: UserWarning: Skipping features without any observed values: ['DISCHARGE_TYPE' 'PRESENT_DISCHARGE_PERCENTAGE'
 'PROJECTED_DISCHARGE_PERCENTAGE']. At least one non-missing value is needed for imputation with strategy='median'.
  warnings.warn(
/work/GRDVULN/correction/.venv/lib64/python3.11/site-packages/sklearn/impute/_base.py:647: UserWarning: Skipping features without any observed values: ['FACILITY_ID' 'STATE_CODE_y' 'DISCHARGES_TO']. At least one non-missing value is needed for imputation with strategy='constant'.
  warnings.warn(
/work/GRDVULN/correction/.venv/lib64/python3.11/site-packages/sklearn/impute/_base.py:647: UserWarning: Skipping features without any observed values: ['FACILITY_ID' 'STATE_CODE_y' 'DISCHARGES_TO']. At least one non-missing value is needed for imputation with strategy='constant'.
  warnings.warn(
/work/GRDVULN/correction/.venv/lib64/python3.11/site-packages/sklearn/impute/_base.py:647: UserWarning: Skipping features without any observed values: ['DISCHARGE_TYPE' 'PRESENT_DISCHARGE_PERCENTAGE'
 'PROJECTED_DISCHARGE_PERCENTAGE']. At least one non-missing value is needed for imputation with strategy='median'.
  warnings.warn(
/work/GRDVULN/correction/.venv/lib64/python3.11/site-packages/sklearn/impute/_base.py:647: UserWarning: Skipping features without any observed values: ['DISCHARGE_TYPE' 'PRESENT_DISCHARGE_PERCENTAGE'
 'PROJECTED_DISCHARGE_PERCENTAGE']. At least one non-missing value is needed for imputation with strategy='median'.
  warnings.warn(
/work/GRDVULN/correction/.venv/lib64/python3.11/site-packages/sklearn/impute/_base.py:647: UserWarning: Skipping features without any observed values: ['FACILITY_ID' 'STATE_CODE_y' 'DISCHARGES_TO']. At least one non-missing value is needed for imputation with strategy='constant'.
  warnings.warn(
/work/GRDVULN/correction/.venv/lib64/python3.11/site-packages/sklearn/impute/_base.py:647: UserWarning: Skipping features without any observed values: ['DISCHARGE_TYPE' 'PRESENT_DISCHARGE_PERCENTAGE'
 'PROJECTED_DISCHARGE_PERCENTAGE']. At least one non-missing value is needed for imputation with strategy='median'.
  warnings.warn(
/work/GRDVULN/correction/.venv/lib64/python3.11/site-packages/sklearn/impute/_base.py:647: UserWarning: Skipping features without any observed values: ['FACILITY_ID' 'STATE_CODE_y' 'DISCHARGES_TO']. At least one non-missing value is needed for imputation with strategy='constant'.
  warnings.warn(
/work/GRDVULN/correction/.venv/lib64/python3.11/site-packages/sklearn/impute/_base.py:647: UserWarning: Skipping features without any observed values: ['DISCHARGE_TYPE' 'PRESENT_DISCHARGE_PERCENTAGE'
 'PROJECTED_DISCHARGE_PERCENTAGE']. At least one non-missing value is needed for imputation with strategy='median'.
  warnings.warn(
/work/GRDVULN/correction/.venv/lib64/python3.11/site-packages/sklearn/impute/_base.py:647: UserWarning: Skipping features without any observed values: ['FACILITY_ID' 'STATE_CODE_y' 'DISCHARGES_TO']. At least one non-missing value is needed for imputation with strategy='constant'.
  warnings.warn(
/work/GRDVULN/correction/.venv/lib64/python3.11/site-packages/sklearn/impute/_base.py:647: UserWarning: Skipping features without any observed values: ['DISCHARGE_TYPE' 'PRESENT_DISCHARGE_PERCENTAGE'
 'PROJECTED_DISCHARGE_PERCENTAGE']. At least one non-missing value is needed for imputation with strategy='median'.
  warnings.warn(
/work/GRDVULN/correction/.venv/lib64/python3.11/site-packages/sklearn/impute/_base.py:647: UserWarning: Skipping features without any observed values: ['FACILITY_ID' 'STATE_CODE_y' 'DISCHARGES_TO']. At least one non-missing value is needed for imputation with strategy='constant'.
  warnings.warn(
/work/GRDVULN/correction/.venv/lib64/python3.11/site-packages/sklearn/impute/_base.py:647: UserWarning: Skipping features without any observed values: ['FACILITY_ID' 'STATE_CODE_y' 'DISCHARGES_TO']. At least one non-missing value is needed for imputation with strategy='constant'.
  warnings.warn(
/work/GRDVULN/correction/.venv/lib64/python3.11/site-packages/sklearn/impute/_base.py:647: UserWarning: Skipping features without any observed values: ['DISCHARGE_TYPE' 'PRESENT_DISCHARGE_PERCENTAGE'
 'PROJECTED_DISCHARGE_PERCENTAGE']. At least one non-missing value is needed for imputation with strategy='median'.
  warnings.warn(
/work/GRDVULN/correction/.venv/lib64/python3.11/site-packages/sklearn/impute/_base.py:647: UserWarning: Skipping features without any observed values: ['DISCHARGE_TYPE' 'PRESENT_DISCHARGE_PERCENTAGE'
 'PROJECTED_DISCHARGE_PERCENTAGE']. At least one non-missing value is needed for imputation with strategy='median'.
  warnings.warn(
/work/GRDVULN/correction/.venv/lib64/python3.11/site-packages/sklearn/impute/_base.py:647: UserWarning: Skipping features without any observed values: ['FACILITY_ID' 'STATE_CODE_y' 'DISCHARGES_TO']. At least one non-missing value is needed for imputation with strategy='constant'.
  warnings.warn(
/work/GRDVULN/correction/.venv/lib64/python3.11/site-packages/sklearn/impute/_base.py:647: UserWarning: Skipping features without any observed values: ['FACILITY_ID' 'STATE_CODE_y' 'DISCHARGES_TO']. At least one non-missing value is needed for imputation with strategy='constant'.
  warnings.warn(
/work/GRDVULN/correction/.venv/lib64/python3.11/site-packages/sklearn/impute/_base.py:647: UserWarning: Skipping features without any observed values: ['DISCHARGE_TYPE' 'PRESENT_DISCHARGE_PERCENTAGE'
 'PROJECTED_DISCHARGE_PERCENTAGE']. At least one non-missing value is needed for imputation with strategy='median'.
  warnings.warn(
/work/GRDVULN/correction/.venv/lib64/python3.11/site-packages/sklearn/impute/_base.py:647: UserWarning: Skipping features without any observed values: ['DISCHARGE_TYPE' 'PRESENT_DISCHARGE_PERCENTAGE'
 'PROJECTED_DISCHARGE_PERCENTAGE']. At least one non-missing value is needed for imputation with strategy='median'.
  warnings.warn(
/work/GRDVULN/correction/.venv/lib64/python3.11/site-packages/sklearn/impute/_base.py:647: UserWarning: Skipping features without any observed values: ['FACILITY_ID' 'STATE_CODE_y' 'DISCHARGES_TO']. At least one non-missing value is needed for imputation with strategy='constant'.
  warnings.warn(
/work/GRDVULN/correction/.venv/lib64/python3.11/site-packages/sklearn/impute/_base.py:647: UserWarning: Skipping features without any observed values: ['FACILITY_ID' 'STATE_CODE_y' 'DISCHARGES_TO']. At least one non-missing value is needed for imputation with strategy='constant'.
  warnings.warn(
/work/GRDVULN/correction/.venv/lib64/python3.11/site-packages/sklearn/impute/_base.py:647: UserWarning: Skipping features without any observed values: ['DISCHARGE_TYPE' 'PRESENT_DISCHARGE_PERCENTAGE'
 'PROJECTED_DISCHARGE_PERCENTAGE']. At least one non-missing value is needed for imputation with strategy='median'.
  warnings.warn(
/work/GRDVULN/correction/.venv/lib64/python3.11/site-packages/sklearn/impute/_base.py:647: UserWarning: Skipping features without any observed values: ['DISCHARGE_TYPE' 'PRESENT_DISCHARGE_PERCENTAGE'
 'PROJECTED_DISCHARGE_PERCENTAGE']. At least one non-missing value is needed for imputation with strategy='median'.
  warnings.warn(
/work/GRDVULN/correction/.venv/lib64/python3.11/site-packages/sklearn/impute/_base.py:647: UserWarning: Skipping features without any observed values: ['FACILITY_ID' 'STATE_CODE_y' 'DISCHARGES_TO']. At least one non-missing value is needed for imputation with strategy='constant'.
  warnings.warn(
/work/GRDVULN/correction/.venv/lib64/python3.11/site-packages/sklearn/impute/_base.py:647: UserWarning: Skipping features without any observed values: ['DISCHARGE_TYPE' 'PRESENT_DISCHARGE_PERCENTAGE'
 'PROJECTED_DISCHARGE_PERCENTAGE']. At least one non-missing value is needed for imputation with strategy='median'.
  warnings.warn(
/work/GRDVULN/correction/.venv/lib64/python3.11/site-packages/sklearn/impute/_base.py:647: UserWarning: Skipping features without any observed values: ['FACILITY_ID' 'STATE_CODE_y' 'DISCHARGES_TO']. At least one non-missing value is needed for imputation with strategy='constant'.
  warnings.warn(
/work/GRDVULN/correction/.venv/lib64/python3.11/site-packages/sklearn/impute/_base.py:647: UserWarning: Skipping features without any observed values: ['FACILITY_ID' 'STATE_CODE_y' 'DISCHARGES_TO']. At least one non-missing value is needed for imputation with strategy='constant'.
  warnings.warn(
/work/GRDVULN/correction/.venv/lib64/python3.11/site-packages/sklearn/impute/_base.py:647: UserWarning: Skipping features without any observed values: ['DISCHARGE_TYPE' 'PRESENT_DISCHARGE_PERCENTAGE'
 'PROJECTED_DISCHARGE_PERCENTAGE']. At least one non-missing value is needed for imputation with strategy='median'.
  warnings.warn(
/work/GRDVULN/correction/.venv/lib64/python3.11/site-packages/sklearn/impute/_base.py:647: UserWarning: Skipping features without any observed values: ['FACILITY_ID' 'STATE_CODE_y' 'DISCHARGES_TO']. At least one non-missing value is needed for imputation with strategy='constant'.
  warnings.warn(
/work/GRDVULN/correction/.venv/lib64/python3.11/site-packages/sklearn/impute/_base.py:647: UserWarning: Skipping features without any observed values: ['DISCHARGE_TYPE' 'PRESENT_DISCHARGE_PERCENTAGE'
 'PROJECTED_DISCHARGE_PERCENTAGE']. At least one non-missing value is needed for imputation with strategy='median'.
  warnings.warn(
/work/GRDVULN/correction/.venv/lib64/python3.11/site-packages/sklearn/impute/_base.py:647: UserWarning: Skipping features without any observed values: ['DISCHARGE_TYPE' 'PRESENT_DISCHARGE_PERCENTAGE'
 'PROJECTED_DISCHARGE_PERCENTAGE']. At least one non-missing value is needed for imputation with strategy='median'.
  warnings.warn(
/work/GRDVULN/correction/.venv/lib64/python3.11/site-packages/sklearn/impute/_base.py:647: UserWarning: Skipping features without any observed values: ['FACILITY_ID' 'STATE_CODE_y' 'DISCHARGES_TO']. At least one non-missing value is needed for imputation with strategy='constant'.
  warnings.warn(
/work/GRDVULN/correction/.venv/lib64/python3.11/site-packages/sklearn/impute/_base.py:647: UserWarning: Skipping features without any observed values: ['FACILITY_ID' 'STATE_CODE_y' 'DISCHARGES_TO']. At least one non-missing value is needed for imputation with strategy='constant'.
  warnings.warn(
/work/GRDVULN/correction/.venv/lib64/python3.11/site-packages/sklearn/impute/_base.py:647: UserWarning: Skipping features without any observed values: ['FACILITY_ID' 'STATE_CODE_y' 'DISCHARGES_TO']. At least one non-missing value is needed for imputation with strategy='constant'.
  warnings.warn(
/work/GRDVULN/correction/.venv/lib64/python3.11/site-packages/sklearn/impute/_base.py:647: UserWarning: Skipping features without any observed values: ['DISCHARGE_TYPE' 'PRESENT_DISCHARGE_PERCENTAGE'
 'PROJECTED_DISCHARGE_PERCENTAGE']. At least one non-missing value is needed for imputation with strategy='median'.
  warnings.warn(
/work/GRDVULN/correction/.venv/lib64/python3.11/site-packages/sklearn/impute/_base.py:647: UserWarning: Skipping features without any observed values: ['DISCHARGE_TYPE' 'PRESENT_DISCHARGE_PERCENTAGE'
 'PROJECTED_DISCHARGE_PERCENTAGE']. At least one non-missing value is needed for imputation with strategy='median'.
  warnings.warn(
/work/GRDVULN/correction/.venv/lib64/python3.11/site-packages/sklearn/impute/_base.py:647: UserWarning: Skipping features without any observed values: ['DISCHARGE_TYPE' 'PRESENT_DISCHARGE_PERCENTAGE'
 'PROJECTED_DISCHARGE_PERCENTAGE']. At least one non-missing value is needed for imputation with strategy='median'.
  warnings.warn(
/work/GRDVULN/correction/.venv/lib64/python3.11/site-packages/sklearn/impute/_base.py:647: UserWarning: Skipping features without any observed values: ['FACILITY_ID' 'STATE_CODE_y' 'DISCHARGES_TO']. At least one non-missing value is needed for imputation with strategy='constant'.
  warnings.warn(
/work/GRDVULN/correction/.venv/lib64/python3.11/site-packages/sklearn/impute/_base.py:647: UserWarning: Skipping features without any observed values: ['FACILITY_ID' 'STATE_CODE_y' 'DISCHARGES_TO']. At least one non-missing value is needed for imputation with strategy='constant'.
  warnings.warn(
/work/GRDVULN/correction/.venv/lib64/python3.11/site-packages/sklearn/impute/_base.py:647: UserWarning: Skipping features without any observed values: ['DISCHARGE_TYPE' 'PRESENT_DISCHARGE_PERCENTAGE'
 'PROJECTED_DISCHARGE_PERCENTAGE']. At least one non-missing value is needed for imputation with strategy='median'.
  warnings.warn(
/work/GRDVULN/correction/.venv/lib64/python3.11/site-packages/sklearn/impute/_base.py:647: UserWarning: Skipping features without any observed values: ['DISCHARGE_TYPE' 'PRESENT_DISCHARGE_PERCENTAGE'
 'PROJECTED_DISCHARGE_PERCENTAGE']. At least one non-missing value is needed for imputation with strategy='median'.
  warnings.warn(
/work/GRDVULN/correction/.venv/lib64/python3.11/site-packages/sklearn/impute/_base.py:647: UserWarning: Skipping features without any observed values: ['FACILITY_ID' 'STATE_CODE_y' 'DISCHARGES_TO']. At least one non-missing value is needed for imputation with strategy='constant'.
  warnings.warn(
/work/GRDVULN/correction/.venv/lib64/python3.11/site-packages/sklearn/impute/_base.py:647: UserWarning: Skipping features without any observed values: ['DISCHARGE_TYPE' 'PRESENT_DISCHARGE_PERCENTAGE'
 'PROJECTED_DISCHARGE_PERCENTAGE']. At least one non-missing value is needed for imputation with strategy='median'.
  warnings.warn(
/work/GRDVULN/correction/.venv/lib64/python3.11/site-packages/sklearn/impute/_base.py:647: UserWarning: Skipping features without any observed values: ['FACILITY_ID' 'STATE_CODE_y' 'DISCHARGES_TO']. At least one non-missing value is needed for imputation with strategy='constant'.
  warnings.warn(
/work/GRDVULN/correction/.venv/lib64/python3.11/site-packages/sklearn/impute/_base.py:647: UserWarning: Skipping features without any observed values: ['DISCHARGE_TYPE' 'PRESENT_DISCHARGE_PERCENTAGE'
 'PROJECTED_DISCHARGE_PERCENTAGE']. At least one non-missing value is needed for imputation with strategy='median'.
  warnings.warn(
/work/GRDVULN/correction/.venv/lib64/python3.11/site-packages/sklearn/impute/_base.py:647: UserWarning: Skipping features without any observed values: ['FACILITY_ID' 'STATE_CODE_y' 'DISCHARGES_TO']. At least one non-missing value is needed for imputation with strategy='constant'.
  warnings.warn(
/work/GRDVULN/correction/.venv/lib64/python3.11/site-packages/sklearn/impute/_base.py:647: UserWarning: Skipping features without any observed values: ['DISCHARGE_TYPE' 'PRESENT_DISCHARGE_PERCENTAGE'
 'PROJECTED_DISCHARGE_PERCENTAGE']. At least one non-missing value is needed for imputation with strategy='median'.
  warnings.warn(
/work/GRDVULN/correction/.venv/lib64/python3.11/site-packages/sklearn/impute/_base.py:647: UserWarning: Skipping features without any observed values: ['FACILITY_ID' 'STATE_CODE_y' 'DISCHARGES_TO']. At least one non-missing value is needed for imputation with strategy='constant'.
  warnings.warn(
/work/GRDVULN/correction/.venv/lib64/python3.11/site-packages/sklearn/impute/_base.py:647: UserWarning: Skipping features without any observed values: ['FACILITY_ID' 'STATE_CODE_y' 'DISCHARGES_TO']. At least one non-missing value is needed for imputation with strategy='constant'.
  warnings.warn(
/work/GRDVULN/correction/.venv/lib64/python3.11/site-packages/sklearn/impute/_base.py:647: UserWarning: Skipping features without any observed values: ['DISCHARGE_TYPE' 'PRESENT_DISCHARGE_PERCENTAGE'
 'PROJECTED_DISCHARGE_PERCENTAGE']. At least one non-missing value is needed for imputation with strategy='median'.
  warnings.warn(
/work/GRDVULN/correction/.venv/lib64/python3.11/site-packages/sklearn/impute/_base.py:647: UserWarning: Skipping features without any observed values: ['DISCHARGE_TYPE' 'PRESENT_DISCHARGE_PERCENTAGE'
 'PROJECTED_DISCHARGE_PERCENTAGE']. At least one non-missing value is needed for imputation with strategy='median'.
  warnings.warn(
/work/GRDVULN/correction/.venv/lib64/python3.11/site-packages/sklearn/impute/_base.py:647: UserWarning: Skipping features without any observed values: ['FACILITY_ID' 'STATE_CODE_y' 'DISCHARGES_TO']. At least one non-missing value is needed for imputation with strategy='constant'.
  warnings.warn(
/work/GRDVULN/correction/.venv/lib64/python3.11/site-packages/sklearn/impute/_base.py:647: UserWarning: Skipping features without any observed values: ['DISCHARGE_TYPE' 'PRESENT_DISCHARGE_PERCENTAGE'
 'PROJECTED_DISCHARGE_PERCENTAGE']. At least one non-missing value is needed for imputation with strategy='median'.
  warnings.warn(
/work/GRDVULN/correction/.venv/lib64/python3.11/site-packages/sklearn/impute/_base.py:647: UserWarning: Skipping features without any observed values: ['FACILITY_ID' 'STATE_CODE_y' 'DISCHARGES_TO']. At least one non-missing value is needed for imputation with strategy='constant'.
  warnings.warn(
/work/GRDVULN/correction/.venv/lib64/python3.11/site-packages/sklearn/impute/_base.py:647: UserWarning: Skipping features without any observed values: ['FACILITY_ID' 'STATE_CODE_y' 'DISCHARGES_TO']. At least one non-missing value is needed for imputation with strategy='constant'.
  warnings.warn(
/work/GRDVULN/correction/.venv/lib64/python3.11/site-packages/sklearn/impute/_base.py:647: UserWarning: Skipping features without any observed values: ['DISCHARGE_TYPE' 'PRESENT_DISCHARGE_PERCENTAGE'
 'PROJECTED_DISCHARGE_PERCENTAGE']. At least one non-missing value is needed for imputation with strategy='median'.
  warnings.warn(
/work/GRDVULN/correction/.venv/lib64/python3.11/site-packages/sklearn/impute/_base.py:647: UserWarning: Skipping features without any observed values: ['FACILITY_ID' 'STATE_CODE_y' 'DISCHARGES_TO']. At least one non-missing value is needed for imputation with strategy='constant'.
  warnings.warn(
/work/GRDVULN/correction/.venv/lib64/python3.11/site-packages/sklearn/impute/_base.py:647: UserWarning: Skipping features without any observed values: ['DISCHARGE_TYPE' 'PRESENT_DISCHARGE_PERCENTAGE'
 'PROJECTED_DISCHARGE_PERCENTAGE']. At least one non-missing value is needed for imputation with strategy='median'.
  warnings.warn(
/work/GRDVULN/correction/.venv/lib64/python3.11/site-packages/sklearn/impute/_base.py:647: UserWarning: Skipping features without any observed values: ['DISCHARGE_TYPE' 'PRESENT_DISCHARGE_PERCENTAGE'
 'PROJECTED_DISCHARGE_PERCENTAGE']. At least one non-missing value is needed for imputation with strategy='median'.
  warnings.warn(
/work/GRDVULN/correction/.venv/lib64/python3.11/site-packages/sklearn/impute/_base.py:647: UserWarning: Skipping features without any observed values: ['FACILITY_ID' 'STATE_CODE_y' 'DISCHARGES_TO']. At least one non-missing value is needed for imputation with strategy='constant'.
  warnings.warn(
/work/GRDVULN/correction/.venv/lib64/python3.11/site-packages/sklearn/impute/_base.py:647: UserWarning: Skipping features without any observed values: ['FACILITY_ID' 'STATE_CODE_y' 'DISCHARGES_TO']. At least one non-missing value is needed for imputation with strategy='constant'.
  warnings.warn(
/work/GRDVULN/correction/.venv/lib64/python3.11/site-packages/sklearn/impute/_base.py:647: UserWarning: Skipping features without any observed values: ['FACILITY_ID' 'STATE_CODE_y' 'DISCHARGES_TO']. At least one non-missing value is needed for imputation with strategy='constant'.
  warnings.warn(
/work/GRDVULN/correction/.venv/lib64/python3.11/site-packages/sklearn/impute/_base.py:647: UserWarning: Skipping features without any observed values: ['FACILITY_ID' 'STATE_CODE_y' 'DISCHARGES_TO']. At least one non-missing value is needed for imputation with strategy='constant'.
  warnings.warn(
/work/GRDVULN/correction/.venv/lib64/python3.11/site-packages/sklearn/impute/_base.py:647: UserWarning: Skipping features without any observed values: ['DISCHARGE_TYPE' 'PRESENT_DISCHARGE_PERCENTAGE'
 'PROJECTED_DISCHARGE_PERCENTAGE']. At least one non-missing value is needed for imputation with strategy='median'.
  warnings.warn(
/work/GRDVULN/correction/.venv/lib64/python3.11/site-packages/sklearn/impute/_base.py:647: UserWarning: Skipping features without any observed values: ['FACILITY_ID' 'STATE_CODE_y' 'DISCHARGES_TO']. At least one non-missing value is needed for imputation with strategy='constant'.
  warnings.warn(
/work/GRDVULN/correction/.venv/lib64/python3.11/site-packages/sklearn/impute/_base.py:647: UserWarning: Skipping features without any observed values: ['DISCHARGE_TYPE' 'PRESENT_DISCHARGE_PERCENTAGE'
 'PROJECTED_DISCHARGE_PERCENTAGE']. At least one non-missing value is needed for imputation with strategy='median'.
  warnings.warn(
/work/GRDVULN/correction/.venv/lib64/python3.11/site-packages/sklearn/impute/_base.py:647: UserWarning: Skipping features without any observed values: ['DISCHARGE_TYPE' 'PRESENT_DISCHARGE_PERCENTAGE'
 'PROJECTED_DISCHARGE_PERCENTAGE']. At least one non-missing value is needed for imputation with strategy='median'.
  warnings.warn(
/work/GRDVULN/correction/.venv/lib64/python3.11/site-packages/sklearn/impute/_base.py:647: UserWarning: Skipping features without any observed values: ['DISCHARGE_TYPE' 'PRESENT_DISCHARGE_PERCENTAGE'
 'PROJECTED_DISCHARGE_PERCENTAGE']. At least one non-missing value is needed for imputation with strategy='median'.
  warnings.warn(
/work/GRDVULN/correction/.venv/lib64/python3.11/site-packages/sklearn/impute/_base.py:647: UserWarning: Skipping features without any observed values: ['DISCHARGE_TYPE' 'PRESENT_DISCHARGE_PERCENTAGE'
 'PROJECTED_DISCHARGE_PERCENTAGE']. At least one non-missing value is needed for imputation with strategy='median'.
  warnings.warn(
/work/GRDVULN/correction/.venv/lib64/python3.11/site-packages/sklearn/impute/_base.py:647: UserWarning: Skipping features without any observed values: ['FACILITY_ID' 'STATE_CODE_y' 'DISCHARGES_TO']. At least one non-missing value is needed for imputation with strategy='constant'.
  warnings.warn(
/work/GRDVULN/correction/.venv/lib64/python3.11/site-packages/sklearn/impute/_base.py:647: UserWarning: Skipping features without any observed values: ['DISCHARGE_TYPE' 'PRESENT_DISCHARGE_PERCENTAGE'
 'PROJECTED_DISCHARGE_PERCENTAGE']. At least one non-missing value is needed for imputation with strategy='median'.
  warnings.warn(
/work/GRDVULN/correction/.venv/lib64/python3.11/site-packages/sklearn/impute/_base.py:647: UserWarning: Skipping features without any observed values: ['FACILITY_ID' 'STATE_CODE_y' 'DISCHARGES_TO']. At least one non-missing value is needed for imputation with strategy='constant'.
  warnings.warn(
/work/GRDVULN/correction/.venv/lib64/python3.11/site-packages/sklearn/impute/_base.py:647: UserWarning: Skipping features without any observed values: ['DISCHARGE_TYPE' 'PRESENT_DISCHARGE_PERCENTAGE'
 'PROJECTED_DISCHARGE_PERCENTAGE']. At least one non-missing value is needed for imputation with strategy='median'.
  warnings.warn(
/work/GRDVULN/correction/.venv/lib64/python3.11/site-packages/sklearn/impute/_base.py:647: UserWarning: Skipping features without any observed values: ['FACILITY_ID' 'STATE_CODE_y' 'DISCHARGES_TO']. At least one non-missing value is needed for imputation with strategy='constant'.
  warnings.warn(
/work/GRDVULN/correction/.venv/lib64/python3.11/site-packages/sklearn/impute/_base.py:647: UserWarning: Skipping features without any observed values: ['FACILITY_ID' 'STATE_CODE_y' 'DISCHARGES_TO']. At least one non-missing value is needed for imputation with strategy='constant'.
  warnings.warn(
/work/GRDVULN/correction/.venv/lib64/python3.11/site-packages/sklearn/impute/_base.py:647: UserWarning: Skipping features without any observed values: ['DISCHARGE_TYPE' 'PRESENT_DISCHARGE_PERCENTAGE'
 'PROJECTED_DISCHARGE_PERCENTAGE']. At least one non-missing value is needed for imputation with strategy='median'.
  warnings.warn(
/work/GRDVULN/correction/.venv/lib64/python3.11/site-packages/sklearn/impute/_base.py:647: UserWarning: Skipping features without any observed values: ['DISCHARGE_TYPE' 'PRESENT_DISCHARGE_PERCENTAGE'
 'PROJECTED_DISCHARGE_PERCENTAGE']. At least one non-missing value is needed for imputation with strategy='median'.
  warnings.warn(
/work/GRDVULN/correction/.venv/lib64/python3.11/site-packages/sklearn/impute/_base.py:647: UserWarning: Skipping features without any observed values: ['FACILITY_ID' 'STATE_CODE_y' 'DISCHARGES_TO']. At least one non-missing value is needed for imputation with strategy='constant'.
  warnings.warn(
/work/GRDVULN/correction/.venv/lib64/python3.11/site-packages/sklearn/impute/_base.py:647: UserWarning: Skipping features without any observed values: ['FACILITY_ID' 'STATE_CODE_y' 'DISCHARGES_TO']. At least one non-missing value is needed for imputation with strategy='constant'.
  warnings.warn(
/work/GRDVULN/correction/.venv/lib64/python3.11/site-packages/sklearn/impute/_base.py:647: UserWarning: Skipping features without any observed values: ['DISCHARGE_TYPE' 'PRESENT_DISCHARGE_PERCENTAGE'
 'PROJECTED_DISCHARGE_PERCENTAGE']. At least one non-missing value is needed for imputation with strategy='median'.
  warnings.warn(
/work/GRDVULN/correction/.venv/lib64/python3.11/site-packages/sklearn/impute/_base.py:647: UserWarning: Skipping features without any observed values: ['DISCHARGE_TYPE' 'PRESENT_DISCHARGE_PERCENTAGE'
 'PROJECTED_DISCHARGE_PERCENTAGE']. At least one non-missing value is needed for imputation with strategy='median'.
  warnings.warn(
/work/GRDVULN/correction/.venv/lib64/python3.11/site-packages/sklearn/impute/_base.py:647: UserWarning: Skipping features without any observed values: ['FACILITY_ID' 'STATE_CODE_y' 'DISCHARGES_TO']. At least one non-missing value is needed for imputation with strategy='constant'.
  warnings.warn(
/work/GRDVULN/correction/.venv/lib64/python3.11/site-packages/sklearn/impute/_base.py:647: UserWarning: Skipping features without any observed values: ['DISCHARGE_TYPE' 'PRESENT_DISCHARGE_PERCENTAGE'
 'PROJECTED_DISCHARGE_PERCENTAGE']. At least one non-missing value is needed for imputation with strategy='median'.
  warnings.warn(
/work/GRDVULN/correction/.venv/lib64/python3.11/site-packages/sklearn/impute/_base.py:647: UserWarning: Skipping features without any observed values: ['FACILITY_ID' 'STATE_CODE_y' 'DISCHARGES_TO']. At least one non-missing value is needed for imputation with strategy='constant'.
  warnings.warn(
/work/GRDVULN/correction/.venv/lib64/python3.11/site-packages/sklearn/impute/_base.py:647: UserWarning: Skipping features without any observed values: ['FACILITY_ID' 'STATE_CODE_y' 'DISCHARGES_TO']. At least one non-missing value is needed for imputation with strategy='constant'.
  warnings.warn(
/work/GRDVULN/correction/.venv/lib64/python3.11/site-packages/sklearn/impute/_base.py:647: UserWarning: Skipping features without any observed values: ['DISCHARGE_TYPE' 'PRESENT_DISCHARGE_PERCENTAGE'
 'PROJECTED_DISCHARGE_PERCENTAGE']. At least one non-missing value is needed for imputation with strategy='median'.
  warnings.warn(
/work/GRDVULN/correction/.venv/lib64/python3.11/site-packages/sklearn/impute/_base.py:647: UserWarning: Skipping features without any observed values: ['FACILITY_ID' 'STATE_CODE_y' 'DISCHARGES_TO']. At least one non-missing value is needed for imputation with strategy='constant'.
  warnings.warn(
/work/GRDVULN/correction/.venv/lib64/python3.11/site-packages/sklearn/impute/_base.py:647: UserWarning: Skipping features without any observed values: ['DISCHARGE_TYPE' 'PRESENT_DISCHARGE_PERCENTAGE'
 'PROJECTED_DISCHARGE_PERCENTAGE']. At least one non-missing value is needed for imputation with strategy='median'.
  warnings.warn(
/work/GRDVULN/correction/.venv/lib64/python3.11/site-packages/sklearn/impute/_base.py:647: UserWarning: Skipping features without any observed values: ['DISCHARGE_TYPE' 'PRESENT_DISCHARGE_PERCENTAGE'
 'PROJECTED_DISCHARGE_PERCENTAGE']. At least one non-missing value is needed for imputation with strategy='median'.
  warnings.warn(
/work/GRDVULN/correction/.venv/lib64/python3.11/site-packages/sklearn/impute/_base.py:647: UserWarning: Skipping features without any observed values: ['FACILITY_ID' 'STATE_CODE_y' 'DISCHARGES_TO']. At least one non-missing value is needed for imputation with strategy='constant'.
  warnings.warn(
/work/GRDVULN/correction/.venv/lib64/python3.11/site-packages/sklearn/impute/_base.py:647: UserWarning: Skipping features without any observed values: ['FACILITY_ID' 'STATE_CODE_y' 'DISCHARGES_TO']. At least one non-missing value is needed for imputation with strategy='constant'.
  warnings.warn(
/work/GRDVULN/correction/.venv/lib64/python3.11/site-packages/sklearn/impute/_base.py:647: UserWarning: Skipping features without any observed values: ['FACILITY_ID' 'STATE_CODE_y' 'DISCHARGES_TO']. At least one non-missing value is needed for imputation with strategy='constant'.
  warnings.warn(
/work/GRDVULN/correction/.venv/lib64/python3.11/site-packages/sklearn/impute/_base.py:647: UserWarning: Skipping features without any observed values: ['DISCHARGE_TYPE' 'PRESENT_DISCHARGE_PERCENTAGE'
 'PROJECTED_DISCHARGE_PERCENTAGE']. At least one non-missing value is needed for imputation with strategy='median'.
  warnings.warn(
/work/GRDVULN/correction/.venv/lib64/python3.11/site-packages/sklearn/impute/_base.py:647: UserWarning: Skipping features without any observed values: ['DISCHARGE_TYPE' 'PRESENT_DISCHARGE_PERCENTAGE'
 'PROJECTED_DISCHARGE_PERCENTAGE']. At least one non-missing value is needed for imputation with strategy='median'.
  warnings.warn(
/work/GRDVULN/correction/.venv/lib64/python3.11/site-packages/sklearn/impute/_base.py:647: UserWarning: Skipping features without any observed values: ['DISCHARGE_TYPE' 'PRESENT_DISCHARGE_PERCENTAGE'
 'PROJECTED_DISCHARGE_PERCENTAGE']. At least one non-missing value is needed for imputation with strategy='median'.
  warnings.warn(
/work/GRDVULN/correction/.venv/lib64/python3.11/site-packages/sklearn/impute/_base.py:647: UserWarning: Skipping features without any observed values: ['FACILITY_ID' 'STATE_CODE_y' 'DISCHARGES_TO']. At least one non-missing value is needed for imputation with strategy='constant'.
  warnings.warn(
/work/GRDVULN/correction/.venv/lib64/python3.11/site-packages/sklearn/impute/_base.py:647: UserWarning: Skipping features without any observed values: ['FACILITY_ID' 'STATE_CODE_y' 'DISCHARGES_TO']. At least one non-missing value is needed for imputation with strategy='constant'.
  warnings.warn(
/work/GRDVULN/correction/.venv/lib64/python3.11/site-packages/sklearn/impute/_base.py:647: UserWarning: Skipping features without any observed values: ['DISCHARGE_TYPE' 'PRESENT_DISCHARGE_PERCENTAGE'
 'PROJECTED_DISCHARGE_PERCENTAGE']. At least one non-missing value is needed for imputation with strategy='median'.
  warnings.warn(
/work/GRDVULN/correction/.venv/lib64/python3.11/site-packages/sklearn/impute/_base.py:647: UserWarning: Skipping features without any observed values: ['DISCHARGE_TYPE' 'PRESENT_DISCHARGE_PERCENTAGE'
 'PROJECTED_DISCHARGE_PERCENTAGE']. At least one non-missing value is needed for imputation with strategy='median'.
  warnings.warn(
/work/GRDVULN/correction/.venv/lib64/python3.11/site-packages/sklearn/impute/_base.py:647: UserWarning: Skipping features without any observed values: ['FACILITY_ID' 'STATE_CODE_y' 'DISCHARGES_TO']. At least one non-missing value is needed for imputation with strategy='constant'.
  warnings.warn(
/work/GRDVULN/correction/.venv/lib64/python3.11/site-packages/sklearn/impute/_base.py:647: UserWarning: Skipping features without any observed values: ['DISCHARGE_TYPE' 'PRESENT_DISCHARGE_PERCENTAGE'
 'PROJECTED_DISCHARGE_PERCENTAGE']. At least one non-missing value is needed for imputation with strategy='median'.
  warnings.warn(
/work/GRDVULN/correction/.venv/lib64/python3.11/site-packages/sklearn/impute/_base.py:647: UserWarning: Skipping features without any observed values: ['FACILITY_ID' 'STATE_CODE_y' 'DISCHARGES_TO']. At least one non-missing value is needed for imputation with strategy='constant'.
  warnings.warn(
/work/GRDVULN/correction/.venv/lib64/python3.11/site-packages/sklearn/impute/_base.py:647: UserWarning: Skipping features without any observed values: ['FACILITY_ID' 'STATE_CODE_y' 'DISCHARGES_TO']. At least one non-missing value is needed for imputation with strategy='constant'.
  warnings.warn(
/work/GRDVULN/correction/.venv/lib64/python3.11/site-packages/sklearn/impute/_base.py:647: UserWarning: Skipping features without any observed values: ['DISCHARGE_TYPE' 'PRESENT_DISCHARGE_PERCENTAGE'
 'PROJECTED_DISCHARGE_PERCENTAGE']. At least one non-missing value is needed for imputation with strategy='median'.
  warnings.warn(
/work/GRDVULN/correction/.venv/lib64/python3.11/site-packages/sklearn/impute/_base.py:647: UserWarning: Skipping features without any observed values: ['FACILITY_ID' 'STATE_CODE_y' 'DISCHARGES_TO']. At least one non-missing value is needed for imputation with strategy='constant'.
  warnings.warn(
/work/GRDVULN/correction/.venv/lib64/python3.11/site-packages/sklearn/impute/_base.py:647: UserWarning: Skipping features without any observed values: ['DISCHARGE_TYPE' 'PRESENT_DISCHARGE_PERCENTAGE'
 'PROJECTED_DISCHARGE_PERCENTAGE']. At least one non-missing value is needed for imputation with strategy='median'.
  warnings.warn(
/work/GRDVULN/correction/.venv/lib64/python3.11/site-packages/sklearn/impute/_base.py:647: UserWarning: Skipping features without any observed values: ['DISCHARGE_TYPE' 'PRESENT_DISCHARGE_PERCENTAGE'
 'PROJECTED_DISCHARGE_PERCENTAGE']. At least one non-missing value is needed for imputation with strategy='median'.
  warnings.warn(
/work/GRDVULN/correction/.venv/lib64/python3.11/site-packages/sklearn/impute/_base.py:647: UserWarning: Skipping features without any observed values: ['FACILITY_ID' 'STATE_CODE_y' 'DISCHARGES_TO']. At least one non-missing value is needed for imputation with strategy='constant'.
  warnings.warn(
/work/GRDVULN/correction/.venv/lib64/python3.11/site-packages/sklearn/impute/_base.py:647: UserWarning: Skipping features without any observed values: ['DISCHARGE_TYPE' 'PRESENT_DISCHARGE_PERCENTAGE'
 'PROJECTED_DISCHARGE_PERCENTAGE']. At least one non-missing value is needed for imputation with strategy='median'.
  warnings.warn(
/work/GRDVULN/correction/.venv/lib64/python3.11/site-packages/sklearn/impute/_base.py:647: UserWarning: Skipping features without any observed values: ['FACILITY_ID' 'STATE_CODE_y' 'DISCHARGES_TO']. At least one non-missing value is needed for imputation with strategy='constant'.
  warnings.warn(
/work/GRDVULN/correction/.venv/lib64/python3.11/site-packages/sklearn/impute/_base.py:647: UserWarning: Skipping features without any observed values: ['DISCHARGE_TYPE' 'PRESENT_DISCHARGE_PERCENTAGE'
 'PROJECTED_DISCHARGE_PERCENTAGE']. At least one non-missing value is needed for imputation with strategy='median'.
  warnings.warn(
/work/GRDVULN/correction/.venv/lib64/python3.11/site-packages/sklearn/impute/_base.py:647: UserWarning: Skipping features without any observed values: ['FACILITY_ID' 'STATE_CODE_y' 'DISCHARGES_TO']. At least one non-missing value is needed for imputation with strategy='constant'.
  warnings.warn(
/work/GRDVULN/correction/.venv/lib64/python3.11/site-packages/sklearn/impute/_base.py:647: UserWarning: Skipping features without any observed values: ['DISCHARGE_TYPE' 'PRESENT_DISCHARGE_PERCENTAGE'
 'PROJECTED_DISCHARGE_PERCENTAGE']. At least one non-missing value is needed for imputation with strategy='median'.
  warnings.warn(
/work/GRDVULN/correction/.venv/lib64/python3.11/site-packages/sklearn/impute/_base.py:647: UserWarning: Skipping features without any observed values: ['FACILITY_ID' 'STATE_CODE_y' 'DISCHARGES_TO']. At least one non-missing value is needed for imputation with strategy='constant'.
  warnings.warn(
/work/GRDVULN/correction/.venv/lib64/python3.11/site-packages/sklearn/impute/_base.py:647: UserWarning: Skipping features without any observed values: ['FACILITY_ID' 'STATE_CODE_y' 'DISCHARGES_TO']. At least one non-missing value is needed for imputation with strategy='constant'.
  warnings.warn(
/work/GRDVULN/correction/.venv/lib64/python3.11/site-packages/sklearn/impute/_base.py:647: UserWarning: Skipping features without any observed values: ['FACILITY_ID' 'STATE_CODE_y' 'DISCHARGES_TO']. At least one non-missing value is needed for imputation with strategy='constant'.
  warnings.warn(
/work/GRDVULN/correction/.venv/lib64/python3.11/site-packages/sklearn/impute/_base.py:647: UserWarning: Skipping features without any observed values: ['DISCHARGE_TYPE' 'PRESENT_DISCHARGE_PERCENTAGE'
 'PROJECTED_DISCHARGE_PERCENTAGE']. At least one non-missing value is needed for imputation with strategy='median'.
  warnings.warn(
/work/GRDVULN/correction/.venv/lib64/python3.11/site-packages/sklearn/impute/_base.py:647: UserWarning: Skipping features without any observed values: ['DISCHARGE_TYPE' 'PRESENT_DISCHARGE_PERCENTAGE'
 'PROJECTED_DISCHARGE_PERCENTAGE']. At least one non-missing value is needed for imputation with strategy='median'.
  warnings.warn(
/work/GRDVULN/correction/.venv/lib64/python3.11/site-packages/sklearn/impute/_base.py:647: UserWarning: Skipping features without any observed values: ['DISCHARGE_TYPE' 'PRESENT_DISCHARGE_PERCENTAGE'
 'PROJECTED_DISCHARGE_PERCENTAGE']. At least one non-missing value is needed for imputation with strategy='median'.
  warnings.warn(
/work/GRDVULN/correction/.venv/lib64/python3.11/site-packages/sklearn/impute/_base.py:647: UserWarning: Skipping features without any observed values: ['FACILITY_ID' 'STATE_CODE_y' 'DISCHARGES_TO']. At least one non-missing value is needed for imputation with strategy='constant'.
  warnings.warn(
/work/GRDVULN/correction/.venv/lib64/python3.11/site-packages/sklearn/impute/_base.py:647: UserWarning: Skipping features without any observed values: ['DISCHARGE_TYPE' 'PRESENT_DISCHARGE_PERCENTAGE'
 'PROJECTED_DISCHARGE_PERCENTAGE']. At least one non-missing value is needed for imputation with strategy='median'.
  warnings.warn(
/work/GRDVULN/correction/.venv/lib64/python3.11/site-packages/sklearn/impute/_base.py:647: UserWarning: Skipping features without any observed values: ['FACILITY_ID' 'STATE_CODE_y' 'DISCHARGES_TO']. At least one non-missing value is needed for imputation with strategy='constant'.
  warnings.warn(
/work/GRDVULN/correction/.venv/lib64/python3.11/site-packages/sklearn/impute/_base.py:647: UserWarning: Skipping features without any observed values: ['FACILITY_ID' 'STATE_CODE_y' 'DISCHARGES_TO']. At least one non-missing value is needed for imputation with strategy='constant'.
  warnings.warn(
/work/GRDVULN/correction/.venv/lib64/python3.11/site-packages/sklearn/impute/_base.py:647: UserWarning: Skipping features without any observed values: ['DISCHARGE_TYPE' 'PRESENT_DISCHARGE_PERCENTAGE'
 'PROJECTED_DISCHARGE_PERCENTAGE']. At least one non-missing value is needed for imputation with strategy='median'.
  warnings.warn(
/work/GRDVULN/correction/.venv/lib64/python3.11/site-packages/sklearn/impute/_base.py:647: UserWarning: Skipping features without any observed values: ['DISCHARGE_TYPE' 'PRESENT_DISCHARGE_PERCENTAGE'
 'PROJECTED_DISCHARGE_PERCENTAGE']. At least one non-missing value is needed for imputation with strategy='median'.
  warnings.warn(
/work/GRDVULN/correction/.venv/lib64/python3.11/site-packages/sklearn/impute/_base.py:647: UserWarning: Skipping features without any observed values: ['FACILITY_ID' 'STATE_CODE_y' 'DISCHARGES_TO']. At least one non-missing value is needed for imputation with strategy='constant'.
  warnings.warn(
/work/GRDVULN/correction/.venv/lib64/python3.11/site-packages/sklearn/impute/_base.py:647: UserWarning: Skipping features without any observed values: ['DISCHARGE_TYPE' 'PRESENT_DISCHARGE_PERCENTAGE'
 'PROJECTED_DISCHARGE_PERCENTAGE']. At least one non-missing value is needed for imputation with strategy='median'.
  warnings.warn(
/work/GRDVULN/correction/.venv/lib64/python3.11/site-packages/sklearn/impute/_base.py:647: UserWarning: Skipping features without any observed values: ['FACILITY_ID' 'STATE_CODE_y' 'DISCHARGES_TO']. At least one non-missing value is needed for imputation with strategy='constant'.
  warnings.warn(
/work/GRDVULN/correction/.venv/lib64/python3.11/site-packages/sklearn/impute/_base.py:647: UserWarning: Skipping features without any observed values: ['DISCHARGE_TYPE' 'PRESENT_DISCHARGE_PERCENTAGE'
 'PROJECTED_DISCHARGE_PERCENTAGE']. At least one non-missing value is needed for imputation with strategy='median'.
  warnings.warn(
/work/GRDVULN/correction/.venv/lib64/python3.11/site-packages/sklearn/impute/_base.py:647: UserWarning: Skipping features without any observed values: ['FACILITY_ID' 'STATE_CODE_y' 'DISCHARGES_TO']. At least one non-missing value is needed for imputation with strategy='constant'.
  warnings.warn(
/work/GRDVULN/correction/.venv/lib64/python3.11/site-packages/sklearn/impute/_base.py:647: UserWarning: Skipping features without any observed values: ['FACILITY_ID' 'STATE_CODE_y' 'DISCHARGES_TO']. At least one non-missing value is needed for imputation with strategy='constant'.
  warnings.warn(
/work/GRDVULN/correction/.venv/lib64/python3.11/site-packages/sklearn/impute/_base.py:647: UserWarning: Skipping features without any observed values: ['FACILITY_ID' 'STATE_CODE_y' 'DISCHARGES_TO']. At least one non-missing value is needed for imputation with strategy='constant'.
  warnings.warn(
/work/GRDVULN/correction/.venv/lib64/python3.11/site-packages/sklearn/impute/_base.py:647: UserWarning: Skipping features without any observed values: ['DISCHARGE_TYPE' 'PRESENT_DISCHARGE_PERCENTAGE'
 'PROJECTED_DISCHARGE_PERCENTAGE']. At least one non-missing value is needed for imputation with strategy='median'.
  warnings.warn(
/work/GRDVULN/correction/.venv/lib64/python3.11/site-packages/sklearn/impute/_base.py:647: UserWarning: Skipping features without any observed values: ['DISCHARGE_TYPE' 'PRESENT_DISCHARGE_PERCENTAGE'
 'PROJECTED_DISCHARGE_PERCENTAGE']. At least one non-missing value is needed for imputation with strategy='median'.
  warnings.warn(
/work/GRDVULN/correction/.venv/lib64/python3.11/site-packages/sklearn/impute/_base.py:647: UserWarning: Skipping features without any observed values: ['DISCHARGE_TYPE' 'PRESENT_DISCHARGE_PERCENTAGE'
 'PROJECTED_DISCHARGE_PERCENTAGE']. At least one non-missing value is needed for imputation with strategy='median'.
  warnings.warn(
/work/GRDVULN/correction/.venv/lib64/python3.11/site-packages/sklearn/impute/_base.py:647: UserWarning: Skipping features without any observed values: ['FACILITY_ID' 'STATE_CODE_y' 'DISCHARGES_TO']. At least one non-missing value is needed for imputation with strategy='constant'.
  warnings.warn(
/work/GRDVULN/correction/.venv/lib64/python3.11/site-packages/sklearn/impute/_base.py:647: UserWarning: Skipping features without any observed values: ['FACILITY_ID' 'STATE_CODE_y' 'DISCHARGES_TO']. At least one non-missing value is needed for imputation with strategy='constant'.
  warnings.warn(
/work/GRDVULN/correction/.venv/lib64/python3.11/site-packages/sklearn/impute/_base.py:647: UserWarning: Skipping features without any observed values: ['FACILITY_ID' 'STATE_CODE_y' 'DISCHARGES_TO']. At least one non-missing value is needed for imputation with strategy='constant'.
  warnings.warn(
/work/GRDVULN/correction/.venv/lib64/python3.11/site-packages/sklearn/impute/_base.py:647: UserWarning: Skipping features without any observed values: ['FACILITY_ID' 'STATE_CODE_y' 'DISCHARGES_TO']. At least one non-missing value is needed for imputation with strategy='constant'.
  warnings.warn(
/work/GRDVULN/correction/.venv/lib64/python3.11/site-packages/sklearn/impute/_base.py:647: UserWarning: Skipping features without any observed values: ['DISCHARGE_TYPE' 'PRESENT_DISCHARGE_PERCENTAGE'
 'PROJECTED_DISCHARGE_PERCENTAGE']. At least one non-missing value is needed for imputation with strategy='median'.
  warnings.warn(
/work/GRDVULN/correction/.venv/lib64/python3.11/site-packages/sklearn/impute/_base.py:647: UserWarning: Skipping features without any observed values: ['DISCHARGE_TYPE' 'PRESENT_DISCHARGE_PERCENTAGE'
 'PROJECTED_DISCHARGE_PERCENTAGE']. At least one non-missing value is needed for imputation with strategy='median'.
  warnings.warn(
/work/GRDVULN/correction/.venv/lib64/python3.11/site-packages/sklearn/impute/_base.py:647: UserWarning: Skipping features without any observed values: ['DISCHARGE_TYPE' 'PRESENT_DISCHARGE_PERCENTAGE'
 'PROJECTED_DISCHARGE_PERCENTAGE']. At least one non-missing value is needed for imputation with strategy='median'.
  warnings.warn(
/work/GRDVULN/correction/.venv/lib64/python3.11/site-packages/sklearn/impute/_base.py:647: UserWarning: Skipping features without any observed values: ['DISCHARGE_TYPE' 'PRESENT_DISCHARGE_PERCENTAGE'
 'PROJECTED_DISCHARGE_PERCENTAGE']. At least one non-missing value is needed for imputation with strategy='median'.
  warnings.warn(
/work/GRDVULN/correction/.venv/lib64/python3.11/site-packages/sklearn/impute/_base.py:647: UserWarning: Skipping features without any observed values: ['FACILITY_ID' 'STATE_CODE_y' 'DISCHARGES_TO']. At least one non-missing value is needed for imputation with strategy='constant'.
  warnings.warn(
/work/GRDVULN/correction/.venv/lib64/python3.11/site-packages/sklearn/impute/_base.py:647: UserWarning: Skipping features without any observed values: ['FACILITY_ID' 'STATE_CODE_y' 'DISCHARGES_TO']. At least one non-missing value is needed for imputation with strategy='constant'.
  warnings.warn(
/work/GRDVULN/correction/.venv/lib64/python3.11/site-packages/sklearn/impute/_base.py:647: UserWarning: Skipping features without any observed values: ['DISCHARGE_TYPE' 'PRESENT_DISCHARGE_PERCENTAGE'
 'PROJECTED_DISCHARGE_PERCENTAGE']. At least one non-missing value is needed for imputation with strategy='median'.
  warnings.warn(
/work/GRDVULN/correction/.venv/lib64/python3.11/site-packages/sklearn/impute/_base.py:647: UserWarning: Skipping features without any observed values: ['DISCHARGE_TYPE' 'PRESENT_DISCHARGE_PERCENTAGE'
 'PROJECTED_DISCHARGE_PERCENTAGE']. At least one non-missing value is needed for imputation with strategy='median'.
  warnings.warn(
/work/GRDVULN/correction/.venv/lib64/python3.11/site-packages/sklearn/impute/_base.py:647: UserWarning: Skipping features without any observed values: ['FACILITY_ID' 'STATE_CODE_y' 'DISCHARGES_TO']. At least one non-missing value is needed for imputation with strategy='constant'.
  warnings.warn(
/work/GRDVULN/correction/.venv/lib64/python3.11/site-packages/sklearn/impute/_base.py:647: UserWarning: Skipping features without any observed values: ['DISCHARGE_TYPE' 'PRESENT_DISCHARGE_PERCENTAGE'
 'PROJECTED_DISCHARGE_PERCENTAGE']. At least one non-missing value is needed for imputation with strategy='median'.
  warnings.warn(
/work/GRDVULN/correction/.venv/lib64/python3.11/site-packages/sklearn/impute/_base.py:647: UserWarning: Skipping features without any observed values: ['FACILITY_ID' 'STATE_CODE_y' 'DISCHARGES_TO']. At least one non-missing value is needed for imputation with strategy='constant'.
  warnings.warn(
/work/GRDVULN/correction/.venv/lib64/python3.11/site-packages/sklearn/impute/_base.py:647: UserWarning: Skipping features without any observed values: ['DISCHARGE_TYPE' 'PRESENT_DISCHARGE_PERCENTAGE'
 'PROJECTED_DISCHARGE_PERCENTAGE']. At least one non-missing value is needed for imputation with strategy='median'.
  warnings.warn(
/work/GRDVULN/correction/.venv/lib64/python3.11/site-packages/sklearn/impute/_base.py:647: UserWarning: Skipping features without any observed values: ['FACILITY_ID' 'STATE_CODE_y' 'DISCHARGES_TO']. At least one non-missing value is needed for imputation with strategy='constant'.
  warnings.warn(
/work/GRDVULN/correction/.venv/lib64/python3.11/site-packages/sklearn/impute/_base.py:647: UserWarning: Skipping features without any observed values: ['DISCHARGE_TYPE' 'PRESENT_DISCHARGE_PERCENTAGE'
 'PROJECTED_DISCHARGE_PERCENTAGE']. At least one non-missing value is needed for imputation with strategy='median'.
  warnings.warn(
/work/GRDVULN/correction/.venv/lib64/python3.11/site-packages/sklearn/impute/_base.py:647: UserWarning: Skipping features without any observed values: ['FACILITY_ID' 'STATE_CODE_y' 'DISCHARGES_TO']. At least one non-missing value is needed for imputation with strategy='constant'.
  warnings.warn(
/work/GRDVULN/correction/.venv/lib64/python3.11/site-packages/sklearn/impute/_base.py:647: UserWarning: Skipping features without any observed values: ['FACILITY_ID' 'STATE_CODE_y' 'DISCHARGES_TO']. At least one non-missing value is needed for imputation with strategy='constant'.
  warnings.warn(
/work/GRDVULN/correction/.venv/lib64/python3.11/site-packages/sklearn/impute/_base.py:647: UserWarning: Skipping features without any observed values: ['DISCHARGE_TYPE' 'PRESENT_DISCHARGE_PERCENTAGE'
 'PROJECTED_DISCHARGE_PERCENTAGE']. At least one non-missing value is needed for imputation with strategy='median'.
  warnings.warn(
/work/GRDVULN/correction/.venv/lib64/python3.11/site-packages/sklearn/impute/_base.py:647: UserWarning: Skipping features without any observed values: ['DISCHARGE_TYPE' 'PRESENT_DISCHARGE_PERCENTAGE'
 'PROJECTED_DISCHARGE_PERCENTAGE']. At least one non-missing value is needed for imputation with strategy='median'.
  warnings.warn(
/work/GRDVULN/correction/.venv/lib64/python3.11/site-packages/sklearn/impute/_base.py:647: UserWarning: Skipping features without any observed values: ['FACILITY_ID' 'STATE_CODE_y' 'DISCHARGES_TO']. At least one non-missing value is needed for imputation with strategy='constant'.
  warnings.warn(
/work/GRDVULN/correction/.venv/lib64/python3.11/site-packages/sklearn/impute/_base.py:647: UserWarning: Skipping features without any observed values: ['DISCHARGE_TYPE' 'PRESENT_DISCHARGE_PERCENTAGE'
 'PROJECTED_DISCHARGE_PERCENTAGE']. At least one non-missing value is needed for imputation with strategy='median'.
  warnings.warn(
/work/GRDVULN/correction/.venv/lib64/python3.11/site-packages/sklearn/impute/_base.py:647: UserWarning: Skipping features without any observed values: ['FACILITY_ID' 'STATE_CODE_y' 'DISCHARGES_TO']. At least one non-missing value is needed for imputation with strategy='constant'.
  warnings.warn(
/work/GRDVULN/correction/.venv/lib64/python3.11/site-packages/sklearn/impute/_base.py:647: UserWarning: Skipping features without any observed values: ['FACILITY_ID' 'STATE_CODE_y' 'DISCHARGES_TO']. At least one non-missing value is needed for imputation with strategy='constant'.
  warnings.warn(
/work/GRDVULN/correction/.venv/lib64/python3.11/site-packages/sklearn/impute/_base.py:647: UserWarning: Skipping features without any observed values: ['DISCHARGE_TYPE' 'PRESENT_DISCHARGE_PERCENTAGE'
 'PROJECTED_DISCHARGE_PERCENTAGE']. At least one non-missing value is needed for imputation with strategy='median'.
  warnings.warn(
/work/GRDVULN/correction/.venv/lib64/python3.11/site-packages/sklearn/impute/_base.py:647: UserWarning: Skipping features without any observed values: ['FACILITY_ID' 'STATE_CODE_y' 'DISCHARGES_TO']. At least one non-missing value is needed for imputation with strategy='constant'.
  warnings.warn(
/work/GRDVULN/correction/.venv/lib64/python3.11/site-packages/sklearn/impute/_base.py:647: UserWarning: Skipping features without any observed values: ['DISCHARGE_TYPE' 'PRESENT_DISCHARGE_PERCENTAGE'
 'PROJECTED_DISCHARGE_PERCENTAGE']. At least one non-missing value is needed for imputation with strategy='median'.
  warnings.warn(
/work/GRDVULN/correction/.venv/lib64/python3.11/site-packages/sklearn/impute/_base.py:647: UserWarning: Skipping features without any observed values: ['DISCHARGE_TYPE' 'PRESENT_DISCHARGE_PERCENTAGE'
 'PROJECTED_DISCHARGE_PERCENTAGE']. At least one non-missing value is needed for imputation with strategy='median'.
  warnings.warn(
/work/GRDVULN/correction/.venv/lib64/python3.11/site-packages/sklearn/impute/_base.py:647: UserWarning: Skipping features without any observed values: ['FACILITY_ID' 'STATE_CODE_y' 'DISCHARGES_TO']. At least one non-missing value is needed for imputation with strategy='constant'.
  warnings.warn(
/work/GRDVULN/correction/.venv/lib64/python3.11/site-packages/sklearn/impute/_base.py:647: UserWarning: Skipping features without any observed values: ['FACILITY_ID' 'STATE_CODE_y' 'DISCHARGES_TO']. At least one non-missing value is needed for imputation with strategy='constant'.
  warnings.warn(
/work/GRDVULN/correction/.venv/lib64/python3.11/site-packages/sklearn/impute/_base.py:647: UserWarning: Skipping features without any observed values: ['DISCHARGE_TYPE' 'PRESENT_DISCHARGE_PERCENTAGE'
 'PROJECTED_DISCHARGE_PERCENTAGE']. At least one non-missing value is needed for imputation with strategy='median'.
  warnings.warn(
/work/GRDVULN/correction/.venv/lib64/python3.11/site-packages/sklearn/impute/_base.py:647: UserWarning: Skipping features without any observed values: ['DISCHARGE_TYPE' 'PRESENT_DISCHARGE_PERCENTAGE'
 'PROJECTED_DISCHARGE_PERCENTAGE']. At least one non-missing value is needed for imputation with strategy='median'.
  warnings.warn(
/work/GRDVULN/correction/.venv/lib64/python3.11/site-packages/sklearn/impute/_base.py:647: UserWarning: Skipping features without any observed values: ['FACILITY_ID' 'STATE_CODE_y' 'DISCHARGES_TO']. At least one non-missing value is needed for imputation with strategy='constant'.
  warnings.warn(
/work/GRDVULN/correction/.venv/lib64/python3.11/site-packages/sklearn/impute/_base.py:647: UserWarning: Skipping features without any observed values: ['DISCHARGE_TYPE' 'PRESENT_DISCHARGE_PERCENTAGE'
 'PROJECTED_DISCHARGE_PERCENTAGE']. At least one non-missing value is needed for imputation with strategy='median'.
  warnings.warn(
/work/GRDVULN/correction/.venv/lib64/python3.11/site-packages/sklearn/impute/_base.py:647: UserWarning: Skipping features without any observed values: ['FACILITY_ID' 'STATE_CODE_y' 'DISCHARGES_TO']. At least one non-missing value is needed for imputation with strategy='constant'.
  warnings.warn(
/work/GRDVULN/correction/.venv/lib64/python3.11/site-packages/sklearn/impute/_base.py:647: UserWarning: Skipping features without any observed values: ['FACILITY_ID' 'STATE_CODE_y' 'DISCHARGES_TO']. At least one non-missing value is needed for imputation with strategy='constant'.
  warnings.warn(
/work/GRDVULN/correction/.venv/lib64/python3.11/site-packages/sklearn/impute/_base.py:647: UserWarning: Skipping features without any observed values: ['DISCHARGE_TYPE' 'PRESENT_DISCHARGE_PERCENTAGE'
 'PROJECTED_DISCHARGE_PERCENTAGE']. At least one non-missing value is needed for imputation with strategy='median'.
  warnings.warn(
/work/GRDVULN/correction/.venv/lib64/python3.11/site-packages/sklearn/impute/_base.py:647: UserWarning: Skipping features without any observed values: ['DISCHARGE_TYPE' 'PRESENT_DISCHARGE_PERCENTAGE'
 'PROJECTED_DISCHARGE_PERCENTAGE']. At least one non-missing value is needed for imputation with strategy='median'.
  warnings.warn(
/work/GRDVULN/correction/.venv/lib64/python3.11/site-packages/sklearn/impute/_base.py:647: UserWarning: Skipping features without any observed values: ['FACILITY_ID' 'STATE_CODE_y' 'DISCHARGES_TO']. At least one non-missing value is needed for imputation with strategy='constant'.
  warnings.warn(
/work/GRDVULN/correction/.venv/lib64/python3.11/site-packages/sklearn/impute/_base.py:647: UserWarning: Skipping features without any observed values: ['FACILITY_ID' 'STATE_CODE_y' 'DISCHARGES_TO']. At least one non-missing value is needed for imputation with strategy='constant'.
  warnings.warn(
/work/GRDVULN/correction/.venv/lib64/python3.11/site-packages/sklearn/impute/_base.py:647: UserWarning: Skipping features without any observed values: ['DISCHARGE_TYPE' 'PRESENT_DISCHARGE_PERCENTAGE'
 'PROJECTED_DISCHARGE_PERCENTAGE']. At least one non-missing value is needed for imputation with strategy='median'.
  warnings.warn(
/work/GRDVULN/correction/.venv/lib64/python3.11/site-packages/sklearn/impute/_base.py:647: UserWarning: Skipping features without any observed values: ['FACILITY_ID' 'STATE_CODE_y' 'DISCHARGES_TO']. At least one non-missing value is needed for imputation with strategy='constant'.
  warnings.warn(
/work/GRDVULN/correction/.venv/lib64/python3.11/site-packages/sklearn/impute/_base.py:647: UserWarning: Skipping features without any observed values: ['DISCHARGE_TYPE' 'PRESENT_DISCHARGE_PERCENTAGE'
 'PROJECTED_DISCHARGE_PERCENTAGE']. At least one non-missing value is needed for imputation with strategy='median'.
  warnings.warn(
/work/GRDVULN/correction/.venv/lib64/python3.11/site-packages/sklearn/impute/_base.py:647: UserWarning: Skipping features without any observed values: ['DISCHARGE_TYPE' 'PRESENT_DISCHARGE_PERCENTAGE'
 'PROJECTED_DISCHARGE_PERCENTAGE']. At least one non-missing value is needed for imputation with strategy='median'.
  warnings.warn(
/work/GRDVULN/correction/.venv/lib64/python3.11/site-packages/sklearn/impute/_base.py:647: UserWarning: Skipping features without any observed values: ['FACILITY_ID' 'STATE_CODE_y' 'DISCHARGES_TO']. At least one non-missing value is needed for imputation with strategy='constant'.
  warnings.warn(
/work/GRDVULN/correction/.venv/lib64/python3.11/site-packages/sklearn/impute/_base.py:647: UserWarning: Skipping features without any observed values: ['FACILITY_ID' 'STATE_CODE_y' 'DISCHARGES_TO']. At least one non-missing value is needed for imputation with strategy='constant'.
  warnings.warn(
/work/GRDVULN/correction/.venv/lib64/python3.11/site-packages/sklearn/impute/_base.py:647: UserWarning: Skipping features without any observed values: ['DISCHARGE_TYPE' 'PRESENT_DISCHARGE_PERCENTAGE'
 'PROJECTED_DISCHARGE_PERCENTAGE']. At least one non-missing value is needed for imputation with strategy='median'.
  warnings.warn(
/work/GRDVULN/correction/.venv/lib64/python3.11/site-packages/sklearn/impute/_base.py:647: UserWarning: Skipping features without any observed values: ['DISCHARGE_TYPE' 'PRESENT_DISCHARGE_PERCENTAGE'
 'PROJECTED_DISCHARGE_PERCENTAGE']. At least one non-missing value is needed for imputation with strategy='median'.
  warnings.warn(
/work/GRDVULN/correction/.venv/lib64/python3.11/site-packages/sklearn/impute/_base.py:647: UserWarning: Skipping features without any observed values: ['FACILITY_ID' 'STATE_CODE_y' 'DISCHARGES_TO']. At least one non-missing value is needed for imputation with strategy='constant'.
  warnings.warn(
/work/GRDVULN/correction/.venv/lib64/python3.11/site-packages/sklearn/impute/_base.py:647: UserWarning: Skipping features without any observed values: ['FACILITY_ID' 'STATE_CODE_y' 'DISCHARGES_TO']. At least one non-missing value is needed for imputation with strategy='constant'.
  warnings.warn(
/work/GRDVULN/correction/.venv/lib64/python3.11/site-packages/sklearn/impute/_base.py:647: UserWarning: Skipping features without any observed values: ['DISCHARGE_TYPE' 'PRESENT_DISCHARGE_PERCENTAGE'
 'PROJECTED_DISCHARGE_PERCENTAGE']. At least one non-missing value is needed for imputation with strategy='median'.
  warnings.warn(
/work/GRDVULN/correction/.venv/lib64/python3.11/site-packages/sklearn/impute/_base.py:647: UserWarning: Skipping features without any observed values: ['DISCHARGE_TYPE' 'PRESENT_DISCHARGE_PERCENTAGE'
 'PROJECTED_DISCHARGE_PERCENTAGE']. At least one non-missing value is needed for imputation with strategy='median'.
  warnings.warn(
/work/GRDVULN/correction/.venv/lib64/python3.11/site-packages/sklearn/impute/_base.py:647: UserWarning: Skipping features without any observed values: ['FACILITY_ID' 'STATE_CODE_y' 'DISCHARGES_TO']. At least one non-missing value is needed for imputation with strategy='constant'.
  warnings.warn(
/work/GRDVULN/correction/.venv/lib64/python3.11/site-packages/sklearn/impute/_base.py:647: UserWarning: Skipping features without any observed values: ['FACILITY_ID' 'STATE_CODE_y' 'DISCHARGES_TO']. At least one non-missing value is needed for imputation with strategy='constant'.
  warnings.warn(
/work/GRDVULN/correction/.venv/lib64/python3.11/site-packages/sklearn/impute/_base.py:647: UserWarning: Skipping features without any observed values: ['DISCHARGE_TYPE' 'PRESENT_DISCHARGE_PERCENTAGE'
 'PROJECTED_DISCHARGE_PERCENTAGE']. At least one non-missing value is needed for imputation with strategy='median'.
  warnings.warn(
/work/GRDVULN/correction/.venv/lib64/python3.11/site-packages/sklearn/impute/_base.py:647: UserWarning: Skipping features without any observed values: ['DISCHARGE_TYPE' 'PRESENT_DISCHARGE_PERCENTAGE'
 'PROJECTED_DISCHARGE_PERCENTAGE']. At least one non-missing value is needed for imputation with strategy='median'.
  warnings.warn(
/work/GRDVULN/correction/.venv/lib64/python3.11/site-packages/sklearn/impute/_base.py:647: UserWarning: Skipping features without any observed values: ['FACILITY_ID' 'STATE_CODE_y' 'DISCHARGES_TO']. At least one non-missing value is needed for imputation with strategy='constant'.
  warnings.warn(
/work/GRDVULN/correction/.venv/lib64/python3.11/site-packages/sklearn/impute/_base.py:647: UserWarning: Skipping features without any observed values: ['FACILITY_ID' 'STATE_CODE_y' 'DISCHARGES_TO']. At least one non-missing value is needed for imputation with strategy='constant'.
  warnings.warn(
/work/GRDVULN/correction/.venv/lib64/python3.11/site-packages/sklearn/impute/_base.py:647: UserWarning: Skipping features without any observed values: ['DISCHARGE_TYPE' 'PRESENT_DISCHARGE_PERCENTAGE'
 'PROJECTED_DISCHARGE_PERCENTAGE']. At least one non-missing value is needed for imputation with strategy='median'.
  warnings.warn(
/work/GRDVULN/correction/.venv/lib64/python3.11/site-packages/sklearn/impute/_base.py:647: UserWarning: Skipping features without any observed values: ['FACILITY_ID' 'STATE_CODE_y' 'DISCHARGES_TO']. At least one non-missing value is needed for imputation with strategy='constant'.
  warnings.warn(
/work/GRDVULN/correction/.venv/lib64/python3.11/site-packages/sklearn/impute/_base.py:647: UserWarning: Skipping features without any observed values: ['DISCHARGE_TYPE' 'PRESENT_DISCHARGE_PERCENTAGE'
 'PROJECTED_DISCHARGE_PERCENTAGE']. At least one non-missing value is needed for imputation with strategy='median'.
  warnings.warn(
/work/GRDVULN/correction/.venv/lib64/python3.11/site-packages/sklearn/impute/_base.py:647: UserWarning: Skipping features without any observed values: ['DISCHARGE_TYPE' 'PRESENT_DISCHARGE_PERCENTAGE'
 'PROJECTED_DISCHARGE_PERCENTAGE']. At least one non-missing value is needed for imputation with strategy='median'.
  warnings.warn(
/work/GRDVULN/correction/.venv/lib64/python3.11/site-packages/sklearn/impute/_base.py:647: UserWarning: Skipping features without any observed values: ['FACILITY_ID' 'STATE_CODE_y' 'DISCHARGES_TO']. At least one non-missing value is needed for imputation with strategy='constant'.
  warnings.warn(
/work/GRDVULN/correction/.venv/lib64/python3.11/site-packages/sklearn/impute/_base.py:647: UserWarning: Skipping features without any observed values: ['DISCHARGE_TYPE' 'PRESENT_DISCHARGE_PERCENTAGE'
 'PROJECTED_DISCHARGE_PERCENTAGE']. At least one non-missing value is needed for imputation with strategy='median'.
  warnings.warn(
/work/GRDVULN/correction/.venv/lib64/python3.11/site-packages/sklearn/impute/_base.py:647: UserWarning: Skipping features without any observed values: ['FACILITY_ID' 'STATE_CODE_y' 'DISCHARGES_TO']. At least one non-missing value is needed for imputation with strategy='constant'.
  warnings.warn(
/work/GRDVULN/correction/.venv/lib64/python3.11/site-packages/sklearn/impute/_base.py:647: UserWarning: Skipping features without any observed values: ['FACILITY_ID' 'STATE_CODE_y' 'DISCHARGES_TO']. At least one non-missing value is needed for imputation with strategy='constant'.
  warnings.warn(
/work/GRDVULN/correction/.venv/lib64/python3.11/site-packages/sklearn/impute/_base.py:647: UserWarning: Skipping features without any observed values: ['DISCHARGE_TYPE' 'PRESENT_DISCHARGE_PERCENTAGE'
 'PROJECTED_DISCHARGE_PERCENTAGE']. At least one non-missing value is needed for imputation with strategy='median'.
  warnings.warn(
/work/GRDVULN/correction/.venv/lib64/python3.11/site-packages/sklearn/impute/_base.py:647: UserWarning: Skipping features without any observed values: ['DISCHARGE_TYPE' 'PRESENT_DISCHARGE_PERCENTAGE'
 'PROJECTED_DISCHARGE_PERCENTAGE']. At least one non-missing value is needed for imputation with strategy='median'.
  warnings.warn(
/work/GRDVULN/correction/.venv/lib64/python3.11/site-packages/sklearn/impute/_base.py:647: UserWarning: Skipping features without any observed values: ['FACILITY_ID' 'STATE_CODE_y' 'DISCHARGES_TO']. At least one non-missing value is needed for imputation with strategy='constant'.
  warnings.warn(
/work/GRDVULN/correction/.venv/lib64/python3.11/site-packages/sklearn/impute/_base.py:647: UserWarning: Skipping features without any observed values: ['FACILITY_ID' 'STATE_CODE_y' 'DISCHARGES_TO']. At least one non-missing value is needed for imputation with strategy='constant'.
  warnings.warn(
/work/GRDVULN/correction/.venv/lib64/python3.11/site-packages/sklearn/impute/_base.py:647: UserWarning: Skipping features without any observed values: ['DISCHARGE_TYPE' 'PRESENT_DISCHARGE_PERCENTAGE'
 'PROJECTED_DISCHARGE_PERCENTAGE']. At least one non-missing value is needed for imputation with strategy='median'.
  warnings.warn(
/work/GRDVULN/correction/.venv/lib64/python3.11/site-packages/sklearn/impute/_base.py:647: UserWarning: Skipping features without any observed values: ['FACILITY_ID' 'STATE_CODE_y' 'DISCHARGES_TO']. At least one non-missing value is needed for imputation with strategy='constant'.
  warnings.warn(
/work/GRDVULN/correction/.venv/lib64/python3.11/site-packages/sklearn/impute/_base.py:647: UserWarning: Skipping features without any observed values: ['DISCHARGE_TYPE' 'PRESENT_DISCHARGE_PERCENTAGE'
 'PROJECTED_DISCHARGE_PERCENTAGE']. At least one non-missing value is needed for imputation with strategy='median'.
  warnings.warn(
/work/GRDVULN/correction/.venv/lib64/python3.11/site-packages/sklearn/impute/_base.py:647: UserWarning: Skipping features without any observed values: ['DISCHARGE_TYPE' 'PRESENT_DISCHARGE_PERCENTAGE'
 'PROJECTED_DISCHARGE_PERCENTAGE']. At least one non-missing value is needed for imputation with strategy='median'.
  warnings.warn(
/work/GRDVULN/correction/.venv/lib64/python3.11/site-packages/sklearn/impute/_base.py:647: UserWarning: Skipping features without any observed values: ['FACILITY_ID' 'STATE_CODE_y' 'DISCHARGES_TO']. At least one non-missing value is needed for imputation with strategy='constant'.
  warnings.warn(
/work/GRDVULN/correction/.venv/lib64/python3.11/site-packages/sklearn/impute/_base.py:647: UserWarning: Skipping features without any observed values: ['FACILITY_ID' 'STATE_CODE_y' 'DISCHARGES_TO']. At least one non-missing value is needed for imputation with strategy='constant'.
  warnings.warn(
/work/GRDVULN/correction/.venv/lib64/python3.11/site-packages/sklearn/impute/_base.py:647: UserWarning: Skipping features without any observed values: ['DISCHARGE_TYPE' 'PRESENT_DISCHARGE_PERCENTAGE'
 'PROJECTED_DISCHARGE_PERCENTAGE']. At least one non-missing value is needed for imputation with strategy='median'.
  warnings.warn(
/work/GRDVULN/correction/.venv/lib64/python3.11/site-packages/sklearn/impute/_base.py:647: UserWarning: Skipping features without any observed values: ['DISCHARGE_TYPE' 'PRESENT_DISCHARGE_PERCENTAGE'
 'PROJECTED_DISCHARGE_PERCENTAGE']. At least one non-missing value is needed for imputation with strategy='median'.
  warnings.warn(
/work/GRDVULN/correction/.venv/lib64/python3.11/site-packages/sklearn/impute/_base.py:647: UserWarning: Skipping features without any observed values: ['FACILITY_ID' 'STATE_CODE_y' 'DISCHARGES_TO']. At least one non-missing value is needed for imputation with strategy='constant'.
  warnings.warn(
/work/GRDVULN/correction/.venv/lib64/python3.11/site-packages/sklearn/impute/_base.py:647: UserWarning: Skipping features without any observed values: ['DISCHARGE_TYPE' 'PRESENT_DISCHARGE_PERCENTAGE'
 'PROJECTED_DISCHARGE_PERCENTAGE']. At least one non-missing value is needed for imputation with strategy='median'.
  warnings.warn(
/work/GRDVULN/correction/.venv/lib64/python3.11/site-packages/sklearn/impute/_base.py:647: UserWarning: Skipping features without any observed values: ['FACILITY_ID' 'STATE_CODE_y' 'DISCHARGES_TO']. At least one non-missing value is needed for imputation with strategy='constant'.
  warnings.warn(
/work/GRDVULN/correction/.venv/lib64/python3.11/site-packages/sklearn/impute/_base.py:647: UserWarning: Skipping features without any observed values: ['FACILITY_ID' 'STATE_CODE_y' 'DISCHARGES_TO']. At least one non-missing value is needed for imputation with strategy='constant'.
  warnings.warn(
/work/GRDVULN/correction/.venv/lib64/python3.11/site-packages/sklearn/impute/_base.py:647: UserWarning: Skipping features without any observed values: ['DISCHARGE_TYPE' 'PRESENT_DISCHARGE_PERCENTAGE'
 'PROJECTED_DISCHARGE_PERCENTAGE']. At least one non-missing value is needed for imputation with strategy='median'.
  warnings.warn(
/work/GRDVULN/correction/.venv/lib64/python3.11/site-packages/sklearn/impute/_base.py:647: UserWarning: Skipping features without any observed values: ['DISCHARGE_TYPE' 'PRESENT_DISCHARGE_PERCENTAGE'
 'PROJECTED_DISCHARGE_PERCENTAGE']. At least one non-missing value is needed for imputation with strategy='median'.
  warnings.warn(
/work/GRDVULN/correction/.venv/lib64/python3.11/site-packages/sklearn/impute/_base.py:647: UserWarning: Skipping features without any observed values: ['FACILITY_ID' 'STATE_CODE_y' 'DISCHARGES_TO']. At least one non-missing value is needed for imputation with strategy='constant'.
  warnings.warn(
/work/GRDVULN/correction/.venv/lib64/python3.11/site-packages/sklearn/impute/_base.py:647: UserWarning: Skipping features without any observed values: ['FACILITY_ID' 'STATE_CODE_y' 'DISCHARGES_TO']. At least one non-missing value is needed for imputation with strategy='constant'.
  warnings.warn(
/work/GRDVULN/correction/.venv/lib64/python3.11/site-packages/sklearn/impute/_base.py:647: UserWarning: Skipping features without any observed values: ['FACILITY_ID' 'STATE_CODE_y' 'DISCHARGES_TO']. At least one non-missing value is needed for imputation with strategy='constant'.
  warnings.warn(
/work/GRDVULN/correction/.venv/lib64/python3.11/site-packages/sklearn/impute/_base.py:647: UserWarning: Skipping features without any observed values: ['DISCHARGE_TYPE' 'PRESENT_DISCHARGE_PERCENTAGE'
 'PROJECTED_DISCHARGE_PERCENTAGE']. At least one non-missing value is needed for imputation with strategy='median'.
  warnings.warn(
/work/GRDVULN/correction/.venv/lib64/python3.11/site-packages/sklearn/impute/_base.py:647: UserWarning: Skipping features without any observed values: ['FACILITY_ID' 'STATE_CODE_y' 'DISCHARGES_TO']. At least one non-missing value is needed for imputation with strategy='constant'.
  warnings.warn(
/work/GRDVULN/correction/.venv/lib64/python3.11/site-packages/sklearn/impute/_base.py:647: UserWarning: Skipping features without any observed values: ['DISCHARGE_TYPE' 'PRESENT_DISCHARGE_PERCENTAGE'
 'PROJECTED_DISCHARGE_PERCENTAGE']. At least one non-missing value is needed for imputation with strategy='median'.
  warnings.warn(
/work/GRDVULN/correction/.venv/lib64/python3.11/site-packages/sklearn/impute/_base.py:647: UserWarning: Skipping features without any observed values: ['DISCHARGE_TYPE' 'PRESENT_DISCHARGE_PERCENTAGE'
 'PROJECTED_DISCHARGE_PERCENTAGE']. At least one non-missing value is needed for imputation with strategy='median'.
  warnings.warn(
/work/GRDVULN/correction/.venv/lib64/python3.11/site-packages/sklearn/impute/_base.py:647: UserWarning: Skipping features without any observed values: ['DISCHARGE_TYPE' 'PRESENT_DISCHARGE_PERCENTAGE'
 'PROJECTED_DISCHARGE_PERCENTAGE']. At least one non-missing value is needed for imputation with strategy='median'.
  warnings.warn(
/work/GRDVULN/correction/.venv/lib64/python3.11/site-packages/sklearn/impute/_base.py:647: UserWarning: Skipping features without any observed values: ['FACILITY_ID' 'STATE_CODE_y' 'DISCHARGES_TO']. At least one non-missing value is needed for imputation with strategy='constant'.
  warnings.warn(
/work/GRDVULN/correction/.venv/lib64/python3.11/site-packages/sklearn/impute/_base.py:647: UserWarning: Skipping features without any observed values: ['FACILITY_ID' 'STATE_CODE_y' 'DISCHARGES_TO']. At least one non-missing value is needed for imputation with strategy='constant'.
  warnings.warn(
/work/GRDVULN/correction/.venv/lib64/python3.11/site-packages/sklearn/impute/_base.py:647: UserWarning: Skipping features without any observed values: ['DISCHARGE_TYPE' 'PRESENT_DISCHARGE_PERCENTAGE'
 'PROJECTED_DISCHARGE_PERCENTAGE']. At least one non-missing value is needed for imputation with strategy='median'.
  warnings.warn(
/work/GRDVULN/correction/.venv/lib64/python3.11/site-packages/sklearn/impute/_base.py:647: UserWarning: Skipping features without any observed values: ['DISCHARGE_TYPE' 'PRESENT_DISCHARGE_PERCENTAGE'
 'PROJECTED_DISCHARGE_PERCENTAGE']. At least one non-missing value is needed for imputation with strategy='median'.
  warnings.warn(
/work/GRDVULN/correction/.venv/lib64/python3.11/site-packages/sklearn/impute/_base.py:647: UserWarning: Skipping features without any observed values: ['FACILITY_ID' 'STATE_CODE_y' 'DISCHARGES_TO']. At least one non-missing value is needed for imputation with strategy='constant'.
  warnings.warn(
/work/GRDVULN/correction/.venv/lib64/python3.11/site-packages/sklearn/impute/_base.py:647: UserWarning: Skipping features without any observed values: ['FACILITY_ID' 'STATE_CODE_y' 'DISCHARGES_TO']. At least one non-missing value is needed for imputation with strategy='constant'.
  warnings.warn(
/work/GRDVULN/correction/.venv/lib64/python3.11/site-packages/sklearn/impute/_base.py:647: UserWarning: Skipping features without any observed values: ['DISCHARGE_TYPE' 'PRESENT_DISCHARGE_PERCENTAGE'
 'PROJECTED_DISCHARGE_PERCENTAGE']. At least one non-missing value is needed for imputation with strategy='median'.
  warnings.warn(
/work/GRDVULN/correction/.venv/lib64/python3.11/site-packages/sklearn/impute/_base.py:647: UserWarning: Skipping features without any observed values: ['DISCHARGE_TYPE' 'PRESENT_DISCHARGE_PERCENTAGE'
 'PROJECTED_DISCHARGE_PERCENTAGE']. At least one non-missing value is needed for imputation with strategy='median'.
  warnings.warn(
/work/GRDVULN/correction/.venv/lib64/python3.11/site-packages/sklearn/impute/_base.py:647: UserWarning: Skipping features without any observed values: ['FACILITY_ID' 'STATE_CODE_y' 'DISCHARGES_TO']. At least one non-missing value is needed for imputation with strategy='constant'.
  warnings.warn(
/work/GRDVULN/correction/.venv/lib64/python3.11/site-packages/sklearn/impute/_base.py:647: UserWarning: Skipping features without any observed values: ['FACILITY_ID' 'STATE_CODE_y' 'DISCHARGES_TO']. At least one non-missing value is needed for imputation with strategy='constant'.
  warnings.warn(
/work/GRDVULN/correction/.venv/lib64/python3.11/site-packages/sklearn/impute/_base.py:647: UserWarning: Skipping features without any observed values: ['DISCHARGE_TYPE' 'PRESENT_DISCHARGE_PERCENTAGE'
 'PROJECTED_DISCHARGE_PERCENTAGE']. At least one non-missing value is needed for imputation with strategy='median'.
  warnings.warn(
/work/GRDVULN/correction/.venv/lib64/python3.11/site-packages/sklearn/impute/_base.py:647: UserWarning: Skipping features without any observed values: ['DISCHARGE_TYPE' 'PRESENT_DISCHARGE_PERCENTAGE'
 'PROJECTED_DISCHARGE_PERCENTAGE']. At least one non-missing value is needed for imputation with strategy='median'.
  warnings.warn(
/work/GRDVULN/correction/.venv/lib64/python3.11/site-packages/sklearn/impute/_base.py:647: UserWarning: Skipping features without any observed values: ['FACILITY_ID' 'STATE_CODE_y' 'DISCHARGES_TO']. At least one non-missing value is needed for imputation with strategy='constant'.
  warnings.warn(
/work/GRDVULN/correction/.venv/lib64/python3.11/site-packages/sklearn/impute/_base.py:647: UserWarning: Skipping features without any observed values: ['FACILITY_ID' 'STATE_CODE_y' 'DISCHARGES_TO']. At least one non-missing value is needed for imputation with strategy='constant'.
  warnings.warn(
/work/GRDVULN/correction/.venv/lib64/python3.11/site-packages/sklearn/impute/_base.py:647: UserWarning: Skipping features without any observed values: ['DISCHARGE_TYPE' 'PRESENT_DISCHARGE_PERCENTAGE'
 'PROJECTED_DISCHARGE_PERCENTAGE']. At least one non-missing value is needed for imputation with strategy='median'.
  warnings.warn(
/work/GRDVULN/correction/.venv/lib64/python3.11/site-packages/sklearn/impute/_base.py:647: UserWarning: Skipping features without any observed values: ['DISCHARGE_TYPE' 'PRESENT_DISCHARGE_PERCENTAGE'
 'PROJECTED_DISCHARGE_PERCENTAGE']. At least one non-missing value is needed for imputation with strategy='median'.
  warnings.warn(
/work/GRDVULN/correction/.venv/lib64/python3.11/site-packages/sklearn/impute/_base.py:647: UserWarning: Skipping features without any observed values: ['FACILITY_ID' 'STATE_CODE_y' 'DISCHARGES_TO']. At least one non-missing value is needed for imputation with strategy='constant'.
  warnings.warn(
/work/GRDVULN/correction/.venv/lib64/python3.11/site-packages/sklearn/impute/_base.py:647: UserWarning: Skipping features without any observed values: ['DISCHARGE_TYPE' 'PRESENT_DISCHARGE_PERCENTAGE'
 'PROJECTED_DISCHARGE_PERCENTAGE']. At least one non-missing value is needed for imputation with strategy='median'.
  warnings.warn(
/work/GRDVULN/correction/.venv/lib64/python3.11/site-packages/sklearn/impute/_base.py:647: UserWarning: Skipping features without any observed values: ['FACILITY_ID' 'STATE_CODE_y' 'DISCHARGES_TO']. At least one non-missing value is needed for imputation with strategy='constant'.
  warnings.warn(
/work/GRDVULN/correction/.venv/lib64/python3.11/site-packages/sklearn/impute/_base.py:647: UserWarning: Skipping features without any observed values: ['FACILITY_ID' 'STATE_CODE_y' 'DISCHARGES_TO']. At least one non-missing value is needed for imputation with strategy='constant'.
  warnings.warn(
/work/GRDVULN/correction/.venv/lib64/python3.11/site-packages/sklearn/impute/_base.py:647: UserWarning: Skipping features without any observed values: ['DISCHARGE_TYPE' 'PRESENT_DISCHARGE_PERCENTAGE'
 'PROJECTED_DISCHARGE_PERCENTAGE']. At least one non-missing value is needed for imputation with strategy='median'.
  warnings.warn(
/work/GRDVULN/correction/.venv/lib64/python3.11/site-packages/sklearn/impute/_base.py:647: UserWarning: Skipping features without any observed values: ['DISCHARGE_TYPE' 'PRESENT_DISCHARGE_PERCENTAGE'
 'PROJECTED_DISCHARGE_PERCENTAGE']. At least one non-missing value is needed for imputation with strategy='median'.
  warnings.warn(
/work/GRDVULN/correction/.venv/lib64/python3.11/site-packages/sklearn/impute/_base.py:647: UserWarning: Skipping features without any observed values: ['FACILITY_ID' 'STATE_CODE_y' 'DISCHARGES_TO']. At least one non-missing value is needed for imputation with strategy='constant'.
  warnings.warn(
/work/GRDVULN/correction/.venv/lib64/python3.11/site-packages/sklearn/impute/_base.py:647: UserWarning: Skipping features without any observed values: ['DISCHARGE_TYPE' 'PRESENT_DISCHARGE_PERCENTAGE'
 'PROJECTED_DISCHARGE_PERCENTAGE']. At least one non-missing value is needed for imputation with strategy='median'.
  warnings.warn(
/work/GRDVULN/correction/.venv/lib64/python3.11/site-packages/sklearn/impute/_base.py:647: UserWarning: Skipping features without any observed values: ['FACILITY_ID' 'STATE_CODE_y' 'DISCHARGES_TO']. At least one non-missing value is needed for imputation with strategy='constant'.
  warnings.warn(
/work/GRDVULN/correction/.venv/lib64/python3.11/site-packages/sklearn/impute/_base.py:647: UserWarning: Skipping features without any observed values: ['DISCHARGE_TYPE' 'PRESENT_DISCHARGE_PERCENTAGE'
 'PROJECTED_DISCHARGE_PERCENTAGE']. At least one non-missing value is needed for imputation with strategy='median'.
  warnings.warn(
/work/GRDVULN/correction/.venv/lib64/python3.11/site-packages/sklearn/impute/_base.py:647: UserWarning: Skipping features without any observed values: ['FACILITY_ID' 'STATE_CODE_y' 'DISCHARGES_TO']. At least one non-missing value is needed for imputation with strategy='constant'.
  warnings.warn(
/work/GRDVULN/correction/.venv/lib64/python3.11/site-packages/sklearn/impute/_base.py:647: UserWarning: Skipping features without any observed values: ['FACILITY_ID' 'STATE_CODE_y' 'DISCHARGES_TO']. At least one non-missing value is needed for imputation with strategy='constant'.
  warnings.warn(
/work/GRDVULN/correction/.venv/lib64/python3.11/site-packages/sklearn/impute/_base.py:647: UserWarning: Skipping features without any observed values: ['DISCHARGE_TYPE' 'PRESENT_DISCHARGE_PERCENTAGE'
 'PROJECTED_DISCHARGE_PERCENTAGE']. At least one non-missing value is needed for imputation with strategy='median'.
  warnings.warn(
/work/GRDVULN/correction/.venv/lib64/python3.11/site-packages/sklearn/impute/_base.py:647: UserWarning: Skipping features without any observed values: ['FACILITY_ID' 'STATE_CODE_y' 'DISCHARGES_TO']. At least one non-missing value is needed for imputation with strategy='constant'.
  warnings.warn(
/work/GRDVULN/correction/.venv/lib64/python3.11/site-packages/sklearn/impute/_base.py:647: UserWarning: Skipping features without any observed values: ['FACILITY_ID' 'STATE_CODE_y' 'DISCHARGES_TO']. At least one non-missing value is needed for imputation with strategy='constant'.
  warnings.warn(
/work/GRDVULN/correction/.venv/lib64/python3.11/site-packages/sklearn/impute/_base.py:647: UserWarning: Skipping features without any observed values: ['DISCHARGE_TYPE' 'PRESENT_DISCHARGE_PERCENTAGE'
 'PROJECTED_DISCHARGE_PERCENTAGE']. At least one non-missing value is needed for imputation with strategy='median'.
  warnings.warn(
/work/GRDVULN/correction/.venv/lib64/python3.11/site-packages/sklearn/impute/_base.py:647: UserWarning: Skipping features without any observed values: ['DISCHARGE_TYPE' 'PRESENT_DISCHARGE_PERCENTAGE'
 'PROJECTED_DISCHARGE_PERCENTAGE']. At least one non-missing value is needed for imputation with strategy='median'.
  warnings.warn(
/work/GRDVULN/correction/.venv/lib64/python3.11/site-packages/sklearn/impute/_base.py:647: UserWarning: Skipping features without any observed values: ['DISCHARGE_TYPE' 'PRESENT_DISCHARGE_PERCENTAGE'
 'PROJECTED_DISCHARGE_PERCENTAGE']. At least one non-missing value is needed for imputation with strategy='median'.
  warnings.warn(
/work/GRDVULN/correction/.venv/lib64/python3.11/site-packages/sklearn/impute/_base.py:647: UserWarning: Skipping features without any observed values: ['FACILITY_ID' 'STATE_CODE_y' 'DISCHARGES_TO']. At least one non-missing value is needed for imputation with strategy='constant'.
  warnings.warn(
/work/GRDVULN/correction/.venv/lib64/python3.11/site-packages/sklearn/impute/_base.py:647: UserWarning: Skipping features without any observed values: ['FACILITY_ID' 'STATE_CODE_y' 'DISCHARGES_TO']. At least one non-missing value is needed for imputation with strategy='constant'.
  warnings.warn(
/work/GRDVULN/correction/.venv/lib64/python3.11/site-packages/sklearn/impute/_base.py:647: UserWarning: Skipping features without any observed values: ['DISCHARGE_TYPE' 'PRESENT_DISCHARGE_PERCENTAGE'
 'PROJECTED_DISCHARGE_PERCENTAGE']. At least one non-missing value is needed for imputation with strategy='median'.
  warnings.warn(
/work/GRDVULN/correction/.venv/lib64/python3.11/site-packages/sklearn/impute/_base.py:647: UserWarning: Skipping features without any observed values: ['FACILITY_ID' 'STATE_CODE_y' 'DISCHARGES_TO']. At least one non-missing value is needed for imputation with strategy='constant'.
  warnings.warn(
/work/GRDVULN/correction/.venv/lib64/python3.11/site-packages/sklearn/impute/_base.py:647: UserWarning: Skipping features without any observed values: ['FACILITY_ID' 'STATE_CODE_y' 'DISCHARGES_TO']. At least one non-missing value is needed for imputation with strategy='constant'.
  warnings.warn(
/work/GRDVULN/correction/.venv/lib64/python3.11/site-packages/sklearn/impute/_base.py:647: UserWarning: Skipping features without any observed values: ['DISCHARGE_TYPE' 'PRESENT_DISCHARGE_PERCENTAGE'
 'PROJECTED_DISCHARGE_PERCENTAGE']. At least one non-missing value is needed for imputation with strategy='median'.
  warnings.warn(
/work/GRDVULN/correction/.venv/lib64/python3.11/site-packages/sklearn/impute/_base.py:647: UserWarning: Skipping features without any observed values: ['FACILITY_ID' 'STATE_CODE_y' 'DISCHARGES_TO']. At least one non-missing value is needed for imputation with strategy='constant'.
  warnings.warn(
/work/GRDVULN/correction/.venv/lib64/python3.11/site-packages/sklearn/impute/_base.py:647: UserWarning: Skipping features without any observed values: ['DISCHARGE_TYPE' 'PRESENT_DISCHARGE_PERCENTAGE'
 'PROJECTED_DISCHARGE_PERCENTAGE']. At least one non-missing value is needed for imputation with strategy='median'.
  warnings.warn(
/work/GRDVULN/correction/.venv/lib64/python3.11/site-packages/sklearn/impute/_base.py:647: UserWarning: Skipping features without any observed values: ['DISCHARGE_TYPE' 'PRESENT_DISCHARGE_PERCENTAGE'
 'PROJECTED_DISCHARGE_PERCENTAGE']. At least one non-missing value is needed for imputation with strategy='median'.
  warnings.warn(
/work/GRDVULN/correction/.venv/lib64/python3.11/site-packages/sklearn/impute/_base.py:647: UserWarning: Skipping features without any observed values: ['DISCHARGE_TYPE' 'PRESENT_DISCHARGE_PERCENTAGE'
 'PROJECTED_DISCHARGE_PERCENTAGE']. At least one non-missing value is needed for imputation with strategy='median'.
  warnings.warn(
/work/GRDVULN/correction/.venv/lib64/python3.11/site-packages/sklearn/impute/_base.py:647: UserWarning: Skipping features without any observed values: ['FACILITY_ID' 'STATE_CODE_y' 'DISCHARGES_TO']. At least one non-missing value is needed for imputation with strategy='constant'.
  warnings.warn(
/work/GRDVULN/correction/.venv/lib64/python3.11/site-packages/sklearn/impute/_base.py:647: UserWarning: Skipping features without any observed values: ['FACILITY_ID' 'STATE_CODE_y' 'DISCHARGES_TO']. At least one non-missing value is needed for imputation with strategy='constant'.
  warnings.warn(
/work/GRDVULN/correction/.venv/lib64/python3.11/site-packages/sklearn/impute/_base.py:647: UserWarning: Skipping features without any observed values: ['FACILITY_ID' 'STATE_CODE_y' 'DISCHARGES_TO']. At least one non-missing value is needed for imputation with strategy='constant'.
  warnings.warn(
/work/GRDVULN/correction/.venv/lib64/python3.11/site-packages/sklearn/impute/_base.py:647: UserWarning: Skipping features without any observed values: ['FACILITY_ID' 'STATE_CODE_y' 'DISCHARGES_TO']. At least one non-missing value is needed for imputation with strategy='constant'.
  warnings.warn(
/work/GRDVULN/correction/.venv/lib64/python3.11/site-packages/sklearn/impute/_base.py:647: UserWarning: Skipping features without any observed values: ['DISCHARGE_TYPE' 'PRESENT_DISCHARGE_PERCENTAGE'
 'PROJECTED_DISCHARGE_PERCENTAGE']. At least one non-missing value is needed for imputation with strategy='median'.
  warnings.warn(
/work/GRDVULN/correction/.venv/lib64/python3.11/site-packages/sklearn/impute/_base.py:647: UserWarning: Skipping features without any observed values: ['DISCHARGE_TYPE' 'PRESENT_DISCHARGE_PERCENTAGE'
 'PROJECTED_DISCHARGE_PERCENTAGE']. At least one non-missing value is needed for imputation with strategy='median'.
  warnings.warn(
/work/GRDVULN/correction/.venv/lib64/python3.11/site-packages/sklearn/impute/_base.py:647: UserWarning: Skipping features without any observed values: ['DISCHARGE_TYPE' 'PRESENT_DISCHARGE_PERCENTAGE'
 'PROJECTED_DISCHARGE_PERCENTAGE']. At least one non-missing value is needed for imputation with strategy='median'.
  warnings.warn(
/work/GRDVULN/correction/.venv/lib64/python3.11/site-packages/sklearn/impute/_base.py:647: UserWarning: Skipping features without any observed values: ['DISCHARGE_TYPE' 'PRESENT_DISCHARGE_PERCENTAGE'
 'PROJECTED_DISCHARGE_PERCENTAGE']. At least one non-missing value is needed for imputation with strategy='median'.
  warnings.warn(
/work/GRDVULN/correction/.venv/lib64/python3.11/site-packages/sklearn/impute/_base.py:647: UserWarning: Skipping features without any observed values: ['FACILITY_ID' 'STATE_CODE_y' 'DISCHARGES_TO']. At least one non-missing value is needed for imputation with strategy='constant'.
  warnings.warn(
/work/GRDVULN/correction/.venv/lib64/python3.11/site-packages/sklearn/impute/_base.py:647: UserWarning: Skipping features without any observed values: ['FACILITY_ID' 'STATE_CODE_y' 'DISCHARGES_TO']. At least one non-missing value is needed for imputation with strategy='constant'.
  warnings.warn(
/work/GRDVULN/correction/.venv/lib64/python3.11/site-packages/sklearn/impute/_base.py:647: UserWarning: Skipping features without any observed values: ['FACILITY_ID' 'STATE_CODE_y' 'DISCHARGES_TO']. At least one non-missing value is needed for imputation with strategy='constant'.
  warnings.warn(
/work/GRDVULN/correction/.venv/lib64/python3.11/site-packages/sklearn/impute/_base.py:647: UserWarning: Skipping features without any observed values: ['DISCHARGE_TYPE' 'PRESENT_DISCHARGE_PERCENTAGE'
 'PROJECTED_DISCHARGE_PERCENTAGE']. At least one non-missing value is needed for imputation with strategy='median'.
  warnings.warn(
/work/GRDVULN/correction/.venv/lib64/python3.11/site-packages/sklearn/impute/_base.py:647: UserWarning: Skipping features without any observed values: ['DISCHARGE_TYPE' 'PRESENT_DISCHARGE_PERCENTAGE'
 'PROJECTED_DISCHARGE_PERCENTAGE']. At least one non-missing value is needed for imputation with strategy='median'.
  warnings.warn(
/work/GRDVULN/correction/.venv/lib64/python3.11/site-packages/sklearn/impute/_base.py:647: UserWarning: Skipping features without any observed values: ['DISCHARGE_TYPE' 'PRESENT_DISCHARGE_PERCENTAGE'
 'PROJECTED_DISCHARGE_PERCENTAGE']. At least one non-missing value is needed for imputation with strategy='median'.
  warnings.warn(
/work/GRDVULN/correction/.venv/lib64/python3.11/site-packages/sklearn/impute/_base.py:647: UserWarning: Skipping features without any observed values: ['FACILITY_ID' 'STATE_CODE_y' 'DISCHARGES_TO']. At least one non-missing value is needed for imputation with strategy='constant'.
  warnings.warn(
/work/GRDVULN/correction/.venv/lib64/python3.11/site-packages/sklearn/impute/_base.py:647: UserWarning: Skipping features without any observed values: ['DISCHARGE_TYPE' 'PRESENT_DISCHARGE_PERCENTAGE'
 'PROJECTED_DISCHARGE_PERCENTAGE']. At least one non-missing value is needed for imputation with strategy='median'.
  warnings.warn(
/work/GRDVULN/correction/.venv/lib64/python3.11/site-packages/sklearn/impute/_base.py:647: UserWarning: Skipping features without any observed values: ['FACILITY_ID' 'STATE_CODE_y' 'DISCHARGES_TO']. At least one non-missing value is needed for imputation with strategy='constant'.
  warnings.warn(
/work/GRDVULN/correction/.venv/lib64/python3.11/site-packages/sklearn/impute/_base.py:647: UserWarning: Skipping features without any observed values: ['DISCHARGE_TYPE' 'PRESENT_DISCHARGE_PERCENTAGE'
 'PROJECTED_DISCHARGE_PERCENTAGE']. At least one non-missing value is needed for imputation with strategy='median'.
  warnings.warn(
/work/GRDVULN/correction/.venv/lib64/python3.11/site-packages/sklearn/impute/_base.py:647: UserWarning: Skipping features without any observed values: ['FACILITY_ID' 'STATE_CODE_y' 'DISCHARGES_TO']. At least one non-missing value is needed for imputation with strategy='constant'.
  warnings.warn(
/work/GRDVULN/correction/.venv/lib64/python3.11/site-packages/sklearn/impute/_base.py:647: UserWarning: Skipping features without any observed values: ['DISCHARGE_TYPE' 'PRESENT_DISCHARGE_PERCENTAGE'
 'PROJECTED_DISCHARGE_PERCENTAGE']. At least one non-missing value is needed for imputation with strategy='median'.
  warnings.warn(
/work/GRDVULN/correction/.venv/lib64/python3.11/site-packages/sklearn/impute/_base.py:647: UserWarning: Skipping features without any observed values: ['FACILITY_ID' 'STATE_CODE_y' 'DISCHARGES_TO']. At least one non-missing value is needed for imputation with strategy='constant'.
  warnings.warn(
/work/GRDVULN/correction/.venv/lib64/python3.11/site-packages/sklearn/impute/_base.py:647: UserWarning: Skipping features without any observed values: ['FACILITY_ID' 'STATE_CODE_y' 'DISCHARGES_TO']. At least one non-missing value is needed for imputation with strategy='constant'.
  warnings.warn(
/work/GRDVULN/correction/.venv/lib64/python3.11/site-packages/sklearn/impute/_base.py:647: UserWarning: Skipping features without any observed values: ['DISCHARGE_TYPE' 'PRESENT_DISCHARGE_PERCENTAGE'
 'PROJECTED_DISCHARGE_PERCENTAGE']. At least one non-missing value is needed for imputation with strategy='median'.
  warnings.warn(
/work/GRDVULN/correction/.venv/lib64/python3.11/site-packages/sklearn/impute/_base.py:647: UserWarning: Skipping features without any observed values: ['FACILITY_ID' 'STATE_CODE_y' 'DISCHARGES_TO']. At least one non-missing value is needed for imputation with strategy='constant'.
  warnings.warn(
/work/GRDVULN/correction/.venv/lib64/python3.11/site-packages/sklearn/impute/_base.py:647: UserWarning: Skipping features without any observed values: ['DISCHARGE_TYPE' 'PRESENT_DISCHARGE_PERCENTAGE'
 'PROJECTED_DISCHARGE_PERCENTAGE']. At least one non-missing value is needed for imputation with strategy='median'.
  warnings.warn(
/work/GRDVULN/correction/.venv/lib64/python3.11/site-packages/sklearn/impute/_base.py:647: UserWarning: Skipping features without any observed values: ['DISCHARGE_TYPE' 'PRESENT_DISCHARGE_PERCENTAGE'
 'PROJECTED_DISCHARGE_PERCENTAGE']. At least one non-missing value is needed for imputation with strategy='median'.
  warnings.warn(
/work/GRDVULN/correction/.venv/lib64/python3.11/site-packages/sklearn/impute/_base.py:647: UserWarning: Skipping features without any observed values: ['FACILITY_ID' 'STATE_CODE_y' 'DISCHARGES_TO']. At least one non-missing value is needed for imputation with strategy='constant'.
  warnings.warn(
/work/GRDVULN/correction/.venv/lib64/python3.11/site-packages/sklearn/impute/_base.py:647: UserWarning: Skipping features without any observed values: ['FACILITY_ID' 'STATE_CODE_y' 'DISCHARGES_TO']. At least one non-missing value is needed for imputation with strategy='constant'.
  warnings.warn(
/work/GRDVULN/correction/.venv/lib64/python3.11/site-packages/sklearn/impute/_base.py:647: UserWarning: Skipping features without any observed values: ['DISCHARGE_TYPE' 'PRESENT_DISCHARGE_PERCENTAGE'
 'PROJECTED_DISCHARGE_PERCENTAGE']. At least one non-missing value is needed for imputation with strategy='median'.
  warnings.warn(
/work/GRDVULN/correction/.venv/lib64/python3.11/site-packages/sklearn/impute/_base.py:647: UserWarning: Skipping features without any observed values: ['DISCHARGE_TYPE' 'PRESENT_DISCHARGE_PERCENTAGE'
 'PROJECTED_DISCHARGE_PERCENTAGE']. At least one non-missing value is needed for imputation with strategy='median'.
  warnings.warn(
/work/GRDVULN/correction/.venv/lib64/python3.11/site-packages/sklearn/impute/_base.py:647: UserWarning: Skipping features without any observed values: ['FACILITY_ID' 'STATE_CODE_y' 'DISCHARGES_TO']. At least one non-missing value is needed for imputation with strategy='constant'.
  warnings.warn(
/work/GRDVULN/correction/.venv/lib64/python3.11/site-packages/sklearn/impute/_base.py:647: UserWarning: Skipping features without any observed values: ['FACILITY_ID' 'STATE_CODE_y' 'DISCHARGES_TO']. At least one non-missing value is needed for imputation with strategy='constant'.
  warnings.warn(
/work/GRDVULN/correction/.venv/lib64/python3.11/site-packages/sklearn/impute/_base.py:647: UserWarning: Skipping features without any observed values: ['FACILITY_ID' 'STATE_CODE_y' 'DISCHARGES_TO']. At least one non-missing value is needed for imputation with strategy='constant'.
  warnings.warn(
/work/GRDVULN/correction/.venv/lib64/python3.11/site-packages/sklearn/impute/_base.py:647: UserWarning: Skipping features without any observed values: ['DISCHARGE_TYPE' 'PRESENT_DISCHARGE_PERCENTAGE'
 'PROJECTED_DISCHARGE_PERCENTAGE']. At least one non-missing value is needed for imputation with strategy='median'.
  warnings.warn(
/work/GRDVULN/correction/.venv/lib64/python3.11/site-packages/sklearn/impute/_base.py:647: UserWarning: Skipping features without any observed values: ['DISCHARGE_TYPE' 'PRESENT_DISCHARGE_PERCENTAGE'
 'PROJECTED_DISCHARGE_PERCENTAGE']. At least one non-missing value is needed for imputation with strategy='median'.
  warnings.warn(
/work/GRDVULN/correction/.venv/lib64/python3.11/site-packages/sklearn/impute/_base.py:647: UserWarning: Skipping features without any observed values: ['DISCHARGE_TYPE' 'PRESENT_DISCHARGE_PERCENTAGE'
 'PROJECTED_DISCHARGE_PERCENTAGE']. At least one non-missing value is needed for imputation with strategy='median'.
  warnings.warn(
/work/GRDVULN/correction/.venv/lib64/python3.11/site-packages/sklearn/impute/_base.py:647: UserWarning: Skipping features without any observed values: ['FACILITY_ID' 'STATE_CODE_y' 'DISCHARGES_TO']. At least one non-missing value is needed for imputation with strategy='constant'.
  warnings.warn(
/work/GRDVULN/correction/.venv/lib64/python3.11/site-packages/sklearn/impute/_base.py:647: UserWarning: Skipping features without any observed values: ['FACILITY_ID' 'STATE_CODE_y' 'DISCHARGES_TO']. At least one non-missing value is needed for imputation with strategy='constant'.
  warnings.warn(
/work/GRDVULN/correction/.venv/lib64/python3.11/site-packages/sklearn/impute/_base.py:647: UserWarning: Skipping features without any observed values: ['DISCHARGE_TYPE' 'PRESENT_DISCHARGE_PERCENTAGE'
 'PROJECTED_DISCHARGE_PERCENTAGE']. At least one non-missing value is needed for imputation with strategy='median'.
  warnings.warn(
/work/GRDVULN/correction/.venv/lib64/python3.11/site-packages/sklearn/impute/_base.py:647: UserWarning: Skipping features without any observed values: ['FACILITY_ID' 'STATE_CODE_y' 'DISCHARGES_TO']. At least one non-missing value is needed for imputation with strategy='constant'.
  warnings.warn(
/work/GRDVULN/correction/.venv/lib64/python3.11/site-packages/sklearn/impute/_base.py:647: UserWarning: Skipping features without any observed values: ['DISCHARGE_TYPE' 'PRESENT_DISCHARGE_PERCENTAGE'
 'PROJECTED_DISCHARGE_PERCENTAGE']. At least one non-missing value is needed for imputation with strategy='median'.
  warnings.warn(
/work/GRDVULN/correction/.venv/lib64/python3.11/site-packages/sklearn/impute/_base.py:647: UserWarning: Skipping features without any observed values: ['FACILITY_ID' 'STATE_CODE_y' 'DISCHARGES_TO']. At least one non-missing value is needed for imputation with strategy='constant'.
  warnings.warn(
/work/GRDVULN/correction/.venv/lib64/python3.11/site-packages/sklearn/impute/_base.py:647: UserWarning: Skipping features without any observed values: ['FACILITY_ID' 'STATE_CODE_y' 'DISCHARGES_TO']. At least one non-missing value is needed for imputation with strategy='constant'.
  warnings.warn(
/work/GRDVULN/correction/.venv/lib64/python3.11/site-packages/sklearn/impute/_base.py:647: UserWarning: Skipping features without any observed values: ['DISCHARGE_TYPE' 'PRESENT_DISCHARGE_PERCENTAGE'
 'PROJECTED_DISCHARGE_PERCENTAGE']. At least one non-missing value is needed for imputation with strategy='median'.
  warnings.warn(
/work/GRDVULN/correction/.venv/lib64/python3.11/site-packages/sklearn/impute/_base.py:647: UserWarning: Skipping features without any observed values: ['DISCHARGE_TYPE' 'PRESENT_DISCHARGE_PERCENTAGE'
 'PROJECTED_DISCHARGE_PERCENTAGE']. At least one non-missing value is needed for imputation with strategy='median'.
  warnings.warn(
/work/GRDVULN/correction/.venv/lib64/python3.11/site-packages/sklearn/impute/_base.py:647: UserWarning: Skipping features without any observed values: ['DISCHARGE_TYPE' 'PRESENT_DISCHARGE_PERCENTAGE'
 'PROJECTED_DISCHARGE_PERCENTAGE']. At least one non-missing value is needed for imputation with strategy='median'.
  warnings.warn(
/work/GRDVULN/correction/.venv/lib64/python3.11/site-packages/sklearn/impute/_base.py:647: UserWarning: Skipping features without any observed values: ['FACILITY_ID' 'STATE_CODE_y' 'DISCHARGES_TO']. At least one non-missing value is needed for imputation with strategy='constant'.
  warnings.warn(
/work/GRDVULN/correction/.venv/lib64/python3.11/site-packages/sklearn/impute/_base.py:647: UserWarning: Skipping features without any observed values: ['DISCHARGE_TYPE' 'PRESENT_DISCHARGE_PERCENTAGE'
 'PROJECTED_DISCHARGE_PERCENTAGE']. At least one non-missing value is needed for imputation with strategy='median'.
  warnings.warn(
/work/GRDVULN/correction/.venv/lib64/python3.11/site-packages/sklearn/impute/_base.py:647: UserWarning: Skipping features without any observed values: ['FACILITY_ID' 'STATE_CODE_y' 'DISCHARGES_TO']. At least one non-missing value is needed for imputation with strategy='constant'.
  warnings.warn(
/work/GRDVULN/correction/.venv/lib64/python3.11/site-packages/sklearn/impute/_base.py:647: UserWarning: Skipping features without any observed values: ['DISCHARGE_TYPE' 'PRESENT_DISCHARGE_PERCENTAGE'
 'PROJECTED_DISCHARGE_PERCENTAGE']. At least one non-missing value is needed for imputation with strategy='median'.
  warnings.warn(
/work/GRDVULN/correction/.venv/lib64/python3.11/site-packages/sklearn/impute/_base.py:647: UserWarning: Skipping features without any observed values: ['FACILITY_ID' 'STATE_CODE_y' 'DISCHARGES_TO']. At least one non-missing value is needed for imputation with strategy='constant'.
  warnings.warn(
/work/GRDVULN/correction/.venv/lib64/python3.11/site-packages/sklearn/impute/_base.py:647: UserWarning: Skipping features without any observed values: ['FACILITY_ID' 'STATE_CODE_y' 'DISCHARGES_TO']. At least one non-missing value is needed for imputation with strategy='constant'.
  warnings.warn(
/work/GRDVULN/correction/.venv/lib64/python3.11/site-packages/sklearn/impute/_base.py:647: UserWarning: Skipping features without any observed values: ['DISCHARGE_TYPE' 'PRESENT_DISCHARGE_PERCENTAGE'
 'PROJECTED_DISCHARGE_PERCENTAGE']. At least one non-missing value is needed for imputation with strategy='median'.
  warnings.warn(
/work/GRDVULN/correction/.venv/lib64/python3.11/site-packages/sklearn/impute/_base.py:647: UserWarning: Skipping features without any observed values: ['DISCHARGE_TYPE' 'PRESENT_DISCHARGE_PERCENTAGE'
 'PROJECTED_DISCHARGE_PERCENTAGE']. At least one non-missing value is needed for imputation with strategy='median'.
  warnings.warn(
/work/GRDVULN/correction/.venv/lib64/python3.11/site-packages/sklearn/impute/_base.py:647: UserWarning: Skipping features without any observed values: ['FACILITY_ID' 'STATE_CODE_y' 'DISCHARGES_TO']. At least one non-missing value is needed for imputation with strategy='constant'.
  warnings.warn(
/work/GRDVULN/correction/.venv/lib64/python3.11/site-packages/sklearn/impute/_base.py:647: UserWarning: Skipping features without any observed values: ['DISCHARGE_TYPE' 'PRESENT_DISCHARGE_PERCENTAGE'
 'PROJECTED_DISCHARGE_PERCENTAGE']. At least one non-missing value is needed for imputation with strategy='median'.
  warnings.warn(
/work/GRDVULN/correction/.venv/lib64/python3.11/site-packages/sklearn/impute/_base.py:647: UserWarning: Skipping features without any observed values: ['FACILITY_ID' 'STATE_CODE_y' 'DISCHARGES_TO']. At least one non-missing value is needed for imputation with strategy='constant'.
  warnings.warn(
/work/GRDVULN/correction/.venv/lib64/python3.11/site-packages/sklearn/impute/_base.py:647: UserWarning: Skipping features without any observed values: ['DISCHARGE_TYPE' 'PRESENT_DISCHARGE_PERCENTAGE'
 'PROJECTED_DISCHARGE_PERCENTAGE']. At least one non-missing value is needed for imputation with strategy='median'.
  warnings.warn(
/work/GRDVULN/correction/.venv/lib64/python3.11/site-packages/sklearn/impute/_base.py:647: UserWarning: Skipping features without any observed values: ['FACILITY_ID' 'STATE_CODE_y' 'DISCHARGES_TO']. At least one non-missing value is needed for imputation with strategy='constant'.
  warnings.warn(
/work/GRDVULN/correction/.venv/lib64/python3.11/site-packages/sklearn/impute/_base.py:647: UserWarning: Skipping features without any observed values: ['DISCHARGE_TYPE' 'PRESENT_DISCHARGE_PERCENTAGE'
 'PROJECTED_DISCHARGE_PERCENTAGE']. At least one non-missing value is needed for imputation with strategy='median'.
  warnings.warn(
/work/GRDVULN/correction/.venv/lib64/python3.11/site-packages/sklearn/impute/_base.py:647: UserWarning: Skipping features without any observed values: ['FACILITY_ID' 'STATE_CODE_y' 'DISCHARGES_TO']. At least one non-missing value is needed for imputation with strategy='constant'.
  warnings.warn(
/work/GRDVULN/correction/.venv/lib64/python3.11/site-packages/sklearn/impute/_base.py:647: UserWarning: Skipping features without any observed values: ['FACILITY_ID' 'STATE_CODE_y' 'DISCHARGES_TO']. At least one non-missing value is needed for imputation with strategy='constant'.
  warnings.warn(
/work/GRDVULN/correction/.venv/lib64/python3.11/site-packages/sklearn/impute/_base.py:647: UserWarning: Skipping features without any observed values: ['DISCHARGE_TYPE' 'PRESENT_DISCHARGE_PERCENTAGE'
 'PROJECTED_DISCHARGE_PERCENTAGE']. At least one non-missing value is needed for imputation with strategy='median'.
  warnings.warn(
/work/GRDVULN/correction/.venv/lib64/python3.11/site-packages/sklearn/impute/_base.py:647: UserWarning: Skipping features without any observed values: ['DISCHARGE_TYPE' 'PRESENT_DISCHARGE_PERCENTAGE'
 'PROJECTED_DISCHARGE_PERCENTAGE']. At least one non-missing value is needed for imputation with strategy='median'.
  warnings.warn(
/work/GRDVULN/correction/.venv/lib64/python3.11/site-packages/sklearn/impute/_base.py:647: UserWarning: Skipping features without any observed values: ['FACILITY_ID' 'STATE_CODE_y' 'DISCHARGES_TO']. At least one non-missing value is needed for imputation with strategy='constant'.
  warnings.warn(
/work/GRDVULN/correction/.venv/lib64/python3.11/site-packages/sklearn/impute/_base.py:647: UserWarning: Skipping features without any observed values: ['DISCHARGE_TYPE' 'PRESENT_DISCHARGE_PERCENTAGE'
 'PROJECTED_DISCHARGE_PERCENTAGE']. At least one non-missing value is needed for imputation with strategy='median'.
  warnings.warn(
/work/GRDVULN/correction/.venv/lib64/python3.11/site-packages/sklearn/impute/_base.py:647: UserWarning: Skipping features without any observed values: ['FACILITY_ID' 'STATE_CODE_y' 'DISCHARGES_TO']. At least one non-missing value is needed for imputation with strategy='constant'.
  warnings.warn(
/work/GRDVULN/correction/.venv/lib64/python3.11/site-packages/sklearn/impute/_base.py:647: UserWarning: Skipping features without any observed values: ['FACILITY_ID' 'STATE_CODE_y' 'DISCHARGES_TO']. At least one non-missing value is needed for imputation with strategy='constant'.
  warnings.warn(
/work/GRDVULN/correction/.venv/lib64/python3.11/site-packages/sklearn/impute/_base.py:647: UserWarning: Skipping features without any observed values: ['DISCHARGE_TYPE' 'PRESENT_DISCHARGE_PERCENTAGE'
 'PROJECTED_DISCHARGE_PERCENTAGE']. At least one non-missing value is needed for imputation with strategy='median'.
  warnings.warn(
/work/GRDVULN/correction/.venv/lib64/python3.11/site-packages/sklearn/impute/_base.py:647: UserWarning: Skipping features without any observed values: ['DISCHARGE_TYPE' 'PRESENT_DISCHARGE_PERCENTAGE'
 'PROJECTED_DISCHARGE_PERCENTAGE']. At least one non-missing value is needed for imputation with strategy='median'.
  warnings.warn(
/work/GRDVULN/correction/.venv/lib64/python3.11/site-packages/sklearn/impute/_base.py:647: UserWarning: Skipping features without any observed values: ['FACILITY_ID' 'STATE_CODE_y' 'DISCHARGES_TO']. At least one non-missing value is needed for imputation with strategy='constant'.
  warnings.warn(
/work/GRDVULN/correction/.venv/lib64/python3.11/site-packages/sklearn/impute/_base.py:647: UserWarning: Skipping features without any observed values: ['DISCHARGE_TYPE' 'PRESENT_DISCHARGE_PERCENTAGE'
 'PROJECTED_DISCHARGE_PERCENTAGE']. At least one non-missing value is needed for imputation with strategy='median'.
  warnings.warn(
/work/GRDVULN/correction/.venv/lib64/python3.11/site-packages/sklearn/impute/_base.py:647: UserWarning: Skipping features without any observed values: ['FACILITY_ID' 'STATE_CODE_y' 'DISCHARGES_TO']. At least one non-missing value is needed for imputation with strategy='constant'.
  warnings.warn(
/work/GRDVULN/correction/.venv/lib64/python3.11/site-packages/sklearn/impute/_base.py:647: UserWarning: Skipping features without any observed values: ['DISCHARGE_TYPE' 'PRESENT_DISCHARGE_PERCENTAGE'
 'PROJECTED_DISCHARGE_PERCENTAGE']. At least one non-missing value is needed for imputation with strategy='median'.
  warnings.warn(
/work/GRDVULN/correction/.venv/lib64/python3.11/site-packages/sklearn/impute/_base.py:647: UserWarning: Skipping features without any observed values: ['FACILITY_ID' 'STATE_CODE_y' 'DISCHARGES_TO']. At least one non-missing value is needed for imputation with strategy='constant'.
  warnings.warn(
/work/GRDVULN/correction/.venv/lib64/python3.11/site-packages/sklearn/impute/_base.py:647: UserWarning: Skipping features without any observed values: ['FACILITY_ID' 'STATE_CODE_y' 'DISCHARGES_TO']. At least one non-missing value is needed for imputation with strategy='constant'.
  warnings.warn(
/work/GRDVULN/correction/.venv/lib64/python3.11/site-packages/sklearn/impute/_base.py:647: UserWarning: Skipping features without any observed values: ['DISCHARGE_TYPE' 'PRESENT_DISCHARGE_PERCENTAGE'
 'PROJECTED_DISCHARGE_PERCENTAGE']. At least one non-missing value is needed for imputation with strategy='median'.
  warnings.warn(
/work/GRDVULN/correction/.venv/lib64/python3.11/site-packages/sklearn/impute/_base.py:647: UserWarning: Skipping features without any observed values: ['DISCHARGE_TYPE' 'PRESENT_DISCHARGE_PERCENTAGE'
 'PROJECTED_DISCHARGE_PERCENTAGE']. At least one non-missing value is needed for imputation with strategy='median'.
  warnings.warn(
/work/GRDVULN/correction/.venv/lib64/python3.11/site-packages/sklearn/impute/_base.py:647: UserWarning: Skipping features without any observed values: ['FACILITY_ID' 'STATE_CODE_y' 'DISCHARGES_TO']. At least one non-missing value is needed for imputation with strategy='constant'.
  warnings.warn(
/work/GRDVULN/correction/.venv/lib64/python3.11/site-packages/sklearn/impute/_base.py:647: UserWarning: Skipping features without any observed values: ['DISCHARGE_TYPE' 'PRESENT_DISCHARGE_PERCENTAGE'
 'PROJECTED_DISCHARGE_PERCENTAGE']. At least one non-missing value is needed for imputation with strategy='median'.
  warnings.warn(
/work/GRDVULN/correction/.venv/lib64/python3.11/site-packages/sklearn/impute/_base.py:647: UserWarning: Skipping features without any observed values: ['FACILITY_ID' 'STATE_CODE_y' 'DISCHARGES_TO']. At least one non-missing value is needed for imputation with strategy='constant'.
  warnings.warn(
/work/GRDVULN/correction/.venv/lib64/python3.11/site-packages/sklearn/impute/_base.py:647: UserWarning: Skipping features without any observed values: ['FACILITY_ID' 'STATE_CODE_y' 'DISCHARGES_TO']. At least one non-missing value is needed for imputation with strategy='constant'.
  warnings.warn(
/work/GRDVULN/correction/.venv/lib64/python3.11/site-packages/sklearn/impute/_base.py:647: UserWarning: Skipping features without any observed values: ['DISCHARGE_TYPE' 'PRESENT_DISCHARGE_PERCENTAGE'
 'PROJECTED_DISCHARGE_PERCENTAGE']. At least one non-missing value is needed for imputation with strategy='median'.
  warnings.warn(
/work/GRDVULN/correction/.venv/lib64/python3.11/site-packages/sklearn/impute/_base.py:647: UserWarning: Skipping features without any observed values: ['FACILITY_ID' 'STATE_CODE_y' 'DISCHARGES_TO']. At least one non-missing value is needed for imputation with strategy='constant'.
  warnings.warn(
/work/GRDVULN/correction/.venv/lib64/python3.11/site-packages/sklearn/impute/_base.py:647: UserWarning: Skipping features without any observed values: ['DISCHARGE_TYPE' 'PRESENT_DISCHARGE_PERCENTAGE'
 'PROJECTED_DISCHARGE_PERCENTAGE']. At least one non-missing value is needed for imputation with strategy='median'.
  warnings.warn(
/work/GRDVULN/correction/.venv/lib64/python3.11/site-packages/sklearn/impute/_base.py:647: UserWarning: Skipping features without any observed values: ['DISCHARGE_TYPE' 'PRESENT_DISCHARGE_PERCENTAGE'
 'PROJECTED_DISCHARGE_PERCENTAGE']. At least one non-missing value is needed for imputation with strategy='median'.
  warnings.warn(
/work/GRDVULN/correction/.venv/lib64/python3.11/site-packages/sklearn/impute/_base.py:647: UserWarning: Skipping features without any observed values: ['FACILITY_ID' 'STATE_CODE_y' 'DISCHARGES_TO']. At least one non-missing value is needed for imputation with strategy='constant'.
  warnings.warn(
/work/GRDVULN/correction/.venv/lib64/python3.11/site-packages/sklearn/impute/_base.py:647: UserWarning: Skipping features without any observed values: ['DISCHARGE_TYPE' 'PRESENT_DISCHARGE_PERCENTAGE'
 'PROJECTED_DISCHARGE_PERCENTAGE']. At least one non-missing value is needed for imputation with strategy='median'.
  warnings.warn(
/work/GRDVULN/correction/.venv/lib64/python3.11/site-packages/sklearn/impute/_base.py:647: UserWarning: Skipping features without any observed values: ['FACILITY_ID' 'STATE_CODE_y' 'DISCHARGES_TO']. At least one non-missing value is needed for imputation with strategy='constant'.
  warnings.warn(
/work/GRDVULN/correction/.venv/lib64/python3.11/site-packages/sklearn/impute/_base.py:647: UserWarning: Skipping features without any observed values: ['DISCHARGE_TYPE' 'PRESENT_DISCHARGE_PERCENTAGE'
 'PROJECTED_DISCHARGE_PERCENTAGE']. At least one non-missing value is needed for imputation with strategy='median'.
  warnings.warn(
/work/GRDVULN/correction/.venv/lib64/python3.11/site-packages/sklearn/impute/_base.py:647: UserWarning: Skipping features without any observed values: ['FACILITY_ID' 'STATE_CODE_y' 'DISCHARGES_TO']. At least one non-missing value is needed for imputation with strategy='constant'.
  warnings.warn(
/work/GRDVULN/correction/.venv/lib64/python3.11/site-packages/sklearn/impute/_base.py:647: UserWarning: Skipping features without any observed values: ['DISCHARGE_TYPE' 'PRESENT_DISCHARGE_PERCENTAGE'
 'PROJECTED_DISCHARGE_PERCENTAGE']. At least one non-missing value is needed for imputation with strategy='median'.
  warnings.warn(
/work/GRDVULN/correction/.venv/lib64/python3.11/site-packages/sklearn/impute/_base.py:647: UserWarning: Skipping features without any observed values: ['FACILITY_ID' 'STATE_CODE_y' 'DISCHARGES_TO']. At least one non-missing value is needed for imputation with strategy='constant'.
  warnings.warn(
/work/GRDVULN/correction/.venv/lib64/python3.11/site-packages/sklearn/impute/_base.py:647: UserWarning: Skipping features without any observed values: ['FACILITY_ID' 'STATE_CODE_y' 'DISCHARGES_TO']. At least one non-missing value is needed for imputation with strategy='constant'.
  warnings.warn(
/work/GRDVULN/correction/.venv/lib64/python3.11/site-packages/sklearn/impute/_base.py:647: UserWarning: Skipping features without any observed values: ['DISCHARGE_TYPE' 'PRESENT_DISCHARGE_PERCENTAGE'
 'PROJECTED_DISCHARGE_PERCENTAGE']. At least one non-missing value is needed for imputation with strategy='median'.
  warnings.warn(
/work/GRDVULN/correction/.venv/lib64/python3.11/site-packages/sklearn/impute/_base.py:647: UserWarning: Skipping features without any observed values: ['FACILITY_ID' 'STATE_CODE_y' 'DISCHARGES_TO']. At least one non-missing value is needed for imputation with strategy='constant'.
  warnings.warn(
/work/GRDVULN/correction/.venv/lib64/python3.11/site-packages/sklearn/impute/_base.py:647: UserWarning: Skipping features without any observed values: ['DISCHARGE_TYPE' 'PRESENT_DISCHARGE_PERCENTAGE'
 'PROJECTED_DISCHARGE_PERCENTAGE']. At least one non-missing value is needed for imputation with strategy='median'.
  warnings.warn(
/work/GRDVULN/correction/.venv/lib64/python3.11/site-packages/sklearn/impute/_base.py:647: UserWarning: Skipping features without any observed values: ['DISCHARGE_TYPE' 'PRESENT_DISCHARGE_PERCENTAGE'
 'PROJECTED_DISCHARGE_PERCENTAGE']. At least one non-missing value is needed for imputation with strategy='median'.
  warnings.warn(
/work/GRDVULN/correction/.venv/lib64/python3.11/site-packages/sklearn/impute/_base.py:647: UserWarning: Skipping features without any observed values: ['FACILITY_ID' 'STATE_CODE_y' 'DISCHARGES_TO']. At least one non-missing value is needed for imputation with strategy='constant'.
  warnings.warn(
/work/GRDVULN/correction/.venv/lib64/python3.11/site-packages/sklearn/impute/_base.py:647: UserWarning: Skipping features without any observed values: ['DISCHARGE_TYPE' 'PRESENT_DISCHARGE_PERCENTAGE'
 'PROJECTED_DISCHARGE_PERCENTAGE']. At least one non-missing value is needed for imputation with strategy='median'.
  warnings.warn(
/work/GRDVULN/correction/.venv/lib64/python3.11/site-packages/sklearn/impute/_base.py:647: UserWarning: Skipping features without any observed values: ['FACILITY_ID' 'STATE_CODE_y' 'DISCHARGES_TO']. At least one non-missing value is needed for imputation with strategy='constant'.
  warnings.warn(
/work/GRDVULN/correction/.venv/lib64/python3.11/site-packages/sklearn/impute/_base.py:647: UserWarning: Skipping features without any observed values: ['DISCHARGE_TYPE' 'PRESENT_DISCHARGE_PERCENTAGE'
 'PROJECTED_DISCHARGE_PERCENTAGE']. At least one non-missing value is needed for imputation with strategy='median'.
  warnings.warn(
/work/GRDVULN/correction/.venv/lib64/python3.11/site-packages/sklearn/impute/_base.py:647: UserWarning: Skipping features without any observed values: ['FACILITY_ID' 'STATE_CODE_y' 'DISCHARGES_TO']. At least one non-missing value is needed for imputation with strategy='constant'.
  warnings.warn(
/work/GRDVULN/correction/.venv/lib64/python3.11/site-packages/sklearn/impute/_base.py:647: UserWarning: Skipping features without any observed values: ['FACILITY_ID' 'STATE_CODE_y' 'DISCHARGES_TO']. At least one non-missing value is needed for imputation with strategy='constant'.
  warnings.warn(
/work/GRDVULN/correction/.venv/lib64/python3.11/site-packages/sklearn/impute/_base.py:647: UserWarning: Skipping features without any observed values: ['DISCHARGE_TYPE' 'PRESENT_DISCHARGE_PERCENTAGE'
 'PROJECTED_DISCHARGE_PERCENTAGE']. At least one non-missing value is needed for imputation with strategy='median'.
  warnings.warn(
/work/GRDVULN/correction/.venv/lib64/python3.11/site-packages/sklearn/impute/_base.py:647: UserWarning: Skipping features without any observed values: ['FACILITY_ID' 'STATE_CODE_y' 'DISCHARGES_TO']. At least one non-missing value is needed for imputation with strategy='constant'.
  warnings.warn(
/work/GRDVULN/correction/.venv/lib64/python3.11/site-packages/sklearn/impute/_base.py:647: UserWarning: Skipping features without any observed values: ['DISCHARGE_TYPE' 'PRESENT_DISCHARGE_PERCENTAGE'
 'PROJECTED_DISCHARGE_PERCENTAGE']. At least one non-missing value is needed for imputation with strategy='median'.
  warnings.warn(
/work/GRDVULN/correction/.venv/lib64/python3.11/site-packages/sklearn/impute/_base.py:647: UserWarning: Skipping features without any observed values: ['DISCHARGE_TYPE' 'PRESENT_DISCHARGE_PERCENTAGE'
 'PROJECTED_DISCHARGE_PERCENTAGE']. At least one non-missing value is needed for imputation with strategy='median'.
  warnings.warn(
/work/GRDVULN/correction/.venv/lib64/python3.11/site-packages/sklearn/impute/_base.py:647: UserWarning: Skipping features without any observed values: ['FACILITY_ID' 'STATE_CODE_y' 'DISCHARGES_TO']. At least one non-missing value is needed for imputation with strategy='constant'.
  warnings.warn(
/work/GRDVULN/correction/.venv/lib64/python3.11/site-packages/sklearn/impute/_base.py:647: UserWarning: Skipping features without any observed values: ['DISCHARGE_TYPE' 'PRESENT_DISCHARGE_PERCENTAGE'
 'PROJECTED_DISCHARGE_PERCENTAGE']. At least one non-missing value is needed for imputation with strategy='median'.
  warnings.warn(
/work/GRDVULN/correction/.venv/lib64/python3.11/site-packages/sklearn/impute/_base.py:647: UserWarning: Skipping features without any observed values: ['FACILITY_ID' 'STATE_CODE_y' 'DISCHARGES_TO']. At least one non-missing value is needed for imputation with strategy='constant'.
  warnings.warn(
/work/GRDVULN/correction/.venv/lib64/python3.11/site-packages/sklearn/impute/_base.py:647: UserWarning: Skipping features without any observed values: ['FACILITY_ID' 'STATE_CODE_y' 'DISCHARGES_TO']. At least one non-missing value is needed for imputation with strategy='constant'.
  warnings.warn(
/work/GRDVULN/correction/.venv/lib64/python3.11/site-packages/sklearn/impute/_base.py:647: UserWarning: Skipping features without any observed values: ['DISCHARGE_TYPE' 'PRESENT_DISCHARGE_PERCENTAGE'
 'PROJECTED_DISCHARGE_PERCENTAGE']. At least one non-missing value is needed for imputation with strategy='median'.
  warnings.warn(
/work/GRDVULN/correction/.venv/lib64/python3.11/site-packages/sklearn/impute/_base.py:647: UserWarning: Skipping features without any observed values: ['DISCHARGE_TYPE' 'PRESENT_DISCHARGE_PERCENTAGE'
 'PROJECTED_DISCHARGE_PERCENTAGE']. At least one non-missing value is needed for imputation with strategy='median'.
  warnings.warn(
/work/GRDVULN/correction/.venv/lib64/python3.11/site-packages/sklearn/impute/_base.py:647: UserWarning: Skipping features without any observed values: ['FACILITY_ID' 'STATE_CODE_y' 'DISCHARGES_TO']. At least one non-missing value is needed for imputation with strategy='constant'.
  warnings.warn(
/work/GRDVULN/correction/.venv/lib64/python3.11/site-packages/sklearn/impute/_base.py:647: UserWarning: Skipping features without any observed values: ['DISCHARGE_TYPE' 'PRESENT_DISCHARGE_PERCENTAGE'
 'PROJECTED_DISCHARGE_PERCENTAGE']. At least one non-missing value is needed for imputation with strategy='median'.
  warnings.warn(
/work/GRDVULN/correction/.venv/lib64/python3.11/site-packages/sklearn/impute/_base.py:647: UserWarning: Skipping features without any observed values: ['FACILITY_ID' 'STATE_CODE_y' 'DISCHARGES_TO']. At least one non-missing value is needed for imputation with strategy='constant'.
  warnings.warn(
/work/GRDVULN/correction/.venv/lib64/python3.11/site-packages/sklearn/impute/_base.py:647: UserWarning: Skipping features without any observed values: ['DISCHARGE_TYPE' 'PRESENT_DISCHARGE_PERCENTAGE'
 'PROJECTED_DISCHARGE_PERCENTAGE']. At least one non-missing value is needed for imputation with strategy='median'.
  warnings.warn(
/work/GRDVULN/correction/.venv/lib64/python3.11/site-packages/sklearn/impute/_base.py:647: UserWarning: Skipping features without any observed values: ['FACILITY_ID' 'STATE_CODE_y' 'DISCHARGES_TO']. At least one non-missing value is needed for imputation with strategy='constant'.
  warnings.warn(
/work/GRDVULN/correction/.venv/lib64/python3.11/site-packages/sklearn/impute/_base.py:647: UserWarning: Skipping features without any observed values: ['DISCHARGE_TYPE' 'PRESENT_DISCHARGE_PERCENTAGE'
 'PROJECTED_DISCHARGE_PERCENTAGE']. At least one non-missing value is needed for imputation with strategy='median'.
  warnings.warn(
/work/GRDVULN/correction/.venv/lib64/python3.11/site-packages/sklearn/impute/_base.py:647: UserWarning: Skipping features without any observed values: ['FACILITY_ID' 'STATE_CODE_y' 'DISCHARGES_TO']. At least one non-missing value is needed for imputation with strategy='constant'.
  warnings.warn(
/work/GRDVULN/correction/.venv/lib64/python3.11/site-packages/sklearn/impute/_base.py:647: UserWarning: Skipping features without any observed values: ['FACILITY_ID' 'STATE_CODE_y' 'DISCHARGES_TO']. At least one non-missing value is needed for imputation with strategy='constant'.
  warnings.warn(
/work/GRDVULN/correction/.venv/lib64/python3.11/site-packages/sklearn/impute/_base.py:647: UserWarning: Skipping features without any observed values: ['DISCHARGE_TYPE' 'PRESENT_DISCHARGE_PERCENTAGE'
 'PROJECTED_DISCHARGE_PERCENTAGE']. At least one non-missing value is needed for imputation with strategy='median'.
  warnings.warn(
/work/GRDVULN/correction/.venv/lib64/python3.11/site-packages/sklearn/impute/_base.py:647: UserWarning: Skipping features without any observed values: ['DISCHARGE_TYPE' 'PRESENT_DISCHARGE_PERCENTAGE'
 'PROJECTED_DISCHARGE_PERCENTAGE']. At least one non-missing value is needed for imputation with strategy='median'.
  warnings.warn(
/work/GRDVULN/correction/.venv/lib64/python3.11/site-packages/sklearn/impute/_base.py:647: UserWarning: Skipping features without any observed values: ['FACILITY_ID' 'STATE_CODE_y' 'DISCHARGES_TO']. At least one non-missing value is needed for imputation with strategy='constant'.
  warnings.warn(
/work/GRDVULN/correction/.venv/lib64/python3.11/site-packages/sklearn/impute/_base.py:647: UserWarning: Skipping features without any observed values: ['DISCHARGE_TYPE' 'PRESENT_DISCHARGE_PERCENTAGE'
 'PROJECTED_DISCHARGE_PERCENTAGE']. At least one non-missing value is needed for imputation with strategy='median'.
  warnings.warn(
/work/GRDVULN/correction/.venv/lib64/python3.11/site-packages/sklearn/impute/_base.py:647: UserWarning: Skipping features without any observed values: ['FACILITY_ID' 'STATE_CODE_y' 'DISCHARGES_TO']. At least one non-missing value is needed for imputation with strategy='constant'.
  warnings.warn(
/work/GRDVULN/correction/.venv/lib64/python3.11/site-packages/sklearn/impute/_base.py:647: UserWarning: Skipping features without any observed values: ['DISCHARGE_TYPE' 'PRESENT_DISCHARGE_PERCENTAGE'
 'PROJECTED_DISCHARGE_PERCENTAGE']. At least one non-missing value is needed for imputation with strategy='median'.
  warnings.warn(
/work/GRDVULN/correction/.venv/lib64/python3.11/site-packages/sklearn/impute/_base.py:647: UserWarning: Skipping features without any observed values: ['FACILITY_ID' 'STATE_CODE_y' 'DISCHARGES_TO']. At least one non-missing value is needed for imputation with strategy='constant'.
  warnings.warn(
/work/GRDVULN/correction/.venv/lib64/python3.11/site-packages/sklearn/impute/_base.py:647: UserWarning: Skipping features without any observed values: ['DISCHARGE_TYPE' 'PRESENT_DISCHARGE_PERCENTAGE'
 'PROJECTED_DISCHARGE_PERCENTAGE']. At least one non-missing value is needed for imputation with strategy='median'.
  warnings.warn(
  SPATIAL CV complete in 0.5 minutes
  Best SPATIAL ROC AUC: 0.9869

========================================
Tuning with STANDARD cross-validation...
========================================
  STANDARD CV complete in 0.4 minutes
  Best STANDARD ROC AUC: 0.9890

CV Comparison:
         cv   roc_auc
1  Standard  0.989027
0   Spatial  0.986910

========================================
Fitting final model on full training data...
========================================

FINAL RESULTS SUMMARY
Test set metrics:
  roc_auc     : 0.9867
  accuracy    : 0.9552
  sensitivity : 0.9231
  specificity : 0.9558
  brier_class : 0.0368

Confusion matrix (rows=truth, cols=predicted; 1=Correct, 0=Incorrect):
[[3095  143]
 [   5   60]]

Computing feature importance...
Top 20 features:
          Variable  Importance  Importance_std
     ll_bldg_count    0.003033        0.000748
       log_gisacre    0.002887        0.001187
      log_distance    0.002831        0.000679
      is_municipal    0.002796        0.001034
        distance_m    0.002467        0.000657
        ll_gisacre    0.002335        0.001074
    lbcs_ownership    0.001578        0.000656
            osm_ww    0.001537        0.000078
     bldg_per_acre    0.001257        0.000390
        pop_served    0.000917        0.000348
        within_1km    0.000398        0.000157
         has_water    0.000396        0.000124
      total_pixels    0.000384        0.000586
   water_pixel_pct    0.000326        0.000083
       place_match    0.000247        0.000125
      water_pixels    0.000242        0.000092
data_quality_score    0.000180        0.000183
         lbcs_site    0.000162        0.000171
      STATE_CODE_x    0.000118        0.000039
          is_rural    0.000087        0.000096

Running threshold analysis...
  Optimal Stage 2 threshold (Youden J): 0.593

CV Comparison:
         cv   roc_auc
1  Standard  0.989027
0   Spatial  0.986910
Optimal threshold: 0.593

Saving model...
  stage2_rf_model.joblib saved: 15.8 MB

=== Stage 2 training complete ===
Finished: Fri Aug 21 13:17:48 EDT 2026
