==========================================
Node:    r7n08
Job ID:  7402100
CPUs:    16
Started: Mon Aug 24 09:41:41 EDT 2026
==========================================
Loaded module: python/3.11
Python:  Python 3.11.13  (/work/GRDVULN/correction/.venv/bin/python)
------------------------------------------
=== 07_train_stage2b.py: Stage 2b Model Training (Random Forest) ===

Loading Stage 2b training data...
  Rows: 428
  Label=1 (right): 266
  Label=0 (wrong): 162
  Distinct plants: 292  (136 contribute both a wrong and right row, 156 contribute only one)
  NOTE: this is a MUCH smaller training set than Stage 1/2a (hundreds of rows,
  not thousands) -- expect higher variance in CV scores and test metrics than
  those models. Treat single-run numbers with real caution; consider repeating
  with different random_state values before trusting a specific figure.
  Model columns: 58
  Class weights -- Right: 0.379 | Wrong: 0.621

Setting up cross-validation folds...
  Spatial fold 1 train -- Right: 224, Wrong: 135
  Spatial fold 2 train -- Right: 195, Wrong: 108
  Spatial fold 3 train -- Right: 254, Wrong: 152
  Spatial fold 4 train -- Right: 184, Wrong: 112
  Spatial fold 5 train -- Right: 207, Wrong: 141
  Spatial folds: 5  |  Standard (grouped) folds: 5

========================================
Tuning with SPATIAL cross-validation...
========================================
/work/GRDVULN/correction/.venv/lib64/python3.11/site-packages/sklearn/impute/_base.py:647: UserWarning: Skipping features without any observed values: ['od_max_conf_chlorine_contact' 'od_max_conf_drying_bed'
 'od_max_conf_oxidation_pond']. At least one non-missing value is needed for imputation with strategy='median'.
  warnings.warn(
/work/GRDVULN/correction/.venv/lib64/python3.11/site-packages/sklearn/impute/_base.py:647: UserWarning: Skipping features without any observed values: ['od_max_conf_chlorine_contact' 'od_max_conf_drying_bed'
 'od_max_conf_oxidation_pond']. At least one non-missing value is needed for imputation with strategy='median'.
  warnings.warn(
/work/GRDVULN/correction/.venv/lib64/python3.11/site-packages/sklearn/impute/_base.py:647: UserWarning: Skipping features without any observed values: ['od_max_conf_chlorine_contact' 'od_max_conf_drying_bed'
 'od_max_conf_oxidation_pond']. At least one non-missing value is needed for imputation with strategy='median'.
  warnings.warn(
/work/GRDVULN/correction/.venv/lib64/python3.11/site-packages/sklearn/impute/_base.py:647: UserWarning: Skipping features without any observed values: ['od_max_conf_chlorine_contact' 'od_max_conf_drying_bed'
 'od_max_conf_oxidation_pond']. At least one non-missing value is needed for imputation with strategy='median'.
  warnings.warn(
/work/GRDVULN/correction/.venv/lib64/python3.11/site-packages/sklearn/impute/_base.py:647: UserWarning: Skipping features without any observed values: ['od_max_conf_chlorine_contact' 'od_max_conf_drying_bed'
 'od_max_conf_oxidation_pond']. At least one non-missing value is needed for imputation with strategy='median'.
  warnings.warn(
/work/GRDVULN/correction/.venv/lib64/python3.11/site-packages/sklearn/impute/_base.py:647: UserWarning: Skipping features without any observed values: ['od_max_conf_chlorine_contact' 'od_max_conf_drying_bed'
 'od_max_conf_oxidation_pond']. At least one non-missing value is needed for imputation with strategy='median'.
  warnings.warn(
/work/GRDVULN/correction/.venv/lib64/python3.11/site-packages/sklearn/impute/_base.py:647: UserWarning: Skipping features without any observed values: ['od_max_conf_chlorine_contact' 'od_max_conf_drying_bed'
 'od_max_conf_oxidation_pond']. At least one non-missing value is needed for imputation with strategy='median'.
  warnings.warn(
/work/GRDVULN/correction/.venv/lib64/python3.11/site-packages/sklearn/impute/_base.py:647: UserWarning: Skipping features without any observed values: ['od_max_conf_chlorine_contact' 'od_max_conf_drying_bed'
 'od_max_conf_oxidation_pond']. At least one non-missing value is needed for imputation with strategy='median'.
  warnings.warn(
/work/GRDVULN/correction/.venv/lib64/python3.11/site-packages/sklearn/impute/_base.py:647: UserWarning: Skipping features without any observed values: ['od_max_conf_chlorine_contact' 'od_max_conf_drying_bed'
 'od_max_conf_oxidation_pond']. At least one non-missing value is needed for imputation with strategy='median'.
  warnings.warn(
/work/GRDVULN/correction/.venv/lib64/python3.11/site-packages/sklearn/impute/_base.py:647: UserWarning: Skipping features without any observed values: ['od_max_conf_chlorine_contact' 'od_max_conf_drying_bed'
 'od_max_conf_oxidation_pond']. At least one non-missing value is needed for imputation with strategy='median'.
  warnings.warn(
/work/GRDVULN/correction/.venv/lib64/python3.11/site-packages/sklearn/impute/_base.py:647: UserWarning: Skipping features without any observed values: ['od_max_conf_chlorine_contact' 'od_max_conf_drying_bed'
 'od_max_conf_oxidation_pond']. At least one non-missing value is needed for imputation with strategy='median'.
  warnings.warn(
/work/GRDVULN/correction/.venv/lib64/python3.11/site-packages/sklearn/impute/_base.py:647: UserWarning: Skipping features without any observed values: ['od_max_conf_chlorine_contact' 'od_max_conf_drying_bed'
 'od_max_conf_oxidation_pond']. At least one non-missing value is needed for imputation with strategy='median'.
  warnings.warn(
/work/GRDVULN/correction/.venv/lib64/python3.11/site-packages/sklearn/impute/_base.py:647: UserWarning: Skipping features without any observed values: ['od_max_conf_chlorine_contact' 'od_max_conf_drying_bed'
 'od_max_conf_oxidation_pond']. At least one non-missing value is needed for imputation with strategy='median'.
  warnings.warn(
/work/GRDVULN/correction/.venv/lib64/python3.11/site-packages/sklearn/impute/_base.py:647: UserWarning: Skipping features without any observed values: ['od_max_conf_chlorine_contact' 'od_max_conf_drying_bed'
 'od_max_conf_oxidation_pond']. At least one non-missing value is needed for imputation with strategy='median'.
  warnings.warn(
/work/GRDVULN/correction/.venv/lib64/python3.11/site-packages/sklearn/impute/_base.py:647: UserWarning: Skipping features without any observed values: ['od_max_conf_chlorine_contact' 'od_max_conf_drying_bed'
 'od_max_conf_oxidation_pond']. At least one non-missing value is needed for imputation with strategy='median'.
  warnings.warn(
/work/GRDVULN/correction/.venv/lib64/python3.11/site-packages/sklearn/impute/_base.py:647: UserWarning: Skipping features without any observed values: ['od_max_conf_chlorine_contact' 'od_max_conf_drying_bed'
 'od_max_conf_oxidation_pond']. At least one non-missing value is needed for imputation with strategy='median'.
  warnings.warn(
/work/GRDVULN/correction/.venv/lib64/python3.11/site-packages/sklearn/impute/_base.py:647: UserWarning: Skipping features without any observed values: ['od_max_conf_chlorine_contact' 'od_max_conf_drying_bed'
 'od_max_conf_oxidation_pond']. At least one non-missing value is needed for imputation with strategy='median'.
  warnings.warn(
/work/GRDVULN/correction/.venv/lib64/python3.11/site-packages/sklearn/impute/_base.py:647: UserWarning: Skipping features without any observed values: ['od_max_conf_chlorine_contact' 'od_max_conf_drying_bed'
 'od_max_conf_oxidation_pond']. At least one non-missing value is needed for imputation with strategy='median'.
  warnings.warn(
/work/GRDVULN/correction/.venv/lib64/python3.11/site-packages/sklearn/impute/_base.py:647: UserWarning: Skipping features without any observed values: ['od_max_conf_chlorine_contact' 'od_max_conf_drying_bed'
 'od_max_conf_oxidation_pond']. At least one non-missing value is needed for imputation with strategy='median'.
  warnings.warn(
/work/GRDVULN/correction/.venv/lib64/python3.11/site-packages/sklearn/impute/_base.py:647: UserWarning: Skipping features without any observed values: ['od_max_conf_chlorine_contact' 'od_max_conf_drying_bed'
 'od_max_conf_oxidation_pond']. At least one non-missing value is needed for imputation with strategy='median'.
  warnings.warn(
/work/GRDVULN/correction/.venv/lib64/python3.11/site-packages/sklearn/impute/_base.py:647: UserWarning: Skipping features without any observed values: ['od_max_conf_chlorine_contact' 'od_max_conf_drying_bed'
 'od_max_conf_oxidation_pond']. At least one non-missing value is needed for imputation with strategy='median'.
  warnings.warn(
/work/GRDVULN/correction/.venv/lib64/python3.11/site-packages/sklearn/impute/_base.py:647: UserWarning: Skipping features without any observed values: ['od_max_conf_chlorine_contact' 'od_max_conf_drying_bed'
 'od_max_conf_oxidation_pond']. At least one non-missing value is needed for imputation with strategy='median'.
  warnings.warn(
/work/GRDVULN/correction/.venv/lib64/python3.11/site-packages/sklearn/impute/_base.py:647: UserWarning: Skipping features without any observed values: ['od_max_conf_chlorine_contact' 'od_max_conf_drying_bed'
 'od_max_conf_oxidation_pond']. At least one non-missing value is needed for imputation with strategy='median'.
  warnings.warn(
/work/GRDVULN/correction/.venv/lib64/python3.11/site-packages/sklearn/impute/_base.py:647: UserWarning: Skipping features without any observed values: ['od_max_conf_chlorine_contact' 'od_max_conf_drying_bed'
 'od_max_conf_oxidation_pond']. At least one non-missing value is needed for imputation with strategy='median'.
  warnings.warn(
/work/GRDVULN/correction/.venv/lib64/python3.11/site-packages/sklearn/impute/_base.py:647: UserWarning: Skipping features without any observed values: ['od_max_conf_chlorine_contact' 'od_max_conf_drying_bed'
 'od_max_conf_oxidation_pond']. At least one non-missing value is needed for imputation with strategy='median'.
  warnings.warn(
/work/GRDVULN/correction/.venv/lib64/python3.11/site-packages/sklearn/impute/_base.py:647: UserWarning: Skipping features without any observed values: ['od_max_conf_chlorine_contact' 'od_max_conf_drying_bed'
 'od_max_conf_oxidation_pond']. At least one non-missing value is needed for imputation with strategy='median'.
  warnings.warn(
/work/GRDVULN/correction/.venv/lib64/python3.11/site-packages/sklearn/impute/_base.py:647: UserWarning: Skipping features without any observed values: ['od_max_conf_chlorine_contact' 'od_max_conf_drying_bed'
 'od_max_conf_oxidation_pond']. At least one non-missing value is needed for imputation with strategy='median'.
  warnings.warn(
/work/GRDVULN/correction/.venv/lib64/python3.11/site-packages/sklearn/impute/_base.py:647: UserWarning: Skipping features without any observed values: ['od_max_conf_chlorine_contact' 'od_max_conf_drying_bed'
 'od_max_conf_oxidation_pond']. At least one non-missing value is needed for imputation with strategy='median'.
  warnings.warn(
/work/GRDVULN/correction/.venv/lib64/python3.11/site-packages/sklearn/impute/_base.py:647: UserWarning: Skipping features without any observed values: ['od_max_conf_chlorine_contact' 'od_max_conf_drying_bed'
 'od_max_conf_oxidation_pond']. At least one non-missing value is needed for imputation with strategy='median'.
  warnings.warn(
/work/GRDVULN/correction/.venv/lib64/python3.11/site-packages/sklearn/impute/_base.py:647: UserWarning: Skipping features without any observed values: ['od_max_conf_chlorine_contact' 'od_max_conf_drying_bed'
 'od_max_conf_oxidation_pond']. At least one non-missing value is needed for imputation with strategy='median'.
  warnings.warn(
/work/GRDVULN/correction/.venv/lib64/python3.11/site-packages/sklearn/impute/_base.py:647: UserWarning: Skipping features without any observed values: ['od_max_conf_chlorine_contact' 'od_max_conf_drying_bed'
 'od_max_conf_oxidation_pond']. At least one non-missing value is needed for imputation with strategy='median'.
  warnings.warn(
/work/GRDVULN/correction/.venv/lib64/python3.11/site-packages/sklearn/impute/_base.py:647: UserWarning: Skipping features without any observed values: ['od_max_conf_chlorine_contact' 'od_max_conf_drying_bed'
 'od_max_conf_oxidation_pond']. At least one non-missing value is needed for imputation with strategy='median'.
  warnings.warn(
/work/GRDVULN/correction/.venv/lib64/python3.11/site-packages/sklearn/impute/_base.py:647: UserWarning: Skipping features without any observed values: ['od_max_conf_chlorine_contact' 'od_max_conf_drying_bed'
 'od_max_conf_oxidation_pond']. At least one non-missing value is needed for imputation with strategy='median'.
  warnings.warn(
/work/GRDVULN/correction/.venv/lib64/python3.11/site-packages/sklearn/impute/_base.py:647: UserWarning: Skipping features without any observed values: ['od_max_conf_chlorine_contact' 'od_max_conf_drying_bed'
 'od_max_conf_oxidation_pond']. At least one non-missing value is needed for imputation with strategy='median'.
  warnings.warn(
/work/GRDVULN/correction/.venv/lib64/python3.11/site-packages/sklearn/impute/_base.py:647: UserWarning: Skipping features without any observed values: ['od_max_conf_chlorine_contact' 'od_max_conf_drying_bed'
 'od_max_conf_oxidation_pond']. At least one non-missing value is needed for imputation with strategy='median'.
  warnings.warn(
/work/GRDVULN/correction/.venv/lib64/python3.11/site-packages/sklearn/impute/_base.py:647: UserWarning: Skipping features without any observed values: ['od_max_conf_chlorine_contact' 'od_max_conf_drying_bed'
 'od_max_conf_oxidation_pond']. At least one non-missing value is needed for imputation with strategy='median'.
  warnings.warn(
/work/GRDVULN/correction/.venv/lib64/python3.11/site-packages/sklearn/impute/_base.py:647: UserWarning: Skipping features without any observed values: ['od_max_conf_chlorine_contact' 'od_max_conf_drying_bed'
 'od_max_conf_oxidation_pond']. At least one non-missing value is needed for imputation with strategy='median'.
  warnings.warn(
/work/GRDVULN/correction/.venv/lib64/python3.11/site-packages/sklearn/impute/_base.py:647: UserWarning: Skipping features without any observed values: ['od_max_conf_chlorine_contact' 'od_max_conf_drying_bed'
 'od_max_conf_oxidation_pond']. At least one non-missing value is needed for imputation with strategy='median'.
  warnings.warn(
/work/GRDVULN/correction/.venv/lib64/python3.11/site-packages/sklearn/impute/_base.py:647: UserWarning: Skipping features without any observed values: ['od_max_conf_chlorine_contact' 'od_max_conf_drying_bed'
 'od_max_conf_oxidation_pond']. At least one non-missing value is needed for imputation with strategy='median'.
  warnings.warn(
/work/GRDVULN/correction/.venv/lib64/python3.11/site-packages/sklearn/impute/_base.py:647: UserWarning: Skipping features without any observed values: ['od_max_conf_chlorine_contact' 'od_max_conf_drying_bed'
 'od_max_conf_oxidation_pond']. At least one non-missing value is needed for imputation with strategy='median'.
  warnings.warn(
/work/GRDVULN/correction/.venv/lib64/python3.11/site-packages/sklearn/impute/_base.py:647: UserWarning: Skipping features without any observed values: ['od_max_conf_chlorine_contact' 'od_max_conf_drying_bed'
 'od_max_conf_oxidation_pond']. At least one non-missing value is needed for imputation with strategy='median'.
  warnings.warn(
/work/GRDVULN/correction/.venv/lib64/python3.11/site-packages/sklearn/impute/_base.py:647: UserWarning: Skipping features without any observed values: ['od_max_conf_chlorine_contact' 'od_max_conf_drying_bed'
 'od_max_conf_oxidation_pond']. At least one non-missing value is needed for imputation with strategy='median'.
  warnings.warn(
/work/GRDVULN/correction/.venv/lib64/python3.11/site-packages/sklearn/impute/_base.py:647: UserWarning: Skipping features without any observed values: ['od_max_conf_chlorine_contact' 'od_max_conf_drying_bed'
 'od_max_conf_oxidation_pond']. At least one non-missing value is needed for imputation with strategy='median'.
  warnings.warn(
/work/GRDVULN/correction/.venv/lib64/python3.11/site-packages/sklearn/impute/_base.py:647: UserWarning: Skipping features without any observed values: ['od_max_conf_chlorine_contact' 'od_max_conf_drying_bed'
 'od_max_conf_oxidation_pond']. At least one non-missing value is needed for imputation with strategy='median'.
  warnings.warn(
/work/GRDVULN/correction/.venv/lib64/python3.11/site-packages/sklearn/impute/_base.py:647: UserWarning: Skipping features without any observed values: ['od_max_conf_chlorine_contact' 'od_max_conf_drying_bed'
 'od_max_conf_oxidation_pond']. At least one non-missing value is needed for imputation with strategy='median'.
  warnings.warn(
/work/GRDVULN/correction/.venv/lib64/python3.11/site-packages/sklearn/impute/_base.py:647: UserWarning: Skipping features without any observed values: ['od_max_conf_chlorine_contact' 'od_max_conf_drying_bed'
 'od_max_conf_oxidation_pond']. At least one non-missing value is needed for imputation with strategy='median'.
  warnings.warn(
/work/GRDVULN/correction/.venv/lib64/python3.11/site-packages/sklearn/impute/_base.py:647: UserWarning: Skipping features without any observed values: ['od_max_conf_chlorine_contact' 'od_max_conf_drying_bed'
 'od_max_conf_oxidation_pond']. At least one non-missing value is needed for imputation with strategy='median'.
  warnings.warn(
/work/GRDVULN/correction/.venv/lib64/python3.11/site-packages/sklearn/impute/_base.py:647: UserWarning: Skipping features without any observed values: ['od_max_conf_chlorine_contact' 'od_max_conf_drying_bed'
 'od_max_conf_oxidation_pond']. At least one non-missing value is needed for imputation with strategy='median'.
  warnings.warn(
/work/GRDVULN/correction/.venv/lib64/python3.11/site-packages/sklearn/impute/_base.py:647: UserWarning: Skipping features without any observed values: ['od_max_conf_chlorine_contact' 'od_max_conf_drying_bed'
 'od_max_conf_oxidation_pond']. At least one non-missing value is needed for imputation with strategy='median'.
  warnings.warn(
/work/GRDVULN/correction/.venv/lib64/python3.11/site-packages/sklearn/impute/_base.py:647: UserWarning: Skipping features without any observed values: ['od_max_conf_chlorine_contact' 'od_max_conf_drying_bed'
 'od_max_conf_oxidation_pond']. At least one non-missing value is needed for imputation with strategy='median'.
  warnings.warn(
/work/GRDVULN/correction/.venv/lib64/python3.11/site-packages/sklearn/impute/_base.py:647: UserWarning: Skipping features without any observed values: ['od_max_conf_chlorine_contact' 'od_max_conf_drying_bed'
 'od_max_conf_oxidation_pond']. At least one non-missing value is needed for imputation with strategy='median'.
  warnings.warn(
/work/GRDVULN/correction/.venv/lib64/python3.11/site-packages/sklearn/impute/_base.py:647: UserWarning: Skipping features without any observed values: ['od_max_conf_chlorine_contact' 'od_max_conf_drying_bed'
 'od_max_conf_oxidation_pond']. At least one non-missing value is needed for imputation with strategy='median'.
  warnings.warn(
/work/GRDVULN/correction/.venv/lib64/python3.11/site-packages/sklearn/impute/_base.py:647: UserWarning: Skipping features without any observed values: ['od_max_conf_chlorine_contact' 'od_max_conf_drying_bed'
 'od_max_conf_oxidation_pond']. At least one non-missing value is needed for imputation with strategy='median'.
  warnings.warn(
/work/GRDVULN/correction/.venv/lib64/python3.11/site-packages/sklearn/impute/_base.py:647: UserWarning: Skipping features without any observed values: ['od_max_conf_chlorine_contact' 'od_max_conf_drying_bed'
 'od_max_conf_oxidation_pond']. At least one non-missing value is needed for imputation with strategy='median'.
  warnings.warn(
/work/GRDVULN/correction/.venv/lib64/python3.11/site-packages/sklearn/impute/_base.py:647: UserWarning: Skipping features without any observed values: ['od_max_conf_chlorine_contact' 'od_max_conf_drying_bed'
 'od_max_conf_oxidation_pond']. At least one non-missing value is needed for imputation with strategy='median'.
  warnings.warn(
/work/GRDVULN/correction/.venv/lib64/python3.11/site-packages/sklearn/impute/_base.py:647: UserWarning: Skipping features without any observed values: ['od_max_conf_chlorine_contact' 'od_max_conf_drying_bed'
 'od_max_conf_oxidation_pond']. At least one non-missing value is needed for imputation with strategy='median'.
  warnings.warn(
/work/GRDVULN/correction/.venv/lib64/python3.11/site-packages/sklearn/impute/_base.py:647: UserWarning: Skipping features without any observed values: ['od_max_conf_chlorine_contact' 'od_max_conf_drying_bed'
 'od_max_conf_oxidation_pond']. At least one non-missing value is needed for imputation with strategy='median'.
  warnings.warn(
/work/GRDVULN/correction/.venv/lib64/python3.11/site-packages/sklearn/impute/_base.py:647: UserWarning: Skipping features without any observed values: ['od_max_conf_chlorine_contact' 'od_max_conf_drying_bed'
 'od_max_conf_oxidation_pond']. At least one non-missing value is needed for imputation with strategy='median'.
  warnings.warn(
/work/GRDVULN/correction/.venv/lib64/python3.11/site-packages/sklearn/impute/_base.py:647: UserWarning: Skipping features without any observed values: ['od_max_conf_chlorine_contact' 'od_max_conf_drying_bed'
 'od_max_conf_oxidation_pond']. At least one non-missing value is needed for imputation with strategy='median'.
  warnings.warn(
/work/GRDVULN/correction/.venv/lib64/python3.11/site-packages/sklearn/impute/_base.py:647: UserWarning: Skipping features without any observed values: ['od_max_conf_chlorine_contact' 'od_max_conf_drying_bed'
 'od_max_conf_oxidation_pond']. At least one non-missing value is needed for imputation with strategy='median'.
  warnings.warn(
/work/GRDVULN/correction/.venv/lib64/python3.11/site-packages/sklearn/impute/_base.py:647: UserWarning: Skipping features without any observed values: ['od_max_conf_chlorine_contact' 'od_max_conf_drying_bed'
 'od_max_conf_oxidation_pond']. At least one non-missing value is needed for imputation with strategy='median'.
  warnings.warn(
/work/GRDVULN/correction/.venv/lib64/python3.11/site-packages/sklearn/impute/_base.py:647: UserWarning: Skipping features without any observed values: ['od_max_conf_chlorine_contact' 'od_max_conf_drying_bed'
 'od_max_conf_oxidation_pond']. At least one non-missing value is needed for imputation with strategy='median'.
  warnings.warn(
/work/GRDVULN/correction/.venv/lib64/python3.11/site-packages/sklearn/impute/_base.py:647: UserWarning: Skipping features without any observed values: ['od_max_conf_chlorine_contact' 'od_max_conf_drying_bed'
 'od_max_conf_oxidation_pond']. At least one non-missing value is needed for imputation with strategy='median'.
  warnings.warn(
/work/GRDVULN/correction/.venv/lib64/python3.11/site-packages/sklearn/impute/_base.py:647: UserWarning: Skipping features without any observed values: ['od_max_conf_chlorine_contact' 'od_max_conf_drying_bed'
 'od_max_conf_oxidation_pond']. At least one non-missing value is needed for imputation with strategy='median'.
  warnings.warn(
/work/GRDVULN/correction/.venv/lib64/python3.11/site-packages/sklearn/impute/_base.py:647: UserWarning: Skipping features without any observed values: ['od_max_conf_chlorine_contact' 'od_max_conf_drying_bed'
 'od_max_conf_oxidation_pond']. At least one non-missing value is needed for imputation with strategy='median'.
  warnings.warn(
/work/GRDVULN/correction/.venv/lib64/python3.11/site-packages/sklearn/impute/_base.py:647: UserWarning: Skipping features without any observed values: ['od_max_conf_chlorine_contact' 'od_max_conf_drying_bed'
 'od_max_conf_oxidation_pond']. At least one non-missing value is needed for imputation with strategy='median'.
  warnings.warn(
/work/GRDVULN/correction/.venv/lib64/python3.11/site-packages/sklearn/impute/_base.py:647: UserWarning: Skipping features without any observed values: ['od_max_conf_chlorine_contact' 'od_max_conf_drying_bed'
 'od_max_conf_oxidation_pond']. At least one non-missing value is needed for imputation with strategy='median'.
  warnings.warn(
/work/GRDVULN/correction/.venv/lib64/python3.11/site-packages/sklearn/impute/_base.py:647: UserWarning: Skipping features without any observed values: ['od_max_conf_chlorine_contact' 'od_max_conf_drying_bed'
 'od_max_conf_oxidation_pond']. At least one non-missing value is needed for imputation with strategy='median'.
  warnings.warn(
/work/GRDVULN/correction/.venv/lib64/python3.11/site-packages/sklearn/impute/_base.py:647: UserWarning: Skipping features without any observed values: ['od_max_conf_chlorine_contact' 'od_max_conf_drying_bed'
 'od_max_conf_oxidation_pond']. At least one non-missing value is needed for imputation with strategy='median'.
  warnings.warn(
/work/GRDVULN/correction/.venv/lib64/python3.11/site-packages/sklearn/impute/_base.py:647: UserWarning: Skipping features without any observed values: ['od_max_conf_chlorine_contact' 'od_max_conf_drying_bed'
 'od_max_conf_oxidation_pond']. At least one non-missing value is needed for imputation with strategy='median'.
  warnings.warn(
/work/GRDVULN/correction/.venv/lib64/python3.11/site-packages/sklearn/impute/_base.py:647: UserWarning: Skipping features without any observed values: ['od_max_conf_chlorine_contact' 'od_max_conf_drying_bed'
 'od_max_conf_oxidation_pond']. At least one non-missing value is needed for imputation with strategy='median'.
  warnings.warn(
/work/GRDVULN/correction/.venv/lib64/python3.11/site-packages/sklearn/impute/_base.py:647: UserWarning: Skipping features without any observed values: ['od_max_conf_chlorine_contact' 'od_max_conf_drying_bed'
 'od_max_conf_oxidation_pond']. At least one non-missing value is needed for imputation with strategy='median'.
  warnings.warn(
/work/GRDVULN/correction/.venv/lib64/python3.11/site-packages/sklearn/impute/_base.py:647: UserWarning: Skipping features without any observed values: ['od_max_conf_chlorine_contact' 'od_max_conf_drying_bed'
 'od_max_conf_oxidation_pond']. At least one non-missing value is needed for imputation with strategy='median'.
  warnings.warn(
/work/GRDVULN/correction/.venv/lib64/python3.11/site-packages/sklearn/impute/_base.py:647: UserWarning: Skipping features without any observed values: ['od_max_conf_chlorine_contact' 'od_max_conf_drying_bed'
 'od_max_conf_oxidation_pond']. At least one non-missing value is needed for imputation with strategy='median'.
  warnings.warn(
/work/GRDVULN/correction/.venv/lib64/python3.11/site-packages/sklearn/impute/_base.py:647: UserWarning: Skipping features without any observed values: ['od_max_conf_chlorine_contact' 'od_max_conf_drying_bed'
 'od_max_conf_oxidation_pond']. At least one non-missing value is needed for imputation with strategy='median'.
  warnings.warn(
/work/GRDVULN/correction/.venv/lib64/python3.11/site-packages/sklearn/impute/_base.py:647: UserWarning: Skipping features without any observed values: ['od_max_conf_chlorine_contact' 'od_max_conf_drying_bed'
 'od_max_conf_oxidation_pond']. At least one non-missing value is needed for imputation with strategy='median'.
  warnings.warn(
/work/GRDVULN/correction/.venv/lib64/python3.11/site-packages/sklearn/impute/_base.py:647: UserWarning: Skipping features without any observed values: ['od_max_conf_chlorine_contact' 'od_max_conf_drying_bed'
 'od_max_conf_oxidation_pond']. At least one non-missing value is needed for imputation with strategy='median'.
  warnings.warn(
/work/GRDVULN/correction/.venv/lib64/python3.11/site-packages/sklearn/impute/_base.py:647: UserWarning: Skipping features without any observed values: ['od_max_conf_chlorine_contact' 'od_max_conf_drying_bed'
 'od_max_conf_oxidation_pond']. At least one non-missing value is needed for imputation with strategy='median'.
  warnings.warn(
/work/GRDVULN/correction/.venv/lib64/python3.11/site-packages/sklearn/impute/_base.py:647: UserWarning: Skipping features without any observed values: ['od_max_conf_chlorine_contact' 'od_max_conf_drying_bed'
 'od_max_conf_oxidation_pond']. At least one non-missing value is needed for imputation with strategy='median'.
  warnings.warn(
/work/GRDVULN/correction/.venv/lib64/python3.11/site-packages/sklearn/impute/_base.py:647: UserWarning: Skipping features without any observed values: ['od_max_conf_chlorine_contact' 'od_max_conf_drying_bed'
 'od_max_conf_oxidation_pond']. At least one non-missing value is needed for imputation with strategy='median'.
  warnings.warn(
/work/GRDVULN/correction/.venv/lib64/python3.11/site-packages/sklearn/impute/_base.py:647: UserWarning: Skipping features without any observed values: ['od_max_conf_chlorine_contact' 'od_max_conf_drying_bed'
 'od_max_conf_oxidation_pond']. At least one non-missing value is needed for imputation with strategy='median'.
  warnings.warn(
/work/GRDVULN/correction/.venv/lib64/python3.11/site-packages/sklearn/impute/_base.py:647: UserWarning: Skipping features without any observed values: ['od_max_conf_chlorine_contact' 'od_max_conf_drying_bed'
 'od_max_conf_oxidation_pond']. At least one non-missing value is needed for imputation with strategy='median'.
  warnings.warn(
/work/GRDVULN/correction/.venv/lib64/python3.11/site-packages/sklearn/impute/_base.py:647: UserWarning: Skipping features without any observed values: ['od_max_conf_chlorine_contact' 'od_max_conf_drying_bed'
 'od_max_conf_oxidation_pond']. At least one non-missing value is needed for imputation with strategy='median'.
  warnings.warn(
/work/GRDVULN/correction/.venv/lib64/python3.11/site-packages/sklearn/impute/_base.py:647: UserWarning: Skipping features without any observed values: ['od_max_conf_chlorine_contact' 'od_max_conf_drying_bed'
 'od_max_conf_oxidation_pond']. At least one non-missing value is needed for imputation with strategy='median'.
  warnings.warn(
/work/GRDVULN/correction/.venv/lib64/python3.11/site-packages/sklearn/impute/_base.py:647: UserWarning: Skipping features without any observed values: ['od_max_conf_chlorine_contact' 'od_max_conf_drying_bed'
 'od_max_conf_oxidation_pond']. At least one non-missing value is needed for imputation with strategy='median'.
  warnings.warn(
/work/GRDVULN/correction/.venv/lib64/python3.11/site-packages/sklearn/impute/_base.py:647: UserWarning: Skipping features without any observed values: ['od_max_conf_chlorine_contact' 'od_max_conf_drying_bed'
 'od_max_conf_oxidation_pond']. At least one non-missing value is needed for imputation with strategy='median'.
  warnings.warn(
/work/GRDVULN/correction/.venv/lib64/python3.11/site-packages/sklearn/impute/_base.py:647: UserWarning: Skipping features without any observed values: ['od_max_conf_chlorine_contact' 'od_max_conf_drying_bed'
 'od_max_conf_oxidation_pond']. At least one non-missing value is needed for imputation with strategy='median'.
  warnings.warn(
/work/GRDVULN/correction/.venv/lib64/python3.11/site-packages/sklearn/impute/_base.py:647: UserWarning: Skipping features without any observed values: ['od_max_conf_chlorine_contact' 'od_max_conf_drying_bed'
 'od_max_conf_oxidation_pond']. At least one non-missing value is needed for imputation with strategy='median'.
  warnings.warn(
/work/GRDVULN/correction/.venv/lib64/python3.11/site-packages/sklearn/impute/_base.py:647: UserWarning: Skipping features without any observed values: ['od_max_conf_chlorine_contact' 'od_max_conf_drying_bed'
 'od_max_conf_oxidation_pond']. At least one non-missing value is needed for imputation with strategy='median'.
  warnings.warn(
/work/GRDVULN/correction/.venv/lib64/python3.11/site-packages/sklearn/impute/_base.py:647: UserWarning: Skipping features without any observed values: ['od_max_conf_chlorine_contact' 'od_max_conf_drying_bed'
 'od_max_conf_oxidation_pond']. At least one non-missing value is needed for imputation with strategy='median'.
  warnings.warn(
/work/GRDVULN/correction/.venv/lib64/python3.11/site-packages/sklearn/impute/_base.py:647: UserWarning: Skipping features without any observed values: ['od_max_conf_chlorine_contact' 'od_max_conf_drying_bed'
 'od_max_conf_oxidation_pond']. At least one non-missing value is needed for imputation with strategy='median'.
  warnings.warn(
/work/GRDVULN/correction/.venv/lib64/python3.11/site-packages/sklearn/impute/_base.py:647: UserWarning: Skipping features without any observed values: ['od_max_conf_chlorine_contact' 'od_max_conf_drying_bed'
 'od_max_conf_oxidation_pond']. At least one non-missing value is needed for imputation with strategy='median'.
  warnings.warn(
/work/GRDVULN/correction/.venv/lib64/python3.11/site-packages/sklearn/impute/_base.py:647: UserWarning: Skipping features without any observed values: ['od_max_conf_chlorine_contact' 'od_max_conf_drying_bed'
 'od_max_conf_oxidation_pond']. At least one non-missing value is needed for imputation with strategy='median'.
  warnings.warn(
/work/GRDVULN/correction/.venv/lib64/python3.11/site-packages/sklearn/impute/_base.py:647: UserWarning: Skipping features without any observed values: ['od_max_conf_chlorine_contact' 'od_max_conf_drying_bed'
 'od_max_conf_oxidation_pond']. At least one non-missing value is needed for imputation with strategy='median'.
  warnings.warn(
/work/GRDVULN/correction/.venv/lib64/python3.11/site-packages/sklearn/impute/_base.py:647: UserWarning: Skipping features without any observed values: ['od_max_conf_chlorine_contact' 'od_max_conf_drying_bed'
 'od_max_conf_oxidation_pond']. At least one non-missing value is needed for imputation with strategy='median'.
  warnings.warn(
/work/GRDVULN/correction/.venv/lib64/python3.11/site-packages/sklearn/impute/_base.py:647: UserWarning: Skipping features without any observed values: ['od_max_conf_chlorine_contact' 'od_max_conf_drying_bed'
 'od_max_conf_oxidation_pond']. At least one non-missing value is needed for imputation with strategy='median'.
  warnings.warn(
/work/GRDVULN/correction/.venv/lib64/python3.11/site-packages/sklearn/impute/_base.py:647: UserWarning: Skipping features without any observed values: ['od_max_conf_chlorine_contact' 'od_max_conf_drying_bed'
 'od_max_conf_oxidation_pond']. At least one non-missing value is needed for imputation with strategy='median'.
  warnings.warn(
/work/GRDVULN/correction/.venv/lib64/python3.11/site-packages/sklearn/impute/_base.py:647: UserWarning: Skipping features without any observed values: ['od_max_conf_chlorine_contact' 'od_max_conf_drying_bed'
 'od_max_conf_oxidation_pond']. At least one non-missing value is needed for imputation with strategy='median'.
  warnings.warn(
/work/GRDVULN/correction/.venv/lib64/python3.11/site-packages/sklearn/impute/_base.py:647: UserWarning: Skipping features without any observed values: ['od_max_conf_chlorine_contact' 'od_max_conf_drying_bed'
 'od_max_conf_oxidation_pond']. At least one non-missing value is needed for imputation with strategy='median'.
  warnings.warn(
/work/GRDVULN/correction/.venv/lib64/python3.11/site-packages/sklearn/impute/_base.py:647: UserWarning: Skipping features without any observed values: ['od_max_conf_chlorine_contact' 'od_max_conf_drying_bed'
 'od_max_conf_oxidation_pond']. At least one non-missing value is needed for imputation with strategy='median'.
  warnings.warn(
/work/GRDVULN/correction/.venv/lib64/python3.11/site-packages/sklearn/impute/_base.py:647: UserWarning: Skipping features without any observed values: ['od_max_conf_chlorine_contact' 'od_max_conf_drying_bed'
 'od_max_conf_oxidation_pond']. At least one non-missing value is needed for imputation with strategy='median'.
  warnings.warn(
/work/GRDVULN/correction/.venv/lib64/python3.11/site-packages/sklearn/impute/_base.py:647: UserWarning: Skipping features without any observed values: ['od_max_conf_chlorine_contact' 'od_max_conf_drying_bed'
 'od_max_conf_oxidation_pond']. At least one non-missing value is needed for imputation with strategy='median'.
  warnings.warn(
/work/GRDVULN/correction/.venv/lib64/python3.11/site-packages/sklearn/impute/_base.py:647: UserWarning: Skipping features without any observed values: ['od_max_conf_chlorine_contact' 'od_max_conf_drying_bed'
 'od_max_conf_oxidation_pond']. At least one non-missing value is needed for imputation with strategy='median'.
  warnings.warn(
/work/GRDVULN/correction/.venv/lib64/python3.11/site-packages/sklearn/impute/_base.py:647: UserWarning: Skipping features without any observed values: ['od_max_conf_chlorine_contact' 'od_max_conf_drying_bed'
 'od_max_conf_oxidation_pond']. At least one non-missing value is needed for imputation with strategy='median'.
  warnings.warn(
/work/GRDVULN/correction/.venv/lib64/python3.11/site-packages/sklearn/impute/_base.py:647: UserWarning: Skipping features without any observed values: ['od_max_conf_chlorine_contact' 'od_max_conf_drying_bed'
 'od_max_conf_oxidation_pond']. At least one non-missing value is needed for imputation with strategy='median'.
  warnings.warn(
/work/GRDVULN/correction/.venv/lib64/python3.11/site-packages/sklearn/impute/_base.py:647: UserWarning: Skipping features without any observed values: ['od_max_conf_chlorine_contact' 'od_max_conf_drying_bed'
 'od_max_conf_oxidation_pond']. At least one non-missing value is needed for imputation with strategy='median'.
  warnings.warn(
/work/GRDVULN/correction/.venv/lib64/python3.11/site-packages/sklearn/impute/_base.py:647: UserWarning: Skipping features without any observed values: ['od_max_conf_chlorine_contact' 'od_max_conf_drying_bed'
 'od_max_conf_oxidation_pond']. At least one non-missing value is needed for imputation with strategy='median'.
  warnings.warn(
/work/GRDVULN/correction/.venv/lib64/python3.11/site-packages/sklearn/impute/_base.py:647: UserWarning: Skipping features without any observed values: ['od_max_conf_chlorine_contact' 'od_max_conf_drying_bed'
 'od_max_conf_oxidation_pond']. At least one non-missing value is needed for imputation with strategy='median'.
  warnings.warn(
/work/GRDVULN/correction/.venv/lib64/python3.11/site-packages/sklearn/impute/_base.py:647: UserWarning: Skipping features without any observed values: ['od_max_conf_chlorine_contact' 'od_max_conf_drying_bed'
 'od_max_conf_oxidation_pond']. At least one non-missing value is needed for imputation with strategy='median'.
  warnings.warn(
/work/GRDVULN/correction/.venv/lib64/python3.11/site-packages/sklearn/impute/_base.py:647: UserWarning: Skipping features without any observed values: ['od_max_conf_chlorine_contact' 'od_max_conf_drying_bed'
 'od_max_conf_oxidation_pond']. At least one non-missing value is needed for imputation with strategy='median'.
  warnings.warn(
/work/GRDVULN/correction/.venv/lib64/python3.11/site-packages/sklearn/impute/_base.py:647: UserWarning: Skipping features without any observed values: ['od_max_conf_chlorine_contact' 'od_max_conf_drying_bed'
 'od_max_conf_oxidation_pond']. At least one non-missing value is needed for imputation with strategy='median'.
  warnings.warn(
/work/GRDVULN/correction/.venv/lib64/python3.11/site-packages/sklearn/impute/_base.py:647: UserWarning: Skipping features without any observed values: ['od_max_conf_chlorine_contact' 'od_max_conf_drying_bed'
 'od_max_conf_oxidation_pond']. At least one non-missing value is needed for imputation with strategy='median'.
  warnings.warn(
/work/GRDVULN/correction/.venv/lib64/python3.11/site-packages/sklearn/impute/_base.py:647: UserWarning: Skipping features without any observed values: ['od_max_conf_chlorine_contact' 'od_max_conf_drying_bed'
 'od_max_conf_oxidation_pond']. At least one non-missing value is needed for imputation with strategy='median'.
  warnings.warn(
/work/GRDVULN/correction/.venv/lib64/python3.11/site-packages/sklearn/impute/_base.py:647: UserWarning: Skipping features without any observed values: ['od_max_conf_chlorine_contact' 'od_max_conf_drying_bed'
 'od_max_conf_oxidation_pond']. At least one non-missing value is needed for imputation with strategy='median'.
  warnings.warn(
/work/GRDVULN/correction/.venv/lib64/python3.11/site-packages/sklearn/impute/_base.py:647: UserWarning: Skipping features without any observed values: ['od_max_conf_chlorine_contact' 'od_max_conf_drying_bed'
 'od_max_conf_oxidation_pond']. At least one non-missing value is needed for imputation with strategy='median'.
  warnings.warn(
/work/GRDVULN/correction/.venv/lib64/python3.11/site-packages/sklearn/impute/_base.py:647: UserWarning: Skipping features without any observed values: ['od_max_conf_chlorine_contact' 'od_max_conf_drying_bed'
 'od_max_conf_oxidation_pond']. At least one non-missing value is needed for imputation with strategy='median'.
  warnings.warn(
/work/GRDVULN/correction/.venv/lib64/python3.11/site-packages/sklearn/impute/_base.py:647: UserWarning: Skipping features without any observed values: ['od_max_conf_chlorine_contact' 'od_max_conf_drying_bed'
 'od_max_conf_oxidation_pond']. At least one non-missing value is needed for imputation with strategy='median'.
  warnings.warn(
/work/GRDVULN/correction/.venv/lib64/python3.11/site-packages/sklearn/impute/_base.py:647: UserWarning: Skipping features without any observed values: ['od_max_conf_chlorine_contact' 'od_max_conf_drying_bed'
 'od_max_conf_oxidation_pond']. At least one non-missing value is needed for imputation with strategy='median'.
  warnings.warn(
/work/GRDVULN/correction/.venv/lib64/python3.11/site-packages/sklearn/impute/_base.py:647: UserWarning: Skipping features without any observed values: ['od_max_conf_chlorine_contact' 'od_max_conf_drying_bed'
 'od_max_conf_oxidation_pond']. At least one non-missing value is needed for imputation with strategy='median'.
  warnings.warn(
/work/GRDVULN/correction/.venv/lib64/python3.11/site-packages/sklearn/impute/_base.py:647: UserWarning: Skipping features without any observed values: ['od_max_conf_chlorine_contact' 'od_max_conf_drying_bed'
 'od_max_conf_oxidation_pond']. At least one non-missing value is needed for imputation with strategy='median'.
  warnings.warn(
/work/GRDVULN/correction/.venv/lib64/python3.11/site-packages/sklearn/impute/_base.py:647: UserWarning: Skipping features without any observed values: ['od_max_conf_chlorine_contact' 'od_max_conf_drying_bed'
 'od_max_conf_oxidation_pond']. At least one non-missing value is needed for imputation with strategy='median'.
  warnings.warn(
/work/GRDVULN/correction/.venv/lib64/python3.11/site-packages/sklearn/impute/_base.py:647: UserWarning: Skipping features without any observed values: ['od_max_conf_chlorine_contact' 'od_max_conf_drying_bed'
 'od_max_conf_oxidation_pond']. At least one non-missing value is needed for imputation with strategy='median'.
  warnings.warn(
/work/GRDVULN/correction/.venv/lib64/python3.11/site-packages/sklearn/impute/_base.py:647: UserWarning: Skipping features without any observed values: ['od_max_conf_chlorine_contact' 'od_max_conf_drying_bed'
 'od_max_conf_oxidation_pond']. At least one non-missing value is needed for imputation with strategy='median'.
  warnings.warn(
/work/GRDVULN/correction/.venv/lib64/python3.11/site-packages/sklearn/impute/_base.py:647: UserWarning: Skipping features without any observed values: ['od_max_conf_chlorine_contact' 'od_max_conf_drying_bed'
 'od_max_conf_oxidation_pond']. At least one non-missing value is needed for imputation with strategy='median'.
  warnings.warn(
/work/GRDVULN/correction/.venv/lib64/python3.11/site-packages/sklearn/impute/_base.py:647: UserWarning: Skipping features without any observed values: ['od_max_conf_chlorine_contact' 'od_max_conf_drying_bed'
 'od_max_conf_oxidation_pond']. At least one non-missing value is needed for imputation with strategy='median'.
  warnings.warn(
/work/GRDVULN/correction/.venv/lib64/python3.11/site-packages/sklearn/impute/_base.py:647: UserWarning: Skipping features without any observed values: ['od_max_conf_chlorine_contact' 'od_max_conf_drying_bed'
 'od_max_conf_oxidation_pond']. At least one non-missing value is needed for imputation with strategy='median'.
  warnings.warn(
/work/GRDVULN/correction/.venv/lib64/python3.11/site-packages/sklearn/impute/_base.py:647: UserWarning: Skipping features without any observed values: ['od_max_conf_chlorine_contact' 'od_max_conf_drying_bed'
 'od_max_conf_oxidation_pond']. At least one non-missing value is needed for imputation with strategy='median'.
  warnings.warn(
/work/GRDVULN/correction/.venv/lib64/python3.11/site-packages/sklearn/impute/_base.py:647: UserWarning: Skipping features without any observed values: ['od_max_conf_chlorine_contact' 'od_max_conf_drying_bed'
 'od_max_conf_oxidation_pond']. At least one non-missing value is needed for imputation with strategy='median'.
  warnings.warn(
/work/GRDVULN/correction/.venv/lib64/python3.11/site-packages/sklearn/impute/_base.py:647: UserWarning: Skipping features without any observed values: ['od_max_conf_chlorine_contact' 'od_max_conf_drying_bed'
 'od_max_conf_oxidation_pond']. At least one non-missing value is needed for imputation with strategy='median'.
  warnings.warn(
/work/GRDVULN/correction/.venv/lib64/python3.11/site-packages/sklearn/impute/_base.py:647: UserWarning: Skipping features without any observed values: ['od_max_conf_chlorine_contact' 'od_max_conf_drying_bed'
 'od_max_conf_oxidation_pond']. At least one non-missing value is needed for imputation with strategy='median'.
  warnings.warn(
/work/GRDVULN/correction/.venv/lib64/python3.11/site-packages/sklearn/impute/_base.py:647: UserWarning: Skipping features without any observed values: ['od_max_conf_chlorine_contact' 'od_max_conf_drying_bed'
 'od_max_conf_oxidation_pond']. At least one non-missing value is needed for imputation with strategy='median'.
  warnings.warn(
/work/GRDVULN/correction/.venv/lib64/python3.11/site-packages/sklearn/impute/_base.py:647: UserWarning: Skipping features without any observed values: ['od_max_conf_chlorine_contact' 'od_max_conf_drying_bed'
 'od_max_conf_oxidation_pond']. At least one non-missing value is needed for imputation with strategy='median'.
  warnings.warn(
/work/GRDVULN/correction/.venv/lib64/python3.11/site-packages/sklearn/impute/_base.py:647: UserWarning: Skipping features without any observed values: ['od_max_conf_chlorine_contact' 'od_max_conf_drying_bed'
 'od_max_conf_oxidation_pond']. At least one non-missing value is needed for imputation with strategy='median'.
  warnings.warn(
/work/GRDVULN/correction/.venv/lib64/python3.11/site-packages/sklearn/impute/_base.py:647: UserWarning: Skipping features without any observed values: ['od_max_conf_chlorine_contact' 'od_max_conf_drying_bed'
 'od_max_conf_oxidation_pond']. At least one non-missing value is needed for imputation with strategy='median'.
  warnings.warn(
/work/GRDVULN/correction/.venv/lib64/python3.11/site-packages/sklearn/impute/_base.py:647: UserWarning: Skipping features without any observed values: ['od_max_conf_chlorine_contact' 'od_max_conf_drying_bed'
 'od_max_conf_oxidation_pond']. At least one non-missing value is needed for imputation with strategy='median'.
  warnings.warn(
/work/GRDVULN/correction/.venv/lib64/python3.11/site-packages/sklearn/impute/_base.py:647: UserWarning: Skipping features without any observed values: ['od_max_conf_chlorine_contact' 'od_max_conf_drying_bed'
 'od_max_conf_oxidation_pond']. At least one non-missing value is needed for imputation with strategy='median'.
  warnings.warn(
/work/GRDVULN/correction/.venv/lib64/python3.11/site-packages/sklearn/impute/_base.py:647: UserWarning: Skipping features without any observed values: ['od_max_conf_chlorine_contact' 'od_max_conf_drying_bed'
 'od_max_conf_oxidation_pond']. At least one non-missing value is needed for imputation with strategy='median'.
  warnings.warn(
/work/GRDVULN/correction/.venv/lib64/python3.11/site-packages/sklearn/impute/_base.py:647: UserWarning: Skipping features without any observed values: ['od_max_conf_chlorine_contact' 'od_max_conf_drying_bed'
 'od_max_conf_oxidation_pond']. At least one non-missing value is needed for imputation with strategy='median'.
  warnings.warn(
/work/GRDVULN/correction/.venv/lib64/python3.11/site-packages/sklearn/impute/_base.py:647: UserWarning: Skipping features without any observed values: ['od_max_conf_chlorine_contact' 'od_max_conf_drying_bed'
 'od_max_conf_oxidation_pond']. At least one non-missing value is needed for imputation with strategy='median'.
  warnings.warn(
/work/GRDVULN/correction/.venv/lib64/python3.11/site-packages/sklearn/impute/_base.py:647: UserWarning: Skipping features without any observed values: ['od_max_conf_chlorine_contact' 'od_max_conf_drying_bed'
 'od_max_conf_oxidation_pond']. At least one non-missing value is needed for imputation with strategy='median'.
  warnings.warn(
/work/GRDVULN/correction/.venv/lib64/python3.11/site-packages/sklearn/impute/_base.py:647: UserWarning: Skipping features without any observed values: ['od_max_conf_chlorine_contact' 'od_max_conf_drying_bed'
 'od_max_conf_oxidation_pond']. At least one non-missing value is needed for imputation with strategy='median'.
  warnings.warn(
/work/GRDVULN/correction/.venv/lib64/python3.11/site-packages/sklearn/impute/_base.py:647: UserWarning: Skipping features without any observed values: ['od_max_conf_chlorine_contact' 'od_max_conf_drying_bed'
 'od_max_conf_oxidation_pond']. At least one non-missing value is needed for imputation with strategy='median'.
  warnings.warn(
/work/GRDVULN/correction/.venv/lib64/python3.11/site-packages/sklearn/impute/_base.py:647: UserWarning: Skipping features without any observed values: ['od_max_conf_chlorine_contact' 'od_max_conf_drying_bed'
 'od_max_conf_oxidation_pond']. At least one non-missing value is needed for imputation with strategy='median'.
  warnings.warn(
/work/GRDVULN/correction/.venv/lib64/python3.11/site-packages/sklearn/impute/_base.py:647: UserWarning: Skipping features without any observed values: ['od_max_conf_chlorine_contact' 'od_max_conf_drying_bed'
 'od_max_conf_oxidation_pond']. At least one non-missing value is needed for imputation with strategy='median'.
  warnings.warn(
/work/GRDVULN/correction/.venv/lib64/python3.11/site-packages/sklearn/impute/_base.py:647: UserWarning: Skipping features without any observed values: ['od_max_conf_chlorine_contact' 'od_max_conf_drying_bed'
 'od_max_conf_oxidation_pond']. At least one non-missing value is needed for imputation with strategy='median'.
  warnings.warn(
/work/GRDVULN/correction/.venv/lib64/python3.11/site-packages/sklearn/impute/_base.py:647: UserWarning: Skipping features without any observed values: ['od_max_conf_chlorine_contact' 'od_max_conf_drying_bed'
 'od_max_conf_oxidation_pond']. At least one non-missing value is needed for imputation with strategy='median'.
  warnings.warn(
/work/GRDVULN/correction/.venv/lib64/python3.11/site-packages/sklearn/impute/_base.py:647: UserWarning: Skipping features without any observed values: ['od_max_conf_chlorine_contact' 'od_max_conf_drying_bed'
 'od_max_conf_oxidation_pond']. At least one non-missing value is needed for imputation with strategy='median'.
  warnings.warn(
/work/GRDVULN/correction/.venv/lib64/python3.11/site-packages/sklearn/impute/_base.py:647: UserWarning: Skipping features without any observed values: ['od_max_conf_chlorine_contact' 'od_max_conf_drying_bed'
 'od_max_conf_oxidation_pond']. At least one non-missing value is needed for imputation with strategy='median'.
  warnings.warn(
/work/GRDVULN/correction/.venv/lib64/python3.11/site-packages/sklearn/impute/_base.py:647: UserWarning: Skipping features without any observed values: ['od_max_conf_chlorine_contact' 'od_max_conf_drying_bed'
 'od_max_conf_oxidation_pond']. At least one non-missing value is needed for imputation with strategy='median'.
  warnings.warn(
/work/GRDVULN/correction/.venv/lib64/python3.11/site-packages/sklearn/impute/_base.py:647: UserWarning: Skipping features without any observed values: ['od_max_conf_chlorine_contact' 'od_max_conf_drying_bed'
 'od_max_conf_oxidation_pond']. At least one non-missing value is needed for imputation with strategy='median'.
  warnings.warn(
/work/GRDVULN/correction/.venv/lib64/python3.11/site-packages/sklearn/impute/_base.py:647: UserWarning: Skipping features without any observed values: ['od_max_conf_chlorine_contact' 'od_max_conf_drying_bed'
 'od_max_conf_oxidation_pond']. At least one non-missing value is needed for imputation with strategy='median'.
  warnings.warn(
/work/GRDVULN/correction/.venv/lib64/python3.11/site-packages/sklearn/impute/_base.py:647: UserWarning: Skipping features without any observed values: ['od_max_conf_chlorine_contact' 'od_max_conf_drying_bed'
 'od_max_conf_oxidation_pond']. At least one non-missing value is needed for imputation with strategy='median'.
  warnings.warn(
/work/GRDVULN/correction/.venv/lib64/python3.11/site-packages/sklearn/impute/_base.py:647: UserWarning: Skipping features without any observed values: ['od_max_conf_chlorine_contact' 'od_max_conf_drying_bed'
 'od_max_conf_oxidation_pond']. At least one non-missing value is needed for imputation with strategy='median'.
  warnings.warn(
/work/GRDVULN/correction/.venv/lib64/python3.11/site-packages/sklearn/impute/_base.py:647: UserWarning: Skipping features without any observed values: ['od_max_conf_chlorine_contact' 'od_max_conf_drying_bed'
 'od_max_conf_oxidation_pond']. At least one non-missing value is needed for imputation with strategy='median'.
  warnings.warn(
/work/GRDVULN/correction/.venv/lib64/python3.11/site-packages/sklearn/impute/_base.py:647: UserWarning: Skipping features without any observed values: ['od_max_conf_chlorine_contact' 'od_max_conf_drying_bed'
 'od_max_conf_oxidation_pond']. At least one non-missing value is needed for imputation with strategy='median'.
  warnings.warn(
/work/GRDVULN/correction/.venv/lib64/python3.11/site-packages/sklearn/impute/_base.py:647: UserWarning: Skipping features without any observed values: ['od_max_conf_chlorine_contact' 'od_max_conf_drying_bed'
 'od_max_conf_oxidation_pond']. At least one non-missing value is needed for imputation with strategy='median'.
  warnings.warn(
/work/GRDVULN/correction/.venv/lib64/python3.11/site-packages/sklearn/impute/_base.py:647: UserWarning: Skipping features without any observed values: ['od_max_conf_chlorine_contact' 'od_max_conf_drying_bed'
 'od_max_conf_oxidation_pond']. At least one non-missing value is needed for imputation with strategy='median'.
  warnings.warn(
/work/GRDVULN/correction/.venv/lib64/python3.11/site-packages/sklearn/impute/_base.py:647: UserWarning: Skipping features without any observed values: ['od_max_conf_chlorine_contact' 'od_max_conf_drying_bed'
 'od_max_conf_oxidation_pond']. At least one non-missing value is needed for imputation with strategy='median'.
  warnings.warn(
/work/GRDVULN/correction/.venv/lib64/python3.11/site-packages/sklearn/impute/_base.py:647: UserWarning: Skipping features without any observed values: ['od_max_conf_chlorine_contact' 'od_max_conf_drying_bed'
 'od_max_conf_oxidation_pond']. At least one non-missing value is needed for imputation with strategy='median'.
  warnings.warn(
/work/GRDVULN/correction/.venv/lib64/python3.11/site-packages/sklearn/impute/_base.py:647: UserWarning: Skipping features without any observed values: ['od_max_conf_chlorine_contact' 'od_max_conf_drying_bed'
 'od_max_conf_oxidation_pond']. At least one non-missing value is needed for imputation with strategy='median'.
  warnings.warn(
/work/GRDVULN/correction/.venv/lib64/python3.11/site-packages/sklearn/impute/_base.py:647: UserWarning: Skipping features without any observed values: ['od_max_conf_chlorine_contact' 'od_max_conf_drying_bed'
 'od_max_conf_oxidation_pond']. At least one non-missing value is needed for imputation with strategy='median'.
  warnings.warn(
/work/GRDVULN/correction/.venv/lib64/python3.11/site-packages/sklearn/impute/_base.py:647: UserWarning: Skipping features without any observed values: ['od_max_conf_chlorine_contact' 'od_max_conf_drying_bed'
 'od_max_conf_oxidation_pond']. At least one non-missing value is needed for imputation with strategy='median'.
  warnings.warn(
/work/GRDVULN/correction/.venv/lib64/python3.11/site-packages/sklearn/impute/_base.py:647: UserWarning: Skipping features without any observed values: ['od_max_conf_chlorine_contact' 'od_max_conf_drying_bed'
 'od_max_conf_oxidation_pond']. At least one non-missing value is needed for imputation with strategy='median'.
  warnings.warn(
/work/GRDVULN/correction/.venv/lib64/python3.11/site-packages/sklearn/impute/_base.py:647: UserWarning: Skipping features without any observed values: ['od_max_conf_chlorine_contact' 'od_max_conf_drying_bed'
 'od_max_conf_oxidation_pond']. At least one non-missing value is needed for imputation with strategy='median'.
  warnings.warn(
/work/GRDVULN/correction/.venv/lib64/python3.11/site-packages/sklearn/impute/_base.py:647: UserWarning: Skipping features without any observed values: ['od_max_conf_chlorine_contact' 'od_max_conf_drying_bed'
 'od_max_conf_oxidation_pond']. At least one non-missing value is needed for imputation with strategy='median'.
  warnings.warn(
/work/GRDVULN/correction/.venv/lib64/python3.11/site-packages/sklearn/impute/_base.py:647: UserWarning: Skipping features without any observed values: ['od_max_conf_chlorine_contact' 'od_max_conf_drying_bed'
 'od_max_conf_oxidation_pond']. At least one non-missing value is needed for imputation with strategy='median'.
  warnings.warn(
/work/GRDVULN/correction/.venv/lib64/python3.11/site-packages/sklearn/impute/_base.py:647: UserWarning: Skipping features without any observed values: ['od_max_conf_chlorine_contact' 'od_max_conf_drying_bed'
 'od_max_conf_oxidation_pond']. At least one non-missing value is needed for imputation with strategy='median'.
  warnings.warn(
/work/GRDVULN/correction/.venv/lib64/python3.11/site-packages/sklearn/impute/_base.py:647: UserWarning: Skipping features without any observed values: ['od_max_conf_chlorine_contact' 'od_max_conf_drying_bed'
 'od_max_conf_oxidation_pond']. At least one non-missing value is needed for imputation with strategy='median'.
  warnings.warn(
/work/GRDVULN/correction/.venv/lib64/python3.11/site-packages/sklearn/impute/_base.py:647: UserWarning: Skipping features without any observed values: ['od_max_conf_chlorine_contact' 'od_max_conf_drying_bed'
 'od_max_conf_oxidation_pond']. At least one non-missing value is needed for imputation with strategy='median'.
  warnings.warn(
/work/GRDVULN/correction/.venv/lib64/python3.11/site-packages/sklearn/impute/_base.py:647: UserWarning: Skipping features without any observed values: ['od_max_conf_chlorine_contact' 'od_max_conf_drying_bed'
 'od_max_conf_oxidation_pond']. At least one non-missing value is needed for imputation with strategy='median'.
  warnings.warn(
/work/GRDVULN/correction/.venv/lib64/python3.11/site-packages/sklearn/impute/_base.py:647: UserWarning: Skipping features without any observed values: ['od_max_conf_chlorine_contact' 'od_max_conf_drying_bed'
 'od_max_conf_oxidation_pond']. At least one non-missing value is needed for imputation with strategy='median'.
  warnings.warn(
/work/GRDVULN/correction/.venv/lib64/python3.11/site-packages/sklearn/impute/_base.py:647: UserWarning: Skipping features without any observed values: ['od_max_conf_chlorine_contact' 'od_max_conf_drying_bed'
 'od_max_conf_oxidation_pond']. At least one non-missing value is needed for imputation with strategy='median'.
  warnings.warn(
/work/GRDVULN/correction/.venv/lib64/python3.11/site-packages/sklearn/impute/_base.py:647: UserWarning: Skipping features without any observed values: ['od_max_conf_chlorine_contact' 'od_max_conf_drying_bed'
 'od_max_conf_oxidation_pond']. At least one non-missing value is needed for imputation with strategy='median'.
  warnings.warn(
/work/GRDVULN/correction/.venv/lib64/python3.11/site-packages/sklearn/impute/_base.py:647: UserWarning: Skipping features without any observed values: ['od_max_conf_chlorine_contact' 'od_max_conf_drying_bed'
 'od_max_conf_oxidation_pond']. At least one non-missing value is needed for imputation with strategy='median'.
  warnings.warn(
/work/GRDVULN/correction/.venv/lib64/python3.11/site-packages/sklearn/impute/_base.py:647: UserWarning: Skipping features without any observed values: ['od_max_conf_chlorine_contact' 'od_max_conf_drying_bed'
 'od_max_conf_oxidation_pond']. At least one non-missing value is needed for imputation with strategy='median'.
  warnings.warn(
/work/GRDVULN/correction/.venv/lib64/python3.11/site-packages/sklearn/impute/_base.py:647: UserWarning: Skipping features without any observed values: ['od_max_conf_chlorine_contact' 'od_max_conf_drying_bed'
 'od_max_conf_oxidation_pond']. At least one non-missing value is needed for imputation with strategy='median'.
  warnings.warn(
/work/GRDVULN/correction/.venv/lib64/python3.11/site-packages/sklearn/impute/_base.py:647: UserWarning: Skipping features without any observed values: ['od_max_conf_chlorine_contact' 'od_max_conf_drying_bed'
 'od_max_conf_oxidation_pond']. At least one non-missing value is needed for imputation with strategy='median'.
  warnings.warn(
/work/GRDVULN/correction/.venv/lib64/python3.11/site-packages/sklearn/impute/_base.py:647: UserWarning: Skipping features without any observed values: ['od_max_conf_chlorine_contact' 'od_max_conf_drying_bed'
 'od_max_conf_oxidation_pond']. At least one non-missing value is needed for imputation with strategy='median'.
  warnings.warn(
/work/GRDVULN/correction/.venv/lib64/python3.11/site-packages/sklearn/impute/_base.py:647: UserWarning: Skipping features without any observed values: ['od_max_conf_chlorine_contact' 'od_max_conf_drying_bed'
 'od_max_conf_oxidation_pond']. At least one non-missing value is needed for imputation with strategy='median'.
  warnings.warn(
/work/GRDVULN/correction/.venv/lib64/python3.11/site-packages/sklearn/impute/_base.py:647: UserWarning: Skipping features without any observed values: ['od_max_conf_chlorine_contact' 'od_max_conf_drying_bed'
 'od_max_conf_oxidation_pond']. At least one non-missing value is needed for imputation with strategy='median'.
  warnings.warn(
/work/GRDVULN/correction/.venv/lib64/python3.11/site-packages/sklearn/impute/_base.py:647: UserWarning: Skipping features without any observed values: ['od_max_conf_chlorine_contact' 'od_max_conf_drying_bed'
 'od_max_conf_oxidation_pond']. At least one non-missing value is needed for imputation with strategy='median'.
  warnings.warn(
/work/GRDVULN/correction/.venv/lib64/python3.11/site-packages/sklearn/impute/_base.py:647: UserWarning: Skipping features without any observed values: ['od_max_conf_chlorine_contact' 'od_max_conf_drying_bed'
 'od_max_conf_oxidation_pond']. At least one non-missing value is needed for imputation with strategy='median'.
  warnings.warn(
/work/GRDVULN/correction/.venv/lib64/python3.11/site-packages/sklearn/impute/_base.py:647: UserWarning: Skipping features without any observed values: ['od_max_conf_chlorine_contact' 'od_max_conf_drying_bed'
 'od_max_conf_oxidation_pond']. At least one non-missing value is needed for imputation with strategy='median'.
  warnings.warn(
/work/GRDVULN/correction/.venv/lib64/python3.11/site-packages/sklearn/impute/_base.py:647: UserWarning: Skipping features without any observed values: ['od_max_conf_chlorine_contact' 'od_max_conf_drying_bed'
 'od_max_conf_oxidation_pond']. At least one non-missing value is needed for imputation with strategy='median'.
  warnings.warn(
/work/GRDVULN/correction/.venv/lib64/python3.11/site-packages/sklearn/impute/_base.py:647: UserWarning: Skipping features without any observed values: ['od_max_conf_chlorine_contact' 'od_max_conf_drying_bed'
 'od_max_conf_oxidation_pond']. At least one non-missing value is needed for imputation with strategy='median'.
  warnings.warn(
/work/GRDVULN/correction/.venv/lib64/python3.11/site-packages/sklearn/impute/_base.py:647: UserWarning: Skipping features without any observed values: ['od_max_conf_chlorine_contact' 'od_max_conf_drying_bed'
 'od_max_conf_oxidation_pond']. At least one non-missing value is needed for imputation with strategy='median'.
  warnings.warn(
/work/GRDVULN/correction/.venv/lib64/python3.11/site-packages/sklearn/impute/_base.py:647: UserWarning: Skipping features without any observed values: ['od_max_conf_chlorine_contact' 'od_max_conf_drying_bed'
 'od_max_conf_oxidation_pond']. At least one non-missing value is needed for imputation with strategy='median'.
  warnings.warn(
/work/GRDVULN/correction/.venv/lib64/python3.11/site-packages/sklearn/impute/_base.py:647: UserWarning: Skipping features without any observed values: ['od_max_conf_chlorine_contact' 'od_max_conf_drying_bed'
 'od_max_conf_oxidation_pond']. At least one non-missing value is needed for imputation with strategy='median'.
  warnings.warn(
/work/GRDVULN/correction/.venv/lib64/python3.11/site-packages/sklearn/impute/_base.py:647: UserWarning: Skipping features without any observed values: ['od_max_conf_chlorine_contact' 'od_max_conf_drying_bed'
 'od_max_conf_oxidation_pond']. At least one non-missing value is needed for imputation with strategy='median'.
  warnings.warn(
/work/GRDVULN/correction/.venv/lib64/python3.11/site-packages/sklearn/impute/_base.py:647: UserWarning: Skipping features without any observed values: ['od_max_conf_chlorine_contact' 'od_max_conf_drying_bed'
 'od_max_conf_oxidation_pond']. At least one non-missing value is needed for imputation with strategy='median'.
  warnings.warn(
/work/GRDVULN/correction/.venv/lib64/python3.11/site-packages/sklearn/impute/_base.py:647: UserWarning: Skipping features without any observed values: ['od_max_conf_chlorine_contact' 'od_max_conf_drying_bed'
 'od_max_conf_oxidation_pond']. At least one non-missing value is needed for imputation with strategy='median'.
  warnings.warn(
/work/GRDVULN/correction/.venv/lib64/python3.11/site-packages/sklearn/impute/_base.py:647: UserWarning: Skipping features without any observed values: ['od_max_conf_chlorine_contact' 'od_max_conf_drying_bed'
 'od_max_conf_oxidation_pond']. At least one non-missing value is needed for imputation with strategy='median'.
  warnings.warn(
/work/GRDVULN/correction/.venv/lib64/python3.11/site-packages/sklearn/impute/_base.py:647: UserWarning: Skipping features without any observed values: ['od_max_conf_chlorine_contact' 'od_max_conf_drying_bed'
 'od_max_conf_oxidation_pond']. At least one non-missing value is needed for imputation with strategy='median'.
  warnings.warn(
/work/GRDVULN/correction/.venv/lib64/python3.11/site-packages/sklearn/impute/_base.py:647: UserWarning: Skipping features without any observed values: ['od_max_conf_chlorine_contact' 'od_max_conf_drying_bed'
 'od_max_conf_oxidation_pond']. At least one non-missing value is needed for imputation with strategy='median'.
  warnings.warn(
/work/GRDVULN/correction/.venv/lib64/python3.11/site-packages/sklearn/impute/_base.py:647: UserWarning: Skipping features without any observed values: ['od_max_conf_chlorine_contact' 'od_max_conf_drying_bed'
 'od_max_conf_oxidation_pond']. At least one non-missing value is needed for imputation with strategy='median'.
  warnings.warn(
/work/GRDVULN/correction/.venv/lib64/python3.11/site-packages/sklearn/impute/_base.py:647: UserWarning: Skipping features without any observed values: ['od_max_conf_chlorine_contact' 'od_max_conf_drying_bed'
 'od_max_conf_oxidation_pond']. At least one non-missing value is needed for imputation with strategy='median'.
  warnings.warn(
/work/GRDVULN/correction/.venv/lib64/python3.11/site-packages/sklearn/impute/_base.py:647: UserWarning: Skipping features without any observed values: ['od_max_conf_chlorine_contact' 'od_max_conf_drying_bed'
 'od_max_conf_oxidation_pond']. At least one non-missing value is needed for imputation with strategy='median'.
  warnings.warn(
/work/GRDVULN/correction/.venv/lib64/python3.11/site-packages/sklearn/impute/_base.py:647: UserWarning: Skipping features without any observed values: ['od_max_conf_chlorine_contact' 'od_max_conf_drying_bed'
 'od_max_conf_oxidation_pond']. At least one non-missing value is needed for imputation with strategy='median'.
  warnings.warn(
/work/GRDVULN/correction/.venv/lib64/python3.11/site-packages/sklearn/impute/_base.py:647: UserWarning: Skipping features without any observed values: ['od_max_conf_chlorine_contact' 'od_max_conf_drying_bed'
 'od_max_conf_oxidation_pond']. At least one non-missing value is needed for imputation with strategy='median'.
  warnings.warn(
/work/GRDVULN/correction/.venv/lib64/python3.11/site-packages/sklearn/impute/_base.py:647: UserWarning: Skipping features without any observed values: ['od_max_conf_chlorine_contact' 'od_max_conf_drying_bed'
 'od_max_conf_oxidation_pond']. At least one non-missing value is needed for imputation with strategy='median'.
  warnings.warn(
/work/GRDVULN/correction/.venv/lib64/python3.11/site-packages/sklearn/impute/_base.py:647: UserWarning: Skipping features without any observed values: ['od_max_conf_chlorine_contact' 'od_max_conf_drying_bed'
 'od_max_conf_oxidation_pond']. At least one non-missing value is needed for imputation with strategy='median'.
  warnings.warn(
/work/GRDVULN/correction/.venv/lib64/python3.11/site-packages/sklearn/impute/_base.py:647: UserWarning: Skipping features without any observed values: ['od_max_conf_chlorine_contact' 'od_max_conf_drying_bed'
 'od_max_conf_oxidation_pond']. At least one non-missing value is needed for imputation with strategy='median'.
  warnings.warn(
/work/GRDVULN/correction/.venv/lib64/python3.11/site-packages/sklearn/impute/_base.py:647: UserWarning: Skipping features without any observed values: ['od_max_conf_chlorine_contact' 'od_max_conf_drying_bed'
 'od_max_conf_oxidation_pond']. At least one non-missing value is needed for imputation with strategy='median'.
  warnings.warn(
/work/GRDVULN/correction/.venv/lib64/python3.11/site-packages/sklearn/impute/_base.py:647: UserWarning: Skipping features without any observed values: ['od_max_conf_chlorine_contact' 'od_max_conf_drying_bed'
 'od_max_conf_oxidation_pond']. At least one non-missing value is needed for imputation with strategy='median'.
  warnings.warn(
/work/GRDVULN/correction/.venv/lib64/python3.11/site-packages/sklearn/impute/_base.py:647: UserWarning: Skipping features without any observed values: ['od_max_conf_chlorine_contact' 'od_max_conf_drying_bed'
 'od_max_conf_oxidation_pond']. At least one non-missing value is needed for imputation with strategy='median'.
  warnings.warn(
/work/GRDVULN/correction/.venv/lib64/python3.11/site-packages/sklearn/impute/_base.py:647: UserWarning: Skipping features without any observed values: ['od_max_conf_chlorine_contact' 'od_max_conf_drying_bed'
 'od_max_conf_oxidation_pond']. At least one non-missing value is needed for imputation with strategy='median'.
  warnings.warn(
/work/GRDVULN/correction/.venv/lib64/python3.11/site-packages/sklearn/impute/_base.py:647: UserWarning: Skipping features without any observed values: ['od_max_conf_chlorine_contact' 'od_max_conf_drying_bed'
 'od_max_conf_oxidation_pond']. At least one non-missing value is needed for imputation with strategy='median'.
  warnings.warn(
/work/GRDVULN/correction/.venv/lib64/python3.11/site-packages/sklearn/impute/_base.py:647: UserWarning: Skipping features without any observed values: ['od_max_conf_chlorine_contact' 'od_max_conf_drying_bed'
 'od_max_conf_oxidation_pond']. At least one non-missing value is needed for imputation with strategy='median'.
  warnings.warn(
/work/GRDVULN/correction/.venv/lib64/python3.11/site-packages/sklearn/impute/_base.py:647: UserWarning: Skipping features without any observed values: ['od_max_conf_chlorine_contact' 'od_max_conf_drying_bed'
 'od_max_conf_oxidation_pond']. At least one non-missing value is needed for imputation with strategy='median'.
  warnings.warn(
/work/GRDVULN/correction/.venv/lib64/python3.11/site-packages/sklearn/impute/_base.py:647: UserWarning: Skipping features without any observed values: ['od_max_conf_chlorine_contact' 'od_max_conf_drying_bed'
 'od_max_conf_oxidation_pond']. At least one non-missing value is needed for imputation with strategy='median'.
  warnings.warn(
/work/GRDVULN/correction/.venv/lib64/python3.11/site-packages/sklearn/impute/_base.py:647: UserWarning: Skipping features without any observed values: ['od_max_conf_chlorine_contact' 'od_max_conf_drying_bed'
 'od_max_conf_oxidation_pond']. At least one non-missing value is needed for imputation with strategy='median'.
  warnings.warn(
/work/GRDVULN/correction/.venv/lib64/python3.11/site-packages/sklearn/impute/_base.py:647: UserWarning: Skipping features without any observed values: ['od_max_conf_chlorine_contact' 'od_max_conf_drying_bed'
 'od_max_conf_oxidation_pond']. At least one non-missing value is needed for imputation with strategy='median'.
  warnings.warn(
/work/GRDVULN/correction/.venv/lib64/python3.11/site-packages/sklearn/impute/_base.py:647: UserWarning: Skipping features without any observed values: ['od_max_conf_chlorine_contact' 'od_max_conf_drying_bed'
 'od_max_conf_oxidation_pond']. At least one non-missing value is needed for imputation with strategy='median'.
  warnings.warn(
/work/GRDVULN/correction/.venv/lib64/python3.11/site-packages/sklearn/impute/_base.py:647: UserWarning: Skipping features without any observed values: ['od_max_conf_chlorine_contact' 'od_max_conf_drying_bed'
 'od_max_conf_oxidation_pond']. At least one non-missing value is needed for imputation with strategy='median'.
  warnings.warn(
/work/GRDVULN/correction/.venv/lib64/python3.11/site-packages/sklearn/impute/_base.py:647: UserWarning: Skipping features without any observed values: ['od_max_conf_chlorine_contact' 'od_max_conf_drying_bed'
 'od_max_conf_oxidation_pond']. At least one non-missing value is needed for imputation with strategy='median'.
  warnings.warn(
/work/GRDVULN/correction/.venv/lib64/python3.11/site-packages/sklearn/impute/_base.py:647: UserWarning: Skipping features without any observed values: ['od_max_conf_chlorine_contact' 'od_max_conf_drying_bed'
 'od_max_conf_oxidation_pond']. At least one non-missing value is needed for imputation with strategy='median'.
  warnings.warn(
/work/GRDVULN/correction/.venv/lib64/python3.11/site-packages/sklearn/impute/_base.py:647: UserWarning: Skipping features without any observed values: ['od_max_conf_chlorine_contact' 'od_max_conf_drying_bed'
 'od_max_conf_oxidation_pond']. At least one non-missing value is needed for imputation with strategy='median'.
  warnings.warn(
/work/GRDVULN/correction/.venv/lib64/python3.11/site-packages/sklearn/impute/_base.py:647: UserWarning: Skipping features without any observed values: ['od_max_conf_chlorine_contact' 'od_max_conf_drying_bed'
 'od_max_conf_oxidation_pond']. At least one non-missing value is needed for imputation with strategy='median'.
  warnings.warn(
/work/GRDVULN/correction/.venv/lib64/python3.11/site-packages/sklearn/impute/_base.py:647: UserWarning: Skipping features without any observed values: ['od_max_conf_chlorine_contact' 'od_max_conf_drying_bed'
 'od_max_conf_oxidation_pond']. At least one non-missing value is needed for imputation with strategy='median'.
  warnings.warn(
/work/GRDVULN/correction/.venv/lib64/python3.11/site-packages/sklearn/impute/_base.py:647: UserWarning: Skipping features without any observed values: ['od_max_conf_chlorine_contact' 'od_max_conf_drying_bed'
 'od_max_conf_oxidation_pond']. At least one non-missing value is needed for imputation with strategy='median'.
  warnings.warn(
/work/GRDVULN/correction/.venv/lib64/python3.11/site-packages/sklearn/impute/_base.py:647: UserWarning: Skipping features without any observed values: ['od_max_conf_chlorine_contact' 'od_max_conf_drying_bed'
 'od_max_conf_oxidation_pond']. At least one non-missing value is needed for imputation with strategy='median'.
  warnings.warn(
/work/GRDVULN/correction/.venv/lib64/python3.11/site-packages/sklearn/impute/_base.py:647: UserWarning: Skipping features without any observed values: ['od_max_conf_chlorine_contact' 'od_max_conf_drying_bed'
 'od_max_conf_oxidation_pond']. At least one non-missing value is needed for imputation with strategy='median'.
  warnings.warn(
/work/GRDVULN/correction/.venv/lib64/python3.11/site-packages/sklearn/impute/_base.py:647: UserWarning: Skipping features without any observed values: ['od_max_conf_chlorine_contact' 'od_max_conf_drying_bed'
 'od_max_conf_oxidation_pond']. At least one non-missing value is needed for imputation with strategy='median'.
  warnings.warn(
/work/GRDVULN/correction/.venv/lib64/python3.11/site-packages/sklearn/impute/_base.py:647: UserWarning: Skipping features without any observed values: ['od_max_conf_chlorine_contact' 'od_max_conf_drying_bed'
 'od_max_conf_oxidation_pond']. At least one non-missing value is needed for imputation with strategy='median'.
  warnings.warn(
/work/GRDVULN/correction/.venv/lib64/python3.11/site-packages/sklearn/impute/_base.py:647: UserWarning: Skipping features without any observed values: ['od_max_conf_chlorine_contact' 'od_max_conf_drying_bed'
 'od_max_conf_oxidation_pond']. At least one non-missing value is needed for imputation with strategy='median'.
  warnings.warn(
/work/GRDVULN/correction/.venv/lib64/python3.11/site-packages/sklearn/impute/_base.py:647: UserWarning: Skipping features without any observed values: ['od_max_conf_chlorine_contact' 'od_max_conf_drying_bed'
 'od_max_conf_oxidation_pond']. At least one non-missing value is needed for imputation with strategy='median'.
  warnings.warn(
/work/GRDVULN/correction/.venv/lib64/python3.11/site-packages/sklearn/impute/_base.py:647: UserWarning: Skipping features without any observed values: ['od_max_conf_chlorine_contact' 'od_max_conf_drying_bed'
 'od_max_conf_oxidation_pond']. At least one non-missing value is needed for imputation with strategy='median'.
  warnings.warn(
/work/GRDVULN/correction/.venv/lib64/python3.11/site-packages/sklearn/impute/_base.py:647: UserWarning: Skipping features without any observed values: ['od_max_conf_chlorine_contact' 'od_max_conf_drying_bed'
 'od_max_conf_oxidation_pond']. At least one non-missing value is needed for imputation with strategy='median'.
  warnings.warn(
/work/GRDVULN/correction/.venv/lib64/python3.11/site-packages/sklearn/impute/_base.py:647: UserWarning: Skipping features without any observed values: ['od_max_conf_chlorine_contact' 'od_max_conf_drying_bed'
 'od_max_conf_oxidation_pond']. At least one non-missing value is needed for imputation with strategy='median'.
  warnings.warn(
/work/GRDVULN/correction/.venv/lib64/python3.11/site-packages/sklearn/impute/_base.py:647: UserWarning: Skipping features without any observed values: ['od_max_conf_chlorine_contact' 'od_max_conf_drying_bed'
 'od_max_conf_oxidation_pond']. At least one non-missing value is needed for imputation with strategy='median'.
  warnings.warn(
/work/GRDVULN/correction/.venv/lib64/python3.11/site-packages/sklearn/impute/_base.py:647: UserWarning: Skipping features without any observed values: ['od_max_conf_chlorine_contact' 'od_max_conf_drying_bed'
 'od_max_conf_oxidation_pond']. At least one non-missing value is needed for imputation with strategy='median'.
  warnings.warn(
/work/GRDVULN/correction/.venv/lib64/python3.11/site-packages/sklearn/impute/_base.py:647: UserWarning: Skipping features without any observed values: ['od_max_conf_chlorine_contact' 'od_max_conf_drying_bed'
 'od_max_conf_oxidation_pond']. At least one non-missing value is needed for imputation with strategy='median'.
  warnings.warn(
/work/GRDVULN/correction/.venv/lib64/python3.11/site-packages/sklearn/impute/_base.py:647: UserWarning: Skipping features without any observed values: ['od_max_conf_chlorine_contact' 'od_max_conf_drying_bed'
 'od_max_conf_oxidation_pond']. At least one non-missing value is needed for imputation with strategy='median'.
  warnings.warn(
/work/GRDVULN/correction/.venv/lib64/python3.11/site-packages/sklearn/impute/_base.py:647: UserWarning: Skipping features without any observed values: ['od_max_conf_chlorine_contact' 'od_max_conf_drying_bed'
 'od_max_conf_oxidation_pond']. At least one non-missing value is needed for imputation with strategy='median'.
  warnings.warn(
/work/GRDVULN/correction/.venv/lib64/python3.11/site-packages/sklearn/impute/_base.py:647: UserWarning: Skipping features without any observed values: ['od_max_conf_chlorine_contact' 'od_max_conf_drying_bed'
 'od_max_conf_oxidation_pond']. At least one non-missing value is needed for imputation with strategy='median'.
  warnings.warn(
/work/GRDVULN/correction/.venv/lib64/python3.11/site-packages/sklearn/impute/_base.py:647: UserWarning: Skipping features without any observed values: ['od_max_conf_chlorine_contact' 'od_max_conf_drying_bed'
 'od_max_conf_oxidation_pond']. At least one non-missing value is needed for imputation with strategy='median'.
  warnings.warn(
/work/GRDVULN/correction/.venv/lib64/python3.11/site-packages/sklearn/impute/_base.py:647: UserWarning: Skipping features without any observed values: ['od_max_conf_chlorine_contact' 'od_max_conf_drying_bed'
 'od_max_conf_oxidation_pond']. At least one non-missing value is needed for imputation with strategy='median'.
  warnings.warn(
/work/GRDVULN/correction/.venv/lib64/python3.11/site-packages/sklearn/impute/_base.py:647: UserWarning: Skipping features without any observed values: ['od_max_conf_chlorine_contact' 'od_max_conf_drying_bed'
 'od_max_conf_oxidation_pond']. At least one non-missing value is needed for imputation with strategy='median'.
  warnings.warn(
/work/GRDVULN/correction/.venv/lib64/python3.11/site-packages/sklearn/impute/_base.py:647: UserWarning: Skipping features without any observed values: ['od_max_conf_chlorine_contact' 'od_max_conf_drying_bed'
 'od_max_conf_oxidation_pond']. At least one non-missing value is needed for imputation with strategy='median'.
  warnings.warn(
/work/GRDVULN/correction/.venv/lib64/python3.11/site-packages/sklearn/impute/_base.py:647: UserWarning: Skipping features without any observed values: ['od_max_conf_chlorine_contact' 'od_max_conf_drying_bed'
 'od_max_conf_oxidation_pond']. At least one non-missing value is needed for imputation with strategy='median'.
  warnings.warn(
/work/GRDVULN/correction/.venv/lib64/python3.11/site-packages/sklearn/impute/_base.py:647: UserWarning: Skipping features without any observed values: ['od_max_conf_chlorine_contact' 'od_max_conf_drying_bed'
 'od_max_conf_oxidation_pond']. At least one non-missing value is needed for imputation with strategy='median'.
  warnings.warn(
/work/GRDVULN/correction/.venv/lib64/python3.11/site-packages/sklearn/impute/_base.py:647: UserWarning: Skipping features without any observed values: ['od_max_conf_chlorine_contact' 'od_max_conf_drying_bed'
 'od_max_conf_oxidation_pond']. At least one non-missing value is needed for imputation with strategy='median'.
  warnings.warn(
/work/GRDVULN/correction/.venv/lib64/python3.11/site-packages/sklearn/impute/_base.py:647: UserWarning: Skipping features without any observed values: ['od_max_conf_chlorine_contact' 'od_max_conf_drying_bed'
 'od_max_conf_oxidation_pond']. At least one non-missing value is needed for imputation with strategy='median'.
  warnings.warn(
/work/GRDVULN/correction/.venv/lib64/python3.11/site-packages/sklearn/impute/_base.py:647: UserWarning: Skipping features without any observed values: ['od_max_conf_chlorine_contact' 'od_max_conf_drying_bed'
 'od_max_conf_oxidation_pond']. At least one non-missing value is needed for imputation with strategy='median'.
  warnings.warn(
/work/GRDVULN/correction/.venv/lib64/python3.11/site-packages/sklearn/impute/_base.py:647: UserWarning: Skipping features without any observed values: ['od_max_conf_chlorine_contact' 'od_max_conf_drying_bed'
 'od_max_conf_oxidation_pond']. At least one non-missing value is needed for imputation with strategy='median'.
  warnings.warn(
/work/GRDVULN/correction/.venv/lib64/python3.11/site-packages/sklearn/impute/_base.py:647: UserWarning: Skipping features without any observed values: ['od_max_conf_chlorine_contact' 'od_max_conf_drying_bed'
 'od_max_conf_oxidation_pond']. At least one non-missing value is needed for imputation with strategy='median'.
  warnings.warn(
/work/GRDVULN/correction/.venv/lib64/python3.11/site-packages/sklearn/impute/_base.py:647: UserWarning: Skipping features without any observed values: ['od_max_conf_chlorine_contact' 'od_max_conf_drying_bed'
 'od_max_conf_oxidation_pond']. At least one non-missing value is needed for imputation with strategy='median'.
  warnings.warn(
/work/GRDVULN/correction/.venv/lib64/python3.11/site-packages/sklearn/impute/_base.py:647: UserWarning: Skipping features without any observed values: ['od_max_conf_chlorine_contact' 'od_max_conf_drying_bed'
 'od_max_conf_oxidation_pond']. At least one non-missing value is needed for imputation with strategy='median'.
  warnings.warn(
/work/GRDVULN/correction/.venv/lib64/python3.11/site-packages/sklearn/impute/_base.py:647: UserWarning: Skipping features without any observed values: ['od_max_conf_chlorine_contact' 'od_max_conf_drying_bed'
 'od_max_conf_oxidation_pond']. At least one non-missing value is needed for imputation with strategy='median'.
  warnings.warn(
/work/GRDVULN/correction/.venv/lib64/python3.11/site-packages/sklearn/impute/_base.py:647: UserWarning: Skipping features without any observed values: ['od_max_conf_chlorine_contact' 'od_max_conf_drying_bed'
 'od_max_conf_oxidation_pond']. At least one non-missing value is needed for imputation with strategy='median'.
  warnings.warn(
/work/GRDVULN/correction/.venv/lib64/python3.11/site-packages/sklearn/impute/_base.py:647: UserWarning: Skipping features without any observed values: ['od_max_conf_chlorine_contact' 'od_max_conf_drying_bed'
 'od_max_conf_oxidation_pond']. At least one non-missing value is needed for imputation with strategy='median'.
  warnings.warn(
/work/GRDVULN/correction/.venv/lib64/python3.11/site-packages/sklearn/impute/_base.py:647: UserWarning: Skipping features without any observed values: ['od_max_conf_chlorine_contact' 'od_max_conf_drying_bed'
 'od_max_conf_oxidation_pond']. At least one non-missing value is needed for imputation with strategy='median'.
  warnings.warn(
/work/GRDVULN/correction/.venv/lib64/python3.11/site-packages/sklearn/impute/_base.py:647: UserWarning: Skipping features without any observed values: ['od_max_conf_chlorine_contact' 'od_max_conf_drying_bed'
 'od_max_conf_oxidation_pond']. At least one non-missing value is needed for imputation with strategy='median'.
  warnings.warn(
/work/GRDVULN/correction/.venv/lib64/python3.11/site-packages/sklearn/impute/_base.py:647: UserWarning: Skipping features without any observed values: ['od_max_conf_chlorine_contact' 'od_max_conf_drying_bed'
 'od_max_conf_oxidation_pond']. At least one non-missing value is needed for imputation with strategy='median'.
  warnings.warn(
/work/GRDVULN/correction/.venv/lib64/python3.11/site-packages/sklearn/impute/_base.py:647: UserWarning: Skipping features without any observed values: ['od_max_conf_chlorine_contact' 'od_max_conf_drying_bed'
 'od_max_conf_oxidation_pond']. At least one non-missing value is needed for imputation with strategy='median'.
  warnings.warn(
/work/GRDVULN/correction/.venv/lib64/python3.11/site-packages/sklearn/impute/_base.py:647: UserWarning: Skipping features without any observed values: ['od_max_conf_chlorine_contact' 'od_max_conf_drying_bed'
 'od_max_conf_oxidation_pond']. At least one non-missing value is needed for imputation with strategy='median'.
  warnings.warn(
/work/GRDVULN/correction/.venv/lib64/python3.11/site-packages/sklearn/impute/_base.py:647: UserWarning: Skipping features without any observed values: ['od_max_conf_chlorine_contact' 'od_max_conf_drying_bed'
 'od_max_conf_oxidation_pond']. At least one non-missing value is needed for imputation with strategy='median'.
  warnings.warn(
/work/GRDVULN/correction/.venv/lib64/python3.11/site-packages/sklearn/impute/_base.py:647: UserWarning: Skipping features without any observed values: ['od_max_conf_chlorine_contact' 'od_max_conf_drying_bed'
 'od_max_conf_oxidation_pond']. At least one non-missing value is needed for imputation with strategy='median'.
  warnings.warn(
/work/GRDVULN/correction/.venv/lib64/python3.11/site-packages/sklearn/impute/_base.py:647: UserWarning: Skipping features without any observed values: ['od_max_conf_chlorine_contact' 'od_max_conf_drying_bed'
 'od_max_conf_oxidation_pond']. At least one non-missing value is needed for imputation with strategy='median'.
  warnings.warn(
/work/GRDVULN/correction/.venv/lib64/python3.11/site-packages/sklearn/impute/_base.py:647: UserWarning: Skipping features without any observed values: ['od_max_conf_chlorine_contact' 'od_max_conf_drying_bed'
 'od_max_conf_oxidation_pond']. At least one non-missing value is needed for imputation with strategy='median'.
  warnings.warn(
/work/GRDVULN/correction/.venv/lib64/python3.11/site-packages/sklearn/impute/_base.py:647: UserWarning: Skipping features without any observed values: ['od_max_conf_chlorine_contact' 'od_max_conf_drying_bed'
 'od_max_conf_oxidation_pond']. At least one non-missing value is needed for imputation with strategy='median'.
  warnings.warn(
/work/GRDVULN/correction/.venv/lib64/python3.11/site-packages/sklearn/impute/_base.py:647: UserWarning: Skipping features without any observed values: ['od_max_conf_chlorine_contact' 'od_max_conf_drying_bed'
 'od_max_conf_oxidation_pond']. At least one non-missing value is needed for imputation with strategy='median'.
  warnings.warn(
/work/GRDVULN/correction/.venv/lib64/python3.11/site-packages/sklearn/impute/_base.py:647: UserWarning: Skipping features without any observed values: ['od_max_conf_chlorine_contact' 'od_max_conf_drying_bed'
 'od_max_conf_oxidation_pond']. At least one non-missing value is needed for imputation with strategy='median'.
  warnings.warn(
/work/GRDVULN/correction/.venv/lib64/python3.11/site-packages/sklearn/impute/_base.py:647: UserWarning: Skipping features without any observed values: ['od_max_conf_chlorine_contact' 'od_max_conf_drying_bed'
 'od_max_conf_oxidation_pond']. At least one non-missing value is needed for imputation with strategy='median'.
  warnings.warn(
/work/GRDVULN/correction/.venv/lib64/python3.11/site-packages/sklearn/impute/_base.py:647: UserWarning: Skipping features without any observed values: ['od_max_conf_chlorine_contact' 'od_max_conf_drying_bed'
 'od_max_conf_oxidation_pond']. At least one non-missing value is needed for imputation with strategy='median'.
  warnings.warn(
/work/GRDVULN/correction/.venv/lib64/python3.11/site-packages/sklearn/impute/_base.py:647: UserWarning: Skipping features without any observed values: ['od_max_conf_chlorine_contact' 'od_max_conf_drying_bed'
 'od_max_conf_oxidation_pond']. At least one non-missing value is needed for imputation with strategy='median'.
  warnings.warn(
/work/GRDVULN/correction/.venv/lib64/python3.11/site-packages/sklearn/impute/_base.py:647: UserWarning: Skipping features without any observed values: ['od_max_conf_chlorine_contact' 'od_max_conf_drying_bed'
 'od_max_conf_oxidation_pond']. At least one non-missing value is needed for imputation with strategy='median'.
  warnings.warn(
/work/GRDVULN/correction/.venv/lib64/python3.11/site-packages/sklearn/impute/_base.py:647: UserWarning: Skipping features without any observed values: ['od_max_conf_chlorine_contact' 'od_max_conf_drying_bed'
 'od_max_conf_oxidation_pond']. At least one non-missing value is needed for imputation with strategy='median'.
  warnings.warn(
/work/GRDVULN/correction/.venv/lib64/python3.11/site-packages/sklearn/impute/_base.py:647: UserWarning: Skipping features without any observed values: ['od_max_conf_chlorine_contact' 'od_max_conf_drying_bed'
 'od_max_conf_oxidation_pond']. At least one non-missing value is needed for imputation with strategy='median'.
  warnings.warn(
/work/GRDVULN/correction/.venv/lib64/python3.11/site-packages/sklearn/impute/_base.py:647: UserWarning: Skipping features without any observed values: ['od_max_conf_chlorine_contact' 'od_max_conf_drying_bed'
 'od_max_conf_oxidation_pond']. At least one non-missing value is needed for imputation with strategy='median'.
  warnings.warn(
/work/GRDVULN/correction/.venv/lib64/python3.11/site-packages/sklearn/impute/_base.py:647: UserWarning: Skipping features without any observed values: ['od_max_conf_chlorine_contact' 'od_max_conf_drying_bed'
 'od_max_conf_oxidation_pond']. At least one non-missing value is needed for imputation with strategy='median'.
  warnings.warn(
/work/GRDVULN/correction/.venv/lib64/python3.11/site-packages/sklearn/impute/_base.py:647: UserWarning: Skipping features without any observed values: ['od_max_conf_chlorine_contact' 'od_max_conf_drying_bed'
 'od_max_conf_oxidation_pond']. At least one non-missing value is needed for imputation with strategy='median'.
  warnings.warn(
/work/GRDVULN/correction/.venv/lib64/python3.11/site-packages/sklearn/impute/_base.py:647: UserWarning: Skipping features without any observed values: ['od_max_conf_chlorine_contact' 'od_max_conf_drying_bed'
 'od_max_conf_oxidation_pond']. At least one non-missing value is needed for imputation with strategy='median'.
  warnings.warn(
/work/GRDVULN/correction/.venv/lib64/python3.11/site-packages/sklearn/impute/_base.py:647: UserWarning: Skipping features without any observed values: ['od_max_conf_chlorine_contact' 'od_max_conf_drying_bed'
 'od_max_conf_oxidation_pond']. At least one non-missing value is needed for imputation with strategy='median'.
  warnings.warn(
/work/GRDVULN/correction/.venv/lib64/python3.11/site-packages/sklearn/impute/_base.py:647: UserWarning: Skipping features without any observed values: ['od_max_conf_chlorine_contact' 'od_max_conf_drying_bed'
 'od_max_conf_oxidation_pond']. At least one non-missing value is needed for imputation with strategy='median'.
  warnings.warn(
/work/GRDVULN/correction/.venv/lib64/python3.11/site-packages/sklearn/impute/_base.py:647: UserWarning: Skipping features without any observed values: ['od_max_conf_chlorine_contact' 'od_max_conf_drying_bed'
 'od_max_conf_oxidation_pond']. At least one non-missing value is needed for imputation with strategy='median'.
  warnings.warn(
/work/GRDVULN/correction/.venv/lib64/python3.11/site-packages/sklearn/impute/_base.py:647: UserWarning: Skipping features without any observed values: ['od_max_conf_chlorine_contact' 'od_max_conf_drying_bed'
 'od_max_conf_oxidation_pond']. At least one non-missing value is needed for imputation with strategy='median'.
  warnings.warn(
/work/GRDVULN/correction/.venv/lib64/python3.11/site-packages/sklearn/impute/_base.py:647: UserWarning: Skipping features without any observed values: ['od_max_conf_chlorine_contact' 'od_max_conf_drying_bed'
 'od_max_conf_oxidation_pond']. At least one non-missing value is needed for imputation with strategy='median'.
  warnings.warn(
/work/GRDVULN/correction/.venv/lib64/python3.11/site-packages/sklearn/impute/_base.py:647: UserWarning: Skipping features without any observed values: ['od_max_conf_chlorine_contact' 'od_max_conf_drying_bed'
 'od_max_conf_oxidation_pond']. At least one non-missing value is needed for imputation with strategy='median'.
  warnings.warn(
/work/GRDVULN/correction/.venv/lib64/python3.11/site-packages/sklearn/impute/_base.py:647: UserWarning: Skipping features without any observed values: ['od_max_conf_chlorine_contact' 'od_max_conf_drying_bed'
 'od_max_conf_oxidation_pond']. At least one non-missing value is needed for imputation with strategy='median'.
  warnings.warn(
/work/GRDVULN/correction/.venv/lib64/python3.11/site-packages/sklearn/impute/_base.py:647: UserWarning: Skipping features without any observed values: ['od_max_conf_chlorine_contact' 'od_max_conf_drying_bed'
 'od_max_conf_oxidation_pond']. At least one non-missing value is needed for imputation with strategy='median'.
  warnings.warn(
/work/GRDVULN/correction/.venv/lib64/python3.11/site-packages/sklearn/impute/_base.py:647: UserWarning: Skipping features without any observed values: ['od_max_conf_chlorine_contact' 'od_max_conf_drying_bed'
 'od_max_conf_oxidation_pond']. At least one non-missing value is needed for imputation with strategy='median'.
  warnings.warn(
/work/GRDVULN/correction/.venv/lib64/python3.11/site-packages/sklearn/impute/_base.py:647: UserWarning: Skipping features without any observed values: ['od_max_conf_chlorine_contact' 'od_max_conf_drying_bed'
 'od_max_conf_oxidation_pond']. At least one non-missing value is needed for imputation with strategy='median'.
  warnings.warn(
/work/GRDVULN/correction/.venv/lib64/python3.11/site-packages/sklearn/impute/_base.py:647: UserWarning: Skipping features without any observed values: ['od_max_conf_chlorine_contact' 'od_max_conf_drying_bed'
 'od_max_conf_oxidation_pond']. At least one non-missing value is needed for imputation with strategy='median'.
  warnings.warn(
/work/GRDVULN/correction/.venv/lib64/python3.11/site-packages/sklearn/impute/_base.py:647: UserWarning: Skipping features without any observed values: ['od_max_conf_chlorine_contact' 'od_max_conf_drying_bed'
 'od_max_conf_oxidation_pond']. At least one non-missing value is needed for imputation with strategy='median'.
  warnings.warn(
/work/GRDVULN/correction/.venv/lib64/python3.11/site-packages/sklearn/impute/_base.py:647: UserWarning: Skipping features without any observed values: ['od_max_conf_chlorine_contact' 'od_max_conf_drying_bed'
 'od_max_conf_oxidation_pond']. At least one non-missing value is needed for imputation with strategy='median'.
  warnings.warn(
/work/GRDVULN/correction/.venv/lib64/python3.11/site-packages/sklearn/impute/_base.py:647: UserWarning: Skipping features without any observed values: ['od_max_conf_chlorine_contact' 'od_max_conf_drying_bed'
 'od_max_conf_oxidation_pond']. At least one non-missing value is needed for imputation with strategy='median'.
  warnings.warn(
/work/GRDVULN/correction/.venv/lib64/python3.11/site-packages/sklearn/impute/_base.py:647: UserWarning: Skipping features without any observed values: ['od_max_conf_chlorine_contact' 'od_max_conf_drying_bed'
 'od_max_conf_oxidation_pond']. At least one non-missing value is needed for imputation with strategy='median'.
  warnings.warn(
/work/GRDVULN/correction/.venv/lib64/python3.11/site-packages/sklearn/impute/_base.py:647: UserWarning: Skipping features without any observed values: ['od_max_conf_chlorine_contact' 'od_max_conf_drying_bed'
 'od_max_conf_oxidation_pond']. At least one non-missing value is needed for imputation with strategy='median'.
  warnings.warn(
/work/GRDVULN/correction/.venv/lib64/python3.11/site-packages/sklearn/impute/_base.py:647: UserWarning: Skipping features without any observed values: ['od_max_conf_chlorine_contact' 'od_max_conf_drying_bed'
 'od_max_conf_oxidation_pond']. At least one non-missing value is needed for imputation with strategy='median'.
  warnings.warn(
/work/GRDVULN/correction/.venv/lib64/python3.11/site-packages/sklearn/impute/_base.py:647: UserWarning: Skipping features without any observed values: ['od_max_conf_chlorine_contact' 'od_max_conf_drying_bed'
 'od_max_conf_oxidation_pond']. At least one non-missing value is needed for imputation with strategy='median'.
  warnings.warn(
/work/GRDVULN/correction/.venv/lib64/python3.11/site-packages/sklearn/impute/_base.py:647: UserWarning: Skipping features without any observed values: ['od_max_conf_chlorine_contact' 'od_max_conf_drying_bed'
 'od_max_conf_oxidation_pond']. At least one non-missing value is needed for imputation with strategy='median'.
  warnings.warn(
/work/GRDVULN/correction/.venv/lib64/python3.11/site-packages/sklearn/impute/_base.py:647: UserWarning: Skipping features without any observed values: ['od_max_conf_chlorine_contact' 'od_max_conf_drying_bed'
 'od_max_conf_oxidation_pond']. At least one non-missing value is needed for imputation with strategy='median'.
  warnings.warn(
/work/GRDVULN/correction/.venv/lib64/python3.11/site-packages/sklearn/impute/_base.py:647: UserWarning: Skipping features without any observed values: ['od_max_conf_chlorine_contact' 'od_max_conf_drying_bed'
 'od_max_conf_oxidation_pond']. At least one non-missing value is needed for imputation with strategy='median'.
  warnings.warn(
/work/GRDVULN/correction/.venv/lib64/python3.11/site-packages/sklearn/impute/_base.py:647: UserWarning: Skipping features without any observed values: ['od_max_conf_chlorine_contact' 'od_max_conf_drying_bed'
 'od_max_conf_oxidation_pond']. At least one non-missing value is needed for imputation with strategy='median'.
  warnings.warn(
/work/GRDVULN/correction/.venv/lib64/python3.11/site-packages/sklearn/impute/_base.py:647: UserWarning: Skipping features without any observed values: ['od_max_conf_chlorine_contact' 'od_max_conf_drying_bed'
 'od_max_conf_oxidation_pond']. At least one non-missing value is needed for imputation with strategy='median'.
  warnings.warn(
/work/GRDVULN/correction/.venv/lib64/python3.11/site-packages/sklearn/impute/_base.py:647: UserWarning: Skipping features without any observed values: ['od_max_conf_chlorine_contact' 'od_max_conf_drying_bed'
 'od_max_conf_oxidation_pond']. At least one non-missing value is needed for imputation with strategy='median'.
  warnings.warn(
/work/GRDVULN/correction/.venv/lib64/python3.11/site-packages/sklearn/impute/_base.py:647: UserWarning: Skipping features without any observed values: ['od_max_conf_chlorine_contact' 'od_max_conf_drying_bed'
 'od_max_conf_oxidation_pond']. At least one non-missing value is needed for imputation with strategy='median'.
  warnings.warn(
/work/GRDVULN/correction/.venv/lib64/python3.11/site-packages/sklearn/impute/_base.py:647: UserWarning: Skipping features without any observed values: ['od_max_conf_chlorine_contact' 'od_max_conf_drying_bed'
 'od_max_conf_oxidation_pond']. At least one non-missing value is needed for imputation with strategy='median'.
  warnings.warn(
/work/GRDVULN/correction/.venv/lib64/python3.11/site-packages/sklearn/impute/_base.py:647: UserWarning: Skipping features without any observed values: ['od_max_conf_chlorine_contact' 'od_max_conf_drying_bed'
 'od_max_conf_oxidation_pond']. At least one non-missing value is needed for imputation with strategy='median'.
  warnings.warn(
/work/GRDVULN/correction/.venv/lib64/python3.11/site-packages/sklearn/impute/_base.py:647: UserWarning: Skipping features without any observed values: ['od_max_conf_chlorine_contact' 'od_max_conf_drying_bed'
 'od_max_conf_oxidation_pond']. At least one non-missing value is needed for imputation with strategy='median'.
  warnings.warn(
/work/GRDVULN/correction/.venv/lib64/python3.11/site-packages/sklearn/impute/_base.py:647: UserWarning: Skipping features without any observed values: ['od_max_conf_chlorine_contact' 'od_max_conf_drying_bed'
 'od_max_conf_oxidation_pond']. At least one non-missing value is needed for imputation with strategy='median'.
  warnings.warn(
/work/GRDVULN/correction/.venv/lib64/python3.11/site-packages/sklearn/impute/_base.py:647: UserWarning: Skipping features without any observed values: ['od_max_conf_chlorine_contact' 'od_max_conf_drying_bed'
 'od_max_conf_oxidation_pond']. At least one non-missing value is needed for imputation with strategy='median'.
  warnings.warn(
/work/GRDVULN/correction/.venv/lib64/python3.11/site-packages/sklearn/impute/_base.py:647: UserWarning: Skipping features without any observed values: ['od_max_conf_chlorine_contact' 'od_max_conf_drying_bed'
 'od_max_conf_oxidation_pond']. At least one non-missing value is needed for imputation with strategy='median'.
  warnings.warn(
/work/GRDVULN/correction/.venv/lib64/python3.11/site-packages/sklearn/impute/_base.py:647: UserWarning: Skipping features without any observed values: ['od_max_conf_chlorine_contact' 'od_max_conf_drying_bed'
 'od_max_conf_oxidation_pond']. At least one non-missing value is needed for imputation with strategy='median'.
  warnings.warn(
/work/GRDVULN/correction/.venv/lib64/python3.11/site-packages/sklearn/impute/_base.py:647: UserWarning: Skipping features without any observed values: ['od_max_conf_chlorine_contact' 'od_max_conf_drying_bed'
 'od_max_conf_oxidation_pond']. At least one non-missing value is needed for imputation with strategy='median'.
  warnings.warn(
/work/GRDVULN/correction/.venv/lib64/python3.11/site-packages/sklearn/impute/_base.py:647: UserWarning: Skipping features without any observed values: ['od_max_conf_chlorine_contact' 'od_max_conf_drying_bed'
 'od_max_conf_oxidation_pond']. At least one non-missing value is needed for imputation with strategy='median'.
  warnings.warn(
/work/GRDVULN/correction/.venv/lib64/python3.11/site-packages/sklearn/impute/_base.py:647: UserWarning: Skipping features without any observed values: ['od_max_conf_chlorine_contact' 'od_max_conf_drying_bed'
 'od_max_conf_oxidation_pond']. At least one non-missing value is needed for imputation with strategy='median'.
  warnings.warn(
/work/GRDVULN/correction/.venv/lib64/python3.11/site-packages/sklearn/impute/_base.py:647: UserWarning: Skipping features without any observed values: ['od_max_conf_chlorine_contact' 'od_max_conf_drying_bed'
 'od_max_conf_oxidation_pond']. At least one non-missing value is needed for imputation with strategy='median'.
  warnings.warn(
/work/GRDVULN/correction/.venv/lib64/python3.11/site-packages/sklearn/impute/_base.py:647: UserWarning: Skipping features without any observed values: ['od_max_conf_chlorine_contact' 'od_max_conf_drying_bed'
 'od_max_conf_oxidation_pond']. At least one non-missing value is needed for imputation with strategy='median'.
  warnings.warn(
/work/GRDVULN/correction/.venv/lib64/python3.11/site-packages/sklearn/impute/_base.py:647: UserWarning: Skipping features without any observed values: ['od_max_conf_chlorine_contact' 'od_max_conf_drying_bed'
 'od_max_conf_oxidation_pond']. At least one non-missing value is needed for imputation with strategy='median'.
  warnings.warn(
/work/GRDVULN/correction/.venv/lib64/python3.11/site-packages/sklearn/impute/_base.py:647: UserWarning: Skipping features without any observed values: ['od_max_conf_chlorine_contact' 'od_max_conf_drying_bed'
 'od_max_conf_oxidation_pond']. At least one non-missing value is needed for imputation with strategy='median'.
  warnings.warn(
/work/GRDVULN/correction/.venv/lib64/python3.11/site-packages/sklearn/impute/_base.py:647: UserWarning: Skipping features without any observed values: ['od_max_conf_chlorine_contact' 'od_max_conf_drying_bed'
 'od_max_conf_oxidation_pond']. At least one non-missing value is needed for imputation with strategy='median'.
  warnings.warn(
/work/GRDVULN/correction/.venv/lib64/python3.11/site-packages/sklearn/impute/_base.py:647: UserWarning: Skipping features without any observed values: ['od_max_conf_chlorine_contact' 'od_max_conf_drying_bed'
 'od_max_conf_oxidation_pond']. At least one non-missing value is needed for imputation with strategy='median'.
  warnings.warn(
/work/GRDVULN/correction/.venv/lib64/python3.11/site-packages/sklearn/impute/_base.py:647: UserWarning: Skipping features without any observed values: ['od_max_conf_chlorine_contact' 'od_max_conf_drying_bed'
 'od_max_conf_oxidation_pond']. At least one non-missing value is needed for imputation with strategy='median'.
  warnings.warn(
/work/GRDVULN/correction/.venv/lib64/python3.11/site-packages/sklearn/impute/_base.py:647: UserWarning: Skipping features without any observed values: ['od_max_conf_chlorine_contact' 'od_max_conf_drying_bed'
 'od_max_conf_oxidation_pond']. At least one non-missing value is needed for imputation with strategy='median'.
  warnings.warn(
/work/GRDVULN/correction/.venv/lib64/python3.11/site-packages/sklearn/impute/_base.py:647: UserWarning: Skipping features without any observed values: ['od_max_conf_chlorine_contact' 'od_max_conf_drying_bed'
 'od_max_conf_oxidation_pond']. At least one non-missing value is needed for imputation with strategy='median'.
  warnings.warn(
/work/GRDVULN/correction/.venv/lib64/python3.11/site-packages/sklearn/impute/_base.py:647: UserWarning: Skipping features without any observed values: ['od_max_conf_chlorine_contact' 'od_max_conf_drying_bed'
 'od_max_conf_oxidation_pond']. At least one non-missing value is needed for imputation with strategy='median'.
  warnings.warn(
/work/GRDVULN/correction/.venv/lib64/python3.11/site-packages/sklearn/impute/_base.py:647: UserWarning: Skipping features without any observed values: ['od_max_conf_chlorine_contact' 'od_max_conf_drying_bed'
 'od_max_conf_oxidation_pond']. At least one non-missing value is needed for imputation with strategy='median'.
  warnings.warn(
/work/GRDVULN/correction/.venv/lib64/python3.11/site-packages/sklearn/impute/_base.py:647: UserWarning: Skipping features without any observed values: ['od_max_conf_chlorine_contact' 'od_max_conf_drying_bed'
 'od_max_conf_oxidation_pond']. At least one non-missing value is needed for imputation with strategy='median'.
  warnings.warn(
/work/GRDVULN/correction/.venv/lib64/python3.11/site-packages/sklearn/impute/_base.py:647: UserWarning: Skipping features without any observed values: ['od_max_conf_chlorine_contact' 'od_max_conf_drying_bed'
 'od_max_conf_oxidation_pond']. At least one non-missing value is needed for imputation with strategy='median'.
  warnings.warn(
/work/GRDVULN/correction/.venv/lib64/python3.11/site-packages/sklearn/impute/_base.py:647: UserWarning: Skipping features without any observed values: ['od_max_conf_chlorine_contact' 'od_max_conf_drying_bed'
 'od_max_conf_oxidation_pond']. At least one non-missing value is needed for imputation with strategy='median'.
  warnings.warn(
/work/GRDVULN/correction/.venv/lib64/python3.11/site-packages/sklearn/impute/_base.py:647: UserWarning: Skipping features without any observed values: ['od_max_conf_chlorine_contact' 'od_max_conf_drying_bed'
 'od_max_conf_oxidation_pond']. At least one non-missing value is needed for imputation with strategy='median'.
  warnings.warn(
/work/GRDVULN/correction/.venv/lib64/python3.11/site-packages/sklearn/impute/_base.py:647: UserWarning: Skipping features without any observed values: ['od_max_conf_chlorine_contact' 'od_max_conf_drying_bed'
 'od_max_conf_oxidation_pond']. At least one non-missing value is needed for imputation with strategy='median'.
  warnings.warn(
/work/GRDVULN/correction/.venv/lib64/python3.11/site-packages/sklearn/impute/_base.py:647: UserWarning: Skipping features without any observed values: ['od_max_conf_chlorine_contact' 'od_max_conf_drying_bed'
 'od_max_conf_oxidation_pond']. At least one non-missing value is needed for imputation with strategy='median'.
  warnings.warn(
/work/GRDVULN/correction/.venv/lib64/python3.11/site-packages/sklearn/impute/_base.py:647: UserWarning: Skipping features without any observed values: ['od_max_conf_chlorine_contact' 'od_max_conf_drying_bed'
 'od_max_conf_oxidation_pond']. At least one non-missing value is needed for imputation with strategy='median'.
  warnings.warn(
/work/GRDVULN/correction/.venv/lib64/python3.11/site-packages/sklearn/impute/_base.py:647: UserWarning: Skipping features without any observed values: ['od_max_conf_chlorine_contact' 'od_max_conf_drying_bed'
 'od_max_conf_oxidation_pond']. At least one non-missing value is needed for imputation with strategy='median'.
  warnings.warn(
/work/GRDVULN/correction/.venv/lib64/python3.11/site-packages/sklearn/impute/_base.py:647: UserWarning: Skipping features without any observed values: ['od_max_conf_chlorine_contact' 'od_max_conf_drying_bed'
 'od_max_conf_oxidation_pond']. At least one non-missing value is needed for imputation with strategy='median'.
  warnings.warn(
/work/GRDVULN/correction/.venv/lib64/python3.11/site-packages/sklearn/impute/_base.py:647: UserWarning: Skipping features without any observed values: ['od_max_conf_chlorine_contact' 'od_max_conf_drying_bed'
 'od_max_conf_oxidation_pond']. At least one non-missing value is needed for imputation with strategy='median'.
  warnings.warn(
/work/GRDVULN/correction/.venv/lib64/python3.11/site-packages/sklearn/impute/_base.py:647: UserWarning: Skipping features without any observed values: ['od_max_conf_chlorine_contact' 'od_max_conf_drying_bed'
 'od_max_conf_oxidation_pond']. At least one non-missing value is needed for imputation with strategy='median'.
  warnings.warn(
/work/GRDVULN/correction/.venv/lib64/python3.11/site-packages/sklearn/impute/_base.py:647: UserWarning: Skipping features without any observed values: ['od_max_conf_chlorine_contact' 'od_max_conf_drying_bed'
 'od_max_conf_oxidation_pond']. At least one non-missing value is needed for imputation with strategy='median'.
  warnings.warn(
/work/GRDVULN/correction/.venv/lib64/python3.11/site-packages/sklearn/impute/_base.py:647: UserWarning: Skipping features without any observed values: ['od_max_conf_chlorine_contact' 'od_max_conf_drying_bed'
 'od_max_conf_oxidation_pond']. At least one non-missing value is needed for imputation with strategy='median'.
  warnings.warn(
/work/GRDVULN/correction/.venv/lib64/python3.11/site-packages/sklearn/impute/_base.py:647: UserWarning: Skipping features without any observed values: ['od_max_conf_chlorine_contact' 'od_max_conf_drying_bed'
 'od_max_conf_oxidation_pond']. At least one non-missing value is needed for imputation with strategy='median'.
  warnings.warn(
/work/GRDVULN/correction/.venv/lib64/python3.11/site-packages/sklearn/impute/_base.py:647: UserWarning: Skipping features without any observed values: ['od_max_conf_chlorine_contact' 'od_max_conf_drying_bed'
 'od_max_conf_oxidation_pond']. At least one non-missing value is needed for imputation with strategy='median'.
  warnings.warn(
/work/GRDVULN/correction/.venv/lib64/python3.11/site-packages/sklearn/impute/_base.py:647: UserWarning: Skipping features without any observed values: ['od_max_conf_chlorine_contact' 'od_max_conf_drying_bed'
 'od_max_conf_oxidation_pond']. At least one non-missing value is needed for imputation with strategy='median'.
  warnings.warn(
/work/GRDVULN/correction/.venv/lib64/python3.11/site-packages/sklearn/impute/_base.py:647: UserWarning: Skipping features without any observed values: ['od_max_conf_chlorine_contact' 'od_max_conf_drying_bed'
 'od_max_conf_oxidation_pond']. At least one non-missing value is needed for imputation with strategy='median'.
  warnings.warn(
/work/GRDVULN/correction/.venv/lib64/python3.11/site-packages/sklearn/impute/_base.py:647: UserWarning: Skipping features without any observed values: ['od_max_conf_chlorine_contact' 'od_max_conf_drying_bed'
 'od_max_conf_oxidation_pond']. At least one non-missing value is needed for imputation with strategy='median'.
  warnings.warn(
/work/GRDVULN/correction/.venv/lib64/python3.11/site-packages/sklearn/impute/_base.py:647: UserWarning: Skipping features without any observed values: ['od_max_conf_chlorine_contact' 'od_max_conf_drying_bed'
 'od_max_conf_oxidation_pond']. At least one non-missing value is needed for imputation with strategy='median'.
  warnings.warn(
/work/GRDVULN/correction/.venv/lib64/python3.11/site-packages/sklearn/impute/_base.py:647: UserWarning: Skipping features without any observed values: ['od_max_conf_chlorine_contact' 'od_max_conf_drying_bed'
 'od_max_conf_oxidation_pond']. At least one non-missing value is needed for imputation with strategy='median'.
  warnings.warn(
/work/GRDVULN/correction/.venv/lib64/python3.11/site-packages/sklearn/impute/_base.py:647: UserWarning: Skipping features without any observed values: ['od_max_conf_chlorine_contact' 'od_max_conf_drying_bed'
 'od_max_conf_oxidation_pond']. At least one non-missing value is needed for imputation with strategy='median'.
  warnings.warn(
/work/GRDVULN/correction/.venv/lib64/python3.11/site-packages/sklearn/impute/_base.py:647: UserWarning: Skipping features without any observed values: ['od_max_conf_chlorine_contact' 'od_max_conf_drying_bed'
 'od_max_conf_oxidation_pond']. At least one non-missing value is needed for imputation with strategy='median'.
  warnings.warn(
/work/GRDVULN/correction/.venv/lib64/python3.11/site-packages/sklearn/impute/_base.py:647: UserWarning: Skipping features without any observed values: ['od_max_conf_chlorine_contact' 'od_max_conf_drying_bed'
 'od_max_conf_oxidation_pond']. At least one non-missing value is needed for imputation with strategy='median'.
  warnings.warn(
/work/GRDVULN/correction/.venv/lib64/python3.11/site-packages/sklearn/impute/_base.py:647: UserWarning: Skipping features without any observed values: ['od_max_conf_chlorine_contact' 'od_max_conf_drying_bed'
 'od_max_conf_oxidation_pond']. At least one non-missing value is needed for imputation with strategy='median'.
  warnings.warn(
/work/GRDVULN/correction/.venv/lib64/python3.11/site-packages/sklearn/impute/_base.py:647: UserWarning: Skipping features without any observed values: ['od_max_conf_chlorine_contact' 'od_max_conf_drying_bed'
 'od_max_conf_oxidation_pond']. At least one non-missing value is needed for imputation with strategy='median'.
  warnings.warn(
/work/GRDVULN/correction/.venv/lib64/python3.11/site-packages/sklearn/impute/_base.py:647: UserWarning: Skipping features without any observed values: ['od_max_conf_chlorine_contact' 'od_max_conf_drying_bed'
 'od_max_conf_oxidation_pond']. At least one non-missing value is needed for imputation with strategy='median'.
  warnings.warn(
/work/GRDVULN/correction/.venv/lib64/python3.11/site-packages/sklearn/impute/_base.py:647: UserWarning: Skipping features without any observed values: ['od_max_conf_chlorine_contact' 'od_max_conf_drying_bed'
 'od_max_conf_oxidation_pond']. At least one non-missing value is needed for imputation with strategy='median'.
  warnings.warn(
/work/GRDVULN/correction/.venv/lib64/python3.11/site-packages/sklearn/impute/_base.py:647: UserWarning: Skipping features without any observed values: ['od_max_conf_chlorine_contact' 'od_max_conf_drying_bed'
 'od_max_conf_oxidation_pond']. At least one non-missing value is needed for imputation with strategy='median'.
  warnings.warn(
/work/GRDVULN/correction/.venv/lib64/python3.11/site-packages/sklearn/impute/_base.py:647: UserWarning: Skipping features without any observed values: ['od_max_conf_chlorine_contact' 'od_max_conf_drying_bed'
 'od_max_conf_oxidation_pond']. At least one non-missing value is needed for imputation with strategy='median'.
  warnings.warn(
/work/GRDVULN/correction/.venv/lib64/python3.11/site-packages/sklearn/impute/_base.py:647: UserWarning: Skipping features without any observed values: ['od_max_conf_chlorine_contact' 'od_max_conf_drying_bed'
 'od_max_conf_oxidation_pond']. At least one non-missing value is needed for imputation with strategy='median'.
  warnings.warn(
/work/GRDVULN/correction/.venv/lib64/python3.11/site-packages/sklearn/impute/_base.py:647: UserWarning: Skipping features without any observed values: ['od_max_conf_chlorine_contact' 'od_max_conf_drying_bed'
 'od_max_conf_oxidation_pond']. At least one non-missing value is needed for imputation with strategy='median'.
  warnings.warn(
/work/GRDVULN/correction/.venv/lib64/python3.11/site-packages/sklearn/impute/_base.py:647: UserWarning: Skipping features without any observed values: ['od_max_conf_chlorine_contact' 'od_max_conf_drying_bed'
 'od_max_conf_oxidation_pond']. At least one non-missing value is needed for imputation with strategy='median'.
  warnings.warn(
/work/GRDVULN/correction/.venv/lib64/python3.11/site-packages/sklearn/impute/_base.py:647: UserWarning: Skipping features without any observed values: ['od_max_conf_chlorine_contact' 'od_max_conf_drying_bed'
 'od_max_conf_oxidation_pond']. At least one non-missing value is needed for imputation with strategy='median'.
  warnings.warn(
/work/GRDVULN/correction/.venv/lib64/python3.11/site-packages/sklearn/impute/_base.py:647: UserWarning: Skipping features without any observed values: ['od_max_conf_chlorine_contact' 'od_max_conf_drying_bed'
 'od_max_conf_oxidation_pond']. At least one non-missing value is needed for imputation with strategy='median'.
  warnings.warn(
/work/GRDVULN/correction/.venv/lib64/python3.11/site-packages/sklearn/impute/_base.py:647: UserWarning: Skipping features without any observed values: ['od_max_conf_chlorine_contact' 'od_max_conf_drying_bed'
 'od_max_conf_oxidation_pond']. At least one non-missing value is needed for imputation with strategy='median'.
  warnings.warn(
/work/GRDVULN/correction/.venv/lib64/python3.11/site-packages/sklearn/impute/_base.py:647: UserWarning: Skipping features without any observed values: ['od_max_conf_chlorine_contact' 'od_max_conf_drying_bed'
 'od_max_conf_oxidation_pond']. At least one non-missing value is needed for imputation with strategy='median'.
  warnings.warn(
/work/GRDVULN/correction/.venv/lib64/python3.11/site-packages/sklearn/impute/_base.py:647: UserWarning: Skipping features without any observed values: ['od_max_conf_chlorine_contact' 'od_max_conf_drying_bed'
 'od_max_conf_oxidation_pond']. At least one non-missing value is needed for imputation with strategy='median'.
  warnings.warn(
/work/GRDVULN/correction/.venv/lib64/python3.11/site-packages/sklearn/impute/_base.py:647: UserWarning: Skipping features without any observed values: ['od_max_conf_chlorine_contact' 'od_max_conf_drying_bed'
 'od_max_conf_oxidation_pond']. At least one non-missing value is needed for imputation with strategy='median'.
  warnings.warn(
/work/GRDVULN/correction/.venv/lib64/python3.11/site-packages/sklearn/impute/_base.py:647: UserWarning: Skipping features without any observed values: ['od_max_conf_chlorine_contact' 'od_max_conf_drying_bed'
 'od_max_conf_oxidation_pond']. At least one non-missing value is needed for imputation with strategy='median'.
  warnings.warn(
/work/GRDVULN/correction/.venv/lib64/python3.11/site-packages/sklearn/impute/_base.py:647: UserWarning: Skipping features without any observed values: ['od_max_conf_chlorine_contact' 'od_max_conf_drying_bed'
 'od_max_conf_oxidation_pond']. At least one non-missing value is needed for imputation with strategy='median'.
  warnings.warn(
/work/GRDVULN/correction/.venv/lib64/python3.11/site-packages/sklearn/impute/_base.py:647: UserWarning: Skipping features without any observed values: ['od_max_conf_chlorine_contact' 'od_max_conf_drying_bed'
 'od_max_conf_oxidation_pond']. At least one non-missing value is needed for imputation with strategy='median'.
  warnings.warn(
/work/GRDVULN/correction/.venv/lib64/python3.11/site-packages/sklearn/impute/_base.py:647: UserWarning: Skipping features without any observed values: ['od_max_conf_chlorine_contact' 'od_max_conf_drying_bed'
 'od_max_conf_oxidation_pond']. At least one non-missing value is needed for imputation with strategy='median'.
  warnings.warn(
/work/GRDVULN/correction/.venv/lib64/python3.11/site-packages/sklearn/impute/_base.py:647: UserWarning: Skipping features without any observed values: ['od_max_conf_chlorine_contact' 'od_max_conf_drying_bed'
 'od_max_conf_oxidation_pond']. At least one non-missing value is needed for imputation with strategy='median'.
  warnings.warn(
/work/GRDVULN/correction/.venv/lib64/python3.11/site-packages/sklearn/impute/_base.py:647: UserWarning: Skipping features without any observed values: ['od_max_conf_chlorine_contact' 'od_max_conf_drying_bed'
 'od_max_conf_oxidation_pond']. At least one non-missing value is needed for imputation with strategy='median'.
  warnings.warn(
/work/GRDVULN/correction/.venv/lib64/python3.11/site-packages/sklearn/impute/_base.py:647: UserWarning: Skipping features without any observed values: ['od_max_conf_chlorine_contact' 'od_max_conf_drying_bed'
 'od_max_conf_oxidation_pond']. At least one non-missing value is needed for imputation with strategy='median'.
  warnings.warn(
/work/GRDVULN/correction/.venv/lib64/python3.11/site-packages/sklearn/impute/_base.py:647: UserWarning: Skipping features without any observed values: ['od_max_conf_chlorine_contact' 'od_max_conf_drying_bed'
 'od_max_conf_oxidation_pond']. At least one non-missing value is needed for imputation with strategy='median'.
  warnings.warn(
/work/GRDVULN/correction/.venv/lib64/python3.11/site-packages/sklearn/impute/_base.py:647: UserWarning: Skipping features without any observed values: ['od_max_conf_chlorine_contact' 'od_max_conf_drying_bed'
 'od_max_conf_oxidation_pond']. At least one non-missing value is needed for imputation with strategy='median'.
  warnings.warn(
/work/GRDVULN/correction/.venv/lib64/python3.11/site-packages/sklearn/impute/_base.py:647: UserWarning: Skipping features without any observed values: ['od_max_conf_chlorine_contact' 'od_max_conf_drying_bed'
 'od_max_conf_oxidation_pond']. At least one non-missing value is needed for imputation with strategy='median'.
  warnings.warn(
/work/GRDVULN/correction/.venv/lib64/python3.11/site-packages/sklearn/impute/_base.py:647: UserWarning: Skipping features without any observed values: ['od_max_conf_chlorine_contact' 'od_max_conf_drying_bed'
 'od_max_conf_oxidation_pond']. At least one non-missing value is needed for imputation with strategy='median'.
  warnings.warn(
/work/GRDVULN/correction/.venv/lib64/python3.11/site-packages/sklearn/impute/_base.py:647: UserWarning: Skipping features without any observed values: ['od_max_conf_chlorine_contact' 'od_max_conf_drying_bed'
 'od_max_conf_oxidation_pond']. At least one non-missing value is needed for imputation with strategy='median'.
  warnings.warn(
/work/GRDVULN/correction/.venv/lib64/python3.11/site-packages/sklearn/impute/_base.py:647: UserWarning: Skipping features without any observed values: ['od_max_conf_chlorine_contact' 'od_max_conf_drying_bed'
 'od_max_conf_oxidation_pond']. At least one non-missing value is needed for imputation with strategy='median'.
  warnings.warn(
/work/GRDVULN/correction/.venv/lib64/python3.11/site-packages/sklearn/impute/_base.py:647: UserWarning: Skipping features without any observed values: ['od_max_conf_chlorine_contact' 'od_max_conf_drying_bed'
 'od_max_conf_oxidation_pond']. At least one non-missing value is needed for imputation with strategy='median'.
  warnings.warn(
/work/GRDVULN/correction/.venv/lib64/python3.11/site-packages/sklearn/impute/_base.py:647: UserWarning: Skipping features without any observed values: ['od_max_conf_chlorine_contact' 'od_max_conf_drying_bed'
 'od_max_conf_oxidation_pond']. At least one non-missing value is needed for imputation with strategy='median'.
  warnings.warn(
/work/GRDVULN/correction/.venv/lib64/python3.11/site-packages/sklearn/impute/_base.py:647: UserWarning: Skipping features without any observed values: ['od_max_conf_chlorine_contact' 'od_max_conf_drying_bed'
 'od_max_conf_oxidation_pond']. At least one non-missing value is needed for imputation with strategy='median'.
  warnings.warn(
/work/GRDVULN/correction/.venv/lib64/python3.11/site-packages/sklearn/impute/_base.py:647: UserWarning: Skipping features without any observed values: ['od_max_conf_chlorine_contact' 'od_max_conf_drying_bed'
 'od_max_conf_oxidation_pond']. At least one non-missing value is needed for imputation with strategy='median'.
  warnings.warn(
/work/GRDVULN/correction/.venv/lib64/python3.11/site-packages/sklearn/impute/_base.py:647: UserWarning: Skipping features without any observed values: ['od_max_conf_chlorine_contact' 'od_max_conf_drying_bed'
 'od_max_conf_oxidation_pond']. At least one non-missing value is needed for imputation with strategy='median'.
  warnings.warn(
/work/GRDVULN/correction/.venv/lib64/python3.11/site-packages/sklearn/impute/_base.py:647: UserWarning: Skipping features without any observed values: ['od_max_conf_chlorine_contact' 'od_max_conf_drying_bed'
 'od_max_conf_oxidation_pond']. At least one non-missing value is needed for imputation with strategy='median'.
  warnings.warn(
/work/GRDVULN/correction/.venv/lib64/python3.11/site-packages/sklearn/impute/_base.py:647: UserWarning: Skipping features without any observed values: ['od_max_conf_chlorine_contact' 'od_max_conf_drying_bed'
 'od_max_conf_oxidation_pond']. At least one non-missing value is needed for imputation with strategy='median'.
  warnings.warn(
/work/GRDVULN/correction/.venv/lib64/python3.11/site-packages/sklearn/impute/_base.py:647: UserWarning: Skipping features without any observed values: ['od_max_conf_chlorine_contact' 'od_max_conf_drying_bed'
 'od_max_conf_oxidation_pond']. At least one non-missing value is needed for imputation with strategy='median'.
  warnings.warn(
/work/GRDVULN/correction/.venv/lib64/python3.11/site-packages/sklearn/impute/_base.py:647: UserWarning: Skipping features without any observed values: ['od_max_conf_chlorine_contact' 'od_max_conf_drying_bed'
 'od_max_conf_oxidation_pond']. At least one non-missing value is needed for imputation with strategy='median'.
  warnings.warn(
/work/GRDVULN/correction/.venv/lib64/python3.11/site-packages/sklearn/impute/_base.py:647: UserWarning: Skipping features without any observed values: ['od_max_conf_chlorine_contact' 'od_max_conf_drying_bed'
 'od_max_conf_oxidation_pond']. At least one non-missing value is needed for imputation with strategy='median'.
  warnings.warn(
/work/GRDVULN/correction/.venv/lib64/python3.11/site-packages/sklearn/impute/_base.py:647: UserWarning: Skipping features without any observed values: ['od_max_conf_chlorine_contact' 'od_max_conf_drying_bed'
 'od_max_conf_oxidation_pond']. At least one non-missing value is needed for imputation with strategy='median'.
  warnings.warn(
/work/GRDVULN/correction/.venv/lib64/python3.11/site-packages/sklearn/impute/_base.py:647: UserWarning: Skipping features without any observed values: ['od_max_conf_chlorine_contact' 'od_max_conf_drying_bed'
 'od_max_conf_oxidation_pond']. At least one non-missing value is needed for imputation with strategy='median'.
  warnings.warn(
/work/GRDVULN/correction/.venv/lib64/python3.11/site-packages/sklearn/impute/_base.py:647: UserWarning: Skipping features without any observed values: ['od_max_conf_chlorine_contact' 'od_max_conf_drying_bed'
 'od_max_conf_oxidation_pond']. At least one non-missing value is needed for imputation with strategy='median'.
  warnings.warn(
/work/GRDVULN/correction/.venv/lib64/python3.11/site-packages/sklearn/impute/_base.py:647: UserWarning: Skipping features without any observed values: ['od_max_conf_chlorine_contact' 'od_max_conf_drying_bed'
 'od_max_conf_oxidation_pond']. At least one non-missing value is needed for imputation with strategy='median'.
  warnings.warn(
/work/GRDVULN/correction/.venv/lib64/python3.11/site-packages/sklearn/impute/_base.py:647: UserWarning: Skipping features without any observed values: ['od_max_conf_chlorine_contact' 'od_max_conf_drying_bed'
 'od_max_conf_oxidation_pond']. At least one non-missing value is needed for imputation with strategy='median'.
  warnings.warn(
/work/GRDVULN/correction/.venv/lib64/python3.11/site-packages/sklearn/impute/_base.py:647: UserWarning: Skipping features without any observed values: ['od_max_conf_chlorine_contact' 'od_max_conf_drying_bed'
 'od_max_conf_oxidation_pond']. At least one non-missing value is needed for imputation with strategy='median'.
  warnings.warn(
/work/GRDVULN/correction/.venv/lib64/python3.11/site-packages/sklearn/impute/_base.py:647: UserWarning: Skipping features without any observed values: ['od_max_conf_chlorine_contact' 'od_max_conf_drying_bed'
 'od_max_conf_oxidation_pond']. At least one non-missing value is needed for imputation with strategy='median'.
  warnings.warn(
/work/GRDVULN/correction/.venv/lib64/python3.11/site-packages/sklearn/impute/_base.py:647: UserWarning: Skipping features without any observed values: ['od_max_conf_chlorine_contact' 'od_max_conf_drying_bed'
 'od_max_conf_oxidation_pond']. At least one non-missing value is needed for imputation with strategy='median'.
  warnings.warn(
/work/GRDVULN/correction/.venv/lib64/python3.11/site-packages/sklearn/impute/_base.py:647: UserWarning: Skipping features without any observed values: ['od_max_conf_chlorine_contact' 'od_max_conf_drying_bed'
 'od_max_conf_oxidation_pond']. At least one non-missing value is needed for imputation with strategy='median'.
  warnings.warn(
/work/GRDVULN/correction/.venv/lib64/python3.11/site-packages/sklearn/impute/_base.py:647: UserWarning: Skipping features without any observed values: ['od_max_conf_chlorine_contact' 'od_max_conf_drying_bed'
 'od_max_conf_oxidation_pond']. At least one non-missing value is needed for imputation with strategy='median'.
  warnings.warn(
/work/GRDVULN/correction/.venv/lib64/python3.11/site-packages/sklearn/impute/_base.py:647: UserWarning: Skipping features without any observed values: ['od_max_conf_chlorine_contact' 'od_max_conf_drying_bed'
 'od_max_conf_oxidation_pond']. At least one non-missing value is needed for imputation with strategy='median'.
  warnings.warn(
/work/GRDVULN/correction/.venv/lib64/python3.11/site-packages/sklearn/impute/_base.py:647: UserWarning: Skipping features without any observed values: ['od_max_conf_chlorine_contact' 'od_max_conf_drying_bed'
 'od_max_conf_oxidation_pond']. At least one non-missing value is needed for imputation with strategy='median'.
  warnings.warn(
/work/GRDVULN/correction/.venv/lib64/python3.11/site-packages/sklearn/impute/_base.py:647: UserWarning: Skipping features without any observed values: ['od_max_conf_chlorine_contact' 'od_max_conf_drying_bed'
 'od_max_conf_oxidation_pond']. At least one non-missing value is needed for imputation with strategy='median'.
  warnings.warn(
/work/GRDVULN/correction/.venv/lib64/python3.11/site-packages/sklearn/impute/_base.py:647: UserWarning: Skipping features without any observed values: ['od_max_conf_chlorine_contact' 'od_max_conf_drying_bed'
 'od_max_conf_oxidation_pond']. At least one non-missing value is needed for imputation with strategy='median'.
  warnings.warn(
/work/GRDVULN/correction/.venv/lib64/python3.11/site-packages/sklearn/impute/_base.py:647: UserWarning: Skipping features without any observed values: ['od_max_conf_chlorine_contact' 'od_max_conf_drying_bed'
 'od_max_conf_oxidation_pond']. At least one non-missing value is needed for imputation with strategy='median'.
  warnings.warn(
/work/GRDVULN/correction/.venv/lib64/python3.11/site-packages/sklearn/impute/_base.py:647: UserWarning: Skipping features without any observed values: ['od_max_conf_chlorine_contact' 'od_max_conf_drying_bed'
 'od_max_conf_oxidation_pond']. At least one non-missing value is needed for imputation with strategy='median'.
  warnings.warn(
/work/GRDVULN/correction/.venv/lib64/python3.11/site-packages/sklearn/impute/_base.py:647: UserWarning: Skipping features without any observed values: ['od_max_conf_chlorine_contact' 'od_max_conf_drying_bed'
 'od_max_conf_oxidation_pond']. At least one non-missing value is needed for imputation with strategy='median'.
  warnings.warn(
/work/GRDVULN/correction/.venv/lib64/python3.11/site-packages/sklearn/impute/_base.py:647: UserWarning: Skipping features without any observed values: ['od_max_conf_chlorine_contact' 'od_max_conf_drying_bed'
 'od_max_conf_oxidation_pond']. At least one non-missing value is needed for imputation with strategy='median'.
  warnings.warn(
/work/GRDVULN/correction/.venv/lib64/python3.11/site-packages/sklearn/impute/_base.py:647: UserWarning: Skipping features without any observed values: ['od_max_conf_chlorine_contact' 'od_max_conf_drying_bed'
 'od_max_conf_oxidation_pond']. At least one non-missing value is needed for imputation with strategy='median'.
  warnings.warn(
/work/GRDVULN/correction/.venv/lib64/python3.11/site-packages/sklearn/impute/_base.py:647: UserWarning: Skipping features without any observed values: ['od_max_conf_chlorine_contact' 'od_max_conf_drying_bed'
 'od_max_conf_oxidation_pond']. At least one non-missing value is needed for imputation with strategy='median'.
  warnings.warn(
  SPATIAL CV complete in 0.2 minutes
  Best SPATIAL ROC AUC: 0.9773

========================================
Tuning with STANDARD (grouped) cross-validation...
========================================
  STANDARD (grouped) CV complete in 0.2 minutes
  Best STANDARD (grouped) ROC AUC: 0.9900

CV Comparison:
         cv   roc_auc
1  Standard  0.990036
0   Spatial  0.977344

========================================
Fitting final model on full training data...
========================================
Traceback (most recent call last):
  File "/work/GRDVULN/correction/scripts/07_train_stage2b.py", line 255, in <module>
    main()
  File "/work/GRDVULN/correction/scripts/07_train_stage2b.py", line 194, in main
    train_plants, test_plants = train_test_split(
                                ^^^^^^^^^^^^^^^^^
  File "/work/GRDVULN/correction/.venv/lib64/python3.11/site-packages/sklearn/utils/_param_validation.py", line 218, in wrapper
    return func(*args, **kwargs)
           ^^^^^^^^^^^^^^^^^^^^^
  File "/work/GRDVULN/correction/.venv/lib64/python3.11/site-packages/sklearn/model_selection/_split.py", line 2972, in train_test_split
    return list(
           ^^^^^
  File "/work/GRDVULN/correction/.venv/lib64/python3.11/site-packages/sklearn/model_selection/_split.py", line 2974, in <genexpr>
    (_safe_indexing(a, train), _safe_indexing(a, test)) for a in arrays
     ^^^^^^^^^^^^^^^^^^^^^^^^
  File "/work/GRDVULN/correction/.venv/lib64/python3.11/site-packages/sklearn/utils/_indexing.py", line 314, in _safe_indexing
    return _array_indexing(X, indices, indices_dtype, axis=axis)
           ^^^^^^^^^^^^^^^^^^^^^^^^^^^^^^^^^^^^^^^^^^^^^^^^^^^^^
  File "/work/GRDVULN/correction/.venv/lib64/python3.11/site-packages/sklearn/utils/_indexing.py", line 62, in _array_indexing
    return array[key, ...] if axis == 0 else array[:, key]
           ~~~~~^^^^^^^^^^
  File "/work/GRDVULN/correction/.venv/lib64/python3.11/site-packages/pandas/core/arrays/arrow/array.py", line 798, in __getitem__
    value = self._pa_array[item]
            ~~~~~~~~~~~~~~^^^^^^
  File "pyarrow/table.pxi", line 316, in pyarrow.lib.ChunkedArray.__getitem__
TypeError: only integer scalar arrays can be converted to a scalar index
Finished: Mon Aug 24 09:42:26 EDT 2026
