CWNS_ID,ll_uuid,label,stage2a_rank,facility_name,owner,production
05000512001,c44d5121-1fb6-49aa-aae6-eaf853ecb40e,0,1,Austin WWTP,CITY OF AUSTIN,1.0
05000512001,d7e0d1fb-7513-4b79-b8f9-c40a0e10d01e,1,2,Austin WWTP,TOWN OF AUSTIN,1.0
05000512001,21244e71-f0f4-4ad2-a282-d5e98f6cf122,0,3,Austin WWTP,CITY OF AUSTIN,1.0
05000512001,9d2ad2f2-2c6c-442d-96fe-d9a53636f36e,0,4,Austin WWTP,AUSTIN CITY,1.0
05000512001,28562378-a53e-424f-8a17-934d36d2490e,0,5,Austin WWTP,CITY OF AUSTIN,1.0
05000512001,d4598cf0-9b60-4069-ae23-4ba51f45c4fd,0,6,Austin WWTP,CITY OF AUSTIN,1.0
05000512001,a0de52aa-97dc-4add-bfed-5b6801b66136,0,7,Austin WWTP,CITY OF AUSTIN,1.0
05000512001,ec21beb4-13e6-4880-a1a4-9a2d90df8787,0,8,Austin WWTP,CITY OF AUSTIN,1.0
05000512001,1d3187fa-3f4f-42ed-8f45-fa8dedb1bbf2,0,9,Austin WWTP,CITY OF AUSTIN,1.0
05000512001,be924183-e203-4c9a-95a8-dbd33f8c631c,0,10,Austin WWTP,CITY OF WARD MEMORIAL PARK,0.0
05000512001,901ede6b-a091-46db-8942-573d68d74de8,0,11,Austin WWTP,CITY OF WARD,0.0
05000512001,22d4a999-836b-4157-97c7-f1ff57cfe8f9,0,12,Austin WWTP,WHITE COUNTY MEDICAL CENTER,0.0
05000512001,fcddd7fc-3198-48ca-b2b1-3765c4818bec,0,13,Austin WWTP,A P RENTALS LLC,0.0
05000512001,fea1fed6-74a8-4710-88c1-2daa794d1b8a,0,14,Austin WWTP,CITY OF AUSTIN,1.0
05000512001,bfc1c422-1ba8-43c8-9252-a605ff472811,0,15,Austin WWTP,CITY OF CABOT (VACANT),0.0
05000512001,cafe80cf-8f92-4c5c-8290-71692c1d9c2f,0,16,Austin WWTP,FIRST SECURITY BANK,0.0
05000512001,c4154dde-3dfc-4070-9706-e178cc019a7f,0,17,Austin WWTP,WHITE COUNTY MEDICAL CENTER,0.0
05000512001,400bfc79-6b14-4b9b-b5d0-37fbb5bb9737,0,18,Austin WWTP,CITY OF CABOT (VACANT),0.0
05000512001,66c2f389-3efe-4aa5-b24b-84468cfc8005,0,19,Austin WWTP,AUSTIN CITY,1.0
05000512001,ce9b3200-4c3c-454c-944d-a233551f9e76,0,20,Austin WWTP,C & M DEVELOPMENT LLC,0.0
05000718001,04d54b46-9e5c-40d7-8c56-8c26c7ee3f58,1,1,Junction City WWTP,CITY OF JUNCTION CITY,1.0
05000718001,140e9985-ca2c-4fc7-bfc5-509324b83c74,0,2,Junction City WWTP,ANEW TFG LEGACY SOUTHERN,0.0
05000718001,dacf7a6d-67d1-4861-bdad-3843dadafc48,0,3,Junction City WWTP,ANEW TFG LEGACY SOUTHERN,0.0
05000718001,76b6d33a-a956-49c2-99fe-a5af849b4524,0,4,Junction City WWTP,"HUSKEY, MIRIAM FAIRLY",0.0
05000718001,70129cea-5d65-4e68-a0b4-a4df383cf473,0,5,Junction City WWTP,ANEW TFG LEGACY SOUTHERN,0.0
05000718001,8b1f3d0f-f66a-42ff-8bc4-c825b76f505b,0,6,Junction City WWTP,QUALITY MILL OF ARKANSAS LLC,0.0
05000718001,091bbd7f-9717-4ed9-b11b-ab711562b44d,0,7,Junction City WWTP,ANEW TFG LEGACY SOUTHERN,0.0
05000718001,540dd9ce-6987-4eed-8e2c-8beeb5f1c161,0,8,Junction City WWTP,HEARTWOOD FORESTLAND FUND VI LLC,0.0
05000718001,78193f07-0c6f-4ad2-bb38-9e8dd374a5b3,0,9,Junction City WWTP,"STEVENS LAND, INC",0.0
05000718001,69b9d2d3-a119-4f78-a91c-deaf3a85b843,0,10,Junction City WWTP,STEVENS LANDS INC,0.0
05000718001,43ab57e1-993d-4d38-a4fc-1315cbd1d1f1,0,11,Junction City WWTP,"SMITH, MATTIE L.",0.0
05000718001,77ff92cb-251b-41b7-81f8-7c9e7a304a54,0,12,Junction City WWTP,"JACKSON, CHRISTOPHER RYAN ET UX",0.0
05000718001,4558d539-4daf-4d7a-9431-e7dd83a2acaf,0,13,Junction City WWTP,STEVENS LANDS INC,0.0
05000718001,367251ca-6229-4291-af52-465bfd7b6ea8,0,14,Junction City WWTP,"JACKSON, CHRISTOPHER RYAN ET UX",0.0
05000718001,5681649e-4da7-4b56-bb49-39aafefb9fd0,0,15,Junction City WWTP,QUALITY MILL OF ARKANSAS LLC,0.0
05000718001,35589c7b-139a-4cfc-8b88-3dbf60020d32,0,16,Junction City WWTP,PATTERSON BROTHERS LLC,0.0
05000718001,f2685381-25b3-4789-b8ef-70d1f9b635d2,0,17,Junction City WWTP,"MEADORS, GORDON EST.",0.0
05000718001,da766bde-7759-40c0-992f-d6e548f40da7,0,18,Junction City WWTP,"HUSKEY, MIRIAM FAIRLY",0.0
05000718001,e44abe96-6163-47dd-8434-d80704e071ab,0,19,Junction City WWTP,HEARTWOOD FORESTLAND FUND VI LLC,0.0
05000718001,8f91def9-0072-4bf0-acba-5fc01747723f,0,20,Junction City WWTP,"HUSKEY, MIRIAM FAIRLY",0.0
06002127001,b1d49e85-8b4f-4d6d-b704-2212aa5920b4,1,1,YOUNTVILLE-VETERANS WWTF,YOUNTVILLE TOWN OF,0.5168268882482226
06002127001,acd301ab-1ac3-490d-ae9b-e89ae09ab263,0,2,YOUNTVILLE-VETERANS WWTF,CALIFORNIA STATE OF,0.0
06002127001,14bf2729-e17f-46c8-8995-5fdace6b0211,0,3,YOUNTVILLE-VETERANS WWTF,CALIFORNIA STATE OF,0.0
06002127001,fa8e16c5-9dbf-4909-952c-00465bc12a8c,0,4,YOUNTVILLE-VETERANS WWTF,DOMAINE CHANDON INC,0.0
06002127001,d9edca54-177e-4d64-9962-cf66028f0e7c,0,5,YOUNTVILLE-VETERANS WWTF,ROMAN CATHOLIC BISHOP OF SANTA ROSA,0.0
06002127001,5542610f-5972-4c67-894b-b68052254453,0,6,YOUNTVILLE-VETERANS WWTF,CALIFORNIA STATE OF,0.0
06002127001,f729f3ac-54c0-459e-8bc6-0bebf6752028,0,7,YOUNTVILLE-VETERANS WWTF,C MONDAVI & SONS CA CORP,0.0
06002127001,3491c9c5-c0b6-4cbe-8676-b4e175049196,0,8,YOUNTVILLE-VETERANS WWTF,BOARDWALK INVESTMENTS YOUNTVILLE LLC,0.5168268882482226
06002127001,a315c30e-0d9a-4c70-8a67-bebdfd860128,0,9,YOUNTVILLE-VETERANS WWTF,BELLA VISTA PARK LLC,0.0
06002127001,7c46286e-0ea5-4ad0-b963-5abeca69a7aa,0,10,YOUNTVILLE-VETERANS WWTF,NAPA VALLEY UNIFIED SCHOOL DISTRICT,0.0
06002127001,eca4a97b-019d-4333-ab28-66ba3d04391f,0,11,YOUNTVILLE-VETERANS WWTF,BOARDWALK INVESTMENTS YOUNTVILLE LLC,0.5168268882482226
06002127001,22436a8f-94ee-4fd9-97fd-b49cf14bed1c,0,12,YOUNTVILLE-VETERANS WWTF,ASHFORD YOUNTVILLE II LP,0.5168268882482226
06002127001,5d9dd724-764f-409c-9a91-4a17d8671179,0,13,YOUNTVILLE-VETERANS WWTF,BARDESSONO BROTHERS LLC,0.0
06002127001,69574816-1a11-4076-914f-fd80bcf60a3a,0,14,YOUNTVILLE-VETERANS WWTF,YOUNTVILLE TOWN OF,0.5168268882482226
06002127001,d253cd41-b4d3-4040-a196-dc81e3d92ec1,0,15,YOUNTVILLE-VETERANS WWTF,FOLEY FAMILY FARMS LP,0.0
06002127001,259a9c16-b6ec-4b5f-ba29-41438b284e1b,0,16,YOUNTVILLE-VETERANS WWTF,YOUNTVILLE SANITATION DIST,0.5168268882482226
06002127001,82b7aea2-d230-4a00-8812-e81c1e06c163,0,17,YOUNTVILLE-VETERANS WWTF,TRIO C VINEYARDS LLC,0.0
06002127001,0edad696-5cfd-4679-9399-42edcb68e1fe,0,18,YOUNTVILLE-VETERANS WWTF,BOARDWALK INVESTMENTS YOUNTVILLE LLC,0.5168268882482226
06002127001,edaef604-87f9-4338-a098-8acde5a51fbb,0,19,YOUNTVILLE-VETERANS WWTF,TRIO C VINEYARDS LLC,0.0
06002127001,a53a15d8-bef9-4db7-9566-70d3d8bd01af,0,20,YOUNTVILLE-VETERANS WWTF,TRIO C VINEYARDS LLC,0.0
06003008001,25f9f494-f65b-4399-86cd-e5826c359453,0,1,SCOTTS VALLEY WWTF,SCOTTS VALLEY CITY OF,1.0
06003008001,4305091b-44e8-4e59-8ff5-bac77bbe315c,0,2,SCOTTS VALLEY WWTF,SCOTTS VALLEY CITY OF,1.0
06003008001,dc221e98-8a21-493c-8e36-b7dac84c2545,0,3,SCOTTS VALLEY WWTF,SANTA CRUZ COUNTY OF,0.0
06003008001,3397b8c6-bc37-4fb7-8939-83750408f8ed,1,4,SCOTTS VALLEY WWTF,SCOTTS VALLEY CITY OF,1.0
06003008001,a82bb513-ea59-4410-97d0-7e263297eae9,0,5,SCOTTS VALLEY WWTF,SCOTTS VILLAGE LLC,0.6202341331026183
06003008001,d6599a18-b506-47c1-925e-a8c40ebd8bc5,0,6,SCOTTS VALLEY WWTF,SCOTTS VALLEY UNION ELEMENTARY SCHOOL DISTRICT,1.0
06003008001,0ec2baf9-4c8c-4772-8679-be750d44c8cd,0,7,SCOTTS VALLEY WWTF,VALLEY GARDENS GOLF COURSE,0.3797658668973817
06003008001,5f05092f-cbd2-4082-893d-282aa79af519,0,8,SCOTTS VALLEY WWTF,SCOTTS VALLEY CITY OF,1.0
06003008001,18e2c680-c72a-4de6-bc6d-a92cf0c17ff0,0,9,SCOTTS VALLEY WWTF,SCOTTS VALLEY CITY OF,1.0
06003008001,99165984-906b-414c-866c-7187486222e7,0,10,SCOTTS VALLEY WWTF,OW DAVID L TRUSTEE ETAL,0.0
06003008001,0d4b0353-f524-449a-985a-b36d7e4b91ee,0,11,SCOTTS VALLEY WWTF,BAY TREE LLC,0.0
06003008001,cdcb1779-2629-4634-9cc6-4ddfc557fd21,0,12,SCOTTS VALLEY WWTF,SCOTTS VALLEY CITY OF,1.0
06003008001,a48c5155-d812-4e2e-b987-d19a0b362068,0,13,SCOTTS VALLEY WWTF,SCOTTSBOROUGH HOMEOWNERS ASSOCIATION,0.0
06003008001,d75380ec-c533-44af-a6f0-0dc587549704,0,14,SCOTTS VALLEY WWTF,SCOTTS VALLEY CITY OF,1.0
06003008001,257eb50f-e627-429d-bba8-0591bd9860a1,0,15,SCOTTS VALLEY WWTF,SCOTTS VALLEY WATER DISTRICT,1.0
06003008001,0805e463-21b2-4aea-b1a0-d8bec286b444,0,16,SCOTTS VALLEY WWTF,S & A ITO FAMILY PARTNERSHIP,0.0
06003008001,2215d9a5-bb2d-4021-8836-51cb1b801bca,0,17,SCOTTS VALLEY WWTF,SCOTTS VALLEY CITY OF,1.0
06003008001,b1a3e33a-00f1-469b-b857-5b73898ead72,0,18,SCOTTS VALLEY WWTF,HIDDEN GLEN PROPERTY OWNERS ASSOC,0.0
06003008001,71c060f5-7b39-44a6-8d1e-d6fd2e35fc63,0,19,SCOTTS VALLEY WWTF,LE GARDEN HOUSE LLC,0.0
06003008001,217b57d8-661f-4362-967b-5c4afe93734f,0,20,SCOTTS VALLEY WWTF,SCOTTS VALLEY CITY OF,1.0
06004009001,aa217eb3-ef8c-4f3e-8827-fb97d002d9da,0,1,LACSD (Joint Water Pollution Control Plant),CO SANITATION DIST NO 8,0.0
06004009001,80a5fc26-2ed5-4e92-9fc9-9fa7fd23522c,1,2,LACSD (Joint Water Pollution Control Plant),CO SANITATION DIST NO 8,0.0
06004009001,72f1d147-ee66-4187-ab18-4bff0cec74f2,0,3,LACSD (Joint Water Pollution Control Plant),CO SANITATION DIST NO 8,0.0
06004009001,e8da4e00-f66f-437c-87fe-8f6976b292da,0,4,LACSD (Joint Water Pollution Control Plant),CO SANITATION DIST NO 8,0.0
06004009001,3e9a83b2-1db6-4eb2-8fe8-b18c6d174ab8,0,5,LACSD (Joint Water Pollution Control Plant),CO SANITATION DIST NO 8 S BY S,0.0
06004009001,38a816b7-3551-48d4-9a04-c106257bd8bc,0,6,LACSD (Joint Water Pollution Control Plant),CO SANITATION DISTRICT NO 8,0.0
06004009001,a065b163-2c77-422e-802c-88b0d7c53f50,0,7,LACSD (Joint Water Pollution Control Plant),CO SANITATION DIST NO 8,0.0
06004009001,ff19cb87-d7b9-4890-9418-0aea4c998cd7,0,8,LACSD (Joint Water Pollution Control Plant),CARSON CITY,0.0
06004009001,94c5e607-d6b1-44de-907f-02b139a2478b,0,9,LACSD (Joint Water Pollution Control Plant),CO SANITATION DIST NO 8,0.0
06004009001,c86411d2-0a4b-4956-8c89-535ef47008bb,0,10,LACSD (Joint Water Pollution Control Plant),CO SANITATION DISTRICT NO 8,0.0
06004009001,80034f1d-a23c-4ecd-8bde-add69d2aaa97,0,11,LACSD (Joint Water Pollution Control Plant),CO SANITATION DIST NO 8,0.0
06004009001,af5c0422-0ec3-4272-9ac1-93a11babf984,0,12,LACSD (Joint Water Pollution Control Plant),CARSON CITY,0.0
06004009001,d186ebdc-8e07-4623-9b89-3484bfa78b87,0,13,LACSD (Joint Water Pollution Control Plant),CO SANITATION DIST NO 8,0.0
06004009001,77420799-2773-47b6-9a02-301f06ca8422,0,14,LACSD (Joint Water Pollution Control Plant),L A UNIFIED SCHOOL DIST,0.0
06004009001,99895e6f-9cc7-469e-80a9-beecd1fe586f,0,15,LACSD (Joint Water Pollution Control Plant),CO SANITATION DIST NO 8 S BY S,0.0
06004009001,a71ab3de-2f86-4d9a-a3b7-060f7697cd6b,0,16,LACSD (Joint Water Pollution Control Plant),CO SANITATION DISTRICT NO 8,0.0
06004009001,4b0220d7-168c-44cc-a51d-e1ca3fec11a2,0,17,LACSD (Joint Water Pollution Control Plant),L A CITY DEPT OF WATER AND POWER,0.0
06004009001,a6bea1ca-9ceb-441a-a2ad-c07a39dda91d,0,18,LACSD (Joint Water Pollution Control Plant),L A CITY,0.0
06004009001,35b9634a-8b2f-4d48-88d3-630a4e62d070,0,19,LACSD (Joint Water Pollution Control Plant),LA COUNTY FLOOD CONTROL DISTRICT,0.0
06004009001,7e4ff85c-c7e9-4da3-9148-67d7638744f8,0,20,LACSD (Joint Water Pollution Control Plant),L A CITY,0.0
06009031001,c7a2b235-e883-42f7-ae60-fc450297fd24,1,1,Point Loma WRP,CITY OF SAN DIEGO,0.0
06009031001,81f00038-5e43-4456-aeee-c510d4668ca2,0,2,Point Loma WRP,UNITED STATES OF AMERICA,0.0
06009031001,15907a71-62ce-414e-939e-afde7b45d02e,0,3,Point Loma WRP,UNITED STATES OF AMERICA,0.0
06009031001,28a8341d-a8b9-4e88-9ac8-234c43e00acb,0,4,Point Loma WRP,CITY OF SAN DIEGO,0.0
06009031001,63e8cf34-2ed2-4398-8d23-cef69ca7b8e3,0,5,Point Loma WRP,CITY OF SAN DIEGO,0.0
06009031001,34c5b08f-d5db-49e5-98ce-cd04930f70ec,0,6,Point Loma WRP,INFORMATION ONLY(SAN DIEGO UNIFIED PORT DISTRICT),0.0
06009031001,e129e015-caff-4bd7-a720-d1b10465684a,0,7,Point Loma WRP,CITY OF SAN DIEGO,0.0
06009031001,14620c15-5418-4917-b983-6321b486d284,0,8,Point Loma WRP,SAN DIEGO UNIFIED PORT DISTRICT,0.0
06009031001,f993027d-f8db-4058-a47a-d0523098696e,0,9,Point Loma WRP,INFORMATION ONLY(SAN DIEGO UNIFIED PORT DISTRICT),0.0
06009031001,c9f57add-1721-41b1-9980-77ed0664308f,0,10,Point Loma WRP,SAN DIEGO UNIFIED PORT DISTRICT,0.0
06009031001,cc5f7da4-88d5-4b95-a183-7b5e095be70d,0,11,Point Loma WRP,SAN DIEGO UNIFIED PORT DISTRICT,0.0
06009031001,4ad0655f-6f07-4f8d-bc22-c4f6f3b0956e,0,12,Point Loma WRP,SAN DIEGO UNIFIED PORT DISTRICT,0.0
06009031001,5a8a8045-0c3d-4d45-8a51-89bf9ce8b842,0,13,Point Loma WRP,SAN DIEGO UNIFIED PORT DISTRICT,0.0
06009031001,7f096651-9a73-490d-acb4-b1f62aca2103,0,14,Point Loma WRP,SAN DIEGO UNIFIED PORT DISTRICT,0.0
06009031001,952cae4e-0d31-4e74-a8dc-2db7b1eef195,0,15,Point Loma WRP,SAN DIEGO UNIFIED PORT DISTRICT,0.0
06009031001,41d943ce-09ce-4f3b-8dfc-12d9f441c922,0,16,Point Loma WRP,SAN DIEGO UNIFIED PORT DISTRICT,0.0
06009031001,b70e2c97-1387-4ac1-b4bd-56b58d8b9d1f,0,17,Point Loma WRP,INFORMATION ONLY(SAN DIEGO UNIFIED PORT DISTRICT),0.0
06009031001,e44975f6-668a-4534-a627-4b0d17cd97ae,0,18,Point Loma WRP,SAN DIEGO UNIFIED PORT DISTRICT,0.0
06009031001,81850efc-b8ed-429c-aa00-c5f007ca2e2e,0,19,Point Loma WRP,INFORMATION ONLY(SAN DIEGO UNIFIED PORT DISTRICT),0.0
06009031001,8751cc3c-2c50-4be7-b8a9-077819a90318,0,20,Point Loma WRP,INFORMATION ONLY(SAN DIEGO UNIFIED PORT DISTRICT),0.0
08000070001,5d945372-6975-4d1c-b286-ce1d7de77a9c,1,1,Metro Wastewater Reclamation District,METRO WATER RECOVERY,1.0
08000070001,909e78b3-5d91-4d32-b73f-5a5ff0397c77,0,2,Metro Wastewater Reclamation District,PUBLIC SERVICE CO OF COLORADO,0.0
08000070001,d078208b-38b1-4ff6-8719-4fa613db8b44,0,3,Metro Wastewater Reclamation District,PUBLIC SERVICE CO OF COLORADO,0.0
08000070001,867df2a7-e7e8-4873-8560-ff4fff7acc6a,0,4,Metro Wastewater Reclamation District,PUBLIC SERVICE CO OF COLORADO,0.0
08000070001,1ea50304-7263-41fe-adc7-083e2545f8ba,0,5,Metro Wastewater Reclamation District,PUBLIC SERVICE CO OF COLORADO,0.0
08000070001,d3590136-0294-46fa-bb67-39d91943e832,0,6,Metro Wastewater Reclamation District,CITY AND COUNTY OF DENVER ACTING BY AND,0.0
08000070001,fde15bc8-c4cf-4498-8f2e-e8572d3277d8,0,7,Metro Wastewater Reclamation District,CITY AND COUNTY OF DENVER ACTING THROUGH,0.0
08000070001,e85eade9-44b0-400d-be89-ef77e244b984,0,8,Metro Wastewater Reclamation District,METRO WATER RECOVERY,1.0
08000070001,0a6f6aef-19d1-4c01-ad11-05201230a4da,0,9,Metro Wastewater Reclamation District,METROPOLITAN DENVER SEWAGE,0.0
08000070001,f7165726-1ca5-4054-aa1e-d05f742063e7,0,10,Metro Wastewater Reclamation District,PUBLIC SERVICE CO OF COLORADO,0.0
08000070001,fd4f945f-0dca-496b-ae37-bd767187e478,0,11,Metro Wastewater Reclamation District,CITY AND COUNTY OF DENVER ACTING BY AND,0.0
08000070001,0c65dc6a-2bcd-493e-86b1-fb5d0d19063a,0,12,Metro Wastewater Reclamation District,METRO WATER RECOVERY,1.0
08000070001,a5494c6e-8456-4746-b168-2f9f812dc255,0,13,Metro Wastewater Reclamation District,CITY OF COMMERCE CITY,0.0
08000070001,3f1641db-4f64-442e-bc83-87b076403255,0,14,Metro Wastewater Reclamation District,CITY OF THORNTON,0.0
08000070001,11de5d35-eed6-4147-9fc9-7db6f880b918,0,15,Metro Wastewater Reclamation District,PUBLIC SERVICE CO OF COLORADO,0.0
08000070001,f1d6cba8-d59c-45aa-bf5c-60a1f96e04ea,0,16,Metro Wastewater Reclamation District,CITY AND COUNTY OF DENVER ACTING BY AND,0.0
08000070001,95860beb-752c-4b83-a6d8-e19050668dd9,0,17,Metro Wastewater Reclamation District,PARKLAND USA CORPORATION,0.0
08000070001,5ea1962c-8508-45ec-a17d-5043d3630c4b,0,18,Metro Wastewater Reclamation District,STATE OF COLORADO DIVISION OF GAME FISH AND PARKS,0.0
08000070001,5b2a4203-5464-4888-9f24-c69b23e34ddb,0,19,Metro Wastewater Reclamation District,CITY OF COMMERCE CITY,0.0
08000070001,fe43b323-2d0f-4d16-bba9-bbd3e5da27e5,0,20,Metro Wastewater Reclamation District,ADAMS COUNTY,0.0
08000083001,1b9a82e0-6717-450b-9f5d-2d55017cc3a9,0,1,VILAS STP,Platted As Part Of Kliesen City,0.0
08000083001,dd7c35cd-f7b3-43c3-9605-82e0b906353c,0,2,VILAS STP,Kliesen City,0.0
08000083001,a9c96353-6506-46b5-b0d0-c33fe5960d92,0,3,VILAS STP,Track 38 Platted As Addition To Vilas,1.0
08000083001,150145c0-7502-4ae2-a57c-93b97f9264a4,0,4,VILAS STP,Unplatted,0.0
08000083001,16c848fb-8bfa-4db1-88e7-a2f6e407558a,0,5,VILAS STP,Unincorporated,0.0
08000083001,f6371cee-323f-40e7-b249-ffac3a95ed6c,0,6,VILAS STP,FX,0.0
08000083001,41f0396a-41f6-4e2f-9670-1f221680d470,1,7,VILAS STP,EC,0.0
08000083001,15177a29-3338-4cdd-bfa5-71263bb2af96,0,8,VILAS STP,Platted As An Addition To Vilas,1.0
08000083001,354677ec-aa03-4630-83ef-601fbfe94b5e,0,9,VILAS STP,EE,0.0
08000083001,3ef3461a-d23c-4c5c-bd47-84967d9d21dd,0,10,VILAS STP,School grounds,0.0
08000083001,603516d1-fb79-477d-b984-5d325cff4692,0,11,VILAS STP,GC,0.0
08000083001,3a5bef5c-6984-4976-826d-0c84773810af,0,12,VILAS STP,FW,0.0
08000083001,338b5f49-ee31-41cf-8aea-cfe374462ae1,0,13,VILAS STP,FV,0.0
08000083001,8cff8294-6163-40d5-bddf-19074ba12d7c,0,14,VILAS STP,Unincorporated,0.0
08000083001,551ab8a2-3ede-4600-8f75-bfc266afb7ac,0,15,VILAS STP,FY,0.0
08000083001,30b8b656-1e80-430a-8438-dfbdbe9fe547,0,16,VILAS STP,EC,0.0
08000083001,2bb080bf-e9f8-4ecf-b50c-d222e3f1020c,0,17,VILAS STP,ED,0.0
08000083001,7b4a147d-2835-44b3-a92e-82342af39f73,0,18,VILAS STP,FZ,0.0
08000083001,20270bfc-dcdc-47fa-a4c6-fe19c1c21787,0,19,VILAS STP,GF,0.0
08000083001,ed6447f1-85c4-4f32-8979-c26ddca0375a,0,20,VILAS STP,D. & C. Yokum,0.0
08000160003,96123dc8-b894-454b-a3cb-163f0f25e269,0,1,CLIFTON #2 WEST WWTP,COUNTY OF MESA,0.0
08000160003,3e1b9fcd-3be8-4c09-a3cf-885693bc173e,0,2,CLIFTON #2 WEST WWTP,MESA COUNTY VALLEY SCHOOL DISTRICT NO 51,0.0
08000160003,527c62ef-2e0e-4b48-98c9-25f2b49deb17,1,3,CLIFTON #2 WEST WWTP,CLIFTON SANITATION DISTRICT,1.0
08000160003,feca5619-a468-4fb4-9579-0aeaeb0f1020,0,4,CLIFTON #2 WEST WWTP,MESA COUNTY,0.0
08000160003,d4dc8a50-d603-49f4-b9b3-ae2a48077751,0,5,CLIFTON #2 WEST WWTP,MESA COUNTY SCHOOL DISTRICT NO 51,0.0
08000160003,b3e83ce2-1f1f-4f1a-83f7-d3621486ea82,0,6,CLIFTON #2 WEST WWTP,FIRST CHURCH OF CHRIST OF CLIFTON COLORADO,1.0
08000160003,f4e25b6d-ae7b-470d-b20a-6968075fa97c,0,7,CLIFTON #2 WEST WWTP,MESA COUNTY SCHOOL DISTRICT 51,0.0
08000160003,daca4841-802c-4951-9079-8d608ed59098,0,8,CLIFTON #2 WEST WWTP,CLIFTON WATER DISTRICT,1.0
08000160003,61b0c38f-637c-4998-9158-f1e770d49c5c,0,9,CLIFTON #2 WEST WWTP,MESA COUNTY,0.0
08000160003,18952a9d-eb28-4f2c-a530-360aec0b4584,0,10,CLIFTON #2 WEST WWTP,GOSPEL ASSEMBLY CHURCH UNICORPORATED ASSOCIATION,0.0
08000160003,95301951-67bf-4960-aa70-4379991e9cf9,0,11,CLIFTON #2 WEST WWTP,PEACH TREE INVESTMENTS LLC,0.0
08000160003,efae748b-57a6-4dff-bc7d-2f35be80cb60,0,12,CLIFTON #2 WEST WWTP,LUCKY ME INVESTMENTS LLC,0.0
08000160003,1a695f65-ac9b-488e-9909-1670adeed2bf,0,13,CLIFTON #2 WEST WWTP,RV RANCH LLC,0.0
08000160003,5c82449c-db7e-40e2-afdb-5670c2d780d6,0,14,CLIFTON #2 WEST WWTP,GKT CORONADO PLAZA CPR LLC,0.0
08000160003,c9b1352e-9cb9-42e6-8581-00c97630187a,0,15,CLIFTON #2 WEST WWTP,NEW COVENANT BAPTIST CHURCH,0.0
08000160003,bb6c2290-3175-4ed8-aae3-d5bbe76bcb9e,0,16,CLIFTON #2 WEST WWTP,MESA COUNTY VALLEY SCHOOL DISTRICT #51,0.0
08000160003,6cac9dbb-689d-48b7-9e74-71aabb770395,0,17,CLIFTON #2 WEST WWTP,XPO LTL PROPERTIES LLC,0.0
08000160003,0dfd76c6-547c-410d-a303-4fdc8c39d4aa,0,18,CLIFTON #2 WEST WWTP,MESA COUNTY VALLEY SCHOOL DISTRICT 51,0.0
08000160003,d169b3df-265e-4d0e-aad2-018c63f9b636,0,19,CLIFTON #2 WEST WWTP,CLIFTON WATER DISTRICT,1.0
08000160003,5384aa68-1109-43ec-b54f-31d0e3637f40,0,20,CLIFTON #2 WEST WWTP,CLIFTON ASSEMBLY OF GOD,1.0
09001130001,6e8f13cd-b308-490d-a945-efd8124abd42,1,1,"PORTLAND, TOWN OF",PORTLAND TOWN OF,1.0
09001130001,31acbe97-1f01-48a2-8459-a02e5f1d98f4,0,2,"PORTLAND, TOWN OF",PORTLAND TOWN OF,1.0
09001130001,199ab367-a625-43d6-90c8-01c4bf1077e1,0,3,"PORTLAND, TOWN OF",PORTLAND TOWN OF,1.0
09001130001,14754aa3-8611-4044-b309-88fbaea19841,0,4,"PORTLAND, TOWN OF",CITY OF MIDDLETOWN,0.0
09001130001,4c323b39-223b-4241-b43c-c78fabee9be1,0,5,"PORTLAND, TOWN OF",PORTLAND TOWN OF,1.0
09001130001,ec368046-5d75-4aa6-a6d9-ebe8fb74315e,0,6,"PORTLAND, TOWN OF",STATE OF CONNECTICUT,0.0
09001130001,45f679f3-e2b3-4791-84fc-9c784bbb7cee,0,7,"PORTLAND, TOWN OF",PORTLAND TOWN OF,1.0
09001130001,96946320-7010-4376-9ddf-9d86eb63625b,0,8,"PORTLAND, TOWN OF",PORTLAND TOWN OF,1.0
09001130001,f316bce4-ba0d-4a94-a69d-9f7ceb9a7779,0,9,"PORTLAND, TOWN OF",HOUSING AUTH TOWN OF PORTLAND,1.0
09001130001,f19423c7-f1e0-49f9-a195-780ce15ba7ee,0,10,"PORTLAND, TOWN OF",CITY OF MIDDLETOWN,0.0
09001130001,babb159b-50ed-47b7-92c2-8d07b79f3290,0,11,"PORTLAND, TOWN OF",STATE OF CONNECTICUT,0.0
09001130001,266f7617-d510-4ed0-93ed-a2ed82ca40ac,0,12,"PORTLAND, TOWN OF",CITY OF MIDDLETOWN (WILCOX ISLAND),0.0
09001130001,fb655fae-4a23-45c6-96c7-0b5df13687af,0,13,"PORTLAND, TOWN OF",CONNECTICUT STATE OF DEP,0.0
09001130001,fa3713fe-64f1-4c77-a824-506270684126,0,14,"PORTLAND, TOWN OF",BRT DIMARCO PTP LLC,0.0
09001130001,7395a78b-d73a-4701-9a98-e3f37bb1e3c5,0,15,"PORTLAND, TOWN OF",CITY OF MIDDLETOWN,0.0
09001130001,5417b20a-e061-4e86-9d4e-ef8e494fdc72,0,16,"PORTLAND, TOWN OF",MERIDEN MOTOR BOAT CLUB,0.0
09001130001,f32f35a2-5be1-4167-98fd-ba91f772ac95,0,17,"PORTLAND, TOWN OF",STATE OF CONNECTICUT,0.0
09001130001,f10f8850-4dd1-4a9c-91af-babe729a896e,0,18,"PORTLAND, TOWN OF",STATE OF CONNECTICUT,0.0
09001130001,48c8a8dd-46e7-48a0-8ede-ca07f9d3df6b,0,19,"PORTLAND, TOWN OF",TILCON INC,0.0
09001130001,32763b62-df15-4810-8c1f-b9dc3078131e,0,20,"PORTLAND, TOWN OF",CITY OF MIDDLETOWN,0.0
10000004001,010647c1-d08d-4d66-9222-6ddaa7a6b4cd,0,1,Millsboro State Street  STP,MILLSBORO TOWN OF,0.5733255490574132
10000004001,76566805-b0d0-4413-8c04-aa03cfe26ece,1,2,Millsboro State Street  STP,MILLSBORO COMMISSIONERS OF,0.5733255490574132
10000004001,91c26d09-8909-4e85-86fe-ad0ef61a4435,0,3,Millsboro State Street  STP,INDIAN RIVER SCHOOL DISTRICT,0.0
10000004001,daa41935-abab-44ca-bbdf-700416ade3dc,0,4,Millsboro State Street  STP,MILLSBORO TOWN OF,0.5733255490574132
10000004001,82aafd58-e471-429c-bf43-9b7fe11ffe43,0,5,Millsboro State Street  STP,THE TOWN OF MILLSBORO,0.5733255490574132
10000004001,8792c0a4-768f-4af1-958c-ae820e079567,0,6,Millsboro State Street  STP,MILLSBORO TOWN OF,0.5733255490574132
10000004001,860f8879-60bb-4b9d-9896-2e4cd8e6444d,0,7,Millsboro State Street  STP,INTERVET INC,0.0
10000004001,7d333a7e-fa03-4f16-b2f9-fb613cd307a2,0,8,Millsboro State Street  STP,INDIAN RIVER SCHOOL DISTRICT,0.0
10000004001,9fc9e29d-eef3-4bb3-9685-d5a5b80c0ccc,0,9,Millsboro State Street  STP,PREMIER HOUSING SERVICES INC,0.0
10000004001,ffcc62cf-9918-4b47-8502-e2512483698b,0,10,Millsboro State Street  STP,DELAWARE STATE OF,0.0
10000004001,dddafab3-7fce-4bea-9152-1a28f68c890e,0,11,Millsboro State Street  STP,B/Z LAND LLC,0.0
10000004001,77a804c5-9451-4664-bfeb-29ec89051dcd,0,12,Millsboro State Street  STP,AT&T,0.0
10000004001,7cb69e93-b7f1-4846-b2fe-6c041b55753e,0,13,Millsboro State Street  STP,ALLIFIRST BANK,0.0
10000004001,dd829b4f-a7a2-48fa-a874-cbfcbc4d1663,0,14,Millsboro State Street  STP,NCR CORPORATION,0.0
10000004001,f9c89715-8eb0-4008-b5b2-772b1f03b2aa,0,15,Millsboro State Street  STP,MILLSBORO CEMETERY INC,0.5733255490574132
10000004001,dac14465-47e7-45d1-a775-8e51304b8db4,0,16,Millsboro State Street  STP,MILLSBORO TOWN OF,0.5733255490574132
10000004001,a037ad11-544d-494c-8e30-40cd459c06c4,0,17,Millsboro State Street  STP,NCR CORPORATION,0.0
10000004001,ebb5cfec-8d13-42dd-bcca-bd039843143c,0,18,Millsboro State Street  STP,MID SUSSEX ASSOCIATES,0.0
10000004001,31c72f04-941c-44ab-93e4-28f0d279fcaa,0,19,Millsboro State Street  STP,MILLSBORO TOWN OF,0.5733255490574132
10000004001,ac3d9430-c2a6-4ffb-ad73-eec57dccd77d,0,20,Millsboro State Street  STP,STATE OF DELAWARE,0.0
12000001028,fd25a9ca-62f5-49df-b28e-d7ec16fa436e,0,1,Cooper City West STP,CITY OF COOPER CITY,1.0
12000001028,07b9c210-c96e-4948-bbff-f0f413947280,1,2,Cooper City West STP,CITY OF COOPER CITY,1.0
12000001028,0655d4db-c000-4ec1-9d33-ca6a46ea6cbd,0,3,Cooper City West STP,CITY OF COOPER CITY,1.0
12000001028,ff8de3c4-64d3-4874-842c-651a2d1e1ba0,0,4,Cooper City West STP,PUBLIC LAND,0.0
12000001028,7b2a807b-6280-4626-bdc7-611948559c1e,0,5,Cooper City West STP,SCHOOL BOARD OF BROWARD COUNTY,0.0
12000001028,5fde715a-2eb7-4c7c-86f0-a0c22cfbd053,0,6,Cooper City West STP,TOWN OF DAVIE,0.0
12000001028,789e7f69-e8cd-4ca2-bbfc-4841fc019347,0,7,Cooper City West STP,TOWN OF DAVIE,0.0
12000001028,1cd62add-c666-481f-8ceb-07b7077355e5,0,8,Cooper City West STP,CENTRAL BROWARD WATER CONTROL,0.0
12000001028,1ad511a0-9ac5-46fc-8290-7cfc21a10618,0,9,Cooper City West STP,SCHOOL BOARD OF BROWARD COUNTY,0.0
12000001028,3cfa9c21-5451-4484-844e-8c1dc28f3687,0,10,Cooper City West STP,SCHOOL BOARD OF BROWARD COUNTY,0.0
12000001028,b2a6d6f5-b026-45d4-93e5-5334e3f68ed5,0,11,Cooper City West STP,BROWARD COUNTY,0.0
12000001028,acd95e53-4571-474a-98e3-2a35a81aab12,0,12,Cooper City West STP,CENTRAL BROWARD WATER CONTROL,0.0
12000001028,3c5ea68b-2ab5-42d5-9073-7dd5fe898a21,0,13,Cooper City West STP,CITY OF COOPER CITY,1.0
12000001028,851fcd20-75a9-420c-92ac-da76df608362,0,14,Cooper City West STP,TOWN OF DAVIE,0.0
12000001028,32504c8a-f9dd-490f-acaa-2b85e36104c6,0,15,Cooper City West STP,BROWARD COUNTY,0.0
12000001028,80277cbc-082f-4d04-9e88-de0f8d24b59e,0,16,Cooper City West STP,CITY OF COOPER CITY,1.0
12000001028,94a5a384-ac19-4147-a908-4110bee5de0f,0,17,Cooper City West STP,CITY OF COOPER CITY,1.0
12000001028,48ee264a-477b-43a9-b904-b19a8e4d5e27,0,18,Cooper City West STP,BROWARD COUNTY,0.0
12000001028,805fef9b-1b47-446d-8be6-747687c9987a,0,19,Cooper City West STP,PUBLIC LAND,0.0
12000001028,53563cf6-c29e-4732-a2c0-525f895f47ad,0,20,Cooper City West STP,TOWN OF DAVIE,0.0
12000089002,7bc5293e-58c1-4c92-873f-03bf76dd61d0,1,1,MILLVILLE AWTF,CITY OF PANAMA CITY,0.0
12000089002,0c7f652b-5078-468a-9f6c-d9942cbd62d0,0,2,MILLVILLE AWTF,PANAMA CITY PORT AUTHORITY,0.0
12000089002,a86698c9-212b-4644-986b-d3e66020d063,0,3,MILLVILLE AWTF,CITY OF PANAMA CITY,0.0
12000089002,4b219b9d-2258-45cc-a4eb-e2be1c65fdad,0,4,MILLVILLE AWTF,CITY OF PANAMA CITY,0.0
12000089002,2455ed93-4c09-455b-9511-8a3dc1e3be55,0,5,MILLVILLE AWTF,PANAMA CITY PORT AUTHORITY,0.0
12000089002,23a21433-7a98-471d-b570-a2b04da83906,0,6,MILLVILLE AWTF,"BAY FABRICATION, INC",0.0
12000089002,8b9a9069-b3d7-443b-8c64-c1acede1bd64,0,7,MILLVILLE AWTF,CITY OF PANAMA CITY,0.0
12000089002,a90b2d1b-892b-4137-a34c-1b5bdae96175,0,8,MILLVILLE AWTF,CITY OF PANAMA CITY,0.0
12000089002,3430b8b5-f676-47ed-8be8-0b4a269403e3,0,9,MILLVILLE AWTF,CITY OF PANAMA CITY,0.0
12000089002,9c721fb6-de5c-465a-a9a1-5903cad699ca,0,10,MILLVILLE AWTF,CITY OF SPRINGFIELD,0.0
12000089002,e22c1ed0-8434-4d67-b193-0cbf95969cf4,0,11,MILLVILLE AWTF,CITY OF PANAMA CITY,0.0
12000089002,304dfb5b-d6ef-43b9-83b3-c7705389619a,0,12,MILLVILLE AWTF,STONE CONTAINER CORP,0.0
12000089002,07d24be8-d63a-4c81-bc98-3a3f5b2b0fcd,0,13,MILLVILLE AWTF,PANAMA CITY HOUSING AUTHORITY,0.0
12000089002,f5080d44-2d76-4ca3-8ee9-6d80f85442c4,0,14,MILLVILLE AWTF,"PENINSULA HOLDINGS, LLC",0.0
12000089002,3f71be61-dcb0-4ed2-8c66-19510a6dc86d,0,15,MILLVILLE AWTF,CITY OF PANAMA CITY,0.0
12000089002,a6ac9e78-66c0-4558-9cfe-a0aac0f69c4f,0,16,MILLVILLE AWTF,"EASTERN SHIPBUILDING GROUP,INC",0.0
12000089002,d7483172-d9d9-474c-b048-c208a0255663,0,17,MILLVILLE AWTF,CITY OF PANAMA CITY,0.0
12000089002,8d9861b3-1e44-4161-94bd-32e76cfb7988,0,18,MILLVILLE AWTF,C W ROBERTS CONTRACTING INC,0.0
12000089002,462fca67-0ee2-429d-bcf2-5304fdc0a4dc,0,19,MILLVILLE AWTF,BAY COUNTY SCHOOL BOARD,0.0
12000089002,dca0aa52-e38e-4622-8b4c-04149d8c7234,0,20,MILLVILLE AWTF,BRUNSWICK CORP,0.0
12000092001,f2d24c99-0fb0-490d-9170-e576320993e8,0,1,Cape Canaveral WRF,"CAPE CANAVERAL, CITY OF",1.0
12000092001,452431c7-46b5-40fa-a69e-6fcd8da61840,1,2,Cape Canaveral WRF,"Cape Canaveral, City of",1.0
12000092001,6cdef871-042d-403d-a169-14db19539f69,0,3,Cape Canaveral WRF,"CAPE CANAVERAL, CITY OF",1.0
12000092001,911737b1-13b1-40e7-bcc8-45dd27af0d38,0,4,Cape Canaveral WRF,"CAPE CANAVERAL, CITY OF",1.0
12000092001,123ccea7-0bb8-4cc3-9179-e67c14ec5480,0,5,Cape Canaveral WRF,"CAPE CANAVERAL, CITY OF",1.0
12000092001,5849c30e-50e0-495b-a5ad-29b9b25ee141,0,6,Cape Canaveral WRF,"CAPE CANAVERAL, CITY OF",1.0
12000092001,ec584b7d-7439-4d8a-9bc8-e259102414c5,0,7,Cape Canaveral WRF,"CAPE CANAVERAL, CITY OF",1.0
12000092001,7fd28fef-68c0-4b5b-a6da-820c2fef3a32,0,8,Cape Canaveral WRF,N/A - Condo Common Area,0.0
12000092001,71903e02-825d-413c-82b9-05b70b399091,0,9,Cape Canaveral WRF,N/A - Condo Common Area,0.0
12000092001,4adb9418-9c8b-46f2-9343-f0671d4a6814,0,10,Cape Canaveral WRF,CANAVERAL PORT AUTHORITY,0.5643593038823322
12000092001,dc488d76-8178-4503-b6f2-6acff487d838,0,11,Cape Canaveral WRF,N/A - Condo Common Area,0.0
12000092001,9f21ee3d-d3d0-41fd-83f6-cbb63daeed1f,0,12,Cape Canaveral WRF,Canaveral Port Authority,0.5643593038823322
12000092001,a30ab463-f894-4279-a01d-f2d516cc5e89,0,13,Cape Canaveral WRF,COCOA BEACH MOTEL TWO INC,0.0
12000092001,4b1c108f-c11f-43a1-b0ed-e20cdc37a2ec,0,14,Cape Canaveral WRF,CANAVERAL PORT AUTHORITY,0.5643593038823322
12000092001,5611bd21-7ad8-413d-81fc-5036ac6382d3,0,15,Cape Canaveral WRF,,
12000092001,3c872964-af9f-47c7-a47f-df6fa7158f62,0,16,Cape Canaveral WRF,N/A - Condo Common Area,0.0
12000092001,4f3a10f0-bf43-496a-a660-89cd610e1232,0,17,Cape Canaveral WRF,BREVARD COUNTY,0.0
12000092001,8de82e45-fc16-4a3b-8906-0f86e31d7eb9,0,18,Cape Canaveral WRF,Indian River Beverage Corporat,0.0
12000092001,40825e62-5205-42be-8157-90d8c9fbc774,0,19,Cape Canaveral WRF,BREVARD COUNTY,0.0
12000092001,1fc678ec-37f8-421b-b210-0f0b25691c1b,0,20,Cape Canaveral WRF,DISCOVERY BAY DEVELOPMENT INC,0.0
12000092101,aab48b79-fddf-4918-adda-5325b3061dc9,1,1,BCUD / Port St. John WWTP,BREVARD COUNTY,0.0
12000092101,477342a4-1195-4db7-887a-302949ddc45f,0,2,BCUD / Port St. John WWTP,BREVARD COUNTY,0.0
12000092101,ebc47524-00cc-43ca-933a-a0d72f88fcaa,0,3,BCUD / Port St. John WWTP,FLORIDA EAST COAST RAILWAY LLC,0.0
12000092101,b59ea697-7bb7-42ee-af7c-bcda7d5a243b,0,4,BCUD / Port St. John WWTP,BREVARD COUNTY,0.0
12000092101,02a5c8bc-a0cf-42ab-94ce-04a1658d7ced,0,5,BCUD / Port St. John WWTP,BREVARD COUNTY,0.0
12000092101,70ac1fab-de3b-4080-b3aa-c05a05f069d0,0,6,BCUD / Port St. John WWTP,BREVARD COUNTY,0.0
12000092101,b3a8abe6-ff19-461e-b179-1495509ad148,0,7,BCUD / Port St. John WWTP,BREVARD COUNTY,0.0
12000092101,5fc64382-4ac2-4f90-a71d-dc4201e663d7,0,8,BCUD / Port St. John WWTP,BREVARD COUNTY,0.0
12000092101,15085714-1a55-4c9c-9ff4-10628e6b1752,0,9,BCUD / Port St. John WWTP,ORLANDO UTILITIES COMMISSION,0.0
12000092101,6129948d-055b-4cc3-8220-5ce72d4964f2,0,10,BCUD / Port St. John WWTP,BREVARD COUNTY,0.0
12000092101,a1d692f3-624a-4098-92d4-080797281cc9,0,11,BCUD / Port St. John WWTP,,
12000092101,3518c925-7b2a-44c3-9edd-a5fe9a0f1610,0,12,BCUD / Port St. John WWTP,ORLANDO UTILITIES COMMISSION,0.0
12000092101,f2c62e56-2d06-4ac5-ba71-2eb3537bdabb,0,13,BCUD / Port St. John WWTP,SCHOOL BOARD OF BREVARD COUNTY,0.0
12000092101,fc39db2e-714b-46d5-9aed-3b5ec1a4d733,0,14,BCUD / Port St. John WWTP,"FLORIDA, STATE OF (IITF)",0.0
12000092101,f17dc80f-9890-44e5-bbfc-56742816e82f,0,15,BCUD / Port St. John WWTP,FLORIDA POWER & LIGHT CO,0.0
12000092101,7be18bbb-b496-436f-8d25-c20b4a30a750,0,16,BCUD / Port St. John WWTP,BREVARD COUNTY,0.0
12000092101,09fa2235-9c7f-41cf-bcb1-972bccb398e5,0,17,BCUD / Port St. John WWTP,BREVARD COUNTY,0.0
12000092101,328a521b-180b-412a-83aa-11a0053cea42,0,18,BCUD / Port St. John WWTP,SGS Cedar Lake LLC,0.0
12000092101,abc9a296-5ebd-48ab-8102-6e933f3f889d,0,19,BCUD / Port St. John WWTP,BREVARD COUNTY,0.0
12000092101,9aa84b68-46b7-42cd-9f57-9d8a2a8ce3e3,0,20,BCUD / Port St. John WWTP,"MESSER, SANDRA J TRUSTEE",0.0
12000096001,27d53c89-a09b-403d-ab3c-188c0696ea2d,0,1,Cocoa/Jerry Sellers WRF,"COCOA, CITY OF",0.32318674355047733
12000096001,50b55567-289c-4f3a-8f2c-465bf31cda2d,1,2,Cocoa/Jerry Sellers WRF,"COCOA, CITY OF",0.32318674355047733
12000096001,cad9e8a4-a229-42f8-b592-92ed9b85ede5,0,3,Cocoa/Jerry Sellers WRF,BREVARD COUNTY,0.0
12000096001,f1dabfb5-59da-4e41-8124-b5da7b47c8b5,0,4,Cocoa/Jerry Sellers WRF,"COCOA, CITY OF",0.32318674355047733
12000096001,983c3f44-6583-4db4-ab8b-521302959ede,0,5,Cocoa/Jerry Sellers WRF,"Cocoa, City of",0.32318674355047733
12000096001,1ae96c5d-944e-4463-ba55-267dccc092be,0,6,Cocoa/Jerry Sellers WRF,"COCOA, CITY OF",0.32318674355047733
12000096001,a8daeab4-82d2-4ed7-80c1-c1473002b158,0,7,Cocoa/Jerry Sellers WRF,"ROCKLEDGE, CITY OF",0.0
12000096001,4605c8bb-c671-4b55-89ad-0b890a04b001,0,8,Cocoa/Jerry Sellers WRF,"COCOA HOUSING AUTHORITY, CITY",0.32318674355047733
12000096001,a9e19424-a5ff-428b-b5ab-a60abb58e9c5,0,9,Cocoa/Jerry Sellers WRF,"FLORIDA, STATE OF (IITF)",0.0
12000096001,b5e4bdfd-fcc8-458d-b98d-c4e149b987eb,0,10,Cocoa/Jerry Sellers WRF,"COCOA, CITY OF",0.32318674355047733
12000096001,9a519d0b-ef17-4398-b468-1480068ce73b,0,11,Cocoa/Jerry Sellers WRF,"COCOA, CITY OF",0.32318674355047733
12000096001,a126285a-54dc-44de-863e-f48f3af24b23,0,12,Cocoa/Jerry Sellers WRF,"COCOA, CITY OF",0.32318674355047733
12000096001,80683fe4-d03a-45ed-85c9-96d5e894a852,0,13,Cocoa/Jerry Sellers WRF,Brevard County,0.0
12000096001,c47b8eb3-c98e-4a7b-a578-ce9babce5558,0,14,Cocoa/Jerry Sellers WRF,"COCOA, CITY OF",0.32318674355047733
12000096001,87bf1c92-8bd4-414a-a5b6-c515ce1aa286,0,15,Cocoa/Jerry Sellers WRF,"ROCKLEDGE, CITY OF",0.0
12000096001,6d4059fc-7271-460b-a5e4-50ccddf347c9,0,16,Cocoa/Jerry Sellers WRF,"Cocoa Housing Authority, City",0.32318674355047733
12000096001,e9c62666-e354-434e-afe6-7d78258df1b1,0,17,Cocoa/Jerry Sellers WRF,"COCOA, CITY OF",0.32318674355047733
12000096001,4c1beda0-66e9-445a-82dd-c3ce1b3dfa69,0,18,Cocoa/Jerry Sellers WRF,"COCOA, CITY OF",0.32318674355047733
12000096001,0a6c2ac3-3c17-47e4-aa12-07a5e62d823f,0,19,Cocoa/Jerry Sellers WRF,"FLORIDA, STATE OF (IITF)",0.0
12000096001,d11ca89a-c6d3-4b99-af3a-31c60f1053ef,0,20,Cocoa/Jerry Sellers WRF,"COCOA, CITY OF",0.32318674355047733
12000098001,56ad48f4-7803-48a3-9468-4d9720d93f65,1,1,BCUD/SOUTH CENTRAL Regional WWTF,BREVARD COUNTY,0.0
12000098001,3da0f22d-c9bc-499d-a9c0-77ecf95250e4,0,2,BCUD/SOUTH CENTRAL Regional WWTF,BREVARD COUNTY,0.0
12000098001,6f2e5d33-50eb-4353-9a09-83bce184651b,0,3,BCUD/SOUTH CENTRAL Regional WWTF,BREVARD COUNTY,0.0
12000098001,847b8171-37d3-469d-b096-537e68f306d2,0,4,BCUD/SOUTH CENTRAL Regional WWTF,BREVARD COUNTY,0.0
12000098001,ac52c181-0bee-46a9-b56d-06893fa06ddb,0,5,BCUD/SOUTH CENTRAL Regional WWTF,BREVARD COUNTY,0.0
12000098001,360c8816-7d20-4d2c-b9a6-5597103374d8,0,6,BCUD/SOUTH CENTRAL Regional WWTF,BREVARD COUNTY,0.0
12000098001,142b3df3-9ac5-4365-8a70-22a134a14395,0,7,BCUD/SOUTH CENTRAL Regional WWTF,HERITAGE ISLE DISTRICT,0.0
12000098001,f6fbee13-351c-4df8-bd20-0bfce2f711ab,0,8,BCUD/SOUTH CENTRAL Regional WWTF,BREVARD COUNTY,0.0
12000098001,69602ebf-491f-4cb3-9b68-f0a08672a72e,0,9,BCUD/SOUTH CENTRAL Regional WWTF,Welltower TCG Ridea Landlord L,0.0
12000098001,ec3ecef9-4066-48ea-ae0f-d47528721f9c,0,10,BCUD/SOUTH CENTRAL Regional WWTF,Heritage Isle District Associa,0.0
12000098001,f7bc07d3-1de1-4808-a9d0-8fcf4ad73492,0,11,BCUD/SOUTH CENTRAL Regional WWTF,HERITAGE ISLE DISTRICT,0.0
12000098001,74b6bdfc-9576-4a51-8e45-a86821a14bf9,0,12,BCUD/SOUTH CENTRAL Regional WWTF,A Duda & Sons Inc,0.0
12000098001,bfeae828-05b8-4fbc-9341-8339cb564de2,0,13,BCUD/SOUTH CENTRAL Regional WWTF,HERITAGE ISLE DISTRICT,0.0
12000098001,2139a554-60b6-401e-8923-642798148df4,0,14,BCUD/SOUTH CENTRAL Regional WWTF,Midgard Self Storage Viera FL,0.0
12000098001,bc566af2-c8de-4cd6-a703-257291a0055d,0,15,BCUD/SOUTH CENTRAL Regional WWTF,HERITAGE ISLE DISTRICT,0.0
12000098001,4b3722dd-cd0d-4a6a-a812-adaa9ab9b5ac,0,16,BCUD/SOUTH CENTRAL Regional WWTF,BREVARD COUNTY,0.0
12000098001,585b4fc4-aebd-4f47-9a4f-718133c3e827,0,17,BCUD/SOUTH CENTRAL Regional WWTF,A DUDA & SONS INC,0.0
12000098001,26a49400-2b98-4073-bf67-087595b7b01d,0,18,BCUD/SOUTH CENTRAL Regional WWTF,BREVARD COUNTY,0.0
12000098001,a19ee5db-90ad-4ff3-a511-7527cbc0807e,0,19,BCUD/SOUTH CENTRAL Regional WWTF,HERITAGE ISLE AT VIERA COMMUNI,0.0
12000098001,4a41d348-b178-4e7d-8161-1551c80767c2,0,20,BCUD/SOUTH CENTRAL Regional WWTF,Central Viera Community Associ,0.4104664624711645
12000208001,206abff8-37bf-4431-b4fa-efef89056b6a,1,1,STARKE WWTF,CITY OF STARKE,1.0
12000208001,a6ce9bac-06fd-45a6-b9af-830968d1585e,0,2,STARKE WWTF,CITY OF STARKE (EDWARDS RD PK),1.0
12000208001,0cd15292-3f5e-499a-8d21-2d7042b72bd4,0,3,STARKE WWTF,STATE OF FLORIDA,0.0
12000208001,d06e843b-71e4-4e26-aab7-d3cdc914396d,0,4,STARKE WWTF,CITY OF STARKE,1.0
12000208001,23a8a879-cc53-481f-a2c8-6dc515a7ef61,0,5,STARKE WWTF,CITY OF STARKE,1.0
12000208001,a1d7ee65-b494-475f-93d3-6f124b2fcec0,0,6,STARKE WWTF,CITY OF STARKE,1.0
12000208001,f6197dcf-2a97-4539-9e3e-3afaa8c6312b,0,7,STARKE WWTF,BRADFORD COUNTY (COURTHOUSE),0.0
12000208001,35955619-8197-4522-a102-4c92c8a061e2,0,8,STARKE WWTF,CITY OF STARKE,1.0
12000208001,51fa84a5-1b2b-4594-b656-c3a8ae90ce3f,0,9,STARKE WWTF,STARKE RV LLC,1.0
12000208001,5bbd633a-b6f2-4a46-bb7e-cd103d739861,0,10,STARKE WWTF,CITY OF STARKE (EDWARDS RD),1.0
12000208001,c617ee00-ba19-4ba3-8257-d7b427303c74,0,11,STARKE WWTF,STARKE RV LLC,1.0
12000208001,83710c84-541b-4d08-8fdb-c8ed45482a00,0,12,STARKE WWTF,BRADFORD COUNTY FLORIDA,0.0
12000208001,1ba05802-a8bf-4bca-81b5-8c97d98a1fdb,0,13,STARKE WWTF,BRADFORD COUNTY,0.0
12000208001,30b00116-8d5b-4798-9365-999bbdf24015,0,14,STARKE WWTF,BRADFORD COUNTY,0.0
12000208001,2ee95934-707c-4d27-882d-4cbf4908a21f,0,15,STARKE WWTF,PENNINGTON KATHRYN W & JAMES E,0.0
12000208001,eca2091a-7d59-4c1c-8916-4316a0560f5b,0,16,STARKE WWTF,"900 SOUTH WATER ST, LLC",0.0
12000208001,b6effb16-af33-49e5-9957-a2c8e4cd1309,0,17,STARKE WWTF,R J CORMAN RAILROAD CO,0.0
12000208001,8f140053-bce1-4c63-a1c9-c36afb38cb16,0,18,STARKE WWTF,CITY OF STARKE,1.0
12000208001,9f060825-e06f-473c-875c-c719782f5f4e,0,19,STARKE WWTF,"AREA DUMPSTERS, LLC",0.0
12000208001,affce939-99d7-400e-985a-35691fc40179,0,20,STARKE WWTF,CSX TRANSPORTATION INC,0.0
12000222001,e4858352-0b91-4b2d-a552-6aeb6ade98fa,1,1,FLAGLER BEACH WWTP,CITY OF FLAGLER BEACH,1.0
12000222001,08a1ba39-889f-4550-a1f7-5439e9371559,0,2,FLAGLER BEACH WWTP,BOARD OF COUNTY COMMISSIONERS,0.0
12000222001,97278bd5-f0aa-45af-8b28-3aa7fb72f4fa,0,3,FLAGLER BEACH WWTP,BOARD OF COUNTY COMMISSIONERS,0.0
12000222001,43fed81c-939f-4077-a603-6f0e864c5af0,0,4,FLAGLER BEACH WWTP,FLAGLER COUNTY BOARD OF COUNTY,0.5981544576921936
12000222001,689071c3-21db-489e-a433-a35f8b346039,0,5,FLAGLER BEACH WWTP,FLAGLER COUNTY,0.5981544576921936
12000222001,27309214-55fa-4a9e-8200-0b9327d52935,0,6,FLAGLER BEACH WWTP,COUNTY OF FLAGLER,0.5981544576921936
12000222001,3bfb08df-fdbc-4962-b7c6-19d6fc0155b0,0,7,FLAGLER BEACH WWTP,FLAGLER COUNTY BOARD OF,0.5981544576921936
12000222001,47fbf492-64ca-41b2-b6eb-75063adfbfbe,0,8,FLAGLER BEACH WWTP,BOARD OF COUNTY COMMISSIONERS,0.0
12000222001,f67ffdbc-585b-4cb3-b55d-4b8e4005bcaa,0,9,FLAGLER BEACH WWTP,FLAGLER COUNTY BOARD OF COUNTY,0.5981544576921936
12000222001,571b43c2-8149-40cf-8e11-00f4333e479a,0,10,FLAGLER BEACH WWTP,BOARD OF COUNTY COMMISSIONERS,0.0
12000222001,41a2f4c7-1328-4e67-a024-1b1be2a7e80a,0,11,FLAGLER BEACH WWTP,CITY OF FLAGLER BEACH,1.0
12000222001,9eba6cfb-9410-46a7-a81a-eaff6865db9c,0,12,FLAGLER BEACH WWTP,CITY OF FLAGLER BEACH,1.0
12000222001,ff724313-98d0-4209-8ccd-10b9a7ea83cf,0,13,FLAGLER BEACH WWTP,CITY OF PALM COAST,0.0
12000222001,11481caf-360a-4b8c-b20d-f5c10bc79e6e,0,14,FLAGLER BEACH WWTP,BEACH VILLAGE AT PALM COAST,0.40184554230780645
12000222001,9e85fc84-476c-4fcd-8bc2-8e478236fcf0,0,15,FLAGLER BEACH WWTP,BULOW CREEK LC,0.0
12000222001,a958c809-fec5-4862-96ca-85c49bb1ae51,0,16,FLAGLER BEACH WWTP,FLAGLER BEACH VILLAS RRH LTD,1.0
12000222001,ea824d93-77bc-4e88-9187-ece48f413d29,0,17,FLAGLER BEACH WWTP,SCHOOL BOARD OF FLAGLER COUNTY,0.5981544576921936
12000222001,bd58c8e9-dfda-46d9-a1a5-320ee04da74c,0,18,FLAGLER BEACH WWTP,STATE OF FLORIDA,0.0
12000222001,de281042-fe6f-4493-afa1-cc9b17f9040b,0,19,FLAGLER BEACH WWTP,BRIDGEWATER AT FLAGLER BEACH,1.0
12000222001,7d1862ca-1fc8-45d6-8831-2a4f94901a9b,0,20,FLAGLER BEACH WWTP,MOTT JOHN,0.0
12000252001,f356bd45-e266-4752-b0fb-d3d786579870,0,1,Grand Ridge WWTF,TOWN OF GRAND RIDGE,1.0
12000252001,14c444e9-869f-4c29-914a-646dbd2d338c,0,2,Grand Ridge WWTF,TOWN OF GRAND RIDGE,1.0
12000252001,e39ab8bf-8259-4957-89b7-39a1e922a23a,0,3,Grand Ridge WWTF,TOWN OF GRAND RIDGE,1.0
12000252001,dca03735-0f2d-4fae-a568-5e35956cd269,1,4,Grand Ridge WWTF,THE TOWN OF GRAND RIDGE,1.0
12000252001,15030de0-b9c6-4ae0-a3c9-1a864f648054,0,5,Grand Ridge WWTF,THE TOWN OF GRAND RIDGE,1.0
12000252001,fb98d34a-1759-4570-b38d-ab01e137fcc5,0,6,Grand Ridge WWTF,,
12000252001,75902e96-da91-43f6-beb9-bf9b6a25c028,0,7,Grand Ridge WWTF,GRIFFIN DON & MARTHA,0.0
12000252001,6bb61ec8-96b4-45ec-a246-6bfb4577865f,0,8,Grand Ridge WWTF,JOHNSON KELVIN,0.0
12000252001,78329053-0eda-43c0-bc5b-be3097a7b09b,0,9,Grand Ridge WWTF,JOHNSON CLYDE BRUCE & ETAL,0.0
12000252001,fd4e424f-5006-4b11-a5c2-78a48fe0bcc7,0,10,Grand Ridge WWTF,WESTER WILLIAM & PATRICIA,0.0
12000252001,eac8dac1-e7fe-472b-9d7c-d261ce1fccb0,0,11,Grand Ridge WWTF,,
12000252001,242aa60a-f627-499f-af49-2978c13e40fc,0,12,Grand Ridge WWTF,BRIGGS DEBRA NELL,0.0
12000252001,16ac0ef9-558e-49f4-b7e2-f18d63578337,0,13,Grand Ridge WWTF,BURDESHAW LISA LAWRENCE,0.0
12000252001,a3fcbf67-2ac6-4343-bba8-d6817901b4fb,0,14,Grand Ridge WWTF,DURDEN LAWRENCE WILLARD,0.0
12000252001,26514b54-90cf-4426-b16d-f54a55e3a1da,0,15,Grand Ridge WWTF,LAWRENCE RICHARD G JR & LISA G,0.0
12000252001,afc30235-efd8-4b1e-8cf7-2abc5c1d4424,0,16,Grand Ridge WWTF,HARTHILL INC,0.0
12000252001,625f9f5e-a709-4f16-bde3-1bc66c947859,0,17,Grand Ridge WWTF,LEWIS NELL MCMILLAN TRUSTEE OF,0.0
12000252001,04235eed-3735-4ec6-819d-9f300d385477,0,18,Grand Ridge WWTF,JOHNSON BRUCE,0.0
12000252001,dcb35968-8398-4375-aedc-7debe478ab45,0,19,Grand Ridge WWTF,GILBERT KYLE GENE & TRACI LYN,0.0
12000252001,d2279b2c-dc3c-43e4-aafd-16a0190f1e6c,0,20,Grand Ridge WWTF,HICKS JIMMY DUANE & MARIA L,0.0
12000382001,64bb1ce3-c34c-4054-bd06-21b72eeade14,0,1,FREEPORT WWTP,CITY OF FREEPORT,1.0
12000382001,b1ae23ac-40bd-4411-8d8e-726c9e1de471,0,2,FREEPORT WWTP,CITY OF FREEPORT,1.0
12000382001,3fd76c3a-93f5-4cd5-a8d6-7d01608d6d32,0,3,FREEPORT WWTP,CITY OF FREEPORT,1.0
12000382001,454637f1-8b8a-4b38-af5d-d6f3bce33a6f,0,4,FREEPORT WWTP,CITY OF FREEPORT,1.0
12000382001,fdb34af0-9b57-42ac-adf5-e1fbe3f150a1,1,5,FREEPORT WWTP,CITY OF FREEPORT,1.0
12000382001,918deb11-3868-4ca0-8a03-67071d1282bf,0,6,FREEPORT WWTP,CITY OF FREEPORT FL,1.0
12000382001,502f42b9-8599-44bc-83b9-1ec863b64342,0,7,FREEPORT WWTP,WALTON COUNTY SCHOOL BOARD,0.0
12000382001,b8160316-4535-4a10-a29d-ccd28cec02db,0,8,FREEPORT WWTP,WALTON COUNTY SCHOOL BOARD,0.0
12000382001,338dd975-30c4-4b3a-823d-c308ecfbc2f0,0,9,FREEPORT WWTP,CITY OF FREEPORT,1.0
12000382001,fbd0c4df-8c12-43d4-8524-b158a8eeb539,0,10,FREEPORT WWTP,WALTON COUNTY,0.0
12000382001,6c0f4db2-07d1-4c51-a7f6-312c47123bac,0,11,FREEPORT WWTP,CITY OF FREEPORT,1.0
12000382001,a498c6cb-865e-4ac8-bd5e-19b0c3e280b1,0,12,FREEPORT WWTP,CITY OF FREEPORT FL,1.0
12000382001,9bcf226a-b914-4d36-b3e3-a5ffa2e68cd6,0,13,FREEPORT WWTP,LEWIS HORACE G SR,0.0
12000382001,cb9ed0a8-8df3-440b-a443-68363e6d737e,0,14,FREEPORT WWTP,STATE OF FLORIDA DEPT OF TRANSPORTATION,0.0
12000382001,8fb71c2f-0baa-48a2-a959-17ba44daba01,0,15,FREEPORT WWTP,CROSSPOINT CHURCH INC,0.0
12000382001,b2a49bdf-2cdf-40d0-b4f0-bd4c60d9d953,0,16,FREEPORT WWTP,FREEPORT LANDING LLC,1.0
12000382001,be1ffd96-1c50-43ad-a044-d1f5eaa74d8c,0,17,FREEPORT WWTP,SCHOOL BOARD OF WALTON COUNTY,0.0
12000382001,85b1075f-f92e-4bcc-bc06-06bdca979d05,0,18,FREEPORT WWTP,4MR LLC,0.0
12000382001,af32e4d1-45b0-48c5-b834-38572e51f306,0,19,FREEPORT WWTP,READY MIX USA LLC,0.0
12000382001,941d6e61-dfbc-4cd7-9b32-4521223fe43a,0,20,FREEPORT WWTP,WACK WILLIAM A AS BISHOP OF,0.0
13000605001,29c0f030-fd7f-4122-a66c-77f3b2aa8c0a,1,1,Shenandoah WWTF (Coweta County),,
13000605001,2fe1eeed-c037-4a30-a36b-bbb6d9763d13,0,2,Shenandoah WWTF (Coweta County),,
13000605001,2b736402-191a-48f4-92ed-fe7608c08eba,0,3,Shenandoah WWTF (Coweta County),"POPLAR VILLAGE HOMEOWNERS ASSOCIATION, I",0.0
13000605001,0a0617db-ce0a-49d5-85e9-24f3b2b81108,0,4,Shenandoah WWTF (Coweta County),,
13000605001,8d10a670-e29e-496a-b90c-c9c9533eb6a8,0,5,Shenandoah WWTF (Coweta County),VIGH JOLIE ROQUEMORE,0.0
13000605001,c2085842-33b2-48fc-b496-0aa73e7a88bf,0,6,Shenandoah WWTF (Coweta County),WOLFE BOSCOE V JR,0.0
13000605001,af2d5056-4e76-4953-84bf-c9c4de261f0e,0,7,Shenandoah WWTF (Coweta County),BIG POPLAR LLC,0.0
13000605001,bed79bc5-b6fa-4f07-86c6-62b6d8cef0b7,0,8,Shenandoah WWTF (Coweta County),FORESTAR (USA) REAL ESTATE GROUP INC,0.0
13000605001,f6f2566e-4d72-4fc9-b2c8-1cb65515c4f8,0,9,Shenandoah WWTF (Coweta County),BLACKBURN DUKE C JR & LYNN H,0.0
13000605001,92d7e5ec-a7eb-4105-8917-9acb4faa11bd,0,10,Shenandoah WWTF (Coweta County),,
13000605001,7c261bd9-3c16-4257-869c-29374f9f553a,0,11,Shenandoah WWTF (Coweta County),BLACKBURN DUKE C JR & LYNN H,0.0
13000605001,57efc60b-2f14-4288-a816-ecd2a5cb2974,0,12,Shenandoah WWTF (Coweta County),YEAGER THOMAS DONALD & SYLVIA ANN,0.0
13000605001,d2b12d5c-3f2a-4f56-ad89-0d55cc57a4a6,0,13,Shenandoah WWTF (Coweta County),WOLFE BOSCOE V JR,0.0
13000605001,45dfa4f7-c8a2-49f8-ae72-12769d60414e,0,14,Shenandoah WWTF (Coweta County),BROWN LINDA C & STANLEY M BROWN ESTATE,0.0
13000605001,77bc965a-5b67-4bd6-83c5-1905a3b033cd,0,15,Shenandoah WWTF (Coweta County),POPLAR PRESERVE HOMEOWNERS ASSOCIATION INC,0.0
13000605001,68adfa42-9a35-4368-9b9c-9581dbd3d778,0,16,Shenandoah WWTF (Coweta County),"POPLAR VILLAGE HOMEOWNERS ASSOCIATION, I",0.0
13000605001,28c91700-7ebe-47b4-b439-e279a7278a9a,0,17,Shenandoah WWTF (Coweta County),SUPERSCAPES GA LLC,0.0
13000605001,42769c28-df9f-41c9-b570-f5ddfe87bfc0,0,18,Shenandoah WWTF (Coweta County),VIGH JOLIE R,0.0
13000605001,0c13deb5-9ced-44c6-976b-3b48c87eb184,0,19,Shenandoah WWTF (Coweta County),GILLIAM BRADLEY BOYD,0.0
13000605001,801adec7-c432-49fe-8c7b-f5a1058fc437,0,20,Shenandoah WWTF (Coweta County),ARRINGTON KATHY YEAGER & DAVID A,0.0
16000032001,7eadb1dd-f7f4-4ea6-96c9-b79aa716a3fe,1,1,MIDDLETON SEWAGE TREATMENT FCLTY,MIDDLETON VILLAGE OF,0.45405227439676266
16000032001,1dc02f05-1853-46ff-bace-546f2fbf6439,0,2,MIDDLETON SEWAGE TREATMENT FCLTY,MIDDLETON VILLAGE OF,0.45405227439676266
16000032001,c6391e41-25f2-416a-a4d6-c5e3118105b3,0,3,MIDDLETON SEWAGE TREATMENT FCLTY,MIDDLETON CITY OF,0.45405227439676266
16000032001,4547b5a4-d121-41c2-831e-86e777d732df,0,4,MIDDLETON SEWAGE TREATMENT FCLTY,MIDDLETON CITY OF,0.45405227439676266
16000032001,b17785a0-4e70-46a1-a90f-87ffd315bd1c,0,5,MIDDLETON SEWAGE TREATMENT FCLTY,MIDDLETON CITY OF,0.45405227439676266
16000032001,ca4fb080-cd0e-4a1b-80aa-0f76e43c99da,0,6,MIDDLETON SEWAGE TREATMENT FCLTY,MIDDLETON CITY OF,0.45405227439676266
16000032001,2ef41781-d1ef-4453-a32b-1dbcfa9f709b,0,7,MIDDLETON SEWAGE TREATMENT FCLTY,MIDDLETON SCHOOL DIST NO 134,0.45405227439676266
16000032001,e320432c-b925-4ab9-b2da-17b2ac0b364e,0,8,MIDDLETON SEWAGE TREATMENT FCLTY,MIDDLETON SCHOOL DIST NO 134,0.45405227439676266
16000032001,5ebeed0a-7d35-4efd-a837-65127d1da650,0,9,MIDDLETON SEWAGE TREATMENT FCLTY,FEATHER RIVER LLC,0.0
16000032001,a360192e-b53f-457e-81b0-9efb2c8d6cf0,0,10,MIDDLETON SEWAGE TREATMENT FCLTY,AG EHC II LEN MULTI STATE 2 LLC,0.0
16000032001,33582258-e03d-4207-af18-f88b438a5034,0,11,MIDDLETON SEWAGE TREATMENT FCLTY,MIDDLETON CITY OF,0.45405227439676266
16000032001,e711d555-e02a-470a-821a-c913f72b7e25,0,12,MIDDLETON SEWAGE TREATMENT FCLTY,MIDDLETON SCHOOL DISTRICT NO 134,0.45405227439676266
16000032001,4a69679e-f24a-4e1a-ae92-527e8d1fd211,0,13,MIDDLETON SEWAGE TREATMENT FCLTY,FEATHER RIVER LLC,0.0
16000032001,97340fbb-9cfc-46f4-8e18-0b19c5ac4edd,0,14,MIDDLETON SEWAGE TREATMENT FCLTY,MIDDLETON CITY OF,0.45405227439676266
16000032001,ebaeb892-9c69-4f53-8875-34940b3c3237,0,15,MIDDLETON SEWAGE TREATMENT FCLTY,MIDDLETON CITY OF,0.45405227439676266
16000032001,3f373ca8-ecfd-4106-b14c-e34852b42db9,0,16,MIDDLETON SEWAGE TREATMENT FCLTY,,
16000032001,201e8058-71a4-414e-ba43-65820d9be4bc,0,17,MIDDLETON SEWAGE TREATMENT FCLTY,STATE OF IDAHO FISH GAME DEPT,0.0
16000032001,30afa45b-5cb7-4da3-973a-e8712a3cf8fb,0,18,MIDDLETON SEWAGE TREATMENT FCLTY,HUBLER WILLIAM F,0.0
16000032001,8485382c-6cfe-440a-a266-ecb9d57454ac,0,19,MIDDLETON SEWAGE TREATMENT FCLTY,MIDDLETON CITY OF,0.45405227439676266
16000032001,ae82ac76-ca06-4c8f-8bf9-89f4e339d522,0,20,MIDDLETON SEWAGE TREATMENT FCLTY,MIDDLETON CITY OF,0.45405227439676266
16000127001,3985cd37-75d2-47be-a776-a067ce65f2ca,1,1,BURLEY SEWAGE TREATMENT PLANT,CITY OF BURLEY,1.0
16000127001,afcd0188-6a55-4264-aba9-bb00a4a3dc4c,0,2,BURLEY SEWAGE TREATMENT PLANT,CITY OF BURLEY,1.0
16000127001,2949b80f-90b6-422c-8695-35d980ebbdd0,0,3,BURLEY SEWAGE TREATMENT PLANT,CITY OF BURLEY,1.0
16000127001,d404ca12-4576-4a42-b7af-b6a234444d56,0,4,BURLEY SEWAGE TREATMENT PLANT,CITY OF BURLEY,1.0
16000127001,46312998-8379-4242-9f1b-b9bee037d3d8,0,5,BURLEY SEWAGE TREATMENT PLANT,CASSIA COUNTY,0.0
16000127001,c9c8d90e-5ad2-4e67-b379-ab74ca31aa25,0,6,BURLEY SEWAGE TREATMENT PLANT,CITY OF BURLEY,1.0
16000127001,9b624dca-d49d-4788-88b9-f1286413a793,0,7,BURLEY SEWAGE TREATMENT PLANT,CITY OF BURLEY,1.0
16000127001,2e2d64ec-3f98-4db3-9466-61803fd81e23,0,8,BURLEY SEWAGE TREATMENT PLANT,CITY OF BURLEY,1.0
16000127001,35022e83-4399-46e0-a6c4-8205d241facf,0,9,BURLEY SEWAGE TREATMENT PLANT,CITY OF BURLEY,1.0
16000127001,1bbb47ed-ac10-48b7-b66a-2fb8bfa50f21,0,10,BURLEY SEWAGE TREATMENT PLANT,CITY OF BURLEY,1.0
16000127001,c2915c26-a360-4a70-86cd-53ebb4a712b4,0,11,BURLEY SEWAGE TREATMENT PLANT,CITY OF BURLEY,1.0
16000127001,c5fe208c-7825-4b92-8790-500d4798a254,0,12,BURLEY SEWAGE TREATMENT PLANT,CITY OF BURLEY,1.0
16000127001,1877780a-fe0f-4687-929f-603351e0e868,0,13,BURLEY SEWAGE TREATMENT PLANT,STATE OF IDAHO DEPARTMENT OF HIGHWAYS,0.0
16000127001,08c99791-5efe-4107-9b19-b38930070c48,0,14,BURLEY SEWAGE TREATMENT PLANT,CITY OF HEYBURN,0.0
16000127001,ce82bab8-b342-4a17-8754-33853302517f,0,15,BURLEY SEWAGE TREATMENT PLANT,CITY OF BURLEY,1.0
16000127001,5c3e29bc-2520-45b9-9dd5-437944d6c7ef,0,16,BURLEY SEWAGE TREATMENT PLANT,CITY OF BURLEY,1.0
16000127001,e2126ab8-a9ca-444b-9003-faf4343ece1b,0,17,BURLEY SEWAGE TREATMENT PLANT,CITY OF BURLEY,1.0
16000127001,1c7001b5-7d36-4a24-9ad3-55ab3a83b222,0,18,BURLEY SEWAGE TREATMENT PLANT,CASSIA COUNTY,0.0
16000127001,1658f7fc-e983-481c-acd3-9367b2bff1f6,0,19,BURLEY SEWAGE TREATMENT PLANT,BUREAU OF LAND MANAGEMENT,0.0
16000127001,fa979686-bd6d-45c4-9be4-d7866d573c70,0,20,BURLEY SEWAGE TREATMENT PLANT,CITY OF BURLEY,1.0
17000000029,61babbaf-e503-481d-96d3-69de08bfb139,0,1,PERU WWTP 2,CITY OF SPRING VALLEY,0.0
17000000029,0b3a61ab-c307-472d-99d1-dda44512a433,0,2,PERU WWTP 2,CITY OF PERU,1.0
17000000029,300c6d0c-9a5e-4ac0-a67a-647112feb957,0,3,PERU WWTP 2,CITY OF SPRING VALLEY,0.0
17000000029,12bcca47-cce9-4184-b9f1-9bfc7bc99fc9,0,4,PERU WWTP 2,CITY OF SPRING VALLEY,0.0
17000000029,91d83419-a17e-4f6b-9114-ebed8fe83fde,0,5,PERU WWTP 2,ST BEDE ABBEY & ACADEMY,0.0
17000000029,d8b0f3a7-cf27-4208-8d17-f38660ed4fe7,0,6,PERU WWTP 2,CITY OF PERU,1.0
17000000029,ee1d50ef-2ca4-4e58-b576-f8114a2b9eaa,0,7,PERU WWTP 2,MOUNT OLIVE CEMETERY,0.0
17000000029,e2dc19d1-a550-4f79-8184-2405bbd2d6ee,0,8,PERU WWTP 2,ST BEDE ABBEY & ACADEMY,0.0
17000000029,998e0ba1-6892-4111-a6bb-939dcddd62c8,0,9,PERU WWTP 2,SITTERLY FARMS LLC,0.0
17000000029,8bcd8427-9e35-4e6f-9791-0a0ca6563181,0,10,PERU WWTP 2,ST VALENTINES CEMETERY,0.0
17000000029,a4d2ce0f-5dc9-43dd-9f89-7fe3a66f3b92,0,11,PERU WWTP 2,ST ROSE OF LIMA ROMAN CATHOLIC CONG OF PERU IL,1.0
17000000029,1597ffb9-42b9-4222-9bd2-3428cdcbfc5a,0,12,PERU WWTP 2,BENEDICTINE SOCIETY OF ST BEDE,0.0
17000000029,68662827-82ad-45ab-b217-51c21fe4d4ca,0,13,PERU WWTP 2,ST BEDE ABBEY & ACADEMY,0.0
17000000029,8aa69fa9-7036-4d85-bf23-d57b49d22295,0,14,PERU WWTP 2,ST BEDE ABBEY & ACADEMY,0.0
17000000029,8c4b57ff-456e-41a8-9bab-3542f95452ac,0,15,PERU WWTP 2,CITY OF SPRING VALLEY,0.0
17000000029,87b1abda-b5a3-465d-9d85-77434ad98058,1,16,PERU WWTP 2,CITY OF PERU,1.0
17000000029,11eed399-57ef-4006-8e85-3767c1bcd770,0,17,PERU WWTP 2,,
17000000029,78ad1af5-b77b-4492-8de3-830cddcb0892,0,18,PERU WWTP 2,SITTERLY FARMS LLC,0.0
17000000029,465c8013-f27b-4c84-a0ec-fce89fe9e767,0,19,PERU WWTP 2,SITTERLY FARMS LLC,0.0
17000000029,9f170310-00bd-479e-97df-63a8ad25ec5c,0,20,PERU WWTP 2,BENEDICTINE SOC OF ST BEDE,0.0
17000029001,85f50bc0-5c37-4779-9f9d-9cfdc9851671,1,1,"QUINCY, CITY OF",CITY OF QUINCY,1.0
17000029001,497948e8-96c6-4b10-9d41-9ac123f1cb09,0,2,"QUINCY, CITY OF",CITY OF QUINCY,1.0
17000029001,d8bc1568-c82c-4d56-8ded-b0af6331b266,0,3,"QUINCY, CITY OF",ARCHER-DANIELS-MIDLAND COMPANY,0.0
17000029001,ad21e793-3f6f-4966-9043-0dee6388c49c,0,4,"QUINCY, CITY OF","PRINCE MINERALS, INC",0.0
17000029001,126173d8-7da3-4641-87c7-e61d3ce96e4d,0,5,"QUINCY, CITY OF",ARCHER-DANIELS-MIDLAND COMPANY,0.0
17000029001,44f5b7d5-efcd-4332-a606-b9f49fc3bb33,0,6,"QUINCY, CITY OF",ARCHER-DANIELS-MIDLAND COMPANY,0.0
17000029001,f999cc9a-5e8c-4d69-912a-091a37e58bcc,0,7,"QUINCY, CITY OF",CITY OF QUINCY,1.0
17000029001,d0535a1d-a893-473e-9a56-12f25680d51e,0,8,"QUINCY, CITY OF",C & T QUINCY,1.0
17000029001,c05eb245-18c1-4eab-8e93-40746f2fc8a8,0,9,"QUINCY, CITY OF",C & T QUINCY,1.0
17000029001,1367b66a-c1d8-404c-ab0c-f454211255d5,0,10,"QUINCY, CITY OF",QUINCY PARK DISTRICT BOARD OF TRUSTEES,1.0
17000029001,0f6c1ad1-b08c-484a-872f-a2b7d030d6aa,0,11,"QUINCY, CITY OF","BLICK'S CONSTRUCTION CO, INC",0.0
17000029001,ecc9dbc1-92e4-4fb1-98ad-d9779147bbef,0,12,"QUINCY, CITY OF","SHAFFER INVESTMENTS, LLC",0.0
17000029001,1fc39e0d-61b2-4d01-9cb3-083963b397d9,0,13,"QUINCY, CITY OF","GARDNER DENVER MACHINERY, INC",0.0
17000029001,100f6671-e0b1-49b9-982a-12c3529cb587,0,14,"QUINCY, CITY OF",CITY OF QUINCY,1.0
17000029001,f1329ae0-ccf9-4b8a-bd8f-374eb38d16b5,0,15,"QUINCY, CITY OF",U.S. ARMY CORPS OF ENGINEERS,0.0
17000029001,ff3b688b-9626-45a8-b7bc-71ae8a865c78,0,16,"QUINCY, CITY OF",,
17000029001,33eb1540-a984-49c1-b7ce-bed50082c6c3,0,17,"QUINCY, CITY OF","GARDNER DENVER MACHINERY, INC",0.0
17000029001,c50f13b9-a48b-4962-b25a-9bf82e4b26a0,0,18,"QUINCY, CITY OF",QUINCY PARK DISTRICT BOARD OF TRUSTEES,1.0
17000029001,32630473-449c-4865-98bc-5d5282adb388,0,19,"QUINCY, CITY OF","BLICK'S CONSTRUCTION CO, INC",0.0
17000029001,5dcb351b-64c7-41b7-9702-1087f8bbd026,0,20,"QUINCY, CITY OF",MID-AMERICA INTERMODAL AUTHORITY PORT DISTRICT,0.0
17000097001,791c2993-369f-493b-bc9a-33b2995476ed,0,1,CLAY CITY STP,VILLAGE OF CLAY CITY,1.0
17000097001,189f5122-1beb-4d00-841b-808e6dc73ce5,0,2,CLAY CITY STP,VILLAGE OF CLAY CITY,1.0
17000097001,cf61bf2e-d07c-4621-ae3f-ecc71386edbe,1,3,CLAY CITY STP,VILLAGE OF CLAY CITY,1.0
17000097001,f64eee5f-2b62-4b37-8321-68c23094dcfa,0,4,CLAY CITY STP,VILLAGE OF CLAY CITY,1.0
17000097001,0528a699-5cce-4801-8a18-03ae5231c4a2,0,5,CLAY CITY STP,SCHOOL CLAY CITY UNIT 10,1.0
17000097001,b849820f-bfe2-4ca1-8a4f-d6901b3ce95e,0,6,CLAY CITY STP,CEMETERY CLAY CITY,1.0
17000097001,a69df7bb-a649-43b4-bb8f-ec41ae1053b8,0,7,CLAY CITY STP,VILLAGE OF CLAY CITY,1.0
17000097001,8920e19a-bada-49cf-a788-436194da4f1b,0,8,CLAY CITY STP,CASEYS RETAIL CO,0.0
17000097001,9d77078a-4075-4c19-8a91-9b5f4fb7d80f,0,9,CLAY CITY STP,COCKEREL JAMES JR & CATHERINE,0.0
17000097001,bf2858a6-256f-4df2-8236-4edb1aa420e3,0,10,CLAY CITY STP,BAILEY BILL & NORMA JEAN,0.0
17000097001,6cdfcaa3-85e4-4b98-93e2-abd7eb1fa3d5,0,11,CLAY CITY STP,BAILEY BILL & NORMA JEAN,0.0
17000097001,2fe7b172-d36d-4541-ba67-ceabb97c3006,0,12,CLAY CITY STP,STOLL COLLINS M & BARBARA S TR,0.0
17000097001,2cd4f896-629d-4a5b-91e5-3972a84c3eb2,0,13,CLAY CITY STP,LEWIS DARREN & STACIE,0.0
17000097001,59039aa0-4610-4892-98ed-ff7562ba9281,0,14,CLAY CITY STP,BRYAN GALE D,0.0
17000097001,ba48810b-3b5f-4c95-adbb-2af5e3bfe6ea,0,15,CLAY CITY STP,VILLAGE OF CLAY CITY,1.0
17000097001,413ee675-6c48-4ef4-b10a-5f68670a22ac,0,16,CLAY CITY STP,TAYLOR MINNIE HEIRS,0.0
17000097001,11efce70-5f7a-4862-98f9-ec779bcffa16,0,17,CLAY CITY STP,CHURCH COMMUNITY SOUTHERN BAPTIST,0.0
17000097001,355b6701-bcf7-4df5-bbe4-6a9ceed7cb21,0,18,CLAY CITY STP,BANGERT EVERETT M & KAAREN J TR,0.0
17000097001,22d71153-37b5-4dce-b6aa-441a2056d2f3,0,19,CLAY CITY STP,TAYLOR MINNIE HEIRS,0.0
17000097001,0061b9e2-023c-44b2-9493-8b7c40e38819,0,20,CLAY CITY STP,MONICAL DALE & BECKY,0.0
17000270001,5f08027c-2528-41c4-b2d4-48a74c065b2b,0,1,EAST ALTON STP,VILLAGE OF EAST ALTON,1.0
17000270001,1ccd671b-ef72-4a53-ab89-77fdac281487,0,2,EAST ALTON STP,VILLAGE OF EAST ALTON,1.0
17000270001,1319927f-3a71-48f9-921a-143731228007,0,3,EAST ALTON STP,VILLAGE OF EAST ALTON,1.0
17000270001,727899d9-04ff-4f28-b876-eb8aef81a242,0,4,EAST ALTON STP,VILLAGE OF EAST ALTON,1.0
17000270001,a1a345f5-23ca-4538-92f2-2404e6c88917,0,5,EAST ALTON STP,VILLAGE OF EAST ALTON,1.0
17000270001,693d084c-1fdf-4d4d-9bf5-b4e8fb5154b8,1,6,EAST ALTON STP,ILLINOIS AMERICAN WATER COMPANY,0.0
17000270001,df9dd27d-388f-4abe-87a5-0c2b6a353625,0,7,EAST ALTON STP,CITY OF ALTON,1.0
17000270001,dd5a53c8-7ec1-4b88-abc1-2ad1bc2fd879,0,8,EAST ALTON STP,KANSAS CITY SOUTHERN RAILWAY CO AKA UNION PACIFIC RAILROAD,0.0
17000270001,930c6a5b-b73f-40e7-9e7d-5014bafa1f7c,0,9,EAST ALTON STP,OLIN WINCHESTER LLC,0.0
17000270001,48dc3720-23e4-44c7-9e03-a6462a55615c,0,10,EAST ALTON STP,VILLAGE OF EAST ALTON,1.0
17000270001,3b0c4d72-5766-460f-a993-549111ffa303,0,11,EAST ALTON STP,EAST ALTON ELEM DIST 13,1.0
17000270001,4feb2725-f417-418d-a505-2eafa6528cf6,0,12,EAST ALTON STP,OLIN BRASS AND WINCHESTER INC,0.0
17000270001,b9acef57-30fa-4b18-b857-aa7b8f974072,0,13,EAST ALTON STP,MADISON COUNTY,0.0
17000270001,60f39e1f-691f-4a19-9c67-aa52dae04e53,0,14,EAST ALTON STP,KANSAS CITY SOUTHERN RAILWAY CO AKA UNION PACIFIC RAILROAD,0.0
17000270001,864d6904-def9-4fc2-8a25-d1a06571f682,0,15,EAST ALTON STP,WOOD RIVER LEVEE AND DRAINAGE DIST,0.0
17000270001,3f59a35e-8cbe-4cd0-979c-97a7242ac951,0,16,EAST ALTON STP,KANSAS CITY SOUTHERN RAILWAY CO AKA UNION PACIFIC RAILROAD,0.0
17000270001,1864076d-71c2-438a-bd40-a2fb871c02d3,0,17,EAST ALTON STP,KANSAS CITY SOUTHERN RAILWAY CO AKA UNION PACIFIC RAILROAD,0.0
17000270001,c5f020ae-115a-49a0-bef5-fa59ec87abf7,0,18,EAST ALTON STP,VILLAGE OF BETHALTO,0.0
17000270001,d62d07be-39d3-4735-bd8e-2d1556d3322f,0,19,EAST ALTON STP,WOOD RIVER LEVEE AND DRAINAGE DIST,0.0
17000270001,08fb0a58-8614-4f13-9940-019b7129a078,0,20,EAST ALTON STP,WOOD RIVER LEVEE AND DRAINAGE DIST,0.0
17000281001,6fcc5c83-3169-4bd4-930e-143ad9895c1e,1,1,ALHAMBRA STP,VILLAGE OF ALHAMBRA,1.0
17000281001,c97d3191-4e52-48b3-8a10-2f9addf72106,0,2,ALHAMBRA STP,ALHAMBRA TOWNSHIP,1.0
17000281001,d002f953-7340-40cd-a8e6-60a092650825,0,3,ALHAMBRA STP,COWIN JANIE M REVOCABLE LIVING TRUST,0.0
17000281001,d4524460-16b5-41c3-97a6-5f1364accf6c,0,4,ALHAMBRA STP,JOHN D GORENZ TRUS,0.0
17000281001,d3371f6c-2f9a-45d6-a086-052719ed09c4,0,5,ALHAMBRA STP,DEVRIES WAYNE J AND DIXIE L,0.0
17000281001,267f9311-0b0f-4e40-bb78-b1be05a2560f,0,6,ALHAMBRA STP,RYNSKI JOSEPH S,0.0
17000281001,3df1b3c1-a6de-483e-a5c7-291f95486d74,0,7,ALHAMBRA STP,HUHN JOSEPH R AND MADELINE M,0.0
17000281001,76f998e1-8b49-4ad6-9ff4-c90c51458b38,0,8,ALHAMBRA STP,UHE LEON A,0.0
17000281001,f38a5c52-5f57-4535-840f-bd75c1cd4adf,0,9,ALHAMBRA STP,UHE LORENE L,0.0
17000281001,88f77752-b7de-4ec1-95c2-e3304d53b32b,0,10,ALHAMBRA STP,NIEMEIER MICHAEL A AND BETH R,0.0
17000281001,25b16cc3-ee09-401b-b476-cbb045849da0,0,11,ALHAMBRA STP,NIEMEIER MICHAEL A AND BETH R,0.0
17000281001,174e1fe4-9d6c-4c90-b257-e73334ca8954,0,12,ALHAMBRA STP,SCHMIDT SCOTT D AND SHERI L,0.0
17000281001,774eab4f-c40a-434f-b89a-0d3bacb9e925,0,13,ALHAMBRA STP,UHE LORENE L TRUST,0.0
17000281001,b2af39d2-073f-44b4-9619-bee9c3633973,0,14,ALHAMBRA STP,UHE LORENE L TRUST,0.0
17000281001,413af82d-93dc-4597-99e1-1cb101ec075b,0,15,ALHAMBRA STP,MUNIE VICTOR AND KAREN,0.0
17000281001,cbcd77e0-6695-4edd-b82c-b6da8f4b9cb7,0,16,ALHAMBRA STP,DEAN L KORSMEYER DECLARATION OF TRUST,0.0
17000281001,440bb0a7-c6e2-4e9d-8f98-bfce3251ebe7,0,17,ALHAMBRA STP,RONALD AND LORNA VON TALGE REVOCABLE LIVING TRUST,0.0
17000281001,9c0889a2-3833-432e-8baf-7c09d712bd8c,0,18,ALHAMBRA STP,SCHMIDT SCOTT D AND SHERI L,0.0
17000281001,a4215d1d-34a2-4278-a091-2d9e3a94fe49,0,19,ALHAMBRA STP,SUSAN LOEMKER REVOCABLE LIVING TRUST,0.0
17000281001,9b8530c6-4885-432c-8bc6-8d7d3940c383,0,20,ALHAMBRA STP,COWIN JANIE M REVOCABLE LIVING TRUST,0.0
17000284001,582e9d0e-7625-45a1-9302-31713a0c38ff,0,1,TROY STP,CITY OF TROY,1.0
17000284001,0fe341cb-176a-450a-b683-8e1936e7b0e6,1,2,TROY STP,CITY OF TROY,1.0
17000284001,442dd654-b60a-4f13-a568-c6f7a1798e8b,0,3,TROY STP,TRI TOWNSHIP PARK DISTRICT,0.0
17000284001,c8e598af-2bba-443a-b408-9a771664b0fd,0,4,TROY STP,TROY METHODIST CHURCH,1.0
17000284001,10c9db29-3946-4e25-ac85-fb79610c95d3,0,5,TROY STP,CITY OF TROY,1.0
17000284001,5b415427-fc80-4340-b445-23c67e26f976,0,6,TROY STP,TRI TOWNSHIP PARK DISTRICT,0.0
17000284001,045d6bd7-b0b4-4ab3-aac5-8da6d24896e0,0,7,TROY STP,CITY OF TROY,1.0
17000284001,1722911c-95e2-4fa0-aecf-487b98475502,0,8,TROY STP,TRI TOWNSHIP PARK DISTRICT,0.0
17000284001,4627b8e3-eb14-4468-89be-2a65d736f865,0,9,TROY STP,TROY UNITED METHODIST CHURCH IN TRUST UNITED METHODIST CHURCH OF TROY,1.0
17000284001,8b44dada-b63a-4f52-ba0f-307dffdfdefa,0,10,TROY STP,TRI TOWNSHIP PARK DISTRICT,0.0
17000284001,1e1d3b5b-15f2-4674-bd9c-cb5d6e93ff32,0,11,TROY STP,CITY OF TROY CEMETERY,1.0
17000284001,f89fb1e0-e69a-4f6a-a8b0-7b77df6bb033,0,12,TROY STP,MADISON COUNTY,0.0
17000284001,d5a33dab-9542-49c1-9326-f76be53c5071,0,13,TROY STP,TRIAD CUSD 2,0.0
17000284001,12b68a69-4bc0-48c4-85b2-464707f562f9,0,14,TROY STP,TRIAD CUSD 2,0.0
17000284001,7ef6f61f-53ea-4804-9d5d-5851e36ce887,0,15,TROY STP,JARVIS TOWNSHIP,0.0
17000284001,48efc15c-8554-4ffe-ac06-fb7d5116ca48,0,16,TROY STP,ST JEROME PARISH OF TROY,1.0
17000284001,e9a42450-30fa-46d9-8718-4a4edc4742c7,0,17,TROY STP,ST JEROMES PARISH OF TROY,1.0
17000284001,b59b876a-2753-41c5-a33f-001f6db47502,0,18,TROY STP,TRIAD CUSD 2,0.0
17000284001,cf1501c7-d358-41ff-8bd5-f1e47e348349,0,19,TROY STP,ST PAULS LUTHERAN CHURCH AND SCHOOL,0.0
17000284001,093dc86e-8b00-4a74-810c-2f7737c988ec,0,20,TROY STP,LANAHAN LAKE ASSN,0.0
17000286001,edd091b7-b294-4988-b21f-81c5674e34fe,1,1,EDWARDSVILLE STP,CITY OF EDWARDSVILLE,1.0
17000286001,d969b96f-3377-4498-a49e-662a11746743,0,2,EDWARDSVILLE STP,CITY OF EDWARDSVILLE,1.0
17000286001,d24b85ff-9397-4609-a1dc-5d6221ca6cd6,0,3,EDWARDSVILLE STP,CITY OF EDWARDSVILLE,1.0
17000286001,57e914eb-28a3-4fa6-a7dc-10a56012d972,0,4,EDWARDSVILLE STP,HEARTLANDS CONSERVANCY,0.0
17000286001,16bcc9ee-c0e7-45d0-b77d-b29835afa792,0,5,EDWARDSVILLE STP,CITY OF EDWARDSVILLE CITY CLERK,1.0
17000286001,e881b2b0-5730-451f-9bd5-4df4cdef1e77,0,6,EDWARDSVILLE STP,NNN OPP OWNER II LLC,0.0
17000286001,042b99e1-d0b6-4f19-97c2-c1c930fa96fe,0,7,EDWARDSVILLE STP,GCC BOARD LLC,0.0
17000286001,8c3778a1-0196-4966-bf8a-0d4ed0e5a38a,0,8,EDWARDSVILLE STP,IDOT,0.0
17000286001,795b2bee-cb2f-4ba9-8fbe-96f7b6bb1935,0,9,EDWARDSVILLE STP,SIUE BOARD OF TRUSTEES,0.0
17000286001,79ff7ebe-d9b8-49fd-a997-9badf2d4446e,0,10,EDWARDSVILLE STP,PLYMOUTH 3051 GATEWAY CENTER IL LLC,0.0
17000286001,8d082882-874b-47a5-baf2-36084433c358,0,11,EDWARDSVILLE STP,NNN OPP OWNER VIII LLC,0.0
17000286001,36e66cd2-cb92-434c-b4d3-950d77ab8b81,0,12,EDWARDSVILLE STP,PLYMOUTH 3051 GATEWAY CENTER IL LLC,0.0
17000286001,7ce98a53-092e-4696-af82-8f208aabb034,0,13,EDWARDSVILLE STP,VILLAGE OF ROXANA,0.0
17000286001,19e1330f-c3cf-4d60-a2c3-31119d3a9813,0,14,EDWARDSVILLE STP,,
17000286001,726129cf-2a8e-41b8-9019-ccc7c6efa43b,0,15,EDWARDSVILLE STP,QUAIL RUN MHP LLC,0.0
17000286001,2f64133f-c0b2-449c-a646-09b93359e4e8,0,16,EDWARDSVILLE STP,HOME NURSERY GREENHOUSE INC,0.0
17000286001,a915fd16-4e42-4ff3-ac3a-74184638ce5f,0,17,EDWARDSVILLE STP,CITY OF EDWARDSVILLE,1.0
17000286001,dcdc3c08-ef7b-4978-8a0d-cca8ce313c50,0,18,EDWARDSVILLE STP,,
17000286001,001d5376-d6f6-4e8a-92a9-ac636ccb8a49,0,19,EDWARDSVILLE STP,CITY OF EDWARDSVILLE,1.0
17000286001,d5485eaa-2682-4117-9a8e-28680ba04341,0,20,EDWARDSVILLE STP,SIUE BOARD OF TRUSTEES,0.0
17000639001,5ce3761c-be0d-42a0-8420-db718225601c,0,1,FRWRD West STP,FOX RIVER WATER RECLAMATION DISTRICT,1.0
17000639001,35b8ae17-8939-4e69-9176-da12504a4cdb,1,2,FRWRD West STP,FOX RIVER WATER RECLAMATION DISTRICT,1.0
17000639001,b82eb5cc-6c21-4220-a9e4-e71ec911c566,0,3,FRWRD West STP,ILLINOIS STATE OF EMH-DD,0.0
17000639001,8cf16e6a-beb9-47fd-a3af-6762ea9c9037,0,4,FRWRD West STP,ILLINOIS STATE OF EMH-DD,0.0
17000639001,46455c71-ffcd-492b-99f2-0b2bb9c1ebf3,0,5,FRWRD West STP,ILLINOIS TOOL WORKS,0.0
17000639001,b4e5d05b-6385-43eb-a1aa-3205a9761f4d,0,6,FRWRD West STP,FOX RIVER WATER RECLAMATION DISTRICT,1.0
17000639001,f8c186fb-d6e6-455d-ab94-a4f4cff2a121,0,7,FRWRD West STP,ILLINOIS STATE OF EMH-DD,0.0
17000639001,6edef879-c0db-45f4-8af3-daa97efae163,0,8,FRWRD West STP,FOREST PRESERVE DISTRICT OF KANE COUNTY,0.0
17000639001,961f4957-96ef-4314-af47-d6533387956b,0,9,FRWRD West STP,ILLINOIS STATE OF EMH-DD,0.0
17000639001,13cd8fc6-0f11-400f-91a9-445c2f961099,0,10,FRWRD West STP,ELGIN CITY OF,0.0
17000639001,861ed957-74e4-4521-b578-b70fec1ad3a6,0,11,FRWRD West STP,ILLINOIS STATE OF (LAW),0.0
17000639001,05ea6a84-9d45-4b07-b796-a6da4729dfdf,0,12,FRWRD West STP,FOX RIVER WATER RECLAMATION DISTRICT,1.0
17000639001,8241ac18-58b6-492b-b4aa-83c6e262ab83,0,13,FRWRD West STP,FOREST PRESERVE DISTRICT OF KANE COUNTY,0.0
17000639001,3160e190-8c68-4d67-bad7-aeb034620b75,0,14,FRWRD West STP,FOREST PRESERVE DISTRICT OF KANE COUNTY,0.0
17000639001,8a9d5c90-a997-40c5-8e56-a4cf8505d9aa,0,15,FRWRD West STP,ELGIN SCHOOL DISTRICT U-46,0.0
17000639001,8ea9a6df-d643-4fc0-a011-d0dfd3cd5c86,0,16,FRWRD West STP,FOREST PRESERVE DISTRICT OF KANE COUNTY,0.0
17000639001,16b33966-c137-4115-ac1b-c59f9d1e7bf1,0,17,FRWRD West STP,ILLINOIS STATE OF EMH-DD,0.0
17000639001,5d31aa75-761f-4627-8b9f-cb5fb7fdbd64,0,18,FRWRD West STP,FOREST PRESERVE DISTRICT OF KANE COUNTY,0.0
17000639001,43190907-444d-43b3-a6f7-c196e78313be,0,19,FRWRD West STP,BARTLETT VILLAGE,0.0
17000639001,5ff7c9d6-1294-4b88-8e9c-1c56805e62cb,0,20,FRWRD West STP,TWO ARROWS LLC,0.0
17000643001,6edef879-c0db-45f4-8af3-daa97efae163,0,1,FRWRD Main STP aka Pagorski WWTP,FOREST PRESERVE DISTRICT OF KANE COUNTY,0.0
17000643001,5ce3761c-be0d-42a0-8420-db718225601c,1,2,FRWRD Main STP aka Pagorski WWTP,FOX RIVER WATER RECLAMATION DISTRICT,0.4831731117517774
17000643001,f8c186fb-d6e6-455d-ab94-a4f4cff2a121,0,3,FRWRD Main STP aka Pagorski WWTP,ILLINOIS STATE OF EMH-DD,0.0
17000643001,35b8ae17-8939-4e69-9176-da12504a4cdb,0,4,FRWRD Main STP aka Pagorski WWTP,FOX RIVER WATER RECLAMATION DISTRICT,0.4831731117517774
17000643001,46455c71-ffcd-492b-99f2-0b2bb9c1ebf3,0,5,FRWRD Main STP aka Pagorski WWTP,ILLINOIS TOOL WORKS,0.0
17000643001,8cf16e6a-beb9-47fd-a3af-6762ea9c9037,0,6,FRWRD Main STP aka Pagorski WWTP,ILLINOIS STATE OF EMH-DD,0.0
17000643001,b82eb5cc-6c21-4220-a9e4-e71ec911c566,0,7,FRWRD Main STP aka Pagorski WWTP,ILLINOIS STATE OF EMH-DD,0.0
17000643001,b4e5d05b-6385-43eb-a1aa-3205a9761f4d,0,8,FRWRD Main STP aka Pagorski WWTP,FOX RIVER WATER RECLAMATION DISTRICT,0.4831731117517774
17000643001,961f4957-96ef-4314-af47-d6533387956b,0,9,FRWRD Main STP aka Pagorski WWTP,ILLINOIS STATE OF EMH-DD,0.0
17000643001,861ed957-74e4-4521-b578-b70fec1ad3a6,0,10,FRWRD Main STP aka Pagorski WWTP,ILLINOIS STATE OF (LAW),0.0
17000643001,05ea6a84-9d45-4b07-b796-a6da4729dfdf,0,11,FRWRD Main STP aka Pagorski WWTP,FOX RIVER WATER RECLAMATION DISTRICT,0.4831731117517774
17000643001,e7a6553e-0ffb-4f9f-85ca-677492beb453,0,12,FRWRD Main STP aka Pagorski WWTP,ILLINOIS STATE OF EMH-DD,0.0
17000643001,9dd8309c-1343-417d-b8ce-48d42a753408,0,13,FRWRD Main STP aka Pagorski WWTP,ILLINOIS STATE OF EMH-DD,0.0
17000643001,16b33966-c137-4115-ac1b-c59f9d1e7bf1,0,14,FRWRD Main STP aka Pagorski WWTP,ILLINOIS STATE OF EMH-DD,0.0
17000643001,771981f0-af77-4beb-9844-b90d58e56732,0,15,FRWRD Main STP aka Pagorski WWTP,ILLINOIS DEPARTMENT OF STATE POLICE,0.0
17000643001,13cd8fc6-0f11-400f-91a9-445c2f961099,0,16,FRWRD Main STP aka Pagorski WWTP,ELGIN CITY OF,0.0
17000643001,3160e190-8c68-4d67-bad7-aeb034620b75,0,17,FRWRD Main STP aka Pagorski WWTP,FOREST PRESERVE DISTRICT OF KANE COUNTY,0.0
17000643001,8241ac18-58b6-492b-b4aa-83c6e262ab83,0,18,FRWRD Main STP aka Pagorski WWTP,FOREST PRESERVE DISTRICT OF KANE COUNTY,0.0
17000643001,5ff7c9d6-1294-4b88-8e9c-1c56805e62cb,0,19,FRWRD Main STP aka Pagorski WWTP,TWO ARROWS LLC,0.0
17000643001,8ea9a6df-d643-4fc0-a011-d0dfd3cd5c86,0,20,FRWRD Main STP aka Pagorski WWTP,FOREST PRESERVE DISTRICT OF KANE COUNTY,0.0
17001221001,9d654876-df76-48c3-be79-b828c30f8118,1,1,SALEM STP,CITY OF SALEM,1.0
17001221001,d1e1ba08-eadf-46b9-8005-aed45b1c3c78,0,2,SALEM STP,CITY OF SALEM,1.0
17001221001,254e6d56-5ee9-47d0-a324-6c06ce6d8155,0,3,SALEM STP,STATE OF IL DEPT OF TRANS,0.0
17001221001,c46b7da5-bd86-4277-b136-d61e6762ba2c,0,4,SALEM STP,CITY OF SALEM,1.0
17001221001,d0601c22-cb64-439b-b783-ea259e99bc84,0,5,SALEM STP,CITY OF SALEM,1.0
17001221001,0c28107e-17ae-44de-b4b7-747571310f2e,0,6,SALEM STP,MARION CO AGRICULTURE FAIR INC,0.0
17001221001,c1f11de0-f400-47fb-8201-ef4b48085478,0,7,SALEM STP,MARION CO AGRICULTURE FAIR INC,0.0
17001221001,42bcc48b-ead3-452d-a6ee-09fb83c81394,0,8,SALEM STP,CITY OF SALEM,1.0
17001221001,82ff3e73-246f-4cc2-9468-553f2766855c,0,9,SALEM STP,CITY OF SALEM,1.0
17001221001,d155a2c7-d3ff-4a28-b496-72149722d43a,0,10,SALEM STP,CITY OF SALEM,1.0
17001221001,e2d7fe27-44e4-48a6-8afb-cd10d16f01c1,0,11,SALEM STP,CITY OF SALEM,1.0
17001221001,c86c66e7-fcc0-48f6-a892-6c092366d1ea,0,12,SALEM STP,CITY OF SALEM,1.0
17001221001,63c08bd0-4486-4669-8055-b0533f7f15c0,0,13,SALEM STP,CITY OF SALEM,1.0
17001221001,3c1ac563-ca54-4622-bd24-aec53181c05d,0,14,SALEM STP,RADIAC ABRASIVES INC,0.0
17001221001,665bd0a1-032b-4311-a80c-bdbfe43743b3,0,15,SALEM STP,SALEM TOWNSHIP,1.0
17001221001,1df98c0b-d3b4-44bb-868f-8d77dedcb5a9,0,16,SALEM STP,SALEM LITTLE LEAGUE BASEBALL INC,1.0
17001221001,8b8dba7c-7926-4588-8d67-1446e4537c4c,0,17,SALEM STP,SQUIBB TANK CO,0.0
17001221001,4bce193b-b508-4bef-b861-62763c90355e,0,18,SALEM STP,CITY OF SALEM,1.0
17001221001,7980f180-131e-4e53-9be3-4a681931de00,0,19,SALEM STP,CITY OF SALEM,1.0
17001221001,886bf107-e849-4027-b50f-2570c3cb96e5,0,20,SALEM STP,CITY OF SALEM,1.0
17005019001,26b2142c-7d01-4b5c-8f41-11e00e49231d,1,1,Fairbury STP & Collection System,CITY OF FAIRBURY,1.0
17005019001,4711f42c-d7ad-497a-94ea-17a12dfb2ba3,0,2,Fairbury STP & Collection System,CITY OF FAIRBURY,1.0
17005019001,4970edac-15a0-43dc-8cbf-9f5574807424,0,3,Fairbury STP & Collection System,INDIAN GROVE TOWNSHIP,0.0
17005019001,8980e55a-36c1-44d3-b056-203f3a4bba1d,0,4,Fairbury STP & Collection System,CITY OF FAIRBURY,1.0
17005019001,beea3031-47ba-4087-beb8-09a9553b4d44,0,5,Fairbury STP & Collection System,PRAIRIE CENTRAL C.U.S.D. #8,0.0
17005019001,c307d2c6-118a-4b3a-84b3-dc18c1bca8b6,0,6,Fairbury STP & Collection System,FALS LLC,0.0
17005019001,ce7dbf69-3552-4bfa-9425-1a6e6a456cb8,0,7,Fairbury STP & Collection System,,
17005019001,2f59dfb8-4d47-4259-b5d8-d337fdb98c20,0,8,Fairbury STP & Collection System,PRAIRIE CENTRAL C.U.S.D. #8,0.0
17005019001,9feb67c9-ce52-4388-8fe4-caba11077829,0,9,Fairbury STP & Collection System,CITY OF FAIRBURY,1.0
17005019001,a7ce0e64-c806-4654-a0cf-be347df86117,0,10,Fairbury STP & Collection System,PRAIRIE CENTRAL COOPERATIVE INC,0.0
17005019001,1db4bad3-cc68-4f5e-91a0-96265566c04b,0,11,Fairbury STP & Collection System,LIVINGSTON COUNTY LAND TRUST TSS-1,0.0
17005019001,8b74983c-ab2a-4a6f-ab98-8aac91f1fcdb,0,12,Fairbury STP & Collection System,1ST BAPTIST CHURCH OF FAIRBURY,1.0
17005019001,8a7c8e83-fd71-479e-888d-0fd1d83b3930,0,13,Fairbury STP & Collection System,,
17005019001,3b90622e-41bb-44bb-ae22-7de7ebf74869,0,14,Fairbury STP & Collection System,MEISTER BENJAMIN,0.0
17005019001,efb48b60-e4e0-4e53-b4bd-6197a24d98b9,0,15,Fairbury STP & Collection System,,
17005019001,44172478-8bcb-490b-9246-6fe00c4f81f8,0,16,Fairbury STP & Collection System,BRANDT AGRONOMIC SERVICES LLC,0.0
17005019001,9ccbaea5-11c0-4ded-b7cc-d227188ad783,0,17,Fairbury STP & Collection System,LIVINGSTON COUNTY LAND TRUST TSS-1,0.0
17005019001,4dd59f46-43e3-4ddb-8e04-cc59008b039d,0,18,Fairbury STP & Collection System,OLSON JAMES,0.0
17005019001,51c7b369-ebbc-4a3b-87d1-50475360d732,0,19,Fairbury STP & Collection System,"FAIRVIEW HAVEN, INC.",0.0
17005019001,6197eab8-73fc-41fb-995c-a0953e7e42c7,0,20,Fairbury STP & Collection System,FAIRVIEW HAVEN INC,0.0
17007102001,997186f6-8d8e-4bc7-9317-32134bc43e0f,1,1,ASHLAND STP,ASHLAND CITY SEWAGE DISPOSAL,1.0
17007102001,1c42f553-6be6-48d4-b6dc-20493f62014e,0,2,ASHLAND STP,VILLAGE OF ASHLAND,1.0
17007102001,9cc86fff-1cb2-47ef-82fe-c50870588241,0,3,ASHLAND STP,STATE OF ILLINOIS DEPARTMENT OF TRANSPORTATION,0.0
17007102001,2864c98c-47f5-4973-8b02-b404399d83d8,0,4,ASHLAND STP,A-C CENTRAL COMM UNIT SCHOOL DISTRICT #262,0.0
17007102001,74d89a8c-f869-4a9e-ac5f-e5cc4c4d87db,0,5,ASHLAND STP,VILLAGE OF ASHLAND DAVE HANDY PRESIDENT,1.0
17007102001,d67e48d5-64c6-44e6-8ac9-ef4206f0630b,0,6,ASHLAND STP,VILLAGE OF ASHLAND,1.0
17007102001,279ad6f5-0f75-4c67-b3f2-1e4eb1f0c664,0,7,ASHLAND STP,VILLAGE OF ASHLAND,1.0
17007102001,463625e9-337c-4587-90e6-230a17314144,0,8,ASHLAND STP,STATE OF ILLINOIS DEPARTMENT OF TRANSPORTATION,0.0
17007102001,0fcdb12b-9d6c-437a-ba93-e3a407dd7142,0,9,ASHLAND STP,ASHLAND CEMETERY,1.0
17007102001,708f3b23-3462-4dcc-a42b-8f013fb479b0,0,10,ASHLAND STP,NEW BEGINNINGS CHRISTIAN FELLOWSHIP SBC,0.0
17007102001,c2877771-2045-446e-a5ad-7d29e0a703f7,0,11,ASHLAND STP,DIOCESE OF SPRINGFIELD IL CATHOLIC PASTORAL CENTER,0.0
17007102001,4114a4ff-f1e5-48a9-a886-afde0d2a8e6e,0,12,ASHLAND STP,NEW BEGINNINGS CHRISTIAN FELLOWSHIP SBC,0.0
17007102001,a144f8c6-f179-48c4-a6eb-b98fe79163fa,0,13,ASHLAND STP,REISER JOHN A JR TR (1/2 INT),0.0
17007102001,5c11a9f5-ddb7-4731-ad1b-d0d54deed3a4,0,14,ASHLAND STP,STRIBLING J FARMS INC,0.0
17007102001,a821a5ca-94c2-4bfa-abe5-30320bff47d0,0,15,ASHLAND STP,THORNLEY EMMERSON HOWARD,0.0
17007102001,937194a7-5d2d-4654-8f32-0be1f753cea5,0,16,ASHLAND STP,REISER JOHN A JR TR (1/2 INT),0.0
17007102001,714a69ef-062b-4064-aa65-bfcdbb890f16,0,17,ASHLAND STP,THORNLEY EMMERSON HOWARD,0.0
17007102001,2bbb826a-2b54-42a9-8ab1-7fd4d312c885,0,18,ASHLAND STP,DEMOSS ELEANOR T (50%) & KORITZ BARBARA T (50%),0.0
17007102001,2899cccb-29af-44df-bffe-830e4ae2d91a,0,19,ASHLAND STP,THORNLEY EMMERSON HOWARD,0.0
17007102001,639012b1-98aa-4ac4-aea2-42e0c408c8c2,0,20,ASHLAND STP,REISER JOHN A JR TR (1/2 INT),0.0
17007201001,3631d44b-cb20-4113-8cc5-db88a54d9dfa,1,1,TRENTON STP,CITY OF TRENTON,1.0
17007201001,cb4d2bff-386d-46e8-a91f-5a0e150e5c40,0,2,TRENTON STP,CITY OF TRENTON,1.0
17007201001,745ace22-8e61-4d26-881e-5a82477b8ffb,0,3,TRENTON STP,CITY OF TRENTON,1.0
17007201001,9de8d1e3-be0d-4295-b7f4-02eee5924bb5,0,4,TRENTON STP,,
17007201001,20daf6b4-f706-4ece-b9a5-c7c89dba30a4,0,5,TRENTON STP,CITY OF TRENTON,1.0
17007201001,2a989b91-5419-4d98-8738-9e6fb11bf9b2,0,6,TRENTON STP,STATE OF ILLINOIS,0.0
17007201001,8864b8aa-2f23-4500-9df7-4c955e4fd561,0,7,TRENTON STP,SUGAR CREEK TOWNSHIP,0.0
17007201001,00ad2e54-e1fa-4557-968c-be07f9dc5582,0,8,TRENTON STP,CITY OF TRENTON,1.0
17007201001,c09c2004-259b-400a-8614-c4b201ea17cf,0,9,TRENTON STP,,
17007201001,ae959606-d770-46c5-b2fa-eb047849d7e7,0,10,TRENTON STP,,
17007201001,2f11dd79-e34e-4e7f-933d-f198d79fa830,0,11,TRENTON STP,CITY OF TRENTON,1.0
17007201001,d38a2aeb-2f34-4475-85d2-7a87c0cf81f1,0,12,TRENTON STP,CITY OF TRENTON,1.0
17007201001,4655efef-bde9-4874-9133-d72f27185b4a,0,13,TRENTON STP,,
17007201001,3e6ddfd6-2448-4321-885b-1e93da7401ee,0,14,TRENTON STP,,
17007201001,218a74d3-b81d-47b9-90f7-7e892820ce26,0,15,TRENTON STP,STATE OF ILLINOIS,0.0
17007201001,3a18e8f7-c197-4bc9-925e-adaeb5c71f73,0,16,TRENTON STP,TRENTON CEMETERY ASSOCIATION,1.0
17007201001,cdfe63b6-4049-4608-add0-c34ed0808118,0,17,TRENTON STP,STORE MASTER FUNDING IX LLC,0.0
17007201001,328d71f5-0543-4f60-829d-0bbb9b12a96d,0,18,TRENTON STP,,
17007201001,15ba07a2-41a1-4312-8ae9-ee53c1366093,0,19,TRENTON STP,STATE OF ILLINOIS,0.0
17007201001,3654d344-d2a0-47f3-8b05-3f0e0c420000,0,20,TRENTON STP,,
17007403001,34aef533-b622-4ebe-bee8-df84ad63c8e6,1,1,WEST SALEM NO. LAGOON,VILLAGE OF WEST SALEM,1.0
17007403001,641ab283-0d53-45a4-9e8b-d9a0f95e18c2,0,2,WEST SALEM NO. LAGOON,VILLAGE OF WEST SALEM,1.0
17007403001,9be06ef7-c52f-4ca7-b3d0-e2799c7f367b,0,3,WEST SALEM NO. LAGOON,CITY OF WEST SALEM,1.0
17007403001,f799f723-f90c-4125-a4e6-3f48272820b6,0,4,WEST SALEM NO. LAGOON,VILLAGE OF WEST SALEM,1.0
17007403001,5a96d803-ea4e-47ea-82da-3da93ec44c68,0,5,WEST SALEM NO. LAGOON,CITY OF WEST SALEM,1.0
17007403001,c54274dc-7ad6-4513-b8a3-5d301100e320,0,6,WEST SALEM NO. LAGOON,,
17007403001,2801f7d2-25f3-4445-acfb-08983cd10e74,0,7,WEST SALEM NO. LAGOON,VILLAGE OF WEST SALEM,1.0
17007403001,6f65f11a-429a-404d-82a8-29e35399e3e3,0,8,WEST SALEM NO. LAGOON,MORAVIAN CHURCH,0.0
17007403001,aee3ca28-773e-4044-a576-35536f26f370,0,9,WEST SALEM NO. LAGOON,STRINE DANNY G REV TRUST 1/2,0.0
17007403001,03ac0ca4-8d0d-4c59-ae76-867211b15912,0,10,WEST SALEM NO. LAGOON,KIEFFER CHARLES M,0.0
17007403001,e599e993-609d-429d-843c-54719990e9c5,0,11,WEST SALEM NO. LAGOON,CITY OF WEST SALEM,1.0
17007403001,fd7e567d-0d55-4cc1-b4d9-91e28ce5bff6,0,12,WEST SALEM NO. LAGOON,CLODFELTER MARK A,0.0
17007403001,c4095d87-d79f-4d37-9f35-ac0323a25703,0,13,WEST SALEM NO. LAGOON,EDWARDS CO SCHOOL DIST #1,0.0
17007403001,65c7fbe7-b0a6-48ec-854b-332b4a6a45ea,0,14,WEST SALEM NO. LAGOON,CLODFELTER MARK A,0.0
17007403001,f92117be-4c3f-4f33-b2fe-69fa9e9144c8,0,15,WEST SALEM NO. LAGOON,VILLAGE OF WEST SALEM,1.0
17007403001,8bcbabc0-3cee-4dc1-a3cc-cc3252961de9,0,16,WEST SALEM NO. LAGOON,CLODFELTER MARK A & AMY E,0.0
17007403001,1823e08f-b719-45f2-b667-32c2537a9ee6,0,17,WEST SALEM NO. LAGOON,MORAVIAN CEMETERY TRUSTEES,0.0
17007403001,175efc64-b27e-4872-b985-4554e39a5127,0,18,WEST SALEM NO. LAGOON,CLODFELTER KENNETH N & TERRI,0.0
17007403001,8588de66-529f-47f0-9a39-b98687bf86c9,0,19,WEST SALEM NO. LAGOON,CITY OF WEST SALEM,1.0
17007403001,71e2d239-0d7d-4874-bcca-a736d64fdf05,0,20,WEST SALEM NO. LAGOON,TARPLEY DOROTHY H,0.0
17007707001,74f85f68-c4f0-4ad1-bd7b-689476dea5d2,0,1,DE SOTO STP,VILLAGE OF DESOTO,0.0
17007707001,aa7fffb6-f0c0-430e-82c6-8ba8406bb6e8,0,2,DE SOTO STP,VILLAGE OF DESOTO,0.0
17007707001,7f80e113-4425-4fe3-80f9-a039b61916e8,0,3,DE SOTO STP,VILLAGE OF DESOTO,0.0
17007707001,d7034f0c-073d-40a6-a71c-bfdbbd329233,0,4,DE SOTO STP,ILLINOIS CENTRAL GULF RAILROAD,0.0
17007707001,b5ecc5d8-d650-410e-8c51-9aea90b3cf10,1,5,DE SOTO STP,VILLAGE OF DESOTO,0.0
17007707001,68b78327-a053-4b3a-b115-d45c7c1dddd4,0,6,DE SOTO STP,VILLAGE OF DESOTO,0.0
17007707001,681bd650-81a4-457a-bf14-5cc792d05ce8,0,7,DE SOTO STP,DE SOTO BOARD OF EDUCATION,1.0
17007707001,b6cfa783-1ac7-40e5-ba0d-bee741c3af33,0,8,DE SOTO STP,VILLAGE OF DESOTO,0.0
17007707001,dfa35841-591a-4398-9bb5-00a8d012a335,0,9,DE SOTO STP,SCHOOL DISTRICT #86,0.0
17007707001,98989171-084c-4fce-b64a-e9f973ebf4bc,0,10,DE SOTO STP,MISSOURI PACIFIC RAILROAD,0.0
17007707001,659a3bed-5176-41a5-a7ed-c2946b2c40dc,0,11,DE SOTO STP,DESOTO TOWNSHIP CEMETERY ASSOCIATION,0.0
17007707001,c0f3130d-efed-4649-9eaf-001f4b8e10f9,0,12,DE SOTO STP,FORD TESS,0.0
17007707001,7b794714-af43-48ec-9746-f15d53025cea,0,13,DE SOTO STP,ILLINOIS CENTRAL GULF RAILROAD,0.0
17007707001,3eb70a0d-5646-47de-a504-4addf8a1bd14,0,14,DE SOTO STP,VILLAGE OF DESOTO,0.0
17007707001,5ad3164b-4725-41cb-8c75-233c506f335a,0,15,DE SOTO STP,MISSOURI PACIFIC RAILROAD,0.0
17007707001,6045d5c1-4691-494a-978d-df5784776e05,0,16,DE SOTO STP,WILLIAM G KIRK GUARDIANSHIP,0.0
17007707001,b2a37435-af67-44e2-9117-92c03faee0d7,0,17,DE SOTO STP,JUBILEE TABERNACLE CHURCH,0.0
17007707001,05feef57-0b65-462a-8816-2ff806231efa,0,18,DE SOTO STP,WHITE JULIA,0.0
17007707001,79401541-2c49-43ff-bd18-d83b25b981e5,0,19,DE SOTO STP,BLUMENSTOCK PAUL,0.0
17007707001,f7981e4e-d092-4f05-b35a-b0944bab1af2,0,20,DE SOTO STP,ILLINOIS CENTRAL GULF RAILROAD,0.0
18000017001,3c2f9ef9-c518-4035-ba31-e048d16ca9c3,1,1,FISHERS WWTP,Town of Fishers,1.0
18000017001,db0922b8-939f-444b-920c-06d6805db48a,0,2,FISHERS WWTP,Town of Fishers,1.0
18000017001,3eaeb089-25b0-48d9-a4c7-0c05abd4f19e,0,3,FISHERS WWTP,City of Carmel,0.0
18000017001,b61c750f-fcb3-4297-b5e2-15fcf5357661,0,4,FISHERS WWTP,City of Carmel,0.0
18000017001,96498b20-0a64-4ebe-9817-861f72ddf976,0,5,FISHERS WWTP,City of Carmel,0.0
18000017001,fc9ccffa-ef81-4c58-bd4f-9e55be228079,0,6,FISHERS WWTP,City of Carmel,0.0
18000017001,49ff42ab-9b67-4a11-b083-7e429659537e,0,7,FISHERS WWTP,Town of Fishers,1.0
18000017001,9559b5a2-f3c5-4ee8-ab6c-6ba0314f283d,0,8,FISHERS WWTP,City of Carmel,0.0
18000017001,3c45590a-1094-46d4-9699-fe8012da15de,0,9,FISHERS WWTP,City of Fishers,1.0
18000017001,19bc6660-12c0-4867-9529-7a5a7c5b16ba,0,10,FISHERS WWTP,City of Carmel,0.0
18000017001,660f39ba-cd03-4276-8369-d5530df2d4b0,0,11,FISHERS WWTP,Washington Park Cemetery Assoc,0.0
18000017001,4332a367-b771-46e4-bc84-2a05357b13f0,0,12,FISHERS WWTP,Department of Public Utilities for City of Indianapolis acting by and through Board of Directors for Utilities as Trustee of Public Charitable Trust for the Water System,0.0
18000017001,ccd6d67b-9eb3-437e-9782-1d98d966518f,0,13,FISHERS WWTP,City of Carmel,0.0
18000017001,60bd1bcf-9c7c-4b06-a1dc-4ed9d5cc3ff0,0,14,FISHERS WWTP,American Aggregates Corp,0.0
18000017001,63092b94-76c4-4bc8-9ee6-43a3ce755a83,0,15,FISHERS WWTP,,
18000017001,99ec6280-2909-4cdb-83ad-da1e379a4a45,0,16,FISHERS WWTP,Fishers Town Hall Bldg Corp,1.0
18000017001,0ccbf8e0-4c52-4a3d-9be8-43467bd7824b,0,17,FISHERS WWTP,Town of Fishers,1.0
18000017001,78267aea-dd46-428a-80a9-77db45214b35,0,18,FISHERS WWTP,Carmel Clay Municipal Building Corporation,0.0
18000017001,b76eb81b-a8e7-4604-af2a-d067eb2a1fa0,0,19,FISHERS WWTP,American Aggregates Corp,0.0
18000017001,ed3f2bdc-5773-44c0-b9db-9ef98ad4ce48,0,20,FISHERS WWTP,"INDIANAPOLIS, CITY OF, DEPARTMENT OF PARKS & RECREATION, (SAHM GOLF COURSE & PARK), % PROPERTY MGT",0.0
18000506001,fa2f395e-f661-4849-b6cd-62a209b22a89,0,1,MUNCIE SD WWTP,CITY OF MUNCIE,1.0
18000506001,dead58f2-9bf0-4848-b7bf-e1304ddc7389,0,2,MUNCIE SD WWTP,COMMISSIONERS OF DELAWARE COUNTY INDIANA,0.0
18000506001,a2500223-d58d-4f84-b59c-f175824abd28,1,3,MUNCIE SD WWTP,MUNCIE SANITARY DISTRICT,1.0
18000506001,6eace70a-27fe-44c6-b959-98fc60e1cfd4,0,4,MUNCIE SD WWTP,CITY OF MUNCIE,1.0
18000506001,32af22fb-938e-4dfd-9534-0be1e00f0dd8,0,5,MUNCIE SD WWTP,BALL STATE,0.0
18000506001,ce5b3df5-edf3-4b64-ac7c-595a0c34e855,0,6,MUNCIE SD WWTP,CITY OF MUNCIE,1.0
18000506001,dd33a06b-9863-4c83-aeb5-bc1ae07cb462,0,7,MUNCIE SD WWTP,CITY OF MUNCIE,1.0
18000506001,9dcc474a-4584-426b-96fa-fec015c83846,0,8,MUNCIE SD WWTP,CITY OF MUNCIE,1.0
18000506001,aada685a-62d3-440b-971e-b233c2642a52,0,9,MUNCIE SD WWTP,BALL STATE,0.0
18000506001,a82e30c2-2ddc-46cf-9ad1-09ea32dd79e4,0,10,MUNCIE SD WWTP,CITY OF MUNCIE,1.0
18000506001,e517455a-b5ed-4417-84f2-341d4b9cc992,0,11,MUNCIE SD WWTP,BALL STATE,0.0
18000506001,13636fa9-bb56-41ee-a332-b528e960a02a,0,12,MUNCIE SD WWTP,BALL STATE,0.0
18000506001,99bbec1e-9565-425a-857d-b27c68f7faf0,0,13,MUNCIE SD WWTP,,
18000506001,63516020-bd81-4cf4-b780-2b9486c55f5c,0,14,MUNCIE SD WWTP,CITY OF MUNCIE,1.0
18000506001,bf236237-34ec-40a3-a84c-cf65c7e43f5d,0,15,MUNCIE SD WWTP,CITY OF MUNCIE - PARK DEPT,1.0
18000506001,56f4304b-7bdb-46a2-b745-41a5066b48fa,0,16,MUNCIE SD WWTP,STATE OF INDIANA,0.0
18000506001,7ebb75b7-3878-4c69-acde-93d48bd8e492,0,17,MUNCIE SD WWTP,BALL STATE,0.0
18000506001,0aa95537-4516-4d16-be40-766b56994f4a,0,18,MUNCIE SD WWTP,DELAWARE COUNTY COMMISSIONERS,0.0
18000506001,610545d8-fcff-4c53-937e-272c22a2da6d,0,19,MUNCIE SD WWTP,CITY OF MUNCIE,1.0
18000506001,dc17a285-01e6-4255-a992-ecd5d96cf5cc,0,20,MUNCIE SD WWTP,HOUSING AUTHORITY OF THE CITY OF MUNCIE OF MUNCIE,1.0
18000851001,11ebb651-bd30-41fb-aee2-c982a1358752,1,1,Evansville EASTSIDE WWTP,CITY OF EVANSVILLE INDIANA WATER & SEWER UTILITY DEPT,0.5055492950268139
18000851001,4cdc1b95-bdb3-4840-9139-6477e8d13b47,0,2,Evansville EASTSIDE WWTP,CITY OF EVANSVILLE INDIANA WATER,0.5055492950268139
18000851001,07ad85be-1c55-4672-9089-03bebd0f7a7d,0,3,Evansville EASTSIDE WWTP,CITY OF EVANSVILLE PARK COMMISSIONERS,0.5055492950268139
18000851001,06f37e28-7f00-41ea-a990-8993f48bc5ca,0,4,Evansville EASTSIDE WWTP,CITY OF EVANSVILLE INDIANA WATER AND SEWER UTILITY,0.5055492950268139
18000851001,d4746c4a-d9af-4e88-b83e-f468d1c5f3be,0,5,Evansville EASTSIDE WWTP,CITY OF EVANSVILLE,0.5055492950268139
18000851001,65726563-e94a-4fca-bfec-5fb56c451130,0,6,Evansville EASTSIDE WWTP,CITY OF EVANSVILLE BUILDING CORPORATION,0.5055492950268139
18000851001,dba4e1ba-3685-4d34-9503-02bd5dbe211c,0,7,Evansville EASTSIDE WWTP,CITY OF EVANSVILLE,0.5055492950268139
18000851001,f7301eac-cd5d-4c25-9028-b593e56050fa,0,8,Evansville EASTSIDE WWTP,EVANSVILLE VANDERBURGH COUNTY BUILDING AUTHORITY,0.5055492950268139
18000851001,94ecdb84-90c0-4dab-999c-c72e8babf12f,0,9,Evansville EASTSIDE WWTP,CITY OF EVANSVILLE DEPT OF REDEVELOPMENT,0.5055492950268139
18000851001,a22fcae1-5877-4514-ab43-2dde4ffc602e,0,10,Evansville EASTSIDE WWTP,CITY OF EVANSVILLE,0.5055492950268139
18000851001,8ff34a74-2dd4-4099-9457-9bafcce843e0,0,11,Evansville EASTSIDE WWTP,CITY OF EVANSVILLE,0.5055492950268139
18000851001,807fc13f-8545-4130-a0c2-6c87ac3bd5db,0,12,Evansville EASTSIDE WWTP,CITY OF EVANSVILLE DEPT OF PARKS & RECREATION,0.5055492950268139
18000851001,43a7ca14-2234-4f5c-b5a7-62d8027aa62a,0,13,Evansville EASTSIDE WWTP,EVANSVILLE VANDERBURGH COUNTY BUILDING AUTHORITY,0.5055492950268139
18000851001,4c7b283a-21a2-4ce8-a1df-4b7c72da481a,0,14,Evansville EASTSIDE WWTP,CITY OF EVANSVILLE,0.5055492950268139
18000851001,8a87afde-d8db-4b7f-8ae1-bb08bac5d606,0,15,Evansville EASTSIDE WWTP,CITY OF EVANSVILLE,0.5055492950268139
18000851001,efe9d485-b20c-4f31-b575-530da0ec15ef,0,16,Evansville EASTSIDE WWTP,EVANSVILLE VANDERBURGH COUNTY BUILDING AUTHORITY,0.5055492950268139
18000851001,42bb2a18-93c0-42ff-aed9-f360e869c127,0,17,Evansville EASTSIDE WWTP,EVANSVILLE VANDERBURGH SCHOOL CORPORATION,0.5055492950268139
18000851001,0889b3b9-ce61-4b5b-9a5e-f0bce8a45a81,0,18,Evansville EASTSIDE WWTP,EVANSVILLE VANDERBURGH SCHOOL CORPORATION,0.5055492950268139
18000851001,b534ac8d-1487-4718-b27b-c47c76544b68,0,19,Evansville EASTSIDE WWTP,HOUSING AUTHORITY OF THE CITY OF EVANSVILLE,0.5055492950268139
18000851001,e2e8a4ef-db92-4e7c-b683-f7e913146264,0,20,Evansville EASTSIDE WWTP,SOUTHERN INDIANA GAS & ELECTRIC CO,0.0
18002110001,7b3a005b-59b9-4bdc-a226-fcc1c97098da,1,1,LAPORTE WWTP,City Of Laporte,1.0
18002110001,edfc4a99-1ef2-438e-ae9b-7079e5bb94e0,0,2,LAPORTE WWTP,City Of Laporte,1.0
18002110001,848c38b5-bdae-4392-86d3-337053b4352e,0,3,LAPORTE WWTP,State Of Indiana In Dept. Of Highways,0.0
18002110001,55df8cc9-2a98-457a-bf15-b4782177fb20,0,4,LAPORTE WWTP,City Of Laporte,1.0
18002110001,9bc9679e-7015-43d9-b607-34778995984e,0,5,LAPORTE WWTP,City Of Laporte,1.0
18002110001,62cf13e9-a2e3-4b97-9c86-4cc6604e65a3,0,6,LAPORTE WWTP,City Of Laporte,1.0
18002110001,e627038c-e30f-491a-92fe-a5cf8df0d3ff,0,7,LAPORTE WWTP,City Of Laporte,1.0
18002110001,a9ed7abc-2724-43ee-b409-82b9cda4e4d1,0,8,LAPORTE WWTP,City Of Laporte,1.0
18002110001,fa5fff77-de0f-4324-ac22-2c822278e691,0,9,LAPORTE WWTP,City Of Laporte Beechwood Golf Course,1.0
18002110001,47b6a20a-8468-4f58-b243-2183f66b91d4,0,10,LAPORTE WWTP,LaPorte Community School Corporation,1.0
18002110001,9084c808-9410-4c91-9ba2-7a0b9a0c59c0,0,11,LAPORTE WWTP,City Of Laporte,1.0
18002110001,9fbad80c-0ae0-405c-bee2-8cb0b08c7b9c,0,12,LAPORTE WWTP,City Of Laporte,1.0
18002110001,37c34a0b-7d42-4b8e-be15-41da32c4a7fc,0,13,LAPORTE WWTP,Paarlberg Properties Llc,0.0
18002110001,c2ba166b-e2e0-49e8-a5ce-a8134e964382,0,14,LAPORTE WWTP,City Of Laporte,1.0
18002110001,4328fcf9-1b29-419c-b579-2867d7ef507d,0,15,LAPORTE WWTP,Paul James L Sr & Dixie A,0.0
18002110001,6e16404f-440a-4a99-9c2a-87715e3a812a,0,16,LAPORTE WWTP,Paul James L Sr & Dixie A,0.0
18002110001,e55d35e5-2cdc-4018-a5d5-bf1ecf87e687,0,17,LAPORTE WWTP,Pauls Construction Company Inc,0.0
18002110001,9f701ffc-0259-4b2f-9bc3-aa3725a56a85,0,18,LAPORTE WWTP,Sudlow David L,0.0
18002110001,228c214c-9d94-40c6-a466-516079ce6945,0,19,LAPORTE WWTP,BANNWART FARMS INC,0.0
18002110001,f653b180-3775-4b39-ac68-5358d0eae93d,0,20,LAPORTE WWTP,,
18004791001,374c4d0a-d2cc-43b6-a799-6d583aa9e693,0,1,NORTH VERNON WWTP,Jennings County Building Corporation,0.0
18004791001,f87838c0-4cf0-4c56-b508-f3eeb4a190a9,0,2,NORTH VERNON WWTP,"City of North Vernon, Indiana",1.0
18004791001,0abad9ed-26bb-4689-ab0b-fcd56d86dc3d,1,3,NORTH VERNON WWTP,,
18004791001,30d62301-af6b-4312-a407-254e8777e3e7,0,4,NORTH VERNON WWTP,North Vernon Building Corporation,1.0
18004791001,21a02f3f-abda-437d-a586-0f550a036a20,0,5,NORTH VERNON WWTP,"Jennings County Community Foundation, Inc",0.0
18004791001,2addb139-458d-45b0-b238-50cc4c709548,0,6,NORTH VERNON WWTP,,
18004791001,59fcc899-d947-42ad-ae60-f1f2e767abad,0,7,NORTH VERNON WWTP,Jennings County Community Foundation Inc,0.0
18004791001,ef685ee7-7c7d-491d-92a5-bd3822a0b2b8,0,8,NORTH VERNON WWTP,North Vernon Building Corporation,1.0
18004791001,60dec271-2eb9-4b95-a439-ae48409599b3,0,9,NORTH VERNON WWTP,"Jennings County Community Foundation, Inc",0.0
18004791001,68f0d5f6-be98-4ea7-9c35-c69e62a1162e,0,10,NORTH VERNON WWTP,"Tom's Comercials, LLC",0.0
18004791001,78b28ea8-939e-43c4-9e28-1e8f2e09111a,0,11,NORTH VERNON WWTP,North Vernon Building Corporation,1.0
18004791001,5d3e3a11-379d-40f4-8f2e-738ac17dd6ab,0,12,NORTH VERNON WWTP,,
18004791001,42397012-5304-4ce1-9350-95ebefce203c,0,13,NORTH VERNON WWTP,,
18004791001,af82f7b5-e854-40f5-a601-08a77fdc24c9,0,14,NORTH VERNON WWTP,City of North Vernon,1.0
18004791001,b75a3f05-bf7a-4e5e-8a41-a263046906d3,0,15,NORTH VERNON WWTP,,
18004791001,c626df6c-330e-4e64-9d1e-22f61e606485,0,16,NORTH VERNON WWTP,"Tom's Comercials, LLC",0.0
18004791001,efef7608-9346-4bb6-a821-8558fd427fba,0,17,NORTH VERNON WWTP,"Seifert, John R & Shelley J",0.0
18004791001,ec10a89f-a0c2-4c1d-80c0-c4d4f55baafa,0,18,NORTH VERNON WWTP,"City of North Vernon, Indiana",1.0
18004791001,9e9719d2-e488-4a53-98be-27ec66f1ebe5,0,19,NORTH VERNON WWTP,Jennings County,0.0
18004791001,5e5ec0da-15c3-49e3-9572-d354be741e88,0,20,NORTH VERNON WWTP,,
19000146001,f6d5a606-fa52-4175-8305-f8192238bf8d,0,1,CHEROKEE WWTP,CITY OF CHEROKEE,1.0
19000146001,d8e89d25-4c11-4163-b30a-72aecb2ef588,1,2,CHEROKEE WWTP,CITY OF CHEROKEE,1.0
19000146001,4b8fedb7-d3b6-423a-a101-807815febc51,0,3,CHEROKEE WWTP,CITY OF CHEROKEE,1.0
19000146001,f204b42a-32b8-4da1-bedd-43ec3e42550c,0,4,CHEROKEE WWTP,CHEROKEE CITY PARK BOARD,1.0
19000146001,09a9812a-ac38-4709-b9dc-44e98793b785,0,5,CHEROKEE WWTP,CITY OF CHEROKEE,1.0
19000146001,6f373b05-122b-4b5c-825e-73ab3118c1d0,0,6,CHEROKEE WWTP,CHEROKEE CITY PARK BOARD,1.0
19000146001,98d4878e-e48c-48c0-bee4-f1fa0e247227,0,7,CHEROKEE WWTP,CITY OF CHEROKEE,1.0
19000146001,5c78a00a-fb10-4bd1-bf6b-b9a8e27f13b7,0,8,CHEROKEE WWTP,CITY OF CHEROKEE,1.0
19000146001,5c74a75c-a78a-439f-9158-1baec9392a6b,0,9,CHEROKEE WWTP,CITY OF CHEROKEE,1.0
19000146001,153a0f85-4131-4fa0-b1be-76630019ff2b,0,10,CHEROKEE WWTP,CITY OF CHEROKEE,1.0
19000146001,327dd820-0745-442d-955c-e3ff24a5d66d,0,11,CHEROKEE WWTP,"LOPEZ FOODS, INC",0.0
19000146001,ab8fb5b1-ce73-49e9-8cee-83c74bc2c8f6,0,12,CHEROKEE WWTP,CHEROKEE CITY PARK BOARD,1.0
19000146001,d06a82a4-cb46-4440-83a4-50b9535ae40e,0,13,CHEROKEE WWTP,CITY OF CHEROKEE,1.0
19000146001,cc89d96b-f569-466c-9463-6fd701b964b4,0,14,CHEROKEE WWTP,"SANITARY SERVICES, INC",0.0
19000146001,a5455c73-d2f6-45fd-90fe-b7cedfa6f651,0,15,CHEROKEE WWTP,"SCHOON, LEROY E & SCHOON, JUDITH A",0.0
19000146001,e7d35b1f-3e69-4db5-8f69-1a5361f10e01,0,16,CHEROKEE WWTP,STATE OF IOWA,0.0
19000146001,7b4c0016-9185-4b39-8063-954a4c4340fe,0,17,CHEROKEE WWTP,CITY OF CHEROKEE,1.0
19000146001,0fbf9fae-00a8-4e53-98ce-e35fab68b486,0,18,CHEROKEE WWTP,CHEROKEE COUNTY SOLID WASTE COMM,1.0
19000146001,e1ef921c-b05c-45f2-bb67-88300a76746a,0,19,CHEROKEE WWTP,"TIMMERMAN FARMS, LP",0.0
19000146001,86c4406e-f6f7-4329-a317-e67f2f8be0b4,0,20,CHEROKEE WWTP,"TIMMERMAN FARMS, LP",0.0
19000328001,3085b4c0-8592-4c1f-acdf-56d39a8c30ce,0,1,GLENWOOD WWTP,State of Iowa Scott Schram Iowa DOT Prop Mgmt Sec Office of ROW,0.0
19000328001,95a4a2c4-3002-4220-940b-be3fda7580f9,0,2,GLENWOOD WWTP,Mills County,0.0
19000328001,0109930d-a7e6-4868-8eb7-f480c7813124,0,3,GLENWOOD WWTP,State of Iowa Scott Schram Iowa DOT Prop Mgmt Sec Office of ROW,0.0
19000328001,318f2ef3-46cd-4fe6-a38f-af27cb661b9a,0,4,GLENWOOD WWTP,State of Iowa Scott Schram Iowa DOT Prop Mgmt Sec Office of ROW,0.0
19000328001,83179e1e-1ddf-46e1-b2bc-d0a2b2109a0a,0,5,GLENWOOD WWTP,State of Iowa Scott Schram Iowa DOT Prop Mgmt Sec Office of ROW,0.0
19000328001,5edbfc59-9938-421c-bf1c-d3705ba8f896,0,6,GLENWOOD WWTP,"City Of Glenwood, Iowa c/o Glenwood Municipal Utilities",1.0
19000328001,d058a583-4073-452b-90ea-638f0a7f548e,0,7,GLENWOOD WWTP,Mills County,0.0
19000328001,3363c9ee-a9d7-4380-a2ae-9d4656bacb02,0,8,GLENWOOD WWTP,State of Iowa Scott Schram Iowa DOT Prop Mgmt Sec Office of ROW,0.0
19000328001,e463f169-7e69-48a5-8af2-6daba8fe2253,0,9,GLENWOOD WWTP,City Of Glenwood,1.0
19000328001,b1d5cd6d-e846-4913-b41f-6671e8e0fa92,0,10,GLENWOOD WWTP,City Of Glenwood,1.0
19000328001,badcc943-52c2-4988-8e9b-1062f66f8423,1,11,GLENWOOD WWTP,"City Of Glenwood, Iowa c/o Glenwood Municipal Utilities",1.0
19000328001,7e890872-6dc7-4f49-a5d0-095a34f30779,0,12,GLENWOOD WWTP,State of Iowa Scott Schram Iowa DOT Prop Mgmt Sec Office of ROW,0.0
19000328001,64a88628-7db7-49e9-9cc5-11ae43799e7c,0,13,GLENWOOD WWTP,State of Iowa Scott Schram Iowa DOT Prop Mgmt Sec Office of ROW,0.0
19000328001,e436c252-b5c3-4701-a468-57b9a607d2f2,0,14,GLENWOOD WWTP,State of Iowa Scott Schram Iowa DOT Prop Mgmt Sec Office of ROW,0.0
19000328001,37d1a051-4251-4762-b3f6-c391136e5c29,0,15,GLENWOOD WWTP,State of Iowa Scott Schram Iowa DOT Prop Mgmt Sec Office of ROW,0.0
19000328001,b998af55-42be-43b6-b167-adf9abebcb59,0,16,GLENWOOD WWTP,City Of Glenwood,1.0
19000328001,806c70e8-3ddd-4a75-b095-a33f71f5ab76,0,17,GLENWOOD WWTP,Burlington Northern Rr Co Property Tax Dept,0.0
19000328001,e4d88516-7fcb-49cc-80c9-4298593b2211,0,18,GLENWOOD WWTP,State of Iowa Scott Schram Iowa DOT Prop Mgmt Sec Office of ROW,0.0
19000328001,9a3e4183-7189-4ac5-9a9d-a440d4f6c3b4,0,19,GLENWOOD WWTP,State of Iowa Scott Schram Iowa DOT Prop Mgmt Sec Office of ROW,0.0
19000328001,b1c739bc-7c6e-4932-95b3-98f8a4a31c64,0,20,GLENWOOD WWTP,State of Iowa %Property Mgmt Supervisor,0.0
19000577001,989378f0-474a-418b-8854-eaa3905e6823,1,1,MONONA WASTEWATER,CITY OF MONONA,1.0
19000577001,284d3d77-179a-433f-af6a-17a5eea32933,0,2,MONONA WASTEWATER,MONONA CITY CEMETERY,1.0
19000577001,7e4e305e-d076-4b57-aca0-f3928ff4b22d,0,3,MONONA WASTEWATER,CITY OF MONONA,1.0
19000577001,d602a4d4-a995-41ba-a155-7a1a06e8edc1,0,4,MONONA WASTEWATER,MONONA CITY CEMETERY,1.0
19000577001,ef68e6f6-2227-4d9e-a9c0-0ed5586e4d42,0,5,MONONA WASTEWATER,WAGNER STEVEN M & PAULA J,0.0
19000577001,a7156741-e12b-4ace-a46c-9e92a23bd66e,0,6,MONONA WASTEWATER,WAGNER STEVEN M & PAULA J,0.0
19000577001,ea745832-29c9-45db-a11b-dca0b0876279,0,7,MONONA WASTEWATER,WAGNER STEVEN M & PAULA J,0.0
19000577001,62036079-50de-49c0-8d3e-8d44675770ae,0,8,MONONA WASTEWATER,FISK CURTIS J & JULIE R,0.0
19000577001,2a12b6b7-5457-4309-bf79-6ea9f9632006,0,9,MONONA WASTEWATER,SCHEFFERT LANNY L & LINDA L REVOCABLE TRUST,0.0
19000577001,9df172e7-ddb4-4ac9-ac7e-8761d8b8f0d9,0,10,MONONA WASTEWATER,WAGNER STEVEN M & PAULA J,0.0
19000577001,d415f522-5352-484d-9bd9-b896ed47ef2d,0,11,MONONA WASTEWATER,WAGNER STEVEN M & PAULA J,0.0
19000577001,b2c457f8-1e93-45da-8557-35c497641135,0,12,MONONA WASTEWATER,IASE COOPERATIVE,0.0
19000577001,3c2894cd-181c-42e5-951f-c1137038252a,0,13,MONONA WASTEWATER,MARTINS DANIEL L & COLEEN D,0.0
19000577001,74295125-63a5-4b9a-960a-57565535aff9,0,14,MONONA WASTEWATER,MEYER PHILLIP L,0.0
19000577001,85d73b2d-7d17-4d0f-945d-b5a44810340d,0,15,MONONA WASTEWATER,MARTINS DANIEL L & COLEEN D,0.0
19000577001,611a314b-03a7-402c-8f46-ae4543a84ed7,0,16,MONONA WASTEWATER,GROVE RICHARD ROY,0.0
19000577001,94b9d8be-8a19-4324-b035-c58252645505,0,17,MONONA WASTEWATER,CITY OF MONONA,1.0
19000577001,68d232e1-fc37-47b9-9d25-1eee9acdf9ba,0,18,MONONA WASTEWATER,CITY OF MONONA,1.0
19000577001,b3fea547-e0e3-4c83-a9e2-787173056c40,0,19,MONONA WASTEWATER,SCHEFFERT LANNY L & LINDA L REVOCABLE TRUST,0.0
19000577001,69ed2cff-d358-4ba3-85c3-e8b02e6be825,0,20,MONONA WASTEWATER,MEYER PHILLIP L,0.0
19000708001,80a985fc-b21d-449e-957f-5660139486f2,1,1,RAKE WWTP,CITY OF RAKE,1.0
19000708001,c8e4ee71-6bce-4538-9468-4e776db6c330,0,2,RAKE WWTP,CITY OF RAKE,1.0
19000708001,580497f2-bfe1-4e09-a596-99ac0594416e,0,3,RAKE WWTP,CHICAGO NORTHWESTERN RAILROAD,0.0
19000708001,1cedc53d-d44a-4482-ac5b-e1dc992a9f28,0,4,RAKE WWTP,ASMUS HARLAN & AMY,0.0
19000708001,e70803f5-ec5e-4400-853e-ad84e34276d9,0,5,RAKE WWTP,ASMUS HARLAN & AMY,0.0
19000708001,99cc327f-0e7a-41cd-8b49-4c0d5f53750a,0,6,RAKE WWTP,ASMUS FAMILY LIMITED PARTNERSHIP,0.0
19000708001,a7fadb08-6c13-47db-8721-36883561fe34,0,7,RAKE WWTP,ASMUS HARLAN & AMY,0.0
19000708001,beb55557-eb2e-40d2-8242-b88aa3e900a6,0,8,RAKE WWTP,ASMUS FAMILY LIMITED PARTNERSHIP,0.0
19000708001,317287b8-f587-4674-97f4-c146933125a3,0,9,RAKE WWTP,ASMUS FAMILY LIMITED PARTNERSHIP,0.0
19000708001,a8812d85-bee8-4362-ba95-6c13785adef9,0,10,RAKE WWTP,ASMUS FAMILY LIMITED PARTNERSHIP,0.0
19000708001,bbebf91a-2aac-407a-aeb1-a1f97c676a27,0,11,RAKE WWTP,ASMUS HARLAN ETAL,0.0
19000708001,8665be67-5045-4915-8aae-0ba535f7770b,0,12,RAKE WWTP,ASMUS FAMILY LIMITED PARTNERSHIP,0.0
19000708001,c4f38092-d288-4fd1-bbc9-3f2601585d4b,0,13,RAKE WWTP,ASMUS HARLAN & AMY,0.0
19000708001,9d5da8af-8b6a-43f1-839e-c23e71fb1323,0,14,RAKE WWTP,ASMUS HARLAN ETAL,0.0
19000708001,300074b5-3f85-47c1-8a25-53a17ec1d9cb,0,15,RAKE WWTP,ASMUS ERIN B ETAL,0.0
19000708001,8898e91c-5367-481c-9c9f-671c4f451b06,0,16,RAKE WWTP,ASMUS HARLAN & AMY,0.0
19000708001,2658d25c-d675-4b2f-948c-b17cff4f5517,0,17,RAKE WWTP,CHICAGO NORTHWESTERN RAILROAD,0.0
19000708001,1a16a8fe-53ff-431d-a918-da6254637cd5,0,18,RAKE WWTP,JOHNSON LARRY W TRUST & LOIS H TRUST & PAUL L,0.0
19000708001,8d5db5bd-d4b2-4287-b834-a108d4e0b499,0,19,RAKE WWTP,QUAMME BENNETT DECEDENTS TRUST,0.0
19000708001,6f186d09-0413-4f92-9e1b-51984ccd1d16,0,20,RAKE WWTP,SKOGEN RICHARD L & JULIANN L TRUST,0.0
20000107001,98c360b0-81e5-4135-9da8-eb73209e2c58,1,1,ARLINGTON WWTP,CITY OF ARLINGTON,1.0
20000107001,86e70a33-18b1-425f-a583-caa834561dfd,0,2,ARLINGTON WWTP,"FOUNTAIN, JACK E & M KAY",0.0
20000107001,b61ae512-6e64-4d01-87b0-b9d8348471be,0,3,ARLINGTON WWTP,"LOCKE, JUDITH BELLE",0.0
20000107001,6d3e6270-74cc-4290-a1e3-78f9dafbc716,0,4,ARLINGTON WWTP,"BROWN, THAIS J",0.0
20000107001,09701082-eb57-4df4-855e-399dd9ed7c3e,0,5,ARLINGTON WWTP,CITY OF ARLINGTON,1.0
20000107001,ecbff7a5-ea05-4556-8357-a5d28b3f4a70,0,6,ARLINGTON WWTP,"SCHLATTER, R C",0.0
20000107001,6cf95021-f30a-4f60-b95b-98617cadd568,0,7,ARLINGTON WWTP,"SAVARD, THOMAS R & ROSE E",0.0
20000107001,5f462d71-8e38-49c1-bc33-edd8f4bcace2,0,8,ARLINGTON WWTP,"WILSON, SUSAN L SUB TRUST",0.0
20000107001,0454ef9f-7327-49e3-bb0c-49ba2f8cc393,0,9,ARLINGTON WWTP,"BISHOP, BETTY A ESSER",0.0
20000107001,c68faed7-7751-4e58-8e09-47e1bea80432,0,10,ARLINGTON WWTP,"GEISER, CANDY L & BROWNLEE, DARIK J",0.0
20000107001,da059c92-4810-457b-854e-64a4a3a7063d,0,11,ARLINGTON WWTP,ARLINGTON A M CHURCH,1.0
20000107001,0aba5a53-6b93-41ad-9eab-4dfddfb9f7ca,0,12,ARLINGTON WWTP,"BREMER, JUSTIN A & PULKRABEK, SHELBY D",0.0
20000107001,63ed1940-2422-43a7-b374-b70e4cadb248,0,13,ARLINGTON WWTP,"JOHNSON, ANGELIA D",0.0
20000107001,21160849-e592-499e-ae46-7a48fbfe6d30,0,14,ARLINGTON WWTP,"JONES, KEVIN",0.0
20000107001,886ab675-62fe-4f6c-9e8d-01edcc60ac52,0,15,ARLINGTON WWTP,CITY OF ARLINGTON,1.0
20000107001,7ff9cff9-6b2a-4464-9f9a-b6f4ef7b2a05,0,16,ARLINGTON WWTP,ARLINGTON TOWNSHIP CEMETERY,1.0
20000107001,d3773f43-8f24-4830-bb81-a1e4f4eb3bd5,0,17,ARLINGTON WWTP,"YODER, FREEMAN L",0.0
20000107001,d3ea10a4-1588-4efb-a19c-69f05759d7f9,0,18,ARLINGTON WWTP,"FOUNTAIN, JACK E & M KAY",0.0
20000107001,bb3d1d59-6f13-4b3e-8f12-22de93b2899f,0,19,ARLINGTON WWTP,CITY OF ARLINGTON,1.0
20000107001,681fb39b-a30f-437c-a83d-d8641e2c3420,0,20,ARLINGTON WWTP,"HENDERSON, EULA M LIV TRUST",0.0
20000109001,873ee001-3e3c-45d2-8ee2-915b24fea038,1,1,BELLE PLAINE WWTP,"BELLE PLAINE, CITY OF",1.0
20000109001,36c84c06-aaab-4711-ae79-e331d3b35b88,0,2,BELLE PLAINE WWTP,"BELLE PLAINE, CITY OF",1.0
20000109001,73c941ed-79ba-41a0-901d-fd3b7f1c34f7,0,3,BELLE PLAINE WWTP,USD 357,0.0
20000109001,04469362-2e7b-4c43-83b4-ccc18bdc04bc,0,4,BELLE PLAINE WWTP,USD 357,0.0
20000109001,895fd209-ab78-492d-9f9d-5c7e72132c65,0,5,BELLE PLAINE WWTP,USD 357,0.0
20000109001,92e9bce4-4ef1-4206-8bbb-cfd81d81f41d,0,6,BELLE PLAINE WWTP,"BELLE PLAINE, CITY OF",1.0
20000109001,d010e61f-f1b0-4b61-b4b9-90f04e055ab7,0,7,BELLE PLAINE WWTP,"CEMETERY, BELLE PLAINE ASSOC",1.0
20000109001,bbab9a8e-1e0a-4b7a-9caa-8c1589931c93,0,8,BELLE PLAINE WWTP,BELLE PLAINE BUCKAROOS,1.0
20000109001,7ef88ecd-4da3-4115-b2f4-4e200d4e20f8,0,9,BELLE PLAINE WWTP,"CHURCH, FIRST BAPTIST",0.0
20000109001,522d40aa-d7bd-49c8-8e96-48a61a2ec98f,0,10,BELLE PLAINE WWTP,"CHURCH,BELLE PLAINE GLOBAL METHODIST",1.0
20000109001,5c9ccbc7-bf0c-431d-9c0c-5f9fe0e3bf83,0,11,BELLE PLAINE WWTP,FARMERS COOP GRAIN ASSOC,0.0
20000109001,90383072-aea8-4d3a-870f-9b2b928c158b,0,12,BELLE PLAINE WWTP,FARMERS COOP GRAIN ASSOC,0.0
20000109001,49ee491e-2ac2-45b3-a9c5-c953ce2b8264,0,13,BELLE PLAINE WWTP,"HAR-EL ACRES, INC",0.0
20000109001,3438f367-5803-4ac3-92e4-b0b2f378c020,0,14,BELLE PLAINE WWTP,"BRINES, SHANNON J",0.0
20000109001,a5e5c5a7-837b-4a09-b757-7e968599e68d,0,15,BELLE PLAINE WWTP,"MCDONNELL, TIMOTHY E & KELLY",0.0
20000109001,590dddf5-a0d8-4bdd-9e30-cd5941469681,0,16,BELLE PLAINE WWTP,"MACY, ROBIN L",0.0
20000109001,313ce212-6869-4064-bfda-b333ddce12f7,0,17,BELLE PLAINE WWTP,"FORMING SPECIALISTS CO, INC",0.0
20000109001,e957fce5-56c2-46f1-b467-e6f6e4cc3442,0,18,BELLE PLAINE WWTP,"LANGE, PATTI A REV TRLANGE, JEFF M REV TRMCGORTY,SHORTY,LLC",0.0
20000109001,fe1ed04d-ea6f-41a4-ab93-87fe03e6bc98,0,19,BELLE PLAINE WWTP,"BUTTS, FORREST G REV TR",0.0
20000109001,de9d46de-4798-4a43-861a-f3d2cdba0258,0,20,BELLE PLAINE WWTP,"HATFIELD, NORMA L LIV TR",0.0
20000122001,9f1be4c9-7622-4f05-b124-8774339b0b9b,0,1,CLEARWATER WWTP,CLEARWATER CITY OF,1.0
20000122001,d764a5f3-e544-4d45-9465-9a884d259c0b,0,2,CLEARWATER WWTP,CLEARWATER CITY OF,1.0
20000122001,15992a10-8f3b-4171-8d28-90375c710e48,0,3,CLEARWATER WWTP,CLEARWATER CITY OF,1.0
20000122001,fb2d2093-04f6-43fd-b532-925e03c85bdd,0,4,CLEARWATER WWTP,CLEARWATER CITY OF,1.0
20000122001,4d98f8be-d6d7-44f9-9ad2-a5c70c4b9ebf,1,5,CLEARWATER WWTP,CLEARWATER CITY OF,1.0
20000122001,ecca5206-0daa-41b3-9bdb-ca73ec0ccaa8,0,6,CLEARWATER WWTP,CLEARWATER CITY OF,1.0
20000122001,2cfdf452-bed8-4bf4-90bc-79135faa7689,0,7,CLEARWATER WWTP,JOINT COMMON SCHOOL DISTRICT 33,0.0
20000122001,b5029bfb-7f00-4a79-89da-ca0a17cc5f6a,0,8,CLEARWATER WWTP,CLEARWATER CITY OF,1.0
20000122001,b3b8e72d-5e92-4725-862d-c99b997a0d0a,0,9,CLEARWATER WWTP,CITY OF CLEARWATER,1.0
20000122001,30653121-a88d-46bd-a170-20f2629c8f0d,0,10,CLEARWATER WWTP,CLEARWATER CEMETERY DIST,1.0
20000122001,6509fdb0-6352-4408-ba17-319ed55d0704,0,11,CLEARWATER WWTP,CLEARWATER CEMETERY DIST,1.0
20000122001,e93b1692-7b06-4336-bab9-81a6b52b94e8,0,12,CLEARWATER WWTP,GARRETSON CHARLES M & MARILYN L ETAL,0.0
20000122001,a9a94c29-9648-422e-8221-ae89338e8c83,0,13,CLEARWATER WWTP,CLEARWATER CEMETERY DIST,1.0
20000122001,17d74b1a-3116-43af-9e7e-6d140ad26c03,0,14,CLEARWATER WWTP,SOUTHERN KANSAS TELEPHONE CO INC,0.0
20000122001,661e7e36-66e8-4a4e-a56e-9a4b12a066c1,0,15,CLEARWATER WWTP,CLEARWATER CEMETERY DIST,1.0
20000122001,7204b18b-255e-46a6-b66b-ab5da020a39c,0,16,CLEARWATER WWTP,CLEARWATER CEMETERY DISTRICT,1.0
20000122001,1e79efe0-719e-496c-903f-5bca54c14e5a,0,17,CLEARWATER WWTP,CLEARWATER CEMENTERY DISTRICT,1.0
20000122001,c6ef8855-c6c7-410e-8968-a8fc5f186411,0,18,CLEARWATER WWTP,PELZ JAMES A & DENISE M,0.0
20000122001,2ec4f5ae-9525-4d16-a553-2503e58ee10a,0,19,CLEARWATER WWTP,DAWSON ROGER N ETUX,0.0
20000122001,ee9c5952-d246-4ca3-b82c-5956e13d412a,0,20,CLEARWATER WWTP,CREWS DAVID TERRANCE REV TR,0.0
20000139001,ad251eb9-5c14-4fe3-817b-a363a0bba160,1,1,HARPER WWTP,HARPER CITY OF,1.0
20000139001,b7b76db4-a4c8-4d38-91b5-8ab37d267373,0,2,HARPER WWTP,HARPER CITY OF,1.0
20000139001,3672de5e-2e79-4daf-b0ea-2d4dccfc80f8,0,3,HARPER WWTP,HARPER CITY OF,1.0
20000139001,bcebd3f3-4d2c-483b-881f-bb3e726387cb,0,4,HARPER WWTP,HARPER CITY OF,1.0
20000139001,fe0b8c97-ebe7-474f-a037-12dd206ce526,0,5,HARPER WWTP,HARPER CITY OF,1.0
20000139001,437c0b7f-3edb-41b0-8779-6e9bd6172f40,0,6,HARPER WWTP,HARPER CITY OF,1.0
20000139001,ff61d168-6898-4f92-b993-020a3f66bf08,0,7,HARPER WWTP,ANTHONY CITY OF,0.0
20000139001,9f3b7ad4-0750-4b60-9444-0a5090fe3297,0,8,HARPER WWTP,HARPER COUNTY,1.0
20000139001,72438aa0-c2c9-4c45-8fcf-84f2a0bba37e,0,9,HARPER WWTP,UNIFIED SCHOOL DIST #361,0.0
20000139001,d3e8ae4d-8af2-4661-9e2d-e167b1f60cbf,0,10,HARPER WWTP,CHURCH PLEASANT VALLEY MENNONITE,0.0
20000139001,3b8f4bc8-e8b2-4c61-9abd-fc147f6931c8,0,11,HARPER WWTP,ANTHONY FARMERS COOP,0.0
20000139001,ae6990ae-85ad-4086-bd0e-7e79c1669fd5,0,12,HARPER WWTP,ALLMETAL RECYCLING LLC,0.0
20000139001,0d2a65ac-f338-4b9e-8cbc-632ef5db7850,0,13,HARPER WWTP,CHURCH CATHOLIC DIOCESE OF WICHITA,0.0
20000139001,f72825b8-6ba2-4c2c-85aa-2dee3fa84e66,0,14,HARPER WWTP,PROJECT RA 22 LLC,0.0
20000139001,f464aefb-b1fa-40bc-92f8-6e2fc5c12958,0,15,HARPER WWTP,"BANK, PLAINS STATE",0.0
20000139001,70c604ed-19d5-407b-9efa-b97d918a2734,0,16,HARPER WWTP,"PLANT, PHILIP C & JILL C",0.0
20000139001,1011f559-10e2-4fc7-9b7a-ca56456a499e,0,17,HARPER WWTP,ANTHONY FARMERS COOP,0.0
20000139001,1b69fb21-02fa-4c20-a095-b8b30d8ed5c6,0,18,HARPER WWTP,HARPER CITY OF,1.0
20000139001,615e2198-a018-46cd-9ab2-41c21db79985,0,19,HARPER WWTP,MIDWEST MACHINE INC,0.0
20000139001,49815f5e-dedc-4a61-8381-390e6075db5b,0,20,HARPER WWTP,FREEPORT STATE BANK,0.0
20000148001,1f7c12de-54ad-427e-a88e-8968664d9112,0,1,HUTCHINSON WWTP,CITY OF HUTCHINSON,1.0
20000148001,1d60e459-d545-4858-a417-a7bd97797ec4,0,2,HUTCHINSON WWTP,CITY OF HUTCHINSON,1.0
20000148001,2437acc3-eda6-49c0-bb31-f41a5d29f846,0,3,HUTCHINSON WWTP,CITY OF HUTCHINSON,1.0
20000148001,67d2fc0c-2a53-4fea-826e-1ab2f0ccdc3b,0,4,HUTCHINSON WWTP,CITY OF HUTCHINSON,1.0
20000148001,24e16cf4-8f1e-4abd-9d84-f0501e2bbd61,1,5,HUTCHINSON WWTP,CITY OF SOUTH HUTCHINSON,1.0
20000148001,46336e1d-e66b-4488-9134-c61793a10919,0,6,HUTCHINSON WWTP,"WALLSTEN, JAMES R",0.0
20000148001,f1fe4dbb-eb33-4f0b-a289-87dd72a9c9b5,0,7,HUTCHINSON WWTP,SEC OF TRANSPORTATION OF THE STATE OF KANSAS,0.0
20000148001,fde696cf-7d4f-4e36-b627-23a096d275a7,0,8,HUTCHINSON WWTP,CITY OF HUTCHINSON,1.0
20000148001,0fc13e07-151b-49af-93f8-716a6351cc15,0,9,HUTCHINSON WWTP,STATE OF KANSAS,0.0
20000148001,303574d8-76b8-47e7-ab78-3fccafbf54df,0,10,HUTCHINSON WWTP,RENO COUNTY PUBLIC BUILDING COMMISSION,0.0
20000148001,22cf93dd-8611-41ac-b5d3-6c641e9b26af,0,11,HUTCHINSON WWTP,"GRAHAM, BILLY J & DIANNA L",0.0
20000148001,57c1f7bf-f556-4f0d-88fe-167dc0d32b88,0,12,HUTCHINSON WWTP,"MILLER, JACOB A & ROSEANNA & SCHROCK, ELVAN J & LYNDORA & PETERSHEIM, DAVID ETAL",0.0
20000148001,ee4222b4-0e9d-493d-b748-b5c997f9c5f8,0,13,HUTCHINSON WWTP,"MILLER, JACOB A & ROSEANNA & PETERSHEIM, DAVID & LORETTA & SCHROCK FAM TRUST",0.0
20000148001,2750cff5-5f8b-4b0c-a522-ceaa356dcaa4,0,14,HUTCHINSON WWTP,SECRETARY OF CORRECTIONS FOR THE STATE OF KANSAS,0.0
20000148001,caeff935-529d-41a2-8323-5fd99219e660,0,15,HUTCHINSON WWTP,"BONTRAGER, CARL A & ASHLEY L",0.0
20000148001,48ea872a-e24c-41e8-9565-aea8a3bee496,0,16,HUTCHINSON WWTP,CITY OF HUTCHINSON,1.0
20000148001,3aea9c0a-feda-43a2-82fc-36aa19eca03c,0,17,HUTCHINSON WWTP,STATE OF KANSAS,0.0
20000148001,ca9e52e0-48bd-410d-89d4-014f22e696a6,0,18,HUTCHINSON WWTP,HOUSING AUTHORITY OF CITY OF SOUTH HUTCHINSON,1.0
20000148001,17f0f9b3-4f90-4e8b-af19-34d55e3f9b9f,0,19,HUTCHINSON WWTP,CITY OF HUTCHINSON,1.0
20000148001,4073fa74-8d81-4055-9683-35f77f0822d5,0,20,HUTCHINSON WWTP,"TURNER, INDIA OLA MORRIS",0.0
20000171001,3f11914b-7484-4004-9298-cd224fcca4c8,0,1,PRESTON WWTP,"PAGE, ELDON ETAL",0.0
20000171001,cdb6b305-b28d-483c-b0a3-317222a23f97,0,2,PRESTON WWTP,WYATT FAMILY TRUST,0.0
20000171001,5aff1b15-10ad-4b48-813c-25a9e43ed23f,1,3,PRESTON WWTP,"PRESTON, CITY OF",1.0
20000171001,b177ed48-a63f-4ea3-9b35-a9d130a0444e,0,4,PRESTON WWTP,"THOMAS, MARVIN W & DIANNE E",0.0
20000171001,4806867d-003e-48ee-af1d-f9cf47e935f8,0,5,PRESTON WWTP,WYATT FAMILY TRUST,0.0
20000171001,c7108ab9-abb3-4f95-af1d-f70f39786621,0,6,PRESTON WWTP,"CRICK, JACK V TR ETAL",0.0
20000171001,e49d7905-b068-48e7-ba9e-8db38b394b59,0,7,PRESTON WWTP,"HUFF, DENNIS W & DONNA M TR",0.0
20000171001,5587cc9a-6070-4acf-bc76-5146b9164a6a,0,8,PRESTON WWTP,"HUFF, DENNIS W & DONNA M TR",0.0
20000171001,daabc5b3-9119-4d74-bbcc-77ed7d711c99,0,9,PRESTON WWTP,"KINNAMON, JEROLD W & KATHERINE K REV TR",0.0
20000171001,161fd2da-e67f-4be8-b50f-29dbc810c1e2,0,10,PRESTON WWTP,"CRICK, JACK V TR",0.0
20000171001,2407a6a1-9286-4a87-90d1-f144f1307727,0,11,PRESTON WWTP,"HUFF, DENNIS TR ETAL",0.0
20000171001,2212dc3a-8cc7-4427-a49c-7375e4e75420,0,12,PRESTON WWTP,"BEACH, ROCHELLE K",0.0
20000171001,b5e7c4b9-7fde-4489-bacf-7d6ba2bd4ead,0,13,PRESTON WWTP,"MILTON, WILLIAM & MILTON, IVAN",0.0
20000171001,a52b556e-d71d-487d-bb5c-f8308da78aa8,0,14,PRESTON WWTP,"CRICK, JACK V & REX E",0.0
20000171001,c7b366f8-6083-4f90-a3fe-5d1f63b700a5,0,15,PRESTON WWTP,,
20000171001,70dc57df-1f95-4461-86e9-32d1d32a6b6a,0,16,PRESTON WWTP,"CRICK, JACK V",0.0
20000171001,4f3692ac-a7a7-4eac-a00e-94fc1a563728,0,17,PRESTON WWTP,"HUFF, KELLY C",0.0
20000171001,25109d0c-6add-441b-838d-f82635d2f2ee,0,18,PRESTON WWTP,"HUFF, DENNIS W & DONNA M TR",0.0
20000171001,59314c55-41b1-425b-9b12-3494c0b6914a,0,19,PRESTON WWTP,"HUFF, DENNIS W & DONNA M TR ETAL",0.0
20000171001,39454de2-3f3f-480c-8edf-755fedc7a7a1,0,20,PRESTON WWTP,"STAAB, SONJA LIV TR",0.0
20000174001,a924c559-ed35-4a1e-be41-ffda45194271,1,1,CUNNINGHAM WWTP,"CUNNINGHAM, CITY OF",1.0
20000174001,3584db1d-a043-4734-b9cf-c5b253d42a2b,0,2,CUNNINGHAM WWTP,"CUNNINGHAM, CITY OF",1.0
20000174001,d6ce1498-df71-413a-9a45-421db620196b,0,3,CUNNINGHAM WWTP,USD 332,0.0
20000174001,685fc892-00ab-416d-b0c8-cdc864782343,0,4,CUNNINGHAM WWTP,CATHOLIC DIOCESE,0.0
20000174001,761e0489-5a5b-433d-b5f0-a5a2b19ddcbc,0,5,CUNNINGHAM WWTP,"CUNNINGHAM, CITY OF",1.0
20000174001,14da8956-0ab8-4157-8caa-b16154e7af0b,0,6,CUNNINGHAM WWTP,"CUNNINGHAM, CITY OF",1.0
20000174001,c82b3ee7-36f1-4f25-9a49-14c7f982e001,0,7,CUNNINGHAM WWTP,DEAN & THERESA FARMS LLC,0.0
20000174001,0e96d59d-0be6-46c2-b86c-96a0b0498c68,0,8,CUNNINGHAM WWTP,LOVE'S TRAVEL STOPS & COUNTRY STORES INC,0.0
20000174001,6878bdf8-a49b-43b0-a374-1d8efb64d8d8,0,9,CUNNINGHAM WWTP,"DWYER, LINDI",0.0
20000174001,68ccc68f-7463-4282-854c-925d9d2b2d59,0,10,CUNNINGHAM WWTP,SKYLAND GRAIN LLC,0.0
20000174001,35bc0384-444b-49e1-ab26-c856349fe807,0,11,CUNNINGHAM WWTP,CAIRO COOP EQUITY EXCHANGE,0.0
20000174001,74c7fd19-aeb1-4437-ae5b-c26d24d67b71,0,12,CUNNINGHAM WWTP,"FREUND, TIMWOODSON, PAUL AWOODSON, LINZI NCOX, DONNA",0.0
20000174001,ca8e278a-6973-449a-b1fb-873b0d9e1eff,0,13,CUNNINGHAM WWTP,"RUSSELL, ROSS & SIMONE",0.0
20000174001,73a37e5d-c933-4d7c-80fa-24f132063855,0,14,CUNNINGHAM WWTP,"HUFFMAN, D JOHN & HUFFMAN, PATRICIA A",0.0
20000174001,f2606343-aeaf-4b7c-9181-fd14fc9decad,0,15,CUNNINGHAM WWTP,USD 332,0.0
20000174001,faf4e219-49f0-446a-a341-4765f96a9071,0,16,CUNNINGHAM WWTP,"DAFFORN, GEOFFREY ALAN & BONNIE JEAN",0.0
20000174001,2dfbb10b-ba33-44c7-9a14-238197101b2d,0,17,CUNNINGHAM WWTP,CUNNINGHAM I LLC,1.0
20000174001,a24f490a-03b2-4a13-8a04-e9cdf69a4a6d,0,18,CUNNINGHAM WWTP,"MCCLENDON, REX & TERESA",0.0
20000174001,a41361e5-2b99-474d-9c5b-47397172fed4,0,19,CUNNINGHAM WWTP,"HALDERSON, KEVIN & PEGGY",0.0
20000174001,cef19ec8-6541-41bb-8861-3dc1b8021c28,0,20,CUNNINGHAM WWTP,"DEWEESE, ROBERT E & SHEILA ADEWEESE, SCOTT D & JUDY ADEWEESE, JANET G",0.0
20000199001,05bdede4-b374-460f-98b5-4fdc1ba9d5f9,0,1,ANTHONY WWTP,ANTHONY CITY OF,1.0
20000199001,069626a8-bb64-4cbb-9145-d707e9f6161a,0,2,ANTHONY WWTP,HARPER COUNTY,0.0
20000199001,5b61ba99-ec09-408c-98a4-8b3ea1b84d33,0,3,ANTHONY WWTP,ANTHONY CITY OF,1.0
20000199001,5a846b71-adb2-43e4-ba8f-7cd4ba70e632,0,4,ANTHONY WWTP,ANTHONY CITY OF,1.0
20000199001,3689e0e2-8f8b-4cc8-bf56-2cd26833c9eb,0,5,ANTHONY WWTP,STATE HWY COMMISSION,0.0
20000199001,0b26cdcd-b8bd-4115-90ee-583841cb47ff,1,6,ANTHONY WWTP,ANTHONY CITY OF,1.0
20000199001,01d2562a-5859-4a4f-b4dd-119880c91df9,0,7,ANTHONY WWTP,UNIFIED SCHOOL DIST #361,0.0
20000199001,fd1f01f6-6d61-479a-976e-4185b566991a,0,8,ANTHONY WWTP,ANTHONY CITY OF,1.0
20000199001,dc4bd926-3353-4e6f-aaeb-866c7717b33f,0,9,ANTHONY WWTP,HARPER COUNTY COURTHOUSE & JAIL,0.0
20000199001,cd3263f7-4644-4182-92af-570143f36f1f,0,10,ANTHONY WWTP,ANTHONY CITY OF,1.0
20000199001,3dbc0cb1-cffc-42ce-b456-fba827a473c7,0,11,ANTHONY WWTP,ANTHONY CITY OF,1.0
20000199001,b58bc6b1-0bf2-475c-ba9c-57c70d109e90,0,12,ANTHONY WWTP,ANTHONY CITY OF,1.0
20000199001,3b1683de-7821-40e5-a679-e40a91d4911b,0,13,ANTHONY WWTP,ANTHONY CITY OF,1.0
20000199001,8edc7fdc-60a9-48c1-b19f-6325713491a8,0,14,ANTHONY WWTP,ANTHONY CITY OF,1.0
20000199001,4d868dca-594f-4e42-8b97-217125e780a0,0,15,ANTHONY WWTP,HISTORICAL MUSEUM OF ANTHONY INC,1.0
20000199001,1fd32bf2-616c-4fde-ab02-76f66a2eecda,0,16,ANTHONY WWTP,ANTHONY CITY OF,1.0
20000199001,752e791f-bf7f-4f34-aa5f-7a02d3a678ce,0,17,ANTHONY WWTP,ANTHONY CITY LAKE,1.0
20000199001,72acb52d-f715-4185-bcaa-9253bb278476,0,18,ANTHONY WWTP,ANTHONY CITY OF,1.0
20000199001,5817435b-c1fc-40f8-90fb-b05adfeeed10,0,19,ANTHONY WWTP,ANTHONY CITY OF,1.0
20000199001,5c401819-c542-4025-bb1c-8477c5db2fcb,0,20,ANTHONY WWTP,ANTHONY CITY OF,1.0
20000310001,7423fd04-3a50-48e8-b392-1fff4b97bdb0,0,1,LIBERAL WWTP,UNIFIED SCHOOL DISTRICT NO 480,0.0
20000310001,a449d022-1a55-4311-9394-e48c1aad7f56,0,2,LIBERAL WWTP,CITY OF LIBERAL,1.0
20000310001,4a61ea91-8ae6-40bf-8d1b-d77c8e97298e,1,3,LIBERAL WWTP,CITY OF LIBERAL,1.0
20000310001,18863147-040f-482f-ad4e-85931c90a7b8,0,4,LIBERAL WWTP,CITY OF LIBERAL,1.0
20000310001,66fff1d3-7eea-475f-9c9b-5b30a0d39b67,0,5,LIBERAL WWTP,CITY OF LIBERAL,1.0
20000310001,f86f9027-6661-432e-8d26-218453a851ee,0,6,LIBERAL WWTP,CITY OF LIBERAL,1.0
20000310001,72491345-d7d0-4e2d-a3e9-9a8e3ba9915e,0,7,LIBERAL WWTP,CITY OF LIBERAL,1.0
20000310001,69aa63d1-6551-4944-97c4-c64f19a293db,0,8,LIBERAL WWTP,"CITY OF LIBERAL, THE",1.0
20000310001,3687ccb4-b846-4cd4-af12-7d9dd32c12ef,0,9,LIBERAL WWTP,CITY OF LIBERAL,1.0
20000310001,399b57c2-d227-4c25-a381-0fa2e6670d72,0,10,LIBERAL WWTP,CITY OF LIBERAL,1.0
20000310001,5d82f9d2-4bbc-4718-93a9-a10f279487c7,0,11,LIBERAL WWTP,CITY OF LIBERAL,1.0
20000310001,c0cbc690-8a10-43ad-a6f0-452bae0c5777,0,12,LIBERAL WWTP,B5 PARTNERS LLC,0.0
20000310001,522d728e-cebb-447c-ab5a-72e37f078bf2,0,13,LIBERAL WWTP,SEWARD COUNTY KANSAS,0.0
20000310001,b0b5519b-9260-4b37-893a-518bb1fdb66e,0,14,LIBERAL WWTP,SEWARD COUNTY KANSAS,0.0
20000310001,9430dc6a-634b-43aa-aaa3-9b334ea398df,0,15,LIBERAL WWTP,,
20000310001,22c38893-7f87-4db4-a96c-52cfc6fc44fa,0,16,LIBERAL WWTP,CITY OF LIBERAL,1.0
20000310001,b198c528-fe78-4439-ae81-c01584154de2,0,17,LIBERAL WWTP,CITY OF LIBERAL DRAINAGE DITCH,1.0
20000310001,2bfdfcc8-8dae-4bc0-bde8-aec92658bbb7,0,18,LIBERAL WWTP,CITY OF LIBERAL,1.0
20000310001,44f0dd44-910d-453d-ae14-76f8a001b81c,0,19,LIBERAL WWTP,,
20000310001,193c13eb-8026-4085-a993-5b981a7ef0fa,0,20,LIBERAL WWTP,CIMARRON VALLEY INC,0.0
20000422001,ca4f22fe-93cb-4501-9d52-91a3469f643d,1,1,HOLTON WWTP,CITY OF HOLTON,1.0
20000422001,1077a91b-6c32-4cbb-98ff-15b899aace9b,0,2,HOLTON WWTP,CITY OF HOLTON,1.0
20000422001,3dc1d947-4cbf-47cb-8216-d1a8235d5b44,0,3,HOLTON WWTP,CITY OF HOLTON,1.0
20000422001,9f01ae22-b1c0-43ff-83a7-41e52d8b7b8a,0,4,HOLTON WWTP,CITY OF HOLTON,1.0
20000422001,c16b7334-6121-4bd5-847f-059995354786,0,5,HOLTON WWTP,CITY OF HOLTON,1.0
20000422001,76f5f130-9099-45a1-8c08-256a621c2149,0,6,HOLTON WWTP,UNIFIED SCHOOL DIST 336,0.0
20000422001,221fc6ea-ffdc-4fb9-8530-75bd99b7235a,0,7,HOLTON WWTP,CITY OF HOLTON,1.0
20000422001,2d1b2692-040a-4247-b4e1-4562907f19dd,0,8,HOLTON WWTP,UNIFIED SCHOOL DIST 336,0.0
20000422001,a03afeed-b4f3-4b3e-9278-28aab13cc540,0,9,HOLTON WWTP,CITY OF HOLTON,1.0
20000422001,667a09fa-469d-4102-a6f3-22416e78a0eb,0,10,HOLTON WWTP,JACKSON COUNTY,0.0
20000422001,1c57fb4b-63dc-409f-9aeb-d6f6d4ccf9f0,0,11,HOLTON WWTP,CITY OF HOLTON,1.0
20000422001,2b2c27d4-220c-4b8d-884b-0500e213cf57,0,12,HOLTON WWTP,CITY OF HOLTON,1.0
20000422001,6a57d779-23e1-4068-a37c-07dfd0328dea,0,13,HOLTON WWTP,CITY OF HOLTON,1.0
20000422001,742ae014-eb49-427b-a407-9655340acc9f,0,14,HOLTON WWTP,CITY OF HOLTON SOUTHERN HEIGHTS,1.0
20000422001,17d2f6ef-b875-4ef6-bb47-085ff7352d9f,0,15,HOLTON WWTP,JACKSON COUNTY,0.0
20000422001,954f4a19-8516-42db-b12e-872f392be375,0,16,HOLTON WWTP,CITY OF HOLTON,1.0
20000422001,ea7ba083-0a28-4f93-8496-ee66019d87ef,0,17,HOLTON WWTP,CITY OF HOLTON,1.0
20000422001,53ceff4d-62a6-4532-9ac0-edc819e1b81d,0,18,HOLTON WWTP,JACKSON COUNTY,0.0
20000422001,0952e8ff-0216-40bf-8f78-a103bb0a89ed,0,19,HOLTON WWTP,CITY OF HOLTON,1.0
20000422001,dadae7b1-d8b3-40a7-8f8b-e578354e4e40,0,20,HOLTON WWTP,STATE HIGHWAY COMM HWY DEPT ROBERT DOCKING,0.0
20000433001,3c1c0d31-4ea4-4151-a546-c82ceff4b275,1,1,LECOMPTON WWTP,CITY OF LECOMPTON,1.0
20000433001,bdd4eeeb-3e09-4d4b-a922-348ab110e7c8,0,2,LECOMPTON WWTP,RURAL SCHOOL DIST JT #36,0.0
20000433001,a4b0aefe-9859-422f-9c08-9048673989d9,0,3,LECOMPTON WWTP,Township Board of Lecompton Township,1.0
20000433001,34f612e5-bba1-44b1-a8b3-e14e6d206f07,0,4,LECOMPTON WWTP,COMMON SCHOOL DIST JT #36,0.0
20000433001,ae6b338c-d71f-4460-abb0-7b228b86adf8,0,5,LECOMPTON WWTP,"Perry, City of",0.0
20000433001,7e1776a0-5b22-4798-a965-6e4678cdb31e,0,6,LECOMPTON WWTP,CITY OF LECOMPTON,1.0
20000433001,d24bb2ff-c421-4288-87cb-ba37bc8807d6,0,7,LECOMPTON WWTP,CITY OF LECOMPTON,1.0
20000433001,a9f1ca4d-d916-4c3b-b09d-fb7c62cfbb7f,0,8,LECOMPTON WWTP,"Perry, City of",0.0
20000433001,b9791588-4595-42e1-bfb9-c99ed1725398,0,9,LECOMPTON WWTP,KS Dept of Wildlife and Parks,0.0
20000433001,44ffe97f-9dd4-49b3-8b9f-06c9369fa863,0,10,LECOMPTON WWTP,FARRELL ROBERT W II,0.0
20000433001,76403f44-e051-4ff0-8206-eccfbdb13b14,0,11,LECOMPTON WWTP,JERNIGAN ROBERT D CO-TRUSTEE,0.0
20000433001,973d5046-ef3c-4726-86ed-93f21053da0b,0,12,LECOMPTON WWTP,LESLIE JIM,0.0
20000433001,584d9c71-4dd4-4c08-a171-33d505896402,0,13,LECOMPTON WWTP,CRANE ELIZABETH,0.0
20000433001,f3381e7a-a5d5-4835-a0d7-25f30d01a95a,0,14,LECOMPTON WWTP,CITY OF LECOMPTON,1.0
20000433001,cd91c547-a922-4cdc-b0e8-acc0b51fbef5,0,15,LECOMPTON WWTP,CITY OF LECOMPTON,1.0
20000433001,49a641d6-4da5-430e-92d8-28d206bf7e8d,0,16,LECOMPTON WWTP,LECOMPTON MHP LINDALE LLC,1.0
20000433001,6c10c3d3-1c07-468b-b1b5-0bda57d2a8a9,0,17,LECOMPTON WWTP,REUST ANGELIC,0.0
20000433001,54533e5d-726e-4d42-ab8c-e4ef218cd517,0,18,LECOMPTON WWTP,TRAXLER DALE S,0.0
20000433001,55bff83c-98d1-4293-9f18-09dfbc300b39,0,19,LECOMPTON WWTP,BAHNMAIER DOUGLAS W,0.0
20000433001,3dc9a62d-4907-46aa-92bb-b9491430b158,0,20,LECOMPTON WWTP,STEWART CAROLYN M,0.0
20000437001,a00b4dee-86ad-4634-adf1-814522494a50,1,1,MAPLE HILL WWTP,CITY OF MAPLE HILL,1.0
20000437001,6ef3148d-8fde-4200-a918-1b3b3f26a36f,0,2,MAPLE HILL WWTP,"KANSAS RIVER PROPERTIES,LLC",0.0
20000437001,1e5f298d-3e2b-4774-8791-2c7f36865cb9,0,3,MAPLE HILL WWTP,"KANSAS RIVER PROPERTIES,LLC",0.0
20000437001,b60e22ad-daea-4cf8-9c08-bfd58112ae2c,0,4,MAPLE HILL WWTP,"KANSAS RIVER PROPERTIES,LLC",0.0
20000437001,8342d400-65d0-4d33-aaca-fe8d86ea1ca2,0,5,MAPLE HILL WWTP,SCHOOL DISTRICT #329,0.0
20000437001,89d049da-7c49-42e7-8f22-e3444ecce5a1,0,6,MAPLE HILL WWTP,PRIESTLY FRAT OF ST PETER,0.0
20000437001,b1136a70-e65d-4bd2-8363-13a4397c90e9,0,7,MAPLE HILL WWTP,"MILLER, ROBERT B, Jr",0.0
20000437001,5973697b-60de-4948-be4e-79246d0777a0,0,8,MAPLE HILL WWTP,"RED FENCE APARTMENTS, LLC",0.0
20000437001,66ba4f80-ea0f-478e-a5f3-34bca1398c43,0,9,MAPLE HILL WWTP,SCHOOL DISTRICT #329,0.0
20000437001,e39c765c-70f5-4b81-b470-e4dfcc0e5e69,0,10,MAPLE HILL WWTP,"ALVEY, STEVEN J",0.0
20000437001,036e0417-55a5-4fe0-b680-948078c2d95e,0,11,MAPLE HILL WWTP,"ADAMS,RAYMOND E, III",0.0
20000437001,800e560f-e3b3-419e-bd0e-e8936d746a38,0,12,MAPLE HILL WWTP,SCHOOL DISTRICT #329,0.0
20000437001,af0bff57-0632-46bc-950e-66132b1f23c3,0,13,MAPLE HILL WWTP,"CEMETERY, MAPLE HILL ASSN",1.0
20000437001,5e6a105f-da49-42eb-9f31-3f41c533d0da,0,14,MAPLE HILL WWTP,PRIESTLY FRAT OF ST PETER,0.0
20000437001,0ff4a45f-b62e-402c-a313-83ed43ed042f,0,15,MAPLE HILL WWTP,UNIFIED SCHOOL DIST #329,0.0
20000437001,44b9ca2e-5fe2-44c4-9a7e-abf3db8f611a,0,16,MAPLE HILL WWTP,"EWING,ANDREW & JULIE",0.0
20000437001,ed3d9dbf-71cf-48a5-b494-9da5b631ad48,0,17,MAPLE HILL WWTP,"JDR HOLDINGS, LLC",0.0
20000437001,322dcdbe-22c6-4987-ada8-3d7acc638825,0,18,MAPLE HILL WWTP,"JOHNSON,KENT R & LANA J",0.0
20000437001,a7a5ca4e-77a2-4f6e-9328-ee197dbb897b,0,19,MAPLE HILL WWTP,"DRESSMAN, JARED & CECILIA",0.0
20000437001,1e7040af-6652-4e7a-8e84-d555b256baf7,0,20,MAPLE HILL WWTP,"CAYWOOD,TODD M; CAYWOOD,REBECCA G",0.0
20000458001,d281ae1d-38e6-485e-8f66-1addb4708f69,0,1,RILEY WWTP,CITY OF RILEY,1.0
20000458001,ac34046d-9b74-4c0c-ad14-2f439cdd1f48,0,2,RILEY WWTP,CITY OF RILEY,1.0
20000458001,6fc255de-9652-4080-b041-66e9cc9ea410,1,3,RILEY WWTP,CITY OF RILEY,1.0
20000458001,7f1090f8-cc9e-421b-999d-238d905c91ba,0,4,RILEY WWTP,CITY OF RILEY,1.0
20000458001,1e3dc1de-4b23-4815-b85e-3e1b42e6d9e5,0,5,RILEY WWTP,CITY OF RILEY,1.0
20000458001,007a8c3a-2cb5-45e4-b27b-c25ce3261895,0,6,RILEY WWTP,NELSON POULTRY FARMS INC,0.0
20000458001,df696e95-d5c3-44bb-9900-d665f250df41,0,7,RILEY WWTP,"MCGUYER, ROGER D & KELLY L",0.0
20000458001,2e560e93-aa78-4b79-9801-3381b4da5b63,0,8,RILEY WWTP,USD 378,0.0
20000458001,bc1e9ba0-c27e-46ae-8a30-08723e2a8006,0,9,RILEY WWTP,"POWELL, GERALD G & MARTHA E;TRUST",0.0
20000458001,b45316ec-3395-4314-beaf-dfb8252966bb,0,10,RILEY WWTP,"CASTER, EWEY R & KATHLEEN",0.0
20000458001,489d5051-54b7-4b83-a25e-063f7b6d1a79,0,11,RILEY WWTP,"NORRIS, IRK L & JANICE S",0.0
20000458001,d54d67d6-60b4-433f-ad3c-791ed8bf8e57,0,12,RILEY WWTP,RILEY CEMETERY ASSOC,1.0
20000458001,42615de1-6e52-46d2-b313-15c98fd335be,0,13,RILEY WWTP,"WILSON, LANDEN J & TARA L",0.0
20000458001,dbcd7455-1a4c-432f-b3d1-25b52ba572e0,0,14,RILEY WWTP,"MEYER, DALE H",0.0
20000458001,49fd3617-9c5e-4b84-927d-6898c6b85fa5,0,15,RILEY WWTP,"CASTER, EWEY R & KATHLEEN",0.0
20000458001,7c10f924-ab2d-42f8-9b53-f1fb45ba8bff,0,16,RILEY WWTP,"ABEL, R LYNN",0.0
20000458001,33cb599a-c0e0-40bc-baa0-68b5a0cc1d0c,0,17,RILEY WWTP,"HOLMES, EFFREY J & G S",0.0
20000458001,dc9169df-7a09-4e36-81f0-febefca9bdf0,0,18,RILEY WWTP,"DUGAN, ALE W & CONNIE L",0.0
20000458001,8e63e055-c2a3-4d76-bf0e-c75d8ef7687f,0,19,RILEY WWTP,"PACHTA, TAMMY J;TRUST",0.0
20000458001,5ab108a2-2206-44fe-8811-1676daf4863d,0,20,RILEY WWTP,"ROBLEDO, ISAAC & ELIZABETH",0.0
20000466001,2ff7b308-4d7c-4260-b53e-f212d10adf42,1,1,SILVER LAKE WWTP,CITY OF SILVER LAKE,1.0
20000466001,e97f7e27-aee9-4e5f-8eb1-9cfc9285555b,0,2,SILVER LAKE WWTP,CITY OF SILVER LAKE,1.0
20000466001,b3c543c6-661f-4221-a8a8-57ad6cda7d08,0,3,SILVER LAKE WWTP,SILVER LAKE TOWNSHIP,1.0
20000466001,22a97676-ee26-4fc4-b3c5-63d73a8e50ef,0,4,SILVER LAKE WWTP,USD 372,0.0
20000466001,dff7d889-1e25-41c7-859b-3cb144031afa,0,5,SILVER LAKE WWTP,CITY OF SILVER LAKE,1.0
20000466001,6d2c0748-a721-47c4-8017-b5c45b625b4d,0,6,SILVER LAKE WWTP,FIRST BAPTIST CHURCH OF SILVER LAKE INC,1.0
20000466001,e71f3e4c-2735-442c-9fa6-623b954a1ae2,0,7,SILVER LAKE WWTP,CITY OF SILVER LAKE,1.0
20000466001,83a286f1-c626-449f-a708-338a42a2da85,0,8,SILVER LAKE WWTP,JT COM SCHOOL DIST 46,0.0
20000466001,ec31d08e-df6e-44f4-8853-2edbce82588e,0,9,SILVER LAKE WWTP,USD 372,0.0
20000466001,9de132db-6af4-42f8-92e8-e0a975a7c7d1,0,10,SILVER LAKE WWTP,EAGLE STORAGE INC,0.0
20000466001,d5a7a6dc-2e4b-4b26-8415-8a49d979a17f,0,11,SILVER LAKE WWTP,USD 372,0.0
20000466001,9b5a2e53-74bd-4de7-8443-5f3b0d626d2e,0,12,SILVER LAKE WWTP,THOMAS BROTHERS LAND LLC & NANCY L THOMAS TRUST,0.0
20000466001,a5da88e6-4e13-4d08-8bf8-57b24ab9bb57,0,13,SILVER LAKE WWTP,SILVER LAKE PROPERTY MANAGEMENT LLC,1.0
20000466001,70771d8f-241f-4ae0-b997-5507c68ee885,0,14,SILVER LAKE WWTP,LAKESIDE BAPTIST CHURCH INC,0.0
20000466001,8190910c-ec75-4ce9-a9f1-2be67228e837,0,15,SILVER LAKE WWTP,CITY OF SILVER LAKE,1.0
20000466001,43a5490f-4de6-40f5-9e85-5d9a5ade35b0,0,16,SILVER LAKE WWTP,"BLUSH, GEORGE H & LAURIE",0.0
20000466001,e1dad55b-bc5a-4bef-beaa-2f361e7e4005,0,17,SILVER LAKE WWTP,THOMAS BROTHERS LAND LLC & CHARLES F THOMAS FAMILY TRUST,0.0
20000466001,6bdf3bd7-2d64-4d6d-a556-4e9177352fb5,0,18,SILVER LAKE WWTP,"LANIER, PATRICIA B",0.0
20000466001,2cc556fc-a507-4161-a622-20a71faa2244,0,19,SILVER LAKE WWTP,"ROBERSON, GARY L & MARGARET M",0.0
20000466001,c88bd548-a88f-42be-af4d-db0a820d939b,0,20,SILVER LAKE WWTP,HEILAND FAMILY LIVING TRUST,0.0
20000508001,9f1e8049-abfe-44c1-bf93-fafd16e71e96,1,1,INMAN WWTP,CITY OF INMAN,1.0
20000508001,c9e3f341-0765-4468-91d1-51a65198f359,0,2,INMAN WWTP,CITY OF INMAN,1.0
20000508001,273fddbc-3f44-4644-bc61-11159c257f84,0,3,INMAN WWTP,CITY OF INMAN,1.0
20000508001,41ee1b87-d2d5-418c-9d33-04552fcbad83,0,4,INMAN WWTP,CITY OF INMAN,1.0
20000508001,42e6508c-9262-4fc4-8c84-777a7910c4e7,0,5,INMAN WWTP,UNIFIED SCHOOL DIST #448,0.0
20000508001,23ed887f-e22f-4e04-9679-ee33ce1b0e3d,0,6,INMAN WWTP,CITY OF INMAN,1.0
20000508001,9925d31a-d97a-4719-b84f-58f58c0e21aa,0,7,INMAN WWTP,UNIFIED SCHOOL DIST #448,0.0
20000508001,c1249cfd-c363-43db-8008-7d0922138873,0,8,INMAN WWTP,UNIFIED SCHOOL DIST #448,0.0
20000508001,e617a511-244c-4988-8511-7c567dff11c5,0,9,INMAN WWTP,Reno County Kansas,0.0
20000508001,cedb22b9-fc03-4d82-9394-c89d0e3911e9,0,10,INMAN WWTP,"CHURCH, ZOAR MENNONITE",0.0
20000508001,67bf1827-bab7-4bf7-b90e-4342ccb63646,0,11,INMAN WWTP,Houchen Land Service LLC,0.0
20000508001,e25efa1a-54a2-4d86-a145-8bcd25280330,0,12,INMAN WWTP,Moss Entertainment LLC,0.0
20000508001,b017569e-2f08-4e46-923d-247df026b91f,0,13,INMAN WWTP,GOERTZEN HOMES INC,0.0
20000508001,f34de5ee-7e5d-4db6-8dc2-3db6e2854591,0,14,INMAN WWTP,"MILES, RANDY L & DARCEL L",0.0
20000508001,bb278012-8dbf-418b-859d-ade1d396b6f5,0,15,INMAN WWTP,"Nikkel, Timothy L & Sherlyn J",0.0
20000508001,99522cc6-30cd-4b47-9665-f8299dbe4ceb,0,16,INMAN WWTP,Ball & Son Property LLC,0.0
20000508001,62e3d6f4-95ad-4eb0-868f-9842ef303e49,0,17,INMAN WWTP,Regier Grain LLC,0.0
20000508001,99f963ff-4f93-4b7a-ac45-ba550ec94869,0,18,INMAN WWTP,Pleasant View Home Inc,0.0
20000508001,e4dc1522-9bf3-4373-94c7-5165b1f3dddb,0,19,INMAN WWTP,UNIFIED SCHOOL DIST #448,0.0
20000508001,497f5d35-dab8-4dc0-b4fa-93e36826badf,0,20,INMAN WWTP,"FUQUA, MAX W & SANDRA",0.0
20000601001,35314fc2-599f-4714-881b-865d967a9379,1,1,AURORA WWTP,CITY OF AURORA,1.0
20000601001,ec5ed34a-240a-4b87-a301-55c732b6721f,0,2,AURORA WWTP,CITY OF AURORA,1.0
20000601001,1842c193-535c-4bfd-8ac2-a272c61ece5b,0,3,AURORA WWTP,"CUMMINS, DONOVAN G & MARY",0.0
20000601001,44085120-a5a4-42cf-8dc8-d74c447a97d1,0,4,AURORA WWTP,ROMAN CATHOLIC DIOCESE OF SALINA,0.0
20000601001,8786fe42-904e-49b7-ad84-7896166b1bb4,0,5,AURORA WWTP,"VERNON, DAVID",0.0
20000601001,316bc59c-9106-46ae-a167-1f630599f66a,0,6,AURORA WWTP,,
20000601001,93e82945-8d71-493b-948b-4f44abf3d1a0,0,7,AURORA WWTP,"KINDEL, JEFFERY & KRISTINA",0.0
20000601001,752a4e34-72e8-430b-9e53-99e044fb0546,0,8,AURORA WWTP,"L'ECUYER, TOM",0.0
20000601001,58d6ae0b-0675-4223-bd5e-ca06ad773361,0,9,AURORA WWTP,"CUMMINS, DONOVAN G & MARY",0.0
20000601001,ffb7690a-4f99-4b02-810f-0ab8823d4d4f,0,10,AURORA WWTP,"JONES, LLOYD W & NEDRA K",0.0
20000601001,3a72e009-fb43-4456-8e62-05648df354f3,0,11,AURORA WWTP,,
20000601001,83b53678-5d53-42ef-853a-d34ec900053c,0,12,AURORA WWTP,CITY OF AURORA,1.0
20000601001,6c154e82-72be-4baa-b1bd-5000f82c1ef7,0,13,AURORA WWTP,"CUMMINS, DONOVAN G & MARY",0.0
20000601001,a6cb2c6e-54b4-43fa-a680-d33565ae86a7,0,14,AURORA WWTP,CITY OF AURORA,1.0
20000601001,6e898255-78e4-46c7-8d34-8443e0348aea,0,15,AURORA WWTP,"BLACKWELL, JAMES G & BETH",0.0
20000601001,ed792ae7-eafd-4786-995c-1b7e73da837b,0,16,AURORA WWTP,,
20000601001,42ec56e1-7d61-4c10-ba15-928ee6a41613,0,17,AURORA WWTP,CITY OF AURORA,1.0
20000601001,da42507e-0928-4a0b-b769-a53093ae23ac,0,18,AURORA WWTP,CITY OF AURORA,1.0
20000601001,b9ab9591-0c90-41ba-90bb-81a06975a241,0,19,AURORA WWTP,CLOUD COUNTY,0.0
20000601001,dd89c7c1-6ca2-4bb6-8fd1-d93431b90b8e,0,20,AURORA WWTP,FALCAR INC,0.0
20000619001,ad36e333-daf1-45e6-9f34-c405bfc24e80,0,1,MANKATO WWTP,CITY OF MANKATO,1.0
20000619001,a3c4c02d-7306-4bc4-bf4c-a296ddddc3e5,1,2,MANKATO WWTP,CITY OF MANKATO,1.0
20000619001,79bff478-92ce-460c-a871-e034f2a4b8e0,0,3,MANKATO WWTP,CITY OF MANKATO,1.0
20000619001,a5eb4e76-666c-47fc-88ea-96178e4167ef,0,4,MANKATO WWTP,JEWELL COUNTY,0.0
20000619001,d00d131c-9e61-4012-933c-952f44f51db1,0,5,MANKATO WWTP,CENTRAL UNIFIED SCHOOL 278 (107),0.0
20000619001,0c08ca9d-4ea3-4a1d-9570-e26463c3c3e7,0,6,MANKATO WWTP,"JEWELL COUNTY, KANSAS",0.0
20000619001,ecc2de7f-a176-4423-9705-f64442ccb4ee,0,7,MANKATO WWTP,STATE HWY COMMISSION OF KS,0.0
20000619001,d7a368ec-08b6-4909-9565-2580538f9fb3,0,8,MANKATO WWTP,"JEWELL COUNTY, KANSAS",0.0
20000619001,2fa0fe5f-b9ce-4963-839b-783f66c709c9,0,9,MANKATO WWTP,JEWELL CO COURTHOUSE,0.0
20000619001,b25c88a7-80eb-4a30-a5a5-109e7aee5f57,0,10,MANKATO WWTP,CITY OF MANKATO,1.0
20000619001,498f3787-c691-49e1-bd90-0cc1c9660744,0,11,MANKATO WWTP,CITY OF MANKATO,1.0
20000619001,e5c15cbe-3488-4754-81b9-5d708bea3be2,0,12,MANKATO WWTP,JEWELL COUNTY CON DISTRICT,0.0
20000619001,b6a4526e-82af-429a-aad8-10c2e8f32abf,0,13,MANKATO WWTP,SCHOOL DIST #76,0.0
20000619001,0d081c9c-a4bf-47f3-9bfa-3d7f8570746f,0,14,MANKATO WWTP,HOUSING AUTHORITY OF THE CITY OF MANKATO,1.0
20000619001,f07e2806-0401-4840-bd6a-4603bca75589,0,15,MANKATO WWTP,CITY OF MANKATO,1.0
20000619001,1fe5b4a9-cc24-4e15-be90-86af01de85c1,0,16,MANKATO WWTP,CITY OF MANKATO,1.0
20000619001,df239c57-659e-4d08-8c40-ba2202ea46a5,0,17,MANKATO WWTP,JEWELL COUNTY HOSPITAL,0.0
20000619001,6f7ff7ca-3ec5-466e-9cfe-e6cae129bbef,0,18,MANKATO WWTP,"JEWELL COUNTY, KANSAS",0.0
20000619001,58c7e74d-4425-49c2-989b-eee13e5b6020,0,19,MANKATO WWTP,JEWELL COUNTY CON DISTRICT,0.0
20000619001,6c02a8af-c0b8-42ce-8085-294073cd5d63,0,20,MANKATO WWTP,CITY OF MANKATO,1.0
20000704001,8fd229eb-7b6b-447b-94f0-afe3d3e83d23,0,1,ARCADIA WWTP,CITY OF ARCADIA,1.0
20000704001,0219122a-b93f-4383-bb45-9b7ff833a432,1,2,ARCADIA WWTP,CITY OF ARCADIA,1.0
20000704001,2431e772-8123-49e5-9d2e-5ab26cf10913,0,3,ARCADIA WWTP,OLD ARCADIA CEMETERYREF NEW WEST ADDITION,1.0
20000704001,249671ff-dc82-4b04-8b24-585d8823a7d7,0,4,ARCADIA WWTP,"LEHMAN, JASON W; LEHMAN, NELLIE M",0.0
20000704001,427ecc7d-061c-4946-aa8b-01a1c6c146a0,0,5,ARCADIA WWTP,WASTE CORPORATION OF KANSAS LLC,0.0
20000704001,199d7010-c1c8-4ba6-b0fc-b13b5902033d,0,6,ARCADIA WWTP,PETERSON LAND COMPANY LLC,0.0
20000704001,2e7f65ae-5a90-4ae1-ad56-d1419dcadc33,0,7,ARCADIA WWTP,"MONTEE, AARON",0.0
20000704001,abda9f3b-8b78-4d83-b68c-b73fe62e533f,0,8,ARCADIA WWTP,"SEELY, JERRY L; VINEYARD, SHERRY",0.0
20000704001,e8fa2ffe-20f9-4858-9329-a3d1cc800e63,0,9,ARCADIA WWTP,"MONTEE, AARON",0.0
20000704001,e0970069-1884-4364-8a5f-d2fcb9e780fc,0,10,ARCADIA WWTP,"ODLE, JOHN DAVID; LEHMAN, NELLE MARIE",0.0
20000704001,b97ac5d2-3815-4bc6-9395-b01922d9162d,0,11,ARCADIA WWTP,"LEHMAN, JASON W; LEHMAN, NELLIE M",0.0
20000704001,27da835f-da5b-4940-a7c3-550435a8af33,0,12,ARCADIA WWTP,"MORRIS, ERIK K; MORRIS, CINDY",0.0
20000704001,a3a14d3c-01c5-47b6-af2e-e83e0b1725c4,0,13,ARCADIA WWTP,PETERSON LAND COMPANY LLC,0.0
20000704001,ddf05831-6249-42c5-9ca5-ba04dc418b86,0,14,ARCADIA WWTP,"MORRIS, TODD; MORRIS, ERIK",0.0
20000704001,164964b6-781b-45c6-a58a-dfe849dcdee4,0,15,ARCADIA WWTP,PETERSON LAND COMPANY LLC,0.0
20000704001,19756910-7771-4710-9394-1fd973cfa205,0,16,ARCADIA WWTP,"ODLE, JOHN DAVID",0.0
20000704001,b42804cd-8da2-4b1e-8cad-9baa6bb393cf,0,17,ARCADIA WWTP,"COONROD, JERRY P",0.0
20000704001,c8291d6f-e9ff-4c60-8bdf-ca4e2f35f0a1,0,18,ARCADIA WWTP,"LEHMAN, JASON W; LEHMAN, NELLIE M",0.0
20000704001,68e10f29-3123-4664-ae81-d45fbd1634c9,0,19,ARCADIA WWTP,KANSAS CITY SOUTHERN RAILWAY COMPANYKANSAS CITY-FORT SCOTT &MEMPHIS RAILWAY COMPANY,0.0
20000704001,5c90eef8-b45b-4e8e-882f-a75fe5395922,0,20,ARCADIA WWTP,"BRIDGEWATER, WILLIAM A; BRIDGEWATER, LINDA M",0.0
20000709001,ae5fdcb7-971f-4b9d-8039-5a0160e636b1,1,1,ESKRIDGE WWTP,CITY OF ESKRIDGE,1.0
20000709001,61b15c9f-cc40-4816-beb0-ac4dba4736f4,0,2,ESKRIDGE WWTP,KANSAS STATE HWY COMM,0.0
20000709001,54d4b830-699e-44ab-a68c-c5169513b74e,0,3,ESKRIDGE WWTP,CITY OF ESKRIDGE,1.0
20000709001,ec1c8cdd-8bdb-48f1-82ae-15904418a65f,0,4,ESKRIDGE WWTP,CITY OF ESKRIDGE,1.0
20000709001,5a011f91-c459-4309-b48c-44d84315564f,0,5,ESKRIDGE WWTP,CITY OF ESKRIDGE,1.0
20000709001,15e7fe9e-1f27-4677-a246-b0cbaa1e12c8,0,6,ESKRIDGE WWTP,CITY OF ESKRIDGE,1.0
20000709001,18b29f71-8aaa-4515-a2af-cbe9a2442263,0,7,ESKRIDGE WWTP,CITY OF ESKRIDGE,1.0
20000709001,d666bd74-8bf5-4939-9125-195b75022f3d,0,8,ESKRIDGE WWTP,CITY OF ESKRIDGE,1.0
20000709001,c9232df4-20d8-4b4b-9b62-0089fb7e33b7,0,9,ESKRIDGE WWTP,"WILLIAMS,JOHN P & ANNIE",0.0
20000709001,423d82d4-8187-4d3a-a806-6c3fa9ce56e3,0,10,ESKRIDGE WWTP,DEVORE COMM POOL ASSOC,0.0
20000709001,2951c4ae-d8b7-45df-99ca-621e16b98b55,0,11,ESKRIDGE WWTP,CITY OF ESKRIDGE,1.0
20000709001,d0487f68-ae6b-48f3-9763-a650c8090127,0,12,ESKRIDGE WWTP,CITY OF ESKRIDGE,1.0
20000709001,b092399f-1755-4f83-b748-a2e2529ba964,0,13,ESKRIDGE WWTP,"WARREN PARTNERS,LLC",0.0
20000709001,7d231b36-584d-4712-9f5c-8f5cbe1fd4bd,0,14,ESKRIDGE WWTP,"LOWRY,MICHAEL A",0.0
20000709001,47acf2fe-bcb4-4369-bb27-ef58f0de6854,0,15,ESKRIDGE WWTP,"ESKRIDGE LUMBER,LLC",1.0
20000709001,049520f1-1722-4799-b9a8-4c0aae7a15fb,0,16,ESKRIDGE WWTP,"HASE,DOROTHY JEAN;REV TR",0.0
20000709001,b6307c1e-c0cb-4da9-9642-d12ffb212319,0,17,ESKRIDGE WWTP,LOCKHART PARTNERS L P,0.0
20000709001,d21ca19b-14e5-4b1f-906e-285e0dee9896,0,18,ESKRIDGE WWTP,CITY OF ESKRIDGE,1.0
20000709001,05f19126-563b-4aa8-9eaa-6be8ec568e7a,0,19,ESKRIDGE WWTP,"HASE, MONTY G; REV TR",0.0
20000709001,2067ed31-7cfa-4dff-99b9-fa43fa2378e5,0,20,ESKRIDGE WWTP,"HASE,DOROTHY JEAN;REV TR",0.0
20000712001,7af82676-6cae-44ab-8651-31e7d6da4bc2,0,1,KINCAID WWTP,CITY OF KINCAID,1.0
20000712001,3ff374ce-7f99-485a-8d78-152e72598dcd,0,2,KINCAID WWTP,CITY OF KINCAID,1.0
20000712001,b3945035-c4b6-4fe5-b759-a9b8bd4dd8f4,0,3,KINCAID WWTP,STINNETT TIMBERS LLC,0.0
20000712001,0a986c4c-49ca-4f28-9197-4775bbb8a766,0,4,KINCAID WWTP,"CEMETERY, KINCAID",1.0
20000712001,4e6cd5ae-cf75-4829-a8d1-544568d5c424,1,5,KINCAID WWTP,BEACHNER GRAIN INC,0.0
20000712001,07f5db48-cf99-4644-8c61-eb7203972f7b,0,6,KINCAID WWTP,"VOLLMER, OREN L & SHARON K HOLTHAUS TTEES",0.0
20000712001,3cbd213d-b787-4267-897c-167c714a3d21,0,7,KINCAID WWTP,"WHITCOMB, WAYNE E & CAROL S TTEES",0.0
20000712001,edf731c4-cd67-4542-a5d9-1991e8c61c7c,0,8,KINCAID WWTP,"CHURCH, KINCAID SELMA UNITED METHODIST",1.0
20000712001,edf2e7ac-144a-4180-86bd-598936d619c8,0,9,KINCAID WWTP,"CONLEY, REGINA C TTEES",0.0
20000712001,0ee11bc7-688c-4df5-a131-6972b287e661,0,10,KINCAID WWTP,"BECKMON, LELAND JASON & NICKY LEE",0.0
20000712001,2e8893d5-f2b2-44a2-b2d8-fac107c17681,0,11,KINCAID WWTP,"HOFF, THOMAS E SR LIVING TRUSTHOFF, MARCELLA R LIVING TRUST",0.0
20000712001,72b87baa-9d8c-4890-9e05-a474f595ede8,0,12,KINCAID WWTP,"SUTTON, JOHN E",0.0
20000712001,b09dae59-5211-4c74-ae3e-db9e921b18ad,0,13,KINCAID WWTP,"STEPHENS, RAYMOND EUGENE & MARJORIE ANN",0.0
20000712001,7783f0ce-6596-40d4-82ce-b1cdcd24d35a,0,14,KINCAID WWTP,"WEST, LUKE GARON",0.0
20000712001,6fdb2d8f-1144-4331-84da-3bbdd67a5885,0,15,KINCAID WWTP,"STINNETT, RANDALL S & VICKI L",0.0
20000712001,7fb86f81-6f26-49b2-a700-9af602999863,0,16,KINCAID WWTP,"DURAND, MAURICE JR & PATRICIA L",0.0
20000712001,ef8f6a79-c998-444a-a7b1-57972b6caac9,0,17,KINCAID WWTP,"KICHLER, ADAM",0.0
20000712001,948237c7-32bd-4bc6-92ab-3eee27895da7,0,18,KINCAID WWTP,"PARKER, RONALD W",0.0
20000712001,30af1723-1d14-456c-aa0a-2cd7d80774a1,0,19,KINCAID WWTP,"MOORE, RONALD C JR",0.0
20000712001,b4315224-72ab-420d-9c92-4f56291b0873,0,20,KINCAID WWTP,DAN BARROW TRADING CO INC,0.0
20000738001,4eea7050-1154-4632-8b5a-fb688750e543,1,1,POMONA WWTP,"POMONA, CITY OF",1.0
20000738001,476de524-b618-420a-af8f-cc9e138df39d,0,2,POMONA WWTP,"POMONA, CITY OF",1.0
20000738001,02e525b5-e5b5-4ad5-be6b-c3f8d8e1b35e,0,3,POMONA WWTP,"POMONA, CITY OF",1.0
20000738001,5edb50cc-698e-4826-9b4a-17ee4ac52c26,0,4,POMONA WWTP,USD #287 POMONA SCHOOL,1.0
20000738001,a7f694b1-c32b-41d6-9074-09231412d392,0,5,POMONA WWTP,USD #287,0.0
20000738001,804ef60c-16cf-43d2-b6c3-1542a2eaec1a,0,6,POMONA WWTP,"POMONA, CITY OF",1.0
20000738001,2dfa79d7-91dc-4e7c-95c1-672a0b5b00eb,0,7,POMONA WWTP,"POMONA, CITY OF",1.0
20000738001,9e0afc6e-a68f-4fb0-908b-ca8dd6bf2b8c,0,8,POMONA WWTP,KANZA RAIL-TRAILS CONSERVANCY,0.0
20000738001,ef3a602e-df79-43be-90cf-b8d37c556609,0,9,POMONA WWTP,KANZA RAIL-TRAILS CONSERVANCY,0.0
20000738001,87aabcc4-107d-43cb-9414-8a183e141626,0,10,POMONA WWTP,BRANT ENERGY LLC,0.0
20000738001,5493fffe-2414-4355-9dc7-a630518d76de,0,11,POMONA WWTP,JUDD RANCH INC,0.0
20000738001,bde8fa3a-fe47-49f5-baff-5c6fb9121da8,0,12,POMONA WWTP,"LAWRENCE, RALPH E",0.0
20000738001,188c5b65-9f3a-4ce5-9958-7ef325617b2f,0,13,POMONA WWTP,"HOYT, JEFFREY E & AMANDA L",0.0
20000738001,b3773ada-6d23-4554-8f53-26859177f116,0,14,POMONA WWTP,"POMONA, CITY OF",1.0
20000738001,ded90a25-e2a4-4341-acec-14c0f1e11c1b,0,15,POMONA WWTP,KMP ENTERPRISES LLC,0.0
20000738001,74137b2b-4b44-4b0f-a07b-157e28b00669,0,16,POMONA WWTP,"HUNT, LYLE E",0.0
20000738001,196a7797-ceee-4980-a6f3-f4d767cb6186,0,17,POMONA WWTP,"ZUNIGA, DAVID & MICHELLE",0.0
20000738001,743d791d-e9bc-48b1-a830-661a4116cf5b,0,18,POMONA WWTP,"LUTE, STEVEN & CHRISTY",0.0
20000738001,80ebb181-f699-421d-b528-be1d1c2458c8,0,19,POMONA WWTP,CJC HOMES LLC,0.0
20000738001,17c73cfb-88c0-4962-82b8-8a7ee6674f1c,0,20,POMONA WWTP,"WORTHINGTON, GREGORY A",0.0
20000906001,782d39b0-b681-4282-9d4c-28193828d5a4,0,1,COLONY WWTP,"CEMETERY, OZARK TWP & CITY OF COLONY",1.0
20000906001,7f0fe51e-340b-45b5-90be-e7fc7daf9b11,1,2,COLONY WWTP,CITY OF COLONY,1.0
20000906001,73747d6f-5711-472c-836a-4303de340c1c,0,3,COLONY WWTP,CITY OF COLONY,1.0
20000906001,e33959de-0294-4f21-9a10-d0510b5fdb6a,0,4,COLONY WWTP,"SCHOOL, COLONY",1.0
20000906001,5914fabd-f485-40d3-a66b-99dc47aa90ed,0,5,COLONY WWTP,CITY OF COLONY,1.0
20000906001,7df86d2b-2f67-4fad-b2a8-bda9121efcca,0,6,COLONY WWTP,UNIFIED SCHOOL DISTRICT #479,0.0
20000906001,ffc6a0b0-a8ad-4889-b797-90ea83105f67,0,7,COLONY WWTP,"MCMULLEN, RONALD & DELORES L",0.0
20000906001,b6bbabda-886f-4998-8796-f0d353456009,0,8,COLONY WWTP,"ELLINGTON, JEREMY P & HOLLY A",0.0
20000906001,dff5ed04-baa2-41a9-9a51-110916587dce,0,9,COLONY WWTP,"ALLEN, DENNIS W & CATHRYNN",0.0
20000906001,d6f03b74-4bec-4733-9a8a-90d6e450cedb,0,10,COLONY WWTP,"JACKMAN, GREGORY D & TERRI L",0.0
20000906001,dae995d9-9eb0-45b3-907d-8b0771419685,0,11,COLONY WWTP,"SCOTT, LINDA",0.0
20000906001,ba4ed231-56b8-4959-8f40-14fb838f60e2,0,12,COLONY WWTP,"KELLAR, TRACY L",0.0
20000906001,8122ef34-8591-4e7a-b538-900ca90def7a,0,13,COLONY WWTP,"PAVICIC, THOMAS J",0.0
20000906001,203a49da-9ccf-40f4-8cb2-4379b4e34b67,0,14,COLONY WWTP,"SMITH, WILLIAM A",0.0
20000906001,c16a6ca3-0d33-4927-8a12-6d86318aa8cb,0,15,COLONY WWTP,"FARRELL, OLIVE M",0.0
20000906001,74f2e253-6bb3-402f-a28a-d6d005c23784,0,16,COLONY WWTP,"DIEKER, JEFFREY TTEE",0.0
20000906001,9d7a32c6-c248-4b62-82cc-2328164eaa1a,0,17,COLONY WWTP,"BOONE, LOGAN M & LAURA A",0.0
20000906001,6b44d14d-8007-4236-b9ee-5e6d4a557849,0,18,COLONY WWTP,"BABCOCK, KEITH A",0.0
20000906001,7a53ca81-2e9e-4292-badf-b4bf3c6037de,0,19,COLONY WWTP,"HERMRECK, GLEN J & JANET L",0.0
20000906001,7dbf63ee-3c33-44ea-86d3-bf102fbb6d81,0,20,COLONY WWTP,"SMITH, WILLIAM A",0.0
20000933001,e54a67a7-1955-4cf2-bbc3-99328298cf45,1,1,GIRARD WWTP,CITY OF GIRARD,1.0
20000933001,73c9e290-33da-4141-a1c6-ba3da80094be,0,2,GIRARD WWTP,CITY OF GIRARD,1.0
20000933001,6af450d8-0123-4024-bb22-a6d924b08d2e,0,3,GIRARD WWTP,CITY OF GIRARD,1.0
20000933001,a3710180-3872-44ff-9e0f-9de83a5fd016,0,4,GIRARD WWTP,CRAWFORD COUNTY COURTHOUSE,0.0
20000933001,868b1fb9-dd78-46b8-b1f6-01dbf121096a,0,5,GIRARD WWTP,CITY OF GIRARD,1.0
20000933001,917ff487-044b-4e17-946c-6965221e02d4,0,6,GIRARD WWTP,CRAWFORD COUNTY,0.0
20000933001,a072b808-cb37-491d-9e31-d92aa7d59ab1,0,7,GIRARD WWTP,CRAWFORD COUNTY MENTAL HEALTH,0.0
20000933001,baa0d779-a0bb-491f-9989-4b14300147a2,0,8,GIRARD WWTP,USD 248,0.0
20000933001,a8994500-b007-4405-98c5-c1ee349ba2e3,0,9,GIRARD WWTP,CRAWFORD COUNTY,0.0
20000933001,cfcd2a6a-b8e8-47ce-9549-024eb49b042f,0,10,GIRARD WWTP,HOSPITAL DISTRICT 1,0.0
20000933001,50e7a9a7-9e8b-4de9-8085-1e9498a564b8,0,11,GIRARD WWTP,CITY OF GIRARD,1.0
20000933001,b5826b32-1855-4e3f-9dab-226cf9081897,0,12,GIRARD WWTP,CITY OF GIRARD,1.0
20000933001,77ee82f3-7031-46f2-a368-6ec9286d7c49,0,13,GIRARD WWTP,CITY OF GIRARD,1.0
20000933001,338ca35b-bffe-4091-8ed6-21cfbf8971ae,0,14,GIRARD WWTP,CITY OF GIRARD,1.0
20000933001,be6f443b-3302-4d98-b0c8-f7ba497d3211,0,15,GIRARD WWTP,CITY OF GIRARD,1.0
20000933001,74bad0ac-ed10-463d-8f54-d26fd27226fb,0,16,GIRARD WWTP,CATHOLIC DIOCESE OF WICHITA,0.0
20000933001,79fa0ca1-dfa2-45d5-bd2b-138dfcaa0dfb,0,17,GIRARD WWTP,USD 248,0.0
20000933001,a6c2f479-95aa-44fc-9342-a27af30c2e68,0,18,GIRARD WWTP,CITY OF GIRARD,1.0
20000933001,26f17b49-2d10-4268-88ce-2492b2d47685,0,19,GIRARD WWTP,CITY OF GIRARD,1.0
20000933001,6caa6e01-696a-4c0f-b76a-15557a135a17,0,20,GIRARD WWTP,CITY OF GIRARD,1.0
20001306001,1b60e36c-723b-4bba-9f23-8185ed3e02b0,0,1,CIMARRON WWTP,"CIMARRON, CITY OF",1.0
20001306001,354c8f2c-af51-4aa4-beed-0eeac31eb4dd,1,2,CIMARRON WWTP,"CIMARRON, CITY OF",1.0
20001306001,a600001a-c928-4c2f-b08e-c71fa1414c6e,0,3,CIMARRON WWTP,GRAY COUNTY,0.0
20001306001,e47697cf-ea8a-4f9a-b1ae-ff395f770b4a,0,4,CIMARRON WWTP,"CIMARRON, CITY OF",1.0
20001306001,1377d11a-5526-4322-a036-62490524edd2,0,5,CIMARRON WWTP,HELENA CHEMICAL COMPANY,0.0
20001306001,3832b1de-c38e-4438-82ee-5d8879e4d0c4,0,6,CIMARRON WWTP,GRAY CO FISH & WILDLIFE INC,0.0
20001306001,c89d0e2b-011e-41b8-861b-35f71aec76b2,0,7,CIMARRON WWTP,"CIMARRON, CITY OF",1.0
20001306001,be26ac42-e533-46eb-b7ce-b3ac3f47d143,0,8,CIMARRON WWTP,"CIMARRON, CITY OF",1.0
20001306001,78a7ab6a-c160-4ca3-9266-a7385669a273,0,9,CIMARRON WWTP,"SOTO-URUETA, MAURICIO & SOTO, JOSE",0.0
20001306001,2a849f76-38d8-490d-90b4-f4c41291b226,0,10,CIMARRON WWTP,"NUTRIEN AG SOLUTIONS, INC",0.0
20001306001,82c88fcf-fb74-4fe5-a2ff-329042fdab81,0,11,CIMARRON WWTP,LITTON INVESTMENTS LLC,0.0
20001306001,867a74cf-5e1c-4b9c-9c69-c5578eec4d53,0,12,CIMARRON WWTP,GRAY COUNTY,0.0
20001306001,88b42842-8669-45e1-9795-11f7f2fbd9d9,0,13,CIMARRON WWTP,"BECKER, BOBBY & KIMBERLY",0.0
20001306001,ec7dfd91-b110-4910-a572-72f354af0795,0,14,CIMARRON WWTP,"BAILEY, JOHN & CANDI ETAL",0.0
20001306001,abd5894d-3e06-4c46-9e05-4c3f10785f2e,0,15,CIMARRON WWTP,TIM DEWEY HAY LLC,0.0
20001306001,046c1aea-b4eb-465a-b093-d5118968c5b4,0,16,CIMARRON WWTP,"CIMARRON, CITY OF",1.0
20001306001,6bf702a7-b6e9-44b2-8340-52c1e73bd2c6,0,17,CIMARRON WWTP,"JANOF, ERIC LEIGH ETAL",0.0
20001306001,cb84dd74-f947-42d0-ae36-4f37454fcbf9,0,18,CIMARRON WWTP,COAST RENTALS LLC,0.0
20001306001,46a78767-74b2-4b27-b8d8-9cd668df8417,0,19,CIMARRON WWTP,"COAST, SANDRA L ETAL",0.0
20001306001,092b236c-ad26-4b22-b4cc-8e2882e9a299,0,20,CIMARRON WWTP,"MCELREATH, R.T. & SANDRA M TRUST",0.0
20001327001,0c81fc07-be30-4812-8e33-896dffbabe55,0,1,LACROSSE WWTP,RUSH COUNTY HOSPITAL,0.0
20001327001,a64d8da5-cbdc-4a5a-befb-dc53500e65a6,0,2,LACROSSE WWTP,RUSH CO AGR & FAIR ASSN,0.0
20001327001,0af474c8-c7b4-4980-aaa6-2077b968025b,0,3,LACROSSE WWTP,RUSH COUNTY,0.0
20001327001,c828f9f3-b13f-4bac-af3f-d1d7d4234669,0,4,LACROSSE WWTP,RUSH COUNTY,0.0
20001327001,9c2d75e4-ff89-4778-914a-b1a6969ff974,0,5,LACROSSE WWTP,UNIFIED SCHOOL DIST #395,0.0
20001327001,a220da84-d71c-4130-9e19-f0ea5fc87fe8,0,6,LACROSSE WWTP,LACROSSE FURNITURE CO,1.0
20001327001,b62ffb8c-b2dd-46ca-b1af-cb0cafe9fde1,0,7,LACROSSE WWTP,LACROSSE CITY,1.0
20001327001,e6a227f2-8ca5-47a8-a416-3cd6f6c07deb,0,8,LACROSSE WWTP,LACROSSE CITY,1.0
20001327001,ba2a8c36-e9c1-46df-b2b3-4b7317227174,0,9,LACROSSE WWTP,RUSH COUNTY,0.0
20001327001,c6b05911-2cfc-4ba1-a60b-0e054d1b2cbf,0,10,LACROSSE WWTP,RUSH COUNTY CONSERVATION,0.0
20001327001,4d7241b9-994a-4bb6-880d-4c4ffcb20d3a,0,11,LACROSSE WWTP,"BITTEL, DENNIS & CHRISTIE TOD ETAL",0.0
20001327001,f323d685-b17a-426a-8a14-ecb07aaf1510,1,12,LACROSSE WWTP,LACROSSE CITY,1.0
20001327001,d7650db7-52cc-42fa-a741-7f3daf8a8fd5,0,13,LACROSSE WWTP,SEC OF TRANS,0.0
20001327001,24aed873-ea4f-4a01-8680-dbe9e56528a3,0,14,LACROSSE WWTP,MIDLAND MARKETING COOP INC,0.0
20001327001,5bffe2dc-d656-4b4e-b045-d28369a37fce,0,15,LACROSSE WWTP,UNIFIED SCHOOL DIST #395,0.0
20001327001,ae93fd45-79d2-4d27-9697-7ef32e1be8ba,0,16,LACROSSE WWTP,LACROSSE CITY,1.0
20001327001,26945cf9-af80-4fe8-a0c5-7027af376614,0,17,LACROSSE WWTP,LACROSSE COUNTRY CLUB,1.0
20001327001,c8c3c08f-b984-486c-b321-77bec26581f1,0,18,LACROSSE WWTP,LACROSSE CITY,1.0
20001327001,fc82559a-33e0-4752-93c9-d00e72a88635,0,19,LACROSSE WWTP,KANSAS DEPT OF TRANS,0.0
20001327001,ccc4bd48-1543-4b4f-939f-a6990f7f2dc4,0,20,LACROSSE WWTP,FLAME ENGINEERING INC,0.0
20001529001,c89d8777-e511-408e-9010-ac49a6010c05,1,1,HOWARD WWTP,"HOWARD, CITY OF",1.0
20001529001,dfeff5f2-ef08-47fd-a1ee-460708a594ea,0,2,HOWARD WWTP,ELK COUNTY FAIR ASSOC,0.0
20001529001,c869fbd1-4478-4ad1-9f76-a166773227fe,0,3,HOWARD WWTP,"HOWARD, CITY OF",1.0
20001529001,e769d904-ff00-483f-89fc-feb2e6752f1a,0,4,HOWARD WWTP,USD # 282,0.0
20001529001,63700631-0fed-44be-bc38-a11c621902ff,0,5,HOWARD WWTP,"HOWARD, CITY OF",1.0
20001529001,43daa05d-f9a2-4b03-9312-16968dfe54aa,0,6,HOWARD WWTP,"HOWARD, CITY OF",1.0
20001529001,3d08cc69-31d4-41f1-81a3-d1157cd05920,0,7,HOWARD WWTP,"CEMETERY, GRACE LAWN DISTRICT #10",0.0
20001529001,2c39fe66-5734-4b96-98ba-fd540f2bff2a,0,8,HOWARD WWTP,"HOWARD, CITY OF",1.0
20001529001,346aac13-fa72-4421-b7e6-12272c9c1460,0,9,HOWARD WWTP,ELK COUNTY,0.0
20001529001,c3b73b58-7fd3-4604-9dfe-0527ec50ddb8,0,10,HOWARD WWTP,WEST ELK USD #282,0.0
20001529001,4435b5b6-3f87-4ea5-8a68-b5c443d57e10,0,11,HOWARD WWTP,ELK COUNTY,0.0
20001529001,05d321b1-6a8c-451e-93a0-52dce56a1ca7,0,12,HOWARD WWTP,WEST ELK USD #282,0.0
20001529001,80f0f79c-2ea3-42c3-ac56-85ac2cfc1491,0,13,HOWARD WWTP,HOUSING AUTHORITY/HOWARD,1.0
20001529001,2d043a4b-a802-4c22-843f-a7129a5333c7,0,14,HOWARD WWTP,"HOWARD, CITY OF",1.0
20001529001,eef82054-a3e3-40e6-8693-1db9e4d82c7e,0,15,HOWARD WWTP,"MEISCH, ROLAND & RANDY",0.0
20001529001,d2e4e366-12fc-4b42-a045-77c6fb98bb77,0,16,HOWARD WWTP,"HOWARD, CITY OF",1.0
20001529001,1ef357c5-1c39-4a01-9196-babe84c30039,0,17,HOWARD WWTP,"HOWARD, CITY OF",1.0
20001529001,9d4cdf92-1d91-4820-8dec-58ab3377d0c4,0,18,HOWARD WWTP,"MEISCH, ROGER RMEISCH, MONA L",0.0
20001529001,51946846-3992-4d3b-ad9c-c2767d2ec53a,0,19,HOWARD WWTP,"CHURCH, FLINT HILLS ASSEMBLY OF GOD INC",0.0
20001529001,91b06122-109e-4966-8259-207afae971a9,0,20,HOWARD WWTP,"COBLE, TIMOTHY H TR",0.0
20001601001,bf959585-2e0d-4485-bde5-374e2e6d1ad2,1,1,ANDOVER WWTP,"ANDOVER, CITY OF",1.0
20001601001,151d476a-ae20-4a17-97b4-7326039fc9b1,0,2,ANDOVER WWTP,"ANDOVER, CITY OF",1.0
20001601001,2df5f93a-274c-4b4e-9a7f-8d999b99f0a8,0,3,ANDOVER WWTP,WICHITA CITY OF,0.0
20001601001,74f23053-1e2a-4aa9-bef0-7639f686034b,0,4,ANDOVER WWTP,"ANDOVER, CITY OF",1.0
20001601001,65443676-fcad-4635-887b-a67234a06b12,0,5,ANDOVER WWTP,"AUGUSTA, CITY OF",0.0
20001601001,3d9bc53b-ee6f-4d99-84e4-7bb9aecc16a7,0,6,ANDOVER WWTP,"MULL, JENNIFER A; REV TR",0.0
20001601001,61294466-1414-4f11-a498-f27861d2a098,0,7,ANDOVER WWTP,"MULL, JENNIFER A; REV TR",0.0
20001601001,909c7c0c-2ac3-4a7a-8a66-468480d8a2a1,0,8,ANDOVER WWTP,P K D RANCH INC & CONSOLIDATED ACQUISITIONS,0.0
20001601001,9edec874-c6f8-43ee-a56e-0e78c223cf5d,0,9,ANDOVER WWTP,KANSAS GAS & ELECTRIC CO AD VALOREM TAX DEPT,0.0
20001601001,a7512763-4e50-477f-be7d-0b8e1fe87bd0,0,10,ANDOVER WWTP,"MOODY, CAYELA & EVAN",0.0
20001601001,7ea7ca70-f6d1-424d-b540-d115abb6cdfa,0,11,ANDOVER WWTP,YOUNG MENS CHRISTIAN ASSOC OF WICHITA,0.0
20001601001,c884af20-2789-4c81-94ad-6083cd260dcc,0,12,ANDOVER WWTP,"MULL, JENNIFER A; REV TR",0.0
20001601001,5ffb51d0-e967-4656-991c-eeb057c7f7a5,0,13,ANDOVER WWTP,MONTANA HILLS MASTER ASSOC,0.0
20001601001,05a56f35-639b-4d02-9fbf-33682fc40828,0,14,ANDOVER WWTP,"DAVIS, T SCOTT & ROBIN L",0.0
20001601001,19a91fd1-167a-47c1-b45e-e39dfa7c47db,0,15,ANDOVER WWTP,FOUR MILE CREEK LLC,0.0
20001601001,4192cb72-81f1-4f7b-bcc4-97ae2da9daef,0,16,ANDOVER WWTP,"GRENE, MARY L; REV TRUST",0.0
20001601001,63a42294-14d8-4833-ac60-db26420a6db5,0,17,ANDOVER WWTP,"MURPHY, MILDRED LAURA; REV LIV TR",0.0
20001601001,5cf9cffd-72c5-446b-947d-56a0b9f5a13d,0,18,ANDOVER WWTP,"MULL, JENNIFER A; REV TR",0.0
20001601001,3828252b-6020-42b0-8df9-f891f604808a,0,19,ANDOVER WWTP,BOLTON FAMILY TRUST,0.0
20001601001,0261b0be-9c99-4e43-8a11-720e5ac27ac3,0,20,ANDOVER WWTP,"ALLEN, NEAL A & ALLEN, JIMMY B",0.0
20001602001,53477f04-358d-4d5b-b8bf-fd62363c95a6,1,1,ATLANTA WWTP,"ATLANTA, CITY OF",1.0
20001602001,17a0ee48-9ba7-4f3f-b72e-fd6f23b9377c,0,2,ATLANTA WWTP,"ATLANTA, CITY OF",1.0
20001602001,410b7c63-cc58-4c09-801f-d267ce5f4ce7,0,3,ATLANTA WWTP,"ATLANTA, CITY OF",1.0
20001602001,e357383b-9aab-4272-9269-268f93305334,0,4,ATLANTA WWTP,COWLEY COUNTY FIRE DISTRICT #2,0.0
20001602001,c15f72ed-00fd-425c-ab43-ded2028b5942,0,5,ATLANTA WWTP,ATLANTA CEMETERY DIST #7,1.0
20001602001,c0c14066-2a76-4987-bbd8-2ac8950608c0,0,6,ATLANTA WWTP,VALLEY CO-OP INC,0.0
20001602001,e3c5cdcf-5ac4-424b-a03b-4163a1a040cf,0,7,ATLANTA WWTP,"ATLANTA, CITY OF",1.0
20001602001,d567e5ca-b753-4788-b299-3342285b2e27,0,8,ATLANTA WWTP,"CLARK, LAWRENCE EDGAR & CLARK,VICKIE L.",0.0
20001602001,7325309c-fd56-417d-ac0b-7fbe583ee932,0,9,ATLANTA WWTP,"CAMPBELL, HANS & GARRETT,GRETCHEN",0.0
20001602001,b61ac508-48d8-47d6-bb77-4126d3466b8c,0,10,ATLANTA WWTP,D & D AG LLC,0.0
20001602001,ff18acbd-90fd-49ec-8343-975a3bd5a90b,0,11,ATLANTA WWTP,"CLARK, LAWRENCE EDGAR & CLARK,VICKIE L",0.0
20001602001,31fead91-2711-49ec-b09f-de4814d9ba3a,0,12,ATLANTA WWTP,"MCBEE, JOSEPH",0.0
20001602001,0651f787-006c-44c6-8882-878e8b3392c6,0,13,ATLANTA WWTP,"DRUMMOND, LADD",0.0
20001602001,65a59ffa-4fd9-4da6-bd7a-09c8715fe4b7,0,14,ATLANTA WWTP,"DOMBECK, PATRICIA & KIDD,SAMANTHA & CARR,ELIZABETH",0.0
20001602001,320f5f40-121b-4d0c-b95c-ffcad2abc8d5,0,15,ATLANTA WWTP,"BRUCE, CHARLOTTE E",0.0
20001602001,4f667b3c-ccf6-494b-87ae-69e805ffb396,0,16,ATLANTA WWTP,D & D AG LLC,0.0
20001602001,f70a249c-6d63-47c5-97f5-a99176b0343d,0,17,ATLANTA WWTP,"RINK, GLENN E",0.0
20001602001,424903d8-77ca-4b4b-b2c7-d36f6a953e28,0,18,ATLANTA WWTP,"SANFORD, CAROLYN L",0.0
20001602001,822c848e-593e-41f8-99c8-c96b7062e54e,0,19,ATLANTA WWTP,"LANDIS, MARK W LANDIS,MARGO L",0.0
20001602001,6e00918c-9cab-4c8d-b650-dd242a4692af,0,20,ATLANTA WWTP,"GROW, DARREN MATTHEW",0.0
20001604001,30ea778f-61dc-4177-8f92-785f018cc08a,1,1,BENTON WWTP,"BENTON, CITY OF",1.0
20001604001,ad842934-1075-4b0e-b17a-1962f67a1eee,0,2,BENTON WWTP,"BENTON, CITY OF",1.0
20001604001,a23a79ff-02d1-4c9c-ae73-763d7a03d108,0,3,BENTON WWTP,U S D #052 - (#375),0.0
20001604001,48dd78f5-7bad-4e7e-a911-7e7b123fe775,0,4,BENTON WWTP,U S D #375,0.0
20001604001,080f2009-e4bc-4ffd-b0a2-19b4b0367806,0,5,BENTON WWTP,"BENTON, CITY OF",1.0
20001604001,8e9789f6-1476-4b0f-9703-cb7f191b0058,0,6,BENTON WWTP,BUTLER COUNTY KANSAS,0.0
20001604001,fb0fe728-336e-4ce6-8b7b-4932c7c06ced,0,7,BENTON WWTP,BENTON TOWNSHIP,1.0
20001604001,e349dcf7-1b07-48ec-88bd-c3db442e1f4a,0,8,BENTON WWTP,"BENTON, CITY OF",1.0
20001604001,348870d3-c71f-42e7-8499-34bf650cd608,0,9,BENTON WWTP,AH PROPERTY MANAGEMENT LLC,0.0
20001604001,d5d8ba1a-cc94-43b1-bed4-f2b4af60592a,0,10,BENTON WWTP,"BENTON, CITY OF",1.0
20001604001,54ca40be-0ab1-4ba6-9620-f4221d251520,0,11,BENTON WWTP,"WHITSON, TEDDY L & BETTY J",0.0
20001604001,603cd51e-fa65-4d79-9393-a64e89647632,0,12,BENTON WWTP,"BENTON, CITY OF",1.0
20001604001,f75ec4bb-e439-456e-8f7c-e78145778f28,0,13,BENTON WWTP,"HIATT, JEWEL A; TOD",0.0
20001604001,861d30bc-8c3d-4eb6-88c8-fda46cad2f8e,0,14,BENTON WWTP,"DE LA PRESA POTHIER, MARTIN",0.0
20001604001,8b64dc3b-9fbc-4d1f-be60-5f2475e1e789,0,15,BENTON WWTP,"KING, WILLIAM R",0.0
20001604001,fbe5e9b7-d798-4c92-9503-24e191f65015,0,16,BENTON WWTP,"MCCOY, ERIN S; LAND TR",0.0
20001604001,868b2421-0deb-4bca-b918-6e2e2e43d634,0,17,BENTON WWTP,"AFTON, MICHAEL J & KATHY M",0.0
20001604001,6753b6f5-f0eb-43bc-8a7a-711907da3f7a,0,18,BENTON WWTP,"BECKER, CHARLES E & SHARON M; LIV TRUST",0.0
20001604001,db58eb9c-8394-44e3-a117-2213ec460e15,0,19,BENTON WWTP,"PHILLIPS, GARY M",0.0
20001604001,d42c90d2-78b4-437b-868d-b10e01bda903,0,20,BENTON WWTP,"MESHEW, LLOYD E & MARY ANNA; TRUST",0.0
20001607001,03d10b8d-85c6-4541-b851-1acdd17eafd9,0,1,DOUGLASS WWTP,"DOUGLASS, CITY OF",1.0
20001607001,decb1d3c-d6df-4f10-9b5c-d103ca04f4c7,0,2,DOUGLASS WWTP,"DOUGLASS, CITY OF",1.0
20001607001,0dc112f3-b956-42ba-840b-7818245ab334,1,3,DOUGLASS WWTP,"DOUGLASS, CITY OF",1.0
20001607001,2139ebe1-3407-48a5-8d8e-068fd7c44816,0,4,DOUGLASS WWTP,U S D #396,0.0
20001607001,03e96e75-5a16-47b2-940c-14847fcf8e2d,0,5,DOUGLASS WWTP,U S D #396,0.0
20001607001,c05139d7-ea26-416e-a927-b0c04bde899b,0,6,DOUGLASS WWTP,"DOUGLASS, CITY PARK",1.0
20001607001,05b82b48-fabc-403f-a222-b389b94bc053,0,7,DOUGLASS WWTP,"DOUGLASS, CITY OF",1.0
20001607001,89cd75d7-b1c5-488a-b704-bef595e3ae86,0,8,DOUGLASS WWTP,DOUGLASS TOWNSHIP,1.0
20001607001,9a9dacb3-91c0-4b66-9dc4-5048a811d112,0,9,DOUGLASS WWTP,DOUGLASS COMM PARK ASSN,1.0
20001607001,041ee712-84ea-46b3-928c-3069bc839106,0,10,DOUGLASS WWTP,"DOUGLASS, CITY OF",1.0
20001607001,3909401e-7dbd-4e8e-8878-87d1e2ab70df,0,11,DOUGLASS WWTP,U S D #396,0.0
20001607001,c3061fae-7298-4dcb-b211-68088f6cc07d,0,12,DOUGLASS WWTP,MJ VALLEY FARMS LLC,0.0
20001607001,09db6a6f-ffc7-48a8-b1b5-b7d321962159,0,13,DOUGLASS WWTP,EASTSIDE DEV CO INC,0.0
20001607001,3c9d8e84-128b-4001-9d3c-f6fe369234a5,0,14,DOUGLASS WWTP,U S D #396,0.0
20001607001,c8135a29-6b27-4333-8374-9c35f7cb75d8,0,15,DOUGLASS WWTP,PACE LAND LLC,0.0
20001607001,fe292427-f9eb-47f0-a7b9-119dfe1802c8,0,16,DOUGLASS WWTP,RIVER VALLEY STORAGE LLC,0.0
20001607001,174ee0d0-de0d-4fe1-a0eb-3f4f0851c4a1,0,17,DOUGLASS WWTP,RED CARDINAL SUPPLY LLC,0.0
20001607001,dbc3224d-efbd-4b34-b107-f979eea51a79,0,18,DOUGLASS WWTP,GJ WORLDWIDE LLC,0.0
20001607001,07d5c5ec-5fe4-44ed-b75f-6d457dec5916,0,19,DOUGLASS WWTP,BELLA REAL ESTATE HOLDINGS LLC,0.0
20001607001,fd05bcbf-c4b6-46dc-9d6d-b246e7feb1a3,0,20,DOUGLASS WWTP,"COCHRAN, MICHAEL L",0.0
21000083001,6b4b087f-38fc-40b2-bc41-96f6c7447448,1,1,MIDDLESBORO STP,MIDDLESBORO CITY SEWAGE PLANT,1.0
21000083001,14209ada-e828-45b5-b9f7-56e3b0ef7724,0,2,MIDDLESBORO STP,MIDDLESBORO CITY HALL,1.0
21000083001,f87a3764-869f-4090-a6ac-3d5a938f172c,0,3,MIDDLESBORO STP,MIDDLESBORO INDEPENDENT SCHOOL DISTRICT FINANCE CORPORATION,1.0
21000083001,19ee76c2-550b-465a-96d6-048aa09675e0,0,4,MIDDLESBORO STP,,
21000083001,0e9047e1-cd96-4c17-96c1-6c08c558f19d,0,5,MIDDLESBORO STP,MIDDLESBORO COCA COLA BOTTLING,1.0
21000083001,440e96e6-4d0f-4a18-9d43-0e9dde454640,0,6,MIDDLESBORO STP,CITY OF MIDDLESBORO,1.0
21000083001,fafcdc87-55a3-4678-ba99-5524214cca1c,0,7,MIDDLESBORO STP,VILLAGE SQUARE SHOPPING CENTER,0.0
21000083001,e84e1fb7-445b-41dc-b6a0-4cf3764ff184,0,8,MIDDLESBORO STP,CITY OF MIDDLESBORO,1.0
21000083001,d374a5c1-acc3-4a1c-9e5d-983901fd54dd,0,9,MIDDLESBORO STP,MIDDLESBORO CITY PARKING LOT,1.0
21000083001,f236b4bd-cc81-45c3-a1d8-121f2b499ff6,0,10,MIDDLESBORO STP,MIDDLESBORO URBAN RENEWAL,1.0
21000083001,77bbf06f-fa14-4e87-9a13-8b5b945bf442,0,11,MIDDLESBORO STP,BELL CONCRETE CO,0.0
21000083001,26f87c2f-5862-41e9-bc45-3ed194274c18,0,12,MIDDLESBORO STP,ESTATE OF CURTIS BUDDY YEARY,0.0
21000083001,2561497b-4dfc-4d8f-88c3-a494918ba0e0,0,13,MIDDLESBORO STP,MARS PROPERTIES INC SHOFFNER MANAGEMENT LLC 50 %,0.0
21000083001,27225b8b-7a65-4d20-aeb1-d19ac7aa854b,0,14,MIDDLESBORO STP,VFW POST DISTRICT 14,0.0
21000083001,50198083-549b-4f5b-858d-90e8182e3879,0,15,MIDDLESBORO STP,BELL COUNTY INDUSTRIAL FOUNDATION,0.0
21000083001,df4ec51b-49f0-4783-9c94-58cf4c3ab29b,0,16,MIDDLESBORO STP,BINGHAMTOWN BAPTIST CHURCH,0.0
21000083001,5736b72d-d75e-4d64-825f-502e235a0ffe,0,17,MIDDLESBORO STP,SHOFFNER MARS LLC,0.0
21000083001,b1b12bcb-1ab1-4e95-9e76-a57e4191be42,0,18,MIDDLESBORO STP,C M H OF KY INC ATTN: RETAIL PROPERTY DEPT #049,0.0
21000083001,0fd4d959-b127-4105-80e1-00192a9f7848,0,19,MIDDLESBORO STP,TIMBERTOP PROPERTIES LLC,0.0
21000083001,21a2e6c1-ba64-4a42-acd5-d9ec2c218594,0,20,MIDDLESBORO STP,MIDDLESBORO FEDERAL HOUSING HINKS HTS,1.0
21000086001,d21ff231-1123-493e-a657-e2290c146b64,1,1,FRANKFORT STP & CS,CITY OF FRANKFORT,0.699126524606691
21000086001,dafc3926-a08c-4ff4-a19d-15f4e9ca29c1,0,2,FRANKFORT STP & CS,CITY OF FRANKFORT,0.699126524606691
21000086001,f3015837-620a-4953-830a-bd1fb85e69c3,0,3,FRANKFORT STP & CS,COMMONWEALTH OF KENTUCKY,0.0
21000086001,cc411dfc-28a3-4ae8-ac77-98f557ddea6c,0,4,FRANKFORT STP & CS,COMMONWEALTH OF KENTUCKY,0.0
21000086001,26b22971-3c10-493e-a15a-8201a7e5505d,0,5,FRANKFORT STP & CS,CITY OF FRANKFORT,0.699126524606691
21000086001,50ad8074-19ff-4522-95e3-f29fdd37f83c,0,6,FRANKFORT STP & CS,CITY OF FRANKFORT,0.699126524606691
21000086001,a363f92f-864d-4790-ab65-b37f0f41717e,0,7,FRANKFORT STP & CS,FRANKFORT CEMETARY INC,0.699126524606691
21000086001,0c16de92-9e74-4588-8372-dbb48a569d9a,0,8,FRANKFORT STP & CS,CITY OF FRANKFORT,0.699126524606691
21000086001,de7ed3c4-ea02-4859-9d64-acbf6168a58e,0,9,FRANKFORT STP & CS,CITY OF FRANKFORT,0.699126524606691
21000086001,fcc0f9b2-0194-45d8-b4eb-3ea980fefe61,0,10,FRANKFORT STP & CS,KENTUCKY STATE UNIVERSITY,0.0
21000086001,e1f528be-5ff5-4fd5-acfa-3826d938d8e9,0,11,FRANKFORT STP & CS,COMMONWEALTH OF KENTUCKY,0.0
21000086001,bf7bb80e-661f-45cb-b63a-10df37600d9a,0,12,FRANKFORT STP & CS,KENTUCKY STATE UNIVERSITY,0.0
21000086001,57914087-a00d-4151-a630-df239511f8bf,0,13,FRANKFORT STP & CS,CITY OF FRANKFORT,0.699126524606691
21000086001,593b8ba4-2513-4c83-af4d-d72c4886b206,0,14,FRANKFORT STP & CS,FRANKFORT INDEPENDENT SCHOOL DIST,0.699126524606691
21000086001,ac9075ed-7e6d-43bf-adc3-752ff1d61d5b,0,15,FRANKFORT STP & CS,FRANKFORT ELECTRIC & WATER,0.699126524606691
21000086001,7745a7d0-8b20-4c62-a92a-fb3c917a9189,0,16,FRANKFORT STP & CS,COMMONWEALTH OF KENTUCKY,0.0
21000086001,13564e6a-908c-4714-b401-75782c575616,0,17,FRANKFORT STP & CS,COMMONWEALTH OF KENTUCKY,0.0
21000086001,034cbcd4-3f0b-435e-b149-db2ca01fb0f9,0,18,FRANKFORT STP & CS,FRANKFORT ELECTRIC & WATER,0.699126524606691
21000086001,855b54f0-b8f3-48b4-9011-22c7c20e2158,0,19,FRANKFORT STP & CS,FRANKFORT ELECTRIC & WATER,0.699126524606691
21000086001,191df493-c09b-4c50-906e-62cd4ee4d913,0,20,FRANKFORT STP & CS,COMMONWEALTH OF KENTUCKY,0.0
21000121001,ff076081-6d24-48c4-8de7-ce3666579718,0,1,GREENVILLE STP,CITY GREENVILLE,1.0
21000121001,ab6e4ae7-f41b-4828-ada8-01a27f2425d7,0,2,GREENVILLE STP,GREENVILLE HOUSING AUTHORITY,1.0
21000121001,088d5622-3595-4b00-a355-0811c2b58e57,0,3,GREENVILLE STP,MUHLENBERG COMMUNITY HOSPITAL,0.0
21000121001,b3872c2a-b7f5-46dc-9ad7-83e448cbc0bc,0,4,GREENVILLE STP,WILLIAM FRANKLIN WALKER,0.0
21000121001,abdb086b-5f40-4221-bbef-712c6e5d524b,0,5,GREENVILLE STP,PLEASANT AND SONS COMMUNICATIONS LL,0.0
21000121001,6e4e8966-eb9a-42e9-bd29-1e03437df97a,0,6,GREENVILLE STP,CITY GREENVILLE,1.0
21000121001,05e6d969-6b86-4c88-a098-62a9efd79277,0,7,GREENVILLE STP,,
21000121001,f5b64d16-2856-42fb-97d6-15e63661142d,0,8,GREENVILLE STP,GREENVILLE BALLPARK,1.0
21000121001,06b55b41-d5e7-4aa9-867b-17b319142ca8,0,9,GREENVILLE STP,DONALD LEON MORRIS,0.0
21000121001,d7f0ebd4-f975-44bb-8d9e-d3217202df9e,0,10,GREENVILLE STP,NATHANIEL GADSON,0.0
21000121001,56ae3aff-de3b-4c34-8eda-6f477789386c,0,11,GREENVILLE STP,SAMMY T HARKINS,0.0
21000121001,6b44223e-6d92-42e6-a52a-8d84f5ba0a5a,0,12,GREENVILLE STP,JOSEPHINE SULLIVAN,0.0
21000121001,335040da-e692-4806-8357-5c55592c421a,0,13,GREENVILLE STP,WALLACE B SLINKER JR,0.0
21000121001,8d06c426-0aa3-4d81-9c66-a28707ae4d92,0,14,GREENVILLE STP,KACIE LEIGH STOVALL,0.0
21000121001,9c6986d7-7cba-4d02-a711-ab54739768ae,0,15,GREENVILLE STP,TERRY K VINCENT,0.0
21000121001,5412c204-7ef4-41fc-91d2-875f1b283b8e,0,16,GREENVILLE STP,RONNIE ADLER JR,0.0
21000121001,15c1e5b1-a836-4ab2-859a-5e204407f535,1,17,GREENVILLE STP,KENTUCKY MUNICIPAL FINANCE CO,0.0
21000121001,70152a99-028e-480b-983a-07a7c719c728,0,18,GREENVILLE STP,VICTORY BAPTIST CHURCH,0.0
21000121001,9006f157-979c-46fa-864b-4f7841ee2a32,0,19,GREENVILLE STP,MUHLENBERG COMMUNITY HOSPITAL,0.0
21000121001,ac9bc90e-a61f-4e05-bbde-e79bae5b2c2d,0,20,GREENVILLE STP,SHARON GAIL MCKINNEY,0.0
21000172001,b28239ed-95fd-4ad7-b64e-464fb91aaa19,1,1,BOONEVILLE,CITY OF BOONEVILLE WATER TREATMENT PLANT,1.0
21000172001,f04715c7-04c9-4e7b-a857-58f10dad6d50,0,2,BOONEVILLE,OWSLEY CO BOARD OF EDUCATION,0.0
21000172001,436c9b92-9f4b-4f9d-ad7b-f90785be7658,0,3,BOONEVILLE,OWSLEY CO BOARD OF EDUCATION,0.0
21000172001,79633613-eabb-480e-b029-db4b27f498e4,0,4,BOONEVILLE,CITY OF BOONEVILLE,1.0
21000172001,f7f59c59-e8cc-4d5e-9857-759bbd08d605,0,5,BOONEVILLE,OWSLEY COUNTY SCHOOL DISTRICT FINANCE CORPORATION,0.0
21000172001,7fd4ee0e-c90f-4149-a82b-9637cab86957,0,6,BOONEVILLE,OWSLEY COUNTY HOUSING ASSOC,0.0
21000172001,f63aef31-2b98-46df-9fa8-7814687adda7,0,7,BOONEVILLE,BOWMAN TINSLEY ESTATE CO ELLA ADDISON,0.0
21000172001,8daee87a-bc7f-46d2-b721-ce60eaf11faa,0,8,BOONEVILLE,MILLION DONNIE JOE & DENISE CO JACKSON COUNTY BANK,0.0
21000172001,ed935f9a-d3e3-48d0-aadd-2d8750e0570e,0,9,BOONEVILLE,OWSLEY COUNTY HOUSING ASSOC,0.0
21000172001,257112b8-6e9a-4e7d-971d-0160deb0ab32,0,10,BOONEVILLE,OWSLEY CO ACTION TEAM INC,0.0
21000172001,1e49e195-b50f-45c6-9acc-d1651fb3d199,0,11,BOONEVILLE,CITY OF BOONEVILLE WATER TREATMENT PLANT,1.0
21000172001,12701fc5-d9f7-41ec-a334-503423c0d196,0,12,BOONEVILLE,OWSLEY COUNTY FISCAL COURT,0.0
21000172001,dd0c2a8d-e9de-4588-ad3f-4b1d1f5cf6c1,0,13,BOONEVILLE,MURRELL AVA SUE,0.0
21000172001,26b79a7b-8eed-4389-9e09-7c89b5798f1f,0,14,BOONEVILLE,CITY OF BOONEVILLE,1.0
21000172001,b83d07eb-2437-45e1-b1b3-b6355f3f7cdf,0,15,BOONEVILLE,SEBASTIAN TRACY C/O FARMERS STATE BANK,0.0
21000172001,31e86b7a-6d78-4f4a-b0ea-2d77f8888b29,0,16,BOONEVILLE,OWSLEY COUNTY SADDLE CLUB CO KIM CALLAHAN,0.0
21000172001,22e38774-2b6f-47b5-a992-3ea1287660b2,0,17,BOONEVILLE,PARTNERSHIP HOUSING,0.0
21000172001,e04acb2a-2fc9-46c7-96cf-b4e289cc6f13,0,18,BOONEVILLE,COOMER LARRY,0.0
21000172001,138f6715-5b54-40fa-8699-742766fb7ba8,0,19,BOONEVILLE,BOONEVILLE UNITED METHODIST CH,1.0
21000172001,ab171de1-a093-44d8-a0dd-bc84bb22d6be,0,20,BOONEVILLE,CHURCH OF THE PRESBYTERY EBENEZER USA,0.0
21000188001,d9ccb527-43e3-4010-ab3f-24d860332c1d,1,1,CANEYVILLE STP,CITY CANEYVILLE,1.0
21000188001,5ae46af6-0d5c-459e-8dca-995518dde2b3,0,2,CANEYVILLE STP,CITY CANEYVILLE,1.0
21000188001,20fabdba-b576-4c5c-8d77-f001eb62c4e5,0,3,CANEYVILLE STP,CITY CANEYVILLE,1.0
21000188001,c416ee01-a7ab-4645-b9d5-13e1bf23d385,0,4,CANEYVILLE STP,CITY CANEYVILLE,1.0
21000188001,ef0b7055-964a-4840-9b66-45c5b894fd5e,0,5,CANEYVILLE STP,,
21000188001,e7703236-59f0-4d95-ac2e-9d88723067fd,0,6,CANEYVILLE STP,,
21000188001,38d64bd9-082c-4586-ab7a-e18093a7acf7,0,7,CANEYVILLE STP,OVAL HIGGS JR,0.0
21000188001,2c028700-ed79-444d-aefe-0efb7911c05f,0,8,CANEYVILLE STP,MILLER R DEAN,0.0
21000188001,4dd80c96-5437-4577-8b0f-cb1dac00fd5c,0,9,CANEYVILLE STP,KENNETH H GOFF,0.0
21000188001,0958f7ef-bee5-439d-988e-f8330bce351e,0,10,CANEYVILLE STP,DON WAYNE RICHARDS,0.0
21000188001,f2885801-1b09-4407-a9ed-37735c0f582b,0,11,CANEYVILLE STP,JOSEPH M LIKINS,0.0
21000188001,127c53f8-4c78-41b7-b5dd-fe7474434122,0,12,CANEYVILLE STP,JOSEPH M LIKINS,0.0
21000188001,ebd86383-b4c7-4621-a9aa-2546f2f074a7,0,13,CANEYVILLE STP,GREEN RONALD W,0.0
21000188001,22d732c7-98f6-4b11-85be-34c710896174,0,14,CANEYVILLE STP,PAUL BRYANT,0.0
21000188001,113860db-1032-470f-8276-9c03070000b2,0,15,CANEYVILLE STP,JOSEPH M LIKINS,0.0
21000188001,c931ff86-84ea-4419-880d-adeb726bf022,0,16,CANEYVILLE STP,RANDY CARTER,0.0
21000188001,569aa90d-9381-4f24-9db7-81a167e9013a,0,17,CANEYVILLE STP,MICHAEL KEITH GARRETT,0.0
21000188001,4be979a3-03c6-439d-bdae-b896b41ac8e9,0,18,CANEYVILLE STP,STEVE JONES,0.0
21000188001,689c3749-bbac-4c9d-861e-3331510eb9fd,0,19,CANEYVILLE STP,THOMAS WOOD PROPERTIES LLC,0.0
21000188001,1f58e136-a961-4c6c-b253-62a8b2257177,0,20,CANEYVILLE STP,JOSEPH MICHAEL LIKINS,0.0
21000226001,52ed5e00-2b97-46c1-a27d-e40e2b584a32,0,1,FLEMINGSBURG STP,CITY FLEMINGSBURG,1.0
21000226001,c4fdfa2b-4b3a-4b34-bef4-54506d8cf0f6,0,2,FLEMINGSBURG STP,COMMONWEALTH KENTUCKY DISTRICT FICE,0.0
21000226001,b60f6724-2e18-4800-bfbc-05a26e77b6c0,0,3,FLEMINGSBURG STP,FLEMING CO CEMETERY COMPANY,0.0
21000226001,20afabd3-ce6d-47f3-85a9-cd4ef8dee1b7,0,4,FLEMINGSBURG STP,,
21000226001,8ad10bc3-4759-4e67-a2f4-a506c0afdc73,0,5,FLEMINGSBURG STP,"THE CITY OF FLEMINGSBURG, KY",1.0
21000226001,b6653e34-1a22-4e3d-bbbc-ae4ea2d9a18f,0,6,FLEMINGSBURG STP,,
21000226001,2c2354ba-1024-4c1f-9892-18f7c94ed810,0,7,FLEMINGSBURG STP,FLEMING CO BOARD EDUCATION,0.0
21000226001,1c6b23eb-e30e-46a4-9591-35a7b91116c6,0,8,FLEMINGSBURG STP,FLEMING CO BOARD EDUCATION,0.0
21000226001,059d1d6d-3792-49ae-acde-6dfda33519f0,0,9,FLEMINGSBURG STP,CITY FLEMINGSBURG,1.0
21000226001,1e8e0651-aeef-4e42-b593-ed4834e38d9a,0,10,FLEMINGSBURG STP,"THE CITY OF FLEMINGSBURG, KY",1.0
21000226001,af2d952d-80f7-4828-858f-2603fb132d02,0,11,FLEMINGSBURG STP,FLEMING COUNTY PUBLIC LIBRARY DISTR,0.0
21000226001,dd624a46-e9b6-4e9e-9f5f-44386dbc0ce3,0,12,FLEMINGSBURG STP,CITY FLEMINGSBURG,1.0
21000226001,290c88a7-b4e8-4929-98c3-66aa1504abf6,1,13,FLEMINGSBURG STP,CITY FLEMINGSBURG,1.0
21000226001,ad39ddb5-29c1-4cd1-95ae-a4b61b898165,0,14,FLEMINGSBURG STP,FLEMING CO FISCAL COURT INDUSTRIAL PARK,0.0
21000226001,6600b841-5be1-44fd-b073-31bb6deffbec,0,15,FLEMINGSBURG STP,CITY FLEMINGSBURG,1.0
21000226001,667a3a42-4933-4d0b-8b17-2a0f0e7f21fb,0,16,FLEMINGSBURG STP,FLEMINGSBURG MUNICIPAL HOUSING,1.0
21000226001,b542905f-ed7c-4f5c-b937-141a131f5a45,0,17,FLEMINGSBURG STP,FLEMING CO WATER ASSOCIATION,0.0
21000226001,814e21d5-e392-4d55-85f4-57f6fc40121a,0,18,FLEMINGSBURG STP,FLEMING CO BOARD EDUCATION FLEMING CO SCHOOL DISTR,0.0
21000226001,c5e9cd22-f1e9-4745-9c5a-d18355f178e1,0,19,FLEMINGSBURG STP,RAY EST FLEMINGSBURG LLC,1.0
21000226001,19ee9655-4471-4a03-8610-04984f98cf7e,0,20,FLEMINGSBURG STP,KEVIN LITZLER,0.0
21000245001,b5da469e-b3aa-4368-a1d4-4a63c47ef0ff,0,1,HARLAN  STP,HARLAN COUNTY,1.0
21000245001,cf489205-fc36-485f-8d84-075b6d9fd45b,1,2,HARLAN  STP,CITY LOYALL,0.0
21000245001,a97504c5-4d33-4bac-b924-8ceb08d7f233,0,3,HARLAN  STP,HARLAN COUNTY,1.0
21000245001,21bf4903-5384-4bbc-939a-5c5338b16c41,0,4,HARLAN  STP,RESTHAVEN,0.0
21000245001,b590806b-c431-430b-acb2-74ade4b95625,0,5,HARLAN  STP,HARLAN COUNTY,1.0
21000245001,1b4de28c-6208-4350-bd2d-f7a951f636bd,0,6,HARLAN  STP,,
21000245001,bb02b3a4-2fb2-45a6-99c1-8ccd268a91ec,0,7,HARLAN  STP,HARLAN COUNTY,1.0
21000245001,e008d737-c9f5-4ab3-8740-30c7321128a9,0,8,HARLAN  STP,HARLAN COUNTY,1.0
21000245001,a2bbcca3-e046-4813-8b82-9f3e46a45d9b,0,9,HARLAN  STP,BLANTON JESS ALICE GILLIS HOWARD JR,0.0
21000245001,79faa9fb-4899-4108-b85e-39cd593e7c72,0,10,HARLAN  STP,CITY LOYALL,0.0
21000245001,9217025f-e818-408e-aac9-05b5e02a475f,0,11,HARLAN  STP,MAGNANI STEVEN & ROBIN LIVING TRUST,0.0
21000245001,1849f325-0571-4285-8149-dcc128e4088a,0,12,HARLAN  STP,,
21000245001,d3fed4af-6241-478e-a715-9492cedc6900,0,13,HARLAN  STP,STACY LEE ELIZABETH SMITH,0.0
21000245001,1c5c29d8-14ea-4eed-8bc2-ffea922fb027,0,14,HARLAN  STP,COMMONWEALTH KENTUCKY,0.0
21000245001,d7351250-b17b-4064-8570-8812e2d11830,0,15,HARLAN  STP,,
21000245001,e38c8d77-e869-4c21-8def-0861c135f714,0,16,HARLAN  STP,SIDNEY B DOUGLASS II,0.0
21000245001,1dbb63e2-7259-4b99-bbfd-2d8dc53cf72b,0,17,HARLAN  STP,HARLAN COUNTY,1.0
21000245001,1e65cecf-b7b7-4301-93c4-27b9c93902de,0,18,HARLAN  STP,HARLAN COUNTY CHAMBER,1.0
21000245001,34f75a32-00d4-4b2a-a139-56e557285275,0,19,HARLAN  STP,HARLAN COUNTY,1.0
21000245001,c3ea508b-9f2b-4649-b306-fe6c938c610a,0,20,HARLAN  STP,,
21000249001,ce3d9c79-f6f8-4ee4-a871-94c4a11fe222,1,1,HICKMAN EAST,,
21000249001,07b0a4ed-7e29-44ea-bba6-d281e4b4852c,0,2,HICKMAN EAST,BLACK JAMES D & LILLIE M BLACK EST,0.0
21000249001,3f858b17-f641-4040-88b1-45deab64d796,0,3,HICKMAN EAST,LYNN GRISSOM,0.0
21000249001,a87e9445-5e4e-4f03-b639-41125b4a7f7b,0,4,HICKMAN EAST,,
21000249001,5209f555-bbd4-4937-8dff-c16a828e4419,0,5,HICKMAN EAST,,
21000249001,1c046e4a-9299-4a7f-9483-8c4655ae7e7f,0,6,HICKMAN EAST,,
21000249001,61593c9c-a62b-4970-b78a-125bde714287,0,7,HICKMAN EAST,,
21000249001,afa6c968-32a4-41d1-be95-bc04159cf258,0,8,HICKMAN EAST,RUSSELL W HICKMAN,1.0
21000249001,a84a0169-08a4-44b8-999d-0ba935bf1e77,0,9,HICKMAN EAST,WILLIAMS GARLAND,0.0
21000249001,d3b5235c-a52c-498c-bc09-730138b7a071,0,10,HICKMAN EAST,GREG BLACK,0.0
21000249001,3213de0d-8e61-48d4-9032-6d32033deafb,0,11,HICKMAN EAST,WILLIAM CURLIN,0.0
21000249001,b31ef04c-3b38-4a66-8aa1-bb174744e366,0,12,HICKMAN EAST,MICHAEL MADISON & RICHARD LYNN & MAJ WILLIAMS,0.0
21000249001,d22cd032-5187-4f5e-aba2-2b7057b211d2,0,13,HICKMAN EAST,DANIEL S CHOATE,0.0
21000249001,56fe19a0-2037-4c42-a731-67bad7a98d45,0,14,HICKMAN EAST,RICHARD LYNN MAJOR,0.0
21000249001,13bfeec5-f6ed-4766-8315-2d2df04b731e,0,15,HICKMAN EAST,WILLET JUDY COLE,0.0
21000249001,210531da-1f4b-42df-aeda-aa4978466fe6,0,16,HICKMAN EAST,,
21000249001,13a5d470-5236-413b-aa7d-8fe7646ec158,0,17,HICKMAN EAST,,
21000249001,5a4bc87e-be38-49f6-952b-d4d1e8cbf8a4,0,18,HICKMAN EAST,THOMAS GLENN JONES,0.0
21000249001,739ebc21-9525-43fa-93d9-e5f6e3ccc076,0,19,HICKMAN EAST,,
21000249001,0217c53f-7a41-4fc2-af3b-fb1cf3dc9ea9,0,20,HICKMAN EAST,BLACK JAMES D & LILLIE M BLACK EST,0.0
21000269001,d249b412-3e6b-4df4-8070-2166bf1fa3dd,0,1,LANCASTER STP,,
21000269001,13f5bd62-f703-4448-b3d1-7a87ff4b5b37,0,2,LANCASTER STP,,
21000269001,b44998bb-a3c9-4732-9531-930eebc2d601,0,3,LANCASTER STP,,
21000269001,72caf597-4b9b-46ed-8354-60c13c8274ba,0,4,LANCASTER STP,,
21000269001,8db1e246-a3d4-44ef-af86-2027900522e3,0,5,LANCASTER STP,,
21000269001,360fa546-488c-4171-b30f-8904b8149ae9,0,6,LANCASTER STP,,
21000269001,301cd98e-cd42-4481-a851-293d96557a9b,0,7,LANCASTER STP,,
21000269001,5f0bbf3a-9e8f-4c24-b0b0-9448ccb46885,0,8,LANCASTER STP,,
21000269001,34458edd-7f61-4eea-b89a-6dfa76f6d6fb,0,9,LANCASTER STP,,
21000269001,164bb9b7-652e-4fd8-bf83-41ad412ca5d4,0,10,LANCASTER STP,,
21000269001,6e4f8c15-f6a0-4ace-876d-919e3df9b414,0,11,LANCASTER STP,,
21000269001,3ff09594-1d3a-46f5-97cc-b10fb5d6045a,0,12,LANCASTER STP,,
21000269001,0fe18e76-7536-4f7d-b1f0-594cb83fc3df,1,13,LANCASTER STP,,
21000269001,0ab658f1-51e3-46f1-91d3-073bf73d2c86,0,14,LANCASTER STP,,
21000269001,f58fd43d-8513-4b6c-af9f-3402d4273079,0,15,LANCASTER STP,,
21000269001,a3cc488a-2a24-4d1d-a8ed-114bba630e02,0,16,LANCASTER STP,,
21000269001,15497c04-da93-4b20-9e6b-99aca041fe5f,0,17,LANCASTER STP,,
21000269001,8967ee6d-e6f0-4db6-aabd-211b8d50f98b,0,18,LANCASTER STP,,
21000269001,3fc5a0f2-54c4-4871-9e03-2e32c1f6b098,0,19,LANCASTER STP,,
21000269001,b15f574e-35ae-40dc-9982-869a62a83f92,0,20,LANCASTER STP,,
21000287001,0ad8209c-d8ef-46cf-ab1d-0bd7b965542f,0,1,MARION STP,MARION CITY,1.0
21000287001,10387d31-9d7b-408d-98c6-b8e6e889072d,0,2,MARION STP,CITY OF MARION,1.0
21000287001,d0c04c09-cc33-4548-ba7f-3f1c54676999,0,3,MARION STP,CRITTENDEN CO BOARD EDUCATION,0.0
21000287001,9df01d5a-f865-48ea-97a4-078f0b36e22c,0,4,MARION STP,,
21000287001,54934124-abec-4195-adeb-45ad4bb9d6f0,1,5,MARION STP,MARION CITY,1.0
21000287001,ade9d38b-9e45-4f07-9a34-5a6a43619ed1,0,6,MARION STP,CITY MARION,1.0
21000287001,3c630965-606f-4eaa-8927-dbaf5de755f5,0,7,MARION STP,RALPH GANESHAN,0.0
21000287001,66aab42b-08e9-4bf8-b9cb-b35d833b5888,0,8,MARION STP,MARION CITY,1.0
21000287001,f160a2cc-6cca-49fc-9b58-bed9b18d219e,0,9,MARION STP,CRITTENDEN COUNTY KENTUCKY,0.0
21000287001,b7452bc3-8c01-451e-94e6-a9813d0fcdc4,0,10,MARION STP,MARION CITY,1.0
21000287001,d5f2b844-c73c-4a17-9100-08eabc6f8245,0,11,MARION STP,KING HERITAGE INC,0.0
21000287001,40965f93-a57d-48ae-a776-bd8fc3773cd7,0,12,MARION STP,CRITTENDEN COUNTY BOARD OF EDUCATIO,0.0
21000287001,b6930948-5662-4dcd-923e-3d68ee2c1cde,0,13,MARION STP,VICTORIA L HATFIELD,0.0
21000287001,c0f63dfd-29f7-4ae5-a3e2-59d940b60b17,0,14,MARION STP,MEUTH CONSTRUCTION SUPPLY INC,0.0
21000287001,8ad92df5-188a-4c8f-b911-5e1ae1ad57b7,0,15,MARION STP,MARVIN SMOCK,0.0
21000287001,69d0dfbb-2b62-4b67-851c-df5fc6998e1a,0,16,MARION STP,CITY MARION,1.0
21000287001,6d4baec7-fb1e-40dc-b5bf-3c87d35e1fa0,0,17,MARION STP,CRITTENDEN COUNTY LIONS CLUB,0.0
21000287001,0b4cbc48-f37a-4e20-987d-99a265d15e42,0,18,MARION STP,HEATHER D BOWLES,0.0
21000287001,172e81fc-3f28-4f8d-92db-5ade26ba16e3,0,19,MARION STP,MARION CITY,1.0
21000287001,39c37a91-a09b-474e-9bab-45407a81564a,0,20,MARION STP,MARION SECOND BAPTIST CHURCH,1.0
21000290001,111ce643-b3d6-4b8a-b680-afbe063eb550,0,1,MIDWAY,MIDWAY CITY OF,1.0
21000290001,c9f87168-09ba-4b01-835d-712540852f45,0,2,MIDWAY,O'NAN WILLIAM R,0.0
21000290001,dcf9c0b2-68d7-4af7-a0a4-ed1f75af1094,0,3,MIDWAY,"WOODFORD COUNTY, KENTUCKY",0.0
21000290001,6ff55b75-b2da-4f64-a042-24944c16ab29,1,4,MIDWAY,MIDWAY CITY OF,1.0
21000290001,f349763b-d60e-4722-817f-ee3c2488f157,0,5,MIDWAY,"CITY OF MIDWAY, KENTUCKY",1.0
21000290001,e7afdb87-8058-4592-ba90-54d0148111cb,0,6,MIDWAY,CITY OF MIDWAY KENTUCKY,1.0
21000290001,54743ef8-924b-4666-bc8f-064cd7c6b683,0,7,MIDWAY,MIDWAY CITY OF,1.0
21000290001,78f689cd-9541-49da-b894-0d8a38db2fc2,0,8,MIDWAY,WOODFORD COUNTY BOARD OF EDUCATION,0.0
21000290001,cb4f54b6-71cb-4fe5-8b8e-c298ec178046,0,9,MIDWAY,CITY OF MIDWAY,1.0
21000290001,8264ef57-5ce6-41e2-8089-685a6eba66cb,0,10,MIDWAY,LEATHERSTOCKING LLC,0.0
21000290001,83181041-b8fc-4828-8374-f3549b55aec6,0,11,MIDWAY,MIDWAY COLLEGE INC,1.0
21000290001,3d2e56f3-267c-408c-92a7-eb364b4a036d,0,12,MIDWAY,CITY OF MIDWAY KENTUCKY,1.0
21000290001,071a9f6f-ea74-4a02-bda8-6a6f002012ab,0,13,MIDWAY,CITY OF MIDWAY KENTUCKY,1.0
21000290001,fe36a7a0-d38d-4343-84ca-128e0bf4acd4,0,14,MIDWAY,BUENA MADERA THOROUGHBREDS LLC,0.0
21000290001,c4be184d-0868-4551-8a5f-ed5463d95316,0,15,MIDWAY,ROACH JAMES P & MARILYN G,0.0
21000290001,cad30e33-2c85-47f1-8bbb-156f86404fc6,0,16,MIDWAY,WOODFORD COUNTY FIRE PROTECTION DIST,0.0
21000290001,9b6315b5-8b30-4845-a933-444473910005,0,17,MIDWAY,PHILLIPS DAVID THOMAS,0.0
21000290001,0cb40d6a-33bf-4f0b-8f06-d242e0440172,0,18,MIDWAY,PHILLIPS DAVID THOMAS,0.0
21000290001,7e0b75e2-acbe-4f6f-ac63-9a52d3fef8e4,0,19,MIDWAY,PHILLIPS DAVID THOMAS,0.0
21000290001,18e80e3c-802d-41d6-829c-fb112dfa225d,0,20,MIDWAY,PHILLIPS JR DAVID T,0.0
21000321001,194c75e1-81fa-4a88-b359-1fc2c7db6de3,0,1,Hardin Co Water District 1-Radcliff,RADCLIFF CITY,0.5522681853849611
21000321001,06f3344a-76eb-4066-9679-7e6163403616,0,2,Hardin Co Water District 1-Radcliff,RADCLIFF CITY,0.5522681853849611
21000321001,1e4c7646-dc3d-4f25-9003-bf7cde5aa9d6,0,3,Hardin Co Water District 1-Radcliff,CITY RADCLIFF,0.5522681853849611
21000321001,b0bc4894-d16b-4786-8011-166d206c3fa6,1,4,Hardin Co Water District 1-Radcliff,RADCLIFF CITY,0.5522681853849611
21000321001,a091b846-8314-4306-ac4e-bd9cbbced12f,0,5,Hardin Co Water District 1-Radcliff,RADCLIFF CITY,0.5522681853849611
21000321001,5536e9c3-8f48-4023-aafc-7f151020f87d,0,6,Hardin Co Water District 1-Radcliff,WALMART REAL EST TRUST,0.0
21000321001,f046c45d-ea16-4386-b571-d564b05ce7c9,0,7,Hardin Co Water District 1-Radcliff,CITY RADCLIFF,0.5522681853849611
21000321001,b13ccc2c-f094-4037-b692-e6192961b32b,0,8,Hardin Co Water District 1-Radcliff,MULDRAUGH REALTY,0.0
21000321001,9bcc63fe-586c-4203-89dc-1bc39ee1d9df,0,9,Hardin Co Water District 1-Radcliff,AREC 42 LLC,0.0
21000321001,89fc92a9-474b-4d17-9ae7-67fdf312fd7e,0,10,Hardin Co Water District 1-Radcliff,TEACHERS RETIREMENT SYSTEM KY,0.0
21000321001,805dee9f-fac8-4b74-b8ef-0195bdd19b35,0,11,Hardin Co Water District 1-Radcliff,A AND A CAPITAL INVESTMENTS LLC,0.0
21000321001,23f3474a-78a1-4466-b42b-3c191c0fe6a6,0,12,Hardin Co Water District 1-Radcliff,RADCLIFF SQUARE PROPERTY II LLC,0.5522681853849611
21000321001,4cf0b16e-8e72-406a-bfb6-cea1a3f50111,0,13,Hardin Co Water District 1-Radcliff,HARDIN COUNTY WATER DISTRICT NO 1,0.4477318146150388
21000321001,17e572b2-22c9-4b3a-a2c4-0460a83f214a,0,14,Hardin Co Water District 1-Radcliff,CITY RADCLIFF KENTUCKY,0.5522681853849611
21000321001,2c6d1b5e-9975-45c2-995c-da2fb2461b19,0,15,Hardin Co Water District 1-Radcliff,HARDIN CHRISTIAN CHURCH NORTH,0.4477318146150388
21000321001,6885cce2-508c-4e42-82e1-3e32e1935d80,0,16,Hardin Co Water District 1-Radcliff,CITY OF RADCLIFF,0.5522681853849611
21000321001,110b0e58-4725-439f-b6c3-842b74fd48a6,0,17,Hardin Co Water District 1-Radcliff,STITHTON BAPTIST CHURCH,0.0
21000321001,10ab7f7a-6959-4584-a1b4-4cbca51c2fab,0,18,Hardin Co Water District 1-Radcliff,BRANDENBURG TELEPHONE CO,0.0
21000321001,85f6315c-51e0-47b0-86d6-7bc5010d7bca,0,19,Hardin Co Water District 1-Radcliff,RADCLIFF SQUARE LLC,0.5522681853849611
21000321001,6b88ba0c-0908-4f52-af47-13a0973c7669,0,20,Hardin Co Water District 1-Radcliff,CIBC BANK USA,0.0
21000356001,da7f7623-e2f7-434d-abcf-0945c121cd99,1,1,TAYLORSVILLE,CITY OF TAYLORSVILLE,1.0
21000356001,528c23d6-71ef-4eb0-b98d-988559cbe3a5,0,2,TAYLORSVILLE,ROGER G SANDRA R TRUAX FAMILY RESI,0.0
21000356001,104f5a0a-1494-4b25-85a7-1bf525b9e8db,0,3,TAYLORSVILLE,THE SPENCER COUNTY FIRE PROTECTION,0.0
21000356001,a1f6e665-7073-41f1-8a36-aeb9fe3c13fb,0,4,TAYLORSVILLE,SPENCER COUNTY SCHOOL DISTRICT,0.0
21000356001,c5743c8e-a159-403c-9617-143fe3c3e0d8,0,5,TAYLORSVILLE,PEYTON EARL GAYLAND,0.0
21000356001,34c3f87f-2c12-4825-826c-dda3d363a3db,0,6,TAYLORSVILLE,J A BENNETT INC,0.0
21000356001,0e56b525-9e49-4b26-abe3-40bcde812e9b,0,7,TAYLORSVILLE,SPENCER COUNTY PUBLIC SCHOOL CORP,0.0
21000356001,fe63ad4d-bf15-436f-82fb-9ced74c730a8,0,8,TAYLORSVILLE,SPENCER COUNTY EXTENSION DISTRICT BD,0.0
21000356001,06f9eaff-3262-43c1-9a37-62cbdb6c287d,0,9,TAYLORSVILLE,SPENCER COUNTY YOUTH FOOTBALL ASSOC,0.0
21000356001,6eb791b0-3f6f-4e8e-896b-43d80d37e752,0,10,TAYLORSVILLE,FLOODWALL,0.0
21000356001,a1cc5b0c-14bc-4666-a433-dbf2e2e8fe00,0,11,TAYLORSVILLE,TAYLORSVILLE HIGH SCHOOL,1.0
21000356001,fad9877b-68af-4932-92da-5c84ad2fc9e4,0,12,TAYLORSVILLE,ROGER G SANDRA R TRUAX FAMILY RESI,0.0
21000356001,9662c55e-df60-4fb2-ab98-083b099806da,0,13,TAYLORSVILLE,SPENCER COUNTY HIGH SCHOOL,0.0
21000356001,c42eb0d3-84d2-4bdd-9465-246421f55eb4,0,14,TAYLORSVILLE,VALLEY CEMETERY CO INC,0.0
21000356001,bac22f5e-f232-48cd-a01f-9d466da1f6a5,0,15,TAYLORSVILLE,RONALD G MASON PAMELA S CO-TRUSTEE,0.0
21000356001,7e514ada-e5b5-4147-9837-0c7e5793478e,0,16,TAYLORSVILLE,TAYLORSVILLE WATER PLANT,1.0
21000356001,72117d2a-eb85-4ae9-b400-1e5d9efb5372,0,17,TAYLORSVILLE,SALT RIVER CANOE OUTFITTERS LLC,0.0
21000356001,bce9ad58-1f2f-460a-a71a-5fd42c0e00c7,0,18,TAYLORSVILLE,SPENCER COUNTY FISCAL COURT,0.0
21000356001,c139012a-791f-4671-b555-cbe8da237a71,0,19,TAYLORSVILLE,SPENCER COUNTY PUBLIC IMPROVEMENT,0.0
21000356001,aafed815-c2d9-4bb9-a61b-426514bd61e8,0,20,TAYLORSVILLE,RONALD G PAMELA S MASON COTRUSTEES,0.0
21000359001,36bcaac6-f53e-4f14-8e29-af9c844cdd88,0,1,UNIONTOWN STP,UNIONTOWN CITY OF,1.0
21000359001,25aea503-0612-4557-9c5d-ad051f4e837f,1,2,UNIONTOWN STP,UNIONTOWN CITY OF,1.0
21000359001,d31dd179-1543-4544-a8da-f3e568a3cbc8,0,3,UNIONTOWN STP,UNIONTOWN CITY OF,1.0
21000359001,55b769a1-f694-44aa-96dd-7bee30b9f418,0,4,UNIONTOWN STP,UNIONTOWN CITY OF,1.0
21000359001,f50e9853-1212-4ad2-b9d2-e704ac702faa,0,5,UNIONTOWN STP,UNIONTOWN CITY OF,1.0
21000359001,48c59b1e-275d-46a0-be75-2af243a5c698,0,6,UNIONTOWN STP,UNIONTOWN CITY OF,1.0
21000359001,9ba3ce6d-2316-4e41-b933-9baf1ed47fd9,0,7,UNIONTOWN STP,UNIONTOWN CITY OF,1.0
21000359001,9050d060-6676-481e-9d66-c8b744872bc6,0,8,UNIONTOWN STP,UNIONTOWN CITY OF,1.0
21000359001,f5321c6b-79af-440b-b864-b71fbd1fdc9f,0,9,UNIONTOWN STP,UNIONTOWN CITY OF,1.0
21000359001,ab4cdd77-acde-4c33-a9de-f4960bf826c3,0,10,UNIONTOWN STP,UNIONTOWN CITY OF,1.0
21000359001,08fe8387-f8e6-43b7-aa69-07d34d12069b,0,11,UNIONTOWN STP,UNIONTOWN CITY OF,1.0
21000359001,d072cf04-de1f-441a-b2cc-e0277a7ab84a,0,12,UNIONTOWN STP,CONSOLIDATED GRAIN BARGE CO,0.0
21000359001,cd1f414f-23b9-4e7e-96bd-32e0e97017f9,0,13,UNIONTOWN STP,UNIONTOWN CITY OF,1.0
21000359001,8364ea40-b3fe-4981-8621-706c347b7e7e,0,14,UNIONTOWN STP,EDUCATION BOARD OF,0.0
21000359001,8ad0b1b8-6872-420a-859e-ec0ed006a91b,0,15,UNIONTOWN STP,GREENWELL GREGORY B,0.0
21000359001,38588fe7-89fc-4375-9c84-fd48ebed2f37,0,16,UNIONTOWN STP,UNIONTOWN CEMETERY,1.0
21000359001,79bdded9-126d-4702-ba2e-e04cbff2905b,0,17,UNIONTOWN STP,CONSOLIDATED GRAIN BARGE CO,0.0
21000359001,85592b86-fd6b-40e5-b9ef-f493f393b522,0,18,UNIONTOWN STP,ALLIANCE RESOURCE PROPERTIES LLC,0.0
21000359001,ce380c66-19dc-44c9-810d-263e54ec3b0f,0,19,UNIONTOWN STP,CONSOLIDATED GRAIN BARGE CO,0.0
21000359001,63559356-d6cb-45f3-8638-489d0d1af875,0,20,UNIONTOWN STP,MANN BARBARA A,0.0
21000525001,269623fa-2519-4ab9-8765-f0f8db08b36f,0,1,GARRISON,,
21000525001,2fb7a704-12be-416e-8517-62aea2587f35,1,2,GARRISON,DONALD KEITH KAMER,0.0
21000525001,43bb5125-f4c0-4964-aa11-94b3bacf7de2,0,3,GARRISON,TERRY T LEMASTER,0.0
21000525001,a0500c04-0b67-46c7-b89a-64c3dd5eeed7,0,4,GARRISON,KEITH KAMER,0.0
21000525001,7a9438e5-30b9-41d3-bfcc-df1eca0c6bf0,0,5,GARRISON,VERGNE BARBARA D,0.0
21000525001,51f1acc4-d4f8-4916-a2be-0e0b8ab0dbb1,0,6,GARRISON,,
21000525001,0cc6643a-0a0a-4084-b351-8312212cd58d,0,7,GARRISON,TRUST HOLDINGS LLC,0.0
21000525001,0c0db64b-6b81-413b-a64a-de57a0fe39d4,0,8,GARRISON,RONNIE BENTLEY,0.0
21000525001,5d2f7a17-ad2f-4b96-b71d-918ef6ddf98f,0,9,GARRISON,KENNEDY GLADYS EST,0.0
21000525001,1a70d673-7af7-4370-8b4e-fbcb361be4d7,0,10,GARRISON,LEWIS COUNTY BOARD EDUCATION,0.0
21000525001,d26829c4-344a-4664-8b5a-56440bda69e9,0,11,GARRISON,RICHARD A KAMER,0.0
21000525001,e3e245cb-8fe7-4dfd-ad5c-32f0b9bda67d,0,12,GARRISON,ELIZABETH MADDEN,0.0
21000525001,1127bf52-399e-46cd-bc82-8f761cdd2a6d,0,13,GARRISON,KEITH KAMER,0.0
21000525001,9f13bb6b-4a1d-4714-bbdf-9db79e749153,0,14,GARRISON,BARBARA VERGNE,0.0
21000525001,e487717e-a2fa-4f95-9f9e-a5979ce871db,0,15,GARRISON,,
21000525001,84b8a6f5-5c23-4b54-b3bc-bcad73ec555c,0,16,GARRISON,BONNIE KEEN,0.0
21000525001,325bf41b-3682-4ca7-8605-4c6b3555de01,0,17,GARRISON,DONALD KEITH KAMER,0.0
21000525001,5d2eda5e-5ce6-48fd-b243-82d23b5f1552,0,18,GARRISON,JARVIS CEMETERY,0.0
21000525001,08e12a50-ac2b-4e32-b299-11fc61194017,0,19,GARRISON,,
21000525001,fcc53ac8-dda8-4451-adcb-184e40509e5b,0,20,GARRISON,VIRGIL RHODEN,0.0
21009701001,562146a4-590b-4e8a-a5fa-4dcbbe6de974,0,1,CYNTHIANA STP,,
21009701001,9b5fdc86-93ed-4535-8cfc-4284d8a81aa9,0,2,CYNTHIANA STP,,
21009701001,15378070-e1b3-477d-918a-2025028a487c,1,3,CYNTHIANA STP,,
21009701001,33f0d159-7ab9-4519-b617-9709256a0bd5,0,4,CYNTHIANA STP,,
21009701001,538655f5-5926-4352-ae65-3820790d8156,0,5,CYNTHIANA STP,,
21009701001,aae04aa7-8a20-4b1d-9465-a2a0e2252730,0,6,CYNTHIANA STP,GARNETT BRUIN,0.0
21009701001,5748ac1e-a1bf-44f5-8e0d-ec38cec783ef,0,7,CYNTHIANA STP,,
21009701001,c6ea22c4-3455-46c3-8beb-5f716f7ccfd6,0,8,CYNTHIANA STP,,
21009701001,6356ebb5-a363-4b77-b38e-4d747312531e,0,9,CYNTHIANA STP,THOMAS GLEASON CHATEL SR.,0.0
21009701001,8c94f6c2-673d-4452-8f70-f5f4e49caf24,0,10,CYNTHIANA STP,,
21009701001,f75bf5e3-fd19-4983-a6f9-86cb95773fe1,0,11,CYNTHIANA STP,,
21009701001,c6222a43-eca8-4efe-8ae3-d7fdc149693e,0,12,CYNTHIANA STP,MARY JUNE BRUNKER,0.0
21009701001,986719ea-9b2a-44f6-8069-11f4bf2f5ba0,0,13,CYNTHIANA STP,,
21009701001,69b72315-5f12-4af7-952c-cfa75c531fa1,0,14,CYNTHIANA STP,,
21009701001,a6992b9e-ac6c-4ddb-9bd9-0caeb33215d9,0,15,CYNTHIANA STP,,
21009701001,39e0532f-2f44-433f-aa0f-d7b5bccaee6e,0,16,CYNTHIANA STP,,
21009701001,f0966cd8-9c51-427c-be8d-9033343c3e75,0,17,CYNTHIANA STP,HERITAGE BIOMASS LLC,0.0
21009701001,de8dd34e-576b-4518-8f8e-20455c60c396,0,18,CYNTHIANA STP,,
21009701001,1b4b2dcf-2bd4-4bf8-8c2f-802894fa0556,0,19,CYNTHIANA STP,,
21009701001,86180581-1b8b-4d52-8484-0c5aea495bc9,0,20,CYNTHIANA STP,,
24000010001,acd45959-b5a4-4b68-98f1-5f3141886925,1,1,TANEYTOWN STP,MAYOR & CITY COUNCIL OF TANEYTOWN,1.0
24000010001,2951ac14-6d8b-4083-b3fe-166a73d0f7fa,0,2,TANEYTOWN STP,MAYOR & CITY COUNCIL OF TANEYTOWN,1.0
24000010001,3b8106df-039f-4ebe-ab0d-ba15c0d251ab,0,3,TANEYTOWN STP,MAYOR & CITY COUNCIL OF TANEYTOWN,1.0
24000010001,40ec2f9d-7440-4237-86c5-722a23d0fe53,0,4,TANEYTOWN STP,MAYOR & CITY COUNCIL OF TANEYTOWN,1.0
24000010001,8f30318f-9732-460d-bcf1-8c90f2262654,0,5,TANEYTOWN STP,FLOWSERVE RED CORPORATION,0.0
24000010001,a8eba5fe-a9cc-4723-ac5c-5df2a34a013d,0,6,TANEYTOWN STP,CITY OF TANEYTOWN,1.0
24000010001,2d7c3fb3-65df-4ea0-8f76-24407c00062f,0,7,TANEYTOWN STP,VALO BIOMEDIA NORTH AMERICA,0.0
24000010001,12815260-b0b0-458c-985a-d99b9aed2cda,0,8,TANEYTOWN STP,FISHER DAVID M,0.0
24000010001,1610231c-ee69-40b8-b80d-1a07054a8004,0,9,TANEYTOWN STP,CITY OF TANEYTOWN,1.0
24000010001,b9c7527c-d56b-4eb0-b856-abdaf2647b62,0,10,TANEYTOWN STP,CITY OF TANEYTOWN MARYLAND,1.0
24000010001,3ee7e3ed-982d-4a7e-b7ca-c8ca928d411e,0,11,TANEYTOWN STP,MOUNTAIN BROOK FARM,0.0
24000010001,aa6c86f1-04a6-4067-bcea-f24ae0c44d0b,0,12,TANEYTOWN STP,BRIENZA CHARLES,0.0
24000010001,b19a6b75-13b2-408d-80e4-5c07232274ec,0,13,TANEYTOWN STP,KING HENRY B,0.0
24000010001,379c1474-da08-409c-9d7b-6585d712526f,0,14,TANEYTOWN STP,HARNER DENNIS JAMES,0.0
24000010001,7a8fcc34-d13f-45ed-91ee-73cc16fac52d,0,15,TANEYTOWN STP,MULLICAN OTTIS R,0.0
24000010001,c6c9b5f7-b8d0-4ca8-a78a-6a4290567630,0,16,TANEYTOWN STP,MULLICAN OTTIS R,0.0
24000010001,0144043b-0efe-4686-992a-7c11de28059d,0,17,TANEYTOWN STP,HARNER DENNIS JAMES,0.0
24000010001,2665f6a3-bd11-4ce4-bee5-b1b3173b7c9d,0,18,TANEYTOWN STP,WILLIAMS KEVIN D,0.0
24000010001,a4c3e9ed-c895-4bc9-98aa-fed3a8138507,0,19,TANEYTOWN STP,BEDOT ENTERPRISE LLC,0.0
24000010001,3cc27c35-abeb-43bc-b989-7c89c6ebc76d,0,20,TANEYTOWN STP,HECK DOUGLAS I,0.0
24000043001,69cbc81f-7d12-4d98-b54d-57a4c0245e44,0,1,INDIAN HEAD WWTP,TOWN OF INDIAN HEAD,1.0
24000043001,dd7864b7-6318-4506-8dc9-e727521a5d39,0,2,INDIAN HEAD WWTP,TOWN COUNCIL - TOWN OF INDIAN HEAD,1.0
24000043001,b078c70b-ef38-4bc3-a5d6-614bc458a820,0,3,INDIAN HEAD WWTP,TOWN OF INDIAN HEAD,1.0
24000043001,03bd0d30-7cdb-411a-aa82-380d740832a8,0,4,INDIAN HEAD WWTP,TOWN OF INDIAN HEAD,1.0
24000043001,ab819a70-47d8-4442-9e34-16d7e55cb4bf,0,5,INDIAN HEAD WWTP,TOWN OF INDIAN HEAD,1.0
24000043001,01298370-6317-4790-b7bf-a41aa803fb1b,1,6,INDIAN HEAD WWTP,CHARLES CO SANITARY DISTRICT INC,0.0
24000043001,022325ac-1b25-4f74-ae59-3d0b21c04014,0,7,INDIAN HEAD WWTP,BRD OF EDUCATION OF CHARLES CO MD,0.0
24000043001,6f5a3464-25c1-4d61-99d7-256a3a160804,0,8,INDIAN HEAD WWTP,TOWN COUNCIL OF INDIAN HEAD MD,1.0
24000043001,45f19b24-6aa9-4598-8292-58b31c834253,0,9,INDIAN HEAD WWTP,,
24000043001,6100baf9-f83d-4969-9fd6-1281e9d58bb4,0,10,INDIAN HEAD WWTP,TOWN OF INDIAN HEAD,1.0
24000043001,14577be6-dab7-45a0-abef-b6f0ac2ef7d1,0,11,INDIAN HEAD WWTP,BRD TOWN COMM OF INDIAN HEAD,1.0
24000043001,bdc8b9ae-5548-4ff3-8b10-7719b4409b3c,0,12,INDIAN HEAD WWTP,TOWN OF INDIAN HEAD,1.0
24000043001,172e7ab5-befd-43fd-95dd-9d2262340e8f,0,13,INDIAN HEAD WWTP,TOWN OF INDIAN HEAD,1.0
24000043001,649110a4-d1f5-4e06-adfb-66819c267c5e,0,14,INDIAN HEAD WWTP,STATE OF MD DEPT NATURAL RESOURCES,0.0
24000043001,ee8cda1a-49e6-41a2-b950-267499a6561b,0,15,INDIAN HEAD WWTP,TOWN OF INDIAN HEAD,1.0
24000043001,99170b3f-fb25-4d92-81a6-1760242c6489,0,16,INDIAN HEAD WWTP,CHARLES LANDING HOUSING PARTNERS L,0.0
24000043001,9bbc2871-efc9-4692-a99b-e287cacfb463,0,17,INDIAN HEAD WWTP,STATE OF MARYLAND,0.0
24000043001,795d3d78-6623-41c1-bc42-c632451fc78c,0,18,INDIAN HEAD WWTP,BRD OF EDUCATION OF CHARLES CO MD,0.0
24000043001,24fe69a0-e73e-4d08-b304-820ef57d81d7,0,19,INDIAN HEAD WWTP,HUNGERFORD VINCENT C,0.0
24000043001,37074ad3-bbcb-42b5-b8a6-8186e2e694e0,0,20,INDIAN HEAD WWTP,4450 INDIAN HEAD HIGHWAY II LLC,1.0
25000271001,8570f55d-e340-4670-a4a8-cd18cb73834b,0,1,Tisbury Sewerage Collection System and WWTF,TISBURY TOWN OF,1.0
25000271001,e535fc29-65cd-47f7-9002-8f325e9b4f86,1,2,Tisbury Sewerage Collection System and WWTF,TISBURY TOWN OF,1.0
25000271001,ee0f9df1-7499-4f0c-b6c3-14231a03fa4d,0,3,Tisbury Sewerage Collection System and WWTF,TISBURY TOWN OF,1.0
25000271001,0ea4e0d7-5af8-41ec-970e-010083f743a5,0,4,Tisbury Sewerage Collection System and WWTF,TISBURY TOWN OF,1.0
25000271001,584077b7-fc9b-41cd-adf4-7b5bb0c348ed,0,5,Tisbury Sewerage Collection System and WWTF,TISBURY TOWN OF,1.0
25000271001,043c3a49-60ab-480e-8dcf-f93efc94e5ec,0,6,Tisbury Sewerage Collection System and WWTF,TISBURY TOWN OF,1.0
25000271001,bc03f6e7-e39d-46bb-bc40-0478eded065b,0,7,Tisbury Sewerage Collection System and WWTF,TISBURY TOWN OF,1.0
25000271001,be226cc7-de90-4b5d-930a-c36432eeb541,0,8,Tisbury Sewerage Collection System and WWTF,TISBURY TOWN OF,1.0
25000271001,c7619c37-ad69-47cd-b055-9f10a66ffadc,0,9,Tisbury Sewerage Collection System and WWTF,MV CEREBRAL PALSY CAMP INC,0.0
25000271001,0d7c3def-7b62-4d9e-9857-63e4e8304164,0,10,Tisbury Sewerage Collection System and WWTF,TISBURY TOWN OF,1.0
25000271001,1fdbe479-6f36-4bdb-9315-3f3aad3dcbd1,0,11,Tisbury Sewerage Collection System and WWTF,TISBURY TOWN OF,1.0
25000271001,bc049061-8d27-4c1b-aeb5-ab31530ce014,0,12,Tisbury Sewerage Collection System and WWTF,TISBURY TOWN OF,1.0
25000271001,90d88cac-c60b-4875-8967-cc3a49076627,0,13,Tisbury Sewerage Collection System and WWTF,TISBURY TOWN OF,1.0
25000271001,806c2bf3-9b90-4135-97c4-343449f728e8,0,14,Tisbury Sewerage Collection System and WWTF,TISBURY TOWN OF,1.0
25000271001,7cc372cb-3fca-4580-9aca-4aaaa43a75d4,0,15,Tisbury Sewerage Collection System and WWTF,ANDREWS THOMAS,0.0
25000271001,4a3ad6c2-8515-4bf6-91e5-418aa924e4bf,0,16,Tisbury Sewerage Collection System and WWTF,BEETLEBUNG LLC,0.0
25000271001,41c77690-f5c1-42f7-b0f8-64eb96b3d26f,0,17,Tisbury Sewerage Collection System and WWTF,BEETLEBUNG LLC,0.0
25000271001,9466b42e-4b23-4980-991f-0c30a467495d,0,18,Tisbury Sewerage Collection System and WWTF,BEETLEBUNG LLC,0.0
25000271001,227bacfa-fc92-4a4b-9a71-61ec0689c0b9,0,19,Tisbury Sewerage Collection System and WWTF,BEETLEBUNG LLC,0.0
25000271001,3fc0d655-6238-4a8f-b7f3-0fa044c4321f,0,20,Tisbury Sewerage Collection System and WWTF,TISBURY TOWN OF,1.0
26000259001,75eab456-b4f5-47ce-a851-7bb540ea2046,1,1,SARANAC STP,VILLAGE OF SARANAC,1.0
26000259001,66edec00-854b-4e0d-9c00-e247d9477090,0,2,SARANAC STP,VILLAGE OF SARANAC,1.0
26000259001,a305fc1e-4be6-4504-8dca-401cd0aac0c2,0,3,SARANAC STP,VILLAGE OF SARANAC,1.0
26000259001,4688135a-b2e1-4b71-9538-58ccc93e9d85,0,4,SARANAC STP,VILLAGE OF SARANAC,1.0
26000259001,bdd7b0a6-7608-4fb3-820f-772300b479e7,0,5,SARANAC STP,VILLAGE OF SARANAC,1.0
26000259001,1445f4b8-46a6-465c-9a75-ae628b1b9372,0,6,SARANAC STP,VILLAGE OF SARANAC,1.0
26000259001,7481e358-ef56-4f85-8b5e-f7c820b65e19,0,7,SARANAC STP,VILLAGE OF SARANAC,1.0
26000259001,1c647153-e464-4cfe-afad-52f9ebd98cdd,0,8,SARANAC STP,VILLAGE OF SARANAC,1.0
26000259001,a61cc42e-f6bc-4fc1-a440-cdf0a5c12d8f,0,9,SARANAC STP,VILLAGE OF SARANAC,1.0
26000259001,f6677e6f-a8dd-4e05-b965-ec5542e0af49,0,10,SARANAC STP,VILLAGE OF SARANAC,1.0
26000259001,dd18d372-a61d-45f4-9340-903741ecfce4,0,11,SARANAC STP,STATE OF MICHIGAN - DNR,0.0
26000259001,668bd240-cca1-4284-b49a-2ad78d8f5136,0,12,SARANAC STP,STATE OF MICHIGAN - DNR,0.0
26000259001,bd4bd5a7-3671-4304-bd17-d976800f0e40,0,13,SARANAC STP,STATE OF MICHIGAN - DNR,0.0
26000259001,b27836ee-0a08-482b-a6c6-82f7ff939cbe,0,14,SARANAC STP,BOSTON TOWNSHIP,0.0
26000259001,3fc5faae-5e2d-4e16-ba5f-6f9f33d1d89a,0,15,SARANAC STP,VILLAGE OF SARANAC,1.0
26000259001,24c5de0f-2c76-49cb-9c4a-848af628954b,0,16,SARANAC STP,SARANAC COMMUNITY SCHOOLS,1.0
26000259001,3b393081-01d0-4fa9-9397-58f1ec09263b,0,17,SARANAC STP,"GLADDING, G CARL & CARPENTER, DIANE",0.0
26000259001,be292476-3efd-4b67-90f4-a0c0214c629b,0,18,SARANAC STP,"WARNER, VICTORIA L",0.0
26000259001,3397db67-301d-4763-b1fc-8b2e02355115,0,19,SARANAC STP,LAZY M RANCH LLC,0.0
26000259001,54406a1d-ad2e-4d23-8058-c6fec452bb0e,0,20,SARANAC STP,"BOLT, LEE M & JENI",0.0
26000469001,cdbae72c-88fc-4cb1-b460-818b5f0df5f7,1,1,HOWELL STP,CITY OF HOWELL,1.0
26000469001,9d1d2210-d0ae-413e-881f-dfbc4bcb5c21,0,2,HOWELL STP,CITY OF HOWELL,1.0
26000469001,bcd0486e-d44e-4ade-ac6f-7863c976d406,0,3,HOWELL STP,CHELSEA RIDGE COMMON AREA,0.0
26000469001,a69db136-d865-4a63-a5e9-68b1b0d3b7bf,0,4,HOWELL STP,CITY OF HOWELL,1.0
26000469001,ca8f9d44-78da-4350-b77f-80b2d3d46cb8,0,5,HOWELL STP,LIVINGSTON COUNTY CLERK'S OFFI,0.0
26000469001,dfe8b63c-8ac7-4668-8956-47236a0e637f,0,6,HOWELL STP,,
26000469001,a8cd5173-c56e-441f-8d7a-dcd7c0b0b011,0,7,HOWELL STP,,
26000469001,6e361a86-0e83-400b-8a68-4ed6c068d3be,0,8,HOWELL STP,,
26000469001,8bcd8567-8f3a-419f-8314-36c133307732,0,9,HOWELL STP,HOWELL TOWNSHIP SANITARY SEWER,1.0
26000469001,d91afe26-e026-420d-a636-8fcb23a95685,0,10,HOWELL STP,HARRIS MITCH,0.0
26000469001,1475c851-8d21-4e9e-baf6-bce7b80e1a5a,0,11,HOWELL STP,"DICKSON,STEVEN & BERKSHIRE LTD",0.0
26000469001,656fbd15-af2c-4e21-8e2b-76e1cc685fe8,0,12,HOWELL STP,HARRIS MITCH,0.0
26000469001,8a5d9e81-2dd0-438e-bf30-2cf9c4675bce,0,13,HOWELL STP,CITY OF HOWELL,1.0
26000469001,15dc5f55-9f78-4c6c-a9b5-6135247c6466,0,14,HOWELL STP,MEADOWS CONDO ASSOC.,0.0
26000469001,ae185cd8-d96d-41b2-9ec3-2e6d9ca294c2,0,15,HOWELL STP,,
26000469001,dbab5bda-16f5-4e04-b982-d68fc63470ab,0,16,HOWELL STP,,
26000469001,f29af903-54cd-4749-b7cb-330e63c75d1b,0,17,HOWELL STP,"MC HOWELL ESTATES PROPERTY, LLC",1.0
26000469001,69508da4-3d50-46c8-902c-146a6c4d31d9,0,18,HOWELL STP,JAPPAYA DEVELOPMENT LLC,0.0
26000469001,38e0fc53-c81d-4897-baef-5bacbf236778,0,19,HOWELL STP,MITCH HARRIS BUILDING CO,0.0
26000469001,528e8ee6-7777-4cc6-ae17-dd55981ead5d,0,20,HOWELL STP,MARION TOWNSHIP,0.0
26002000001,ceaaa788-3330-41e3-b927-4ebe4799fe9c,1,1,ALPENA WWTS,CITY OF ALPENA,0.5155752978176114
26002000001,8d4c1dcd-b789-4940-a9b1-85179f6cedb0,0,2,ALPENA WWTS,CITY OF ALPENA,0.5155752978176114
26002000001,396626ab-c383-4cec-bf28-3d05a174d041,0,3,ALPENA WWTS,DECORATIVE PANELS INTERNATIONA,0.0
26002000001,688f58d1-88d8-4a45-a5be-d4c259a190ff,0,4,ALPENA WWTS,CITY OF ALPENA,0.5155752978176114
26002000001,2b251be2-3997-4ce4-a247-3ae741b8ab06,0,5,ALPENA WWTS,CITY OF ALPENA,0.5155752978176114
26002000001,5e11c92a-f350-4321-b5ce-5a6c26c4e6f8,0,6,ALPENA WWTS,CITY OF ALPENA,0.5155752978176114
26002000001,87123b17-c0b9-44c7-9b3c-45722d27f9c9,0,7,ALPENA WWTS,CITY OF ALPENA,0.5155752978176114
26002000001,7954913c-6877-478f-a094-dca8614ae29d,0,8,ALPENA WWTS,DPI SPV LLC,0.0
26002000001,e6fc1081-a49b-48ca-bf43-467e19ecc3bc,0,9,ALPENA WWTS,ALPENA COUNTY FAIRGROUNDS,0.5155752978176114
26002000001,9cd5e084-5916-4c2c-a06d-2f73a264b1cd,0,10,ALPENA WWTS,CITY OF ALPENA,0.5155752978176114
26002000001,cc2ef41d-ead2-4b04-a186-ed2c3b86d207,0,11,ALPENA WWTS,COUNTY OF ALPENA,0.5155752978176114
26002000001,c0813e87-7025-4fab-bbb3-87820bff3ed6,0,12,ALPENA WWTS,CITY OF ALPENA,0.5155752978176114
26002000001,bb5b35fa-2119-468f-8ca1-02a9a24d78b3,0,13,ALPENA WWTS,ALPENA OIL COMPANY INC,0.5155752978176114
26002000001,0802c8ba-35ba-42ad-b130-991caf99e2bb,0,14,ALPENA WWTS,COUNTY OF ALPENA,0.5155752978176114
26002000001,fa98e66e-f588-49c7-81fc-4a7df68baaf6,0,15,ALPENA WWTS,LAFARGE NORTH AMERICA,0.0
26002000001,eaf13504-2fa0-4edf-9aba-8a485e66ca82,0,16,ALPENA WWTS,CITY OF ALPENA,0.5155752978176114
26002000001,eb6a0865-827e-429b-a311-c43977755e6f,0,17,ALPENA WWTS,CITY OF ALPENA,0.5155752978176114
26002000001,9f4c97f7-6c1b-4157-b283-aedb8e8ff052,0,18,ALPENA WWTS,ALPENA HARBORSIDE LLC,0.5155752978176114
26002000001,803ea1b7-f038-422d-a809-40bd9334baf7,0,19,ALPENA WWTS,COUNTY OF ALPENA,0.5155752978176114
26002000001,5a620583-1855-4601-a0a3-d4234e8fd43d,0,20,ALPENA WWTS,CITY OF ALPENA,0.5155752978176114
26003079001,d213da89-20bd-4e25-8dcc-a844041e5d00,1,1,SAUGATUCK WWTP,ALLEGAN COUNTY BOARD,0.0
26003079001,bd36afef-ed23-492e-9a87-311eb4ff9873,0,2,SAUGATUCK WWTP,SAUGATUCK TOWNSHIP,1.0
26003079001,95becc34-86fc-41d1-8504-8fab5e59f40d,0,3,SAUGATUCK WWTP,SAUGATUCK TOWNSHIP,1.0
26003079001,4a5a7eb5-0676-4f05-ac72-a16aea196c36,0,4,SAUGATUCK WWTP,KALAMAZOO LAKE SEWER & WATER,0.0
26003079001,fe2665ee-459f-476a-94b6-6ecc06acb33f,0,5,SAUGATUCK WWTP,VILLAGE OF SAUGATUCK,1.0
26003079001,335e3989-10cd-4764-9df5-3307f1b1007c,0,6,SAUGATUCK WWTP,SAUGATUCK TOWNSHIP,1.0
26003079001,87d3fbaf-8df5-474c-bda1-aae065235478,0,7,SAUGATUCK WWTP,,
26003079001,3bbca4d9-943c-44cd-8f2d-04e2b82df750,0,8,SAUGATUCK WWTP,STATE OF MICH,0.0
26003079001,e3574a34-174f-4734-a3c6-bdee96f0199f,0,9,SAUGATUCK WWTP,,
26003079001,bba88da1-8961-49c2-98d4-bc3aa1b4dcca,0,10,SAUGATUCK WWTP,KALAMAZOO LAKE SEWER & WATER,0.0
26003079001,575fb5df-af4c-4399-ab62-9724d8221de1,0,11,SAUGATUCK WWTP,,
26003079001,226c86be-1509-4ebf-b6cb-04a43ff56e39,0,12,SAUGATUCK WWTP,,
26003079001,3ca7e1d7-3347-44a6-934e-dd25d797e9f9,0,13,SAUGATUCK WWTP,VILLAGE OF SAUGATUCK,1.0
26003079001,e749e036-cbc7-4e8c-95b0-1c3e9a03e46b,0,14,SAUGATUCK WWTP,,
26003079001,dd812b06-e6ab-4a36-afe3-7965c0e442c4,0,15,SAUGATUCK WWTP,CITY OF SAUGATUCK,1.0
26003079001,936c85e6-1912-4ce6-905a-8e2a275b50ec,0,16,SAUGATUCK WWTP,VILLAGE OF SAUGATUCK,1.0
26003079001,45593bc8-e026-4b8a-b3db-904e7d00080f,0,17,SAUGATUCK WWTP,CITY OF SAUGATUCK,1.0
26003079001,d548d3ea-4a26-482d-9d9f-fa15953ce9cf,0,18,SAUGATUCK WWTP,,
26003079001,7269a7e3-a520-470f-a649-b8ca0e241aa0,0,19,SAUGATUCK WWTP,SAUGATUCK TOWNSHIP,1.0
26003079001,75438d5c-621b-4635-b33f-8058cf219437,0,20,SAUGATUCK WWTP,TROUTMAN RALPH & SHIRLEY V,0.0
26003137001,7fd12beb-6b39-49da-b638-6ce58408053b,1,1,NEWBERRY STP,VILLAGE OF NEWBERRY,1.0
26003137001,72c0335a-389a-48cf-b640-31c3a615539a,0,2,NEWBERRY STP,MCMILLAN TOWNSHIP,0.0
26003137001,c85a5129-ad17-4a02-b6a1-5e7269061b68,0,3,NEWBERRY STP,STATE OF MICHIGAN,0.0
26003137001,532bac09-81ca-4310-9779-5b097a6fecb3,0,4,NEWBERRY STP,SCHNEIDER BARBARA,0.0
26003137001,a26a5971-02ea-441c-baab-7ff9685c330f,0,5,NEWBERRY STP,TAHQUAMENON WATERFOWL ASSOCIAT,0.0
26003137001,6194a187-b4fd-4883-9791-6a631c544b37,0,6,NEWBERRY STP,DUCSAY GEORGE J JR,0.0
26003137001,db66451e-f110-4aa9-9606-75f6d331aca4,0,7,NEWBERRY STP,STATE OF MICHIGAN,0.0
26003137001,cd2ba6ef-1dfa-4e67-b777-47d720126002,0,8,NEWBERRY STP,MCMILLAN TOWNSHIP CEMETERY,0.0
26003137001,64ba9b5e-013e-4ecc-9b89-81a8352d95c8,0,9,NEWBERRY STP,CRAIG THOMAS A,0.0
26003137001,359adc5f-fd3b-462a-9acf-5dda85d1a090,0,10,NEWBERRY STP,JOHNSON VICTOR ET AL,0.0
26003137001,5e7a2a1f-7390-47b5-b543-a2097878586f,0,11,NEWBERRY STP,STATE OF MICHIGAN,0.0
26003137001,f15bd7d7-79f0-4973-a034-d671d0d7a708,0,12,NEWBERRY STP,NO INFO AVAILABLE,0.0
26003137001,ebf43919-c665-42d8-8db2-a343ab3006a6,0,13,NEWBERRY STP,VILLAGE OF NEWBERRY,1.0
26003137001,3c86792c-3520-4cef-a6dc-4632cddb7322,0,14,NEWBERRY STP,STATE OF MICHIGAN,0.0
26003137001,a7adcbc9-32bf-49a8-85c5-837fa23b124a,0,15,NEWBERRY STP,JOHNSON VICTOR E,0.0
26003137001,7376b342-b785-4df6-826a-776e1285e1b6,0,16,NEWBERRY STP,CRAIG THOMAS ET AL,0.0
26003137001,5e56aaa7-15da-4127-8909-d8a5ea92d3a9,0,17,NEWBERRY STP,CLARK ROSEMARY 99% INT,0.0
26003137001,2edd2d97-5f2f-4db8-b81d-b7e13f0d19a6,0,18,NEWBERRY STP,DEPEW JASON & THERESA,0.0
26003137001,7eef1e81-2207-4555-88fa-1d9205952187,0,19,NEWBERRY STP,VILLAGE OF NEWBERRY,1.0
26003137001,7fc87468-2d95-43e7-a423-e44c9fe6dd36,0,20,NEWBERRY STP,JOHNSON CLARA,0.0
26003160001,50223b22-3c77-4800-acf6-fb3b05ced107,1,1,CAMDEN STP,"CAMDEN, VILLAGE OF",1.0
26003160001,530360a9-b7b9-472a-af3c-5409089fa2ed,0,2,CAMDEN STP,"CAMDEN, VILLAGE OF",1.0
26003160001,e4bdf811-19af-4bae-ac2b-93c8f34fa7d2,0,3,CAMDEN STP,"CAMDEN, VILLAGE OF",1.0
26003160001,f3e4d061-1814-4775-8b4b-5e9d60b75caa,0,4,CAMDEN STP,ST JOSEPH TREE FARM,0.0
26003160001,c3f8a84e-38c0-48e4-b621-3bca6d9a90bb,0,5,CAMDEN STP,"STEURY, TOBIAS S & ROSA M",0.0
26003160001,f41dbe3e-c605-421f-9049-e9783c7a1821,0,6,CAMDEN STP,"STEURY, VICTOR & STEURY, EMANUEL JR",0.0
26003160001,36a20676-6b92-4130-864d-c3e94694f20d,0,7,CAMDEN STP,"TROMBLY, EDWARD G & KIMBERLY A",0.0
26003160001,171e5818-c95a-4dd8-9ee2-f0ff4046f5ae,0,8,CAMDEN STP,WEST FORK TREE FARM LLC,0.0
26003160001,22b15094-81fe-4af2-908d-0331510be392,0,9,CAMDEN STP,"STEURY, VICTOR & STEURY, EMANUEL JR",0.0
26003160001,404becbc-f166-4416-ab44-acaee31cd764,0,10,CAMDEN STP,"CADLE, TIMOTHY C & LISA",0.0
26003160001,c726447c-36ba-4271-a198-167a12237d8d,0,11,CAMDEN STP,"STEURY, TOBIAS S & ROSA M",0.0
26003160001,625e2ddf-bc3c-4df6-9f59-fb4d92c7bd21,0,12,CAMDEN STP,"STEURY, TOBIAS S & ROSA M",0.0
26003160001,bc15d1c9-482a-412d-a0be-bbd08c135745,0,13,CAMDEN STP,"BEAVER, TERRY L TRUST",0.0
26003160001,c8a4ebdf-8812-41a7-8df9-b48d33352ef8,0,14,CAMDEN STP,"TROMBLY, EDWARD G & KIMBERLY A",0.0
26003160001,d9d2ce31-0ada-42d6-a336-611d019bd4ab,0,15,CAMDEN STP,CAMDEN FARMS HOLDINGS LLC,1.0
26003160001,ac809e79-e200-404f-ac47-b1744adbef51,0,16,CAMDEN STP,ST JOSEPH TREE FARM,0.0
26003160001,4f7ae55a-9408-457e-a793-523ed5876334,0,17,CAMDEN STP,ATHELAS PROPERTY LLC,0.0
26003160001,a0ff7e8d-c71d-4175-9c30-2b4789ff723e,0,18,CAMDEN STP,"EICHER, VICTOR JR & EILEEN A",0.0
26003160001,1ea7f7f7-7c6e-42d9-8a34-375ed210d138,0,19,CAMDEN STP,"ROBINSON, LEONALD D & HELEN JAKSTAS",0.0
26003160001,f3301308-5353-4167-9e33-5880aa7ea9a5,0,20,CAMDEN STP,"STEURY, VICTOR & STEURY, EMANUEL JR",0.0
26003229001,c8b8f7cf-d08b-4bca-8dce-559f24a4d8db,1,1,FAIRFIELD TWP (JASPER) WWSL,"FAIRFIELD, TOWNSHIP OF",0.32109024470250036
26003229001,a96a6eb1-7684-4d81-8250-83c03e4b147f,0,2,FAIRFIELD TWP (JASPER) WWSL,KNIERIM GOLDEN ACRES FARMS,0.0
26003229001,3400e169-0027-4db3-b2e4-21bb335fa59b,0,3,FAIRFIELD TWP (JASPER) WWSL,,
26003229001,35bd0ba9-3b79-4f83-9416-2c7f17ad74cf,0,4,FAIRFIELD TWP (JASPER) WWSL,MC MUNN FARMS INC,0.0
26003229001,41b897c5-2ed0-4cbb-a390-0929752bdbb2,0,5,FAIRFIELD TWP (JASPER) WWSL,"VAN ETTEN, PAUL",0.0
26003229001,059f4af3-d136-4986-8529-b9127b550a41,0,6,FAIRFIELD TWP (JASPER) WWSL,"GIBBS, NOEL",0.0
26003229001,3ed1d5a8-f67e-49a7-8fce-39c590d86f0a,0,7,FAIRFIELD TWP (JASPER) WWSL,V & V FARMS LLC,0.0
26003229001,742c7046-12da-4866-908a-13a721af34d8,0,8,FAIRFIELD TWP (JASPER) WWSL,"GIBBS, NOEL",0.0
26003229001,31331355-222f-4016-9bd9-caf394dca326,0,9,FAIRFIELD TWP (JASPER) WWSL,MICHIGAN AG COMMODITIES,0.0
26003229001,c2a12a99-8dfb-4b91-9d12-d5c4e10b6cbc,0,10,FAIRFIELD TWP (JASPER) WWSL,"PATEK, JACK D, TRUST",0.0
26003229001,4b074474-2221-49d0-a3d0-9234b0e6594f,0,11,FAIRFIELD TWP (JASPER) WWSL,MC MUNN FARMS INC,0.0
26003229001,7ae20d7f-6ed3-4774-89c3-ac59d9298599,0,12,FAIRFIELD TWP (JASPER) WWSL,STATE LINE FARMS,0.0
26003229001,04b1e361-fe4e-49a2-9f79-e54a864d71a8,0,13,FAIRFIELD TWP (JASPER) WWSL,"GIBBS, NOEL",0.0
26003229001,f4adca0b-81c3-40ff-9c41-fe6696f51495,0,14,FAIRFIELD TWP (JASPER) WWSL,"VAN ETTEN, PAUL",0.0
26003229001,40911b01-e1df-4ad9-9b25-9f84ff798ffe,0,15,FAIRFIELD TWP (JASPER) WWSL,"OPRSAL, JERRY K & GEORGINA TRUST",0.0
26003229001,fcad5fd0-050b-4b06-a8da-52a88a2522c8,0,16,FAIRFIELD TWP (JASPER) WWSL,STATE LINE FARMS,0.0
26003229001,e88981ea-15f1-43ac-9c05-6ca545340ed7,0,17,FAIRFIELD TWP (JASPER) WWSL,,
26003229001,0d29047f-f2f0-4aa1-a5d0-6c7987f18383,0,18,FAIRFIELD TWP (JASPER) WWSL,"MC WILLIAMS, MARIE L",0.0
26003229001,57e657f2-2f93-4fd5-b730-67aa5e32b320,0,19,FAIRFIELD TWP (JASPER) WWSL,"BARRICKLOW, DOUGLAS & CATHY",0.0
26003229001,7a042a1d-a74c-4339-9840-6ff4342c35f5,0,20,FAIRFIELD TWP (JASPER) WWSL,STATE LINE FARMS,0.0
26004020001,e45a74fd-9f6a-4772-a21f-1366fdb8180c,1,1,MAYBEE LAGOON,COUNTY OF MONROE,0.0
26004020001,19604dac-a3e1-40f9-b425-e9c82e1a8509,0,2,MAYBEE LAGOON,VILLAGE OF MAYBEE,1.0
26004020001,84d15e93-ed3c-4654-ab77-b4756f663d28,0,3,MAYBEE LAGOON,VILLAGE OF MAYBEE,1.0
26004020001,0df90476-cea3-41a0-8b48-2ea138b0840e,0,4,MAYBEE LAGOON,VANAUKER ROBERT C & MARJORIE KAY,0.0
26004020001,3f670ee9-a6d8-4b53-8e37-cef014b7f620,0,5,MAYBEE LAGOON,WEYHER RANDAL R & CINDY TRUSTEES,0.0
26004020001,06cd6418-461e-4334-a07e-c904cc19c847,0,6,MAYBEE LAGOON,WEYHER RANDAL & CINDY,0.0
26004020001,071a4123-ae30-48c0-b735-d50c07a4d9e2,0,7,MAYBEE LAGOON,MAYBEE FARMERS INC,1.0
26004020001,bfa0deca-a39d-42d3-b92d-6cfaf0a09a4a,0,8,MAYBEE LAGOON,WEYHER RANDAL R & CINDY TRUSTEES,0.0
26004020001,c4f67b2d-3d30-41ea-b7ed-8f90bf7a142b,0,9,MAYBEE LAGOON,WEYHER RANDAL & CINDY TRUST,0.0
26004020001,21cfb16c-8559-4b5e-a7de-1d63f9578e90,0,10,MAYBEE LAGOON,WEYHER RANDAL R & CINDY TRUSTEES,0.0
26004020001,b84809dd-af0c-4dda-8206-d7ee2344f074,0,11,MAYBEE LAGOON,HAPPY DALE & CONNIE TRUST,0.0
26004020001,f9e71b4e-b6f7-404e-9f93-dae2d092f0ab,0,12,MAYBEE LAGOON,WEYHER RANDAL & CINDY TRUST,0.0
26004020001,58d63de8-3c78-4694-9cd8-2ac87facf973,0,13,MAYBEE LAGOON,WEYHER RANDAL R & CINDY TRUSTEES,0.0
26004020001,33d574e6-454a-4545-a0e3-5d0d4d5de345,0,14,MAYBEE LAGOON,DOBBERSTEIN STEPHEN & AMY,0.0
26004020001,01274d9a-43f1-434a-97b4-786ef93bb2f3,0,15,MAYBEE LAGOON,KNABUSCH DEAN,0.0
26004020001,33286e66-9620-45b8-8f16-e35c82b188b4,0,16,MAYBEE LAGOON,NORTHSIDE CEMETERY ASSOCIATIO,0.0
26004020001,fb79d8bc-261f-4fbe-8b1f-a7ea9f385fc7,0,17,MAYBEE LAGOON,KNABUSCH DEAN,0.0
26004020001,ded0a7f0-a10e-425a-9136-5b38afe21631,0,18,MAYBEE LAGOON,CEMETERY,0.0
26004020001,d8f8251a-7625-4bb9-ad07-3cd68e10895d,0,19,MAYBEE LAGOON,WEYHER RANDAL & CINDY TRUST,0.0
26004020001,aa20b0f4-3eda-4ad8-b200-6469d9f641a8,0,20,MAYBEE LAGOON,JUST RIGHT GRAIN SYSTEMS,0.0
27000247001,737b2f6d-7331-454c-9ff4-3101399392db,1,1,ROTHSAY WWTP,ROTHSAY/CITY OF,1.0
27000247001,7fccbd4e-43d6-4508-b233-0d1e7e24d2e2,0,2,ROTHSAY WWTP,OTTER TAIL VALLEY RAILROAD,0.0
27000247001,24f96451-b495-485a-85df-0e87bb492a93,0,3,ROTHSAY WWTP,INDEPENDENT SCHOOL DIST #850,0.0
27000247001,5518aba5-ada9-4ac2-9e4e-b06ddbc177e4,0,4,ROTHSAY WWTP,ROTHSAY/CITY OF,1.0
27000247001,5d61e3c8-b577-46ad-9b7c-fb2830bfe13a,0,5,ROTHSAY WWTP,ROTHSAY/CITY OF,1.0
27000247001,33eef10e-c34b-4f26-b291-d117ed513525,0,6,ROTHSAY WWTP,ROTHSAY/CITY OF,1.0
27000247001,8147c4fb-d8fe-4ce9-ac9a-b0e1918e85fc,0,7,ROTHSAY WWTP,CITY OF ROTHSAY,1.0
27000247001,0aaea120-003b-4bea-ada9-4d71d4197b59,0,8,ROTHSAY WWTP,LANKOW/GLENN & TAMERA MOEN,0.0
27000247001,2d7a5b70-cfc7-423a-bcef-d9b925f9e1a9,0,9,ROTHSAY WWTP,LANKOW/GLENN & TAMERA MOEN,0.0
27000247001,16220857-d9ea-44b5-af7b-58680d44f482,0,10,ROTHSAY WWTP,INDEPENDENT SCHOOL DIST #11,0.0
27000247001,cdb15be9-c7d6-42d4-b802-d09d5f65bc8b,0,11,ROTHSAY WWTP,,
27000247001,eab51b20-3a3e-4631-9616-723a7bb9bef5,0,12,ROTHSAY WWTP,,
27000247001,ff4f786e-806c-4eef-a7ec-eb5d4765b266,0,13,ROTHSAY WWTP,TROSVIK INC,0.0
27000247001,bd3dde4e-425d-4d19-826e-0cee5feeef35,0,14,ROTHSAY WWTP,MAPLE RIVER COOP,0.0
27000247001,36af7254-aeef-4909-9e94-d89dc7df23da,0,15,ROTHSAY WWTP,BRIKS/JEROME/FAMILY LP,0.0
27000247001,6a7ff8e9-f1d9-4878-b532-fe8dbe2f0b64,0,16,ROTHSAY WWTP,KWJ FARM LLC,0.0
27000247001,e2cac80c-7e83-444d-8ddc-3db0d8d207f3,0,17,ROTHSAY WWTP,BOE/DAVID R/ETAL,0.0
27000247001,c7de80d9-15f2-495d-98cb-25ec1e0e9396,0,18,ROTHSAY WWTP,KWJ FARM LLC,0.0
27000247001,2a40931f-5856-476f-af73-42083c55bd0e,0,19,ROTHSAY WWTP,FOSSE/BRIAN & ANGIE,0.0
27000247001,835ce2cc-6808-492f-acaf-36b2103ae832,0,20,ROTHSAY WWTP,TROSVIK INC,0.0
27001017001,f479913f-a57b-48b7-b2dc-fc83e0fe1da7,0,1,SLAYTON WWTP,SCHOOL DISTRICT #2169,0.0
27001017001,ddaed5eb-b976-4cdc-a0e3-250ae16b25c0,1,2,SLAYTON WWTP,SLAYTON CITY,1.0
27001017001,af1cddb4-43cb-446c-aad6-80378d7f80e8,0,3,SLAYTON WWTP,MURRAY COUNTY,0.0
27001017001,f40432e6-2c30-443b-8652-3e96ee4ae10c,0,4,SLAYTON WWTP,MURRAY COUNTY,0.0
27001017001,1da668c6-a96b-4999-a7b5-8700d6fa6c4a,0,5,SLAYTON WWTP,SLAYTON CITY,1.0
27001017001,e6941a70-0d49-448f-ab96-bcf7df39f7a8,0,6,SLAYTON WWTP,SLAYTON CITY,1.0
27001017001,494c2f63-3c51-42f4-9fb9-5cb0dbdfc950,0,7,SLAYTON WWTP,MURRAY COUNTY,0.0
27001017001,d44d50cb-4895-474e-aaa3-c4b7e7f01ed9,0,8,SLAYTON WWTP,MURRAY COUNTY,0.0
27001017001,2cd86e45-15c6-4447-ad57-ed4f378abe18,0,9,SLAYTON WWTP,LYON COUNTY COOP OIL COMPANY,0.0
27001017001,271885f8-202d-4f7a-b803-36c3a322f7ed,0,10,SLAYTON WWTP,SLAYTON CITY,1.0
27001017001,aeee7f2f-9262-46df-9668-9bae4ccc4929,0,11,SLAYTON WWTP,SLAYTON CITY,1.0
27001017001,7869211d-eff7-4d17-95fa-b240467a342f,0,12,SLAYTON WWTP,SLAYTON CITY,1.0
27001017001,1c449f6b-6861-44ac-9f35-0543a1b12b65,0,13,SLAYTON WWTP,SCHREIER/TRAVIS J & KATIE A,0.0
27001017001,f6da2a8f-9817-4064-8980-8a627e445cbf,0,14,SLAYTON WWTP,SWENSON/DAVID A/REV TRUST,0.0
27001017001,7083b91f-5bad-4bf4-ad23-1dfcb26ac81e,0,15,SLAYTON WWTP,BURMEISTER/LYNN A,0.0
27001017001,1151c022-a727-497e-b811-fc4b1ca36108,0,16,SLAYTON WWTP,KOHLS/GUS ANDREW & LANE R,0.0
27001017001,95d471cc-1db5-463f-8f65-c54a7d33d14a,0,17,SLAYTON WWTP,RUPP/D A,0.0
27001017001,d17b6b43-a259-461b-928c-1daf4a5f532d,0,18,SLAYTON WWTP,SLAYTON CITY,1.0
27001017001,1b32a04d-7647-4cf3-9890-49edab8b93d3,0,19,SLAYTON WWTP,SLAYTON EC DEV AUTHORITY,1.0
27001017001,3ac26ff3-b10d-42ef-8efe-6358307b1baa,0,20,SLAYTON WWTP,SLAYTON CITY,1.0
27002201001,6f39c407-ec01-4432-af0b-e36b0e0759dc,1,1,LONGVILLE WWTP,CITY OF LONGVILLE,1.0
27002201001,2154d38c-293c-4490-9ff8-b0bd050f1177,0,2,LONGVILLE WWTP,CITY OF LONGVILLE,1.0
27002201001,24747cad-fb24-4ba9-966e-cd12e47abb5c,0,3,LONGVILLE WWTP,CITY OF LONGVILLE,1.0
27002201001,e874e766-5511-4762-b744-3ffd0610d4e7,0,4,LONGVILLE WWTP,CITY OF LONGVILLE,1.0
27002201001,347a2071-76bc-458e-b550-667afd93a676,0,5,LONGVILLE WWTP,STATE OF MINNESOTA,0.0
27002201001,4d5b60c0-b574-4fa0-b500-97c9f8e4b87c,0,6,LONGVILLE WWTP,CITY OF LONGVILLE,1.0
27002201001,fdda3e94-2c92-45a2-904f-753251d8ed15,0,7,LONGVILLE WWTP,CITY OF LONGVILLE,1.0
27002201001,6a963e26-f85d-4651-bd0c-db6bd5fe8edb,0,8,LONGVILLE WWTP,STATE OF MINNESOTA,0.0
27002201001,d61d4e1d-d93a-4ddc-afa6-df64fdccea32,0,9,LONGVILLE WWTP,STATE OF MINNESOTA,0.0
27002201001,db7bc1ef-1667-4b4a-b6cb-c5b45a82baa3,0,10,LONGVILLE WWTP,COUNTY OF CASS,0.0
27002201001,c244f013-ba6f-4ff7-99bd-2e3c53fccce3,0,11,LONGVILLE WWTP,"STATE OF MINNESOTA, DNR",0.0
27002201001,6f0b8f77-2632-4d4b-9074-fb7e0bf9c376,0,12,LONGVILLE WWTP,,
27002201001,81e3217d-f319-4e55-a6bd-dd25643116f6,0,13,LONGVILLE WWTP,STATE OF MINNESOTA,0.0
27002201001,716ee86d-a495-408b-aa9d-047c33c52cff,0,14,LONGVILLE WWTP,CITY OF LONGVILLE,1.0
27002201001,a7d6c1b3-de6d-444b-b957-d7ec79dd02dc,0,15,LONGVILLE WWTP,"STATE OF MINNESOTA, DNR",0.0
27002201001,e7404c48-9f7d-4835-95fe-29f9cecddef0,0,16,LONGVILLE WWTP,SALEM EVAN LUTHERAN CHURCH,0.0
27002201001,82f0daa5-59ed-4bcf-a6eb-229a3cb5952c,0,17,LONGVILLE WWTP,WABEDO TOWNSHIP,0.0
27002201001,e6efc6cd-6326-4551-ab8c-2e3d46080963,0,18,LONGVILLE WWTP,STATE OF MINNESOTA,0.0
27002201001,0d314778-fdea-4933-b0ce-06442c154a3c,0,19,LONGVILLE WWTP,ST EDWARDS CATHOLIC CHURCH,0.0
27002201001,204c3d6c-310b-4453-bc71-17c993608c33,0,20,LONGVILLE WWTP,TOWNSEDGE ESTATES LLC,0.0
27007118001,c3032eb4-3eed-4a0d-8f86-fb518a289381,1,1,PIPESTONE WWTP,PIPESTONE/CITY OF,1.0
27007118001,cf3ea53f-2016-4b0a-844a-f4bbb2eff494,0,2,PIPESTONE WWTP,PIPESTONE/CITY OF,1.0
27007118001,45aaa61c-d0e5-46ea-afe5-9d48011bdd71,0,3,PIPESTONE WWTP,INDEPENDENT SCHOOL DIST 2689,0.0
27007118001,db3d4d14-0979-42d4-904b-e4e6d5aaa1e2,0,4,PIPESTONE WWTP,INDEPENDENT SCHOOL DIST 2689,0.0
27007118001,556e604c-ce27-446f-8d1f-f84c903922a1,0,5,PIPESTONE WWTP,INDEPENDENT SCHOOL DIST 2689,0.0
27007118001,611f32a6-f288-4fa9-8e95-dc1500eed9fe,0,6,PIPESTONE WWTP,PIPESTONE/CITY OF,1.0
27007118001,2809c506-10b9-4307-aaa5-c9499fd0be4f,0,7,PIPESTONE WWTP,PIPESTONE/CITY OF,1.0
27007118001,5eb9c294-3341-4cdd-92bc-b9a3b3ea2b4c,0,8,PIPESTONE WWTP,PIPESTONE/COUNTY OF,1.0
27007118001,8fa13abf-2401-4173-8343-fcd4ab4c4623,0,9,PIPESTONE WWTP,PIPESTONE/CITY OF,1.0
27007118001,d8f26d6f-3351-493d-a8bd-82e5a0364e4f,0,10,PIPESTONE WWTP,PIPESTONE/CITY OF,1.0
27007118001,c5503122-c881-4784-a976-6d2efa47f932,0,11,PIPESTONE WWTP,WEINKAUF/CURTIS & RUTH/LT,0.0
27007118001,7cf64569-122d-400d-b5b6-c6922b6107d8,0,12,PIPESTONE WWTP,WEINKAUF/CURTIS & RUTH/LT,0.0
27007118001,7eac9b5b-2b71-4ad3-b134-478ad350348f,0,13,PIPESTONE WWTP,WEINKAUF/CURTIS & RUTH/LT,0.0
27007118001,195c6650-5428-4638-b9b7-fccf18b7b9e4,0,14,PIPESTONE WWTP,GROTH FAMILY LIVING TRUST,0.0
27007118001,5c474a3f-2af8-4c97-8967-34f73271a4d2,0,15,PIPESTONE WWTP,PIPESTONE/CITY OF,1.0
27007118001,becca731-6495-4e6d-b636-4f2704656f87,0,16,PIPESTONE WWTP,WEINKAUF/RYAN,0.0
27007118001,f41e1f34-8f74-4f2b-976a-c299e55c86e1,0,17,PIPESTONE WWTP,WEINKAUF/RYAN,0.0
27007118001,613eb437-db92-4ef8-9414-95a18de65b38,0,18,PIPESTONE WWTP,,
27007118001,33a7ff58-4ec4-4a67-bf4e-e78ad1a0a88c,0,19,PIPESTONE WWTP,POPMA/COREY M & JULIE A,0.0
27007118001,6554c291-a004-4c41-bbcf-8f2f1040d765,0,20,PIPESTONE WWTP,PIPESTONE/CITY OF,1.0
28000000077,b7cf49c5-5555-4611-af63-1a5fd2f93f3f,1,1,South Woolmarket Harrison County Utility Authority,HARRISON CO UTILITY AUTH,0.4261178248939525
28000000077,59456327-4fca-4fa7-9a53-6b8031c7fc6f,0,2,South Woolmarket Harrison County Utility Authority,BILOXI CITY OF,0.0
28000000077,08bdae68-2521-4d4a-86fa-90914b90273f,0,3,South Woolmarket Harrison County Utility Authority,SECTY OF STATE,0.0
28000000077,5cfe4eea-b364-4003-946a-23ce4128baa5,0,4,South Woolmarket Harrison County Utility Authority,BILOXI CITY OF,0.0
28000000077,9e79ab89-0d4a-4a71-be50-c8e1c5f4ddbf,0,5,South Woolmarket Harrison County Utility Authority,BILOXI CITY OF,0.0
28000000077,8b5aded5-9bfd-4639-9104-52662eb0f5ba,0,6,South Woolmarket Harrison County Utility Authority,STATE OF MISSISSIPPI,0.0
28000000077,cd743558-a39b-452f-903b-d9329d1bf3ac,0,7,South Woolmarket Harrison County Utility Authority,SECTY OF STATE,0.0
28000000077,8e927024-fd88-44a7-9536-36e2928b6f9d,0,8,South Woolmarket Harrison County Utility Authority,HOBGOOD MYRON R MRS,0.0
28000000077,6d00baa7-65bb-4d02-a3c2-a892279e4fef,0,9,South Woolmarket Harrison County Utility Authority,PITTS DEBBIE ROGERS,0.0
28000000077,2419d552-12df-4f98-8c59-30e7cdc49bdb,0,10,South Woolmarket Harrison County Utility Authority,HOBGOOD MYRON R MRS,0.0
28000000077,64f25213-8219-4f0a-8b6f-34d4c2cb1c59,0,11,South Woolmarket Harrison County Utility Authority,HOBGOOD MYRON R MRS,0.0
28000000077,6174a3a8-2cb2-4447-8798-cd9831b67281,0,12,South Woolmarket Harrison County Utility Authority,RIVER OAKS PROP OWNERS ASSO INC,0.0
28000000077,4ed1e3c0-74e7-41ef-b952-412dd240507c,0,13,South Woolmarket Harrison County Utility Authority,STATE OF MISSISSIPPI,0.0
28000000077,1bf6f6e9-3b92-4142-b959-9e94f4accad4,0,14,South Woolmarket Harrison County Utility Authority,HOOD CYNTHIA ANN WILLIAMS ETAL,0.0
28000000077,9ffe6ca6-f0e3-42b0-bd77-e5e854721b2a,0,15,South Woolmarket Harrison County Utility Authority,FALER M L & BETTY JO BOYETT,0.0
28000000077,2412c983-b96c-4fc2-9798-9ef2525566f2,0,16,South Woolmarket Harrison County Utility Authority,HARRISON CO SCHOOL BOARD,0.4261178248939525
28000000077,cae5afb1-26b4-49f1-b703-e72862b2e9ea,0,17,South Woolmarket Harrison County Utility Authority,HOOD CYNTHIA ANN WILLIAMS,0.0
28000000077,814d313e-4460-4493-ad9d-53d59fb22671,0,18,South Woolmarket Harrison County Utility Authority,HOBGOOD MYRON R,0.0
28000000077,ba2d9972-166b-4981-9644-0f6a3878a116,0,19,South Woolmarket Harrison County Utility Authority,HOBGOOD MYRON R MRS,0.0
28000000077,24f0581e-c610-4eab-82d0-8449a8af01b1,0,20,South Woolmarket Harrison County Utility Authority,TRINITY BIBLE CHURCH AT RIVER OA,0.0
28000000078,fe183a33-07d7-4c4e-be16-43cc03c4075a,0,1,Copiah County Industrial Park,COPIAH COUNTY,0.44442115340501814
28000000078,7589f501-0d57-46ed-a17a-ff85587d3e88,0,2,Copiah County Industrial Park,COPIAH COUNTY (COUNTY JAIL AND,0.44442115340501814
28000000078,9cf8ca8f-3613-4f14-8cf9-5ff72f134e85,0,3,Copiah County Industrial Park,COPIAH COUNTY,0.44442115340501814
28000000078,b4741996-4bdd-4d4d-a7ed-776866643a6c,0,4,Copiah County Industrial Park,COPIAH COUNTY,0.44442115340501814
28000000078,f0b81974-8619-407f-b038-e6bd731c54e9,1,5,Copiah County Industrial Park,COPIAH COUNTY,0.44442115340501814
28000000078,f21d3b5d-bc41-407b-af43-c0d89a0c6bce,0,6,Copiah County Industrial Park,COPIAH COUNTY,0.44442115340501814
28000000078,b1bdb58f-043b-446b-94de-8b4b215d37a7,0,7,Copiah County Industrial Park,COPIAH COUNTY MISSISSIPPI,0.44442115340501814
28000000078,d632f04a-5242-4d32-b920-80ae00b3bc4d,0,8,Copiah County Industrial Park,COPIAH COUNTY MISSISSIPPI,0.44442115340501814
28000000078,eadf3141-24be-4aeb-a744-32ea4296bf35,0,9,Copiah County Industrial Park,COPIAH COUNTY,0.44442115340501814
28000000078,fe2f5e53-19e4-44e9-bd7f-0fcedaea2b38,0,10,Copiah County Industrial Park,M H O C LLC,0.0
28000000078,9f8691e0-369f-4cd4-9603-ee6ed3c05f74,0,11,Copiah County Industrial Park,WESTHAVEN FUNERAL HOME,0.0
28000000078,ead2cd6a-6545-48b4-92d7-4cce8cfb7187,0,12,Copiah County Industrial Park,GREATER DAMASCUS CHURCH OF CHRIST,0.0
28000000078,9a835c5b-eea0-468b-a1c9-ac537c584947,0,13,Copiah County Industrial Park,SHAW HARMON DEAN JR & EDNA H,0.0
28000000078,e3894eb5-937a-4528-86bc-7cf586111831,0,14,Copiah County Industrial Park,SANDERSON FARMS INC,0.0
28000000078,a56ee64d-e302-4130-9394-82d65147eb91,0,15,Copiah County Industrial Park,GREATER DAMASCUS CHURCH OF CHRIST,0.0
28000000078,ef9e4285-bf7f-4376-9bc4-4b311deb3724,0,16,Copiah County Industrial Park,GT-RE HOLDING 1 LLC,0.0
28000000078,40403c60-3110-44dd-bee0-72ac3c9f7e7c,0,17,Copiah County Industrial Park,SHAW HARMON DEAN JR & EDNA H,0.0
28000000078,2933442b-91a1-4811-99f2-6676a177dde1,0,18,Copiah County Industrial Park,BROMYER LLC,0.0
28000000078,534d18f0-cf8b-4e07-aa97-b62bd7ec06c5,0,19,Copiah County Industrial Park,STARKS JOYCE A SANDERS,0.0
28000000078,26274ead-c2cb-413c-a317-370e30d18fed,0,20,Copiah County Industrial Park,SANDERSON FARMS INC,0.0
28000360001,dcd275a2-0f9e-4535-b96d-34b6c9c40271,1,1,DURANT POTW,DURANT CITY OF,1.0
28000360001,67c9114e-dbf8-40a8-9d84-e22a2aea4b34,0,2,DURANT POTW,DURANT CITY OF,1.0
28000360001,90dbdd1b-7a0b-40fa-86e8-7c12c324f4b5,0,3,DURANT POTW,CITY OF DURANT,1.0
28000360001,cc6f0212-d7f4-42db-a7a7-289cd5fb1917,0,4,DURANT POTW,CITY OF DURANT,1.0
28000360001,bdaba1d8-7475-480b-b2b1-685e031cdd48,0,5,DURANT POTW,THE CITY OF DURANT,1.0
28000360001,acae4958-5eac-4001-a5c7-0a549d817358,0,6,DURANT POTW,CITY OF DURANT,1.0
28000360001,8d2e529a-e5f6-4b64-8cd5-59823190025c,0,7,DURANT POTW,CITY OF DURANT,1.0
28000360001,cd93e1c8-e046-4cf1-b21b-813a78425295,0,8,DURANT POTW,DURANT CITY OF,1.0
28000360001,2707f627-4f7b-4da1-8295-7be0c14ec4d0,0,9,DURANT POTW,DURANT CITY OF,1.0
28000360001,106c26fc-5169-42a4-a461-4fb37da205a3,0,10,DURANT POTW,HOLMES COUNTY,0.0
28000360001,c6ce8eba-20c6-458a-a404-71735972915d,0,11,DURANT POTW,TIMBER PRODUCERS-DURANT SAWMILL DIV,1.0
28000360001,c16099c9-a4e9-44b8-a98a-0c8b2a29aa77,0,12,DURANT POTW,SPRING LAKE FARMS INC.,0.0
28000360001,6f1d72b5-f066-4656-9b4b-454b00d1acb6,0,13,DURANT POTW,DURANT CITY OF,1.0
28000360001,8dc6aa78-e276-47c4-b4e8-448b46ddfaac,0,14,DURANT POTW,SPRING LAKE FARMS INC.,0.0
28000360001,63ce13f3-1275-4586-b0bf-f431aa79bea3,0,15,DURANT POTW,"DURANT, CITY OF",1.0
28000360001,44d540f4-b818-4e7c-9a01-7ae3658453de,0,16,DURANT POTW,"MOSS, RALPH MILTON JR.",0.0
28000360001,a27b01ee-8b5e-496e-8e42-81daf77636d6,0,17,DURANT POTW,DURANT CITY OF,1.0
28000360001,8c0a80c1-a20f-4e85-b94a-52f71af3b876,0,18,DURANT POTW,"PATTERSON, LEOTHA JR.",0.0
28000360001,15f619dd-8e43-4dc9-8688-d1ce7b78be4e,0,19,DURANT POTW,DURANT CITY OF,1.0
28000360001,8fcecda3-329f-49d6-956c-0688e08262a8,0,20,DURANT POTW,"DURANT, CITY OF",1.0
28001075001,7d710b78-0768-40db-8d24-9877eb3d5fe6,0,1,QUITMAN POTW,CLARKE COUNTY MISSISSIPPI,0.0
28001075001,672de6fa-ba2b-4179-a20d-41519e8539c1,0,2,QUITMAN POTW,CITY OF QUITMAN,1.0
28001075001,1d976d6d-f4aa-4990-aeba-13fdd41c9888,0,3,QUITMAN POTW,CLARKE COUNTY,0.0
28001075001,2162a78f-1471-4bf4-b1c1-bf7ad270a4ff,1,4,QUITMAN POTW,CITY OF QUITMAN,1.0
28001075001,8c05a36c-fa82-47ff-ad64-d56fdd75b264,0,5,QUITMAN POTW,CLARKE COUNTY MISSISSIPPI,0.0
28001075001,ecf83f90-925b-4614-b2ed-344e1395dae2,0,6,QUITMAN POTW,CLARKE COUNTY COOPERATIVE,0.0
28001075001,9b28df50-7c3a-4a76-92e6-d05ffee719ad,0,7,QUITMAN POTW,CITY OF QUITMAN,1.0
28001075001,c1c4709b-f3e9-4a79-b177-8b8fad72a19e,0,8,QUITMAN POTW,CITY OF QUITMAN,1.0
28001075001,e7efe566-e798-4160-b7fe-f63f7fb9ba9f,0,9,QUITMAN POTW,CITY OF QUITMAN,1.0
28001075001,1b7917ed-6b49-44e3-ada9-d0679f92b6d2,0,10,QUITMAN POTW,CLARKE COUNTY MISSISSIPPI,0.0
28001075001,7b13b13f-7ae9-42a8-aced-68f947c6eb69,0,11,QUITMAN POTW,CREATURE COMFORTS CLARKE COUNTY,0.0
28001075001,6feb2f9a-ee32-4f82-a4d8-72408b9a3b52,0,12,QUITMAN POTW,QUITMAN TIMBER LLC,1.0
28001075001,0ef0545c-eb5f-44ea-8f38-bd4606b25013,0,13,QUITMAN POTW,HOWARD INDUSTRIES INC.,0.0
28001075001,798e6bb9-ba00-4884-867e-033267289f09,0,14,QUITMAN POTW,TOWN OF QUITMAN (CEMETERY),1.0
28001075001,ae0d099f-879d-4871-a2ce-2bf7c1f5012f,0,15,QUITMAN POTW,PAT HARRISON WATERWAY DIST,0.0
28001075001,42956fb2-f712-4eb3-9c67-5adf1071c298,0,16,QUITMAN POTW,CLARKE COUNTY,0.0
28001075001,ba3ea983-49ae-4c81-af7a-f9c663992ccb,0,17,QUITMAN POTW,MISSISSIPPI POWER CO,0.0
28001075001,68539896-769b-499d-848c-902ab95ead76,0,18,QUITMAN POTW,MERIDIAN SOUTHERN RAILWAY,0.0
28001075001,473986e0-9708-49e9-9aaf-c9936f65542f,0,19,QUITMAN POTW,QUITMAN TIMBER LLC,1.0
28001075001,2dc3054d-3869-4e32-a154-e0ad71192109,0,20,QUITMAN POTW,MS TRANSPORTATION COMMISSION,0.0
28001250001,56ae89ad-ff0b-48a8-9546-ff41c32042f2,1,1,STARKVILLE POTW,CITY OF STARKVILLE,1.0
28001250001,61f06fd3-5a51-462d-a226-9ed4c792c40e,0,2,STARKVILLE POTW,CITY OF STARKVILLE,1.0
28001250001,cd2d09bc-3151-4309-a4bf-ffb6c69dfbbf,0,3,STARKVILLE POTW,CITY OF STARKVILLE,1.0
28001250001,15cecce6-9b69-4ebb-9152-d123227df20e,0,4,STARKVILLE POTW,CITY OF STARKVILLE,1.0
28001250001,d18b314f-ad77-4621-9f22-7a9acd0e6af5,0,5,STARKVILLE POTW,CITY OF STARKVILLE,1.0
28001250001,0577ec45-237f-4c33-b7f7-f0ca692a71b9,0,6,STARKVILLE POTW,CITY OF STARKVILLE,1.0
28001250001,aeff8bec-da6a-403d-97a5-6e2b2789ce38,0,7,STARKVILLE POTW,OKTIBBEHA COUNTY,0.0
28001250001,c1d7eeba-af0c-44f6-abae-704d79ae113b,0,8,STARKVILLE POTW,STARKVILLE MUNICIPAL SEPARATE,1.0
28001250001,f594170d-0659-481b-99bb-db77a84fe174,0,9,STARKVILLE POTW,MISS REGIONAL HOUSING AUTHORI,0.0
28001250001,57dcdd0e-5075-489f-adf6-99553500890a,0,10,STARKVILLE POTW,CITY OF STARKVILLE,1.0
28001250001,c409a1b5-97d6-4eb1-9f66-89b99746acd1,0,11,STARKVILLE POTW,STK MUN SEP SCH DIS,0.0
28001250001,aa6ce5fd-415a-4ada-893c-92c84cb74dd4,0,12,STARKVILLE POTW,CITY OF STARKVILLE MISSISSIPPI,1.0
28001250001,43bb2f90-25ca-47c1-a24f-aaaa78308789,0,13,STARKVILLE POTW,REHOBOTH WOODS LLC,0.0
28001250001,685114e5-b33e-4778-bd09-238ce41dbdc5,0,14,STARKVILLE POTW,STARKVILLE MUN SEP SCHOOL,1.0
28001250001,4cac0f3a-864c-42c2-bbf1-a6d9086778c3,0,15,STARKVILLE POTW,CITY OF STARKVILLE,1.0
28001250001,44baaec2-8d62-4f1b-958c-c1beb60d82cd,0,16,STARKVILLE POTW,OKTIBBEHA COUNTY COOPERATIVE AAL,0.0
28001250001,f6e09d6a-e6b1-47e0-9113-0d8cdf5a501f,0,17,STARKVILLE POTW,CITY OF STARKVILLE,1.0
28001250001,601ca4f4-a309-4d74-9a94-276f6a904db5,0,18,STARKVILLE POTW,STARKVILLE CITY SCHOOLS,1.0
28001250001,d9a3d13b-79e8-4cd3-9462-2e0f7b30398c,0,19,STARKVILLE POTW,CITY OF STARKVILLE,1.0
28001250001,d3780e03-7825-480d-a8dd-b9ab15d6cda5,0,20,STARKVILLE POTW,CITY OF STARKVILLE MISSISSIPPI,1.0
28001355001,063ff7a4-d1ce-4ba7-a9ed-ad8f8078d4c0,1,1,TYLERTOWN POTW,TOWN OF TYLERTOWN,1.0
28001355001,3b8ea794-faa8-44c9-8638-c5e1a0e21eee,0,2,TYLERTOWN POTW,TOWN OF TYLERTOWN MISSISSIPPI,1.0
28001355001,72e1ea40-acb3-42d1-9d6e-555e473b4121,0,3,TYLERTOWN POTW,TOWN OF TYLERTOWN MS,1.0
28001355001,639969e4-e9ec-4643-82d8-4a26a6cd6f2e,0,4,TYLERTOWN POTW,TOWN OF TYLERTOWN,1.0
28001355001,dd703a12-8c5a-4df2-b96d-3132bd3e4e84,0,5,TYLERTOWN POTW,TOWN OF TYLERTOWN MISSISSIPPI,1.0
28001355001,20a9a0ee-645f-4fd3-98db-05ba2e0b193b,0,6,TYLERTOWN POTW,TOWN OF TYLERTOWN,1.0
28001355001,50bf5f4e-bb96-4074-b673-3f1ffcd2a932,0,7,TYLERTOWN POTW,WALTHALL COUNTY,0.0
28001355001,3b7c239a-ea69-486c-b2bd-4541bc417263,0,8,TYLERTOWN POTW,TOWN OF TYLERTOWN MS,1.0
28001355001,5d72580c-4851-4013-962d-9055fd6b2bd8,0,9,TYLERTOWN POTW,WALTHALL COUNTY,0.0
28001355001,0548f764-dcf0-4def-9f3d-6fcc682825c0,0,10,TYLERTOWN POTW,CITY OF TYLERTOWN,1.0
28001355001,c11796f0-af22-44fb-8cc6-5eb7e84c9a94,0,11,TYLERTOWN POTW,TOWN OF TYLERTOWN CEMETARY,1.0
28001355001,083d1545-5d5f-46db-b411-eeb2e2531fc6,0,12,TYLERTOWN POTW,TOWN OF TYLERTOWN,1.0
28001355001,c805ba10-9264-443a-a461-d57cf878975e,0,13,TYLERTOWN POTW,BLACKWELL TOWNHOUSE APARTMENTS,0.0
28001355001,17ffa17e-2a2a-4c1a-9379-1ce10ec26193,0,14,TYLERTOWN POTW,RUSHING HARRY MACK ETUX SYLVIA D,0.0
28001355001,23dc8c60-8abf-4658-a726-ab14fa1a08c2,0,15,TYLERTOWN POTW,TYLERTOWN MUNICIPAL SCHOOL DST,1.0
28001355001,115f5962-56bb-4090-9fb3-e4b7e1056f23,0,16,TYLERTOWN POTW,CONERLY CARLTON ROANE,0.0
28001355001,3ccbb323-b590-4ebe-865f-c3d5b437a5df,0,17,TYLERTOWN POTW,CONERLY CARLTON ROANE,0.0
28001355001,f4424319-6754-450a-8db8-5ea31dedf55a,0,18,TYLERTOWN POTW,WALTHALL COMMUNITY CNTRY CLUB,0.0
28001355001,1dc3702c-591e-4e33-af82-22125c992f50,0,19,TYLERTOWN POTW,HARVEY ANN,0.0
28001355001,ea2e7722-c1b3-4715-ada7-076dd737b121,0,20,TYLERTOWN POTW,TYLERTOWN MUNICIPAL SCHOOL DST,1.0
29001007001,db72fe69-40d6-4a85-860f-9c951a6de3f1,0,1,Hannibal WWTP,"HANNIBAL, CITY OF",1.0
29001007001,9bbfdd8c-cf78-4383-87c2-b09d3731fffb,0,2,Hannibal WWTP,"HANNIBAL, CITY OF",1.0
29001007001,2f2c115c-0afc-446f-9684-9de4f06c69b0,1,3,Hannibal WWTP,"HANNIBAL, CITY OF",1.0
29001007001,cf23ecaa-ca43-4f53-b903-464aef7f94d5,0,4,Hannibal WWTP,HANNIBAL MUNICIPAL ASSISTANCE,1.0
29001007001,87ea410a-905a-494f-8480-bc31abe9c5bc,0,5,Hannibal WWTP,"HANNIBAL, CITY OF",1.0
29001007001,17ea9e9c-be53-4619-8e30-39fbdebf3e4e,0,6,Hannibal WWTP,"HANNIBAL, CITY OF",1.0
29001007001,c7268178-d88e-4566-ac8d-6019e884e272,0,7,Hannibal WWTP,"HANNIBAL, CITY OF",1.0
29001007001,463794dc-dbf0-4c8a-a913-d2d2d150fdb5,0,8,Hannibal WWTP,"HANNIBAL, CITY OF",1.0
29001007001,13ffb7e3-ea8f-4fc5-9d75-e9fb47bf2b88,0,9,Hannibal WWTP,"HANNIBAL, CITY OF",1.0
29001007001,4ceda9bf-c19a-41d2-9b8a-b66984856bac,0,10,Hannibal WWTP,"HANNIBAL, CITY OF",1.0
29001007001,891082cf-4177-4b5e-9e33-ab8f86debfc0,0,11,Hannibal WWTP,"HANNIBAL, CITY OF",1.0
29001007001,96ab3af2-8175-4fde-b612-c7e796420c31,0,12,Hannibal WWTP,"RAILROAD, BURLINGTON NORTHERN",0.0
29001007001,67dcb43e-7136-4f57-8108-81e2c4b05505,0,13,Hannibal WWTP,"HANNIBAL, CITY OF",1.0
29001007001,edd7aaf8-3686-4cec-bdff-0d33dd0e2ef0,0,14,Hannibal WWTP,"HANNIBAL, CITY OF",1.0
29001007001,17a07c77-6013-459e-be0d-7e0746dcb066,0,15,Hannibal WWTP,"HANNIBAL, CITY OF",1.0
29001007001,6e95ef7c-8495-4ef1-bb9b-1c29a80d9743,0,16,Hannibal WWTP,"HANNIBAL, CITY OF",1.0
29001007001,cffa4815-c122-4354-a3eb-47de7c7cf196,0,17,Hannibal WWTP,"HANNIBAL, CITY OF",1.0
29001007001,59a6d67c-be0b-4e01-9b40-4a3e4485a3dd,0,18,Hannibal WWTP,"HANNIBAL, CITY OF",1.0
29001007001,74244e5a-ce45-4004-b203-a0c2722ac533,0,19,Hannibal WWTP,"HANNIBAL, CITY OF",1.0
29001007001,06923846-3404-4640-bfbd-cbf88fc19a80,0,20,Hannibal WWTP,"HANNIBAL, CITY OF",1.0
29001024002,5377eca6-179b-4aa9-94f3-2f1231f37336,0,1,Sedalia North WWTP,CITY OF SEDALIA,1.0
29001024002,bf62e176-c24a-4c37-9303-f7882fc9a2b7,0,2,Sedalia North WWTP,PETTIS COUNTY,0.0
29001024002,c41ee229-3a45-4468-afb6-818fc22cb7b4,0,3,Sedalia North WWTP,CITY OF SEDALIA,1.0
29001024002,ab4d9021-a9a0-4f1f-b02a-2b431c72d407,0,4,Sedalia North WWTP,CITY OF SEDALIA,1.0
29001024002,9a36910c-0054-46fb-a3fc-697b0482e006,1,5,Sedalia North WWTP,CITY OF SEDALIA DISPOSAL PLANT,1.0
29001024002,2ba02685-a84a-4685-aa35-76fb82d3d577,0,6,Sedalia North WWTP,CITY OF SEDALIA,1.0
29001024002,6895bbb1-b43d-434b-b317-eed7bd1ddcd4,0,7,Sedalia North WWTP,CITY OF SEDALIA,1.0
29001024002,a15648d2-c4be-4840-accf-171dba3d870b,0,8,Sedalia North WWTP,WATERLOO INDUSTRIES INC,0.0
29001024002,fc0afc09-6e66-41dc-a2ee-9d33d3e922cb,0,9,Sedalia North WWTP,CITY OF SEDALIA,1.0
29001024002,0047b8a3-af40-4c78-a87f-450a1431dadc,0,10,Sedalia North WWTP,SEDALIA / PETTIS COUNTY COMMUNITY SERVICE CORPORATION,1.0
29001024002,321c00e7-56db-4693-a9bf-12599aae0230,0,11,Sedalia North WWTP,PETTIS COUNTY ROAD & BRIDGE,0.0
29001024002,f266e65f-c538-4550-bb7b-ac0eec3a9f88,0,12,Sedalia North WWTP,"POORT, WILLIAM A & VALERIE A",0.0
29001024002,a8472a04-04d6-46cc-83be-a3ad2218ce00,0,13,Sedalia North WWTP,SEDALIA HOUSING AUTHORITY,1.0
29001024002,8afdc473-cc25-45b0-8f05-f96162553846,0,14,Sedalia North WWTP,STATE OF MISSOURI,0.0
29001024002,6db9a3bc-c5d7-485c-ad7d-8af03350bcea,0,15,Sedalia North WWTP,THAT SOUNDS LIKE A DARE LLC,0.0
29001024002,839520f7-8504-4c29-b55a-c7f03f4a95bb,0,16,Sedalia North WWTP,STARLINE INC,0.0
29001024002,06c1e54f-d639-4120-af12-e58bc34b0d42,0,17,Sedalia North WWTP,SEDALIA HOUSING AUTHORITY,1.0
29001024002,c7294ab8-1d35-4640-8880-d98177db10aa,0,18,Sedalia North WWTP,CENTER FOR HUMAN SERVICES INC,0.0
29001024002,e63b3ab2-f092-4e38-a4ed-01b6e3eda552,0,19,Sedalia North WWTP,"VINNICHUK, IVAN",0.0
29001024002,62223e37-7c2b-4753-bced-241765839274,0,20,Sedalia North WWTP,PETTIS COUNTY,0.0
29001049001,62a4e2b5-cfcb-47ef-a61f-4097bd51c558,1,1,Edina WWTP,EDINA CITY OF,1.0
29001049001,af509fa5-a3e1-474a-be3f-22f5429a878d,0,2,Edina WWTP,EDINA CITY OF,1.0
29001049001,e066936c-416c-471f-888f-933139dae490,0,3,Edina WWTP,MISSOURI STATE HIGHWAY COMM,0.0
29001049001,bda465a3-c234-4362-8037-312e49dc7418,0,4,Edina WWTP,KNOX COUNTY NURSING HOME,0.0
29001049001,d7c204e8-5ca1-4713-8cc3-fb5b0a321d9b,0,5,Edina WWTP,KNOX COUNTY R-1 SCHOOL DISTRICT,0.0
29001049001,1c8eab2a-f01b-4748-b4e5-d1aa254d0a99,0,6,Edina WWTP,HAYES KELLY & LACY ETAL,0.0
29001049001,9de7434e-fbf6-44ef-a8c4-f89772532cb5,0,7,Edina WWTP,EDINA CITY OF,1.0
29001049001,c8095953-4d14-4f47-8449-f4fa623bd56b,0,8,Edina WWTP,ASSEMBLY OF GOD CHURCH,0.0
29001049001,09472920-f59b-4211-88c6-22ab60a30c0b,0,9,Edina WWTP,KNOX COUNTY SENIOR HOUSING,0.0
29001049001,24b4f18a-fbe3-484b-9dd8-c9cef6239b6d,0,10,Edina WWTP,KNOX COUNTY,0.0
29001049001,afdf71fc-381f-4348-a401-eb71298a7068,0,11,Edina WWTP,SCHRAGE JEREMIAH,0.0
29001049001,0a2f97bc-437f-430f-abf9-bbd9161c1236,0,12,Edina WWTP,SCHRAGE FARMS LLC,0.0
29001049001,d8fcb558-419f-4d87-9225-adb1b816e309,0,13,Edina WWTP,PARRISH ANDREW W & TAYLAR G,0.0
29001049001,6de6133d-d3d1-4156-8f2e-f7e791281408,0,14,Edina WWTP,CLARK LAWRENCE & CLEVA FAMILY TRUST,0.0
29001049001,169195d5-2c3b-403e-9c7e-1105bc7194c2,0,15,Edina WWTP,CARDWELL W LESLIE & KIMBERLY A,0.0
29001049001,919ec38d-ff9b-423f-a409-c40b9981c87f,0,16,Edina WWTP,DEVENY THOMAS J,0.0
29001049001,22dd12e7-194a-4492-a323-b7b3b40dff07,0,17,Edina WWTP,SCHRAGE ERNIE & BRENDA,0.0
29001049001,9fda9df8-6253-44f6-9e53-8a446dc033f7,0,18,Edina WWTP,PENN JAMES & JULIE FAMILY TRUST,0.0
29001049001,256df3c3-31f3-4d1e-bc40-1c0926c90544,0,19,Edina WWTP,EDINA CITY OF,1.0
29001049001,20016408-3c2c-4b12-b467-56413b501698,0,20,Edina WWTP,PENN JAMES & JULIE FAMILY TRUST,0.0
29001108001,0545f36e-610e-4182-a865-21aa19a20e30,1,1,Green Ridge WWTP,CITY OF GREEN RIDGE,1.0
29001108001,637b7eb7-3364-49b8-bcec-2bac25ca3240,0,2,Green Ridge WWTP,CITY OF GREEN RIDGE CEMETERY,1.0
29001108001,dc765f27-690d-4b9e-8d22-22ff2693e6e1,0,3,Green Ridge WWTP,CITY OF GREEN RIDGE CEMETERY,1.0
29001108001,7685e81a-6f5b-4b19-8c29-3bda9bc66118,0,4,Green Ridge WWTP,GREEN RIDGE SCHOOL DISTRICT R8,1.0
29001108001,9a1f99c2-25cc-4edb-a482-5d26ee85c8a8,0,5,Green Ridge WWTP,GREEN RIDGE RECREATION ORGANIZATION,1.0
29001108001,57796a3d-336c-47ab-8598-30eec87d37a7,0,6,Green Ridge WWTP,CITY OF GREEN RIDGE,1.0
29001108001,1212d8f1-e4a1-4a28-8d4b-d6f6b9169e27,0,7,Green Ridge WWTP,CITY OF GREEN RIDGE,1.0
29001108001,8718f588-335d-44a7-b3bd-bef8f066c262,0,8,Green Ridge WWTP,GREEN RIDGE SCHOOL DISTRICT R8,1.0
29001108001,c03e0b95-6743-4414-9739-e6a6180f105f,0,9,Green Ridge WWTP,"NEITZERT, PAUL R & BONNIE J TR",0.0
29001108001,2c25247e-9478-4a5c-ad90-331ebc68107e,0,10,Green Ridge WWTP,"REED, RICHARD J TR",0.0
29001108001,3017f982-174b-41b9-a19c-ec40a1289693,0,11,Green Ridge WWTP,CITY OF GREEN RIDGE CEMETERY,1.0
29001108001,f0f61955-75fd-4145-8675-e954cece2073,0,12,Green Ridge WWTP,"NEITZERT, PAUL R & BONNIE J TR",0.0
29001108001,112e73cc-79cc-4b90-a17d-3999ce50cb8c,0,13,Green Ridge WWTP,"HARDY, CHARLES & VICKI LV TR",0.0
29001108001,9f24c44b-b6f3-43f1-bf3d-83079887a10a,0,14,Green Ridge WWTP,"HARDY, CHARLES & VICKI LV TR",0.0
29001108001,79f41515-e912-445d-9b96-1567a1b5d83f,0,15,Green Ridge WWTP,"HARDY, CHARLES & VICKI LV TR",0.0
29001108001,cf97d66c-1404-4b42-8c13-506eeccaef20,0,16,Green Ridge WWTP,"EILKS, CARRIE S / JAY L PURCHASE / LADDIE JOE PURCHASE",0.0
29001108001,0f33231f-3e63-4d6e-8fb1-bf6bb581ff00,0,17,Green Ridge WWTP,,
29001108001,7df5697b-b02b-400d-a083-b83ab4c4c937,0,18,Green Ridge WWTP,"BERRY, ROBERT T / ALEXANDER M BERRY / ANDREA R BERRY",0.0
29001108001,9018df81-3ca5-45e1-bffb-c32d954ba159,0,19,Green Ridge WWTP,,
29001108001,be1c52be-24ef-4432-96f7-ad5bbec6c120,0,20,Green Ridge WWTP,"MEYERS, JACOB RUSSELL & ASHLEY MARIE",0.0
29001191001,ab39b9cb-2fb2-4ead-8809-03bee68dbe29,1,1,Pevely WWTP,PEVELY CITY OF,1.0
29001191001,ba379876-ad63-4278-8e8b-9daea3aa656d,0,2,Pevely WWTP,2100 STATE ROAD Z LLC,0.0
29001191001,63c9d8ac-3408-445a-b0dc-bc214c00bfb9,0,3,Pevely WWTP,PEVELY CITY OF,1.0
29001191001,8428e900-0e77-42a1-bef5-995190acadbb,0,4,Pevely WWTP,MARTIN DAIRY FARMS,0.0
29001191001,7a8a5ee2-e96a-4467-a5e6-c5d15a26d4e4,0,5,Pevely WWTP,FESTUS CITY OF,0.0
29001191001,0ebf23c8-169c-4856-9369-4856b3709224,0,6,Pevely WWTP,2100 STATE ROAD Z LLC,0.0
29001191001,aa7e6bc8-3d8a-496f-8318-20a8006e96c7,0,7,Pevely WWTP,QUENTIN TIERRA LLLP,0.0
29001191001,fb9efa87-db4b-4bc4-b3ea-2699c4545eaf,0,8,Pevely WWTP,DUNKLIN FIRE PROTECTION DIST,0.0
29001191001,abcf4a6b-8fd3-4447-bd38-8b5355866e21,0,9,Pevely WWTP,QUENTIN IERRA LLLP,0.0
29001191001,6e0f7ff0-90a7-42bd-a593-d9156a814d6d,0,10,Pevely WWTP,MARTIN DAIRY FARMS INC,0.0
29001191001,4a6d8d73-d546-4a45-93b7-d975de57358b,0,11,Pevely WWTP,MARTIN DAIRY FARMS,0.0
29001191001,c9d26b13-4ef7-4e50-8de8-288271889147,0,12,Pevely WWTP,UNION ELECTRIC DBA AMEREN MO,0.0
29001191001,042049a8-4db3-41e2-ac42-057fe7c6beb0,0,13,Pevely WWTP,MARTIN DAIRY FARMS INC,0.0
29001191001,8651ea51-26ed-4bc9-bbf9-0ffe1de9a648,0,14,Pevely WWTP,WEIER JEFFREY,0.0
29001191001,5a4d78fd-203d-443f-9c32-7a903420ddfe,0,15,Pevely WWTP,HEIZER HELEN G TRUST,0.0
29001191001,e20d2bbc-9439-49e8-bcfa-b6e4324a709e,0,16,Pevely WWTP,DUNKLIN R-5 SCHOOL DIST,0.0
29001191001,2921145d-6da6-4810-850d-a4742bea8d7d,0,17,Pevely WWTP,STRIEDER JASON & SARA,0.0
29001191001,6b926036-a45e-48b5-ba22-9d254bd9f8cd,0,18,Pevely WWTP,THOMAS INDUSTRIAL PROP LLC,0.0
29001191001,be346c58-e5c6-4038-9f42-76cbb6642c32,0,19,Pevely WWTP,MATTINGLY INVESTMENTS LLC,0.0
29001191001,c5b00df1-3436-4f1e-9743-88a2cb8e5eac,0,20,Pevely WWTP,LACAL INVESTMENTS INC,0.0
29003084001,fec4f467-2a27-4822-8725-10a101a1de5b,0,1,Coffey Lagoon,"KC2 REAL ESTATE, LLC",0.0
29003084001,cb2f7ef0-e82c-4cf1-aad6-f45fd96929ee,0,2,Coffey Lagoon,"DUNAGAN, TOMMY LEE",0.0
29003084001,834294b1-02b9-4c4d-93d1-ccb7560272bf,0,3,Coffey Lagoon,DUTCH FARMS LLC,0.0
29003084001,bd52246c-d615-4a7c-bc5f-c1e79c83dd69,0,4,Coffey Lagoon,"KC2 REAL ESTATE, LLC",0.0
29003084001,d70e962d-3f50-4e6f-99fb-d4a5f4360319,0,5,Coffey Lagoon,DUTCH FARMS LLC,0.0
29003084001,45bf1ddb-abdb-4d9e-9f39-a1671c44d7ff,0,6,Coffey Lagoon,DUTCH FARMS LLC,0.0
29003084001,257af8c5-85f4-4524-82dc-a5bbc014657d,0,7,Coffey Lagoon,DUTCH FARMS LLC,0.0
29003084001,9970776d-c284-4fe2-b2d4-ed63c270228b,0,8,Coffey Lagoon,"KC2 REAL ESTATE, LLC",0.0
29003084001,e21f0744-20db-41ff-bebf-e721f35e1da8,0,9,Coffey Lagoon,"KC2 REAL ESTATE, LLC",0.0
29003084001,d96af723-a627-4b3f-b8a9-e43a5a543e80,0,10,Coffey Lagoon,"MILLER, DOUGLAS G. & BONNIE L.",0.0
29003084001,fb7bb363-dda5-4790-a114-48535729704c,0,11,Coffey Lagoon,"MILLER, DOUGLAS G. & BONNIE L.",0.0
29003084001,ed3bf3e1-5fbe-4dc8-8f0b-57cec8a33a73,0,12,Coffey Lagoon,"MILLER, DOUGLAS G & GARY MILLER",0.0
29003084001,e4a58511-8fbd-4135-9696-5238c0030e0a,0,13,Coffey Lagoon,"MILLER, DOUGLAS G. & BONNIE L.",0.0
29003084001,54726fa0-f2a7-447f-947d-3ca7e55525cd,1,14,Coffey Lagoon,"COFFEY, CITY OF",1.0
29003084001,ad3c7640-a31b-4959-8049-a927e12bd246,0,15,Coffey Lagoon,"MEADOR, ROCKY JOE",0.0
29003084001,6d0edfec-5d67-4129-95ef-1a4c06919643,0,16,Coffey Lagoon,"ROEMER, DANIEL DAVID & MEGAN BETH",0.0
29003084001,961a6483-89b5-4b54-b5ec-6c5dd8a134e6,0,17,Coffey Lagoon,"VOGEL, RICKEY RAY & RONETTA BURTON",0.0
29003084001,77c20f7d-de64-4394-aa10-1f4a21115506,0,18,Coffey Lagoon,"MILLER, DOUGLAS G & GARY L",0.0
29003084001,f75c9093-f0d9-4792-90aa-dcad2ddc3637,0,19,Coffey Lagoon,"VINZANT, ESTHER J & MICKEY SHANE",0.0
29003084001,c6eb0b8e-f41e-45ac-8b05-992c0fd98454,0,20,Coffey Lagoon,"WARRIOR SYSTEMS, LLC",0.0
29003703001,e32b2a18-0e75-46d7-a949-bfd268ec31e8,0,1,Southwest City WWTP,CITY OF SOUTHWEST CITY,1.0
29003703001,10aaa0b0-bce6-439c-8fde-efa6f94c018d,0,2,Southwest City WWTP,CITY OF SOUTHWEST CITY,1.0
29003703001,e748a046-b094-41d8-93dc-de7486f41da9,1,3,Southwest City WWTP,CITY OF SOUTHWEST CITY,1.0
29003703001,1dfe4903-0143-4f70-bc74-8fde2916e413,0,4,Southwest City WWTP,SOUTHWEST CITY CEMETERY,1.0
29003703001,99d27c7d-361c-43a2-ac14-8ae605157d36,0,5,Southwest City WWTP,FIRST BAPTIST CHURCH,0.0
29003703001,fd745b48-bae2-4da0-bd53-1ded25fc1328,0,6,Southwest City WWTP,SOUTHWEST CITY SCHOOL,1.0
29003703001,d2a31716-039e-401c-8c13-1a94ce3fe6df,0,7,Southwest City WWTP,SWC PARK,0.0
29003703001,7ac7c6a4-12af-49a0-93b8-f289201c0985,0,8,Southwest City WWTP,SILOAM SPRINGS VET CLINIC,0.0
29003703001,a5c8dcf3-d9ed-4881-b27f-646eb71ed177,0,9,Southwest City WWTP,HOLLY FARMS LLC,0.0
29003703001,98d226e0-2710-4c3e-96b0-69e563fff2af,0,10,Southwest City WWTP,CITY OF SOUTHWEST CITY,1.0
29003703001,f26134d6-2225-4d22-8cea-87db14ae0fb9,0,11,Southwest City WWTP,"BLANKENSHIP, ROBERT & ANNE",0.0
29003703001,4dc20131-e8e8-4a7f-a32e-13262150ee55,0,12,Southwest City WWTP,"PARI PETROLEUM-USA CORP, INC",0.0
29003703001,f88983b7-c900-4c75-8fbf-94716847eeed,0,13,Southwest City WWTP,CALVARY COWBOY CHURCH OF SOUTHWEST,1.0
29003703001,9a01825c-0ffb-4335-8c6a-bf5efc4d8634,0,14,Southwest City WWTP,"PEDROZA, CELSO & MARIA DAVILA",0.0
29003703001,12dc1d34-dcaa-47fa-bcdf-520d3cf419cd,0,15,Southwest City WWTP,"LEACH, GREG & LANA",0.0
29003703001,056058e7-f7e9-49a3-8164-3dc6d0f3518f,0,16,Southwest City WWTP,"KRENZ-PRICE, LINDA K",0.0
29003703001,5b15a6bc-d843-43cd-88cf-b9a5d50a0c83,0,17,Southwest City WWTP,"RICHARDS, TIMOTHY RYAN & NOVLENE RE",0.0
29003703001,1fcc018a-b9e7-45f6-9d80-4770d7f2d207,0,18,Southwest City WWTP,"EASTER, ROBERT J",0.0
29003703001,4b01913b-ceef-4f5f-bb0c-1a3272b2ea8e,0,19,Southwest City WWTP,"SIMS, BILL",0.0
29003703001,478e2847-9c89-4755-a175-f9745a942b97,0,20,Southwest City WWTP,"SPENCER, ROXANNE",0.0
29003861001,a9f2f669-96a4-4780-be00-48670b20593a,1,1,Winfield WWTP,CITY OF WINFIELD,1.0
29003861001,250d975b-fa89-4a1f-8cef-56a3eaa8ee07,0,2,Winfield WWTP,REORGANIZED SCHOOL DISTRICT #4,0.0
29003861001,057798c8-eb59-4751-8cfc-08bacafc3c1b,0,3,Winfield WWTP,CITY OF WINFIELD,1.0
29003861001,2baede74-3f84-42dc-873e-f81393e50497,0,4,Winfield WWTP,SCHOOL DIST R-4,0.0
29003861001,cd1d1567-f47a-4aae-9451-20e96ab19fc1,0,5,Winfield WWTP,WINFIELD R-IV SCHOOL DIST,1.0
29003861001,1ce7c91e-04e7-4a5c-863c-b64adb24e33a,0,6,Winfield WWTP,COUNTY OF LINCOLN,0.0
29003861001,2dc9cbf0-3000-452b-b9fa-f34b838e3cad,0,7,Winfield WWTP,CAP AU GRIS DRAINAGE AND LEVEE DISTRICT,0.0
29003861001,0e4a86d4-8ad4-4710-896a-d03ada0f67e2,0,8,Winfield WWTP,CAP-AU-GRIS DRAINAGE AND LEVEE DIST,0.0
29003861001,b74834a1-1d88-44c3-b230-55892f740be9,0,9,Winfield WWTP,"GRAVENS, DAVID A",0.0
29003861001,3f801f0b-dbea-4e68-a67e-37e2a048907a,0,10,Winfield WWTP,CAP-AU-GRIS DRAINAGE AND LEVEE DIST,0.0
29003861001,f6ce09d4-0c65-439f-bcd9-f89f5143e4f9,0,11,Winfield WWTP,VICTOR PIPE & STEEL INC 2007 IRREVOCABLE TRUST,0.0
29003861001,3b8cf77f-72fb-45b4-aa03-daa7b981e4dd,0,12,Winfield WWTP,KEYSTONE INVESTORS LP,0.0
29003861001,730effe1-d697-4a17-8568-cb76b95a8c3f,0,13,Winfield WWTP,VICTOR PIPE AND STEEL INC 2007 IRRECVOCABLE TRUST,0.0
29003861001,dab54a8b-1308-49b3-b939-547d63e4a46d,0,14,Winfield WWTP,WINFIELD CEMETERY,1.0
29003861001,314b2e55-a3e4-4c1e-8d9b-57babfd54a48,0,15,Winfield WWTP,LINCOLN COUNTY MISSOURI,0.0
29003861001,cf1399a9-422e-43ba-b012-886350b87187,0,16,Winfield WWTP,ROLF FARM PROPERTIES LLC,0.0
29003861001,887d54c5-bd33-40d4-b2fc-f4e3e78879ee,0,17,Winfield WWTP,ROLF FARM PROPERTIES LLC,0.0
29003861001,e6eeb65c-05e5-45d2-b13b-770078255f19,0,18,Winfield WWTP,"GRAVENS, DAVID A",0.0
29003861001,60c341a1-ae27-4638-a69f-b9fcd24ca40a,0,19,Winfield WWTP,"GRAVENS, DAVID A",0.0
29003861001,727d2509-9574-4f68-b8d8-350c86f6355a,0,20,Winfield WWTP,"LANGSTON, BEATRICE",0.0
30000047001,3ed620cf-b83e-4450-a7b9-2085ed49cdae,0,1,MISSOULA WWTP,CITY OF MISSOULA,1.0
30000047001,c07b43db-b47b-4c17-8319-0da338184a16,0,2,MISSOULA WWTP,CITY OF MISSOULA,1.0
30000047001,6f28efd9-6be3-44a7-b6b8-21cf0dac9e34,0,3,MISSOULA WWTP,CITY OF MISSOULA,1.0
30000047001,b16fdd41-3696-45bc-a813-f7f49c0d53f8,0,4,MISSOULA WWTP,CITY OF MISSOULA,1.0
30000047001,359f5f11-775f-4b56-aa8b-9f8bd9fd6dae,1,5,MISSOULA WWTP,CITY OF MISSOULA,1.0
30000047001,e4b53a53-327a-4c54-a46e-141379fec3aa,0,6,MISSOULA WWTP,CITY OF MISSOULA,1.0
30000047001,9fcc01c6-3ba3-461f-8f06-ee1e7e95a77d,0,7,MISSOULA WWTP,CITY OF MISSOULA,1.0
30000047001,152257c3-b98e-4d8b-99bc-9522678a397b,0,8,MISSOULA WWTP,CITY OF MISSOULA,1.0
30000047001,d127cc5c-e790-4f48-aa47-9b9f08b7d8d4,0,9,MISSOULA WWTP,CITY OF MISSOULA,1.0
30000047001,d3102a4c-3872-4776-bcc3-643c13fb00bf,0,10,MISSOULA WWTP,MISSOULA COUNTY,1.0
30000047001,db2e5d05-65aa-40f1-9678-b0999cfdc2b0,0,11,MISSOULA WWTP,CITY OF MISSOULA,1.0
30000047001,309bcbf7-4b02-48ab-b5db-069fc7dd50b6,0,12,MISSOULA WWTP,STATE OF MONTANA,0.0
30000047001,ecf78fa7-2e61-47b5-b829-14e539138d05,0,13,MISSOULA WWTP,CITY OF MISSOULA,1.0
30000047001,2d2f8d66-10af-4c57-8bbc-ec200b9295a0,0,14,MISSOULA WWTP,CITY OF MISSOULA,1.0
30000047001,46d1617d-23f2-4635-aa82-4fa85d9a77bb,0,15,MISSOULA WWTP,MISSOULA COUNTY,1.0
30000047001,01f9236b-dc9d-4254-b6df-da7868d906d5,0,16,MISSOULA WWTP,BNSF RAILWAY CO,0.0
30000047001,0546d100-0a28-445e-abff-f0fa077ecfd3,0,17,MISSOULA WWTP,MISSOULA COUNTY,1.0
30000047001,2a2916d1-70ba-4854-8306-c16d7f6835be,0,18,MISSOULA WWTP,CITY OF MISSOULA,1.0
30000047001,18ff1d4e-3075-40b5-9e5a-814a5c8f98a0,0,19,MISSOULA WWTP,CITY OF MISSOULA,1.0
30000047001,096e7f7e-cee4-4723-99e6-d3477834e4f9,0,20,MISSOULA WWTP,CITY OF MISSOULA,1.0
31000610001,ec48852e-bc6c-46ae-ad4a-3bc32df12a1f,1,1,CREIGHTON WWTP,CITY OF CREIGHTON ;,1.0
31000610001,80bab15f-aba2-4231-936b-b5eedb7600b1,0,2,CREIGHTON WWTP,CITY OF CREIGHTON ;,1.0
31000610001,54e1336f-d0ba-4810-adfc-79249bbdc30a,0,3,CREIGHTON WWTP,,
31000610001,dc9d528c-6ae4-471b-a169-e6ef798edac9,0,4,CREIGHTON WWTP,CITY OF CREIGHTON ;,1.0
31000610001,e7198c81-2024-4a59-b94b-5d9a1e4cbd08,0,5,CREIGHTON WWTP,CITY OF CREIGHTON ;,1.0
31000610001,e11f276a-3880-4952-ab05-fadc9b1faa44,0,6,CREIGHTON WWTP,KNOX COUNTY ; 206 MAIN;,0.0
31000610001,3562af21-d74d-4393-b13f-c5ae66e3a39c,0,7,CREIGHTON WWTP,,
31000610001,9f181add-b22f-4e7c-8de1-1e16fa81fde6,0,8,CREIGHTON WWTP,CITY OF CREIGHTON ;,1.0
31000610001,7881a9d8-d3ba-4596-ab80-33e07ce8a103,0,9,CREIGHTON WWTP,STATE OF NEBRASKA ;,0.0
31000610001,40cd651f-798e-4923-823a-936e26dc1c7b,0,10,CREIGHTON WWTP,"HOUSING AUTHORITY ; CITY OF CREIGHTON; CREIGHTON, NE 68729-9998",1.0
31000610001,88416b79-036b-4d95-a8f3-22db78c6a0f2,0,11,CREIGHTON WWTP,STATE OF NEBRASKA ;,0.0
31000610001,b97c0c7d-8ab9-4d56-8e17-846dcd964b64,0,12,CREIGHTON WWTP,CITY OF CREIGHTON ;,1.0
31000610001,2d1557b9-d771-4c14-b699-7a4691c73d11,0,13,CREIGHTON WWTP,"HOUSING AUTHORITY ; CITY OF CREIGHTON; CREIGHTON, NE 68729-9998",1.0
31000610001,d6e4ae1d-fd5a-4731-8079-12a9ef92720c,0,14,CREIGHTON WWTP,"ST LUDGERS CATHOLIC CEMETERY %PANSING HOGAN ERNST &BACHMAN LLP; 10250 REGENCY CIR STE 300; OMAHA, NE 68114-3728",0.0
31000610001,67ee260e-6ede-49ca-a130-df1bcc3e2b52,0,15,CREIGHTON WWTP,NORTH CENTRAL PUBLIC POWER DISTRICT ;,0.0
31000610001,b0172115-2980-41f0-9dbf-f27a83101b93,0,16,CREIGHTON WWTP,CITY OF CREIGHTON ;,1.0
31000610001,be528813-bc75-4ca2-a09a-d01a0abab41c,0,17,CREIGHTON WWTP,GREENWOOD CEMETERY ASSOCIATION % BRADLEY L YORK;,0.0
31000610001,9ae33a3c-f972-437e-95e5-04eb1fee1506,0,18,CREIGHTON WWTP,"ST LUDGERS CATHOLIC CHURCH %PANSING HOGAN ERNST &BACHMAN LLP; 10250 REGENCY CIRCLE STE 300; OMAHA, NE 68114-9998",0.0
31000610001,4ec5a54d-d8a9-41a5-924c-008f7bee82c2,0,19,CREIGHTON WWTP,"SCHOOL DIST #13 ; ; CREIGHTON, NE 68729-9998",1.0
31000610001,e04b95eb-6a86-4827-bbc7-ecfb5018e180,0,20,CREIGHTON WWTP,"REID, ANTHONY ; 801 SANTA LUCIA AVE; SAN BRUNO, CA 94066-5416",0.0
31000705001,6a929129-ce44-41f7-8df8-b9e3d76e2f04,1,1,DENTON STP,VILLAGE OF DENTON,1.0
31000705001,d1cefa2f-c7c3-40ab-b6e4-5a500a45e2b0,0,2,DENTON STP,VILLAGE OF DENTON,1.0
31000705001,09632660-34f2-4708-89cd-1e67f25acc75,0,3,DENTON STP,VILLAGE OF DENTON,1.0
31000705001,c7344d87-878c-467c-9190-0c57dd08dde1,0,4,DENTON STP,VILLAGE OF DENTON,1.0
31000705001,5a73345d-0ddb-4c03-ae3b-cdf2ca70f117,0,5,DENTON STP,BURLINGTON NORTHERN RR TAX DIV,0.0
31000705001,4bb47f92-1947-4142-9d65-edf3e2a076c8,0,6,DENTON STP,LOWER PLATTE SOUTH NATURAL RESOURCES DISTRICT,0.0
31000705001,5eb8ed3d-3ebe-4393-8600-a90f67134db1,0,7,DENTON STP,LOWER PLATTE SOUTH NATURAL RESOURCES DISTRICT,0.0
31000705001,bd0b0105-81d0-49cf-b420-3763c1a4f341,0,8,DENTON STP,"SULLIVAN, LELAND & CATHERINE",0.0
31000705001,c375d950-339e-4cc5-bd7c-1c6c725e73c0,0,9,DENTON STP,"SKILLMAN, MICHAEL L & BARBARA",0.0
31000705001,bb5cc615-6e43-4d63-b2cd-a9866a9aaf9e,0,10,DENTON STP,"SULLIVAN, LELAND E LIFE ESTATE",0.0
31000705001,7e63ae58-73f6-4dbf-b080-90e3a778cd65,0,11,DENTON STP,VILLAGE OF DENTON,1.0
31000705001,68e7115f-e59f-4021-816d-2fa8f4b14a41,0,12,DENTON STP,,
31000705001,0960bb03-4db2-4679-abfa-b7e3425afce4,0,13,DENTON STP,"SULLIVAN, LELAND E LIFE ESTATE",0.0
31000705001,efc76acc-213e-45d4-87e2-cd77cab8039f,0,14,DENTON STP,"AMEN, DARRYL D & SANDRA L",0.0
31000705001,bd4b7835-781a-4561-aa6f-03b7a88a8688,0,15,DENTON STP,"WEIXELMAN, JEFFREY A",0.0
31000705001,e819229b-7a67-4a24-9614-7e4eda186b5d,0,16,DENTON STP,"SOUCIE, OREALL E & ANNAMAE LIFE ESTATE",0.0
31000705001,2cabd22e-72e7-47f5-aa50-e0df07810a6a,0,17,DENTON STP,HAYRACK INC,0.0
31000705001,e56bc6f2-7256-4b8a-af0e-ee94c8b8ab5c,0,18,DENTON STP,"HAMAN, CLAYTON D & SUSAN E B",0.0
31000705001,f0c64001-e22a-4514-b78c-68449bd3bbc3,0,19,DENTON STP,"BENES, JOANN L REVOCABLE TRUST",0.0
31000705001,1a1aac27-d703-4ceb-b840-14795f1bcfff,0,20,DENTON STP,SUNNYSIDE CEMETERY,0.0
31001455001,6e60c655-5a5f-4f0f-9deb-4ee8ec32e573,0,1,LOOMIS WWTP,VILLAGE OF LOOMIS,1.0
31001455001,0686860c-a1d6-43ee-8dfe-a4bf65962178,1,2,LOOMIS WWTP,VILLAGE OF LOOMIS,1.0
31001455001,a1b178a2-1921-4191-b512-cb594f75560a,0,3,LOOMIS WWTP,,
31001455001,91ed076d-0849-42ee-b7f0-4fd1720e11d8,0,4,LOOMIS WWTP,AGRI CO-OP CHS - ATTN: PROPERTY TAX,0.0
31001455001,d06f2bd6-99d9-4acb-a8dd-55f1ff8b85d9,0,5,LOOMIS WWTP,VILLAGE OF LOOMIS,1.0
31001455001,8ad34ae4-7b7b-49eb-920e-563c91c3a3a1,0,6,LOOMIS WWTP,VILLAGE OF LOOMIS,1.0
31001455001,8500ab32-75b3-4130-9416-3424731b3935,0,7,LOOMIS WWTP,STATE OF NEBRASKA,0.0
31001455001,557c37c1-3f15-4415-94e7-ff4669b24ac3,0,8,LOOMIS WWTP,VILLAGE OF LOOMIS,1.0
31001455001,7d3d0a3e-52db-41dd-9d05-ad9fd12c6235,0,9,LOOMIS WWTP,HANSEN LAND COMPANY LTD,0.0
31001455001,fc73a731-0c33-4fbf-8ef2-fde4eb51702b,0,10,LOOMIS WWTP,37 AG INC,0.0
31001455001,90548394-9054-43a5-8c5a-0cbb012e5e10,0,11,LOOMIS WWTP,VILLAGE OF LOOMIS,1.0
31001455001,d3ee0279-5887-40fd-a3b6-abad85271e3b,0,12,LOOMIS WWTP,R K GALAXY FARMS INC % RODNEY THORELL,0.0
31001455001,296c2bc9-63b7-4ebd-ab58-5616594354f8,0,13,LOOMIS WWTP,RAILROAD RIGHT OF WAY,0.0
31001455001,2aee16e7-3c47-48fb-9a7c-6c15a545a49a,0,14,LOOMIS WWTP,CHS INC,0.0
31001455001,80521c1c-e97b-4480-88b2-20e04cc110b5,0,15,LOOMIS WWTP,FORSYTH TRUSTS - TRUSTS B & C,0.0
31001455001,dcc614be-d96e-4455-ab2d-e9ba89d15c2b,0,16,LOOMIS WWTP,STATE OF NEBRASKA,0.0
31001455001,d0e539dd-d272-4eac-b3ca-ce4b6e371ab4,0,17,LOOMIS WWTP,SCHOOL DIST #55,0.0
31001455001,cdcb696a-1fd3-4339-a953-d118508476b9,0,18,LOOMIS WWTP,SCHOOL DIST #55,0.0
31001455001,f610f41f-570a-4c83-915d-7d6981bed50c,0,19,LOOMIS WWTP,CHANDLER ROGER & LANA,0.0
31001455001,5d237506-1a89-4953-9274-85d63791758b,0,20,LOOMIS WWTP,SCHOOL DIST #55,0.0
31002445001,07b502f1-ed82-4510-a5ff-8ce40e012d02,1,1,TILDEN STP,CITY OF TILDEN,1.0
31002445001,a52ab75f-ab68-4aa4-af9b-d8d8c630a9c4,0,2,TILDEN STP,CITY OF TILDEN,1.0
31002445001,8e58791b-e265-469c-8cdb-78102f641880,0,3,TILDEN STP,CITY OF TILDEN,1.0
31002445001,83d90122-51ce-4194-ab50-4c6c7d24dd39,0,4,TILDEN STP,CITY OF TILDEN,1.0
31002445001,2ac9c4c5-03f7-470d-a295-1a424e47f222,0,5,TILDEN STP,COUNTY OF MADISON,0.0
31002445001,81e7de2c-d8ee-4e95-8038-4e99328bd4a1,0,6,TILDEN STP,SCHOOL DISTRICT NO 80,0.0
31002445001,25ac40aa-9240-4dda-b837-1cd3a7edab8b,0,7,TILDEN STP,SEDLAK FAMILY LLC,0.0
31002445001,65d7f206-407c-482c-84a7-49a3b755398d,0,8,TILDEN STP,ANTELOPE COUNTY MADISON COUNTY,0.0
31002445001,a8949303-fade-4296-8ea9-b07c762aa2dd,0,9,TILDEN STP,STATE OF NEBRASKA,0.0
31002445001,f3b21e14-2b39-4c42-b08b-1a2e10e381a5,0,10,TILDEN STP,LUCAS' FARMS LLC,0.0
31002445001,8d42e91d-935a-49fa-98fa-590693ea56bf,0,11,TILDEN STP,HATTERMAN TRUST/WILLIAM L & GLORIA J,0.0
31002445001,1a05b09a-7ec4-4395-8807-5e595aaa303d,0,12,TILDEN STP,PETERSEN/SUE L (TR) OF THE STANLEY R PETERSEN FAMILY TRUST,0.0
31002445001,fcf0ab0c-2282-4a2b-a7a5-580ae00e1e7f,0,13,TILDEN STP,SCHULZ REAL ESTATE LLC,0.0
31002445001,538b817d-2d73-443d-a661-56cb14f472b6,0,14,TILDEN STP,,
31002445001,387e7d32-26fa-450a-841c-15cbb9a17be6,0,15,TILDEN STP,HOUSING AUTHORITY OF CITY OF TILDEN,1.0
31002445001,05040872-1e83-46d2-abfb-7c79698ffb4b,0,16,TILDEN STP,,
31002445001,5b81c7d8-8619-4dbd-83cb-07e0e19e8c0c,0,17,TILDEN STP,"TASSEMEYER/JEFFREY & GRETCHEN & HENRY A & KRISTEN DEMUTH, CO-TRS",0.0
31002445001,63ad8f33-b816-46e3-9df5-3f4cddf06c27,0,18,TILDEN STP,"TAAKE,CHAD L ETAL",0.0
31002445001,a502e923-ad17-45f6-959a-b99b20eb9179,0,19,TILDEN STP,,
31002445001,347619a4-126d-4bb7-a626-e1d39f46ad43,0,20,TILDEN STP,PETERSEN/SUE L (TR) OF THE STANLEY R PETERSEN FAMILY TRUST,0.0
32000011001,3da8e50f-a9f3-4039-814b-8c3b3a7717e8,1,1,LAS VEGAS AWT,CITY OF LAS VEGAS,0.6254715884553409
32000011001,c7b28394-5a37-4440-9992-e7cff8846c48,0,2,LAS VEGAS AWT,CLARK COUNTY WATER RECLAMATION,0.0
32000011001,63b0faab-8629-4288-a3d7-79c539280b86,0,3,LAS VEGAS AWT,COUNTY OF CLARK(PK & COMM SERV),0.0
32000011001,d7bcfd01-4e8a-4201-bca8-a328a3a92add,0,4,LAS VEGAS AWT,NEVADA POWER CO,0.0
32000011001,b6529a64-97ff-4345-a069-5782e9f5e496,0,5,LAS VEGAS AWT,CITY OF LAS VEGAS,0.6254715884553409
32000011001,38c8f2c2-c32d-4497-b530-4a6b0428dbf0,0,6,LAS VEGAS AWT,CITY OF LAS VEGAS,0.6254715884553409
32000011001,e4309967-b59c-4dda-b2ce-9339c1ae0abb,0,7,LAS VEGAS AWT,,
32000011001,8e728008-3471-4820-a44c-c44da9bc7cba,0,8,LAS VEGAS AWT,,
32000011001,a7195ece-c87d-4ad6-9462-0d93e74a8e16,0,9,LAS VEGAS AWT,COUNTY OF CLARK(PK & COMM SERV),0.0
32000011001,475b0f6e-d1e3-4521-8e7e-d584fefb0f3e,0,10,LAS VEGAS AWT,NEVADA POWER COMPANY,0.0
32000011001,5453193e-07b6-46cc-a063-780ff713e1ee,0,11,LAS VEGAS AWT,CLARK COUNTY WATER RECLAMATION,0.0
32000011001,c5798ebe-24b3-4594-848a-bde640a879e6,0,12,LAS VEGAS AWT,,
32000011001,96af142c-0a12-4ed0-bab8-7a4a85c22b07,0,13,LAS VEGAS AWT,COUNTY OF CLARK(PK & COMM SERV),0.0
32000011001,4208f911-b8a3-4acb-9906-4e4505a914ac,0,14,LAS VEGAS AWT,,
32000011001,78b6efb5-3ce4-439c-8dcd-74f03eb81a93,0,15,LAS VEGAS AWT,9 OF A KIND L L C,0.0
32000011001,0fce8892-569b-42f8-8a68-8863576d3642,0,16,LAS VEGAS AWT,CLARK COUNTY WATER RECLAMATION,0.0
32000011001,deced2f5-552b-47b5-8d07-82c5c9b4223d,0,17,LAS VEGAS AWT,CLARK COUNTY WATER RECLAMATION,0.0
32000011001,7a6f5b11-f7d8-4415-bedf-73fa77ac91b5,0,18,LAS VEGAS AWT,TOUCHSTONE INDEPENDENCE L L C,0.0
32000011001,a0f3f211-d806-479f-bf12-1e76046c2ad9,0,19,LAS VEGAS AWT,TOUCHSTONE INDEPENDENCE L L C,0.0
32000011001,c4666c6c-9134-4120-a388-4088f1074302,0,20,LAS VEGAS AWT,TOUCHSTONE INDEPENDENCE L L C,0.0
33000023002,e6e1dbbb-7d9e-4ee1-a4b9-1ee2ebecad22,1,1,Northumberland Village WWTF,"NORTHUMBERLAND, TOWN OF",1.0
33000023002,22044a9b-ccf7-4023-90da-93d629437787,0,2,Northumberland Village WWTF,"NORTHUMBERLAND, TOWN OF",1.0
33000023002,652b9ba8-5147-43b4-80ba-d2ecb33b78fc,0,3,Northumberland Village WWTF,"NORTHUMBERLAND, TOWN OF",1.0
33000023002,9b2bf655-6d29-45ad-8a4f-58734dac9f85,0,4,Northumberland Village WWTF,"NORTHUMBERLAND, TOWN OF",1.0
33000023002,7a3b28f5-35b3-4442-9c6e-2dbf87c43010,0,5,Northumberland Village WWTF,,
33000023002,5fbe071f-2f54-4829-8885-4e3ca6b1e74f,0,6,Northumberland Village WWTF,"NORTHUMBERLAND, TOWN OF",1.0
33000023002,67641d9a-bdbb-4577-8a44-9cb76d61bf8a,0,7,Northumberland Village WWTF,"NORTHUMBERLAND, TOWN OF",1.0
33000023002,cfbb6bbc-3304-4992-9596-90a5e4587dfc,0,8,Northumberland Village WWTF,"NEW HAMPSHIRE, STATE OF, DNCR",0.0
33000023002,ae3ebf4e-c041-4f44-a865-15b778a9d525,0,9,Northumberland Village WWTF,"NORTHUMBERLAND, TOWN OF",1.0
33000023002,5b140117-8979-42de-b4fd-19e4f653f793,0,10,Northumberland Village WWTF,"NORTHUMBERLAND, TOWN OF",1.0
33000023002,7260bb6f-b3ed-480d-9e0e-b9a88762f062,0,11,Northumberland Village WWTF,"NORTHUMBERLAND, TOWN OF",1.0
33000023002,9bcd1134-95d2-4e30-83b0-3d26bde97113,0,12,Northumberland Village WWTF,CHAPMAN GROVETON REALTY LLC & CHAPMAN NORTH COUNTY DEVT LLC,0.0
33000023002,8f08a45a-3713-4a57-a507-2108ef833172,0,13,Northumberland Village WWTF,"NORTHUMBERLAND, TOWN OF",1.0
33000023002,1972af40-aecc-4177-b7e2-7e5ce9a82a27,0,14,Northumberland Village WWTF,"NORTHUMBERLAND, TOWN OF",1.0
33000023002,ead34fb4-0fd9-4698-ad74-e77882239b85,0,15,Northumberland Village WWTF,"NORTHUMBERLAND, TOWN OF",1.0
33000023002,abf9acea-4923-428d-b2d9-e4937c1840db,0,16,Northumberland Village WWTF,,
33000023002,ca451f82-291b-4a71-b6d5-e19cad7143be,0,17,Northumberland Village WWTF,CHAPMAN GROVETON REALTY LLC,0.0
33000023002,3c10e538-34d1-4a52-ad89-6992c9b627cc,0,18,Northumberland Village WWTF,ARELP 3 LP,0.0
33000023002,ab1623af-81c3-4a7a-a443-4e2351bd7751,0,19,Northumberland Village WWTF,CHAPMAN GROVETON REALTY LLC,0.0
33000023002,7f9521d9-a5f6-4922-ac72-3a3ad9858d9b,0,20,Northumberland Village WWTF,,
35000059001,001eb20b-813a-4d8e-9ea6-c052532b6ba7,0,1,LORDSBURG STP,"Lordsburg, City Of",1.0
35000059001,4424d4ae-7862-4253-b36a-3d7eb2e180e8,1,2,LORDSBURG STP,"Lordsburg, City Of",1.0
35000059001,113ac98d-4a95-4133-a98e-b52ebfa78f09,0,3,LORDSBURG STP,Hidalgo County,0.0
35000059001,a2f7d0e7-15b0-4707-9a6a-a8ea7180d747,0,4,LORDSBURG STP,"Lordsburg, City Of",1.0
35000059001,0790ac16-8dcf-4e62-9d32-706c81fe54cd,0,5,LORDSBURG STP,Hidalgo County Hospital,0.0
35000059001,b12b7e53-2a38-4591-a81c-04e591d80827,0,6,LORDSBURG STP,"Lordsburg, City Of",1.0
35000059001,a1ef45a9-eb4f-44e6-89cb-4c1d637e5582,0,7,LORDSBURG STP,"Lordsburg, City Of",1.0
35000059001,1d3e50c0-c067-402b-85cf-9eef9aa0ba31,0,8,LORDSBURG STP,Hidalgo County,0.0
35000059001,21d00a1e-52f3-4c75-84e2-9e1b57dc2a64,0,9,LORDSBURG STP,,
35000059001,ede804bb-6ead-45f0-97ed-5d3f2fe6be01,0,10,LORDSBURG STP,,
35000059001,7f527262-93f9-47ec-9771-52887e20a08e,0,11,LORDSBURG STP,,
35000059001,3a9c6596-17fe-485b-a0ff-131eb141fbb6,0,12,LORDSBURG STP,"Gandarilla, Jesus M",0.0
35000059001,bfa00c88-9af7-4ca6-8fc1-d0dc301aaa9a,0,13,LORDSBURG STP,State,0.0
35000059001,3053d1be-034d-45a8-b358-4867bf29bf92,0,14,LORDSBURG STP,"Lordsburg, City Of",1.0
35000059001,f84a9db1-44e8-4e7b-a571-b9903b87ac0c,0,15,LORDSBURG STP,Hidalgo County,0.0
35000059001,fb820373-691b-4d81-9c0a-a5366c299c3f,0,16,LORDSBURG STP,State Nm National Guard,0.0
35000059001,1ae66450-02c7-4d7d-80fd-71c7b0092335,0,17,LORDSBURG STP,,
35000059001,6471f66c-a9ef-43fd-8cb1-14a51f09a556,0,18,LORDSBURG STP,Hidalgo Medical Services,0.0
35000059001,95c85229-cd3d-4a95-99de-db56ffff4ffc,0,19,LORDSBURG STP,,
35000059001,c5d96e3f-6775-44e7-a73a-32a14933f792,0,20,LORDSBURG STP,,
35200900001,ce3a0386-1e32-4e46-8c88-3d4892b5de0e,1,1,"Carlsbad, City of",CITY OF CARLSBAD,1.0
35200900001,79d371f0-3d54-408f-87cd-92b6b62f8f90,0,2,"Carlsbad, City of",COUNTY OF EDDY,0.0
35200900001,a1da9981-efa3-46ac-a7c1-cd6d00906045,0,3,"Carlsbad, City of",CITY OF CARLSBAD,1.0
35200900001,99670792-7c73-4d95-ba4e-62e849548065,0,4,"Carlsbad, City of",CITY OF CARLSBAD,1.0
35200900001,44734fc4-663c-445c-9788-5a07d26be059,0,5,"Carlsbad, City of",EDDY COUNTY SHERIFF POSSE,0.0
35200900001,c7cbfb8c-29b6-4e7a-a74a-0b0a2203c5f5,0,6,"Carlsbad, City of",CITY OF CARLSBAD,1.0
35200900001,7d0e100d-78c1-4615-8e32-ebe7c3a3ae01,0,7,"Carlsbad, City of",CITY OF CARLSBAD,1.0
35200900001,4241a8b3-7564-4735-abd9-ccb691049299,0,8,"Carlsbad, City of",BUREAU OF LAND MANAGEMENT,0.0
35200900001,1698b86a-9531-4cf9-8844-2292e97c7f01,0,9,"Carlsbad, City of","TRACY, CHARLES G ET AL",0.0
35200900001,afe7f8c3-7d05-492e-a903-338fd96d288a,0,10,"Carlsbad, City of",CITY OF CARLSBAD,1.0
35200900001,21e2d957-d9b3-4a60-956b-6d7c522b9d87,0,11,"Carlsbad, City of",BUREAU OF LAND MANAGEMENT,0.0
35200900001,f8b1ba2e-5e11-4d84-9c9d-913ba2a294f6,0,12,"Carlsbad, City of",CITY OF CARLSBAD,1.0
35200900001,ac1027c5-6025-4716-9cb4-62a5d8ed433c,0,13,"Carlsbad, City of",STATE OF NEW MEXICO,0.0
35200900001,e7ebc3dd-219b-48a1-a773-f0f435c6f52d,0,14,"Carlsbad, City of",CITY OF CARLSBAD,1.0
35200900001,d3253ab4-ef5a-4345-99ac-85d4adcf7fbb,0,15,"Carlsbad, City of",CITY OF CARLSBAD,1.0
35200900001,1cfaf3ac-d537-48d6-9ff1-8c2797a878e8,0,16,"Carlsbad, City of",,
35200900001,a4781953-1a1e-4fb7-b60f-f89ec92ec3d7,0,17,"Carlsbad, City of",CITY OF CARLSBAD,1.0
35200900001,e3fed6ee-4f91-4265-92c8-a53532191b9c,0,18,"Carlsbad, City of","LIGHT, BRADLEY TESTAMENT TRUST & BES PROPERTIES LLC",0.0
35200900001,08f3cba3-d92e-40d4-8225-6b6ee230d827,0,19,"Carlsbad, City of",CITY OF CARLSBAD,1.0
35200900001,c2ec2e9f-0031-4e7a-bacf-aa072c905366,0,20,"Carlsbad, City of",EDDY COUNTY SHERIFF POSSE,0.0
36002001009,bfa165c8-a645-43e7-9d86-710e7c2ec5ce,0,1,New York (C) - Coney Island WPCP,NYC HOUSING AUTHORITY,1.0
36002001009,513f2137-4a35-402c-8854-793e130eaa4f,0,2,New York (C) - Coney Island WPCP,NYC HOUSING AUTHORITY,1.0
36002001009,4dc8ac2c-2e84-46b3-9c3f-f47baf82cbbd,0,3,New York (C) - Coney Island WPCP,NYC HOUSING AUTHORITY,1.0
36002001009,14893d00-147f-4602-8560-bf65aa9722bc,0,4,New York (C) - Coney Island WPCP,DEPT OF ENVIRONMENTAL PROTECTION,0.0
36002001009,5c6b2ef8-1b98-466d-b6ce-8a876c798b3d,1,5,New York (C) - Coney Island WPCP,DEPT OF ENVIRONMENTAL PROTECTION,0.0
36002001009,1519f00c-1b75-4134-bd07-0c241d4ea53a,0,6,New York (C) - Coney Island WPCP,DEPT OF ENVIRONMENTAL PROTECTION,0.0
36002001009,e624e972-16db-4f6e-915a-de3237b90494,0,7,New York (C) - Coney Island WPCP,NATIONAL PARK SERVICE,0.0
36002001009,b7c49072-ec79-42ca-ac55-cf9498b93c8f,0,8,New York (C) - Coney Island WPCP,KINGS BAY HOUSES SECT 2 INC,0.0
36002001009,7b716b80-0ca1-4561-8308-ea5347968014,0,9,New York (C) - Coney Island WPCP,NATIONAL PARK SERVICE,0.0
36002001009,de02a485-9e36-4fcb-8c84-5e2fd6bc48aa,0,10,New York (C) - Coney Island WPCP,DEPT OF ENVIRONMENTAL PROTECTION,0.0
36002001009,748316a9-306b-46a0-bf26-a63f4bc7e6df,0,11,New York (C) - Coney Island WPCP,BRIGHAM PARK CO-OPERATIVE APARTMENTSSEC #4 INC,0.0
36002001009,3230f466-cdc9-4cee-abf2-3c442b7d15e9,0,12,New York (C) - Coney Island WPCP,NYC HOUSING AUTHORITY,1.0
36002001009,3c18c805-e33b-4cd0-b05d-dd58e9c881da,0,13,New York (C) - Coney Island WPCP,NATIONAL PARK SERVICE,0.0
36002001009,e5b718f0-3a16-4ad9-ae1c-ea3136c79f61,0,14,New York (C) - Coney Island WPCP,DEPARTMENT OF EDUCATION,0.0
36002001009,f01fde53-fd42-46b1-b16e-761cfc86e91a,0,15,New York (C) - Coney Island WPCP,KINGS BAY BOYS CLUB I,0.0
36002001009,57a8300c-833e-4f22-8528-5089ad72e11a,0,16,New York (C) - Coney Island WPCP,NATIONAL PARK SERVICE,0.0
36002001009,47d3e598-6c96-4b3b-b987-3b8835d9262a,0,17,New York (C) - Coney Island WPCP,NATIONAL PARKS SERVICE,0.0
36002001009,18a73f6b-58f2-45ae-adaa-3852974f385a,0,18,New York (C) - Coney Island WPCP,CITY UNIV OF NEW YORK,0.30551421313719135
36002001009,0921cd88-f20a-4b4b-8d2e-bca6001684bc,0,19,New York (C) - Coney Island WPCP,NYC DEPT OF EDUCATION,1.0
36002001009,9c20ce56-1780-49e3-aed6-93133ff533d5,0,20,New York (C) - Coney Island WPCP,NOSTRAND PROPERTY OWNER LLC,0.0
36004032001,0d5b0509-749a-4bdd-8908-4a1780980860,0,1,East Greenbush (T) STP,Rensselaer County IDA,0.0
36004032001,8157acfe-acf6-4928-9e14-b52d1a3590bd,0,2,East Greenbush (T) STP,County Of Albany Sewer District,0.0
36004032001,eeff411e-cfef-4484-9087-58829935a111,1,3,East Greenbush (T) STP,Town of East Greenbush,1.0
36004032001,b3af159d-7d6f-4d4a-8bd8-43059f497490,0,4,East Greenbush (T) STP,Albany Port District Commission,0.0
36004032001,c3af87d6-f513-4bde-bef3-dcd004635b52,0,5,East Greenbush (T) STP,Albany Port District Commission,0.0
36004032001,cea6005c-b7c9-4325-bb6c-67acff8be16e,0,6,East Greenbush (T) STP,Albany-Rens Port Dist Comm,0.0
36004032001,8aabe3ae-0d19-458c-8eae-e97966b6b51d,0,7,East Greenbush (T) STP,City of Rensselaer,0.0
36004032001,fc1cefc6-d068-486b-b3fb-9cc085629205,0,8,East Greenbush (T) STP,Rensselaer County IDA,0.0
36004032001,36b09f9e-c6b8-4233-9987-f56c5f8e0d6e,0,9,East Greenbush (T) STP,Albany Port District Commission,0.0
36004032001,df07e3a1-5fee-4b2f-a8ff-0cd71c340706,0,10,East Greenbush (T) STP,BASF Wyandotte Corp,0.0
36004032001,ccd00549-9c35-488e-8ac3-7af54103da28,0,11,East Greenbush (T) STP,Albany Port District Commission,0.0
36004032001,bc53ba5e-6e7f-4bca-8790-8facab386800,0,12,East Greenbush (T) STP,Albany Port District Commission,0.0
36004032001,446f3fa4-5fa4-4255-afa2-26984e11d53d,0,13,East Greenbush (T) STP,City Of Albany,0.0
36004032001,982dbb93-f63d-4790-8f3b-2513898277f0,0,14,East Greenbush (T) STP,Global Companies Llc.,0.0
36004032001,03c1507f-ae7b-49df-9bee-04ef8377358b,0,15,East Greenbush (T) STP,Global Companies Llc,0.0
36004032001,b21b959c-f5f6-48c9-8337-fca84ebca09a,0,16,East Greenbush (T) STP,City Of Albany,0.0
36004032001,02338f5b-3d51-424f-ae49-d2c4a4799bdb,0,17,East Greenbush (T) STP,Albany Port District Commission,0.0
36004032001,fa95874e-b416-49f8-9659-26e81fe34725,0,18,East Greenbush (T) STP,AMRI Rensselaer Inc,0.0
36004032001,87423a0d-742a-4160-964e-c7e8796891c6,0,19,East Greenbush (T) STP,Albany Port Dist.Commission,0.0
36004032001,de05fe4c-8344-4064-bf01-58faa0bfb5d4,0,20,East Greenbush (T) STP,Cenex Rensselaer Terminal LLC,0.0
36004070001,670849a1-6b22-4c23-93d2-497ce6ac0488,1,1,Amsterdam (C) WWTP,City Of Amsterdam,1.0
36004070001,6d4a2e56-8674-41c6-9991-7cf4994fb86d,0,2,Amsterdam (C) WWTP,City Of Amsterdam,1.0
36004070001,8c18c2d8-e5fe-4f6f-b3ff-2b373b6bacdd,0,3,Amsterdam (C) WWTP,City of Amsterdam,1.0
36004070001,9aa5d153-b711-4bb3-9e32-a2d469f03a31,0,4,Amsterdam (C) WWTP,AIDA,0.0
36004070001,9af14c51-1a2b-4a01-a15a-1e67db7bd44e,0,5,Amsterdam (C) WWTP,County of Montgomery,0.0
36004070001,d24237c8-4405-4e57-9421-f3c1e4cea402,0,6,Amsterdam (C) WWTP,Cranesville Block Co,0.0
36004070001,3e9fa335-7917-451a-86d5-b813f07af016,0,7,Amsterdam (C) WWTP,"NYS Parks, Rec & Hist Preserv",0.0
36004070001,b8339705-ee94-48c0-9e2b-4a056a6ec652,0,8,Amsterdam (C) WWTP,City Of Amsterdam,1.0
36004070001,1f4cac9f-8e9a-453c-ac37-cb571b685859,0,9,Amsterdam (C) WWTP,City Of Amsterdam,1.0
36004070001,813c3a56-e089-415a-9012-d39de2708207,0,10,Amsterdam (C) WWTP,"Viscusi, Michael A",0.0
36004070001,59a3cd0c-2c0d-4f35-8c01-0da4245a0d28,0,11,Amsterdam (C) WWTP,"Dan Country, LLC",0.0
36004070001,e83fe0dd-5708-494d-bcb0-d47226bf829c,0,12,Amsterdam (C) WWTP,New York Central Line Inc,0.0
36004070001,70844c16-32de-46fb-8956-51f6dbd9f061,0,13,Amsterdam (C) WWTP,City Of Amsterdam,1.0
36004070001,830199f9-5ded-42a8-9204-64d73668d468,0,14,Amsterdam (C) WWTP,"Jennings, Michael J",0.0
36004070001,bdd0220f-d63f-4cff-998a-37093313c25a,0,15,Amsterdam (C) WWTP,Niagara Mohawk,0.0
36004070001,df4f7d07-d361-4e3e-aa0f-2c74d31d46f4,0,16,Amsterdam (C) WWTP,"Cancio, John C",0.0
36004070001,aef1d204-2b07-411c-b6b1-41e7b02aaada,0,17,Amsterdam (C) WWTP,"Bunker, Peter S",0.0
36004070001,8fa43be3-ca2f-4ad0-b2c8-dcb4241411f0,0,18,Amsterdam (C) WWTP,"Sievers, Timothy",0.0
36004070001,5ee2a591-99cf-4048-a495-d5c82ffdfa41,0,19,Amsterdam (C) WWTP,"Kaczor, John",0.0
36004070001,75d6ff89-1703-4e15-abf4-cdf5f0714df8,0,20,Amsterdam (C) WWTP,"School District #2, Greater Amsterdam",1.0
36006025001,9f65fc21-ceb1-4129-ac20-91b4deacd412,0,1,Brownville (V) WWTP,Brownville Village of,1.0
36006025001,22c3a9da-02bb-4c4c-be4e-13aeeb3d54f4,0,2,Brownville (V) WWTP,Brownville Village of,1.0
36006025001,cb6da938-f108-4d7d-8b99-ac7ed4b53b0c,1,3,Brownville (V) WWTP,Brownville Village of,1.0
36006025001,6ee9886f-aa66-422a-8a76-16975292cbbb,0,4,Brownville (V) WWTP,Brownville Town of,1.0
36006025001,39907e66-2e49-43fb-8299-eb84665052c2,0,5,Brownville (V) WWTP,Brownville Town of,1.0
36006025001,163bc38f-2fb5-4a62-971b-f8781895e4e9,0,6,Brownville (V) WWTP,Brownville Village of,1.0
36006025001,84710daf-2517-4744-a762-1d5c51276d93,0,7,Brownville (V) WWTP,City of Watertown,0.0
36006025001,adf1f1a6-9725-4279-a7fe-ab0720646f74,0,8,Brownville (V) WWTP,Brownville Village of,1.0
36006025001,c5dec0c9-17a6-4a1b-9a48-9a9800e8d6d1,0,9,Brownville (V) WWTP,BPR LLC,0.0
36006025001,6c5b0243-6235-4ce7-a335-f45df7928a6f,0,10,Brownville (V) WWTP,"Heasley, Barbara E",0.0
36006025001,ad0f0512-bc4c-4916-b5b0-2560ccffaa40,0,11,Brownville (V) WWTP,"Graham, Cynthia M",0.0
36006025001,0078f638-14a4-4929-8bd2-fdac4dead250,0,12,Brownville (V) WWTP,New York State DEC,0.0
36006025001,ed15bd37-a273-48d3-94fd-0cf3c603e140,0,13,Brownville (V) WWTP,"Anderson, George",0.0
36006025001,c6acd82d-a4d7-4cea-b822-b6534ad403ad,0,14,Brownville (V) WWTP,BPR LLC,0.0
36006025001,0bd04496-4e1e-4d68-a46c-fed1763064fd,0,15,Brownville (V) WWTP,"Siver, Christopher Jon",0.0
36006025001,fcca4387-785e-4060-ba4f-d80c79ad3e60,0,16,Brownville (V) WWTP,Brenons Coin Machines Inc,0.0
36006025001,60f9ee0c-4fac-425b-90e1-39185d53afd7,0,17,Brownville (V) WWTP,"MacCue, Brian",0.0
36006025001,45e33177-602e-4bcd-b412-475be4cd5509,0,18,Brownville (V) WWTP,"Horeth Trust, Mary",0.0
36006025001,02901a03-328d-46fa-ae95-d8d5a908250e,0,19,Brownville (V) WWTP,Brownville Town of,1.0
36006025001,8ee90b18-9dae-4546-9447-f844d15ca00a,0,20,Brownville (V) WWTP,"Hyde, Dean",0.0
36006110001,6c953cea-99be-4ae1-ae4f-2c36548e2ead,1,1,Morristown (V) STP,Town of Morristown,1.0
36006110001,53334b3b-91ec-4b0e-9e37-aa6438d57109,0,2,Morristown (V) STP,Town of Morristown,1.0
36006110001,4c9bdc0f-90e7-4f71-9a6c-d26795f33cbe,0,3,Morristown (V) STP,Morristown Fire District,1.0
36006110001,a86f7daa-2a48-4b50-a9c3-9c05a87e4e35,0,4,Morristown (V) STP,Town of Morristown,1.0
36006110001,d597e1d8-3432-4402-a1c7-b79cefa9cc07,0,5,Morristown (V) STP,Morristown Central School,1.0
36006110001,580f5aa7-7d9e-4f0c-b496-969bb7ebcc75,0,6,Morristown (V) STP,,
36006110001,dca92250-c678-41b6-9798-c32759310c18,0,7,Morristown (V) STP,"Charlton, Samuel J",0.0
36006110001,b44cad37-2ee8-4666-9764-b36b54996720,0,8,Morristown (V) STP,"Hicks, Donna K",0.0
36006110001,ba1aa65f-19f4-4371-9542-357846509255,0,9,Morristown (V) STP,"VanArnam, David S",0.0
36006110001,51050607-1524-44df-982d-5f0fa6d7a220,0,10,Morristown (V) STP,"Evans, Edward L",0.0
36006110001,a466f02c-089b-4e73-ac68-8f4c3e87c73b,0,11,Morristown (V) STP,"Bogardus, Scott L",0.0
36006110001,7c445624-f725-4f77-af47-9031ef58a395,0,12,Morristown (V) STP,"Rowe, Stacy E",0.0
36006110001,2cc6a889-8837-447c-bba0-a2fef961795e,0,13,Morristown (V) STP,"Charlton, Samuel J",0.0
36006110001,e281c76d-0481-4841-8f6e-9ef7a36f7168,0,14,Morristown (V) STP,Morristown Fuel & Supply Co,1.0
36006110001,e47d448a-57dc-4a8c-97b5-e60bb074f883,0,15,Morristown (V) STP,Morristown CSD,1.0
36006110001,580c3062-5ff1-4ba4-bd1f-58f7ece12c94,0,16,Morristown (V) STP,"VanArnam, David S",0.0
36006110001,c8359dea-bf67-4f56-a83b-f8e62a20382c,0,17,Morristown (V) STP,"VanArnam, David S",0.0
36006110001,997729af-2cc9-45c7-9ec4-f242d293234a,0,18,Morristown (V) STP,United Helpers Intermediate,0.0
36006110001,7e765402-fccc-4f49-9477-5a5f65f140e3,0,19,Morristown (V) STP,"Dulmage, Brenda J",0.0
36006110001,4c74d7c2-9252-4960-b65b-2fb98bd97d1b,0,20,Morristown (V) STP,"McDonald, Shirley",0.0
36006117001,b3cd6c49-e0d2-4fb8-a285-713af19859ff,1,1,Potsdam (V) WWTP,Village Of Potsdam,1.0
36006117001,0c3004a9-ac1e-4da7-92ab-93abefd8e538,0,2,Potsdam (V) WWTP,Town Of Potsdam,1.0
36006117001,e5263273-8c0f-4e2d-9b36-b78298f9c8a9,0,3,Potsdam (V) WWTP,Village Of Potsdam,1.0
36006117001,55f04f37-60de-476f-a894-2634af1e13c5,0,4,Potsdam (V) WWTP,Village Of Potsdam,1.0
36006117001,6dcac17a-5ea3-4b09-a2e5-05d9e60f81dc,0,5,Potsdam (V) WWTP,Potsdam Housing Authority,1.0
36006117001,f642153a-469a-4c82-9087-74392c962cf0,0,6,Potsdam (V) WWTP,Village of Potsdam,1.0
36006117001,8e01f3f5-6603-4c28-af6a-8279afbfcd40,0,7,Potsdam (V) WWTP,Potsdam Housing Authority,1.0
36006117001,4a5d07bb-6830-435e-8434-5c86cd870e9e,0,8,Potsdam (V) WWTP,Potsdam Specialty Paper Inc,1.0
36006117001,e51adb65-8169-448f-899a-74670ded0dbc,0,9,Potsdam (V) WWTP,"Miller, Lane E",0.0
36006117001,d11b2f20-2fb3-4742-ba54-87b594ea7217,0,10,Potsdam (V) WWTP,Village Of Potsdam,1.0
36006117001,35a79f9f-4749-4a82-8d1b-a25b20e6e107,0,11,Potsdam (V) WWTP,Potsdam Associates,1.0
36006117001,f81f6ed9-efca-41a4-9906-2a0d46967125,0,12,Potsdam (V) WWTP,Village of Potsdam,1.0
36006117001,00298cc9-ead0-432e-a75d-a75c8b498b7d,0,13,Potsdam (V) WWTP,Village Of Potsdam,1.0
36006117001,340f59a7-7e65-484c-acc9-b0c6d7f33bbc,0,14,Potsdam (V) WWTP,Terra Development Inc,0.0
36006117001,c37a4984-eb89-40d5-9a3b-6f03ca5e03d2,0,15,Potsdam (V) WWTP,Village of Potsdam,1.0
36006117001,48a4f339-7a74-4a36-9125-2cde8aba17c9,0,16,Potsdam (V) WWTP,Potsdam Associates,1.0
36006117001,be8b26e9-cda4-4943-bd6d-43929d10639d,0,17,Potsdam (V) WWTP,Village of Potsdam,1.0
36006117001,8d209054-1f79-4518-a8d0-61f4c55754cc,0,18,Potsdam (V) WWTP,Village of Potsdam,1.0
36006117001,ca239050-0a85-41d5-8307-d0f9d7fbf702,0,19,Potsdam (V) WWTP,Village of Potsdam,1.0
36006117001,4c2a5c53-2b8e-4d74-8a28-a4a41fbc49a3,0,20,Potsdam (V) WWTP,Village of Potsdam,1.0
36006145001,ef099edd-401c-40f5-af74-5eee9c97d221,0,1,Gouverneur (T) STP & Sewers,Town Of Gouverneur,1.0
36006145001,f272a7cd-b890-43ba-a3ff-db6e8a896d88,1,2,Gouverneur (T) STP & Sewers,Village Of Gouverneur,1.0
36006145001,6c78db48-1d41-4c80-9aa6-6fedcec70dfe,0,3,Gouverneur (T) STP & Sewers,Town Of Gouverneur,1.0
36006145001,43005241-3465-4cd7-b6ff-89c24fea259f,0,4,Gouverneur (T) STP & Sewers,Village Of Gouverneur,1.0
36006145001,6e59b139-6809-4f2f-a1eb-70ac9191b2fe,0,5,Gouverneur (T) STP & Sewers,Village Of Gouverneur,1.0
36006145001,47115f8b-6d44-4251-b364-9896b43a6763,0,6,Gouverneur (T) STP & Sewers,"St Lawrence Meadows, LLC",0.0
36006145001,609ea145-8e4d-4571-ac39-2debcdc0e682,0,7,Gouverneur (T) STP & Sewers,Gouverneur Central School Dist,1.0
36006145001,6aadb331-6226-4513-ab20-6409d9eac57e,0,8,Gouverneur (T) STP & Sewers,Village Of Gouverneur,1.0
36006145001,96006f7f-e36e-420b-9b7c-cb5648700613,0,9,Gouverneur (T) STP & Sewers,Gouverneur Central School,1.0
36006145001,79530ab6-dc0b-4c1d-a40f-3bdb2e55d6f4,0,10,Gouverneur (T) STP & Sewers,"Hall, Daniel John",0.0
36006145001,d7c35e4b-6c7a-4e80-983f-328600a50b00,0,11,Gouverneur (T) STP & Sewers,Village Of Gouverneur,1.0
36006145001,3e9d3d9e-a5c0-44ad-90fd-e1c08d99de87,0,12,Gouverneur (T) STP & Sewers,Town Of Gouverneur,1.0
36006145001,4ca3f3d4-04e4-4c76-92cd-e3c5715b4850,0,13,Gouverneur (T) STP & Sewers,Village Of Gouverneur,1.0
36006145001,d67fd369-0794-43bf-a0ed-1e493de84a5a,0,14,Gouverneur (T) STP & Sewers,North Country Ford,0.0
36006145001,d40fc22d-7798-48ca-9fcc-2713c16948e5,0,15,Gouverneur (T) STP & Sewers,Gouverneur Central School,1.0
36006145001,f49f84d6-f4b4-41db-bc8a-ac3242fb3eb9,0,16,Gouverneur (T) STP & Sewers,"Richardson, Kenneth F",0.0
36006145001,3571fb5a-e2fc-43f8-9258-139b2622cb86,0,17,Gouverneur (T) STP & Sewers,"Hall, Daniel John",0.0
36006145001,35445f0e-521d-45c2-8de3-038b72b7ecfc,0,18,Gouverneur (T) STP & Sewers,"Mandigo, Sherri L",0.0
36006145001,6e5ffb28-8af3-4d62-b66b-d6b7bd71cd01,0,19,Gouverneur (T) STP & Sewers,"Lehmer, Dale L",0.0
36006145001,7b44a1a4-c114-4330-b663-8af3a85cb58f,0,20,Gouverneur (T) STP & Sewers,New York State Corrections,0.0
36007156001,064c2d80-d5d5-4102-87f2-e4ece25e9673,1,1,Marcellus (V) STP,Village Of Marcellus,1.0
36007156001,cff52e2c-02b1-4971-bd66-53464d5da05f,0,2,Marcellus (V) STP,Town Of Marcellus,1.0
36007156001,cf9213be-58df-40e2-a369-ee877a78fb6d,0,3,Marcellus (V) STP,Town Of Marcellus,1.0
36007156001,ae04b046-52c3-46ad-87ad-cea6afdb99a7,0,4,Marcellus (V) STP,Town Of Marcellus,1.0
36007156001,7a39f6c2-1955-436b-93a3-2dab8108c7f5,0,5,Marcellus (V) STP,Onondaga County,0.0
36007156001,94551cf3-6b69-4256-b615-7e62a9c7e79f,0,6,Marcellus (V) STP,Onondaga County Water Authority,0.0
36007156001,69b0f1f1-9a76-4550-9f25-a96928a6e68c,0,7,Marcellus (V) STP,Town Of Marcellus,1.0
36007156001,066cd76b-c040-4993-a579-f65c2df71b59,0,8,Marcellus (V) STP,Town of Marcellus,1.0
36007156001,e3b69c6b-92da-4635-a33b-84d08b96ef3a,0,9,Marcellus (V) STP,Town of Marcellus,1.0
36007156001,bf452b3b-9ca2-44a8-8517-0a5c1e88c4b2,0,10,Marcellus (V) STP,Town of Marcellus,1.0
36007156001,a3cd1700-c92c-4125-87cb-be0e2bb6a6d1,0,11,Marcellus (V) STP,Onondaga County Water Authority,0.0
36007156001,f5f48adc-c769-4452-aa13-83541c4891e3,0,12,Marcellus (V) STP,Onondaga County,0.0
36007156001,ecd1e35d-ac34-45e0-8129-009a7bd272be,0,13,Marcellus (V) STP,Fox Eric J Mathews-Fox Jeanne M,0.0
36007156001,b5b644d0-e553-46b3-a473-ebd4b941dc68,0,14,Marcellus (V) STP,St Francis Xavier Cemetery,0.0
36007156001,4c3c04c4-7f3c-4192-82cb-d585de559c07,0,15,Marcellus (V) STP,Brown Sara Brown Grant,0.0
36007156001,f564cd8d-a4ca-4b2f-9a8a-0b4518cd8cc9,0,16,Marcellus (V) STP,Baritell Mark J Baritell Renee A,0.0
36007156001,81c853dd-f3cd-44b8-baa0-4a3fda95ff16,0,17,Marcellus (V) STP,Marcellus Central Schools,1.0
36007156001,0f186622-a4ae-453e-b08f-73d5aad86bd7,0,18,Marcellus (V) STP,Marcellus Fire Department,1.0
36007156001,d57ff86f-a85d-4f1a-b6a5-e94372088965,0,19,Marcellus (V) STP,8 Paul Street LLC,0.0
36007156001,62ce52d4-a2fe-4536-a415-e375059bb5b6,0,20,Marcellus (V) STP,Bell John,0.0
36008020001,c0e79572-0057-46c5-b882-33f0df37b450,1,1,Mount Morris (V) WWTP,Village Of Mt Morris,1.0
36008020001,ba25a02f-dc9d-49f9-b03e-bd1770dfbbb1,0,2,Mount Morris (V) WWTP,Village Of Mt Morris,1.0
36008020001,1c3e1f24-1e80-45a3-8d1b-a896f10617b4,0,3,Mount Morris (V) WWTP,Livingston County,0.0
36008020001,271ee279-651c-4e5c-a250-88e9cf42d9a2,0,4,Mount Morris (V) WWTP,The People Of The State Of NY,0.0
36008020001,92c81ee5-532d-4727-b265-2ce27f848030,0,5,Mount Morris (V) WWTP,Town Of Mt Morris,1.0
36008020001,f5c6bee8-146b-4bd3-a43d-cb5995a7d1d5,0,6,Mount Morris (V) WWTP,State Of New York,0.0
36008020001,c1c91eab-66b6-49cc-ab92-ecfc35ce19f7,0,7,Mount Morris (V) WWTP,Boces,0.0
36008020001,0848b4d2-215c-487d-a753-cab12c7f6538,0,8,Mount Morris (V) WWTP,Rochester Gas & Electric,0.0
36008020001,75dcfd5f-56ae-4460-9937-b984a2b89cff,0,9,Mount Morris (V) WWTP,Rochester Gas & Electric,0.0
36008020001,ccc03808-8e31-4a26-8c8c-f1a475f0eee9,0,10,Mount Morris (V) WWTP,American Rock Salt Co. LLC,0.0
36008020001,43093f3b-50c9-4301-ad4c-72977b9ed878,0,11,Mount Morris (V) WWTP,C&F Transportation Inc,0.0
36008020001,11a358de-3924-4481-86c4-eae69bec045d,0,12,Mount Morris (V) WWTP,The Town Of Mt Morris,1.0
36008020001,704b2a87-036e-45fa-ad7d-6acee6c1a64c,0,13,Mount Morris (V) WWTP,Lamplighter Ministries Inc,0.0
36008020001,f64f81e2-3f86-4014-a6e2-3b3d059c65e1,0,14,Mount Morris (V) WWTP,St Patricks Cemetery,0.0
36008020001,7728d262-0a53-4c7b-9f10-ea7f7645ed87,0,15,Mount Morris (V) WWTP,"Brandon M. Brady Farms, Inc.",0.0
36008020001,8bb730f7-36a7-46f6-b8ea-a5921ab59ba6,0,16,Mount Morris (V) WWTP,State Of New York,0.0
36008020001,476cbbb8-1a4a-49b8-b339-4f944a0fe33d,0,17,Mount Morris (V) WWTP,Livingston County,0.0
36008020001,4257bf5e-0084-4364-85d0-41caf94d660e,0,18,Mount Morris (V) WWTP,"Brandon M. Brady Farms, Inc.",0.0
36008020001,7ad2d18c-24da-416d-ae1c-ec955b43db14,0,19,Mount Morris (V) WWTP,Letchworth Realty LLC,0.0
36008020001,5e2460a4-26b4-4a0d-b9fc-8db878c33aaa,0,20,Mount Morris (V) WWTP,Community Integrated Services,0.0
36008049001,8a0db0a5-2fe6-4aa1-95ec-5cf0bdeb9021,1,1,Farmington (T) STP & San Sewers,Town of Farmington,0.5869355011573595
36008049001,3cab294c-caf4-479f-9bfb-73b070557710,0,2,Farmington (T) STP & San Sewers,Town Of Farmington,0.5869355011573595
36008049001,a4240024-54ea-4056-870f-bb1e487fadd2,0,3,Farmington (T) STP & San Sewers,Ontario County I D A,0.0
36008049001,c9ffb3ec-b959-47a7-b6ad-b6def45e4f58,0,4,Farmington (T) STP & San Sewers,Village of Victor,0.0
36008049001,64d19c10-f5da-43c0-9bf9-22ac7a178eb0,0,5,Farmington (T) STP & San Sewers,Town of Victor,0.0
36008049001,3cb85d89-7654-4f63-8452-d33ea0d65015,0,6,Farmington (T) STP & San Sewers,Town of Farmington,0.5869355011573595
36008049001,e8ad2279-5333-475d-a9b0-43cb8dda4c06,0,7,Farmington (T) STP & San Sewers,6327 State Route 96 LLC,0.0
36008049001,e31c9d92-3409-424c-8823-3855b9342103,0,8,Farmington (T) STP & San Sewers,Victoria Woods HOA Phase 4,0.0
36008049001,494d71a6-2875-4892-b335-3f6dad86648d,0,9,Farmington (T) STP & San Sewers,Woodstone Custom Homes Inc,0.0
36008049001,8ad6c170-62e0-4119-a1d8-e6d1f6e19722,0,10,Farmington (T) STP & San Sewers,GLN Farmington Realty LLC,0.5869355011573595
36008049001,ecb9aaca-ee5e-4c26-951e-082b3632347a,0,11,Farmington (T) STP & San Sewers,Town of Victor,0.0
36008049001,3272872a-11ed-40ef-a477-25c61b68c1ec,0,12,Farmington (T) STP & San Sewers,Farmington Gardens II Housing,0.5869355011573595
36008049001,7e58c7b1-56c8-4021-ba20-09f1a720e61a,0,13,Farmington (T) STP & San Sewers,Town of Farmington,0.5869355011573595
36008049001,ff7346e3-8123-462f-bcb8-b488d6919a01,0,14,Farmington (T) STP & San Sewers,"Mercier, George",0.0
36008049001,a8b192c3-fc8d-470a-9efc-0801c807dcaf,0,15,Farmington (T) STP & San Sewers,Town of Farmington,0.5869355011573595
36008049001,aabaff7f-b4a2-4dfe-9eb9-bf465042d6c7,0,16,Farmington (T) STP & San Sewers,"Rogers, Thomas",0.0
36008049001,284caa2d-5acc-4d97-9a55-bddb3b87117d,0,17,Farmington (T) STP & San Sewers,Town of Farmington,0.5869355011573595
36008049001,42a61e67-14b1-4943-a964-d3b43dcf99d8,0,18,Farmington (T) STP & San Sewers,Town of Farmington,0.5869355011573595
36008049001,15455f62-09ca-4692-a00b-8bf11e1b2a40,0,19,Farmington (T) STP & San Sewers,6327 State Route 96 LLC,0.0
36008049001,3978f800-0dbc-4193-9f45-0cefb420968d,0,20,Farmington (T) STP & San Sewers,Beaver Creek Assoc Inc,0.0
36008141002,b2fe389c-9e86-4b1c-b745-8df4f18268b9,1,1,Springwater (T) WWTP,Town of Springwater,1.0
36008141002,41f8e372-1199-4997-9e58-42bbd4f6f463,0,2,Springwater (T) WWTP,The People of the State of NY,0.0
36008141002,91351f69-3efa-4624-b1aa-3f3a61c5ec30,0,3,Springwater (T) WWTP,Town Of Springwater,1.0
36008141002,9ac9a1f2-c560-4111-bc39-bb03f40fb835,0,4,Springwater (T) WWTP,Springwater Water District #1,1.0
36008141002,6972c797-7b53-430c-9147-eecaa8ad193b,0,5,Springwater (T) WWTP,Springwater Center,1.0
36008141002,2630b2fd-1e42-4dc4-b1c9-9db6556748b5,0,6,Springwater (T) WWTP,"Witteman, Richard T.",0.0
36008141002,b5311fbd-6c20-4354-a9ef-69cf7a27b2be,0,7,Springwater (T) WWTP,Town Of Springwater,1.0
36008141002,7212eade-539e-44d1-a459-c86fe4d50286,0,8,Springwater (T) WWTP,"SHUR Enterprise, Inc.",0.0
36008141002,e7fb608f-6768-4ddf-b843-4b73877cdef2,0,9,Springwater (T) WWTP,"Sandler, Carol J.",0.0
36008141002,3e7b9a87-ba22-44dd-834b-c88d1276af6b,0,10,Springwater (T) WWTP,"Shuryn, Peter A.",0.0
36008141002,536a195a-fc5d-449f-96fd-f83db3b56bb7,0,11,Springwater (T) WWTP,"Mastin, Ronald L.",0.0
36008141002,40fce2d5-3ad3-4efb-89dd-dcd11e95722e,0,12,Springwater (T) WWTP,"Hale, Yvette L.",0.0
36008141002,76e360df-d8d8-4bba-8733-645ef52dab2c,0,13,Springwater (T) WWTP,"Sackett, Michael",0.0
36008141002,d2adec8f-bcd1-423c-a0e6-f15711de9eb8,0,14,Springwater (T) WWTP,"Englert, Christine M.",0.0
36008141002,773e27ae-ef65-4b66-aeba-73758b34f593,0,15,Springwater (T) WWTP,"Parker, Benjamin J.",0.0
36008141002,ffdfec6a-20de-4256-8132-56162912a08b,0,16,Springwater (T) WWTP,Springwater Center,1.0
36008141002,aeadcae3-f4b1-45d5-932d-ef30b1afa931,0,17,Springwater (T) WWTP,"Coger, Wayne",0.0
36008141002,4acfab65-b2a9-4f45-87e5-cafbd34c8d1b,0,18,Springwater (T) WWTP,"Holmes, Lynn A.",0.0
36008141002,167abe96-7e79-4077-aacd-c6e50682ce61,0,19,Springwater (T) WWTP,"Judd, Michael J.",0.0
36008141002,e49f76f0-5bc9-4f9d-88fa-ed4e39db09d0,0,20,Springwater (T) WWTP,Town Of Springwater,1.0
36008143001,40ea0595-45c5-4012-b9b5-542d01161ae3,1,1,York (T) Retsof SD STP & Sewers,Town Of York,0.4181217895414034
36008143001,d3395dd5-6e9e-4e2b-940e-6fe23d830363,0,2,York (T) Retsof SD STP & Sewers,Abbey of the Genesee,0.0
36008143001,5574079d-69c4-4c9e-ac82-2a0ef0a8969f,0,3,York (T) Retsof SD STP & Sewers,Retsof Realty L L C,0.5818782104585966
36008143001,0c4bae75-4890-4f6c-9601-14aa6cc621de,0,4,York (T) Retsof SD STP & Sewers,"Spezzano, Gregory F.",0.0
36008143001,ebe2fadb-aa63-4448-a604-5508f7e478dd,0,5,York (T) Retsof SD STP & Sewers,"Occhioni, Mark",0.0
36008143001,f846956e-7a3f-48c4-af49-9cafb9a4ce9a,0,6,York (T) Retsof SD STP & Sewers,"Occhioni, Mark J.",0.0
36008143001,28d4e3df-563f-478b-89f3-9284e9cad407,0,7,York (T) Retsof SD STP & Sewers,"Gullo, Tony M.",0.0
36008143001,7f1d8980-aea3-4824-a783-dedfafabef11,0,8,York (T) Retsof SD STP & Sewers,"Giglio, Gerald J.",0.0
36008143001,6e3dd0fc-61fb-47bf-83bc-67d0641bc5b2,0,9,York (T) Retsof SD STP & Sewers,"Gary P. Wall Real Estate, Inc.",0.0
36008143001,89a74570-2d30-422e-964a-f2c188ca9f14,0,10,York (T) Retsof SD STP & Sewers,"Burt, Michael J.",0.0
36008143001,73fb202a-d02a-42a2-89ac-debc8fd94b7e,0,11,York (T) Retsof SD STP & Sewers,St. Luke The Evangelist Roman,0.0
36008143001,5e5c4b19-fe1d-4766-b2a7-6a97487e76a9,0,12,York (T) Retsof SD STP & Sewers,"Hainsworth Farms, LLC",0.0
36008143001,27abf0bc-20de-4f78-a91f-a1f5e1e96286,0,13,York (T) Retsof SD STP & Sewers,"Nagel, Davies",0.0
36008143001,e0c1baaa-52a1-40ea-a34c-bf0f7ac94655,0,14,York (T) Retsof SD STP & Sewers,"Bucci, Joseph G.",0.0
36008143001,beaf73dc-c326-433b-89d1-adea352e3c20,0,15,York (T) Retsof SD STP & Sewers,"Gary P. Wall Real Estate, Inc.",0.0
36008143001,1fd96007-5f51-44a6-9ddf-eed2e68e90f5,0,16,York (T) Retsof SD STP & Sewers,"JT III Holdings, LLC",0.0
36008143001,8cf738bc-584a-447e-9945-d1f28c428d31,0,17,York (T) Retsof SD STP & Sewers,"Garland, Edward R.",0.0
36008143001,2895f35e-7c1d-4c31-8bfd-f670e3242cdb,0,18,York (T) Retsof SD STP & Sewers,"VanGelder, Michael J. Sr",0.0
36008143001,0fd58ebd-2505-4189-bbc1-1eba83b80fbf,0,19,York (T) Retsof SD STP & Sewers,"Gary P. Wall Real Estate, Inc.",0.0
36008143001,df4d8340-646e-48b2-92d6-5d3e15fb537d,0,20,York (T) Retsof SD STP & Sewers,"Nouryon Salt, LLC",0.0
36009120001,f1f40761-f2a8-41c8-961f-425c69e3435c,1,1,Somerset (T) Barker WWTP & Sewers,Town Of Somerset,0.44750069461295056
36009120001,733258a1-f00f-4421-961b-cfaf8dbb0565,0,2,Somerset (T) Barker WWTP & Sewers,"Silsby, Jeremy",0.0
36009120001,0deabc33-05a5-400e-8817-39d6e667e1ac,0,3,Somerset (T) Barker WWTP & Sewers,Town of Somerset,0.44750069461295056
36009120001,1774af02-7095-4a56-9adc-1ee3ec52a5df,0,4,Somerset (T) Barker WWTP & Sewers,"Weller, Jamie L",0.0
36009120001,afda67f7-6650-4d7a-b93c-a81780e5b156,0,5,Somerset (T) Barker WWTP & Sewers,"Congi, Anthony",0.0
36009120001,514f35d0-ddf7-450e-9d05-c0a34ffc0fca,0,6,Somerset (T) Barker WWTP & Sewers,Hetrick5 LLC,0.0
36009120001,5abe61f4-d7bc-4334-a040-9c84213fdd36,0,7,Somerset (T) Barker WWTP & Sewers,"Hetrick, Keith Jr.",0.0
36009120001,903f18c9-ea3a-43ab-9dfe-c1b62158a173,0,8,Somerset (T) Barker WWTP & Sewers,"Conley, Dennis C",0.0
36009120001,656ebdab-3c04-43ae-b781-739d3eb93785,0,9,Somerset (T) Barker WWTP & Sewers,"Cuddeback, Stephen",0.0
36009120001,c5835dfe-b5f6-4d9f-8efd-2a112fe369bb,0,10,Somerset (T) Barker WWTP & Sewers,"Hurley, William P",0.0
36009120001,7a9f9d65-61b3-41a1-b12a-8bbacd4f2da3,0,11,Somerset (T) Barker WWTP & Sewers,"Young Men's Christian Asoc.,, Buffalo/Niagara",0.0
36009120001,9001cbd6-f199-49d7-aa7b-5b8a37e7cea6,0,12,Somerset (T) Barker WWTP & Sewers,"Atwater, Elijah J",0.0
36009120001,297a9542-641a-4366-b515-6257194fe3be,0,13,Somerset (T) Barker WWTP & Sewers,"Weller, Jamie L",0.0
36009120001,a811637d-cab6-405a-9694-de3f14b0774b,0,14,Somerset (T) Barker WWTP & Sewers,"Atwater, Andrew F",0.0
36009120001,3f33bc1d-a5d5-49e2-b2dc-a153bbda8819,0,15,Somerset (T) Barker WWTP & Sewers,Somerset Operating Co. LLC,0.44750069461295056
36009120001,861fd578-8bdb-4fda-b7ae-6b2100e00c97,0,16,Somerset (T) Barker WWTP & Sewers,"Atwater, Levi D",0.0
36009120001,e0eac64e-aa51-4343-8e33-ae81a22934e3,0,17,Somerset (T) Barker WWTP & Sewers,Town Of Somerset-Highway,0.44750069461295056
36009120001,ca13cd40-b7bf-4777-bd11-661a9b3324e0,0,18,Somerset (T) Barker WWTP & Sewers,"Duhow, Keith",0.0
36009120001,0d402368-273f-424e-9821-c0717dd0e06e,0,19,Somerset (T) Barker WWTP & Sewers,"Weller, Jamie L",0.0
36009120001,6ce53529-1aff-4517-bb13-d9be8d154008,0,20,Somerset (T) Barker WWTP & Sewers,Somerset Operating Co. LLC,0.44750069461295056
37000503001,4d69e6e7-e27d-47be-90f9-3ccef7178a95,0,1,JEFFERSON WWTP,NORTH CAROLINA STATE OF,0.0
37000503001,07c90c37-6e96-4af0-964b-3d5ea571c25d,1,2,JEFFERSON WWTP,TOWN OF JEFFERSON,1.0
37000503001,fd4fb2ca-7c75-4e1e-a34d-03753c697197,0,3,JEFFERSON WWTP,TOWN OF JEFFERSON,1.0
37000503001,02408311-51c6-4364-a0c5-3c0c211da398,0,4,JEFFERSON WWTP,COUNTY OF ASHE,0.0
37000503001,0414622f-a83f-462c-96f8-745f4a00d444,0,5,JEFFERSON WWTP,JONES DOROTHY G,0.0
37000503001,6430821c-f312-4429-b84f-981bbffe46a9,0,6,JEFFERSON WWTP,LINTON & HARMON PROPERTIES LLC,0.0
37000503001,56ee1495-d58d-499a-97b2-665b45ca2316,0,7,JEFFERSON WWTP,TOWN OF JEFFERSON,1.0
37000503001,6bdc930a-e1de-417f-a84b-8ce9d982548e,0,8,JEFFERSON WWTP,JL GOLF MGMENT LLC,0.0
37000503001,87151327-d5ba-49e9-944e-8c89b09c5186,0,9,JEFFERSON WWTP,TOWN OF JEFFERSON,1.0
37000503001,4acd7585-cd84-44b6-bf17-b8e5abdc38e6,0,10,JEFFERSON WWTP,FERGUSON MARVIN & WANDA,0.0
37000503001,8cfbc688-2139-4e0b-b2fd-653d4c539a9f,0,11,JEFFERSON WWTP,COUNTY OF ASHE,0.0
37000503001,4c9cab53-0762-4f41-b08e-afaa7276b6d2,0,12,JEFFERSON WWTP,COUNTY OF ASHE,0.0
37000503001,f7e387b8-9490-4e22-b989-b51b0654c241,0,13,JEFFERSON WWTP,MILLER NANCY (1/3); RENAUGH MILLER,0.0
37000503001,50a3fce1-3ac4-45af-839f-83f4ca265296,0,14,JEFFERSON WWTP,WALTERS FRED & JOAN,0.0
37000503001,dcaf6510-fb61-4061-a466-2350015b756b,0,15,JEFFERSON WWTP,HUNTER JEFFREY NEAL & KATHY,0.0
37000503001,2be6a2de-f2da-4dfe-a5c5-b704ba5cfd9a,0,16,JEFFERSON WWTP,NORTH CAROLINA STATE OF,0.0
37000503001,85342a7a-291c-46c3-9dbf-93e74229b521,0,17,JEFFERSON WWTP,VANNOY BUILDING MANAGEMENT II LLC,0.0
37000503001,6af5d5b7-911d-4fe1-af1e-de4d5e130e0b,0,18,JEFFERSON WWTP,HANCOCK GEORGE & PAULINE,0.0
37000503001,21f67a97-9116-41d4-b54d-6f7443fbc20f,0,19,JEFFERSON WWTP,JL GOLF MGMENT LLC,0.0
37000503001,66f6e096-1aac-47de-801a-5ce8bf448b4f,0,20,JEFFERSON WWTP,SHEETS IRENE (TRUSTEE),0.0
37000702001,9531d24b-7973-4f94-bf56-01f0ac8f49f2,1,1,WASHINGTON WWTP,CITY OF WASHINGTON,0.9999999999999999
37000702001,85c5a592-bb92-4433-bfbe-84f72dcdd3f2,0,2,WASHINGTON WWTP,CITY OF WASHINGTON,0.9999999999999999
37000702001,e1c57272-427e-48fe-a181-e755d4b7d0c1,0,3,WASHINGTON WWTP,BEAUFORT COUNTY,0.0
37000702001,9a934d76-c23c-4f5a-8c7e-aa44663e56d5,0,4,WASHINGTON WWTP,CITY OF WASHINGTON,0.9999999999999999
37000702001,6a2f2742-46f6-4854-b9a0-519659b93018,0,5,WASHINGTON WWTP,CITY OF WASHINGTON,0.9999999999999999
37000702001,fac1c576-45b2-4d67-9d19-452d8bd4d5f0,0,6,WASHINGTON WWTP,CITY OF WASHINGTON,0.9999999999999999
37000702001,eabd19c1-61c5-4458-9d51-d2c40df885e8,0,7,WASHINGTON WWTP,CITY OF WASHINGTON,0.9999999999999999
37000702001,709f8759-0ada-4691-a118-1f3dc9ec2003,0,8,WASHINGTON WWTP,CITY OF WASHINGTON,0.9999999999999999
37000702001,b63ec331-1886-4e22-a528-f7be7f9922fe,0,9,WASHINGTON WWTP,CITY OF WASHINGTON,0.9999999999999999
37000702001,1828baaa-261d-417b-9834-96f30585d497,0,10,WASHINGTON WWTP,CITY OF WASHINGTON,0.9999999999999999
37000702001,03efb9c9-3d7c-4195-bed6-8380cc51272e,0,11,WASHINGTON WWTP,BEAUFORT COUNTY,0.0
37000702001,b801454b-13dd-4622-9979-c010f7c0d934,0,12,WASHINGTON WWTP,BEAUFORT COUNTY BOARD OF EDUCATION,0.0
37000702001,da98a4e7-2347-496f-8f89-58a760b2c30f,0,13,WASHINGTON WWTP,CITY OF WASHINGTON,0.9999999999999999
37000702001,14a6f82c-e13b-4389-93fa-528423770a35,0,14,WASHINGTON WWTP,WASHINGTON HOUSING AUTHORITY,0.9999999999999999
37000702001,e456142b-2312-43dd-947f-7e18b9785a1d,0,15,WASHINGTON WWTP,WASHINGTON CITY OF,0.9999999999999999
37000702001,d1c23f25-5be5-4430-8321-cea25898d89e,0,16,WASHINGTON WWTP,BEAUFORT COUNTY BOARD OF EDUCATION,0.0
37000702001,f735484a-f9f5-4113-851f-5acb850ca12a,0,17,WASHINGTON WWTP,N C STATE HIGHWAY COMMISSION,0.0
37000702001,a7e2359a-8bdb-49c6-9032-7e7d0dc4f094,0,18,WASHINGTON WWTP,CITY OF WASHINGTON,0.9999999999999999
37000702001,7cac9f13-ecf6-42af-b253-6ff668e44246,0,19,WASHINGTON WWTP,BEAUFORT COUNTY,0.0
37000702001,c2472fde-396e-43be-b812-1df39caf98f0,0,20,WASHINGTON WWTP,BEAUFORT COUNTY BOARD OF EDUCATION,0.0
37001206003,e5b569a8-6d9d-45ad-8eac-179f092bfc78,1,1,LAKE RHODISS WWTP,TOWN OF VALDESE,0.0
37001206003,7010fc9e-12ec-4544-93de-adb727bc5d1b,0,2,LAKE RHODISS WWTP,TOWN OF VALDESE,0.0
37001206003,06818994-6104-4d62-840e-27c2e8fa352e,0,3,LAKE RHODISS WWTP,BURKE COUNTY,0.0
37001206003,e0d6f3f3-bab4-4ebb-b0e1-9caaeba49f66,0,4,LAKE RHODISS WWTP,TOWN OF VALDESE,0.0
37001206003,2507a666-58b1-4058-82f3-ee13fa01ac85,0,5,LAKE RHODISS WWTP,TOWN OF VALDESE,0.0
37001206003,3c3b8c98-4764-4580-8e14-0689ef5b307e,0,6,LAKE RHODISS WWTP,TOWN OF VALDESE,0.0
37001206003,114505c9-989e-409e-9adf-d1e42947e253,0,7,LAKE RHODISS WWTP,TOWN OF VALDESE,0.0
37001206003,7e716343-1f96-4328-83c4-05f51a8fcfb6,0,8,LAKE RHODISS WWTP,BURKE COUNTY PUBLIC SCHOOL BOE,0.0
37001206003,210a7cfc-5d0f-4161-b77e-c7dc81409cd9,0,9,LAKE RHODISS WWTP,"KERNS, CLYDE C;KERNS, FAYE R",0.0
37001206003,e74c6a51-de91-45d5-b71a-b121441b4067,0,10,LAKE RHODISS WWTP,TOWN OF VALDESE,0.0
37001206003,27e91bc1-f646-46ed-a5d3-fadf9914eb93,0,11,LAKE RHODISS WWTP,SAFT AMERICA INC,0.0
37001206003,903f4f46-31ef-4fe8-97b8-d3e8a8421bba,0,12,LAKE RHODISS WWTP,"TIMINSKY, TIMOTHY P;TIMINSKY, CAREY A",0.0
37001206003,306c6749-e599-4068-9517-30e3d53d31a6,0,13,LAKE RHODISS WWTP,"VALENTI, PHILLIP J;VALENTI, LORI M",0.0
37001206003,e0aa7d5c-7421-43b5-9f1d-18406de6fbd3,0,14,LAKE RHODISS WWTP,TOWN OF VALDESE,0.0
37001206003,909f0cd4-318f-4afc-a03a-14c5346bfbe7,0,15,LAKE RHODISS WWTP,FOX BRYAN A,0.0
37001206003,04cf884f-1a48-4b47-8e58-4a695c0786d9,0,16,LAKE RHODISS WWTP,"SIMPSON, MICHAEL DAVID;SIMPSON, BONITA ELAINE",0.0
37001206003,55d4ffca-83cf-4b80-8c76-60b7e21966d2,0,17,LAKE RHODISS WWTP,CORNERSTONE BAPTIST CHURCH,0.0
37001206003,ec58fbcd-e8ff-4044-b6de-d55c1c8e2506,0,18,LAKE RHODISS WWTP,TOWN OF VALDESE,0.0
37001206003,ea90e316-bbd1-4ac6-8290-7007ea8b764a,0,19,LAKE RHODISS WWTP,AUCOIN DAVID LAWRENCE,0.0
37001206003,750d3856-20aa-4969-8d6f-376b1390916b,0,20,LAKE RHODISS WWTP,"MCGALLIARD POINTE HOMEOWNERS ASSOCIATION, INC",0.0
37003607002,a95fde6d-f2a7-49b3-b0b2-94a8a13c3d62,0,1,BELMONT WWTP,BELMONT CITY OF,1.0
37003607002,4994595f-f299-43de-9513-c12987551788,1,2,BELMONT WWTP,BELMONT CITY OF,1.0
37003607002,a13999bb-ee82-4422-b474-834b4029a00e,0,3,BELMONT WWTP,BELMONT CITY OF,1.0
37003607002,c74b4365-7f62-43c3-9703-237c26865666,0,4,BELMONT WWTP,BELMONT HOUSING AUTHORITY,1.0
37003607002,bf30436b-5643-4ba7-917b-49d78ba7d177,0,5,BELMONT WWTP,BELMONT CITY OF,1.0
37003607002,2b37dd51-a803-4f95-92b4-81c09b374150,0,6,BELMONT WWTP,BELMONT CITY OF,1.0
37003607002,01b1a34c-e150-463d-bb5b-861a6526d72b,0,7,BELMONT WWTP,BELMONT CITY OF,1.0
37003607002,2717ab18-714f-4dc3-90b9-15ef8b63cf3f,0,8,BELMONT WWTP,BELMONT CITY OF,1.0
37003607002,766f9af2-1f12-4d93-93ce-8cb1aa2d2231,0,9,BELMONT WWTP,GASTON COUNTY BD OF EDUCATION,0.0
37003607002,861abce3-68bb-458b-aaf7-9233bc7b25f1,0,10,BELMONT WWTP,BELMONT LAND & INVESTMENT CO,1.0
37003607002,6a1c26b9-0788-4af4-8f67-c803069c4728,0,11,BELMONT WWTP,BELMONT CITY OF,1.0
37003607002,9456c1ce-9ae0-45c6-9e8c-eaaa41e19c71,0,12,BELMONT WWTP,BELMONT CITY OF,1.0
37003607002,853b9cae-2e95-4cef-814c-d71919f4febf,0,13,BELMONT WWTP,DUKE POWER CO ATTN: TAX DEPT - PB05B,0.0
37003607002,9b4a9551-c409-4488-b504-bbad2646d3dd,0,14,BELMONT WWTP,BELMONT CITY OF,1.0
37003607002,2ea6a657-52c9-44b8-8821-2deab499b849,0,15,BELMONT WWTP,GASTONIA CITY OF,0.0
37003607002,4c5903b5-a399-4da3-acf3-256e8091a954,0,16,BELMONT WWTP,ALLIANCE REAL ESTATE III INC,0.0
37003607002,570bdac4-5702-4853-b753-dd47a61b386b,0,17,BELMONT WWTP,BELMONT LAND & INVESTMENT CO,1.0
37003607002,73b162e2-68be-49f3-94b4-0a2deff5b8f7,0,18,BELMONT WWTP,STATE OF NORTH CAROLINA,0.0
37003607002,f58dacde-4e50-44a9-89cd-5ef35406ff9b,0,19,BELMONT WWTP,BELMONT CITY OF,1.0
37003607002,3467c96c-c481-45e2-9b24-aa416be60c76,0,20,BELMONT WWTP,BELMONT LAND & INVESTMENT CO,1.0
37003901003,c54ccba9-ba57-4372-8858-144aea2014c0,1,1,OXFORD WWTP,OXFORD CITY OF,0.9999999999999999
37003901003,95ba5919-aad6-458f-a572-c6e91294d03b,0,2,OXFORD WWTP,OXFORD CITY OF,0.9999999999999999
37003901003,48acc46b-6dad-4219-90ad-8dc01b929efd,0,3,OXFORD WWTP,GRANVILLE COUNTY,0.0
37003901003,035d818f-7a43-4c87-af87-95672a82384b,0,4,OXFORD WWTP,CORNERSTONE CHRISTIAN,0.0
37003901003,3b2d2cdc-6a01-4318-baaf-23da5e6b7359,0,5,OXFORD WWTP,OXFORD HOUSING AUTHORITY,0.9999999999999999
37003901003,ce8e0105-b542-46e3-ba9f-98a2edd5c1c8,0,6,OXFORD WWTP,FLOYD M B JR & CHARLOTTE C,0.0
37003901003,2e87013e-7b7d-47cd-864e-eea2893f5680,0,7,OXFORD WWTP,CMH MANUFACTURING INC (929),0.0
37003901003,a9858499-1eb7-4c1e-b26e-ffe12a278664,0,8,OXFORD WWTP,HANCOCK FRANKLIN W IV,0.0
37003901003,ab4c4a4c-bd0e-4586-966c-78391c8fa701,0,9,OXFORD WWTP,OXFORD INDUSTRIAL PARK LLC,0.9999999999999999
37003901003,6d4e3367-21d6-4226-a603-ae1cadc90b1a,0,10,OXFORD WWTP,CORNERSTONE CHRISTIAN COMM CH,0.0
37003901003,81e32fe6-40b4-4d97-a550-f3fe8e1025ac,0,11,OXFORD WWTP,BAKKER PARTNERS LLC,0.0
37003901003,a0f6e329-270d-440b-b394-d4d7057431d3,0,12,OXFORD WWTP,OXFORD CITY OF,0.9999999999999999
37003901003,bf18acb4-f803-4522-b61d-b9bb7a69cf20,0,13,OXFORD WWTP,OXFORD INDUSTRIAL PARK LLC,0.9999999999999999
37003901003,30780da7-2d6d-4166-9a7f-00e84e83415b,0,14,OXFORD WWTP,GRANVILLE COUNTY,0.0
37003901003,453a80be-f4b7-4f76-84f5-8f9deeb03a06,0,15,OXFORD WWTP,CAUDLE EDDIE W JR,0.0
37003901003,f4260d78-9511-47c4-8c4b-61967a3ece50,0,16,OXFORD WWTP,CAUDLE EDDIE WAYNE JR,0.0
37003901003,6e0fd51d-f5b5-4537-8301-eadf37a8bb4c,0,17,OXFORD WWTP,OXFORD INDUSTRIAL PARK LLC,0.9999999999999999
37003901003,380377cf-4640-41ad-9dae-53791e623557,0,18,OXFORD WWTP,OXFORD CITY OF,0.9999999999999999
37003901003,f44dfb74-7741-4657-89db-893587e330e1,0,19,OXFORD WWTP,OXFORD CITY OF,0.9999999999999999
37003901003,dda02c59-86da-4beb-9a92-2d8fd109c4b3,0,20,OXFORD WWTP,OXFORD INDUSTRIAL PARK LLC,0.9999999999999999
37005507001,91de4556-4aa1-4cf5-94fc-99c6bfcdba0d,1,1,KILLIAN CREEK WWTP,LINCOLN COUNTY,0.0
37005507001,e8512075-d8fc-416f-8f4f-a0c28cfe2ac3,0,2,KILLIAN CREEK WWTP,LESSEES OF BV HEDRICK GRAVEL,0.0
37005507001,84eed835-cd42-4067-b29e-48c0b60219b0,0,3,KILLIAN CREEK WWTP,GOLD HILL BAPTIST CHURCH,0.0
37005507001,92c3a56a-cba7-4954-860d-04e6f86b4ba1,0,4,KILLIAN CREEK WWTP,LTJ PROPERTIES LLC,0.0
37005507001,ee420bf1-cbee-48e3-8c20-21de4585a3d2,0,5,KILLIAN CREEK WWTP,MCLEAN SUSIE HEIRS OF,0.0
37005507001,d81af6ec-3f45-4cdd-ba1d-a1cd604aa66c,0,6,KILLIAN CREEK WWTP,LTJ PROPERTIES LLC,0.0
37005507001,8ad2a499-8f3b-4705-a4d1-88ecfdea453f,0,7,KILLIAN CREEK WWTP,LESSEES OF BV HEDRICK GRAVEL,0.0
37005507001,db618e08-8047-4ac9-9432-5f3974ab79d1,0,8,KILLIAN CREEK WWTP,LESSEES OF BV HEDRICK GRAVEL,0.0
37005507001,439370a0-fdef-4d75-a907-809f1582ed61,0,9,KILLIAN CREEK WWTP,DELLINGER MARCUS C,0.0
37005507001,6b782b0c-7af4-402e-8a4f-a44c35f8fc69,0,10,KILLIAN CREEK WWTP,LESSEES OF BV HEDRICK GRAVEL,0.0
37005507001,9830a675-8e42-4da2-8a0a-8b3c83057a11,0,11,KILLIAN CREEK WWTP,MACK RALPH,0.0
37005507001,bcdb8757-295d-4671-9b4d-b6a0256abb3f,0,12,KILLIAN CREEK WWTP,PIEDMONT NATURAL GAS COMPANY INC,0.0
37005507001,d9b360ef-f207-4f0d-b888-84379763f141,0,13,KILLIAN CREEK WWTP,MCCLAIN MICHAEL RANDY,0.0
37005507001,32ab3ae9-4d1d-4421-979e-f1140a42ec6f,0,14,KILLIAN CREEK WWTP,E & D PROPERTIES OF,0.0
37005507001,c85a22cc-92d6-4a49-bc3a-d7e2fe4b03ba,0,15,KILLIAN CREEK WWTP,PATTERSON DAVID,0.0
37005507001,5e35d35e-4f23-4b1a-a75a-6166605e99e8,0,16,KILLIAN CREEK WWTP,LESSEES OF BV HEDRICK GRAVEL,0.0
37005507001,4112aa13-9cd2-4545-9bae-ef27a92468d9,0,17,KILLIAN CREEK WWTP,HUNTLEY THOMAS A,0.0
37005507001,1136c640-7565-4f73-9984-6e41f922fc8f,0,18,KILLIAN CREEK WWTP,MACKINS JOE,0.0
37005507001,ae7462c2-1b7f-4ade-b20d-b8915283f163,0,19,KILLIAN CREEK WWTP,WOOLWINE TRENT,0.0
37005507001,97da9d0e-2182-4cda-aac3-e4884c36efe1,0,20,KILLIAN CREEK WWTP,LINCOLN COUNTY,0.0
37007604001,b5ccae1a-ebfa-4d40-9649-75edafa72e41,0,1,LIBERTY WWTP,GREESON RALPH BURTON JR,0.0
37007604001,09897877-e518-471c-9049-aa9604e426d9,0,2,LIBERTY WWTP,"HUMBLE, RALPH ARLENDO; HUMBLE, MARY LYNN",0.0
37007604001,df270d22-566e-44aa-9be5-454c20935f68,0,3,LIBERTY WWTP,"ISLEY, CHARLES HOWARD; ISLEY, LINDA",0.0
37007604001,863bf112-6cb0-4027-9f47-bcd43b96aa98,0,4,LIBERTY WWTP,RAY MARY JO,0.0
37007604001,10f71e70-32c8-4a84-aa98-718ff9f3c0e4,0,5,LIBERTY WWTP,GREESON RALPH B JR & BONNIE F,0.0
37007604001,812d6f2e-5b11-40b5-ba35-3a1fd01aab0d,1,6,LIBERTY WWTP,TOWN OF LIBERTY,1.0
37007604001,3daac038-6845-47b4-b236-a61775245bbb,0,7,LIBERTY WWTP,"SMITH, WILLIAM KEITH",0.0
37007604001,354144ed-a572-4997-9c05-84bf1f9e0edd,0,8,LIBERTY WWTP,"SALINAS, CONSTANTINO PEREZ; CHEPE, CRISTINA DE JESUS",0.0
37007604001,c4404a65-7b2b-4050-a0c7-686f2e8f2e48,0,9,LIBERTY WWTP,MARTIN BRANDON DWAYNE,0.0
37007604001,0ed8b6c3-0d18-4dc3-912d-4b9f6c0dc30b,0,10,LIBERTY WWTP,"LAYTON, LARRY; BAILEY, PAULA YOLANDA",0.0
37007604001,865f2ac0-a88b-4bc7-8703-2ff5466d7208,0,11,LIBERTY WWTP,"LAYTON, ROGER DALE; LAYTON, NANCY H",0.0
37007604001,9140efc7-12a1-47e7-8f17-74951c1fb219,0,12,LIBERTY WWTP,"JOYCE, JAMES ALLEN",0.0
37007604001,cdc36710-52ec-4826-83a8-d1a6eeeffff2,0,13,LIBERTY WWTP,"SMITH, WILLIAM KEITH",0.0
37007604001,44e73c35-0123-4412-8eb9-cbb22a1a81e4,0,14,LIBERTY WWTP,RICHLAND GOSPEL CHURCH,0.0
37007604001,e54e21cf-ebb1-40aa-ba10-304eb2362cc8,0,15,LIBERTY WWTP,"SCOFIELD, FRANK; SCOFIELD, REGINA",0.0
37007604001,d5098724-740c-4e48-911c-183194da6e09,0,16,LIBERTY WWTP,"BOLTON, SHARON A",0.0
37007604001,e155526a-05c8-4850-b87f-29a19eeb88ab,0,17,LIBERTY WWTP,"JOYCE, RICHARD M.",0.0
37007604001,7e035d2a-694f-4ad1-ad93-1e120a7ae696,0,18,LIBERTY WWTP,"SIMMONS, DAVID G",0.0
37007604001,dacf2dd3-6273-45bc-8f6c-87627a04cdb5,0,19,LIBERTY WWTP,"LEWIS, JACOB CHRISTOPHER",0.0
37007604001,be43bc67-b99f-4b48-bc67-4e4535b00ce0,0,20,LIBERTY WWTP,"MATTHEWS, JOEL GRANT; MATTHEWS, GAYLE G",0.0
37007807001,18932a00-19dc-4074-a8c0-c3f9ce2d3784,1,1,MAXTON WWTP,TOWN OF MAXTON,1.0
37007807001,649dc045-fe96-4c61-9064-77643e0f80eb,0,2,MAXTON WWTP,TOWN OF MAXTON,1.0
37007807001,1d61151f-d1a9-40c3-a43c-87f46460f1c0,0,3,MAXTON WWTP,SCOTLAND COUNTY,0.0
37007807001,c0dbdb79-0e85-4dd0-8be8-db8daa55722a,0,4,MAXTON WWTP,LUMBEE NATION TRIBAL,0.0
37007807001,8e0d7dd6-7a80-4423-bdc6-dc0d4dee703e,0,5,MAXTON WWTP,THIGPEN FARMS,0.0
37007807001,3b04294a-73e9-4a70-b84f-d42d4b4b3a56,0,6,MAXTON WWTP,COLLINS SHERRY REVELS & HSB,0.0
37007807001,c65a1fda-cb04-4288-b1ea-a3b5fecd270e,0,7,MAXTON WWTP,THIGPEN FARMS,0.0
37007807001,815e806c-8e7e-441b-9303-7243f86a0318,0,8,MAXTON WWTP,LOCKLEAR DAVID RAY & WF,0.0
37007807001,64c171b7-9b1a-4bfa-b9da-46f95ac21e81,0,9,MAXTON WWTP,J D CARMICHAEL INC,0.0
37007807001,3cc02c02-7658-4e08-899f-c2d7da80b7c1,0,10,MAXTON WWTP,,
37007807001,fa1f15fe-aab6-4c09-8959-0b3dd2fe1c02,0,11,MAXTON WWTP,MOODY SUSAN,0.0
37007807001,50c952bc-0211-4668-9068-63c4751e9bd2,0,12,MAXTON WWTP,TOWN OF MAXTON,1.0
37007807001,8a824f35-cd3b-4bb9-a212-358d85ee5649,0,13,MAXTON WWTP,CARMICHAEL JOHN D JR ET AL,0.0
37007807001,ca7c9047-c932-455b-b294-923221782edd,0,14,MAXTON WWTP,REVELS W M,0.0
37007807001,10c2cebc-2894-4baf-9d0e-d75149de5437,0,15,MAXTON WWTP,THIGPEN WILLIE S & STEPHANIE,0.0
37007807001,619583e5-24da-4501-9650-518f6ecfabce,0,16,MAXTON WWTP,GRAHAM KEVIN MCKINLEY,0.0
37007807001,3adbc466-9118-4285-996a-0d8763837e55,0,17,MAXTON WWTP,TOWN OF MAXTON,1.0
37007807001,c0be0d0b-89da-437f-8b80-c04ae9f7e237,0,18,MAXTON WWTP,LOCKLEAR EDDIE,0.0
37007807001,4368c148-b024-431a-9052-3d36087240b4,0,19,MAXTON WWTP,MAXTON HOUSING AUTHORITY,1.0
37007807001,1db432ca-5b89-4e89-9ed0-22c93efbf82e,0,20,MAXTON WWTP,WP RE VENTURES 1 LLC,0.0
37008401101,e335fcb1-4156-4dbc-b74e-6746cf53d1a4,0,1,GREATER BADIN WWTP,TOWN OF BADIN,0.5481981979520357
37008401101,eae7eb42-0025-4234-99e3-82432421c921,0,2,GREATER BADIN WWTP,COUNTY OF STANLY,0.0
37008401101,cde599ce-00b1-4bdc-af4c-860f453af2bf,0,3,GREATER BADIN WWTP,NC FOREST LAND TWO LLC,0.0
37008401101,84dee56c-217b-4f55-a5a1-c1f6df68ee54,1,4,GREATER BADIN WWTP,GREATER BADIN WATER & SEWER DI,1.0
37008401101,95f7f904-30d5-47df-a3a1-e3f92af78f45,0,5,GREATER BADIN WWTP,TOWN OF BADIN,0.5481981979520357
37008401101,8737ad5b-430a-40dc-b632-7cc41e4d47aa,0,6,GREATER BADIN WWTP,GOD S CHURCH,0.0
37008401101,a80e31d6-05b8-4034-bb98-21b32f1cff79,0,7,GREATER BADIN WWTP,MOORE MYRA ELAINE,0.0
37008401101,64882580-cc37-4f2a-9712-d84af77b97df,0,8,GREATER BADIN WWTP,BADIN SCHOOL,0.5481981979520357
37008401101,5189bf7c-f6b2-4fe0-92c1-16f0c8923bbd,0,9,GREATER BADIN WWTP,MOORE J W JR,0.0
37008401101,279072f3-dfba-4957-ade8-4b45f5c7051e,0,10,GREATER BADIN WWTP,STATE OF NORTH CAROLINA,0.0
37008401101,56b1d3c2-10fc-4a09-a067-d482745d0e81,0,11,GREATER BADIN WWTP,NC FOREST LAND TWO LLC,0.0
37008401101,72123cea-77d0-456a-b860-74c0bd3ba148,0,12,GREATER BADIN WWTP,STATE OF NORTH CAROLINA,0.0
37008401101,99f5b05d-e8dd-47c9-a7be-11219c5cc1e0,0,13,GREATER BADIN WWTP,STATE OF NORTH CAROLINA,0.0
37008401101,2ec809b7-e4f4-4d01-b95e-365ee1753925,0,14,GREATER BADIN WWTP,SHAVER MARY LOUISE B LER,0.0
37008401101,69d2728e-a2d0-4ea1-8bb7-11437dffe766,0,15,GREATER BADIN WWTP,THOMPSON STEVEN ARTHUR,0.0
37008401101,2c7c2f2d-5f1b-48ae-b85a-e92ca8d5f5c6,0,16,GREATER BADIN WWTP,BADIN BUSINESS PARK LLC,0.5481981979520357
37008401101,5bcba405-1359-46b2-a1d9-f5ee3be2b0c3,0,17,GREATER BADIN WWTP,BADIN BUSINESS PARK LLC,0.5481981979520357
37008401101,84a3a87c-240e-40a5-bb83-44603c88d659,0,18,GREATER BADIN WWTP,STATE OF NORTH CAROLINA,0.0
37008401101,fe315afe-4f8d-4cc0-8854-803f2eabba8f,0,19,GREATER BADIN WWTP,NC FOREST LAND TWO LLC,0.0
37008401101,7a434672-b78d-4ec7-9d71-7efa8f36c5c6,0,20,GREATER BADIN WWTP,1913 BADIN INN LLC,0.5481981979520357
38000008001,83b482d3-63ce-4027-9da1-c59f3cb175c6,1,1,FARGO WASTEWATER,FARGO CITY,1.0
38000008001,30a707f6-8eab-43f5-bf36-30854a84cd82,0,2,FARGO WASTEWATER,MUNICIPAL AIRPORT AUTHORITY NW4,0.0
38000008001,d75550b2-e798-45c1-94f2-d3eca215b86e,0,3,FARGO WASTEWATER,,
38000008001,a2670bbd-5fb0-4251-80a2-2166c567b9af,0,4,FARGO WASTEWATER,FARGO CITY,1.0
38000008001,fe292291-f14c-4fdc-b364-aebc9f3d333d,0,5,FARGO WASTEWATER,MUNICIPAL AIRPORT AUTHORITY 12L1,0.0
38000008001,9c82e5b0-4137-44ab-a5df-c784430ab5d0,0,6,FARGO WASTEWATER,FARGO CITY,1.0
38000008001,be6be41e-1774-43af-a621-7441a94fe723,0,7,FARGO WASTEWATER,MUNICIPAL AIRPORT AUTHORITY 12S2,0.0
38000008001,0901fabe-ab9f-41e3-b498-6d83dca031e5,0,8,FARGO WASTEWATER,FARGO CITY,1.0
38000008001,0a6e0bcc-7a1d-4839-bb24-62897ab039a4,0,9,FARGO WASTEWATER,FARGO CITY,1.0
38000008001,95db87e1-7cef-4570-86b9-48ba0e5c54c2,0,10,FARGO WASTEWATER,MUNICIPAL AIRPORT AUTHORITY AFRC,0.0
38000008001,ce201b58-8c63-4abc-9623-b08eb69b8257,0,11,FARGO WASTEWATER,FARGO CITY,1.0
38000008001,17285d0a-e67c-4197-b56c-9860231c2ca5,0,12,FARGO WASTEWATER,MUNICIPAL AIRPORT AUTHORITY 13L1,0.0
38000008001,463b637f-61a0-4dd4-ae91-f507c5e7c7c8,0,13,FARGO WASTEWATER,MUNICIPAL AIRPORT AUTHORITY 12NW,0.0
38000008001,a4d5c6a5-263b-4319-b779-b7eadfa1cbe1,0,14,FARGO WASTEWATER,CASS COUNTY R/W,0.0
38000008001,1b31e34d-ae0a-4ff0-9d0f-2ee53d2c8b70,0,15,FARGO WASTEWATER,FARGO CITY,1.0
38000008001,230abeb2-5bdb-4f84-84a1-353222206e67,0,16,FARGO WASTEWATER,FARGO CITY,1.0
38000008001,bd08c711-2bc9-4ded-a856-1be51f31c20e,0,17,FARGO WASTEWATER,FARGO CITY,1.0
38000008001,078d5e8a-2ff7-42d7-93aa-06205bd869c7,0,18,FARGO WASTEWATER,MUNICIPAL AIRPORT AUTHORITY 11NE,0.0
38000008001,ab82cdc7-87b4-4e60-b257-2945fb19526d,0,19,FARGO WASTEWATER,TROY RICHARD & MONICA JO HARRIS,0.0
38000008001,bc753015-2f82-4288-88ed-17dbb5d38a75,0,20,FARGO WASTEWATER,FARGO PARK DISTRICT,1.0
38000300001,4b128efa-3fa1-44a1-9c32-7dd5617c8dba,1,1,REYNOLDS WASTEWATER,REYNOLDS CITY,1.0
38000300001,3d410d6c-b840-49ba-8eb6-dfc8182a5f1b,0,2,REYNOLDS WASTEWATER,REYNOLDS CITY,1.0
38000300001,2a2f9933-6997-41e5-a5ad-3318b712164a,0,3,REYNOLDS WASTEWATER,CITY OF REYNOLDS,1.0
38000300001,83d94349-731c-4ffa-9247-405e2514759d,0,4,REYNOLDS WASTEWATER,BREIDENBACH NEIL & JOY,0.0
38000300001,5faf0be4-afcd-4ab7-b090-f9d0c9512642,0,5,REYNOLDS WASTEWATER,,
38000300001,814bc909-c463-47ab-a839-d5937134846f,0,6,REYNOLDS WASTEWATER,,
38000300001,6c389ff0-2c56-45d9-a82d-d8ba99325b09,0,7,REYNOLDS WASTEWATER,BREIDENBACH NEIL & JOY,0.0
38000300001,c0b2920c-477d-4527-b365-91b7a4f03200,0,8,REYNOLDS WASTEWATER,,
38000300001,762e5fd5-79de-418a-85ce-3731707d088f,0,9,REYNOLDS WASTEWATER,CENTRAL VALLEY BEAN CO-OP,0.0
38000300001,93c7f8c4-d0c8-4dea-bb2d-af11a15e98b4,0,10,REYNOLDS WASTEWATER,CITY OF REYNOLDS,1.0
38000300001,95ff5fe0-23ad-4594-9f3b-63392eaaf7b5,0,11,REYNOLDS WASTEWATER,LINNEMAN LARRY PAUL,0.0
38000300001,13a684cb-2f70-4545-9ea1-a5128b8c9033,0,12,REYNOLDS WASTEWATER,BREIDENBACH NEIL & JOY,0.0
38000300001,0c2822e3-df3d-4a1e-8eac-fb010da9445b,0,13,REYNOLDS WASTEWATER,WALKER KALLIE & JERRY OLSON,0.0
38000300001,77241ffd-0a14-4954-8580-9a7ee403e584,0,14,REYNOLDS WASTEWATER,"SYVERSON, YVONNE",0.0
38000300001,981814a1-589b-48b6-9dff-a8181115c885,0,15,REYNOLDS WASTEWATER,"BREIDENBACH, NEIL & JOY",0.0
38000300001,0c4fbd1a-d8a5-40fb-b34d-207cd827115b,0,16,REYNOLDS WASTEWATER,"KUSTER, LOREN S & PAMELA K",0.0
38000300001,713b41aa-3039-40af-ada1-34910216c7d4,0,17,REYNOLDS WASTEWATER,"HONG, SCOTT M & SUZANNE J",0.0
38000300001,e50e6ae1-358f-4bcd-af2e-a2792a2e094e,0,18,REYNOLDS WASTEWATER,,
38000300001,2da1b951-a0fd-4001-88a2-4420935a33d7,0,19,REYNOLDS WASTEWATER,REYNOLDS CITY,1.0
38000300001,59f790e7-ba41-49ba-81a0-c2abc3ef590c,0,20,REYNOLDS WASTEWATER,AAMOLD PETER C & TAMI J,0.0
39000000145,1a2f8f9e-89b4-45cd-88b7-2ac6a45fad4e,1,1,Freeport Sanitary System and WWTP,HARRISON COUNTY BD COMMIS,0.0
39000000145,fc2d36a8-f31a-4e8c-b08a-d7afa3e27e3e,0,2,Freeport Sanitary System and WWTP,HARRISON METRO HOUSING AUTH,0.0
39000000145,006988a7-234f-42a4-8dbe-6199fbd859af,0,3,Freeport Sanitary System and WWTP,BOARD OF COUNTY COMMISSIO,0.0
39000000145,6b35b646-7b7a-4356-b840-67f52c12f89d,0,4,Freeport Sanitary System and WWTP,HARRISON COUNTY BD COMMIS,0.0
39000000145,37670b46-49e3-4887-8131-d80006eb2bb3,0,5,Freeport Sanitary System and WWTP,BOARD OF COUNTY COMMISSIO,0.0
39000000145,bf2302b7-436b-45ac-99e6-130dab02cc8a,0,6,Freeport Sanitary System and WWTP,HINES SPENCER & LATOYA RO,0.0
39000000145,a7393849-7279-4067-86f7-052af9979c0a,0,7,Freeport Sanitary System and WWTP,VILLAGE OF FREEPORT,1.0
39000000145,0c60e29e-e55a-476a-9f67-4598250b095a,0,8,Freeport Sanitary System and WWTP,HOOPER TIMOTHY W,0.0
39000000145,4b34c4d8-f602-4452-ab2c-63c01fba3fc0,0,9,Freeport Sanitary System and WWTP,RORABAUGH BOYD R & SUSAN L,0.0
39000000145,8c1e9fca-18a4-4dcf-b0a1-d93b7f5efa53,0,10,Freeport Sanitary System and WWTP,HARRISON COUNTY BD COMMIS,0.0
39000000145,226ebcb0-d519-4345-abe9-e5d8b2af2be4,0,11,Freeport Sanitary System and WWTP,HARRISON COUNTY BD COMMIS,0.0
39000000145,6e94768d-60e2-4a8c-9990-33594d92d69f,0,12,Freeport Sanitary System and WWTP,PARSONS GARY D & JOANN J,0.0
39000000145,1ddf4ac2-419f-4440-8739-e620f7622e61,0,13,Freeport Sanitary System and WWTP,HARRISON COUNTY BD COMMIS,0.0
39000000145,63e83d7d-0ddd-4df0-b8ae-25914bf617e4,0,14,Freeport Sanitary System and WWTP,STUTZMAN MARTIN,0.0
39000000145,da4326d6-6607-4ce9-aa24-45dc0f09270a,0,15,Freeport Sanitary System and WWTP,YODER DAN D & ELIZABETH J,0.0
39000000145,2b85332a-c1f6-4628-9ed9-ca8e00599c7e,0,16,Freeport Sanitary System and WWTP,PARSONS GARY D & JOANN J,0.0
39000000145,04a4cf1c-345b-484b-add5-201d6d7637df,0,17,Freeport Sanitary System and WWTP,,
39000000145,c837bcb0-65b1-488a-8a85-b39ba3c64f87,0,18,Freeport Sanitary System and WWTP,MILLESON RONALD AND CAROL,0.0
39000000145,7a6b1e08-3f38-429d-8492-4240d64fa9d9,0,19,Freeport Sanitary System and WWTP,YODER DAN D & ELIZABETH J,0.0
39000000145,ae83570e-723a-4479-9a75-171e775864ea,0,20,Freeport Sanitary System and WWTP,MONROE MARJORIE H,0.0
39000000147,346fc37a-5341-4ca8-9a27-4041ad27757d,0,1,Bainbridge Collection System and WWTP,THE VILLAGE OF BAINBRIDGE,1.0
39000000147,76aa73d2-1d08-446d-9d76-0e9c31f9339b,0,2,Bainbridge Collection System and WWTP,"FREE, A JED & KOVALO, JOHN C",0.0
39000000147,5546c1bf-b69d-480a-932d-b58e493bf61c,0,3,Bainbridge Collection System and WWTP,PAXTON TOWNSHIP TRUSTEES,0.0
39000000147,e5253937-c89d-401a-995e-e4304c519e69,0,4,Bainbridge Collection System and WWTP,"VILLAGE OF BAINBRIDGE, AN OHIO",1.0
39000000147,50d63f96-8007-4eb0-86ba-d3505d647737,0,5,Bainbridge Collection System and WWTP,HIGHLAND CO WATER CO,0.0
39000000147,5bb4a9d8-f5cf-474d-881d-dcc6a89cb50e,1,6,Bainbridge Collection System and WWTP,VILLAGE OF BAINBRIDGE,1.0
39000000147,7474ee95-8d6a-4084-8780-9ec89b5996ff,0,7,Bainbridge Collection System and WWTP,"FREE, A JED & KOVALO, JOHN C",0.0
39000000147,a6959d98-7c60-4cce-8d89-57d295b47216,0,8,Bainbridge Collection System and WWTP,"FREE, A JED & BURDEN, KATHY J",0.0
39000000147,af0ec833-d02a-4ffe-9e55-7c2e557c4991,0,9,Bainbridge Collection System and WWTP,"FREE, A JED & KOVALO, JOHN C",0.0
39000000147,46185802-9437-4f4b-93d5-828bd7dd6561,0,10,Bainbridge Collection System and WWTP,"PULLIAM, MALACHI & SILAS PULLIAM CO-TRUSTEES",0.0
39000000147,95922100-a7e2-4224-b30e-d44eeaf2eda5,0,11,Bainbridge Collection System and WWTP,"FREE, A JED & KOVALO, JOHN C",0.0
39000000147,df552f62-1c44-4f3f-8308-cb123d3609c7,0,12,Bainbridge Collection System and WWTP,"FREE, A JED & KOVALO, JOHN C",0.0
39000000147,d468a46e-e8a9-4a0c-ad4a-843cb13b45a2,0,13,Bainbridge Collection System and WWTP,STATE OF OHIO ODOT,0.0
39000000147,a43e1218-38fb-43c4-b05d-599394652a8a,0,14,Bainbridge Collection System and WWTP,"LRM LIMITED, AN OHIO LTD P/S",0.0
39000000147,219e3128-12e9-475f-abfd-09d382942d0a,0,15,Bainbridge Collection System and WWTP,BAINBRIDGE CEMETERY,1.0
39000000147,0ed9751d-a84e-42d3-a3b8-f19c7e82efb5,0,16,Bainbridge Collection System and WWTP,BAINBRIDGE MANOR OF ROSS COUNTY LLC,1.0
39000000147,f1095988-5947-4a69-9fa8-1d00e72f3703,0,17,Bainbridge Collection System and WWTP,"FEWSTER FARMS, LLC",0.0
39000000147,9ec5e373-f4f8-44c2-8285-1397debff914,0,18,Bainbridge Collection System and WWTP,"BAINBRIDGE MANOR OF ROSS COUNTY, LLC",1.0
39000000147,e19cfd4f-c249-464f-be86-b726471093bd,0,19,Bainbridge Collection System and WWTP,"EVANS, JOHNNY C. & PAMELA J.",0.0
39000000147,36c0091d-3213-462e-917f-ed1ee7bea9c5,0,20,Bainbridge Collection System and WWTP,TRAVCO LUMBER LLC,0.0
39000000154,24e4f2a8-82fb-4306-9843-6265734811ab,0,1,Palestine-Hollansburg Joint SD WWTP,VILLAGE OF HOLLANSBURG,0.534825796053128
39000000154,dc375470-6e95-49ea-a634-581a1a5b0972,1,2,Palestine-Hollansburg Joint SD WWTP,PALESTINE-HOLLANSBURG,1.0
39000000154,2d50b781-15f7-48d7-9ee7-51a31919495d,0,3,Palestine-Hollansburg Joint SD WWTP,VILLAGE OF HOLLANSBURG,0.534825796053128
39000000154,808f0a95-c304-46a7-914d-d92390c3d347,0,4,Palestine-Hollansburg Joint SD WWTP,HOLLINGER ADAM M TRUSTEE,0.0
39000000154,fb1c6689-69b6-4289-ae5b-3872d504087d,0,5,Palestine-Hollansburg Joint SD WWTP,HINSHAW FARMS LLC,0.0
39000000154,4efd3764-7cd6-4da9-9ac5-8d0da641292f,0,6,Palestine-Hollansburg Joint SD WWTP,SPURRIER ROBERT E,0.0
39000000154,7287380f-c1ac-4cff-94e9-d1d5b35fce23,0,7,Palestine-Hollansburg Joint SD WWTP,PALESTINE-HOLLANSBURG,1.0
39000000154,b80ba656-5054-48da-82cd-63a667e1001f,0,8,Palestine-Hollansburg Joint SD WWTP,HOLLINGER ADAM M TRUSTEE,0.0
39000000154,7d62bb0e-8637-44d7-bb10-cd0fe2a8a08a,0,9,Palestine-Hollansburg Joint SD WWTP,MOORE DUANE & JOAN,0.0
39000000154,e1beb1d0-37c6-49b1-8bd3-75015f57df67,0,10,Palestine-Hollansburg Joint SD WWTP,HOLLINGER ADAM M TRUSTEE,0.0
39000000154,ebf5c58e-509e-46a4-a20e-a23f924ba3f7,0,11,Palestine-Hollansburg Joint SD WWTP,SPURRIER ROBERT E,0.0
39000000154,760c2ba6-e3d0-42ca-b7b4-4c43f345d3e7,0,12,Palestine-Hollansburg Joint SD WWTP,HALL TIMOTHY J & THERESA A,0.0
39000000154,31736c90-a8a6-4b48-89c7-d18a25ea4f6f,0,13,Palestine-Hollansburg Joint SD WWTP,CARR ROBERT & BRENDA,0.0
39000000154,9e939ed4-de1e-4766-b482-658a684db9ed,0,14,Palestine-Hollansburg Joint SD WWTP,MYERS FRANCES P,0.0
39000000154,46773b64-3c35-4088-8da8-123421fa1309,0,15,Palestine-Hollansburg Joint SD WWTP,TEXAS EASTERN,0.0
39000000154,f699f16a-5b90-4670-8e01-adb1e6f8d247,0,16,Palestine-Hollansburg Joint SD WWTP,SPURRIER GREGORY A,0.0
39000000154,67b450a8-eb8d-4216-a1b5-5f5c460b589d,0,17,Palestine-Hollansburg Joint SD WWTP,VILLAGE OF HOLLANSBURG,0.534825796053128
39000000154,c26b6410-bc08-4bf2-b598-89a76e132017,0,18,Palestine-Hollansburg Joint SD WWTP,GILBERT TERRI JOLEN ET AL,0.0
39000000154,631b5acd-2063-4be9-a5d6-c796366a168d,0,19,Palestine-Hollansburg Joint SD WWTP,LIZAK JOZSEF,0.0
39000000154,1d4a4d78-234d-431b-9b38-b8f6abe7490e,0,20,Palestine-Hollansburg Joint SD WWTP,MOORE DUANE,0.0
39000000156,26a9c533-08ca-4c33-a359-0b9871f143f6,0,1,Village of Cumberland WWTP and collection system,VILLAGE OF CUMBERLAND,1.0
39000000156,07cf3d23-67a5-4beb-a952-84538605db2b,1,2,Village of Cumberland WWTP and collection system,VILLAGE OF CUMBERLAND,1.0
39000000156,06d64b47-af45-43e8-8804-2f0361e72ab6,0,3,Village of Cumberland WWTP and collection system,VILLAGE OF CUMBERLAND,1.0
39000000156,1b8f28bc-bb31-4c46-bcda-02cd6b6ac1cf,0,4,Village of Cumberland WWTP and collection system,SPENCER TOWNSHIP TRUSTEES,0.0
39000000156,1b7d85a7-9c6f-45c4-9bca-38567f1d3c53,0,5,Village of Cumberland WWTP and collection system,LOVE ZANE,0.0
39000000156,900ea05d-5faf-460f-9f20-4524abf3c5bd,0,6,Village of Cumberland WWTP and collection system,SPENCER TOWNSHIP TRUSTEES,0.0
39000000156,0b1eb4b1-191f-4b1b-8497-df6077f207f2,0,7,Village of Cumberland WWTP and collection system,OHIO FRANKLIN REALTY LLC,0.0
39000000156,1474f5e9-fb34-4b2c-bb5a-b4ca79050449,0,8,Village of Cumberland WWTP and collection system,VILLAGE OF CUMBERLAND,1.0
39000000156,647e173b-c50c-47ee-bc58-d33cf6a4bdb7,0,9,Village of Cumberland WWTP and collection system,OHIO DEPT NATURAL RESOURCES DIV WILDLIFE,0.0
39000000156,6fb3dc43-4c85-495e-afc1-b6637c3ff631,0,10,Village of Cumberland WWTP and collection system,NOVAK EDWARD & FISH AMY,0.0
39000000156,7d0fa11a-1567-48ff-ae94-7cc3b3cf0b93,0,11,Village of Cumberland WWTP and collection system,MILLER LESTER J & BARBARA,0.0
39000000156,57d0f4c4-9b12-4f0d-af87-02f62059d0d3,0,12,Village of Cumberland WWTP and collection system,MILLER LESTER J & BARBARA,0.0
39000000156,38e41267-39ca-414f-ae22-26f72060ee78,0,13,Village of Cumberland WWTP and collection system,INDEPENDENCE RAIL WORKS LTD,0.0
39000000156,fb1432d1-b5a1-4099-8530-b347c5fddefa,0,14,Village of Cumberland WWTP and collection system,INDEPENDENCE RAIL WORKS LTD,0.0
39000000156,b013e72a-e4b5-45ae-85f3-ed9e3fb783b2,0,15,Village of Cumberland WWTP and collection system,CRILLEY JODY S,0.0
39000000156,8027b802-ee71-4913-9f07-bb3c17c74c8d,0,16,Village of Cumberland WWTP and collection system,WHEELER GREGORY A,0.0
39000000156,cd6372e5-45d5-4bf3-8cf4-a6e84c14effc,0,17,Village of Cumberland WWTP and collection system,YERIAN JAMES ALLEN & BATES BRENDA LEE,0.0
39000000156,6660d000-e142-42b6-96e7-43a690cae654,0,18,Village of Cumberland WWTP and collection system,KOLBE WAYNE R & BETTY NORMAN,0.0
39000000156,daf9f3d4-8a5e-467e-8838-040d89a6120d,0,19,Village of Cumberland WWTP and collection system,HEDDLESON SUE E,0.0
39000000156,919cd86c-5036-48a9-85b3-a6bb637e0a37,0,20,Village of Cumberland WWTP and collection system,FULK JANET S & RACHEL L HALL,0.0
39000000236,880bbf94-47ef-4e39-81bb-b50ad4da4448,1,1,North Adams Regional Sewer District WWTP,VILLAGE OF WINCHESTER,0.0
39000000236,197cd63b-0783-42a6-b544-811be1b48a1e,0,2,North Adams Regional Sewer District WWTP,BOARD OF EDUCATION ADAMS COUNTY OHIO VALLEY LOCAL SCHOOL DISTRICT,1.0
39000000236,ccdbaa33-d334-43b7-990b-b6fe1f6c7e3f,0,3,North Adams Regional Sewer District WWTP,BOARD OF EDUCATION ADAMS COUNTY OHIO VALLEY LOCAL SCHOOL DISTRICT,1.0
39000000236,17b47c7a-38e1-4005-b261-ed3971d0e29e,0,4,North Adams Regional Sewer District WWTP,BOARD OF EDUCATION ADAMS COUNTY OHIO VALLEY LOCAL SCHOOL DISTRICT,1.0
39000000236,11ae270f-5de2-454d-ba63-188f576eb5b5,0,5,North Adams Regional Sewer District WWTP,BAUCOM LAWRENCE S &/OR CARRIE ANN,0.0
39000000236,91c1aaea-7fea-4924-a58c-4bd52bdff1fc,0,6,North Adams Regional Sewer District WWTP,VILLAGE OF WINCHESTER C/O KIMBERLY BOWMAN CLERK,0.0
39000000236,1d1ebd8d-3716-4188-8a88-0bb77520484f,0,7,North Adams Regional Sewer District WWTP,RYAN DONALD D (LIFE EST) &/OR EDNA,0.0
39000000236,be96dc37-8dfa-4eae-a77f-d38d6735e6d8,0,8,North Adams Regional Sewer District WWTP,BROWN JEFF CO-TRUSTEES & CARLA,0.0
39000000236,3ec73b1e-8e23-4053-93a7-64814f4b291b,0,9,North Adams Regional Sewer District WWTP,BROWN JEFF CO-TRUSTEES & CARLA J,0.0
39000000236,be7b8a00-56fc-4c43-a307-e241d53284af,0,10,North Adams Regional Sewer District WWTP,BROWN JEFF &/OR CARLA CO-TRUSTEES,0.0
39000000236,db998538-3665-4037-9e43-a2233c16afd0,0,11,North Adams Regional Sewer District WWTP,MARTIN STACIE &/OR CAMPBELL ROGER,0.0
39000000236,08d265c7-7a9d-4468-b4ec-6b0c2e374a6b,0,12,North Adams Regional Sewer District WWTP,ADAMS COUNTY REGIONAL MEDICAL CENTER,1.0
39000000236,2ccbc903-c59b-4554-8454-11020b195bfd,0,13,North Adams Regional Sewer District WWTP,SEMPLE MARGARET M TRUSTEE,0.0
39000000236,adafc7f0-673f-4898-9a89-ade52d3798a6,0,14,North Adams Regional Sewer District WWTP,ADAMS COUNTY OHIO VALLEY SCHOOL DISTRICT,1.0
39000000236,a75b0888-126a-49c4-8224-90a00b79b328,0,15,North Adams Regional Sewer District WWTP,SHUPERT BRENT A &/OR BETHANY,0.0
39000000236,9dd47bee-4090-4605-b83d-83061626ac32,0,16,North Adams Regional Sewer District WWTP,SEMPLE ERIC & TAILER,0.0
39000000236,40db6376-d338-430d-9b78-2f965dd1070a,0,17,North Adams Regional Sewer District WWTP,ELDRIDGE CHRIS &/OR JAYME,0.0
39000000236,99ca47c0-0399-463a-ba08-6d3e20bf5547,0,18,North Adams Regional Sewer District WWTP,MARTIN JACKIE L &/OR KAREN M,0.0
39000000236,d59adbac-477d-4a58-b8d1-7e6b10b196dd,0,19,North Adams Regional Sewer District WWTP,HOLBROOK BURL HASSEN &/OR JANICE MARY TRUSTEES,0.0
39000000236,839c184d-d973-4453-9b4a-44af0895baa7,0,20,North Adams Regional Sewer District WWTP,MARTIN JACK L &/OR KAREN M,0.0
39000009001,c9fa5a9a-5597-4690-9544-ec71ac8f40ec,0,1,Andover WWTP & Sewers,STATE OF OHIO,0.0
39000009001,754e40ae-705c-44fe-9aaa-8fc5f4834e9a,0,2,Andover WWTP & Sewers,ANDOVER VILLAGE,1.0
39000009001,f3b4fb8f-c697-4bec-a1f0-9031a8fe6415,0,3,Andover WWTP & Sewers,ASHTABULA COUNTY PORT AUTHORITY,0.0
39000009001,3c40c611-21b8-4a2f-ab66-6ae0c546fb72,0,4,Andover WWTP & Sewers,ANDOVER VILLAGE,1.0
39000009001,6332ba23-75be-413b-85a7-a283750f32d4,1,5,Andover WWTP & Sewers,,
39000009001,a065b54d-20ac-49b6-8571-ea4e11662353,0,6,Andover WWTP & Sewers,ANDOVER VILLAGE,1.0
39000009001,d105ccb6-ccda-42c8-9f61-b2c7f6ec6e84,0,7,Andover WWTP & Sewers,CHURCH OF CHRIST & OF ANDOVER OHIO,1.0
39000009001,bd3958c3-2323-476e-8ad5-127fb18d7e65,0,8,Andover WWTP & Sewers,VILLAGE OF ANDOVER,1.0
39000009001,6b3736ec-d213-4edc-b18f-ec9b1a5afd56,0,9,Andover WWTP & Sewers,R & T HOLDINGS CO LLC,0.0
39000009001,3dcc9af0-e2a6-46e6-82eb-52e2f817c05e,0,10,Andover WWTP & Sewers,WEST CREEK CONSERVANCY,0.0
39000009001,a285f17d-f2d5-42da-b7d8-6ba1291e3267,0,11,Andover WWTP & Sewers,TRUSTEES OF ANDOVER & TWP -CEMETERY-,1.0
39000009001,f82545a0-1286-48df-b5d3-ed48277e1082,0,12,Andover WWTP & Sewers,ABLM PROPERTIES LTD,0.0
39000009001,6e8fbc53-7f98-4898-ba4b-fd586f88018e,0,13,Andover WWTP & Sewers,BRITTON GT FARMS LTD,0.0
39000009001,ccb1595b-b444-4311-a36c-feaec8856492,0,14,Andover WWTP & Sewers,ASHTABULA METROPARKS BOARD & OF COMMISSIONERS,0.0
39000009001,9f2248bd-439c-4d20-8efd-c17c1cce1080,0,15,Andover WWTP & Sewers,ASHTABULA COUNTY METROPARKS,0.0
39000009001,37b5dacd-a7d0-4297-813d-20f53bcc4209,0,16,Andover WWTP & Sewers,PYMATUNING VALLEY LOCAL BOARD OF & EDUCATION,0.0
39000009001,3385a304-0e3d-449a-b63c-c22df8e44fe6,0,17,Andover WWTP & Sewers,VANCUREN ROBERT D & GINA D,0.0
39000009001,35ddc73b-ca64-44e5-9946-9f9ad97671c3,0,18,Andover WWTP & Sewers,,
39000009001,e2a47f96-95e2-4a75-971e-8160d5e51a6f,0,19,Andover WWTP & Sewers,FENLOCK JACOB M & FENLOCK TRACY L,0.0
39000009001,607a10ad-8f33-4dfd-884f-779af223f6ac,0,20,Andover WWTP & Sewers,CENTERRA CO-OP,0.0
39000016001,875ed6b4-f6b6-4344-a6ac-0948dd2b816a,1,1,Fayetteville-Perry Twp RSD WWTP,FAYETTEVILLE PERRY TWP REGIONAL SEWER,0.6983113819037048
39000016001,90bd26c3-8e73-45bd-a026-93fb0cb7ccac,0,2,Fayetteville-Perry Twp RSD WWTP,STATE OHIO DEPT NATURAL RESOURCES,0.0
39000016001,e579d77d-00ee-4e2f-859d-252556cc3733,0,3,Fayetteville-Perry Twp RSD WWTP,INCORPORATED VILLAGE OF FAY,0.0
39000016001,b6777635-a920-45a0-a99c-a1d61bbe72ad,0,4,Fayetteville-Perry Twp RSD WWTP,FAYETTEVILLE PERRY BOARD EDUCATION,0.6983113819037048
39000016001,a23344c1-e13b-4164-9e81-4df3666c2e11,0,5,Fayetteville-Perry Twp RSD WWTP,JEANETTE C KNUCKLES,0.0
39000016001,0c4544d5-a9a0-4889-b5bf-85590acd5127,0,6,Fayetteville-Perry Twp RSD WWTP,BOARD EDUCATION FAYETTEVILLE,0.3652261060634091
39000016001,e0c3aa37-fd0a-4468-bc32-fd1adc2799fe,0,7,Fayetteville-Perry Twp RSD WWTP,ANDREW W BROWN,0.0
39000016001,6f25197e-a2a3-4f5d-a5bc-e113ffddf011,0,8,Fayetteville-Perry Twp RSD WWTP,STATE OF OHIO GAME RESERVE,0.0
39000016001,61468a25-3652-4806-8db1-26d72a5054f9,0,9,Fayetteville-Perry Twp RSD WWTP,JASON T PFANKUCH,0.0
39000016001,f6d9a7b5-a8ae-4cb6-966f-d81693b57588,0,10,Fayetteville-Perry Twp RSD WWTP,EDWARD A MCCAFFERTY TRUST,0.0
39000016001,36acc928-829b-4966-b6ee-4e4675c74abd,0,11,Fayetteville-Perry Twp RSD WWTP,PATRICIA A STEGBAUER,0.0
39000016001,3d68bcd3-1702-4795-8c03-c65e320bafec,0,12,Fayetteville-Perry Twp RSD WWTP,STATE OF OHIO GAME RESERVE,0.0
39000016001,e7e1a9ba-f12f-46fe-ab4d-7644aaf65fb7,0,13,Fayetteville-Perry Twp RSD WWTP,KATHRYN JEAN CARLIER,0.0
39000016001,3ce708ec-dbc6-4230-b6eb-732369e60b60,0,14,Fayetteville-Perry Twp RSD WWTP,FAYETTEVILLE PERRY LSD,0.6983113819037048
39000016001,ad3e0b8a-c3c1-41f3-9762-53d93164dbe1,0,15,Fayetteville-Perry Twp RSD WWTP,ROYCE SHIVELEY,0.0
39000016001,481bf690-7db1-4559-a96c-2587be0b03a3,0,16,Fayetteville-Perry Twp RSD WWTP,FAYETTEVILLE VILLAGE,0.3652261060634091
39000016001,32a9b945-be31-49b6-924c-dc3c5817b6ad,0,17,Fayetteville-Perry Twp RSD WWTP,KAREN L BERKEMEYER,0.0
39000016001,eaa9f110-db2a-4e37-903a-d51e5e833b81,0,18,Fayetteville-Perry Twp RSD WWTP,ZACHARY T SANDLIN,0.0
39000016001,bd401559-ba62-442e-ab76-e16c9aada233,0,19,Fayetteville-Perry Twp RSD WWTP,JOY ACRE FARMS LLC,0.0
39000016001,b3984c96-6d99-4756-9281-1daac69c8124,0,20,Fayetteville-Perry Twp RSD WWTP,OTTO M HODGES,0.0
39000024001,ced8a314-da90-422b-87d1-09736efedce3,1,1,LaRue WWTP & Sewer System,LARUE VILLAGE OF,1.0
39000024001,861f8a55-33b8-4267-a612-300d4d89dbdb,0,2,LaRue WWTP & Sewer System,LARUE VILLAGE OF (PARK),1.0
39000024001,d34b7ccc-65f4-4bbd-8fef-b6887edfc9a7,0,3,LaRue WWTP & Sewer System,,
39000024001,c1a28ada-0b37-4623-b1de-7da8ef53ef0d,0,4,LaRue WWTP & Sewer System,OHIO STATE DEPT OF NATURAL,0.0
39000024001,caf0ee11-6608-4ca4-8e35-77b7793330d2,0,5,LaRue WWTP & Sewer System,RIDGWAY HATCHERIES INC,0.0
39000024001,c9f5cfe9-6749-4c52-8edf-7c0bdd31e846,0,6,LaRue WWTP & Sewer System,,
39000024001,83b226f2-5f04-4aa6-9264-ffe86b5daab1,0,7,LaRue WWTP & Sewer System,LARUE VILLAGE OF (PARK),1.0
39000024001,1f7d18ea-c4ee-46d8-8692-3ba89988662a,0,8,LaRue WWTP & Sewer System,OHIO STATE DEPT OF NATURAL,0.0
39000024001,a661f73c-a000-4de2-af90-c771c72fa3f8,0,9,LaRue WWTP & Sewer System,OHIO STATE DEPT OF NATURAL,0.0
39000024001,60fa92d6-dc48-41f6-8816-69e8b8ed5a73,0,10,LaRue WWTP & Sewer System,LARUE VILLAGE OF,1.0
39000024001,b132f1d9-071c-49ba-9a7b-6f876223e56b,0,11,LaRue WWTP & Sewer System,CONROY JENNIFER K,0.0
39000024001,3c240434-936b-48ad-b0c4-f9395f62b4c3,0,12,LaRue WWTP & Sewer System,MALLETT JEFFREY T,0.0
39000024001,a2ba76ff-e2ea-4875-9923-022b07f03568,0,13,LaRue WWTP & Sewer System,OHIO STATE DEPT OF NATURAL,0.0
39000024001,c55746a9-3714-4812-9776-134d60b2cc7d,0,14,LaRue WWTP & Sewer System,FRIEND RODNEY W,0.0
39000024001,16c27970-f01c-419a-9465-71e1bdf7ccce,0,15,LaRue WWTP & Sewer System,RIDGWAY HATCHERIES INC,0.0
39000024001,a2ee9811-9c1e-4bc8-b07a-1595366f0e4c,0,16,LaRue WWTP & Sewer System,MALLETT JEFFREY T & TERESIA L,0.0
39000024001,327cb334-7e7f-4c82-8b4d-8029fa84f665,0,17,LaRue WWTP & Sewer System,FLOWERS ANTHONY L & MISTY D,0.0
39000024001,8cd4fe82-8569-446f-9614-b164d8d85eef,0,18,LaRue WWTP & Sewer System,ROUX JANE A,0.0
39000024001,87f06974-91a6-4295-aad3-b8959bf16660,0,19,LaRue WWTP & Sewer System,PERSINGER TED M ETAL,0.0
39000024001,86f86972-5e50-4df8-ba32-4cfefc26d5ac,0,20,LaRue WWTP & Sewer System,LARUE VILLAGE OF,1.0
39000072001,21f357d4-f0a3-4811-bfe4-296779e937fc,0,1,Highland Co Rolling Acres WWTP,CITY OF HILLSBORO,0.0
39000072001,3cca0b21-0310-4436-ba3c-4e22383a0226,0,2,Highland Co Rolling Acres WWTP,STATE OF OHIO DEPARTMENT OF TRANSPORTATION,0.0
39000072001,71fdc006-502d-427a-8bec-9946c1cb9159,0,3,Highland Co Rolling Acres WWTP,CITY OF HILLSBORO,0.0
39000072001,0d72bf71-b669-41a2-a2c3-6948523b3541,0,4,Highland Co Rolling Acres WWTP,CITY OF HILLSBORO,0.0
39000072001,ff3e26cf-2f6a-4636-aa08-7077e121bfc2,1,5,Highland Co Rolling Acres WWTP,CITY OF HILLSBORO OH (SEWAGE TREATMENT PLANT),0.0
39000072001,86d83754-d348-45c5-a397-67aaa4330e3c,0,6,Highland Co Rolling Acres WWTP,HIGHLAND COUNTY COMMISSIONERS,0.3193184718107374
39000072001,596a06b1-7901-49b5-90cd-fd5a66b16406,0,7,Highland Co Rolling Acres WWTP,HIGHLAND CO AGRICULTURE SOCIETY,0.3193184718107374
39000072001,64a94c8c-e439-456a-9604-ea5d33e390c4,0,8,Highland Co Rolling Acres WWTP,HIGHLAND COUNTY COMMISSIONERS,0.3193184718107374
39000072001,3c7d20fa-7a42-4f4a-8daa-1815b8762545,0,9,Highland Co Rolling Acres WWTP,CITY OF HILLSBORO,0.0
39000072001,98a7e8ae-1e80-4f61-bf5f-dc216e445b51,0,10,Highland Co Rolling Acres WWTP,STATE OF OHIO DEPARTMENT OF TRANSPORTATION,0.0
39000072001,4cb626f6-f3e8-4b74-a8dc-bd4e6936c464,0,11,Highland Co Rolling Acres WWTP,HILLSBORO EX VILLAGE SCHOOL DIST,0.0
39000072001,c3b79497-566d-4433-957d-5055754b8f4a,0,12,Highland Co Rolling Acres WWTP,HIGHLAND COUNTY COMMISSIONERS,0.3193184718107374
39000072001,1f50f2e4-14fb-4f03-936e-f3216a0656b9,0,13,Highland Co Rolling Acres WWTP,BOARD OF EDUCATION HILLSBORO HIGH SCHOOL,0.0
39000072001,489f9c85-d1af-4624-8535-bc941c3bc265,0,14,Highland Co Rolling Acres WWTP,CITY OF HILLSBORO,0.0
39000072001,06047774-607a-4605-beb9-9640881bcf28,0,15,Highland Co Rolling Acres WWTP,HILLSBORO CITY SCHOOLS,0.0
39000072001,8a48722f-bacd-4c4b-9ee8-d88797d25179,0,16,Highland Co Rolling Acres WWTP,HIGHLAND COUNTY BD OF COMMISSIONERS,0.3193184718107374
39000072001,5ca31c21-1a3a-4de1-84a3-d8b46ed5bd1a,0,17,Highland Co Rolling Acres WWTP,PAINT CREEK JOINT EMS & FIRE DISTRICT,0.0
39000072001,01b24d88-abc7-42bf-a616-74c36559de82,0,18,Highland Co Rolling Acres WWTP,BD EDUCATION HILLSBORO EX VILLAGE SCHOOL DIST,0.0
39000072001,b8d638bc-8ca0-4d25-8d1b-d76b56903d66,0,19,Highland Co Rolling Acres WWTP,CITY OF HILLSBORO LAND FOR SEWER,0.0
39000072001,5293e050-45cc-4c24-8d9d-9b867b100b5d,0,20,Highland Co Rolling Acres WWTP,HIGHLAND CO AGRICULTURAL SOCIETY,0.3193184718107374
39000081003,ebbe3faf-ab6f-4c10-8a48-8f8751a7ebea,0,1,Tuscarawas Co Kerr Allotment WWTP,BOARD OF COMMISSIONERS OF TUSCARAWAS COUNTY,0.31647852860164727
39000081003,efac6d09-96ed-4786-87cb-47c3c98cd4d0,0,2,Tuscarawas Co Kerr Allotment WWTP,BOARD OF COMMISSIONERS OF TUSCARAWAS COUNTY,0.31647852860164727
39000081003,5bf762dc-d972-4b5a-bef4-6bda2576d21d,0,3,Tuscarawas Co Kerr Allotment WWTP,BOARD OF COMMISSIONERS OF TUSCARAWAS COUNTY,0.31647852860164727
39000081003,51c671d0-c150-467a-ba02-a27e41acb2c4,0,4,Tuscarawas Co Kerr Allotment WWTP,TUSCARAWAS COUNTY COMMISSIONERS,0.31647852860164727
39000081003,c1015803-e817-4ef2-a1aa-2fd06d22319d,0,5,Tuscarawas Co Kerr Allotment WWTP,LAWRENCE TOWNSHIP TRUSTEES,0.0
39000081003,c1863e90-2f7c-4311-afac-fe9e0beeb152,0,6,Tuscarawas Co Kerr Allotment WWTP,BOARD OF COUNTY COMMISSIONERS,0.0
39000081003,40cd7b9b-8a9b-431b-8b39-3b851d508637,0,7,Tuscarawas Co Kerr Allotment WWTP,BOARD OF TOWNSHIP TRUSTEES LAWRENCE TOWNSHIP,0.0
39000081003,80e43790-b24b-4a54-afcb-f4f460702d56,1,8,Tuscarawas Co Kerr Allotment WWTP,TUSCARAWAS COUNTY,0.31647852860164727
39000081003,b3e35f5c-7d13-4644-b15d-4fb5c3cd6635,0,9,Tuscarawas Co Kerr Allotment WWTP,THE STATE OF OHIO,0.0
39000081003,f082f528-3fa9-4089-851a-729c375544f7,0,10,Tuscarawas Co Kerr Allotment WWTP,STATE OF OHIO - (FLORENCE BAUMGARDNER),0.0
39000081003,5900a439-18e9-4358-b359-4c46036c06cc,0,11,Tuscarawas Co Kerr Allotment WWTP,,
39000081003,59c18579-9105-4bbd-b298-a105c362da26,0,12,Tuscarawas Co Kerr Allotment WWTP,"BASE PROPERTIES, LLC",0.0
39000081003,a4424b97-8de7-4f01-bd4f-5f34a01af9fc,0,13,Tuscarawas Co Kerr Allotment WWTP,THE BOARD OF COUNTY COMMISSIONERS,0.0
39000081003,2502bf2c-d063-44fc-a161-4a68cc2628c2,0,14,Tuscarawas Co Kerr Allotment WWTP,WILKSHIRE HILLS HOLDINGS LLC,0.0
39000081003,51210b18-c12b-4c7b-bb9e-9d37dd0ed83c,0,15,Tuscarawas Co Kerr Allotment WWTP,LAWRENCE TOWNSHIP JOINT RECREATION DISTRICT,0.0
39000081003,c4d3f54e-dc59-458d-a2e9-3e850dbc145f,0,16,Tuscarawas Co Kerr Allotment WWTP,WILKSHIRE HILLS HOLDINGS LLC,0.0
39000081003,db4c3a93-cdae-4a17-9b93-1b5fcda02e42,0,17,Tuscarawas Co Kerr Allotment WWTP,WILKSHIRE HILLS HOLDINGS LLC,0.0
39000081003,7e3647e9-29ae-4318-8d50-491a88710c6e,0,18,Tuscarawas Co Kerr Allotment WWTP,WILKSHIRE HILLS HOLDINGS LLC,0.0
39000081003,99bb2066-ed6c-46a4-a4cf-04a1d37249e1,0,19,Tuscarawas Co Kerr Allotment WWTP,WILKSHIRE HILLS HOLDINGS LLC,0.0
39000081003,bac44fa2-fd75-4b30-abc2-c8e26d16dd3e,0,20,Tuscarawas Co Kerr Allotment WWTP,,
39000120001,a07a7073-b872-4bfc-9586-d4931125bebd,0,1,Hartford WWTP and Sewers,THOMAS J EVANS FOUNDATION,0.0
39000120001,8ed76110-4baf-4526-bc7a-3668822e596e,1,2,Hartford WWTP and Sewers,VILLAGE OF HARTFORD,0.9999999999999999
39000120001,102c8318-3de7-4950-9a67-6d31da59858c,0,3,Hartford WWTP and Sewers,GILBERT REESE FAMILY FOUNDATION,0.0
39000120001,b60016ad-b1d7-4211-81d3-c7d6398baae2,0,4,Hartford WWTP and Sewers,ULLOM GLENOLA,0.0
39000120001,ffad74b1-d1ab-4c5e-b292-4c926e893200,0,5,Hartford WWTP and Sewers,THOMAS J EVANS FOUNDATION,0.0
39000120001,5d425388-151f-4434-a3a7-9f3a59021d98,0,6,Hartford WWTP and Sewers,HARTFORD INDEPENDENT,0.9999999999999999
39000120001,1be08470-0ce6-429e-a375-81ba61826d76,0,7,Hartford WWTP and Sewers,GRANDSTAFF GILBERT & PAIGE,0.0
39000120001,fc3c6c92-e11d-405f-9013-fc5a25059292,0,8,Hartford WWTP and Sewers,PRUSHING WILMER R ET AL,0.0
39000120001,cb9aecdb-edd1-4912-a69f-af643de4992b,0,9,Hartford WWTP and Sewers,HARTFORD INDEPENDENT AGRICULTURE SOCIETY,0.9999999999999999
39000120001,5489944e-f0da-4282-ae39-b7b3e965710c,0,10,Hartford WWTP and Sewers,VILLAGE OF CENTERBURG,0.0
39000120001,74c43835-fe2d-4103-8487-174acab6036f,0,11,Hartford WWTP and Sewers,HUPP JOSHUA A & JENNIFER L,0.0
39000120001,50fc886f-56d2-4e83-bb63-8512d03de3da,0,12,Hartford WWTP and Sewers,ULLOM GLENN MICHAEL & ZOGELMAN KATHERINE,0.0
39000120001,1e7f7ddb-e9ea-44c2-9415-d60c207a21c4,0,13,Hartford WWTP and Sewers,GILBERT REESE FAMILY FOUNDATION,0.0
39000120001,f429638f-a1b4-43e7-8318-1dc1cade134b,0,14,Hartford WWTP and Sewers,HARTFORD INDEPENDENT,0.9999999999999999
39000120001,5b0445f9-92ec-41bd-a44e-845f911f5a32,0,15,Hartford WWTP and Sewers,GILBERT REESE FAMILY FOUNDATION,0.0
39000120001,e95509e0-5291-481f-85d9-e58293542bb1,0,16,Hartford WWTP and Sewers,HUPP BARRY E & DIANA S,0.0
39000120001,7fac90fa-249c-4a90-a6ae-3e80884a67d7,0,17,Hartford WWTP and Sewers,RHODEBACK DAVID B TRUSTEE,0.0
39000120001,3cb23efb-d631-42f9-a2aa-a24a096bd19f,0,18,Hartford WWTP and Sewers,SMITH THOMAS E,0.0
39000120001,ed4025a3-f823-46af-98ad-70396e59384a,0,19,Hartford WWTP and Sewers,ULLOM GLENOLA,0.0
39000120001,f4b48fc6-0949-43d8-bc44-1b021a7741a0,0,20,Hartford WWTP and Sewers,DEAN DAVID,0.0
39000133001,c030157f-145a-4a2c-ae80-4d03e41040d3,1,1,Ottawa Co Portage/Catawba WWTP,OTTAWA COUNTY COMMISSIONERS,0.3300946838672084
39000133001,11600aa5-451c-4c66-95ab-b3967751c135,0,2,Ottawa Co Portage/Catawba WWTP,UNITED STATES OF AMERICA C/O DEPT OF US FISH AND WILDLIFE SERVICE,0.0
39000133001,f8355d59-07c4-426a-8c5c-3f2d5f69517f,0,3,Ottawa Co Portage/Catawba WWTP,STATE OF OHIO,0.0
39000133001,4799d7ca-0190-40d7-800e-cb202a418a1d,0,4,Ottawa Co Portage/Catawba WWTP,STATE OF OHIO,0.0
39000133001,0d8010df-4439-4255-9bae-bce1fc97f747,0,5,Ottawa Co Portage/Catawba WWTP,THE PARK DISTRICT OF OTTAWA COUNTY,0.3300946838672084
39000133001,85b00e93-a1df-40fb-82fd-c78bc098a9e3,0,6,Ottawa Co Portage/Catawba WWTP,STATE OF OHIO,0.0
39000133001,f52516b4-495d-4104-a38f-6e376f0e4e0d,0,7,Ottawa Co Portage/Catawba WWTP,,
39000133001,8b2e6aec-217e-431f-bf65-8bb4260aca25,0,8,Ottawa Co Portage/Catawba WWTP,STATE OF OHIO,0.0
39000133001,6c328fa7-1df7-4241-b6f5-6bc3061469a9,0,9,Ottawa Co Portage/Catawba WWTP,,
39000133001,ab1e87d7-3800-48eb-a165-211a94cd4940,0,10,Ottawa Co Portage/Catawba WWTP,THE BLACK SWAMP CONSERVANCY,0.0
39000133001,064c1597-a8ae-4114-b143-3e6af34e01c2,0,11,Ottawa Co Portage/Catawba WWTP,QUINSTOCK FARMS LLC,0.0
39000133001,82a329f5-367a-47b2-8b10-3be6d96c160f,0,12,Ottawa Co Portage/Catawba WWTP,QUINSTOCK FARMS LLC,0.0
39000133001,b5495f31-4ac7-46e7-ba9d-47568c7151d1,0,13,Ottawa Co Portage/Catawba WWTP,CATAWBA ISLAND TOWNSHIP BD OF TRUSTEES,0.35477940292091653
39000133001,3481ff32-6bc4-4437-a285-6095e01f706c,0,14,Ottawa Co Portage/Catawba WWTP,CATAWBA ORCHARD BEACH ASSOC,0.35477940292091653
39000133001,4eb28628-90c1-44c4-ae8d-21836b37fc34,0,15,Ottawa Co Portage/Catawba WWTP,UCH CATAWBA DEVELOPMENT LLC,0.35477940292091653
39000133001,ae15d3a5-fde2-4fdf-ace2-38bd72fc4529,0,16,Ottawa Co Portage/Catawba WWTP,CATAWBA ORCHARD BEACH ASSOC,0.35477940292091653
39000133001,35908d96-0660-40ab-9aa2-757b0cb6934a,0,17,Ottawa Co Portage/Catawba WWTP,BENJAMIN LISA ANNE,0.0
39000133001,a304efea-6234-463b-acb9-ef0f21d9500d,0,18,Ottawa Co Portage/Catawba WWTP,STATE OF OHIO,0.0
39000133001,d8df6784-d9b6-4623-8998-805a0233f58a,0,19,Ottawa Co Portage/Catawba WWTP,HOWELL DAVID W & JANINE M S&T,0.0
39000133001,d91c8b29-d2af-4b8f-aa89-5635f6670a36,0,20,Ottawa Co Portage/Catawba WWTP,HOWELL DAVID W & JANINE M S&T,0.0
39000175001,55efabb0-cda4-4acb-b4ad-3b7702882a9c,1,1,Amherst WWTP & Sewer System,AMHERST CITY,1.0
39000175001,ab7601a3-f494-4a59-85c9-d4d2ed787abd,0,2,Amherst WWTP & Sewer System,AMHERST CITY,1.0
39000175001,f24c745a-2a4a-4eda-b21f-965acd56d562,0,3,Amherst WWTP & Sewer System,AMHERST CITY,1.0
39000175001,32a3fc05-6811-4c32-991d-ef5b0429aae9,0,4,Amherst WWTP & Sewer System,AMHERST CITY OF,1.0
39000175001,408fd294-924e-4ae3-87bf-667238f6760c,0,5,Amherst WWTP & Sewer System,AMHERST CITY OF,1.0
39000175001,f73dcd4c-35c3-4b21-b4fb-579417c9d803,0,6,Amherst WWTP & Sewer System,AMHERST CITY,1.0
39000175001,e00ced37-4a93-4b25-a6c2-fe08d627699e,0,7,Amherst WWTP & Sewer System,AMHERST CITY,1.0
39000175001,ba9348f1-6c6a-4d03-b6b7-333211c59304,0,8,Amherst WWTP & Sewer System,AMHERST EVSD BOARD OF EDUCATION,1.0
39000175001,8161f376-0f89-4a54-bf79-1e00aff98010,0,9,Amherst WWTP & Sewer System,LORAIN CITY OF,0.0
39000175001,020206b4-faa6-43e5-83ba-c2c1e09cf636,0,10,Amherst WWTP & Sewer System,STATE OF OHIO,0.0
39000175001,a805fbf6-0883-441f-b6d5-8f8238eb5f80,0,11,Amherst WWTP & Sewer System,STATE OF OHIO,0.0
39000175001,ebedd4a9-c87a-442d-8281-41ba1868b062,0,12,Amherst WWTP & Sewer System,AMHERST EVSD BOARD OF EDUCATION,1.0
39000175001,0711ab2c-ad48-455c-b237-83208613f494,0,13,Amherst WWTP & Sewer System,STATE OF OHIO,0.0
39000175001,917a2696-518f-41b2-988c-a101f5cfdc4a,0,14,Amherst WWTP & Sewer System,AMHERST CITY,1.0
39000175001,50651766-55bd-4080-9f60-5d091d575cf4,0,15,Amherst WWTP & Sewer System,METRO PARKS LORAIN COUNTY,0.0
39000175001,4da6b491-733d-41cc-8941-a2f8a656be39,0,16,Amherst WWTP & Sewer System,AMHERST EVSD BOARD OF EDUCATION,1.0
39000175001,d78bfe80-1356-44b2-b557-57b8794c1fb9,0,17,Amherst WWTP & Sewer System,AMHERST EVSD BOARD OF EDUCATION,1.0
39000175001,5cd699b3-344c-4148-8b97-2c8dc05efb5e,0,18,Amherst WWTP & Sewer System,AMHERST EVSD BOARD OF EDUCATION,1.0
39000175001,75e4ab6d-bbc5-4870-a3e0-286f43b30b8c,0,19,Amherst WWTP & Sewer System,STATE OF OHIO,0.0
39000175001,35565a30-9d61-40ef-b551-f4efc62ca7ad,0,20,Amherst WWTP & Sewer System,AMHERST CITY,1.0
39000183001,7a441522-c8eb-4e83-a271-39a2100a56ed,0,1,Orrville WWTP & Sewer System,CITY OF ORRVILLE OHIO AN OHIOCORP,1.0
39000183001,59b4b479-f140-4f18-8161-acae74978565,0,2,Orrville WWTP & Sewer System,CITY OF ORRVILLE,1.0
39000183001,844c4172-69d6-4bf7-8287-d6da5ff0b3b9,1,3,Orrville WWTP & Sewer System,CITY OF ORRVILLE OHIO AN OHIOCORP,1.0
39000183001,60f6ab42-276e-45f8-83ac-6626efeddff3,0,4,Orrville WWTP & Sewer System,CITY OF ORRVILLE,1.0
39000183001,26eec032-890a-462f-a441-b04a315e609f,0,5,Orrville WWTP & Sewer System,CITY OF ORRVILLE,1.0
39000183001,064a55f6-0314-4470-bb6a-540bf75253e4,0,6,Orrville WWTP & Sewer System,CITY OF ORRVILLE OHIO,1.0
39000183001,c90b7192-7bca-429e-9564-defdcd0b3c95,0,7,Orrville WWTP & Sewer System,CITY OF ORRVILLE ORR PARK,1.0
39000183001,7ba3bdcf-0a47-495a-a1a0-807ad8a04229,0,8,Orrville WWTP & Sewer System,CITY OF ORRVILLE,1.0
39000183001,cb5a219b-051f-4e77-a975-8c3cb9802e4d,0,9,Orrville WWTP & Sewer System,CITY OF ORRVILLE,1.0
39000183001,6e28fb75-225f-4bd7-95df-3d3bbe4069aa,0,10,Orrville WWTP & Sewer System,CITY OF ORRVILLE,1.0
39000183001,83eb91c8-4aad-454e-8c99-a257fa694996,0,11,Orrville WWTP & Sewer System,CITY OF ORRVILLE,1.0
39000183001,b43d6937-5abc-4162-9852-5d2856f925cd,0,12,Orrville WWTP & Sewer System,CITY OF ORRVILLE,1.0
39000183001,c3483d64-3147-4af1-93e6-bea328f9f55c,0,13,Orrville WWTP & Sewer System,ORRVILLE CITY SCHOOL DISTRICT BOARD OF EDUCATION,1.0
39000183001,12d23875-7f7c-4cbc-be7f-c89a79d4d118,0,14,Orrville WWTP & Sewer System,CITY OF ORRVILLE,1.0
39000183001,7f748774-88e1-4a6e-a58a-c3c2a471e589,0,15,Orrville WWTP & Sewer System,CITY OF ORRVILLE,1.0
39000183001,c07a6469-f5b0-49d9-8227-e702fd4e8b35,0,16,Orrville WWTP & Sewer System,QUALITY CASTINGS CO THE,0.0
39000183001,f982c468-7434-4258-a810-3ce6ae500e28,0,17,Orrville WWTP & Sewer System,ORRVILLE BOARD OF EDUCATION,1.0
39000183001,13f32cd5-1785-480c-886b-42a8a73930fc,0,18,Orrville WWTP & Sewer System,CITY OF ORRVILLE THE,1.0
39000183001,addf24b9-3caa-4a2f-becc-e778c68712ae,0,19,Orrville WWTP & Sewer System,QUALITY CASTINGS CO THE,0.0
39000183001,1722e511-3a92-4987-9de5-cb6363dfa38c,0,20,Orrville WWTP & Sewer System,CITY OF ORRVILLE,1.0
39000186001,9bb914f2-9b62-423a-98a4-b909bd604450,1,1,Wayne County Burbank WWTP & Sewers,BOARD OF COUNTY COMMISSIONERSOF WAYNE COUNTY OHIO THE,0.43782909826536553
39000186001,2fe7cb58-033f-4367-b6ac-486dd101c2e5,0,2,Wayne County Burbank WWTP & Sewers,BOARD OF COUNTY COMMISSIONE,0.0
39000186001,6c1fd1ba-3850-4e47-bf2d-9cfa6d0f50f4,0,3,Wayne County Burbank WWTP & Sewers,BOARD OF COUNTY COMMISSIONE,0.0
39000186001,aaa7234b-fb6e-43f8-b3e7-f6281cd6adec,0,4,Wayne County Burbank WWTP & Sewers,VILLAGE OF BURBANK,0.5621709017346345
39000186001,87477d9a-0af4-459d-8709-048381ff17cd,0,5,Wayne County Burbank WWTP & Sewers,KILLBUCK CREEK OUTDOORS LLC,0.0
39000186001,f7de32d7-53be-41c6-b59a-86c3950ad8e7,0,6,Wayne County Burbank WWTP & Sewers,LMN PARTNERS AN OHIO GENERAL PARTNERSHIP,0.0
39000186001,0bdc074b-7bc1-45e0-9b59-e87a72f3a596,0,7,Wayne County Burbank WWTP & Sewers,JOLENE K SHAUM HILDEBRAND SUCCESSOR TRUSTEE,0.0
39000186001,ac027a68-3717-4a99-97d5-61d5a5b445c7,0,8,Wayne County Burbank WWTP & Sewers,BOARD OF COUNTY COMMISSIONE,0.0
39000186001,b9312f1a-38da-4bf0-b3ff-57497c6f9291,0,9,Wayne County Burbank WWTP & Sewers,CASTO BILLY JOE & KIMBERLY A,0.0
39000186001,bcb04f86-0eb0-403c-a864-a789f7520d45,0,10,Wayne County Burbank WWTP & Sewers,BOSS WILLIAM C & PAMELA J S/T,0.0
39000186001,4a69d5b5-d6d7-4878-b236-0aedef1c3162,0,11,Wayne County Burbank WWTP & Sewers,JOLENE K SHAUM HILDEBRAND SUCCESSOR TRUSTEE,0.0
39000186001,68907b1b-8074-4b79-b36b-f5a615108e8a,0,12,Wayne County Burbank WWTP & Sewers,SHORTRIDGE DONNA & DIANE GARTNER ETAL,0.0
39000186001,a9ccce25-2499-4ce4-be3d-78e5abff3ef3,0,13,Wayne County Burbank WWTP & Sewers,COPLEY DONALD,0.0
39000186001,bf8748df-8fda-4f71-a7eb-978bde2b546b,0,14,Wayne County Burbank WWTP & Sewers,CHRISTIAN RUDOLPH R & LAURA SAEGER S/T,0.0
39000186001,bbf46655-c99f-48cc-97a7-01d8ea22531f,0,15,Wayne County Burbank WWTP & Sewers,MARY ETTA SHILLING,0.0
39000186001,5b9bdf6d-af42-4abc-9a4b-1909f1e98c9a,0,16,Wayne County Burbank WWTP & Sewers,SWARTZ BETTY ETAL,0.0
39000186001,19a83ae4-d706-4cbe-95a5-d238aaa07d71,0,17,Wayne County Burbank WWTP & Sewers,CHARLES A WALTER,0.0
39000186001,4ba4ffd6-06eb-415a-afd1-838a10e9f519,0,18,Wayne County Burbank WWTP & Sewers,BOARD OF COUNTY COMMISSIONE,0.0
39000186001,7d85d17a-b365-45fe-8d9a-65746792962c,0,19,Wayne County Burbank WWTP & Sewers,MARY ETTA SHILLING,0.0
39000186001,314bef23-5275-4902-8a61-b6137b2fce8f,0,20,Wayne County Burbank WWTP & Sewers,HAMELINK JEREMY & ANDREA S/T,0.0
39000198001,98e88fb4-bacc-4c18-8149-bbe5d77e1e6a,0,1,Rock Creek WWTP & Sewer System,JEFFERSON AREA LOCAL & SCHOOLS BOARD OF ED,0.0
39000198001,442ec4b4-45cb-4cff-b980-d371b43290d8,0,2,Rock Creek WWTP & Sewer System,BOARD OF TOWNSHIP & TRUSTEES OF MORGAN,0.0
39000198001,3c3ba8a2-f0bc-42a7-93fb-d0e9ed0d5868,0,3,Rock Creek WWTP & Sewer System,VILLAGE OF ROCK CREEK & OHIO,1.0
39000198001,2fc57d42-a48f-4518-9cd9-a3955d6d3785,0,4,Rock Creek WWTP & Sewer System,VILLAGE OF ROAMING SHORES,0.0
39000198001,af7b1692-1123-46fb-a277-aa6ec638ab9d,0,5,Rock Creek WWTP & Sewer System,ASHTABULA COUNTY PORT AUTHORITY,0.0
39000198001,b79b0d91-5ac6-44ac-8d79-5621bd2d5904,1,6,Rock Creek WWTP & Sewer System,VILLAGE OF ROAMING SHORES,0.0
39000198001,174c4bb3-eb8a-4b75-a2ab-2b2dedf5d3cb,0,7,Rock Creek WWTP & Sewer System,ROCK CREEK VILLAGE & OF,1.0
39000198001,a079d4d4-dda1-4e35-a520-000eee0a71b7,0,8,Rock Creek WWTP & Sewer System,RICE SCOTT,0.0
39000198001,a1efeeba-8a5a-4b28-935b-ae81c8fe797b,0,9,Rock Creek WWTP & Sewer System,ASHTABULA COUNTY & COMMISSIONERS,0.0
39000198001,ee8fd73c-4d9c-4be4-941e-77d15e52e3fd,0,10,Rock Creek WWTP & Sewer System,VILLAGE OF ROAMING & SHORES,0.0
39000198001,470121b2-104c-4eaf-9da4-37441de317d1,0,11,Rock Creek WWTP & Sewer System,GLENBEIGH & NKA ROCK CREEK MEDICAL CENTER,1.0
39000198001,cace66c9-62ca-4d99-bc0a-c16150d1a3ae,0,12,Rock Creek WWTP & Sewer System,MORGAN TWP,0.0
39000198001,3e5f99e6-bf8a-4443-832d-484e969d928a,0,13,Rock Creek WWTP & Sewer System,UNION CEMETERY,0.0
39000198001,8c373449-b050-47d5-81ab-7869a1ac2bea,0,14,Rock Creek WWTP & Sewer System,MANVID INVESTMENTS LLC,0.0
39000198001,5e4a07be-624c-42d6-bee3-0b941f5e529a,0,15,Rock Creek WWTP & Sewer System,TILTON JEFFREY THOMAS,0.0
39000198001,9d8cbacc-37a1-4a6f-a3a9-5f493a1cf7cc,0,16,Rock Creek WWTP & Sewer System,SKYTTA TODD J & BARBARA L,0.0
39000198001,e2f12bb4-fad9-4937-a2a5-47c28c8b4212,0,17,Rock Creek WWTP & Sewer System,WINCHELL MIKE,0.0
39000198001,ee99b53f-a99c-4718-8aa9-3bc8806b6ca3,0,18,Rock Creek WWTP & Sewer System,WE SELL SAAS LLC,0.0
39000198001,7728b582-0670-4183-a386-ea785f4ce7b1,0,19,Rock Creek WWTP & Sewer System,BLAHA JOSEPH P JR,0.0
39000198001,56b2dc23-123b-4ecf-892e-e6448660d1e4,0,20,Rock Creek WWTP & Sewer System,TAKACS TODD A,0.0
39000258001,b8ea7fed-09bc-42db-90b4-481297ee749b,1,1,Clinton Co Martinsville-Midland WWTP,BOARD OF COUNTY COMMISSIONERS CLINTON COUNTY OHIO,0.290772359255434
39000258001,8beea961-8708-4819-a9b1-13a26e0c4a1c,0,2,Clinton Co Martinsville-Midland WWTP,BOARD OF COUNTY COMMISSIONERS CLINTON COUNTY,0.290772359255434
39000258001,cfbbcc0c-ffbb-4946-b511-de7b7de3dbd9,0,3,Clinton Co Martinsville-Midland WWTP,HIBBS RANDOLPH MONROE JR,0.0
39000258001,21f5de08-9b01-4d1a-b3df-44a1d46bf913,0,4,Clinton Co Martinsville-Midland WWTP,BRADSHAW FRLT,0.0
39000258001,58a5155d-6e4b-4bf1-86df-6930775febf6,0,5,Clinton Co Martinsville-Midland WWTP,BRADSHAW FRLT,0.0
39000258001,69120cb5-22b8-411a-9ab8-e6ba0edb962e,0,6,Clinton Co Martinsville-Midland WWTP,BRADSHAW FRLT,0.0
39000258001,ddcf865f-ee37-4bc6-8423-05a633b935a7,0,7,Clinton Co Martinsville-Midland WWTP,HOWARD PRESERVATION TRUST,0.0
39000258001,66cb9db7-f2b7-4940-914c-72e82ae7ff40,0,8,Clinton Co Martinsville-Midland WWTP,BRADSHAW FRLT,0.0
39000258001,acdfea24-2f53-418d-a398-292b15a55d2b,0,9,Clinton Co Martinsville-Midland WWTP,BRADSHAW FRLT,0.0
39000258001,ea32d2fb-94bc-41b0-bd9e-26ecd7a1ac2b,0,10,Clinton Co Martinsville-Midland WWTP,BRADSHAW FRLT,0.0
39000258001,5bc4d402-d378-4592-b25d-40bd48693e47,0,11,Clinton Co Martinsville-Midland WWTP,BRADSHAW FRLT,0.0
39000258001,80853b7e-d06a-4c0a-9fd7-57b5d5a91d13,0,12,Clinton Co Martinsville-Midland WWTP,NEWKIRK SANDRA L,0.0
39000258001,15e8b3ed-c2fd-4fe7-af8b-8ae5821a30f0,0,13,Clinton Co Martinsville-Midland WWTP,KELLY FAMILY FARMS INC,0.0
39000258001,ca100bb7-ee8d-4ab6-b17e-e54d60d0b4c6,0,14,Clinton Co Martinsville-Midland WWTP,CALDWELL BRIAN E,0.0
39000258001,73d80cf1-c862-425e-a4bf-e1b6d8a6af0d,0,15,Clinton Co Martinsville-Midland WWTP,KELLY FAMILY FARMS INC,0.0
39000258001,fb53c0bf-dd06-417b-82f6-da26a012d72e,0,16,Clinton Co Martinsville-Midland WWTP,STROUD BRIAN D,0.0
39000258001,261cfec9-081f-4f8b-b1f9-0f611e9f112e,0,17,Clinton Co Martinsville-Midland WWTP,BRADSHAW FRLT,0.0
39000258001,fe35a1a7-8867-4f2e-abc5-7489caaa4e71,0,18,Clinton Co Martinsville-Midland WWTP,PRYNE MICHAEL,0.0
39000258001,7f7dc64a-c25e-4d0a-8cea-9625025241d9,0,19,Clinton Co Martinsville-Midland WWTP,WAREING SEAN M,0.0
39000258001,9ded6cb8-8a39-46fe-9cdc-19a8430ff6aa,0,20,Clinton Co Martinsville-Midland WWTP,BRADSHAW FRLT,0.0
39000287001,336b838d-8a7f-47f7-abc5-ff0570ddcbd0,1,1,Montpelier WWTP & Sewer System,MONTPELIER VILLAGE OF,1.0
39000287001,0838ac92-739d-4ad7-80a3-0c9778b40316,0,2,Montpelier WWTP & Sewer System,MONTPELIER VILLAGE OF,1.0
39000287001,9141ca88-439a-470c-82bd-7febe1935d9b,0,3,Montpelier WWTP & Sewer System,MONTPELIER VILLAGE OF,1.0
39000287001,da2332b0-f39d-47d4-9215-63944343acc4,0,4,Montpelier WWTP & Sewer System,MONTPELIER VILLAGE OF,1.0
39000287001,e2bb87c2-d80c-4aae-ab97-392573bc85bb,0,5,Montpelier WWTP & Sewer System,MONTPELIER VILLAGE OF,1.0
39000287001,07960aca-4f9e-4f05-a573-142398ac774f,0,6,Montpelier WWTP & Sewer System,MONTPELIER VILLAGE OF,1.0
39000287001,736d1ddd-f970-4e8c-998a-3e136a5ca854,0,7,Montpelier WWTP & Sewer System,SUPERIOR TWP TRUSTEES,0.0
39000287001,eedf6060-c99f-4920-99d5-4c2ebeb6c235,0,8,Montpelier WWTP & Sewer System,MONTPELIER VILLAGE OF,1.0
39000287001,bc53d67b-b471-4013-a6bd-9b23f5103cb6,0,9,Montpelier WWTP & Sewer System,MONTPELIER VILLAGE OF,1.0
39000287001,99c5d697-d326-4161-8bc4-114e545f9824,0,10,Montpelier WWTP & Sewer System,MONTPELIER VILLAGE OF,1.0
39000287001,76062521-d37c-462e-808e-67b236593409,0,11,Montpelier WWTP & Sewer System,WILLIAMS CO COMMISSIONERS,0.0
39000287001,b4194871-caa0-4f94-9fb5-61e38a9b7e88,0,12,Montpelier WWTP & Sewer System,MONTPELIER VILLAGE OF,1.0
39000287001,47363bd2-f614-4d8b-a1a9-ba012feecc0d,0,13,Montpelier WWTP & Sewer System,MONTPELIER VILLAGE OF,1.0
39000287001,c95c7794-cd19-458b-ab53-826a374be5be,0,14,Montpelier WWTP & Sewer System,MONTPELIER VILLAGE OF,1.0
39000287001,67e03766-6414-4a38-9ebc-6cae46e09cb5,0,15,Montpelier WWTP & Sewer System,MONTPELIER VILLAGE OF,1.0
39000287001,4a6d515a-5457-4b5e-916b-d76e9b56ec0e,0,16,Montpelier WWTP & Sewer System,RIVERSIDE CEMETERY,0.0
39000287001,b1e2111d-bf73-473a-9b79-295fbdfae358,0,17,Montpelier WWTP & Sewer System,WILLIAMS CO COMMISSIONERS,0.0
39000287001,95b0ad7e-9491-4a33-927c-13871b9e6e7c,0,18,Montpelier WWTP & Sewer System,LENGACHER JESSE D ETAL,0.0
39000287001,cb4b384f-8df1-4381-888d-2ad9ceea6b47,0,19,Montpelier WWTP & Sewer System,MONTPELIER VILLAGE OF,1.0
39000287001,b55e2df1-e4e7-48eb-96c6-3522bb93c1cb,0,20,Montpelier WWTP & Sewer System,MONTPELIER VILLAGE OF,1.0
39000291001,219eb542-fad0-4cd3-9049-593ed97798e1,1,1,Stryker WWTP & Sewer System,STRYKER VILLAGE OF,1.0
39000291001,80273c05-7417-43c0-9230-65335dd6be52,0,2,Stryker WWTP & Sewer System,STRYKER VILLAGE OF,1.0
39000291001,54a32f44-2782-43f3-ae0d-c6943da3e09a,0,3,Stryker WWTP & Sewer System,SPRINGFIELD TOWNSHIP,0.0
39000291001,90c040e2-a908-4867-9338-7db46fb15137,0,4,Stryker WWTP & Sewer System,TOLEDO EDISON CO,0.0
39000291001,85ef3dde-45a8-4ea2-8933-3bf1584830fc,0,5,Stryker WWTP & Sewer System,SPRINGFIELD TWP PARK DIST,0.0
39000291001,1c2a12af-7d15-4ce7-883f-97c7c83f3ff1,0,6,Stryker WWTP & Sewer System,LANGENDERFER TYSON J AND TRISHA L TRUSTEES,0.0
39000291001,eadfb3a4-f555-49f6-ab63-145fc0a255a8,0,7,Stryker WWTP & Sewer System,JOHNSON ROBERTA A (LE),0.0
39000291001,2969e7af-fb7b-46ee-a992-7ce7df82c304,0,8,Stryker WWTP & Sewer System,LANGENDERFER TYSON J AND TRISHA L TRUSTEES,0.0
39000291001,7824467b-c1e2-4d95-98c6-addafad17a29,0,9,Stryker WWTP & Sewer System,BROWN KELLY M AND LAMBERT KARLA M TRUSTEES,0.0
39000291001,e001775f-22d4-472c-b3cd-c16c30458e2d,0,10,Stryker WWTP & Sewer System,VILLAGE OF STRYKER,1.0
39000291001,cac42009-3bfe-4236-8b55-c64acf8dcf30,0,11,Stryker WWTP & Sewer System,R FARM AND RANCH LLC,0.0
39000291001,92a5a991-75be-4949-8d62-0c146fe6f05b,0,12,Stryker WWTP & Sewer System,PLANSON FAMILY PARTNERS LIMITED PARTNERSHIP,0.0
39000291001,8f7018c4-3ad7-482f-b28b-64e0950e6f80,0,13,Stryker WWTP & Sewer System,BUEHRER RODNEY AND LORI J/S,0.0
39000291001,d3d833c8-4c56-4c34-8ed8-08c5be5cd108,0,14,Stryker WWTP & Sewer System,FORBES JOHN R AND CRISWELL RENEE D,0.0
39000291001,2c6b51b7-b706-418a-b434-75718cbe311a,0,15,Stryker WWTP & Sewer System,BATTERSON JAMES,0.0
39000291001,ca1b0cde-1f29-4c46-b4d0-6a4bf6328e05,0,16,Stryker WWTP & Sewer System,BATTERSON JAMES,0.0
39000291001,bb78bd25-2005-4f74-b5d6-2d35e996385f,0,17,Stryker WWTP & Sewer System,BUEHRER RODNEY AND LORI,0.0
39000291001,62cf367f-2c18-41c8-9a70-ea897bf28536,0,18,Stryker WWTP & Sewer System,BROWN KELLY M AND LAMBERT KARLA M TRUSTEES,0.0
39000291001,019767b3-c3e7-423a-9b6d-041f75790839,0,19,Stryker WWTP & Sewer System,HUFFMAN DALE ALLAN AND SANDRA LEE,0.0
39000291001,2d0f1262-7eee-4fae-b03f-33a80ba3ae15,0,20,Stryker WWTP & Sewer System,BUEHRER RODNEY AND LORI,0.0
39000311003,64402bd7-2fa6-4639-afac-60d77be6506d,0,1,Seneca Co Bascom Area,HOPEWELL LOUDON LSD BOARD OF EDUCATION,0.0
39000311003,36758562-f107-4a2c-8c8c-ae6ac2bed623,0,2,Seneca Co Bascom Area,HOPEWELL LOUDON LSD BOARD OF EDUCATION,0.0
39000311003,9cb734b9-cb74-4777-a1df-54386e5d0715,0,3,Seneca Co Bascom Area,HOPEWELL TOWNSHIP TRUSTEES,0.0
39000311003,77815c47-4680-4d20-bf95-a6f086560ca7,1,4,Seneca Co Bascom Area,HOPEWELL TOWNSHIP BOARD OF TRUSTEES,0.0
39000311003,e960e0e6-0499-4f12-9797-1bdbe25fa1d3,0,5,Seneca Co Bascom Area,BASCOM JOINT FIRE DISTRICT,0.4352493979664894
39000311003,f59fb2ce-b215-4ba7-980e-50e347582998,0,6,Seneca Co Bascom Area,HOPEWELL TWP TRUSTEES,0.0
39000311003,80602099-9981-415f-9cc0-aa2228f6fe4b,0,7,Seneca Co Bascom Area,WERTZ LANETA K,0.0
39000311003,b289e5f4-5b6d-4bed-8a14-267974d7a112,0,8,Seneca Co Bascom Area,WERTZ LANETA K,0.0
39000311003,dffe67b9-6a33-41be-99b6-2cacbfdde69a,0,9,Seneca Co Bascom Area,BEIDELSCHIES RACHAEL K,0.0
39000311003,36828030-b0b4-4540-9495-9ec2f49a1e0f,0,10,Seneca Co Bascom Area,GOSCHE JEFFERY F TRUSTEE,0.0
39000311003,3db07968-3ac7-4939-9091-5d8f99a51cf6,0,11,Seneca Co Bascom Area,FEINDEL MAX LE & DENNIS J FEINDEL ETAL,0.0
39000311003,ddc6ecb8-b466-4066-a3cc-65da7f0f5661,0,12,Seneca Co Bascom Area,HOPEWELL TOWNSHIP BOARD OF TRUSTEES,0.0
39000311003,3012ce73-e33f-4f6c-a507-5c667e62f0d0,0,13,Seneca Co Bascom Area,MILLER BRENDA A TRUSTEE,0.0
39000311003,1bb1d10f-c968-4603-8235-a71eecb134a5,0,14,Seneca Co Bascom Area,SNICKY LLC,0.0
39000311003,3ba6f5df-63e1-4bcf-9cdf-076d1eea9a24,0,15,Seneca Co Bascom Area,T & D DANIEL PROPERTIES LTD,0.0
39000311003,d55aa577-d718-43a2-89f1-326aabc7c481,0,16,Seneca Co Bascom Area,GOSCHE RICHARD J & LINDA S CO TRUSTEES,0.0
39000311003,5484181c-bb55-4549-93f7-e3d295c6e0af,0,17,Seneca Co Bascom Area,WERTZ LANETA K ETAL,0.0
39000311003,17a1df0c-c598-4e86-ab69-cec2e5050dbd,0,18,Seneca Co Bascom Area,WERTZ LANETA K,0.0
39000311003,187b6f05-0a11-47ae-bc56-5a35789df766,0,19,Seneca Co Bascom Area,HOPEWELL TWP TRUSTEES,0.0
39000311003,4a9ab87e-f67c-4616-8a22-304d72a998bd,0,20,Seneca Co Bascom Area,FEINDEL MAX LE & DENNIS J FEINDEL ETAL,0.0
39000328001,c84ea4bb-4331-442d-84ab-b10f61dcace5,1,1,Mount Blanchard WWTP and Sewers,VILLAGE OF MT BLANCHARD,1.0
39000328001,da729a79-a4e6-44ff-90d5-a53c029bd502,0,2,Mount Blanchard WWTP and Sewers,VILLAGE OF MT BLANCHARD,1.0
39000328001,5edb23ef-2379-4311-bbb1-c96ca270e40b,0,3,Mount Blanchard WWTP and Sewers,VILLAGE OF MT BLANCHARD,1.0
39000328001,0509b4a5-3435-4c10-aa96-ef0ca23aa98a,0,4,Mount Blanchard WWTP and Sewers,VILLAGE OF MT BLANCHARD,1.0
39000328001,1b9657cf-b964-4d53-8c0a-9f3b11bf64cb,0,5,Mount Blanchard WWTP and Sewers,VILLAGE OF MT BLANCHARD,1.0
39000328001,a819d8a4-bafc-49d2-9694-aef90315cfc1,0,6,Mount Blanchard WWTP and Sewers,VENT CHRISTOPHER & ANNA,0.0
39000328001,82b2442e-d730-4eec-8ba4-2df33a70a618,0,7,Mount Blanchard WWTP and Sewers,BROWN GARY L & DEBORAH S,0.0
39000328001,2a60c7bd-92c2-4d5c-a9b8-60854d590831,0,8,Mount Blanchard WWTP and Sewers,STEVE & PENNY MILLER FARMS LLC,0.0
39000328001,1c4b71a7-9a59-4bf7-913b-8065fb4b6d34,0,9,Mount Blanchard WWTP and Sewers,HAIR STUDIO SALON & SPA LLC,0.0
39000328001,bb49d89d-6873-4fbb-a515-cab1ba835cf5,0,10,Mount Blanchard WWTP and Sewers,SEK LAND HOLDING LLC,0.0
39000328001,ad8b09f8-8ad8-4c22-b6a1-d6604beb7d4f,0,11,Mount Blanchard WWTP and Sewers,RUSSELL KEVIN D,0.0
39000328001,4fa00d23-d7e6-4619-8e1c-4e7aca6df2be,0,12,Mount Blanchard WWTP and Sewers,BROWN KAYLA L,0.0
39000328001,26c1bb4e-9bc6-4135-8c1e-d7f986bc2f2f,0,13,Mount Blanchard WWTP and Sewers,BROWN GARY L & DEBORAH S,0.0
39000328001,65e58444-7f9d-4411-aba0-e9dd0a72818b,0,14,Mount Blanchard WWTP and Sewers,RURAL OASIS LLC,0.0
39000328001,486c2395-b46e-4127-b52a-0d24329d5721,0,15,Mount Blanchard WWTP and Sewers,MILLER JOHN C,0.0
39000328001,257b2d90-9141-4c07-b202-77d99c0449b1,0,16,Mount Blanchard WWTP and Sewers,GLB FARMS LLC,0.0
39000328001,2f5bae59-8d34-4e19-bc29-7817c52c9f2e,0,17,Mount Blanchard WWTP and Sewers,MILLER THOMAS L,0.0
39000328001,4137e542-0b26-4a84-a0fb-2f7d589a2e51,0,18,Mount Blanchard WWTP and Sewers,GLB FARMS LLC,0.0
39000328001,8bd9a2ca-cb4e-4ab6-a537-87f09dca36e4,0,19,Mount Blanchard WWTP and Sewers,STEVEN P MILLER LLC,0.0
39000328001,e9212132-19e0-42db-ba6b-5d0c6e05d219,0,20,Mount Blanchard WWTP and Sewers,BECKWITH DAVID & JOAN,0.0
39000342001,083410e5-d675-4a48-9f37-c678b6a4353b,0,1,Lindsey WWTP & Sewer System,VILLAGE OF LINDSEY,1.0
39000342001,14ed5744-6bb3-48a7-8065-63385700b115,1,2,Lindsey WWTP & Sewer System,VILLAGE OF LINDSEY,1.0
39000342001,bae83843-254f-40d4-a6b5-d6b8392c7f2f,0,3,Lindsey WWTP & Sewer System,VILLAGE OF LINDSEY,1.0
39000342001,27898e09-eaaf-4299-b31a-1c6ca9bb8cf4,0,4,Lindsey WWTP & Sewer System,VILLAGE OF LINDSEY,1.0
39000342001,5a14e4fe-6650-4456-9b09-9318f141049f,0,5,Lindsey WWTP & Sewer System,"VILLAGE OF LINDSEY, THE",1.0
39000342001,3bff5f15-1429-4fa2-9b09-67647077e5f9,0,6,Lindsey WWTP & Sewer System,,
39000342001,1c02258d-1648-4767-aa54-dafb2f61a67c,0,7,Lindsey WWTP & Sewer System,VILLAGE OF LINDSEY,1.0
39000342001,1ed76c53-9657-4b36-942b-b76ac41b379f,0,8,Lindsey WWTP & Sewer System,"SCHOOL, FREMONT BOARD OF",0.0
39000342001,2b2067c6-f457-4350-9fd8-398e0b7d58ff,0,9,Lindsey WWTP & Sewer System,SANDUSKY COUNTY PARK DIST,0.0
39000342001,5c6e63f4-84af-4bb1-b02e-3c2202b0c85f,0,10,Lindsey WWTP & Sewer System,ABEN LLC,0.0
39000342001,51ee0bbd-5439-4df6-a963-7b6439d46131,0,11,Lindsey WWTP & Sewer System,"SENSMEIER, SAMUEL E",0.0
39000342001,38567df3-972a-481a-b316-5e2882649410,0,12,Lindsey WWTP & Sewer System,"TRUSTEES OF WASHINGTON TOWNSHIP, SANDUSKY COUNTY, OHIO",0.0
39000342001,43cc014a-5c7f-47b3-9a7c-01d015c4d7c4,0,13,Lindsey WWTP & Sewer System,"RANDOLPH, PHILIP C; RICHARD G; RICHARD G JR; RYAN M; & HOLLAND, REBECCA L TRUSTEES",0.0
39000342001,1b544961-80fc-4c26-abc4-4382d98b309d,0,14,Lindsey WWTP & Sewer System,STATE OF OHIO,0.0
39000342001,eb3cad10-a6e5-4195-96d2-a0d03ae056df,0,15,Lindsey WWTP & Sewer System,LUCKEY FARMERS INC,0.0
39000342001,38d9a276-9f95-4fbb-b6b4-4f301f245653,0,16,Lindsey WWTP & Sewer System,"KNIPP, DARYL L TRUSTEE",0.0
39000342001,c4d63d85-3a13-4772-858e-c4a2281f8b29,0,17,Lindsey WWTP & Sewer System,"SMITH, DELENE M & RICHARD W TRUSTEES",0.0
39000342001,56917d87-a27c-4062-a3c3-24c8a9e23817,0,18,Lindsey WWTP & Sewer System,"HETRICK, JERRY R & CASANDRA A /SURV",0.0
39000342001,b4e91d64-c653-46e1-ba4a-605fe156972b,0,19,Lindsey WWTP & Sewer System,"HETRICK, JERRY R & CASANDRA A /SURV",0.0
39000342001,6ef26f4a-fe29-4bb8-b13a-e3ff3f836a8f,0,20,Lindsey WWTP & Sewer System,"DILLER, JONATHAN F & KAREN S TRUSTEES",0.0
39000353001,d8ad5e25-759b-444b-b3b2-6d6d77d45de9,1,1,Ney WWTP & Sewers,VILLAGE OF NEY OHIO,1.0
39000353001,6332e48d-09cb-4dc3-9545-79ed748e789a,0,2,Ney WWTP & Sewers,BRYAN CITY,0.0
39000353001,4408b483-c4ba-4e52-8887-3b0483d303e4,0,3,Ney WWTP & Sewers,NEY VILLAGE,1.0
39000353001,049e37f7-6416-4c98-8194-8280a52f1a8a,0,4,Ney WWTP & Sewers,BRYAN CITY,0.0
39000353001,e53d5b11-c6a9-41da-9ef9-b2245c2a1925,0,5,Ney WWTP & Sewers,THE BOARD OF TRUSTEES OF WASHINGTON TWP DEF CO,0.0
39000353001,3b23e1d5-a3a9-4218-813c-dd17cafae318,0,6,Ney WWTP & Sewers,BOARD OF TRUSTEES OF WASHINGTON TOWNSHIP,0.0
39000353001,88972e13-2e19-4062-acdb-d78f31f4edf1,0,7,Ney WWTP & Sewers,WASHINGTON TOWNSHIP TRUST % RICHARD CROMWELL CLK,0.0
39000353001,294d294b-e65d-4fbd-b444-66ea6a88f7a5,0,8,Ney WWTP & Sewers,DEFIANCE CO MET PARK BD C/O STEVE GROSENBACHER,0.0
39000353001,ec00f0a9-2aa4-4913-8b06-da2452e270b6,0,9,Ney WWTP & Sewers,DEFIANCE CO MET PARK BD C/O STEVE GROSENBACHER,0.0
39000353001,18c89973-7778-49e4-8a31-6e231c2532a5,0,10,Ney WWTP & Sewers,SCHIKORA JAMES T & DEBORAH A,0.0
39000353001,86cb45fb-80a4-41c9-b93a-7558e9cef90b,0,11,Ney WWTP & Sewers,NEY CHURCH OF GOD,1.0
39000353001,207fda42-7510-4929-82fd-615becac1e4c,0,12,Ney WWTP & Sewers,JEWELL GRAIN CO,0.0
39000353001,9176401e-31e8-487d-b55c-0fa4dfcb4d1d,0,13,Ney WWTP & Sewers,JEWELL GRAIN CO,0.0
39000353001,c908ef2a-9b91-4406-9308-50482bfe3097,0,14,Ney WWTP & Sewers,SCHINDLER DANIEL E,0.0
39000353001,416c9eaa-5212-42a5-8233-b8c18dd590e2,0,15,Ney WWTP & Sewers,YARLOTT DAVID,0.0
39000353001,ce2f405f-43e3-47af-86e2-241e745de2d6,0,16,Ney WWTP & Sewers,SHININGER TODD & TARA,0.0
39000353001,8b416d76-b073-4af4-9672-f72a1d3121d7,0,17,Ney WWTP & Sewers,SHININGER TODD A & TARA L,0.0
39000353001,230e63dd-a7ad-4262-be64-a95c0cb09d81,0,18,Ney WWTP & Sewers,MACK ROSE ANNE,0.0
39000353001,55cc3b6e-bfad-453c-b4e9-d1991ef2a450,0,19,Ney WWTP & Sewers,SCHINDLER DANIEL E,0.0
39000353001,bb56ac09-8ba6-42ee-b674-da139a864d21,0,20,Ney WWTP & Sewers,RHODES LYNNE V ETAL TRUSTEES,0.0
39000616001,7dc991db-968a-4ba4-a456-eb2d715235b0,0,1,Bellevue WWTP & Sewer System,CITY OF BELLEVUE,1.0
39000616001,f6272116-1840-4149-b976-c52f5a270a6b,1,2,Bellevue WWTP & Sewer System,CITY OF BELLEVUE,1.0
39000616001,e7969eb6-3221-4f8e-9546-e9849d119d3b,0,3,Bellevue WWTP & Sewer System,BELLEVUE CITY OF,1.0
39000616001,cbf37d47-7897-4d73-b75f-dcde6bee7a93,0,4,Bellevue WWTP & Sewer System,"SCHOOL, BOARD OF EDUCATION BELLEVUE",1.0
39000616001,d72f86d4-206a-4541-a3f8-a9aa2b9ee99f,0,5,Bellevue WWTP & Sewer System,NORFOLK & WESTERN RWY CO,0.0
39000616001,1ef2cd1c-23c7-462d-a5a8-1298c6e4ac84,0,6,Bellevue WWTP & Sewer System,WHEELING & LAKE ERIE RAILWAY CO,0.0
39000616001,abc63029-3e92-4a0a-8c11-fbac8cf388be,0,7,Bellevue WWTP & Sewer System,ARCP ID BELLEVUE OH LLC,1.0
39000616001,dffa750b-041b-4a12-8fe4-959f92355b24,0,8,Bellevue WWTP & Sewer System,CITY OF BELLEVUE,1.0
39000616001,ceb67794-59f3-4d7d-99fd-25f39cf44965,0,9,Bellevue WWTP & Sewer System,"MISSLER, JAMES F",0.0
39000616001,443b7019-3f17-4a0e-b3f8-4e7cdb60beaf,0,10,Bellevue WWTP & Sewer System,VERHOFF LAND HOLDINGS LLC,0.0
39000616001,9c22e8ce-8169-401b-96bf-b3e2514e914c,0,11,Bellevue WWTP & Sewer System,"SOCHA, PATRICIA A TRUSTEE",0.0
39000616001,3e24181b-180f-447c-9b6b-8ef3ce75481a,0,12,Bellevue WWTP & Sewer System,MAGRETECH LLC,0.0
39000616001,3a066328-d09b-48d2-b75b-51cdbe01fc91,0,13,Bellevue WWTP & Sewer System,"WENSINK, ROBERT B TRUSTEE: KAY L TRUSTEE; RICHARD J TRUSTEE; GERARD A & DENISE L TRUSTEES & DENISE L & GERARD A TRUSTEES",0.0
39000616001,964bbab3-5205-491c-b51a-89880556a992,0,14,Bellevue WWTP & Sewer System,BELLEVUE CITY OF,1.0
39000616001,c0825b47-405c-4471-bc1c-d15525f20ca6,0,15,Bellevue WWTP & Sewer System,"WASSON, ELIZBETH L W & RAYMOND C /SURV",0.0
39000616001,a5f0ea45-99a7-4ed5-b52a-b53fc7c409b8,0,16,Bellevue WWTP & Sewer System,CAREY ALPHABET PROPERTIES II (MULTI) LLC,0.0
39000616001,1bf6391e-5549-4854-864e-c46afedc5f65,0,17,Bellevue WWTP & Sewer System,BELLEVUE CITY OF,1.0
39000616001,6f17ac17-4139-44ba-ad3d-b8dc46c5232d,0,18,Bellevue WWTP & Sewer System,CAPITAL ALUMINUM & GLASS CORP,0.0
39000616001,f83f586b-0795-48ba-b3c9-70e07a097ec6,0,19,Bellevue WWTP & Sewer System,"MISSLER, NORBERT A & MARY L /SURV",0.0
39000616001,2801a9eb-39c3-479a-a8d2-3bc314f9bfd9,0,20,Bellevue WWTP & Sewer System,CAREY ALPHABET PROPERTIES II (MULTI) LLC,0.0
39000980001,d98d1d8f-1c6e-4575-8099-0b2ac4b96a4c,0,1,Bradner WWTP & Sewer System,VILLAGE OF BRADNER,1.0
39000980001,4d54af57-85ba-4ccc-a593-a07b324fca1d,1,2,Bradner WWTP & Sewer System,VILLAGE OF BRADNER,1.0
39000980001,e89d5cff-d263-4bbc-ac0f-0d7b8080e1da,0,3,Bradner WWTP & Sewer System,VILLAGE OF BRADNER,1.0
39000980001,5bf8ed41-0ae0-4fc1-b182-d7e25f0a0814,0,4,Bradner WWTP & Sewer System,VILLAGE OF BRADNER,1.0
39000980001,89f1a63a-feda-41c0-b4c1-f8857999138c,0,5,Bradner WWTP & Sewer System,VILLAGE OF BRADNER,1.0
39000980001,5b2c3241-1dab-4454-8ddc-bb1cdd418825,0,6,Bradner WWTP & Sewer System,VILLAGE OF BRADNER,1.0
39000980001,a8d4e714-efe1-41d0-9b1b-6e77333f9e98,0,7,Bradner WWTP & Sewer System,,
39000980001,c68c5ada-9505-472b-85d0-e22ac140ac3a,0,8,Bradner WWTP & Sewer System,BRADNER VILLAGE OF,1.0
39000980001,02b0e85c-3425-4829-92ea-ee08eb091616,0,9,Bradner WWTP & Sewer System,,
39000980001,8c6e6351-4170-4e76-a574-b6c713fae3e4,0,10,Bradner WWTP & Sewer System,VILLAGE OF BRADNER,1.0
39000980001,100429d0-5da0-4f40-8270-c054f259843b,0,11,Bradner WWTP & Sewer System,,
39000980001,f5e2b81d-004a-4045-b687-fbc31c61d1ce,0,12,Bradner WWTP & Sewer System,KENDALL K P TRUSTEE,0.0
39000980001,38011a66-7958-4352-a944-64a560070a56,0,13,Bradner WWTP & Sewer System,"MINTZ PROPERTIES, LLC",0.0
39000980001,14bb3b4b-b7c4-4c86-b42c-de02c1dbdb1f,0,14,Bradner WWTP & Sewer System,LEATHEAD WILLIAM D & ELIZABETH A,0.0
39000980001,9e712d2a-ec2c-4866-8527-d25f11987a50,0,15,Bradner WWTP & Sewer System,HARRISON GARY L TRUSTEE & HARRISON CATHERYNE L TRUSTEE 1/2 & TIELL SHARON A 1/2,0.0
39000980001,4242234e-d185-4a51-8bc2-8940a1f297d3,0,16,Bradner WWTP & Sewer System,NONNEMAKER JON W & CAROLYN J TRUSTEES,0.0
39000980001,c9a5ae5b-db30-4a39-b404-e1d99e5210ab,0,17,Bradner WWTP & Sewer System,SCHULT TIMOTHY A & BECKY L,0.0
39000980001,ef4d6171-2dc3-4893-8b8c-ed01e3e3b31a,0,18,Bradner WWTP & Sewer System,MILLER MICHAEL L TRUSTEE,0.0
39000980001,729f5462-3572-43c5-8181-606ae583bfab,0,19,Bradner WWTP & Sewer System,VILLAGE OF BRADNER,1.0
39000980001,8cadbd8e-4dcd-41a0-a62c-4d9b0ba27c4e,0,20,Bradner WWTP & Sewer System,STINEHART MARVIN & MARILYN K,0.0
39000985001,e1784d85-4b2b-4ae2-93ca-fb9a1a8b004c,0,1,Portage Co Franklin Hills WWTP,RAVENNA CITY OF,0.0
39000985001,127b0d6f-6084-4305-bdd1-8fbede6293d2,1,2,Portage Co Franklin Hills WWTP,RAVENNA CITY OF,0.0
39000985001,f9b22ca0-fe62-40fa-af43-45bedc66e67c,0,3,Portage Co Franklin Hills WWTP,RAVENNA CITY OF,0.0
39000985001,4dd4650a-783c-4691-8835-254a591a98ee,0,4,Portage Co Franklin Hills WWTP,RAVENNA THE CITY OF,0.0
39000985001,3adadb3b-b6e0-4cd4-b70e-01656a4cf866,0,5,Portage Co Franklin Hills WWTP,RAVENNA CITY OF,0.0
39000985001,115d4027-0e1f-4d95-afb5-48db09bae811,0,6,Portage Co Franklin Hills WWTP,RAVENNA CITY OF,0.0
39000985001,0db03584-8a48-4daf-8883-b6252b8dbf48,0,7,Portage Co Franklin Hills WWTP,RAVENNA CITY OF,0.0
39000985001,f9e185ea-c22c-4b28-9557-49822f49af17,0,8,Portage Co Franklin Hills WWTP,RAVENNA CITY OF,0.0
39000985001,3d0ea385-dfac-43e2-a8f3-ceab9b24f400,0,9,Portage Co Franklin Hills WWTP,RAVENNA CITY OF,0.0
39000985001,ba5d161c-5fdc-491e-be65-cdbdfacd0f7d,0,10,Portage Co Franklin Hills WWTP,PORTAGE COUNTY BOARD OF,0.38322128197113964
39000985001,ff8c2497-9d4c-4423-a1b7-34f2d6e08927,0,11,Portage Co Franklin Hills WWTP,RAVENNA CITY SCHOOL,0.0
39000985001,1e3a51a2-2126-4518-94cc-064ba5263c83,0,12,Portage Co Franklin Hills WWTP,RAVENNA BOARD OF,0.0
39000985001,9a514295-50c0-45dc-adb6-a53174ccffa4,0,13,Portage Co Franklin Hills WWTP,RAVENNA OHIO CITY OF,0.0
39000985001,a199fff3-3b65-4533-819e-c9974cd92c53,0,14,Portage Co Franklin Hills WWTP,PORTAGE COUNTY BOARD OF,0.38322128197113964
39000985001,28ed3eb8-b754-4815-8958-906d699e75b8,0,15,Portage Co Franklin Hills WWTP,RAVENNA CITY OF,0.0
39000985001,79950666-45e9-44ca-b73e-d61d3042475d,0,16,Portage Co Franklin Hills WWTP,RAVENNA CITY OF,0.0
39000985001,e38a1c89-7a61-458c-9e43-67fb0b944f5f,0,17,Portage Co Franklin Hills WWTP,JANUARY DEVELOPMENTS AN,0.0
39000985001,f4a753bf-a1e0-4b0f-a3bc-979ff5cc538c,0,18,Portage Co Franklin Hills WWTP,RAVENNA CITY OF,0.0
39000985001,48922479-f35c-484b-a9ba-7402e84b7e20,0,19,Portage Co Franklin Hills WWTP,215 LAKE HOLDINGS LLC,0.0
39000985001,93fdfea1-8c3c-420a-aca3-2a84ff39371a,0,20,Portage Co Franklin Hills WWTP,,
39001199006,958e2924-0b69-4e94-bd8f-86f02de105dd,1,1,Butler Co Queen Acres WRF,BUTLER COUNTY BOARD OF COMM,0.32960605712000524
39001199006,8416268d-8474-4b5c-947b-dadc7ea468b6,0,2,Butler Co Queen Acres WRF,BUTLER CO OHIO,0.32960605712000524
39001199006,105fb00b-ab7d-4eb6-9c74-f3761794a5f0,0,3,Butler Co Queen Acres WRF,VILLAGE OF MILLVILLE,0.0
39001199006,005a1203-3aec-4393-ae3d-6b1acc6b8a0c,0,4,Butler Co Queen Acres WRF,BUTLER COUNTY BOARD OF COMM,0.32960605712000524
39001199006,138682f1-69f9-4d63-ad7b-94dacca02dbc,0,5,Butler Co Queen Acres WRF,MARTIN KENNETH R & LINDA S,0.0
39001199006,048050ed-0ed1-4761-8421-fbc836d3f22b,0,6,Butler Co Queen Acres WRF,VILLAGE OF MILLVILLE,0.0
39001199006,05a721c3-5263-4473-a4da-f4fe69667bfe,0,7,Butler Co Queen Acres WRF,DENNISON DAVID S TR ETAL,0.0
39001199006,1bc15be0-ad87-45e3-b317-f90678ba77e3,0,8,Butler Co Queen Acres WRF,TRUSTEES OF HANOVER TOWNSHIP,0.0
39001199006,904fb0f5-d811-4651-b4f5-728b58f26c1b,0,9,Butler Co Queen Acres WRF,ESH ENTERPRISES LLC,0.0
39001199006,db119acd-544f-485e-b59b-5a55a7648a5e,0,10,Butler Co Queen Acres WRF,HOWARD ADAM E & MELANIE,0.0
39001199006,be32f24e-3859-4f2d-ab91-8068100512eb,0,11,Butler Co Queen Acres WRF,PILARCZYK DANIEL E ARCH TR,0.0
39001199006,40bddb06-a05c-46e9-8c48-b41524ef3403,0,12,Butler Co Queen Acres WRF,DENNISON DAVID S TR ETAL,0.0
39001199006,55a2f766-ed2b-4fab-9dbf-ac6f49a75efc,0,13,Butler Co Queen Acres WRF,CRAWLEY STEVE A & KATHY G,0.0
39001199006,588d2b16-9bb4-490b-8fb0-a7b917945a54,0,14,Butler Co Queen Acres WRF,BUTLER COUNTY SPORTSMAN RIFLE & PISTOL CLUB INC,0.32960605712000524
39001199006,e8eb0929-7473-4bb5-9c24-4f46050e0140,0,15,Butler Co Queen Acres WRF,SAVANNAH ROSE LLC,0.0
39001199006,fdf0f721-06f3-4a95-a301-40f67990940a,0,16,Butler Co Queen Acres WRF,BUTLER COUNTY SPORTSMAN RIFLE & PISTOL CLUB INC,0.32960605712000524
39001199006,067cd949-327a-46a2-9097-56aa111a35b5,0,17,Butler Co Queen Acres WRF,LODDER INVESTMENT CO PRT,0.0
39001199006,76521fdd-66df-4239-a6e6-9fd20ca9b04b,0,18,Butler Co Queen Acres WRF,SCHMIDT DANIEL TR ETAL,0.0
39001199006,8d32d5c8-be93-4509-8b26-9b58dae54c6c,0,19,Butler Co Queen Acres WRF,SCHMIDT DANIEL TR ETAL,0.0
39001199006,69fd0797-579e-478c-aaad-50e633a99939,0,20,Butler Co Queen Acres WRF,HANOVER TWP BD OF TRUSTEES,0.0
39001666001,5f109b49-493c-4a99-8f38-1a8a89e22669,1,1,NEORSD Easterly WWTP,CLEVELAND REGIONAL SEWER,0.0
39001666001,72cd1281-c6bd-4593-8a63-2d8147367d6d,0,2,NEORSD Easterly WWTP,SEWER DIST,0.0
39001666001,82212a22-e7b9-4262-ba2c-3c109aaf1dd4,0,3,NEORSD Easterly WWTP,CLEVELAND REGIONAL SEWER DISTRICT,0.0
39001666001,31a31f7c-eb87-479b-b739-3705946d4893,0,4,NEORSD Easterly WWTP,CLEVE REGIONAL SEWER DIST,0.0
39001666001,4cbf07a1-2ff3-49cc-9644-a81e4f423a06,0,5,NEORSD Easterly WWTP,CLEVE REGINAL SEWER DIST,0.0
39001666001,1cf81169-cff8-43ae-8d16-868ebe1433e6,0,6,NEORSD Easterly WWTP,CLEVELAND CITY OF,0.0
39001666001,c6ed6723-2a0c-402c-9105-dcc20ef7074a,0,7,NEORSD Easterly WWTP,CLEVELAND CITY OF,0.0
39001666001,ab139ecc-2be8-4417-80c8-b8d1387dee90,0,8,NEORSD Easterly WWTP,CLEVELAND CITY OF,0.0
39001666001,60cf400d-bf7a-4c32-b05d-6aaa05b807f3,0,9,NEORSD Easterly WWTP,CLEVELAND CITY OF,0.0
39001666001,54ded1bf-6646-4d14-ba7b-e2ce9b02b43e,0,10,NEORSD Easterly WWTP,CLEVELAND MUNICIPAL SCHOOL DISTRICT,0.0
39001666001,383384e5-fd71-4754-937a-18d2ee6dc8ce,0,11,NEORSD Easterly WWTP,CLEVELAND CITY OF,0.0
39001666001,52f67508-b300-4863-9d02-22b3abfeab34,0,12,NEORSD Easterly WWTP,CLEVELAND CITY OF,0.0
39001666001,9d4f06df-2a8a-4802-a37d-182cd5492d97,0,13,NEORSD Easterly WWTP,CLEVELAND CLINIC FOUNDATION,0.0
39001666001,5b353764-c19b-4554-ba16-fa328484ae9b,0,14,NEORSD Easterly WWTP,GREATER CLEVELAND FOODBANK WATERLOO REAL ESTATE HOLDING CO,0.0
39001666001,bac15e40-799a-4f75-b638-d20b42efa351,0,15,NEORSD Easterly WWTP,NORTHEAST OHIO REGIONAL SEWER DISTRICT,0.0
39001666001,75419802-bb01-43b0-8a4f-69aa01b0f0c1,0,16,NEORSD Easterly WWTP,CLEVELAND CITY OF,0.0
39001666001,58c9f38c-ab82-4140-9fc7-348747ff8ed4,0,17,NEORSD Easterly WWTP,"CLEVELAND, CITY OF",0.0
39001666001,735ed1e8-28f0-4b21-b842-d8e326560dfd,0,18,NEORSD Easterly WWTP,CLEVELAND CITY OF,0.0
39001666001,f9dbc14f-897f-4693-9942-dd0ba8a46a45,0,19,NEORSD Easterly WWTP,CLEVELAND PUBLIC LIBRARY,0.0
39001666001,4de94897-76e0-4887-b18d-eae6dba9cbba,0,20,NEORSD Easterly WWTP,CLEVELAND CITY OF,0.0
39001666002,b5ece43e-ceb7-4444-8dc4-5f37ba4af791,0,1,NEORSD Southerly WWTP,VILLAGE OF CUYAHOGA HTS,0.0
39001666002,736cf769-7df7-4e30-b69f-4f95466fcae0,0,2,NEORSD Southerly WWTP,CUYAHOGA PROPERTY PARTNERS LLC,0.0
39001666002,8b70dfcb-5724-408e-9ee5-f878857912ec,0,3,NEORSD Southerly WWTP,BOARD OF PARK COMMISSIONERS OF THE CLEVELAND METROPOLITAN,0.0
39001666002,1a9bc885-5c33-45e6-97a7-016add43e8f8,0,4,NEORSD Southerly WWTP,CITY OF INDEPENDENCE,0.0
39001666002,e83f3057-2e19-4106-980a-2664a952e0ab,0,5,NEORSD Southerly WWTP,CITY OF INDEPENDENCE,0.0
39001666002,b9b036d2-cc4b-4ba0-87fc-021a0568c64a,0,6,NEORSD Southerly WWTP,V V PROPERTIES,0.0
39001666002,c2bbc2b3-e266-46e8-abc9-cd1efe96f19f,0,7,NEORSD Southerly WWTP,,
39001666002,aa2fdbe7-e41f-49cc-a82b-6108a642591a,0,8,NEORSD Southerly WWTP,UNITED STATES OF AMERICA,0.0
39001666002,43f743c3-5625-4494-8aea-f31100da2986,0,9,NEORSD Southerly WWTP,STATE OF OHIO DEPT OF,0.0
39001666002,5c4543c1-1678-4506-aff6-48d84d0352cd,0,10,NEORSD Southerly WWTP,INDEPENDENCE CITY OF,0.0
39001666002,23351011-e082-40b4-b888-393687cceeed,0,11,NEORSD Southerly WWTP,VILLAGE OF VALLEY VIEW,0.0
39001666002,b0a75f6a-434d-4bb4-83a3-6c1641456cea,0,12,NEORSD Southerly WWTP,"TMG INVESTMENT PROPERTIES, LLC.",0.0
39001666002,be8a7510-a1b0-479f-83bb-0418b94eaca3,0,13,NEORSD Southerly WWTP,INDEPENDENCE VILLAGE,0.0
39001666002,8e1b3db4-6db6-4bde-b272-9f3f7eafab91,1,14,NEORSD Southerly WWTP,CLEVE REGIONAL SEWER DIST,0.0
39001666002,eb41c379-7e4e-4669-88cc-d62d4904c585,0,15,NEORSD Southerly WWTP,"CUYAHOGA CTY COMM, BD OF",0.0
39001666002,e399d4b9-4d8e-4579-9653-d8b6cad91357,0,16,NEORSD Southerly WWTP,INDEPENDENCE CITY,0.0
39001666002,23bdd414-514a-4a56-9826-13fb61396108,0,17,NEORSD Southerly WWTP,VILLAGE OF INDEPENDENCE,0.0
39001666002,c9284f9c-eb67-4e10-a34c-7c41fb3e4927,0,18,NEORSD Southerly WWTP,UNITED STATES OF AMERICA,0.0
39001666002,3201702b-31b8-4424-8aed-2de491d44bbd,0,19,NEORSD Southerly WWTP,INDEPENDENCE CITY OF,0.0
39001666002,d79fc917-00fe-416e-b98f-b08719c0d6dd,0,20,NEORSD Southerly WWTP,COMMERCE PARK RIVERSIDE LLC,0.0
39001715001,c539a044-3f90-42e3-b1c0-aa088533c5d6,0,1,Coalton WWTP & Sewer System,VILLAGE OF COALTON,1.0
39001715001,9b690b4e-aa92-45a5-8c82-bd85041b8fbf,1,2,Coalton WWTP & Sewer System,VILLAGE COALTON,1.0
39001715001,ae626287-7cf9-4247-98e3-f4b98bbbe425,0,3,Coalton WWTP & Sewer System,GREGORY S LEWIS,0.0
39001715001,3c0cb528-7daa-4f8a-a6a8-3eca7de380f5,0,4,Coalton WWTP & Sewer System,LEW FRISBY,0.0
39001715001,a42b20d2-9c56-45bf-9559-43360d1d2b13,0,5,Coalton WWTP & Sewer System,,
39001715001,ea51527f-ae07-4456-bfaf-49d794378fa9,0,6,Coalton WWTP & Sewer System,BOARD OF COAL TWP TR,0.0
39001715001,25f3c3ce-a0b2-4632-8593-4400b92eff12,0,7,Coalton WWTP & Sewer System,JOSHUA P LUNG,0.0
39001715001,6dd3cc0c-1c67-4b6d-8f18-a3c73cd5faf7,0,8,Coalton WWTP & Sewer System,,
39001715001,cfaf3fcc-180b-4ed5-aafe-07b223cebf7c,0,9,Coalton WWTP & Sewer System,JUSTIN R SHEPHERD,0.0
39001715001,87fd1a22-3615-40d7-9afa-5ec581080178,0,10,Coalton WWTP & Sewer System,LEE ANN CHANDLER,0.0
39001715001,3b084d4a-d150-49f1-bc1e-b4d1213cb5bc,0,11,Coalton WWTP & Sewer System,STATE OF OHIO DEPT OF NATURAL RESOURCES,0.0
39001715001,3f596445-c374-4719-b667-9469d963fa12,0,12,Coalton WWTP & Sewer System,STATE OF OHIO DEPT OF NATURAL RESOURCES,0.0
39001715001,38c5130f-0316-465d-8d64-3574fe99ea7f,0,13,Coalton WWTP & Sewer System,JOHN R SHEPHERD,0.0
39001715001,7ec2750f-97a5-4e5e-a977-4251154d3bdf,0,14,Coalton WWTP & Sewer System,SIMPSON JACOB G,0.0
39001715001,56435118-7c91-4ede-b804-4d04374096d1,0,15,Coalton WWTP & Sewer System,JOSHUA DERIVERA,0.0
39001715001,b0b2ac3b-81a0-4aed-8541-42707414102c,0,16,Coalton WWTP & Sewer System,WOYTOWICH LUKE,0.0
39001715001,e06b7f1a-277b-4fb6-88f9-23edc79dad74,0,17,Coalton WWTP & Sewer System,RONALD L FISHER,0.0
39001715001,eea1a99f-67a6-4051-b202-88cccb643b9b,0,18,Coalton WWTP & Sewer System,MORRIS L SIMPSON,0.0
39001715001,91b7b919-16e7-4034-b0e3-11afa6a6051b,0,19,Coalton WWTP & Sewer System,JOHN A FRISBY,0.0
39001715001,ff11758f-1fda-4f82-847a-abb3f8220996,0,20,Coalton WWTP & Sewer System,MORRIS L SIMPSON,0.0
39001792002,7edf3dd1-f766-4347-aee3-d9dcfb0f5480,1,1,Columbus Southerly WWTP & Sewers,CITY OF COLUMBUS OHIO,0.44105937226089037
39001792002,7557f336-ec78-41cf-afe0-a91000e82938,0,2,Columbus Southerly WWTP & Sewers,CITY OF COLUMBUS,0.44105937226089037
39001792002,4759a1ec-0ce2-4021-afe8-c3fc3128539b,0,3,Columbus Southerly WWTP & Sewers,CITY OF COLUMBUS OHIO,0.44105937226089037
39001792002,97951ace-b64a-44eb-86a9-36f73935450e,0,4,Columbus Southerly WWTP & Sewers,CITY OF COLUMBUS OHIO,0.44105937226089037
39001792002,f5f39c6e-229f-46a5-8e5a-a0708e80e634,0,5,Columbus Southerly WWTP & Sewers,CITY OF COLUMBUS OHIO,0.44105937226089037
39001792002,12a9bb38-6c13-401b-bf9e-9f33b454f9e2,0,6,Columbus Southerly WWTP & Sewers,COLUMBUS & SOUTHERN OHIO ELECTRIC CO FEE,0.44105937226089037
39001792002,c74743bb-9f3c-4e0e-a483-9fe2be0117e5,0,7,Columbus Southerly WWTP & Sewers,CITY OF COLUMBUS OHIO,0.44105937226089037
39001792002,d996ffe9-a027-4b3b-929d-de528a2fd82a,0,8,Columbus Southerly WWTP & Sewers,CITY OF COLUMBUS OHIO,0.44105937226089037
39001792002,28713e25-b0f6-4086-8ccd-55884d378b98,0,9,Columbus Southerly WWTP & Sewers,CITY OF COLUMBUS,0.44105937226089037
39001792002,d0d64c25-e9a8-49f0-8120-5d0b0629040d,0,10,Columbus Southerly WWTP & Sewers,CITY OF COLUMBUS OHIO,0.44105937226089037
39001792002,c2f66e02-a090-48b5-92af-482583e67357,0,11,Columbus Southerly WWTP & Sewers,CITY OF COLUMBUS,0.44105937226089037
39001792002,c35f3b24-48dd-4db2-bbd1-56e76bd8d799,0,12,Columbus Southerly WWTP & Sewers,FREDERICK F CAMPBELL BISHOP OF THE CATHOLIC DIOCESE OF COLUMBUS,0.44105937226089037
39001792002,dab8b5fa-20f9-4fa7-ae72-5aa4f92b0de4,0,13,Columbus Southerly WWTP & Sewers,CITY OF COLUMBUS OHIO,0.44105937226089037
39001792002,c0964c3d-8800-43cf-9127-04fe5585282e,0,14,Columbus Southerly WWTP & Sewers,CITY OF COLUMBUS,0.44105937226089037
39001792002,848875bd-ad22-4b1e-94ed-9be062dcdb92,0,15,Columbus Southerly WWTP & Sewers,CITY OF COLUMBUS OHIO,0.44105937226089037
39001792002,ac03dc07-2fe3-4690-95f2-401b1c067d6b,0,16,Columbus Southerly WWTP & Sewers,VILLAGE OF COMMERCIAL POINT,0.0
39001792002,800a86c7-6287-4943-98e7-e2e6b62c7367,0,17,Columbus Southerly WWTP & Sewers,CITY OF COLUMBUS OHIO,0.44105937226089037
39001792002,e50f65c2-2057-43e2-acb0-e99c3e384263,0,18,Columbus Southerly WWTP & Sewers,TOWNSHIP OF HAMILTON,0.0
39001792002,6f6579ec-0210-4fa7-9226-7025e14ab06b,0,19,Columbus Southerly WWTP & Sewers,LOCKBOURNE LAND LLC,0.0
39001792002,b45de02d-aae8-4273-b670-4b810fca16cc,0,20,Columbus Southerly WWTP & Sewers,HAMILTON TOWNSHIP BD OF TRS,0.0
39002093001,b47fdc90-5728-46d9-8d52-c90e171b1b69,1,1,Dayton WWTP & Sewer System,DAYTON CITY OF,1.0
39002093001,6cfe46b6-e38e-4c0d-8c52-477c55815439,0,2,Dayton WWTP & Sewer System,DAYTON CITY OF,1.0
39002093001,b7a59ea8-4317-4043-aa27-5aa277b6d145,0,3,Dayton WWTP & Sewer System,DAYTON MET HOUSING AUTH,1.0
39002093001,dd24196c-5ccd-43f8-98f7-780457435d64,0,4,Dayton WWTP & Sewer System,DAYTON CITY OF,1.0
39002093001,bf44e2b8-6189-4c46-aeb6-ab8fe67d8ccc,0,5,Dayton WWTP & Sewer System,,
39002093001,6787c9af-69c1-431e-a40e-8c5e1f2b0672,0,6,Dayton WWTP & Sewer System,DAYTON CITY OF,1.0
39002093001,8b980311-fd05-4376-8c76-d944e85c0324,0,7,Dayton WWTP & Sewer System,MORAINE CITY OF,0.0
39002093001,16814f8b-89a5-4adf-bd0d-26932abb9526,0,8,Dayton WWTP & Sewer System,DAYTON CITY OF,1.0
39002093001,7b800b4d-a147-4c2b-a03e-25e7cb914db1,0,9,Dayton WWTP & Sewer System,DAYTON CITY OF,1.0
39002093001,7795eb16-1242-4f68-b919-680350553c4a,0,10,Dayton WWTP & Sewer System,DAYTON CITY OF,1.0
39002093001,a50fbd4b-b304-4845-9029-8edb52737d4d,0,11,Dayton WWTP & Sewer System,DAYTON CITY OF,1.0
39002093001,cb11f511-34fc-423d-9282-20dc5fa944ef,0,12,Dayton WWTP & Sewer System,BOARD OF COUNTY COMMISSIONERS,0.0
39002093001,28929abb-b700-4a95-944e-a7d900656012,0,13,Dayton WWTP & Sewer System,BD OF CO COMM,0.0
39002093001,8b94215e-cd38-4240-bb77-3d3cdfc69a5a,0,14,Dayton WWTP & Sewer System,DAYTON CITY OF,1.0
39002093001,673a6e9b-2a94-4393-9452-f94dbc0aff8e,0,15,Dayton WWTP & Sewer System,DAYTON CITY OF,1.0
39002093001,43a0198d-7537-4b03-8a9b-efa8e8864a29,0,16,Dayton WWTP & Sewer System,DAYTON MET HOUSING AUTH,1.0
39002093001,f4480e1b-110f-419d-bfe9-cf7a43e8af88,0,17,Dayton WWTP & Sewer System,MIAMI CONSERVANCY DIST,0.0
39002093001,d320052e-d31e-418a-899e-8a5dfdae8437,0,18,Dayton WWTP & Sewer System,DAYTON CITY OF,1.0
39002093001,1b8ab1ab-a583-4819-8035-4f820e2ef0e5,0,19,Dayton WWTP & Sewer System,MIAMI CONSERVANCY DIST,0.0
39002093001,16595968-37f7-49a3-b8a7-ca16f651b1b2,0,20,Dayton WWTP & Sewer System,BOARD OF EDUCATION OF THE DAYTON,1.0
39002141001,aaf4628e-d6cb-4662-ba83-c45330c1f054,1,1,Delaware Co Olentangy ECC,COUNTY OF DELAWARE,0.2770808361986464
39002141001,52857405-3ae7-4167-84c4-7974b3deda77,0,2,Delaware Co Olentangy ECC,BOARD OF COMMISSIONERS OF DELAWARE COUNTY OHIO,0.2770808361986464
39002141001,3eada0a2-2bb9-4b2b-832b-fc327b5e7c8d,0,3,Delaware Co Olentangy ECC,COLUMBUS AND FRANKLIN COUNTY METROPOLITAN PARK DISTRICT,0.0
39002141001,473e0c24-293f-431a-9e43-c0b81def2936,0,4,Delaware Co Olentangy ECC,BD PARK COMM OF COLS FRANK CO METRO PARK DIST,0.0
39002141001,c103a49a-bbcb-4864-bea6-1fe8a1e8b13e,0,5,Delaware Co Olentangy ECC,BOARD OF PARK COMMISSIONERS OF THE COLUMBUS AND FRANKLIN COUNTY METROPOLITAN PARK DISTRICT (THE),0.0
39002141001,f3bf534f-6ad1-4f73-a5c6-9b2826d988d4,0,6,Delaware Co Olentangy ECC,BD PARK COMM OF COLS FRANK CO METRO PK DIST,0.0
39002141001,6a3596fe-9347-466a-99d5-885dcb034682,0,7,Delaware Co Olentangy ECC,BOARD OF COMMISSIONERS OF DELAWARE COUNTY OHIO,0.2770808361986464
39002141001,86b240bc-4d3e-4762-ad18-134660809615,0,8,Delaware Co Olentangy ECC,BD PARK COMM OF COLS FRANK CO METRO PARK DIST,0.0
39002141001,956bbf92-050d-4982-9de9-73db71a3bca2,0,9,Delaware Co Olentangy ECC,RICHARDSONSMITH I LLC,0.0
39002141001,d4cdb2f6-e2df-437b-9424-593663ee40f0,0,10,Delaware Co Olentangy ECC,RICHARDSONSMITH I LLC,0.0
39002141001,9440f40e-f07f-4fa3-bdc6-e01cc8c58593,0,11,Delaware Co Olentangy ECC,RICHARDSONSMITH I LLC,0.0
39002141001,d10136d7-4052-4f96-94c6-615f5485e05a,0,12,Delaware Co Olentangy ECC,CITY OF POWELL OHIO,0.0
39002141001,3d9a7add-4a8c-4249-80a1-675f38655a1d,0,13,Delaware Co Olentangy ECC,RHYMES WITH PADDLE LLC,0.0
39002141001,6e380ad2-7a17-4be4-a7d4-bfbc8881bf24,0,14,Delaware Co Olentangy ECC,BOARD OF EDUCATION,0.0
39002141001,3cccb1c0-d99e-4e6c-b3ab-8ab9308bcadf,0,15,Delaware Co Olentangy ECC,CITY OF WORTHINGTON,0.0
39002141001,73833cd2-7829-4768-b647-42bf5ae080e7,0,16,Delaware Co Olentangy ECC,OWENS CINDY G TRUSTEE,0.0
39002141001,e8e16c2d-6815-4358-810a-74dfa065494c,0,17,Delaware Co Olentangy ECC,MCCREARY CHARLES H & CONSTANCE S,0.0
39002141001,0d520afa-957b-4271-8a4e-5123ba088519,0,18,Delaware Co Olentangy ECC,BD OF PARK COMM COLS FRANK CO METRO PARK DIST,0.0
39002141001,cb23a24b-f3a3-40ca-8982-aa6746dee777,0,19,Delaware Co Olentangy ECC,WORTHINGTON CHRISTIAN VILLAGE COLONY INC,0.0
39002141001,3db87ab3-1484-48a8-a0e4-a0e68b38c9cb,0,20,Delaware Co Olentangy ECC,CITY OF DUBLIN PARK SITE,0.0
39002156001,308d6e91-e836-4b81-af76-1ad845c83504,0,1,Delphos WWTP & Sewer System,CITY OF DELPHOS,1.0
39002156001,6bb1f1bc-8905-4c58-80dd-6e471371d402,0,2,Delphos WWTP & Sewer System,CITY OF DELPHOS OHIO,1.0
39002156001,f5e6955c-32df-4a51-8ddb-02ec84866355,0,3,Delphos WWTP & Sewer System,CITY OF DELPHOS,1.0
39002156001,1ca394b8-cf7b-46c7-baff-823093bcd27c,1,4,Delphos WWTP & Sewer System,CITY OF DELPHOS OHIO,1.0
39002156001,bee95307-759c-4718-bdf5-28f9f98da609,0,5,Delphos WWTP & Sewer System,CITY OF DELPHOS,1.0
39002156001,622cbd56-f855-4585-815a-15a932531fec,0,6,Delphos WWTP & Sewer System,DELPHOS BOARD OF EDUCATION,1.0
39002156001,5ae87ac8-0513-4f6f-ab0b-b8c397dbc82a,0,7,Delphos WWTP & Sewer System,COUNTY LINE AUTO WRECKING & SALES LLC,0.0
39002156001,4448dd15-19b2-485b-ba39-d638fffdf575,0,8,Delphos WWTP & Sewer System,GESSNER THE IRREVOCABLE TRUST MARGARET A GESSNER CO-TR ETAL,0.0
39002156001,f61d6905-7227-4186-91d0-5c61edc146b0,0,9,Delphos WWTP & Sewer System,STATE OF OHIO,0.0
39002156001,e0363d88-38bd-49fd-a347-810aef3aa74d,0,10,Delphos WWTP & Sewer System,JOHN F WELLMANN FARMS LLC,0.0
39002156001,8f2a82fc-d574-4032-a84b-a95fc73b0b8c,0,11,Delphos WWTP & Sewer System,WEGER FARMS,0.0
39002156001,c50a72fc-eafc-497b-9493-7951d48f3de9,0,12,Delphos WWTP & Sewer System,POHLMAN DENNIS D&VICTORIA S JTS,0.0
39002156001,7f7eb9c0-ee65-4404-b67b-6ce0ddd955c5,0,13,Delphos WWTP & Sewer System,JOHN F WELLMANN FARMS LLC,0.0
39002156001,379d7266-0bce-4945-814b-7dfde42ae719,0,14,Delphos WWTP & Sewer System,DICKMAN HELEN M TRUST JOHN A NOMINA TRUSTEE,0.0
39002156001,ee4075c8-60c5-49c7-94b4-bec80320e556,0,15,Delphos WWTP & Sewer System,CITY OF DELPHOS,1.0
39002156001,6238b256-ce7b-4292-9440-8f56af6549e6,0,16,Delphos WWTP & Sewer System,STATE OF OHIO,0.0
39002156001,914b4efd-3fad-44ab-8ea7-e0e706556aba,0,17,Delphos WWTP & Sewer System,J BOCKEY LAND LLC,0.0
39002156001,1e7d3b11-d43e-4aa8-ad40-41359fdfdaab,0,18,Delphos WWTP & Sewer System,SAVA NAOMI LLC,0.0
39002156001,df05c7dc-6ea6-426c-b797-5bbb5a0196f1,0,19,Delphos WWTP & Sewer System,POHLMAN DENNIS D&VICTORIA S JTS,0.0
39002156001,7919c6a7-a00a-46d6-8a68-db44da227eb6,0,20,Delphos WWTP & Sewer System,VIOLET HOWARD G & LORA P SURV,0.0
39002555001,28a51f5c-106f-4917-adfb-b871f731c2c9,0,1,Elyria WWTP & Sewer System,ELYRIA CITY OF,1.0
39002555001,7e856791-b44d-4451-88da-f23858ca82f8,1,2,Elyria WWTP & Sewer System,ELYRIA CITY OF,1.0
39002555001,fa98346e-c8d4-494c-a5ce-5393e479db1e,0,3,Elyria WWTP & Sewer System,ELYRIA CITY OF,1.0
39002555001,34861a5a-d7a3-47e0-bfe7-f0c4812f366e,0,4,Elyria WWTP & Sewer System,ELYRIA CITY PARK,1.0
39002555001,8a32c203-4293-4632-92d1-d30bfd7a9261,0,5,Elyria WWTP & Sewer System,ELYRIA CITY OF,1.0
39002555001,edce0fc7-5085-4b8f-9889-3f82c0d5f4f1,0,6,Elyria WWTP & Sewer System,ELYRIA CITY OF,1.0
39002555001,d6febdca-f99f-4241-a42f-42e4c20fbeb4,0,7,Elyria WWTP & Sewer System,LORAIN COUNTY BOARD OF COMMISSIONERS,0.0
39002555001,e3d167cf-72cc-47ed-be16-4f4cb3f7193c,0,8,Elyria WWTP & Sewer System,METRO PARKS LORAIN COUNTY,0.0
39002555001,7fc5e2ad-4891-4e9e-bea6-e4689101b4e5,0,9,Elyria WWTP & Sewer System,ELYRIA CITY OF,1.0
39002555001,f459c38e-10b0-436c-a55e-674ea7192ade,0,10,Elyria WWTP & Sewer System,ELYRIA CITY OF,1.0
39002555001,75a88bb5-bb51-4163-b279-f3ebc4c167a5,0,11,Elyria WWTP & Sewer System,ELYRIA CITY OF,1.0
39002555001,0ee820c0-baff-4cc4-9796-687c3c1b78ca,0,12,Elyria WWTP & Sewer System,METRO PARKS LORAIN COUNTY,0.0
39002555001,ce75bb14-0969-4035-a137-bedd8519cae3,0,13,Elyria WWTP & Sewer System,ELYRIA CITY OF,1.0
39002555001,cbfa8eff-e9c7-4344-9e62-ec9a92d3ccbd,0,14,Elyria WWTP & Sewer System,ELYRIA SCHOOL BOARD OF EDUCATION,1.0
39002555001,656e8fdb-13f2-4648-b637-d6d7a437610c,0,15,Elyria WWTP & Sewer System,METRO PARKS LORAIN COUNTY,0.0
39002555001,56d8beeb-3e41-4663-83e2-68542943764c,0,16,Elyria WWTP & Sewer System,METRO PARKS LORAIN COUNTY,0.0
39002555001,793f66ce-6672-4c18-a88b-04f7ab758444,0,17,Elyria WWTP & Sewer System,STATE OF OHIO,0.0
39002555001,864c6949-2456-472c-a784-4c64056f7959,0,18,Elyria WWTP & Sewer System,METRO PARKS LORAIN COUNTY,0.0
39002555001,41e07c5d-7e95-4449-a9f5-59e24eee66b0,0,19,Elyria WWTP & Sewer System,LORAIN COUNTY COMMUNITY COLLEGE BOARD OF TRUSTEES,0.0
39002555001,e14beed8-773f-4dd0-9c9c-70855fd2aa95,0,20,Elyria WWTP & Sewer System,ELYRIA CITY OF,1.0
39002919001,9ec2cf4d-947e-420d-bdd0-54e529989f14,1,1,Galion WWTP & Sewer System,CITY OF GALION,1.0
39002919001,115e01ea-0fe9-418e-8e9b-dca34d6525ce,0,2,Galion WWTP & Sewer System,CITY OF GALION OHIO (THE),1.0
39002919001,879e6bd4-5778-4074-a051-fe4dc36a673a,0,3,Galion WWTP & Sewer System,City of Galion,1.0
39002919001,0cdb805f-a8fe-4def-aadc-78f689031c0b,0,4,Galion WWTP & Sewer System,CITY OF GALION,1.0
39002919001,84e35c81-c864-42f5-9f05-eb6abc6b3370,0,5,Galion WWTP & Sewer System,CITY OF GALION OHIO,1.0
39002919001,ff3d72a8-2942-471f-8e7d-743ab0e29dca,0,6,Galion WWTP & Sewer System,,
39002919001,39bff361-61c0-4db9-882f-73188a74b59a,0,7,Galion WWTP & Sewer System,CITY OF GALION,1.0
39002919001,191ef757-ef8b-4403-918c-d4ff8ee7d2a8,0,8,Galion WWTP & Sewer System,The City of Galion a Municipal Corp.,1.0
39002919001,9a06068a-bc49-45b3-89be-1b9ecefa18a0,0,9,Galion WWTP & Sewer System,ASPEN TERRACE,0.0
39002919001,82a58744-11de-44d5-8274-ead7629ab14c,0,10,Galion WWTP & Sewer System,GALION PORT AUTHORITY,1.0
39002919001,df56ae99-e2b3-4091-9d56-3d9b7db393ee,0,11,Galion WWTP & Sewer System,The City of Galion a Municipal Corp.,1.0
39002919001,797c785c-b437-492d-91ea-74e305f05a75,0,12,Galion WWTP & Sewer System,CITY OF GALION OHIO,1.0
39002919001,e26faa72-a559-4ae3-aaad-c5c729945ec2,0,13,Galion WWTP & Sewer System,CITY OF GALION OHIO,1.0
39002919001,93278226-df61-4661-8c89-89e57c320937,0,14,Galion WWTP & Sewer System,CITY OF GALION,1.0
39002919001,bd2f7060-0115-45ab-bc1a-7e0b219afc31,0,15,Galion WWTP & Sewer System,GLEDHILL RD MACH CO,0.0
39002919001,145e7cf0-9801-460e-b51e-acd4a2af35cb,0,16,Galion WWTP & Sewer System,CITY OF GALION,1.0
39002919001,83cd44f5-9d78-4efe-90d8-7695464e36cd,0,17,Galion WWTP & Sewer System,CITY OF GALION,1.0
39002919001,eb95079d-e279-4816-a804-827e848fb7e1,0,18,Galion WWTP & Sewer System,,
39002919001,a8d0d160-2c3a-4f29-847a-84b6bb1260c9,0,19,Galion WWTP & Sewer System,BOARD OF EDUCATION GALION CITY,1.0
39002919001,f96d80ea-1f95-430b-956c-d1ebf4ceb971,0,20,Galion WWTP & Sewer System,NEWELL BRIAN G ETAL CO TRUSTEES,0.0
39002961001,4268ac5a-0e62-4921-af10-8c54cda63f8e,1,1,Garrettsville WWTP & Sewer System,GARRETTSVILLE VILLAGE,1.0
39002961001,215c873a-4303-42ff-ad7c-70ccae19dcde,0,2,Garrettsville WWTP & Sewer System,GARRETTSVILLE VILLAGE OF,1.0
39002961001,7351bd50-1f0d-48db-9b54-c81823710742,0,3,Garrettsville WWTP & Sewer System,GARRETTSVILLE VILLAGE OF,1.0
39002961001,1d39069e-883a-49b0-805a-7ab7f2072713,0,4,Garrettsville WWTP & Sewer System,GARRETTSVILLE VILLAGE OF,1.0
39002961001,64937db2-9a1a-4492-b74f-9142084d20e8,0,5,Garrettsville WWTP & Sewer System,GARRETTSVILLE VILLAGE OF,1.0
39002961001,5a5c44d4-127d-4d6d-a4ad-fda6d945589e,0,6,Garrettsville WWTP & Sewer System,JAMES A GARFIELD BOARD,0.0
39002961001,4763fc26-430d-43c0-94c7-17904ab525fe,0,7,Garrettsville WWTP & Sewer System,GARRETTSVILLE VILLAGE OF,1.0
39002961001,1493cb11-8cc7-4431-ad75-765b07de9064,0,8,Garrettsville WWTP & Sewer System,PORTAGE PARK DISTRICT,0.0
39002961001,8b9bd515-4ca3-4792-9844-d9d7f6f22fba,0,9,Garrettsville WWTP & Sewer System,JAMES A GARFIELD BOARD,0.0
39002961001,77b0e1e9-ab40-4d0a-9b35-98661ed2a73c,0,10,Garrettsville WWTP & Sewer System,GARRETTSVILLE VILLAGE OF,1.0
39002961001,10d3413c-1081-4677-ad51-cdbc74a14042,0,11,Garrettsville WWTP & Sewer System,RESERVE AT EAGLE CREEK,0.0
39002961001,4c7fe7d1-5fbf-430b-8ddf-da8def43e258,0,12,Garrettsville WWTP & Sewer System,RESERVE AT EAGLE CREEK,0.0
39002961001,ff5344d6-6150-441b-9328-20c7ad913cbb,0,13,Garrettsville WWTP & Sewer System,GARRETTSVILLE VILLAGE OF,1.0
39002961001,c0462885-6738-408a-974b-c4c319fe2e2b,0,14,Garrettsville WWTP & Sewer System,STATE OF OHIO DEPARTMENT,0.0
39002961001,23e04f3d-477f-401e-b52a-b7b612566fd3,0,15,Garrettsville WWTP & Sewer System,GARRETTSVILLE VILLAGE OF,1.0
39002961001,925bb147-7889-4d8a-a548-e5e13d545d5b,0,16,Garrettsville WWTP & Sewer System,GARRETTSVILLE,1.0
39002961001,442a4ce3-41ba-4bec-aa86-b08a8b0d5c77,0,17,Garrettsville WWTP & Sewer System,LAWRENCE STANLEY J @3,0.0
39002961001,bc339726-3838-4dc4-8c7c-2143140de081,0,18,Garrettsville WWTP & Sewer System,ELLISON JESSE D,0.0
39002961001,0c1fa165-49d0-4e7e-8e38-5e9a6f61ed0c,0,19,Garrettsville WWTP & Sewer System,LAWRENCE STANLEY J @3,0.0
39002961001,a62a19ef-5108-4051-8a61-3a534fd3256e,0,20,Garrettsville WWTP & Sewer System,STATE OF OHIO,0.0
39002969004,56eab570-1c18-4a5e-aa83-15920d0f85e0,1,1,Geauga Co Opalacka WWTP,BOARD OF COMMISSIONERS OF GEAUGA COUNTY OHIO THE,0.43036048307732133
39002969004,dca14484-31f3-4bd3-a7b7-c20b82749313,0,2,Geauga Co Opalacka WWTP,BOARD OF COMMISSIONERS OF GEAUGA COUNTY OHIO THE,0.43036048307732133
39002969004,8ee237fc-63c6-4642-a075-dc490db2a8a4,0,3,Geauga Co Opalacka WWTP,GEAUGA COUNTY BOARD OF COMMISSIONERS,0.43036048307732133
39002969004,35d5c1f5-318d-4fa2-9f29-392cc0b20f52,0,4,Geauga Co Opalacka WWTP,CHESTER TOWNSHIP BOARD OF TRUSTEES,0.0
39002969004,272751fd-a527-4184-a695-bfd217b1d69b,0,5,Geauga Co Opalacka WWTP,CHESTER TOWNSHIP TRUSTEES,0.0
39002969004,5e623b6d-2f77-4661-a716-03ebb9d58ba4,0,6,Geauga Co Opalacka WWTP,ANGELOTTA BUILDING HOLDINGS LLC,0.0
39002969004,7adf94a8-df8c-4870-9660-8d52f2ad399f,0,7,Geauga Co Opalacka WWTP,PETRONZIO FRANK L,0.0
39002969004,d670e487-2314-4257-9f17-5a82a20336ae,0,8,Geauga Co Opalacka WWTP,OLEKSIAK DONALD P REVEREND,0.0
39002969004,c3a795ea-6305-41d5-bfa6-6d1e34c7aa0b,0,9,Geauga Co Opalacka WWTP,MAYWOOD COMMUNITY MHP LLC,0.0
39002969004,fdc0e89b-22c3-4120-ad08-805d56a9c003,0,10,Geauga Co Opalacka WWTP,MIKLAUSICH FRANK & HENDERSON MARY C CO TRUSTEES,0.0
39002969004,ca2de8a0-ee5c-42f1-8a75-b16bf89def21,0,11,Geauga Co Opalacka WWTP,WEST GEAUGA LOCAL SCHOOL DISTRICT,0.43036048307732133
39002969004,7dee099b-4e91-4d24-a687-1cf393376f8a,0,12,Geauga Co Opalacka WWTP,WEST GEAUGA BOARD OF EDUCATION,0.43036048307732133
39002969004,18be0f59-8363-49ea-8f57-6cd8d15d3846,0,13,Geauga Co Opalacka WWTP,CHESTER TWP BOARD OF TRUSTEES,0.0
39002969004,75f31825-342f-4cdf-8826-406af115cb42,0,14,Geauga Co Opalacka WWTP,WEST GEAUGA PLAZA L L C,0.43036048307732133
39002969004,52075387-0f27-4d63-af2f-d0763b036835,0,15,Geauga Co Opalacka WWTP,DAUTARTAS PETER & JOANNE,0.0
39002969004,aee275d6-4fe5-4c57-a5f8-401874a90e20,0,16,Geauga Co Opalacka WWTP,PROPAG LLC,0.0
39002969004,87686202-61d0-4a21-8a78-dae148da3b45,0,17,Geauga Co Opalacka WWTP,BOARD OF COUNTY COMMISSIONERS,0.0
39002969004,2e4459eb-5166-4ab9-a001-430634853a3d,0,18,Geauga Co Opalacka WWTP,CLEVELAND ELECTRIC ILLUMINATING COMPANY THE,0.0
39002969004,1d85e303-74bd-46ce-b788-679beb3f32bd,0,19,Geauga Co Opalacka WWTP,MACK KENNETH ROBERT & DEBRA ANN,0.0
39002969004,bfd8c598-bd28-4997-8e26-fa3e4425760d,0,20,Geauga Co Opalacka WWTP,MAYWOOD COMMUNITY MHP LLC,0.0
39002969034,37d0b756-30ae-45c3-88dd-52d0d7ee2350,1,1,Geauga Co Parkman WWTP,GEAUGA COUNTY BOARD OF COMMISSIONERS,0.43036048307732133
39002969034,9a432b81-2b50-4a49-8c2a-071c1cfa51bb,0,2,Geauga Co Parkman WWTP,BOARD OF TOWNSHIP TRUSTEES OF PARKMAN TOWNSHIP GEAUGA COUNTY OHIO THE,1.0
39002969034,54d18bab-0b14-482e-9f15-d1e193a575c4,0,3,Geauga Co Parkman WWTP,BOARD OF TRUSTEES OF PARKMAN TOWNSHIP THE,0.5696395169226786
39002969034,5d53e001-27d4-425c-bd28-d88b996f621c,0,4,Geauga Co Parkman WWTP,GEAUGA PARK DISTRICT,0.43036048307732133
39002969034,6e66787a-fde0-4731-ade1-22d579a9de67,0,5,Geauga Co Parkman WWTP,ZEIGLER RODNEY R & PAMELA A CO TTEE,0.0
39002969034,e30d712a-1a16-43b2-aa7c-d819fb83f6b7,0,6,Geauga Co Parkman WWTP,ZEIGLER RODNEY R & PAMELA A CO TRUSTEES,0.0
39002969034,4867ed94-20c2-4596-82cb-84dfdcd14a42,0,7,Geauga Co Parkman WWTP,ZEIGLER PAMELA A & RODNEY R CO TRUSTEES,0.0
39002969034,fe73c21c-c654-46b7-84e5-4fb92322bfc4,0,8,Geauga Co Parkman WWTP,SUGARHILL LIMITED,0.0
39002969034,9a60df5e-84f9-4f83-a708-c01d8c40bdc2,0,9,Geauga Co Parkman WWTP,BOARD OF TOWNSHIP TRUSTEES OF PARKMAN TOWNSHIP OHIO,0.5696395169226786
39002969034,c5799128-492d-4a9d-b9d1-95f7fa4e3c09,0,10,Geauga Co Parkman WWTP,BOARD OF TOWNSHIP TRUSTEES OF PARKMAN TOWNSHIP GEAUGA COUNTY OHIO,1.0
39002969034,e01efae8-f1ca-4bee-81a9-b1cfe2b21e34,0,11,Geauga Co Parkman WWTP,ZEIGLER PAMELA A & RODNEY R CO TRUSTEES,0.0
39002969034,76e624e0-72bf-4ed2-ba04-b7bb7fc64a24,0,12,Geauga Co Parkman WWTP,TRUSTEES OF PARKMAN TWP,0.5696395169226786
39002969034,bc7f919a-3444-49db-afac-9d2c231667fa,0,13,Geauga Co Parkman WWTP,FERRY MICHAEL J TRUSTEE,0.0
39002969034,b56de176-fc88-4c50-a86d-9a92e2a2c832,0,14,Geauga Co Parkman WWTP,GEAUGA PARK DISTRICT,0.43036048307732133
39002969034,39a0c812-ef52-4392-bf8d-e0d6ee2930b8,0,15,Geauga Co Parkman WWTP,ZEIGLER RODNEY R & PAMELA ANN,0.0
39002969034,88ebc886-63e9-420f-a924-fcab96a669c4,0,16,Geauga Co Parkman WWTP,GEAUGA PARK DISTRICT,0.43036048307732133
39002969034,6e815db9-437c-4f62-a1da-a007244821c2,0,17,Geauga Co Parkman WWTP,BOARD OF TRUSTEES OF PARKMAN TOWNSHIP GEAUGA COUNTY OHIO,1.0
39002969034,f0f6621d-286b-4963-8701-e00627a332eb,0,18,Geauga Co Parkman WWTP,BOARD OF TOWNSHIP TRUSTEES OF PARKMAN TWP,0.5696395169226786
39002969034,eb3af0b4-a60f-4401-955b-34488253ceeb,0,19,Geauga Co Parkman WWTP,SOLTIS JAMES S TOD,0.0
39002969034,5901317a-2edf-45c6-ad86-c00c4ef0cd29,0,20,Geauga Co Parkman WWTP,YOUNG DOROTHY C TRUSTEE,0.0
39003283001,45547675-730f-4aeb-8415-18e869c0211b,1,1,Greenville WWTP & Sewer System,CITY OF GREENVILLE,1.0
39003283001,6bfddbfc-5ca2-44b4-b371-e2707f4cab26,0,2,Greenville WWTP & Sewer System,STATE OF OHIO,0.0
39003283001,a6a6236b-06db-4917-9fd4-fa247df07b08,0,3,Greenville WWTP & Sewer System,CITY OF GREENVILLE,1.0
39003283001,70a2303f-bcf1-4062-a541-040645c0cb1b,0,4,Greenville WWTP & Sewer System,GREENVILLE TOWNSHIP,1.0
39003283001,501c6fb8-f3dc-40d4-8f1c-b68efea5990d,0,5,Greenville WWTP & Sewer System,DARKE CO COMMISSIONERS,0.0
39003283001,0c3862b9-5954-4920-be2e-e521a5dddb68,0,6,Greenville WWTP & Sewer System,DARKE COUNTY,0.0
39003283001,fc577bc2-5d4d-428e-9d8f-4b3ecf3aa659,0,7,Greenville WWTP & Sewer System,DARKE COUNTY YOUNG MENS,0.0
39003283001,5ca0f248-2620-4a33-ae86-c8e16731250d,0,8,Greenville WWTP & Sewer System,CITY OF GREENVILLE OHIO,1.0
39003283001,e13da078-595b-4a53-98e1-67f581bc969e,0,9,Greenville WWTP & Sewer System,DARKE COUNTY AGRICULTURE,0.0
39003283001,2ca2af80-c8e1-4062-ad8e-6c63d3684619,0,10,Greenville WWTP & Sewer System,DARKE CO YOUNG MENS,0.0
39003283001,814212cb-ca98-4af8-9686-3f76bcdc9f54,0,11,Greenville WWTP & Sewer System,CITY OF GREENVILLE,1.0
39003283001,374516af-c970-4a5f-9ddf-e3589441bf17,0,12,Greenville WWTP & Sewer System,CITY OF GREENVILLE,1.0
39003283001,b1528182-b011-441c-b111-70c2cfc4f2ca,0,13,Greenville WWTP & Sewer System,BOARD OF EDUCATION,0.0
39003283001,771983f4-24fb-4322-a074-a701b08bd581,0,14,Greenville WWTP & Sewer System,CITY OF GREENVILLE OHIO,1.0
39003283001,5c9e3d0a-9be4-4979-978f-8394fc42fde8,0,15,Greenville WWTP & Sewer System,DARKE CO COMMISSIONERS,0.0
39003283001,814a57f5-c263-4450-a1fd-c2d09b83583e,0,16,Greenville WWTP & Sewer System,BOARD OF EDUCATION,0.0
39003283001,5e44e7de-2ab5-454b-89f1-c75df531ec5d,0,17,Greenville WWTP & Sewer System,GREENVILLE MEMORIAL POST,1.0
39003283001,122ea385-492c-4b57-be57-de68efaf21f7,0,18,Greenville WWTP & Sewer System,COMMISSIONERS DARKE COUNTY,0.0
39003283001,9eb5a307-b58d-4631-9a16-c4c6159dda87,0,19,Greenville WWTP & Sewer System,GREENVILLE WAREHOUSING LLC,1.0
39003283001,d97586f8-fea3-4097-928b-04ed78ad5ce7,0,20,Greenville WWTP & Sewer System,ERK COTTRELL POST 140,0.0
39003369002,815e683c-bf37-42a5-a615-6707b8348f07,1,1,MSD Mill Creek Drainage Basin,CINCINNATI CITY OF,0.0
39003369002,d25aa574-2339-4b7d-abd7-685e93a6f9eb,0,2,MSD Mill Creek Drainage Basin,CINCINNATI CITY OF,0.0
39003369002,a1c5cbfe-3420-4f6a-b87b-903d6b5545e2,0,3,MSD Mill Creek Drainage Basin,CINCINNATI CITY OF,0.0
39003369002,a79b6b83-3038-4195-ba77-cbc135512e77,0,4,MSD Mill Creek Drainage Basin,CINCINNATI CITY OF,0.0
39003369002,c356ba2c-8a03-4da8-8797-30d613246c9c,0,5,MSD Mill Creek Drainage Basin,CINCINNATI CITY OF,0.0
39003369002,12f88b39-6d5e-47d4-b0ba-fa3081605a7b,0,6,MSD Mill Creek Drainage Basin,CINCINNATI CITY OF,0.0
39003369002,8ad87db8-3960-463a-96e1-bfd7b60d46a1,0,7,MSD Mill Creek Drainage Basin,CITY OF CINCINNATI,0.0
39003369002,9a89ec07-5fec-4790-b17b-e24f0bb0ab1f,0,8,MSD Mill Creek Drainage Basin,HAMILTON COUNTY BOARD OF COMMRS,0.0
39003369002,fa80a184-0f46-42d0-a9d9-3bcc427156fd,0,9,MSD Mill Creek Drainage Basin,CINCINNATI CITY OF,0.0
39003369002,4f16df74-d8e8-43be-a409-72c1f9f6a2b1,0,10,MSD Mill Creek Drainage Basin,CINCINNATI CITY OF,0.0
39003369002,8bd1bf47-e756-4f8a-b84a-8e077aa0ce52,0,11,MSD Mill Creek Drainage Basin,SOUTHWEST OHIO REGIONAL TRANSIT AUTHORITY,0.0
39003369002,bc87c827-7fde-4e12-9168-41cd32d13a7f,0,12,MSD Mill Creek Drainage Basin,CINCINNATI CITY OF,0.0
39003369002,fc8aedc3-6a2c-44a3-a5fe-06a2958e40b2,0,13,MSD Mill Creek Drainage Basin,CINCINNATI CITY OF,0.0
39003369002,8e7a3dec-9906-4c20-9c9c-0ceb66eacf41,0,14,MSD Mill Creek Drainage Basin,CINCINNATI CITY OF,0.0
39003369002,fed2a69b-8ff5-4ee4-8c30-a4b43a2f94ce,0,15,MSD Mill Creek Drainage Basin,CINCINNATI CITY OF,0.0
39003369002,6425759d-a943-439d-a1ea-0af6eaa3574f,0,16,MSD Mill Creek Drainage Basin,CINCINNATI CITY OF,0.0
39003369002,bfdd5d81-d6e9-4f5b-aa4c-56924c542bfa,0,17,MSD Mill Creek Drainage Basin,CINCINNATI CITY OF,0.0
39003369002,cd8540b1-ef83-4cde-abac-1ae485005d2f,0,18,MSD Mill Creek Drainage Basin,CINCINNATI CITY OF,0.0
39003369002,df07c7f3-aad0-41e7-9fd0-bf74a0ba3d03,0,19,MSD Mill Creek Drainage Basin,CINCINNATI CITY OF,0.0
39003369002,595bf884-f1af-4195-a591-015d79291a21,0,20,MSD Mill Creek Drainage Basin,CINCINNATI CITY OF,0.0
39003486001,5186b810-b981-4ce9-bdaf-72c51115e314,0,1,Hartville WWTP & Sewer System,HARTVILLE VILLAGE,1.0
39003486001,6d5064b8-34b4-47e5-81c6-3553c6ddd60e,0,2,Hartville WWTP & Sewer System,HARTVILLE VILLAGE,1.0
39003486001,e642470c-857c-4691-a2c1-154f6eb4bfd1,0,3,Hartville WWTP & Sewer System,HARTVILLE VILLAGE,1.0
39003486001,ca4e61bd-2ee3-41ec-a065-fa72c0cb65a3,0,4,Hartville WWTP & Sewer System,,
39003486001,bda8dc91-2f90-409f-9282-c5f8ab618667,0,5,Hartville WWTP & Sewer System,HARTVILLE VILLAGE,1.0
39003486001,e587ca03-d043-4f8b-b850-7c0ef08f9b64,1,6,Hartville WWTP & Sewer System,HARTVILLE VILLAGE (DISPOSAL PLANT),1.0
39003486001,7b1020b7-1045-4f77-8786-69a8e6513648,0,7,Hartville WWTP & Sewer System,LAKE TWP (BOARD OF TRUSTEES),0.0
39003486001,080607d5-80d2-4d28-a4fb-c45a632b8f02,0,8,Hartville WWTP & Sewer System,LAKE TWP SCHOOL BOARD (SCHOOL AT HARTVILLE),1.0
39003486001,3a246872-6168-4dc4-96a4-db7c3b0b7670,0,9,Hartville WWTP & Sewer System,,
39003486001,b3147b12-41da-47e3-aa82-b50e99333441,0,10,Hartville WWTP & Sewer System,,
39003486001,bd5fd888-bc3a-4156-871d-e91f5def7a9d,0,11,Hartville WWTP & Sewer System,LAKE TWP LOCAL SD,0.0
39003486001,3c4482e0-c580-42b0-b7f4-c0b985ffdf7c,0,12,Hartville WWTP & Sewer System,SIEKKINEN JOHN W & GAIL M CO TRUSTEES,0.0
39003486001,0643951c-ba3a-4060-ba91-8248dc03c53b,0,13,Hartville WWTP & Sewer System,MONARCH RUBBER CO ADELAWARE CORP,0.0
39003486001,ccdaa8e9-5292-4a90-9e0f-b072773cf852,0,14,Hartville WWTP & Sewer System,LAKE TWP BOARD OF TRUSTEES,0.0
39003486001,1bf392dc-30af-477f-8094-7a385c06c6c5,0,15,Hartville WWTP & Sewer System,LAKE TWP LOCAL SD,0.0
39003486001,fbddb366-4b4c-413d-8964-6549918e60a0,0,16,Hartville WWTP & Sewer System,,
39003486001,e42f4cbe-91e3-4042-9773-e8116ff809fc,0,17,Hartville WWTP & Sewer System,,
39003486001,577c03be-0775-48d4-9593-f6a9c16e2557,0,18,Hartville WWTP & Sewer System,HARTVILLE VILLAGE,1.0
39003486001,4b19e7d7-036c-4bbb-bd2c-95818459631a,0,19,Hartville WWTP & Sewer System,HARTVILLE VILLAGE,1.0
39003486001,2bcfac18-ebd4-4e90-862f-3d69b2da6166,0,20,Hartville WWTP & Sewer System,LEISURE LAKE LLC,0.0
39003500001,b1e733d6-02e6-48ed-bf1f-9e1ed30b1de8,0,1,Haskins WWTP & Sewer System,HASKINS VILLAGE OF,1.0
39003500001,82e9742b-38d1-4998-a8bf-d391d5e7b4fd,0,2,Haskins WWTP & Sewer System,VILLAGE OF HASKINS THE,1.0
39003500001,1b0a559b-c4eb-4c97-b190-83c81d3bf95d,0,3,Haskins WWTP & Sewer System,CITY OF BOWLING GREEN,0.0
39003500001,dc4a5d4f-d62a-4bad-800a-5d94f2d851f9,0,4,Haskins WWTP & Sewer System,CITY OF BOWLING GREEN,0.0
39003500001,102f3eb6-e237-4d24-948b-c09d53bdad27,0,5,Haskins WWTP & Sewer System,CITY OF BOWLING GREEN,0.0
39003500001,1f693b76-eb47-416c-bed3-91f6e09ac432,0,6,Haskins WWTP & Sewer System,WENIG PHILLIP & WENIG JULIE CO-TRUSTEES,0.0
39003500001,b2d46074-0c16-4f5c-94f9-303ab62e9250,1,7,Haskins WWTP & Sewer System,CITY OF BOWLING GREEN,0.0
39003500001,b9f358c2-a775-4f5a-9089-cd4432879f0b,0,8,Haskins WWTP & Sewer System,VILLAGE OF HASKINS,1.0
39003500001,5d47a3a7-8902-4aec-bfed-85b0ae4813ea,0,9,Haskins WWTP & Sewer System,CHARLEY ASMUS FAMILY FARMS INC,0.0
39003500001,e5a0238c-e201-4f56-83b2-8649575ed573,0,10,Haskins WWTP & Sewer System,WENIG PHILLIP & WENIG JULIE CO-TRUSTEES,0.0
39003500001,c6425482-8975-496e-b257-0bf913326794,0,11,Haskins WWTP & Sewer System,THIRD GENERATION FARM LLC,0.0
39003500001,2d493fc3-65c7-4b55-8a1c-20d33d7284e3,0,12,Haskins WWTP & Sewer System,GORSKI ELIZABETH B TRUSTEE,0.0
39003500001,3e3da09b-944a-420f-b0de-892996467eea,0,13,Haskins WWTP & Sewer System,ASMUS FAMILY FARM LLC,0.0
39003500001,711b76e2-6994-49c6-b9dc-e22ab0b50c9d,0,14,Haskins WWTP & Sewer System,,
39003500001,41756b86-0601-4b67-8dd5-2010872e4c84,0,15,Haskins WWTP & Sewer System,BOWLING GREEN STORAGE LLC,0.0
39003500001,e67738b5-cce1-4c4a-9dfe-735d3ae09afc,0,16,Haskins WWTP & Sewer System,SCHLIESSER JASON S & SCHLIESSER ANGELA,0.0
39003500001,78e0c446-18bf-47da-b425-8b8ddded3378,0,17,Haskins WWTP & Sewer System,BOSTDORFF DENISE M,0.0
39003500001,82211930-ce41-4330-831c-9d81f907e21f,0,18,Haskins WWTP & Sewer System,,
39003500001,a7b11aad-fa86-416c-bae1-3f67710a9c7c,0,19,Haskins WWTP & Sewer System,VILLAGE OF HASKINS,1.0
39003500001,a0f81d07-9bfd-4a0a-952a-0c09894c9fe2,0,20,Haskins WWTP & Sewer System,BOSTDORFF DENISE M,0.0
39003542001,55565973-ab83-47bc-b990-8173e2361531,1,1,Hebron WWTP & Sewer System,VILLAGE OF HEBRON,1.0
39003542001,7df1bc18-15d6-4cff-9562-f1b4cd66a68a,0,2,Hebron WWTP & Sewer System,VILLAGE OF HEBRON,1.0
39003542001,b88dfd41-c856-4baf-b360-d5125d811be3,0,3,Hebron WWTP & Sewer System,VILLAGE OF HEBRON,1.0
39003542001,174286fb-a984-44f9-a91f-ae9454e5c78d,0,4,Hebron WWTP & Sewer System,HEATH-NEWARK-LICKING COUNTY PORT AUTHORITY,0.0
39003542001,7da08f16-a6c4-4ada-b626-bbfb71c62cbe,0,5,Hebron WWTP & Sewer System,HEBRON BUSINESS PARK LTD,1.0
39003542001,464bf957-7fe3-4cfb-8dac-0219fbbd9936,0,6,Hebron WWTP & Sewer System,HEATH-NEWARK-LICKING COUNTY PORT AUTHORITY,0.0
39003542001,960020a4-a63f-4224-bdb7-e3dc3231bc5d,0,7,Hebron WWTP & Sewer System,NATIONAL GAS & OIL COOPERATIVE,0.0
39003542001,d3c9ac3e-4c1f-4465-84e6-2af2d8f7a1e3,0,8,Hebron WWTP & Sewer System,CLEAN HARBORS RECYCLING SERVICES OF OHIO LLC,0.0
39003542001,d905859d-66ef-43df-a5fe-8e4e0685b8d5,0,9,Hebron WWTP & Sewer System,OHIO POWER CO,0.0
39003542001,8d7d0f4c-15b0-4dc8-bae1-87a17fdf42ec,0,10,Hebron WWTP & Sewer System,"POSH PROPERTIES NO 12, 1601 S LIBERTY FAMILY LIMITED PARTNERSHIP",0.0
39003542001,ad1d9d77-36ec-44b5-85a6-6f789d0b840f,0,11,Hebron WWTP & Sewer System,LAKE SIDE STORAGE HEATH LLC,0.0
39003542001,38304786-e845-4334-855c-071d7b694b98,0,12,Hebron WWTP & Sewer System,HEBRON REAL ESTATE PARTNERS LLC,1.0
39003542001,766e9c44-bd01-4cc1-8967-869201984351,0,13,Hebron WWTP & Sewer System,R R DONNELLEY & SONS COMPANY,0.0
39003542001,b4348ff6-f363-4924-a215-dfe62cf67829,0,14,Hebron WWTP & Sewer System,VILLAGE OF HEBRON,1.0
39003542001,f10f5b6f-7c5a-4fb6-a3d7-c3b208e6eb8a,0,15,Hebron WWTP & Sewer System,HEATH-NEWARK-LICKING COUNTY PORT AUTHORITY,0.0
39003542001,4dadc08f-f9c0-48bc-88bf-d13f5ef7d0b2,0,16,Hebron WWTP & Sewer System,MOMENTIVE PERFORMANCE MATERIALS QUARTZ INC,0.0
39003542001,404ef47c-a470-4668-80d4-94a4e5fb4b1f,0,17,Hebron WWTP & Sewer System,UNION TOWNSHIP TRUSTEES,0.0
39003542001,d9c12050-6cb8-4df6-94bc-54c5bd81a4e8,0,18,Hebron WWTP & Sewer System,HEATH-NEWARK-LICKING COUNTY PORT AUTHORITY,0.0
39003542001,d37ca91a-46d0-433d-8593-37470b7c056c,0,19,Hebron WWTP & Sewer System,HMP REALTY COMPANY,0.0
39003542001,25daf1a1-8da5-4112-923e-cd0d96cf60c6,0,20,Hebron WWTP & Sewer System,GEIGER NANCY A TRUSTEE,0.0
39003908001,ec0fdac7-9640-49ea-aa42-7112d3298767,1,1,Jeffersonville WWTP & Sewer System,VILLAGE OF JEFFERSONVILLE,1.0
39003908001,b71560b3-4890-41bf-bea5-3982f346e7db,0,2,Jeffersonville WWTP & Sewer System,VILLAGE OF JEFFERSONVILLE,1.0
39003908001,2e006ddf-8c14-45c2-a6bc-e9757c957264,0,3,Jeffersonville WWTP & Sewer System,VILLAGE OF JEFFERSONVILLE,1.0
39003908001,3b89a321-bf1f-4b64-b1ac-206968342bf0,0,4,Jeffersonville WWTP & Sewer System,MARTIN LAND CO,0.0
39003908001,2067eacf-c70e-4e99-b953-84ee53c87134,0,5,Jeffersonville WWTP & Sewer System,,
39003908001,c79981bf-6729-4f3f-83e5-87f302fc18f1,0,6,Jeffersonville WWTP & Sewer System,MARTIN LAND CO,0.0
39003908001,e3305572-34c3-4e42-a863-6bbc4c1b08ef,0,7,Jeffersonville WWTP & Sewer System,MARTIN LAND CO,0.0
39003908001,205e9b40-f62d-46b8-a482-4e871225280e,0,8,Jeffersonville WWTP & Sewer System,,
39003908001,07ac6118-753b-4c91-ad1b-6adfa138f66f,0,9,Jeffersonville WWTP & Sewer System,MARTIN LAND CO,0.0
39003908001,64153d80-deaa-4182-af22-f97cc2cbcf36,0,10,Jeffersonville WWTP & Sewer System,DAYTON POWER & LIGHT CO,0.0
39003908001,e4860394-88e6-4ac5-b403-6fd6622107c2,0,11,Jeffersonville WWTP & Sewer System,VILLAGE OF JEFFERSONVILLE A MUNICIPAL CORP,1.0
39003908001,081e775b-6b45-4581-872d-98705a79bf4c,0,12,Jeffersonville WWTP & Sewer System,YOAKUM FRANK P,0.0
39003908001,4e3e364e-02df-4d51-a529-6bd1ec2ebc23,0,13,Jeffersonville WWTP & Sewer System,,
39003908001,41969c45-47e4-4f7f-b770-2b3787e9245a,0,14,Jeffersonville WWTP & Sewer System,COE ROBERT D ET AL,0.0
39003908001,d6ca72cb-5140-4837-a70d-a61905d64f48,0,15,Jeffersonville WWTP & Sewer System,CLARK CO FAYETTE CO PORT AUTHORITY,0.0
39003908001,25cb044b-7405-45af-9ff6-3931c563c901,0,16,Jeffersonville WWTP & Sewer System,WALLACE III RAY,0.0
39003908001,5b7cba2b-87df-4ea5-a60a-336ac7b3dc07,0,17,Jeffersonville WWTP & Sewer System,COE ROBERT D ET AL,0.0
39003908001,8f428aba-ed61-47bd-b94b-851d64aac9a8,0,18,Jeffersonville WWTP & Sewer System,COE ROBERT D ET AL,0.0
39003908001,73fc17d4-1f3e-4054-85a9-507262299f35,0,19,Jeffersonville WWTP & Sewer System,MARTIN LAND COMPANY,0.0
39003908001,e071541a-1967-4ef1-a95f-4d8c66d032cb,0,20,Jeffersonville WWTP & Sewer System,MARTIN LAND CO,0.0
39004025001,1ea8670b-b6b7-4439-8269-75febc7beecd,0,1,Kent WWTP & Sewer System,KENT THE CITY OF,1.0
39004025001,230d7023-9e10-478c-b533-9082ce3344e6,1,2,Kent WWTP & Sewer System,KENT CITY OF,1.0
39004025001,3476b1dc-ee37-40af-a84d-cf875f893757,0,3,Kent WWTP & Sewer System,KENT CITY OF,1.0
39004025001,83d01f55-40b1-4ad1-9c83-5fa2b6d5fafb,0,4,Kent WWTP & Sewer System,KENT CITY OF,1.0
39004025001,b878bbef-310c-4cd9-9b4d-c05b0f7f6fc6,0,5,Kent WWTP & Sewer System,KENT CITY OF,1.0
39004025001,d38bab0e-1fe8-4bab-8789-f58ae3d5613d,0,6,Kent WWTP & Sewer System,AKRON CITY OF,0.0
39004025001,76ff5466-e7ec-4699-9e10-ea63d2d14efe,0,7,Kent WWTP & Sewer System,KENT CITY OF,1.0
39004025001,eb836055-509f-4910-b30a-4f5f9a7ffde8,0,8,Kent WWTP & Sewer System,KENT CITY OF THE,1.0
39004025001,4f5e2d64-2db3-445e-8876-b4cdad3abc45,0,9,Kent WWTP & Sewer System,KENT CITY OF,1.0
39004025001,6b6c2a47-96e5-48a0-80de-b669cf83f98d,0,10,Kent WWTP & Sewer System,KENT CITY OF,1.0
39004025001,c9e3d3a5-d091-414e-aeaa-a8c8cc1f4f51,0,11,Kent WWTP & Sewer System,KENT THE CITY OF,1.0
39004025001,a2e48c75-6b29-43cf-9954-e911ff502502,0,12,Kent WWTP & Sewer System,LAMSON & SESSIONS CO,0.0
39004025001,828fad18-16a7-43f3-8eda-81b9d3d97ace,0,13,Kent WWTP & Sewer System,COUNTY OF SUMMIT,0.0
39004025001,acb294da-6979-4f43-9b36-4deedba52fef,0,14,Kent WWTP & Sewer System,KENT CITY OF,1.0
39004025001,50523e28-db29-44a2-8b44-4aa6f85bc5a2,0,15,Kent WWTP & Sewer System,KENT CITY OF,1.0
39004025001,8ec0b98a-b9f6-4aa9-b5be-8bbf2dd2c567,0,16,Kent WWTP & Sewer System,KENT CITY OF,1.0
39004025001,e5cce947-d5cf-4cc5-9e9a-305bb9c89458,0,17,Kent WWTP & Sewer System,KENT CITY OF,1.0
39004025001,c0f42885-7f6f-4e83-a101-b10e810d9601,0,18,Kent WWTP & Sewer System,KENT CITY OF,1.0
39004025001,49047abe-911a-45a5-bdca-87bfe1761207,0,19,Kent WWTP & Sewer System,KENT CITY OF,1.0
39004025001,739df96c-3cd8-4a82-9f3c-031519d6c2a0,0,20,Kent WWTP & Sewer System,KENT CITY OF,1.0
39004102001,a0696a3e-3fcd-47ba-97a6-60b39b852814,1,1,Kingston WWTP & Sewer System,VILLAGE OF KINGSTON,1.0
39004102001,8aeb3587-d289-4d6b-aeb6-fd506abf8d06,0,2,Kingston WWTP & Sewer System,VILLAGE OF KINGSTON,1.0
39004102001,01930b78-b6c7-4df7-add2-c53c06c41766,0,3,Kingston WWTP & Sewer System,VILLAGE OF KINGSTON,1.0
39004102001,e1dc21e2-747c-4abe-8503-44de80f8424b,0,4,Kingston WWTP & Sewer System,THE VILLAGE OF KINGSTON,1.0
39004102001,1634cfbe-c26a-4bb3-bfb2-e0c11e16d688,0,5,Kingston WWTP & Sewer System,STATE OF OHIO DEPT NATURAL RESO,0.0
39004102001,6f70b2bc-fe76-42e5-8d32-989841b322f9,0,6,Kingston WWTP & Sewer System,"VILLAGE OF KINGSTON, OHIO",1.0
39004102001,5a3c0057-eb68-4fe7-9ab6-d04920ae581d,0,7,Kingston WWTP & Sewer System,GEARHART MARTHA F,0.0
39004102001,77ccfdc6-b916-4e32-ae3c-6f7a465c8b82,0,8,Kingston WWTP & Sewer System,JONES MATTHEW E,0.0
39004102001,a02092af-0924-4780-8d3b-4d121ec1e10d,0,9,Kingston WWTP & Sewer System,JONES MATTHEW E,0.0
39004102001,0090686b-ebf0-472f-8e5c-9337924e69f8,0,10,Kingston WWTP & Sewer System,"HOLDREN, THEODORE LEE",0.0
39004102001,62fc6c10-dd6a-4b9c-9a8b-31b0e9651b14,0,11,Kingston WWTP & Sewer System,"ORR, DAVID K & DIONNA HATFIELD",0.0
39004102001,86993fd5-4fd3-4963-a1de-1ced18bb495d,0,12,Kingston WWTP & Sewer System,JONES MATTHEW E,0.0
39004102001,127c9371-b520-4c05-970c-f11d31d8b951,0,13,Kingston WWTP & Sewer System,GEARHART MARTHA F,0.0
39004102001,640211a3-8ac6-468c-b88f-95402552b103,0,14,Kingston WWTP & Sewer System,JONES MATTHEW E ETAL,0.0
39004102001,74d9098d-fba0-49d3-a594-b3e8bbbbdf70,0,15,Kingston WWTP & Sewer System,HILL KATHY L,0.0
39004102001,a8c41aef-bc45-4671-89e3-a2b0b323c72b,0,16,Kingston WWTP & Sewer System,KINGSTON SENIOR VILLAGE LTD P/S,1.0
39004102001,0cc355b7-30bf-4ae0-a0b5-f0327ce936d6,0,17,Kingston WWTP & Sewer System,"VOLLMAR, MATTHEW A",0.0
39004102001,69d4aa5b-48ea-447a-a16e-2aefc0853117,0,18,Kingston WWTP & Sewer System,JONATHAN A & GLORIA NOHEMI BLAUVELT JTLE SURV,0.0
39004102001,86af5ef9-03b9-45f8-aaf1-0119bb47f4d1,0,19,Kingston WWTP & Sewer System,"AULT, JEFFREY E & TAMI JTLE SUR",0.0
39004102001,ac12cc2d-a6ff-4383-b0a9-b6422e3d662c,0,20,Kingston WWTP & Sewer System,"ORR, DAVID K & DIONNA HATFIELD",0.0
39004208001,7ed4121a-227d-42bb-8c1e-ab3bc65010ce,1,1,Gary L Kron WRF & Sewer System,LAKE COUNTY BOARD OF COMMISSIONERS,0.0
39004208001,7a6c94d2-b2b9-420d-961d-9e95731c2a81,0,2,Gary L Kron WRF & Sewer System,LAKE COUNTY BOARD OF COMMISSIONERS (LCDU 81),0.0
39004208001,5fc988a1-e219-4e7d-b9c4-d622c50d9229,0,3,Gary L Kron WRF & Sewer System,LAKE COUNTY BOARD OF COMMISSIONERS,0.0
39004208001,253d4cef-b494-4a49-b5b7-40d94e0d3bb2,0,4,Gary L Kron WRF & Sewer System,MENTOR CITY OF,0.0
39004208001,f32fa627-bb99-4beb-9d1b-9516cb7e35f6,0,5,Gary L Kron WRF & Sewer System,MENTOR CITY OF,0.0
39004208001,15510649-3a29-4f55-bb92-471292122069,0,6,Gary L Kron WRF & Sewer System,MENTOR CITY OF,0.0
39004208001,f9acd854-ad42-4061-bd69-4d40f4c31e0a,0,7,Gary L Kron WRF & Sewer System,MENTOR CITY OF,0.0
39004208001,00fe18e4-b47a-43ab-81cf-d28751676c06,0,8,Gary L Kron WRF & Sewer System,MENTOR CITY OF,0.0
39004208001,1dd57aea-6b10-46fe-9cd4-cb32e1049a96,0,9,Gary L Kron WRF & Sewer System,MENTOR BRD OF EDUCATION,0.0
39004208001,3cab90b5-fa3c-4bf3-880c-65f4c762333a,0,10,Gary L Kron WRF & Sewer System,MENTOR CITY OF,0.0
39004208001,51783e52-a8ca-4d71-9804-35e65692a422,0,11,Gary L Kron WRF & Sewer System,MENTOR CITY OF,0.0
39004208001,288e0319-4f04-4c09-a4de-1c5f23a8ee20,0,12,Gary L Kron WRF & Sewer System,MENTOR CITY OF,0.0
39004208001,97ca19e8-c365-412d-b3b5-ee926096250e,0,13,Gary L Kron WRF & Sewer System,LAKE COUNTY BOARD OF COMMISSIONERS,0.0
39004208001,d8ce3f56-4f30-4c58-8074-a6fed3e7334e,0,14,Gary L Kron WRF & Sewer System,MENTOR CITY OF,0.0
39004208001,f0ef8397-bb0c-4b9c-b057-3d231247ade6,0,15,Gary L Kron WRF & Sewer System,MENTOR CITY OF,0.0
39004208001,744cae37-49f4-492e-a53a-b2f67af24772,0,16,Gary L Kron WRF & Sewer System,LAKE COUNTY BOARD OF COMMISSIONERS (LCDU 81),0.0
39004208001,dd5c10a3-76e6-4c5f-a080-cc13acb984f4,0,17,Gary L Kron WRF & Sewer System,MENTOR CITY OF,0.0
39004208001,74951ddf-cdb4-4e84-bba5-db1b8850ef7f,0,18,Gary L Kron WRF & Sewer System,MENTOR CITY OF,0.0
39004208001,aa258ee6-cf15-4e26-884c-146f07212bf8,0,19,Gary L Kron WRF & Sewer System,MENTOR CITY OF,0.0
39004208001,a4d7ce95-d2dd-4ebf-a7b5-7ee41f3a597a,0,20,Gary L Kron WRF & Sewer System,MENTOR CITY OF,0.0
39004312001,40affe49-d5ae-4acb-83d4-6c66d6bc9db6,0,1,Laura WWTP & Sewer System,VILLAGE OF WEST MILTON,0.0
39004312001,b8c51e28-fba4-477b-aa65-605a4318c2be,0,2,Laura WWTP & Sewer System,VILLAGE OF WEST MILTON,0.0
39004312001,e4b79ad3-1653-4935-9030-7f7c20114479,1,3,Laura WWTP & Sewer System,VILLAGE OF WEST MILTON,0.0
39004312001,ff4a45b9-b508-4399-baa6-edecedfda14e,0,4,Laura WWTP & Sewer System,VILLAGE OF WEST MILTON,0.0
39004312001,974f2596-ad4d-413c-9f11-2008375a15b5,0,5,Laura WWTP & Sewer System,VILLAGE OF WEST MILTON PARK,0.0
39004312001,9cddb4a6-36cf-4957-94eb-be0e37d94c27,0,6,Laura WWTP & Sewer System,VILLAGE OF WEST MILTON,0.0
39004312001,cc7d3a15-f014-484b-ac83-d2c0c20ce3c4,0,7,Laura WWTP & Sewer System,BOARD OF EDUCATION,0.0
39004312001,2496e107-ff1d-482b-b2ac-144f25e6bcf7,0,8,Laura WWTP & Sewer System,VILLAGE OF WEST MILTON,0.0
39004312001,605a42bf-229d-4fd7-b9c4-02b684fe2143,0,9,Laura WWTP & Sewer System,BOARD OF EDUCATION,0.0
39004312001,1cfc35a8-a906-4176-8e6e-a44efd6c2c68,0,10,Laura WWTP & Sewer System,VILLAGE OF WEST MILTON DISPOSAL PLANT,0.0
39004312001,b00692f6-8869-41cd-81c5-9e3b26971533,0,11,Laura WWTP & Sewer System,BOARD OF EDUCATION,0.0
39004312001,0f6d0040-d88d-46ba-94b6-d36afa8c4cec,0,12,Laura WWTP & Sewer System,MILTON-UNION EXEMPTED VILLAGE SCHOOLS,0.0
39004312001,7f05cc25-d7f9-4a8f-80ac-367c2fbe3be9,0,13,Laura WWTP & Sewer System,BOARD OF EDUCATION,0.0
39004312001,c3d03369-1eed-4c38-a687-cff8aff2640a,0,14,Laura WWTP & Sewer System,MUNICIPALITY OF WEST MILTON,0.0
39004312001,6a77e100-f5cc-470f-a791-4b88508e0317,0,15,Laura WWTP & Sewer System,,
39004312001,33cec5b8-7945-400d-9fb6-1332d7580a80,0,16,Laura WWTP & Sewer System,STILLWATER CROSSINGS NEW COMMUNITY AUTHORITY,0.0
39004312001,b3ad14d5-072c-4458-9d90-655e0d6d968d,0,17,Laura WWTP & Sewer System,GEARHARDT MICHELLE J (LE) & @(4),0.0
39004312001,2f5449d1-aee3-46b6-b891-0fbbd952e80f,0,18,Laura WWTP & Sewer System,,
39004312001,ea1949bc-643a-4b37-ac48-c92b762308b2,0,19,Laura WWTP & Sewer System,FOWKES MICHAEL & KALEY,0.0
39004312001,4544a384-9224-431d-8066-f4a0066141be,0,20,Laura WWTP & Sewer System,THE VORE FAMILY FARMS LLC,0.0
39004370001,7ea8da48-3e2c-4323-8e8a-f43a56a6ba89,1,1,Leesburg WWTP & Sewer System,VILLAGE OF LEESBURG,1.0
39004370001,49000d91-f4b8-4fbe-94f6-18ae392271c9,0,2,Leesburg WWTP & Sewer System,VILLAGE OF LEESBURG,1.0
39004370001,b4a57f4f-489d-4a4b-9fe0-fe7b97a77db7,0,3,Leesburg WWTP & Sewer System,VILLAGE OF LEESBURG (ROADSIDE PARK),1.0
39004370001,34dfd4fa-b44b-4ae1-b9cb-9c331bb4e57b,0,4,Leesburg WWTP & Sewer System,VILLAGE OF LEESBURG,1.0
39004370001,1d2aaff9-4f1c-464c-b759-8f42ea0167f1,0,5,Leesburg WWTP & Sewer System,SWIFT JOHN N & DAWN M / SURV / TOD,0.0
39004370001,791e6c54-c577-4578-93d4-ccfba469532b,0,6,Leesburg WWTP & Sewer System,PURDY VIRGINIA M / TOD,0.0
39004370001,0f5fb2ee-14f1-4e2a-808d-5b144e87f7a8,0,7,Leesburg WWTP & Sewer System,MORRIS DOUGLAS G & HEIDI / SURV,0.0
39004370001,eac40229-947e-47c8-8f18-0afe12a84492,0,8,Leesburg WWTP & Sewer System,CHERRY-JOHNSON LTD FAMILY PARTNERSHIP,0.0
39004370001,1201cb2c-6333-4589-a825-10f1551af78f,0,9,Leesburg WWTP & Sewer System,FAIRFIELD TWP BD OF TRUSTEES,0.0
39004370001,40fbb031-6296-4359-8471-37528317ad91,0,10,Leesburg WWTP & Sewer System,ARNOLD BRIAN L,0.0
39004370001,e731601e-d8e3-46b8-9bbb-e43773e7a3b7,0,11,Leesburg WWTP & Sewer System,ARNOLD BRIAN L,0.0
39004370001,b3ef88be-1434-479b-bdd9-b13c387b0654,0,12,Leesburg WWTP & Sewer System,CHERRY-JOHNSON LTD FAMILY PARTNERSHIP,0.0
39004370001,c0c6e448-6fe8-424f-8fa3-0ed512180c11,0,13,Leesburg WWTP & Sewer System,STORE MASTER FUNDING XXX LLC,0.0
39004370001,4e76c4c3-6ccd-4dfe-b8bd-b31f8a496276,0,14,Leesburg WWTP & Sewer System,STORE MASTER FUNDING XXX LLC,0.0
39004370001,ffdf9512-c8b6-415c-b73b-7d20f1957381,0,15,Leesburg WWTP & Sewer System,NIKKEL GREG D & JULIE A / SURV,0.0
39004370001,5a03fc72-c8c0-4891-aeff-2200cb0c7aeb,0,16,Leesburg WWTP & Sewer System,MORRIS DOUGLAS G & HEIDI/ SURV,0.0
39004370001,36327a6c-2ad8-4e49-8b33-b87959f7ec7c,0,17,Leesburg WWTP & Sewer System,HARVEY NORMAN,0.0
39004370001,8ec42699-7a67-47ef-8287-798684a840d9,0,18,Leesburg WWTP & Sewer System,HIGHLAND CO COMMISSIONERS,0.0
39004370001,9c6ec905-9fd2-406b-aa38-b7dc3cffaf06,0,19,Leesburg WWTP & Sewer System,STOLL MATTHEW & LISA / SURV,0.0
39004370001,8a311350-922e-4177-bd89-8e28f00f00c4,0,20,Leesburg WWTP & Sewer System,SMITH JAMES S,0.0
39004564001,5aa1a976-5771-4fe4-af78-56568eada93d,1,1,Logan WWTP & Sewer System,CITY OF LOGAN,0.9999999999999999
39004564001,0f64a646-de1b-4896-8424-2bc430e82a9c,0,2,Logan WWTP & Sewer System,"CITY OF LOGAN, OHIO",0.9999999999999999
39004564001,b09953e5-fe0f-409d-bd85-86a28f148e29,0,3,Logan WWTP & Sewer System,CITY OF LOGAN,0.9999999999999999
39004564001,df471674-c833-4b0b-9401-1be5c43f584d,0,4,Logan WWTP & Sewer System,HOCKING CO. COMMISSIONERS,0.0
39004564001,fe8aba03-7a79-403f-a517-8d07a9038e50,0,5,Logan WWTP & Sewer System,CITY OF LOGAN,0.9999999999999999
39004564001,f6fbbfba-b24f-44de-833c-9755898074b9,0,6,Logan WWTP & Sewer System,"CITY OF LOGAN, OHIO",0.9999999999999999
39004564001,4dbfa421-0591-439e-9040-d2449cddb88d,0,7,Logan WWTP & Sewer System,HOCKING CO. COMMISSIONERS,0.0
39004564001,c7b3b45d-4d9e-4a0c-935c-71ca1c111978,0,8,Logan WWTP & Sewer System,CITY OF LOGAN,0.9999999999999999
39004564001,6c62dfd0-1f4a-4fab-ae25-9f2f2e66a774,0,9,Logan WWTP & Sewer System,CITY OF LOGAN,0.9999999999999999
39004564001,deaf4e2a-3dcb-42a2-a5c2-c1b37e10366e,0,10,Logan WWTP & Sewer System,"CITY OF LOGAN, OHIO",0.9999999999999999
39004564001,2f146551-b1b1-447e-8cc1-5701ac061313,0,11,Logan WWTP & Sewer System,CITY OF LOGAN (SEWAGE PLANT),0.9999999999999999
39004564001,2d5ec84f-ba01-4515-8bd4-9d94c46938f8,0,12,Logan WWTP & Sewer System,,
39004564001,4a2a95b0-521a-48c8-b083-f3395bcfcf75,0,13,Logan WWTP & Sewer System,,
39004564001,fc2dcea5-cd9b-4cbe-ad64-cc99373e6ac7,0,14,Logan WWTP & Sewer System,STATE OF OHIO (US HWY 33),0.0
39004564001,47a156df-7049-446f-b0be-b581b24bddc1,0,15,Logan WWTP & Sewer System,CITY OF LOGAN,0.9999999999999999
39004564001,e6e62d31-bda2-4a75-9107-af14bf9e6c03,0,16,Logan WWTP & Sewer System,CITY OF LOGAN,0.9999999999999999
39004564001,b76524f1-5b4d-40a3-bbd7-3494542c43b2,0,17,Logan WWTP & Sewer System,CITY OF LOGAN,0.9999999999999999
39004564001,f3488d03-e95b-4c04-8528-9e8d5b8447c7,0,18,Logan WWTP & Sewer System,CARBORUNDUM GRINDING WHEEL CO.,0.0
39004564001,d79b80f5-0cd2-4d35-94a2-9024007d1fb8,0,19,Logan WWTP & Sewer System,LOGAN-HOCKING SCHOOL DISTRICT,0.9999999999999999
39004564001,7088cb4e-0cbc-4a98-b6fe-08c79adef52b,0,20,Logan WWTP & Sewer System,CITY OF LOGAN,0.9999999999999999
39004595004,f5dd8592-d1e7-46a4-aacf-e46110f18ac5,0,1,Lorain Co Eaton Homes WWTP,EATON TOWNSHIP TRUSTEES,0.32122602877435275
39004595004,68856b0c-edcc-49be-a0c1-c914dd6a1a30,0,2,Lorain Co Eaton Homes WWTP,EATON TOWNSHIP,0.32122602877435275
39004595004,2585a405-7e37-48f5-950b-940b73c0f7b8,1,3,Lorain Co Eaton Homes WWTP,LORAIN COUNTY BOARD OF COMMISSIONERS,0.31474410271268227
39004595004,49009ee8-1565-4100-88f5-ca3d4d303179,0,4,Lorain Co Eaton Homes WWTP,EATON TOWNSHIP OF,0.32122602877435275
39004595004,e6b366e6-acf4-43eb-9d3c-8d09560d6ea1,0,5,Lorain Co Eaton Homes WWTP,STATE OF OHIO DEPARTMENT OF REHABILITATION AND CORRECTIONS,0.0
39004595004,2cab449e-aadd-4c80-8b22-a95f81133717,0,6,Lorain Co Eaton Homes WWTP,STATE OF OHIO,0.0
39004595004,feae0f0d-dacf-4310-8f86-24ae699dfd06,0,7,Lorain Co Eaton Homes WWTP,STATE OF OHIO,0.0
39004595004,c58e1212-af26-4b97-88ef-3d2661bc7aa6,0,8,Lorain Co Eaton Homes WWTP,DIOCESE OF CLEVELAND,0.0
39004595004,e30cb0e3-3304-4aa7-b798-e7ab1c3b7f02,0,9,Lorain Co Eaton Homes WWTP,BUCKEYE TERMINALS LLC,0.0
39004595004,cf0737ae-70db-4e1b-9f29-7867b709b030,0,10,Lorain Co Eaton Homes WWTP,GRAFTON VILLAGE OF,0.0
39004595004,2da58dcf-1722-4a33-935a-445bf837b5dc,0,11,Lorain Co Eaton Homes WWTP,KILPATRICK THOMAS J,0.0
39004595004,bd26f87c-c7ca-45f6-aaeb-36c3d5dc9862,0,12,Lorain Co Eaton Homes WWTP,CHRISTIAN COMMUNITY SCHOOL,0.0
39004595004,aea835fa-0f1a-4918-bcf3-fd1337a2842a,0,13,Lorain Co Eaton Homes WWTP,EATON TOWNSHIP TRUSTEES,0.32122602877435275
39004595004,6d1e2a85-45e5-4013-8901-af4a147a4337,0,14,Lorain Co Eaton Homes WWTP,GRAFTON VILLAGE OF,0.0
39004595004,6aebcbcc-a92e-4a83-9622-a7966cb9291a,0,15,Lorain Co Eaton Homes WWTP,GRAFTON VILLAGE OF,0.0
39004595004,7de912a0-1409-406c-bfe6-2454c85d3876,0,16,Lorain Co Eaton Homes WWTP,SUNRISE DEVELOPING LLC,0.0
39004595004,6fd0091a-50bd-4ca7-ae78-fcd6b0e1454a,0,17,Lorain Co Eaton Homes WWTP,KAMMS CORNER REALTY LIMITED PARTNERSHIP,0.0
39004595004,7bd66cb6-a2a9-44ae-a91b-b33182902c02,0,18,Lorain Co Eaton Homes WWTP,GRAFTON VILLAGE OF,0.0
39004595004,7bd5802f-dd91-4b5e-8139-b25f451345dc,0,19,Lorain Co Eaton Homes WWTP,JARONE COMPANY LLC,0.0
39004595004,af89afdd-ff76-4a48-b2ca-c6e86309e4fe,0,20,Lorain Co Eaton Homes WWTP,STATE OF OHIO,0.0
39004660001,c8641019-5612-4ce1-b634-573d76dd0487,1,1,Luckey WWTP & Sewer System,VILLAGE OF LUCKEY,1.0
39004660001,f8d15b01-4521-4fe9-bfe9-5ae800ace03f,0,2,Luckey WWTP & Sewer System,VILLAGE OF LUCKEY,1.0
39004660001,5b214095-ce32-4358-b664-6292f69e3758,0,3,Luckey WWTP & Sewer System,VILLAGE OF LUCKEY,1.0
39004660001,5ae6d9e9-fef8-4038-85e1-85e778055920,0,4,Luckey WWTP & Sewer System,VILLAGE OF LUCKEY,1.0
39004660001,a3b6d3cc-3077-4861-a9a7-ae6e31a6fde7,0,5,Luckey WWTP & Sewer System,TOWNSHIP OF TROY CEMETERY,0.0
39004660001,79c96bc3-9805-4d06-85c2-3b1b321a166e,0,6,Luckey WWTP & Sewer System,VILLAGE OF LUCKEY,1.0
39004660001,bd8e55bd-af5d-4956-a185-ebc488afa71e,0,7,Luckey WWTP & Sewer System,HAAS JAY A,0.0
39004660001,b45bb84f-e6a6-4006-926f-83cf7bf84a0d,0,8,Luckey WWTP & Sewer System,ST JOE FARM LLC,0.0
39004660001,7f806fcf-24c6-4b85-9c31-a22ea8fb66d5,0,9,Luckey WWTP & Sewer System,SIBBERSEN FARMS LLC,0.0
39004660001,d02d2b4f-775b-4785-b245-d1d46d2ca301,0,10,Luckey WWTP & Sewer System,SIMMONS WILLIAM L TRUSTEE,0.0
39004660001,acf97964-9f71-4f46-871d-c86bf2df05ae,0,11,Luckey WWTP & Sewer System,SIMPLICITY FARMS LLC,0.0
39004660001,29564aa4-2605-4daf-bcb9-124e787b275b,0,12,Luckey WWTP & Sewer System,LUCKEY VILLAGE OF,1.0
39004660001,a3d61ead-6568-48a8-ab2d-dd650cb6254a,0,13,Luckey WWTP & Sewer System,CAJKA FAMILY FARMS LLC,0.0
39004660001,2553086f-d9bc-4891-b893-804fea93fa0b,0,14,Luckey WWTP & Sewer System,LUCKEY VILLAGE OF,1.0
39004660001,3d188501-9a1d-4f13-9b71-f1f3aa5b2f6b,0,15,Luckey WWTP & Sewer System,INDUSTRIAL PROPERTIES RECOVERY LLC,0.0
39004660001,23694aa9-a9b0-495f-b0d0-de4468ff61d6,0,16,Luckey WWTP & Sewer System,SIBBERSEN FARMS LLC,0.0
39004660001,cb632bf7-3563-425f-a856-2b6e5e81ae15,0,17,Luckey WWTP & Sewer System,SWARTZ ALVIN J II,0.0
39004660001,a230b335-a152-492c-9b7b-30a08f94fe25,0,18,Luckey WWTP & Sewer System,SWARTZ ALVIN J II,0.0
39004660001,ef73b51c-4f4b-4920-88de-4d6d367dc838,0,19,Luckey WWTP & Sewer System,ST JOE FARM LLC,0.0
39004660001,1d63e835-f8b0-4ce3-b201-7b36c5ce0563,0,20,Luckey WWTP & Sewer System,WAIRSE RANDALL K,0.0
39004697001,c69ccae9-920d-4aba-9c96-4001ca5e0573,1,1,Lyons WWTP & Sewer System,VILLAGE OF LYONS,1.0
39004697001,db00fa4d-9a6d-40c0-804f-c488db49d10c,0,2,Lyons WWTP & Sewer System,VILLAGE OF LYONS,1.0
39004697001,e85e1d07-db0c-4acd-9093-a5bfef540bd4,0,3,Lyons WWTP & Sewer System,VILLAGE OF LYONS,1.0
39004697001,d55429ac-c454-4182-b6ab-e1b327c9f288,0,4,Lyons WWTP & Sewer System,ROYALTON TOWNSHIP,0.0
39004697001,cf039cd0-abf5-45ac-b03b-64e42a3bb919,0,5,Lyons WWTP & Sewer System,,
39004697001,ebce9738-539b-4d45-a108-5df0a1a17242,0,6,Lyons WWTP & Sewer System,ROYALTON TOWNSHIP,0.0
39004697001,0aed7642-d94c-473e-b99f-7ef93aeef25b,0,7,Lyons WWTP & Sewer System,STATE LINE REAL ESTATE LLC,0.0
39004697001,b959cbf2-a36c-4d2b-a76e-e64bd4cbb519,0,8,Lyons WWTP & Sewer System,STATE LINE REAL ESTATE LLC,0.0
39004697001,d27c11f3-4876-4ed6-a975-9840abab8e5b,0,9,Lyons WWTP & Sewer System,SECOND GENERATION FARMERS,0.0
39004697001,4626a311-e6b4-4b4b-94bb-3e93cc34b047,0,10,Lyons WWTP & Sewer System,SECOND GENERATION FARMERS,0.0
39004697001,29c4faa1-d22d-4530-afbc-762a3c8d7e1f,0,11,Lyons WWTP & Sewer System,VILLAGE OF LYONS,1.0
39004697001,61ed5243-82bc-48cc-960b-0d751c16efad,0,12,Lyons WWTP & Sewer System,SECOND GENERATION FARMERS,0.0
39004697001,404be090-e06c-44d7-8d1b-4dbfea4f4228,0,13,Lyons WWTP & Sewer System,O NEIL JOHN W,0.0
39004697001,211975db-44a7-4e1a-bf98-1097a135d24b,0,14,Lyons WWTP & Sewer System,SECOND GENERATION FARMERS,0.0
39004697001,ac79df70-3731-408a-8c60-77f47892b866,0,15,Lyons WWTP & Sewer System,VILLAGE OF LYONS,1.0
39004697001,6740acd5-7023-477f-8286-2aa545335e8d,0,16,Lyons WWTP & Sewer System,RUSSELL BETTY L,0.0
39004697001,38fbc4b5-0dad-4c0e-9ea8-af80773805f1,0,17,Lyons WWTP & Sewer System,SECOND GENERATION FARMERS,0.0
39004697001,9c351988-276e-4b67-a879-dd866b3fed2e,0,18,Lyons WWTP & Sewer System,STATE LINE REAL ESTATE LLC,0.0
39004697001,0687bd13-b0b2-40ab-86de-6b27457c4f03,0,19,Lyons WWTP & Sewer System,SUZANNE O NEIL FAMILY LP,0.0
39004697001,e55bfd66-81f0-477b-99bc-1dbdaf1357f5,0,20,Lyons WWTP & Sewer System,KUHN KATHERINE LINDEN,0.0
39004914001,f73cc14d-99da-489d-919f-c2956ece439f,1,1,Marion WWTP & Sewer System,MARION CITY OF,1.0
39004914001,dcb40593-dcdf-49fd-990e-6140b6fe6f19,0,2,Marion WWTP & Sewer System,MARION COUNTY PARK DISTRICT,1.0
39004914001,b4d59e1c-5e13-454b-b5a8-56e3888ee58c,0,3,Marion WWTP & Sewer System,OHIO AMERICAN WATER CO,0.0
39004914001,e1e5393b-24e9-4bee-8c0f-45c59c966f30,0,4,Marion WWTP & Sewer System,UNION TANK CAR CO,0.0
39004914001,70d3ec23-22da-4225-9dbf-bcd480172c49,0,5,Marion WWTP & Sewer System,MARION CITY OF (LANDFILL),1.0
39004914001,a71ad702-e729-42ac-bf1a-1ec2f1843173,0,6,Marion WWTP & Sewer System,MARION COUNTY PARK DISTRICT,1.0
39004914001,e2176701-ba43-4763-ae89-1c1a40e84910,0,7,Marion WWTP & Sewer System,MARION CITY OF,1.0
39004914001,9d52b477-f981-431a-bb8d-a110d85bfbd9,0,8,Marion WWTP & Sewer System,OHIO AMERICAN WATER CO,0.0
39004914001,0912b981-8c7a-455c-b10d-93a6104e7ffe,0,9,Marion WWTP & Sewer System,OHIO STATE DEPT OF NATURAL,0.0
39004914001,8ed73813-a9f8-4bdb-a0fa-79771106cd07,0,10,Marion WWTP & Sewer System,OHIO AMERICAN WATER CO,0.0
39004914001,08a651b3-9017-4435-98d2-8ce694def480,0,11,Marion WWTP & Sewer System,OHIO STATE DEPT OF NATURAL,0.0
39004914001,885c63a8-1f61-43a7-acbb-240301475372,0,12,Marion WWTP & Sewer System,BANKERS COMMERCIAL CORP,0.0
39004914001,c65b5716-87bd-47fd-9fc7-38d1ef2e874a,0,13,Marion WWTP & Sewer System,NEW YORK CENTRAL LINES LLC,0.0
39004914001,42c3aeec-33f4-469a-b2a1-ecba08222ca0,0,14,Marion WWTP & Sewer System,MARION CITY OF,1.0
39004914001,80c16538-b28e-46aa-82ec-e9f9dfa572af,0,15,Marion WWTP & Sewer System,MARION COUNTY PARK DISTRICT THE,1.0
39004914001,e0f08919-5fc1-4916-bb8b-557a20ef2201,0,16,Marion WWTP & Sewer System,MARION CITY OF,1.0
39004914001,a3d37107-ea05-4ddc-a30e-ccbe50af6b21,0,17,Marion WWTP & Sewer System,K-C LAND LLC,0.0
39004914001,3b575536-3d1f-4909-b0c1-3236b99ec674,0,18,Marion WWTP & Sewer System,OHIO STATE DEPT OF NATURAL,0.0
39004914001,39a26b77-e444-4eaa-9781-af38cb030dd7,0,19,Marion WWTP & Sewer System,OHIO AMERICAN WATER CO,0.0
39004914001,a1fc68d5-0d6c-4d44-bdcb-e5b3805bb282,0,20,Marion WWTP & Sewer System,OEE XXIII LAND LLC,0.0
39004984001,6634e9ea-70ac-4e82-8e4a-fe40eff26d09,1,1,Mason WWTP & Sewer System,"CITY OF MASON, OHIO",1.0
39004984001,e42b5276-205f-4558-9d83-2b4a5c446ea6,0,2,Mason WWTP & Sewer System,CITY OF MASON,1.0
39004984001,856550fe-b0a1-48e8-a66f-df4da89e54cc,0,3,Mason WWTP & Sewer System,"CITY OF MASON, OHIO",1.0
39004984001,c38a57c7-83fc-450e-a9d3-e6a90237229e,0,4,Mason WWTP & Sewer System,CITY OF MASON,1.0
39004984001,cbe1f942-f1f0-40b0-b1ef-ec20d14c9d4a,0,5,Mason WWTP & Sewer System,"CITY OF MASON, OHIO",1.0
39004984001,e6b750e9-1f9f-47bc-b23b-80ae77f021f2,0,6,Mason WWTP & Sewer System,CITY OF MASON,1.0
39004984001,1b3ad00f-e254-4e73-b570-75962377e8ae,0,7,Mason WWTP & Sewer System,"CITY OF MASON, OHIO",1.0
39004984001,78d3badd-acd4-44b8-938a-8f2f5fa2ed59,0,8,Mason WWTP & Sewer System,CITY OF LEBANON,0.0
39004984001,c60cc2ae-38f8-474c-bcf2-8b6f84197f7d,0,9,Mason WWTP & Sewer System,CITY OF MASON,1.0
39004984001,0d897c42-ab86-4157-a41b-d0a2bfe90f8d,0,10,Mason WWTP & Sewer System,DEERFIELD TOWNSHIP BD. OF,0.0
39004984001,1b7b7b0e-8da9-497c-8c29-0bfc1a511751,0,11,Mason WWTP & Sewer System,"CITY OF MASON, OHIO",1.0
39004984001,255a8d33-0f2d-43d5-9c4e-72430985528c,0,12,Mason WWTP & Sewer System,CITY OF MASON,1.0
39004984001,7b33b884-adc6-4073-b424-db3a26f8c3b7,0,13,Mason WWTP & Sewer System,"CITY OF MASON, OHIO",1.0
39004984001,70449348-dd64-4d0f-8d13-bab505a68380,0,14,Mason WWTP & Sewer System,"CITY OF MASON, OHIO",1.0
39004984001,a2588530-256a-41f7-9500-4b62ef4caf8a,0,15,Mason WWTP & Sewer System,CITY OF MASON,1.0
39004984001,ae2dfb83-5f35-4034-88dc-a65661a5fa1b,0,16,Mason WWTP & Sewer System,CITY OF MASON,1.0
39004984001,00bd59de-9d79-410f-834f-94e95773e656,0,17,Mason WWTP & Sewer System,"PIONEER CLADDING &; GLAZING SYSTEMS, INC.",0.0
39004984001,3bfafe71-c5ab-4a01-a369-426230279c97,0,18,Mason WWTP & Sewer System,ICP STATE ROUTE 42 MASON; LLC,1.0
39004984001,86c7019c-0014-400a-8c4a-a1b0fb040b2b,0,19,Mason WWTP & Sewer System,CITY OF MASON,1.0
39004984001,0738a05b-d9a0-4c42-8ec9-d2ce123b11e6,0,20,Mason WWTP & Sewer System,ICP STATE ROUTE 42 MASON; LLC,1.0
39005033001,f1a63a4d-7a24-40fc-af2b-514af95353b3,1,1,Mechanicsburg WWTP & Sewer System,VILLAGE OF MECHANICSBURG,1.0
39005033001,745d5f64-3f33-4b84-8764-1a2cd73f45e7,0,2,Mechanicsburg WWTP & Sewer System,MECHANICSBURG EX VILL SCHOOL DIST,1.0
39005033001,42cc3855-8c27-4a45-b930-412f6dbdfd70,0,3,Mechanicsburg WWTP & Sewer System,MECHANICSBURG EX VILL SCHOOL DIST,1.0
39005033001,5774b9d4-624b-4f80-b7eb-0dadcf5e82e4,0,4,Mechanicsburg WWTP & Sewer System,GOSHEN TOWNSHIP MEMORIAL PARK,0.0
39005033001,277117fb-4cc8-44c5-a76b-135020002f2a,0,5,Mechanicsburg WWTP & Sewer System,JOHN R MAYBERRY TRUSTEE,0.0
39005033001,52956b6a-6ef1-49a7-9cc4-90430059ff12,0,6,Mechanicsburg WWTP & Sewer System,SHANA OLIVER,0.0
39005033001,3879c02b-31f7-4125-9488-bc6975d94963,0,7,Mechanicsburg WWTP & Sewer System,WOODLAND FARMS INC,0.0
39005033001,c9dea7ca-b596-4633-a522-1aa8a30b454d,0,8,Mechanicsburg WWTP & Sewer System,,
39005033001,21f41220-da3c-4a58-ae99-9d1a1dc2b683,0,9,Mechanicsburg WWTP & Sewer System,TRI COUNTY CORRECTIONS COMMISSION,0.0
39005033001,fea44eab-06a6-423e-9f3c-d66d1d05c160,0,10,Mechanicsburg WWTP & Sewer System,WOODLAND FARMS INC,0.0
39005033001,713bb278-74c5-428f-b58e-f94aa65a02c0,0,11,Mechanicsburg WWTP & Sewer System,COUNTRYSKIES LLC,0.0
39005033001,2e3f91fc-d006-4e7d-98fb-f6cac78512b3,0,12,Mechanicsburg WWTP & Sewer System,WINNER JOHN B,0.0
39005033001,95e083f0-eb9e-4843-9a77-77eeba37f4c3,0,13,Mechanicsburg WWTP & Sewer System,WOODLAND FARMS INC,0.0
39005033001,200dc58a-e143-46bf-9003-4f7739b2578d,0,14,Mechanicsburg WWTP & Sewer System,,
39005033001,ded6b2ca-da5d-44eb-89a7-b54c4eb512ba,0,15,Mechanicsburg WWTP & Sewer System,WELCHLAND LLC,0.0
39005033001,d92ec625-05f6-4eac-bb27-d699045b1726,0,16,Mechanicsburg WWTP & Sewer System,WELCHLAND LLC,0.0
39005033001,01a1b137-398a-48dd-9288-dcd0c065d670,0,17,Mechanicsburg WWTP & Sewer System,WINNER JOHN B,0.0
39005033001,219a00df-b8a0-49af-ab0e-07459e204b6c,0,18,Mechanicsburg WWTP & Sewer System,WELCHLAND LLC,0.0
39005033001,3e6bb5fe-427a-480c-8b40-f57d978a1613,0,19,Mechanicsburg WWTP & Sewer System,MECHANICSBURG VILLAGE LTD,1.0
39005033001,19906182-1208-4661-9821-a8f9b9002f19,0,20,Mechanicsburg WWTP & Sewer System,VILLAGE OF MECHANICSBURG,1.0
39005853001,89142bee-e7d4-49dc-8da2-e5f3b1376cd6,0,1,Butler Co New Miami WWTP,NEW MIAMI VILLAGE LOCAL SD,0.49713786474556426
39005853001,5f9eaf1d-5945-4197-87bb-97ec535522c8,1,2,Butler Co New Miami WWTP,BOARD OF COMMISSIONERS OF BUTLER COUNTY OHIO,0.5028621352544357
39005853001,9b6e3b6a-61f7-46f8-82c1-a9834a3973ad,0,3,Butler Co New Miami WWTP,MIAMI CONSERVANCY DIST,0.49713786474556426
39005853001,7e64b51a-3cbf-469c-b690-5b37abb7dc4a,0,4,Butler Co New Miami WWTP,CITY OF HAMILTON,0.0
39005853001,e8975cf8-c166-455f-a65e-296017f4d1c5,0,5,Butler Co New Miami WWTP,VILLAGE OF NEW MIAMI,0.49713786474556426
39005853001,9e842f03-1b4f-4892-a143-fed80d67657e,0,6,Butler Co New Miami WWTP,VILLAGE OF NEW MIAMI OHIO,0.49713786474556426
39005853001,f6d3ebcd-452f-415f-b664-7ec382f2e3bc,0,7,Butler Co New Miami WWTP,CITY OF HAMILTON,0.0
39005853001,72aed95f-b4cb-4e2e-998f-b2c3ae76b0ec,0,8,Butler Co New Miami WWTP,VILLAGE OF NEW MIAMI OHIO,0.49713786474556426
39005853001,3448dbf3-dcad-4d49-971d-0f007efc3bc6,0,9,Butler Co New Miami WWTP,MIAMI CONSERVANCY DIST,0.49713786474556426
39005853001,7b2a9559-9d5e-4fd1-b063-7d657c6f56ca,0,10,Butler Co New Miami WWTP,VILLAGE OF NEW MIAMI OHIO,0.49713786474556426
39005853001,05b71d92-2a66-450f-9346-7c3e9ca0ea4a,0,11,Butler Co New Miami WWTP,MIAMI CONSERVANCY DIST,0.49713786474556426
39005853001,4b34d733-be70-4725-8a35-274281f870b8,0,12,Butler Co New Miami WWTP,VILLAGE OF NEW MIAMI,0.49713786474556426
39005853001,e47e92b9-9f87-4a02-8651-3502729b2ba3,0,13,Butler Co New Miami WWTP,MIAMI CONSERVANCY DIST,0.49713786474556426
39005853001,12ae9671-caaa-4bd6-9588-c2a9380b2486,0,14,Butler Co New Miami WWTP,VILLAGE OF NEW MIAMI,0.49713786474556426
39005853001,3266f8e6-fd48-4340-b152-6c3378a55cb7,0,15,Butler Co New Miami WWTP,BOARD OF EDUCATION OF THE CITY OF HAMILTON SCHOOL DISTRICT,0.0
39005853001,4971983c-7993-48d4-8ce6-60b634316ef4,0,16,Butler Co New Miami WWTP,CITY OF HAMILTON,0.0
39005853001,2a0d00b1-3bb9-4e52-943f-a7c1d1d126b9,0,17,Butler Co New Miami WWTP,MIAMI CONSERVANCY DISTRICT,0.49713786474556426
39005853001,d4af0d8d-ab7d-41ce-ac79-328f7b0a37e5,0,18,Butler Co New Miami WWTP,SCHWEITZER CONSTRUCTION CO,0.0
39005853001,c466ef39-3166-49bc-b9e0-e2e9996e62eb,0,19,Butler Co New Miami WWTP,HAMILTON CITY SCHOOL DISTRICT,0.0
39005853001,beeda8e7-1907-4ca7-a676-67324117775e,0,20,Butler Co New Miami WWTP,SCHWEITZER CONSTRUCTION CO,0.0
39005901001,004cc9a5-6c81-4fed-8836-ad3c7cea1a90,0,1,New Richmond WWTP & Sewer System,VILLAGE OF NEW RICHMOND,1.0
39005901001,ed7e16e6-1b49-45eb-820c-4e47567541ef,0,2,New Richmond WWTP & Sewer System,VILLAGE OF NEW RICHMOND,1.0
39005901001,ac12c298-7c6d-4f66-ad9a-61f5e3f5f925,0,3,New Richmond WWTP & Sewer System,,
39005901001,ff2e423d-2823-4885-a9c5-b1bf4113d1fd,1,4,New Richmond WWTP & Sewer System,VILLAGE OF NEW RICHMOND,1.0
39005901001,045f14b6-0529-4371-9480-0b2cc71e5703,0,5,New Richmond WWTP & Sewer System,SCHOOL NEW RICHMOND,1.0
39005901001,2e985215-7c5b-412c-bda8-b066bdc971d7,0,6,New Richmond WWTP & Sewer System,NEW RICHMOND DISTILLERIES,1.0
39005901001,de04de4f-dc7e-4b6a-a008-8a388ab91e1c,0,7,New Richmond WWTP & Sewer System,VILLAGE OF NEW RICHMOND,1.0
39005901001,11e0e7ed-b972-480f-a46c-4b8fabde01e1,0,8,New Richmond WWTP & Sewer System,VILLAGE OF NEW RICHMOND,1.0
39005901001,d1d94b89-27cd-49aa-94b9-cc90029e60b2,0,9,New Richmond WWTP & Sewer System,BOARD OF EDUCATION OF NEW,0.0
39005901001,f157722c-de30-48b6-8546-715959775b60,0,10,New Richmond WWTP & Sewer System,LITTLE INDIAN BOAT CLUB,0.0
39005901001,2fd036d0-cec1-482d-8e02-39b022d213ec,0,11,New Richmond WWTP & Sewer System,VILLAGE OF NEW RICHMOND,1.0
39005901001,36ab061a-7761-495a-aa31-bd31cf4dadeb,0,12,New Richmond WWTP & Sewer System,TIMBERWIND NEW RICHMOND LLC,1.0
39005901001,09ac5c9e-e764-45e6-9c8a-a30e68c02aca,0,13,New Richmond WWTP & Sewer System,STATE OF OHIO,0.0
39005901001,746aad43-e9b2-478a-82d4-0d41bee07633,0,14,New Richmond WWTP & Sewer System,VILLAGE OF NEW RICHMOND,1.0
39005901001,e95a0d4a-ec2e-42f3-8495-0e515b10e8c5,0,15,New Richmond WWTP & Sewer System,TATE MONROE WATER ASSOCIATION INC,0.0
39005901001,58809af5-be38-4d8b-ba80-2980aab8fdde,0,16,New Richmond WWTP & Sewer System,SA RIVER INVESTMENTS LLC,0.0
39005901001,9e5b035c-821d-43fe-aadb-8adb7db511c5,0,17,New Richmond WWTP & Sewer System,HOH SAMUEL G & KATHERINE G,0.0
39005901001,cc63393e-421b-4b20-a582-31c1e2b609d5,0,18,New Richmond WWTP & Sewer System,SA RIVER INVESTMENTS LLC,0.0
39005901001,05412d4f-9994-4fd1-8bb8-1eb2d7d35d0f,0,19,New Richmond WWTP & Sewer System,TATE MONROE WATER ASSOCIATION INC,0.0
39005901001,ad7e7e5d-ba20-41a8-a727-01246fa01cf6,0,20,New Richmond WWTP & Sewer System,CHURCH NEW RICHMOND,1.0
39005936001,39ea9f32-5fc8-4769-ad88-3ddbebdb0327,1,1,New Straitsville WWTP & Sewers,VILLAGE OF NEW STRAITSVILLE,1.0
39005936001,58b8409e-f862-4c2d-a445-08378ec47742,0,2,New Straitsville WWTP & Sewers,,
39005936001,3e60be4b-dc44-4da6-b9b1-f06696371ebe,0,3,New Straitsville WWTP & Sewers,,
39005936001,781fb723-1a40-4969-9cac-1b71158a9679,0,4,New Straitsville WWTP & Sewers,,
39005936001,04d8c2ad-7534-4cfa-b597-194164436de2,0,5,New Straitsville WWTP & Sewers,,
39005936001,1168d572-756c-42a1-990f-4d8f131777aa,0,6,New Straitsville WWTP & Sewers,UNITED STATES OF AMERICA,0.0
39005936001,3df8a56f-21d9-46a4-aeec-952f5551ab85,0,7,New Straitsville WWTP & Sewers,NEW STRAITSVILLE HISTORY GROUP,1.0
39005936001,38684f6d-6eef-4096-8b7b-bd548c02f248,0,8,New Straitsville WWTP & Sewers,GEIL CHAD & JAMIE R (H&W WROS),0.0
39005936001,2409fa9e-8527-4810-9046-4a7ee4c65343,0,9,New Straitsville WWTP & Sewers,BEGLEY ROBERTA,0.0
39005936001,7806d252-f380-4246-a05d-0d4b5a7ce431,0,10,New Straitsville WWTP & Sewers,,
39005936001,a4fd8cd1-50bb-47b2-a493-4fce82cc37d3,0,11,New Straitsville WWTP & Sewers,,
39005936001,ff19cac0-cdb5-4ba6-bf41-ef2e1511b70e,0,12,New Straitsville WWTP & Sewers,BETHEL JOHN,0.0
39005936001,7916b8c7-e035-48d9-aa24-4d52b5b6cf95,0,13,New Straitsville WWTP & Sewers,,
39005936001,e4a07342-354a-4ddb-a274-56443f53c4ae,0,14,New Straitsville WWTP & Sewers,,
39005936001,b65f1c06-fc69-4640-8685-9504593019e5,0,15,New Straitsville WWTP & Sewers,,
39005936001,8afb642c-c7ee-487d-b2bd-bb6bafc16685,0,16,New Straitsville WWTP & Sewers,RIDDLEBARGER LUCINDA J,0.0
39005936001,db843271-a68a-4535-b50b-b560b1b2d1c1,0,17,New Straitsville WWTP & Sewers,INVEST IN HOMES LLC,0.0
39005936001,66b846b8-4c8a-4584-b9f4-bffa1aa338cf,0,18,New Straitsville WWTP & Sewers,NEW STRAITSVILLE ENTERPRISES LLC,1.0
39005936001,64cc9037-43a9-4d5e-8f89-98b90e25a12e,0,19,New Straitsville WWTP & Sewers,KNASEL-CHANDLER CHRIS RIDDLE JOSEPH,0.0
39005936001,b8355b1a-378f-44e9-b794-4ed114f56c92,0,20,New Straitsville WWTP & Sewers,STIMMEL JAMES E & SHARON A H&W WROS,0.0
39006391001,ab0d6349-94b1-46fc-b1d4-bf79fdf2f547,1,1,Oxford WWTP & Sewer System,VILLAGE OF OXFORD,0.9999999999999999
39006391001,4820e7b0-aa31-470e-8cf3-8891db3037f1,0,2,Oxford WWTP & Sewer System,STATE OF OHIO FOR TR MIAMI U,0.0
39006391001,65dd5788-0482-4a94-b6c1-e5c166fe96bf,0,3,Oxford WWTP & Sewer System,CITY OF OXFORD,0.9999999999999999
39006391001,70de666a-61ff-4ca9-92f6-ce571f71dd7f,0,4,Oxford WWTP & Sewer System,VILLAGE OF OXFORD,0.9999999999999999
39006391001,2e92a270-7d4a-4c2c-9bd6-aae41a609f00,0,5,Oxford WWTP & Sewer System,STATE OF OHIO FOR THE USE OF PRES & TR OF MIAMI UNIV,0.0
39006391001,b2ad18b3-7cfc-4542-8b17-f8acfaaf089d,0,6,Oxford WWTP & Sewer System,VILLAGE OF OXFORD,0.9999999999999999
39006391001,350e8a64-bac1-4a6d-8bf2-d5e216654150,0,7,Oxford WWTP & Sewer System,STATE OF OHIO FOR PRES & TRS OF MIAMI UN,0.0
39006391001,6d37c94a-36c1-4c1f-9a70-f93ea6ff5344,0,8,Oxford WWTP & Sewer System,VILLAGE OF OXFORD,0.9999999999999999
39006391001,67b06b13-1302-4f10-9e86-f93a41885143,0,9,Oxford WWTP & Sewer System,STATE OF OHIO FOR TRS MIAMI U,0.0
39006391001,1a7ca3d0-6722-41f9-9499-5fda3ed8c03d,0,10,Oxford WWTP & Sewer System,PRES & TRS OF MIAMI U & STATE OF OHIO,0.0
39006391001,3b6c0ec0-411d-4cad-9ddb-f36e6bf7bcc4,0,11,Oxford WWTP & Sewer System,VILLAGE OF OXFORD,0.9999999999999999
39006391001,f2f9201f-2abe-43d7-8670-d9e458c19e78,0,12,Oxford WWTP & Sewer System,STATE OF OHIO FOR TR MIAMI U,0.0
39006391001,9bf0b262-45aa-498d-8201-10d4714d5ee8,0,13,Oxford WWTP & Sewer System,BD OF EDUCATION OF THE TALAWANDA CITY SD,0.0
39006391001,1210a5bd-eea6-4dd1-8a37-dead3b6c24fd,0,14,Oxford WWTP & Sewer System,CITY OF OXFORD,0.9999999999999999
39006391001,afe5b0c8-f30d-4178-ab1c-9c29cf073a01,0,15,Oxford WWTP & Sewer System,STATE OF OHIO THE PRES & TRUSTEES OF MIAMI UNIV,0.0
39006391001,1730840b-f05e-43af-ab4a-61c9482716de,0,16,Oxford WWTP & Sewer System,STATE OF OHIO FOR TRS OF MIAMI UNIVERSITY THE,0.0
39006391001,c83fb24c-3877-400b-a110-bd226857130e,0,17,Oxford WWTP & Sewer System,STATE OF OHIO FOR TRS MIAMI U,0.0
39006391001,7576e055-4d57-435f-972e-aab71546bead,0,18,Oxford WWTP & Sewer System,PRESIDENT & TRUSTEES OF MIAMI UNIVERSITY OXFORD OHIO,0.9999999999999999
39006391001,e424c876-1f20-443e-a18a-2580d5fa61f9,0,19,Oxford WWTP & Sewer System,VILLAGE OF OXFORD,0.9999999999999999
39006391001,1f97b52c-6c27-4e00-a1c7-9f2a0dd8694d,0,20,Oxford WWTP & Sewer System,VILLAGE OF OXFORD,0.9999999999999999
39006433001,b4bea5f4-e5b1-4660-bf7e-743ddf03fde6,1,1,Pataskala WWTP & Sewer System,VILLAGE OF PATASKALA,1.0
39006433001,d373e205-7c0c-46d9-a539-2fe2767e996c,0,2,Pataskala WWTP & Sewer System,VILLAGE OF PATASKALA,1.0
39006433001,399b2b2c-0d1d-441a-b4bd-7ac8b3228895,0,3,Pataskala WWTP & Sewer System,VILLAGE OF PATASKALA,1.0
39006433001,2c613726-43bf-44c9-ac6c-2a62776002e7,0,4,Pataskala WWTP & Sewer System,VILLAGE OF PATASKALA,1.0
39006433001,562cea62-a32f-4e45-8697-8bc7eb79a9f9,0,5,Pataskala WWTP & Sewer System,CARRINGTON RIDGE ONE LLC,0.0
39006433001,1bd89756-3c8d-464c-89a1-3ad0371a3522,0,6,Pataskala WWTP & Sewer System,VILLAGE OF PATASKALA,1.0
39006433001,4a3a9249-f2de-40e1-8246-5fed75cea17c,0,7,Pataskala WWTP & Sewer System,CITY OF PATASKALA,1.0
39006433001,31d70608-ab9a-4e4c-8ead-22d0e3b0bd28,0,8,Pataskala WWTP & Sewer System,PATASKALA CEMETERY ASSOC,1.0
39006433001,6773c264-f94e-471e-b156-c4bea7cfd2e2,0,9,Pataskala WWTP & Sewer System,CEDARSTROHME LLC,0.0
39006433001,dcf600aa-8330-43da-bad9-a8dfc43b0040,0,10,Pataskala WWTP & Sewer System,PEEK BEATRICE L TRUSTEE,0.0
39006433001,d289765f-ec83-4892-a993-efbe746300f5,0,11,Pataskala WWTP & Sewer System,VICKNER MARY ANN TRUSTEE,0.0
39006433001,3b3fcee7-93db-4711-bb64-509c2efa3c53,0,12,Pataskala WWTP & Sewer System,SHAFFER JAMES P,0.0
39006433001,2172968d-f33a-49ef-86e8-9efdb7087519,0,13,Pataskala WWTP & Sewer System,VICKNER MARY ANN TRUSTEE,0.0
39006433001,7ebfa652-f884-43c0-ae9a-1a6ea95f58e9,0,14,Pataskala WWTP & Sewer System,PEEK BEATRICE L TRUSTEE,0.0
39006433001,760563d3-4e82-44ee-b1d7-ef71ee7a1da6,0,15,Pataskala WWTP & Sewer System,CEDARSTROHME LLC,0.0
39006433001,d8c811fa-1512-42aa-a11a-d0292af3bfe9,0,16,Pataskala WWTP & Sewer System,BEESON DAVID J,0.0
39006433001,26f67a3b-623e-4e4e-a12d-2dfd110d503a,0,17,Pataskala WWTP & Sewer System,VICKNER MARY ANN TRUSTEE,0.0
39006433001,0b0f0591-e414-4680-977b-c45cddda1576,0,18,Pataskala WWTP & Sewer System,SIEGRIST HOWARD J,0.0
39006433001,0bb459b0-2e9d-47a4-93b6-f645d37201db,0,19,Pataskala WWTP & Sewer System,,
39006433001,4381a837-596a-4909-9e4d-c5e5c566f948,0,20,Pataskala WWTP & Sewer System,CITY OF PATASKALA,1.0
39006496001,c7714297-5562-4dfc-b7c5-1477d3c4012d,1,1,Peebles WWTP & Sewer System,VILLAGE OF PEEBLES,1.0
39006496001,87c12085-7336-4747-b6a7-d8cd521e8800,0,2,Peebles WWTP & Sewer System,VILLAGE OF PEEBLES,1.0
39006496001,70640696-3222-4e91-92b9-59bc94fd6fee,0,3,Peebles WWTP & Sewer System,ADAMS COUNTY OHIO VALLEY SCHOOL DISTRICT,0.0
39006496001,f02e857c-7a88-422c-a4a1-bf5796c61541,0,4,Peebles WWTP & Sewer System,VILLAGE OF PEEBLES C/O VILLAGE CLERK,1.0
39006496001,91ce9bcc-4e4c-44b4-8e59-d6a796439d67,0,5,Peebles WWTP & Sewer System,VILLAGE OF PEEBLES,1.0
39006496001,8b7011ff-04c3-4fb6-b92e-0b6870526f8d,0,6,Peebles WWTP & Sewer System,WODA ADAMS COUNTY HOUSING LLC,0.0
39006496001,ae4a2559-0352-4b82-9eb0-da9a2cea66f5,0,7,Peebles WWTP & Sewer System,MCCOY JACK &/OR ROXANNA,0.0
39006496001,7353a4f6-b6b0-4e7f-86db-e870941e2a7e,0,8,Peebles WWTP & Sewer System,PEEBLES DEVELOPMENT PROJECT LLC,1.0
39006496001,75a67cc6-320e-40a4-9c9f-07be52be1b4a,0,9,Peebles WWTP & Sewer System,PEEBLES YOUTH ORGANIZATION INC,1.0
39006496001,034f9c41-c71d-4728-a285-75bc2f107e16,0,10,Peebles WWTP & Sewer System,PEEBLES INDUSTRIES INC % MARK RYAN,1.0
39006496001,deacfc70-fa73-40db-acf4-206d90add92a,0,11,Peebles WWTP & Sewer System,KNAUFF MAURICE J &/OR NANCY L,0.0
39006496001,4b84cc25-32bd-4ad8-ba63-bce444d15cc5,0,12,Peebles WWTP & Sewer System,KNAUFF ARLYN A &/OR BARBARA J,0.0
39006496001,3c595674-0a8e-4531-afe4-79e16174f7fd,0,13,Peebles WWTP & Sewer System,ADAMS METROPOLITAN HOUSING AUTHORITY,0.0
39006496001,5494a311-df69-4ec0-ae6f-a55ddd770664,0,14,Peebles WWTP & Sewer System,MCCOY JACK &/OR ROXANNA,0.0
39006496001,a4bb19ca-8335-4c20-af85-7bd855a262ab,0,15,Peebles WWTP & Sewer System,GROOMS TIMOTHY W &/OR SHANA R,0.0
39006496001,392f0b45-db63-403a-922f-962fcc07c1a9,0,16,Peebles WWTP & Sewer System,STATE OF OHIO (ODOT),0.0
39006496001,c4192500-c6c0-4960-a892-4c60a43938ec,0,17,Peebles WWTP & Sewer System,SEAMAN MARK R,0.0
39006496001,205de587-d4fe-485b-b524-5a227b58509f,0,18,Peebles WWTP & Sewer System,PIERCE THOMAS O &/OR BONITA L,0.0
39006496001,796c0423-b958-4d89-a63a-15984a46042c,0,19,Peebles WWTP & Sewer System,KNAUFF ARLYN A &/OR BARBARA J,0.0
39006496001,7d51d0ae-22e7-4117-82dc-f3b16d54ce9f,0,20,Peebles WWTP & Sewer System,ADAMS METROPOLITAN HOUSING AUTHORITY,0.0
39006510001,2d70432f-55b7-4db7-bfbe-cd8f93d315b1,1,1,Pemberville WWTP & Sewer System,PEMBERVILLE VILLAGE OF,1.0
39006510001,d743a836-c683-4aab-980e-1e01b7aec609,0,2,Pemberville WWTP & Sewer System,VILLAGE OF PEMBERVILLE,1.0
39006510001,7c953bdb-42f9-414c-9a44-64b8fdf587df,0,3,Pemberville WWTP & Sewer System,FREEDOM TOWNSHIP BOARD OF TRUSTEES,0.0
39006510001,5324be3f-6345-4179-a9cf-143226ee29e7,0,4,Pemberville WWTP & Sewer System,PEMBERVILLE VILLAGE OF,1.0
39006510001,0b15bb0d-e8ee-4a95-af0d-09c422777fef,0,5,Pemberville WWTP & Sewer System,PEMBERVILLE VILLAGE OF,1.0
39006510001,48546f7f-260c-4e81-add8-e3fb56b97c8e,0,6,Pemberville WWTP & Sewer System,HIRZEL CANNING CO,0.0
39006510001,6c9513f8-9fa2-47e2-ac55-5f5a468157df,0,7,Pemberville WWTP & Sewer System,WOOD COUNTY PARK COMMISSION,0.0
39006510001,040cd243-d54c-4e0d-820b-68e673ffc99b,0,8,Pemberville WWTP & Sewer System,HIRZEL CANNING CO,0.0
39006510001,8c429fa9-b011-4094-b3ad-f934f29d61be,0,9,Pemberville WWTP & Sewer System,PEMBERVILLE VILLAGE OF,1.0
39006510001,58d259ec-ba8d-40c1-93fc-fee229251f16,0,10,Pemberville WWTP & Sewer System,HIRZEL CANNING CO,0.0
39006510001,c7b78430-7b99-4bf5-8d30-538fb77fcbdd,0,11,Pemberville WWTP & Sewer System,HIRZEL CANNING CO,0.0
39006510001,293f7a3b-870c-4e95-a362-ffd8ed39bf2c,0,12,Pemberville WWTP & Sewer System,VILLAGE OF PEMBERVILLE,1.0
39006510001,8c3dbaf2-89c3-4a50-ae0f-4579eb5b1efc,0,13,Pemberville WWTP & Sewer System,LEE GYPSY R,0.0
39006510001,06b28a16-d4e4-4003-9382-4b8d63dbf011,0,14,Pemberville WWTP & Sewer System,VILLAGE OF PEMBERVILLE OHIO,1.0
39006510001,e88cb2b8-0320-4e6d-8789-c7d54b5cfd57,0,15,Pemberville WWTP & Sewer System,AMERICAN LEGION FREEDOM POST #183,0.0
39006510001,fcc5b128-8db4-4107-b976-997a048e4d50,0,16,Pemberville WWTP & Sewer System,,
39006510001,276d3c40-2199-4cde-9730-dabe87ba6a3f,0,17,Pemberville WWTP & Sewer System,MCCARTY MARSHALL B & MCCARTY BRENDA L TRUSTEES & BUCKINGHAM JENNIFER L TRUSTEE,0.0
39006510001,1f64f0cc-4c62-400c-8d4c-e1c84b3f34bf,0,18,Pemberville WWTP & Sewer System,,
39006510001,10e78a2f-5634-42c2-852e-79e9bdab87fe,0,19,Pemberville WWTP & Sewer System,COUNTYLINE CO-OP INC,0.0
39006510001,07e0b00c-ae4e-4e0a-820e-e94923df63d1,0,20,Pemberville WWTP & Sewer System,WOOD COUNTY PARK DISTRICT,0.0
39006553002,853add3f-af54-4277-9268-1c57a51ac976,0,1,Perry Co Moore's Junction Area,"THE CITY OF NEW LEXINGTON, OHIO A POLITICAL SUBDIVISION",0.0
39006553002,5070c909-e757-485e-8b86-2cef8af475d8,0,2,Perry Co Moore's Junction Area,VILLAGE OF NEW LEX,0.0
39006553002,99e0a031-d6cf-48ea-8a14-c40556f71bd8,0,3,Perry Co Moore's Junction Area,VILLAGE OF NEW LEX,0.0
39006553002,f33a8350-b806-42ca-a948-f2173dcf90e3,0,4,Perry Co Moore's Junction Area,NEW LEXINGTON BOARD OF ED,0.0
39006553002,8b6244e5-bad8-47fa-8893-60594dc6996a,0,5,Perry Co Moore's Junction Area,VILLAGE OF NEW LEXINGTON,0.0
39006553002,201baa5e-3f18-46c5-94f2-e585ba67fab5,0,6,Perry Co Moore's Junction Area,CONRAD GEORGE R & SAUNDRA L (H&W WROS),0.0
39006553002,6ddbf430-ccf8-44ce-bfd6-928f79763c00,0,7,Perry Co Moore's Junction Area,BOARD OF PERRY COUNTY COMMISSIONERS,0.2568249470544317
39006553002,13df47f9-de9a-4b57-8e90-e9c10cc30fbd,0,8,Perry Co Moore's Junction Area,VILLAGE OF NEW LEX,0.0
39006553002,6ecca15e-c821-43bb-ad60-6eaacf352b9e,0,9,Perry Co Moore's Junction Area,NEW LEX BAPTIST CHURCH,0.0
39006553002,9f8643e2-ba68-489e-91a7-6bf3c1cefa14,0,10,Perry Co Moore's Junction Area,THE VILLAGE OF NEW LEXINGTON,0.0
39006553002,9e2f935c-0c8e-45ab-8aed-168eb0c9ee9f,0,11,Perry Co Moore's Junction Area,NEW LEXINGTON SCHOOL DISTRICT BOARD OF EDUCATION,0.0
39006553002,fcec0426-2d4a-4e20-a549-45de54f74d8c,0,12,Perry Co Moore's Junction Area,BOARD OF PERRY COUNTY COMMISSIONERS,0.2568249470544317
39006553002,5071391d-8c7d-4393-8a68-4f4f4d6f2e4c,0,13,Perry Co Moore's Junction Area,NEW LEXINGTON BOARD OF EDUCATI ON,0.0
39006553002,bf832c39-66ba-43f0-9400-4b19d7abe08d,0,14,Perry Co Moore's Junction Area,VILLAGE OF NEW LEX,0.0
39006553002,dcd07180-bd14-407a-bee6-76d3dab782a9,1,15,Perry Co Moore's Junction Area,VILLAGE OF NEW LEX,0.0
39006553002,48a6dc1a-31ba-4f82-a22d-7f11c0bd91d9,0,16,Perry Co Moore's Junction Area,BOARD OF PERRY COUNTY COMMISSIONERS,0.2568249470544317
39006553002,19e3b597-75e6-4bfe-8b2f-9e4537a3011f,0,17,Perry Co Moore's Junction Area,STENSON MOTORS,0.0
39006553002,f2fe09a5-8901-4ba4-985f-5855605ec24a,0,18,Perry Co Moore's Junction Area,BOARD OF PERRY COUNTY COMMISSIONERS,0.2568249470544317
39006553002,ca8ca7c0-e1f6-4985-a2b8-c86a9bf4565e,0,19,Perry Co Moore's Junction Area,NEW LEXINGTON OH HEALTH & REHAB REALTY LLC,0.0
39006553002,ff594f9e-356d-4378-b1ea-db155427a92f,0,20,Perry Co Moore's Junction Area,BOARD OF TRUSTEES OF THE PERRY CO DISTRICT LIBRARY,0.2568249470544317
39006635001,8a9f268e-716b-42a5-96f9-bded8a2c2668,1,1,Scippo Sewer District WWTP & Sewers,EARNHART HILL REGIONAL WATER & SEWER DISTRICT,0.0
39006635001,6808e125-62e8-45af-841a-38054b9f0881,0,2,Scippo Sewer District WWTP & Sewers,COUNTY PICKAWAY REGIONAL AIRPORT AUTHORITY ETAL,0.0
39006635001,2e2b4108-c298-42dd-baee-6e2ca4981e6f,0,3,Scippo Sewer District WWTP & Sewers,PICKAWAY CO AIRPORT AUTHORITY,0.0
39006635001,4f2d4de8-107b-4a4c-8405-67c1bdd4385d,0,4,Scippo Sewer District WWTP & Sewers,PICKAWAY COUNTY REGIONAL AIRPORT AUTHORITY,0.0
39006635001,472c277f-afd0-45f9-abb8-9ea45a8cd898,0,5,Scippo Sewer District WWTP & Sewers,APPALACHIA OHIO ALLIANCE,0.0
39006635001,ce93bf87-9fdc-4d03-8a13-b4b84ff3790f,0,6,Scippo Sewer District WWTP & Sewers,,
39006635001,e0b9bd70-70e3-44a3-8c56-91d447469d41,0,7,Scippo Sewer District WWTP & Sewers,APPALACHIA OHIO ALLIANCE,0.0
39006635001,67f14493-4675-4b93-a10a-1587c98ecc83,0,8,Scippo Sewer District WWTP & Sewers,PICKAWAY COUNTY REGIONAL AIRPORT AUTHORITY,0.0
39006635001,c19d398f-0821-41e9-9621-ac8f7a13da33,0,9,Scippo Sewer District WWTP & Sewers,PICKAWAY COUNTY REGIONAL AIRPORT AUTHORITY,0.0
39006635001,664ea504-cd46-449e-89a2-38d0b0c1aec3,0,10,Scippo Sewer District WWTP & Sewers,HILL FAMILY INVESTMENTS LLC,0.0
39006635001,b3077cce-fce7-41c7-8987-9327490a4b6b,0,11,Scippo Sewer District WWTP & Sewers,APPALACHIA OHIO ALLIANCE,0.0
39006635001,234c59c0-7462-4aae-9384-69f33d456751,0,12,Scippo Sewer District WWTP & Sewers,EARNHART HILL REGIONAL WATER & SEWER DISTRICT,0.0
39006635001,695461b6-0368-4329-bb8e-264cd7e1297e,0,13,Scippo Sewer District WWTP & Sewers,JJJ HOLDINGS LLC,0.0
39006635001,09a626c2-1f5d-4268-8bff-30a7137d61ab,0,14,Scippo Sewer District WWTP & Sewers,"HARP, ROBERT THOMAS & MARY R",0.0
39006635001,7dcc6d9d-21b4-4fae-a264-b6328d38602d,0,15,Scippo Sewer District WWTP & Sewers,PICKAWAY COUNTY REGIONAL AIRPORT AUTHORITY,0.0
39006635001,7303b44b-eb2c-4931-95cb-f0bb750fd66b,0,16,Scippo Sewer District WWTP & Sewers,APPALACHIA OHIO ALLIANCE,0.0
39006635001,d3c1ff3d-c2c1-4973-9975-d27860b89590,0,17,Scippo Sewer District WWTP & Sewers,SMITH CHRISTINE E,0.0
39006635001,3ca036d3-6653-40dc-8aa0-28ace67b9400,0,18,Scippo Sewer District WWTP & Sewers,SMITH CHRISTINE E,0.0
39006635001,760a59b9-320f-41e4-b6ff-d6cac2bf5ce0,0,19,Scippo Sewer District WWTP & Sewers,PICKAWAY COUNTY HISTORICAL SOCIETY,0.0
39006635001,0c37262c-02d6-47dd-8c4c-eed23cabe71e,0,20,Scippo Sewer District WWTP & Sewers,GORE DANIEL JACKSON & JANICE W,0.0
39006734001,84cf9720-1eac-4be3-8dc1-83f46ee502e7,0,1,Plymouth WWTP & Sewer System,PLYMOUTH VILLAGE OF,1.0
39006734001,ba139395-98fa-4028-a8d1-3ef3dfa2016b,1,2,Plymouth WWTP & Sewer System,PLYMOUTH VILLAGE OF,1.0
39006734001,36a10398-e1bf-4102-b991-7b4be8c2a57a,0,3,Plymouth WWTP & Sewer System,VILLAGE OF PLYMOUTH OHIO,1.0
39006734001,8992c137-cbee-486e-b16f-b863c602a48e,0,4,Plymouth WWTP & Sewer System,PLYMOUTH LOCAL BOARD OF EDUCATION,1.0
39006734001,12e67667-3421-4fa4-b2c3-69414ccfc5a3,0,5,Plymouth WWTP & Sewer System,THE VILLAGE OF PLYMOUTH,1.0
39006734001,66c37ab2-1041-44d1-8240-26c4abe81b3f,0,6,Plymouth WWTP & Sewer System,BOARD OF EDUCATION OF PLYMOUTH,1.0
39006734001,5e9ee53d-9e2a-4788-9e8f-717207dbca97,0,7,Plymouth WWTP & Sewer System,PLYMOUTH BOARD OF EDUCATION,1.0
39006734001,522113d1-8315-4667-abc6-935269862dce,0,8,Plymouth WWTP & Sewer System,PLYMOUTH VILLAGE OF,1.0
39006734001,a0b2c77c-9d33-4925-9349-3e06fc5778f6,0,9,Plymouth WWTP & Sewer System,BURKHOLDER AMMON & JULIA CO TRUSTEES,0.0
39006734001,9765e9de-c03b-4dff-82b0-059b00107ac5,0,10,Plymouth WWTP & Sewer System,BURKHOLDER AMMON & JULIA CO TRUSTEES,0.0
39006734001,f32efeff-561e-46eb-9600-bd914f442d24,0,11,Plymouth WWTP & Sewer System,BURKHOLDER AMMON & JULIA CO TRUSTEES,0.0
39006734001,1f744cf6-b4ad-41cb-8a18-883a4691c457,0,12,Plymouth WWTP & Sewer System,BOARD OF EDUCATION OF PLYMOUTH,1.0
39006734001,1e94253f-bc90-4462-b526-75862dd4eab7,0,13,Plymouth WWTP & Sewer System,PLYMOUTH MIDGET & LEAGUE,1.0
39006734001,224bf934-75f8-4358-9376-35f5aea10d2a,0,14,Plymouth WWTP & Sewer System,TANNER MARVIN B & ROSEMARY,0.0
39006734001,788da698-655d-42a3-99c0-05085964293b,0,15,Plymouth WWTP & Sewer System,TANNER MARVIN & ROSEMARY,0.0
39006734001,0e332238-e87c-488a-a606-0ca83b52e940,0,16,Plymouth WWTP & Sewer System,TANNER MARVIN & ROSEMARY,0.0
39006734001,6a9a68e9-cc82-448b-a44e-390df0490a89,0,17,Plymouth WWTP & Sewer System,PLYMOUTH VILLAGE OF,1.0
39006734001,b70b2e24-2633-4cd9-b96a-4698074ed28f,0,18,Plymouth WWTP & Sewer System,FRY ANDREW M TRUSTEE,0.0
39006734001,c7126498-e09c-493f-88a8-b69e5c05b29e,0,19,Plymouth WWTP & Sewer System,PLYMOUTH VILLAGE OF INC,1.0
39006734001,1f5972c7-aae9-4c95-b89d-460a4f9582c9,0,20,Plymouth WWTP & Sewer System,HANLINE CHARLES F OR HIS SUCCESSOR AS,0.0
39006770010,9a667268-8874-4098-8add-3cdd7dc0101f,0,1,Portage Co Twin Lakes WWTP,AKRON CITY OF,0.0
39006770010,abf658f7-8486-483e-9099-62afcbd0577a,0,2,Portage Co Twin Lakes WWTP,AKRON CITY OF,0.0
39006770010,f864c323-a58d-4a04-a8f0-4f398f53304c,0,3,Portage Co Twin Lakes WWTP,AKRON CITY OF,0.0
39006770010,ba89b162-1eac-4f65-b2b0-849295531805,0,4,Portage Co Twin Lakes WWTP,AKRON CITY OF,0.0
39006770010,2443cb01-20a4-4802-9087-644b3cead603,0,5,Portage Co Twin Lakes WWTP,AKRON CITY OF,0.0
39006770010,8c277ba8-3796-41f5-bd0d-2ea120684fa3,0,6,Portage Co Twin Lakes WWTP,AKRON CITY OF,0.0
39006770010,08e6336b-d560-4e40-8552-7f8b31adeb49,1,7,Portage Co Twin Lakes WWTP,PORTAGE COUNTY BOARD OF,0.3541670088054723
39006770010,512fe677-db75-455b-90c8-c0cc260e5333,0,8,Portage Co Twin Lakes WWTP,HUGO SAND CO,0.0
39006770010,76282bce-521a-4db2-99b2-bbcca2a71064,0,9,Portage Co Twin Lakes WWTP,AKRON CITY OF,0.0
39006770010,6a729133-d861-4cea-99fb-0253574647b6,0,10,Portage Co Twin Lakes WWTP,HUGO SAND CO,0.0
39006770010,3de7aded-8d4f-43e2-8e54-62343918bf73,0,11,Portage Co Twin Lakes WWTP,HUGO SAND CO,0.0
39006770010,46eef661-acf4-4640-9981-cb72daef09d2,0,12,Portage Co Twin Lakes WWTP,AKRON CITY OF,0.0
39006770010,49047abe-911a-45a5-bdca-87bfe1761207,0,13,Portage Co Twin Lakes WWTP,KENT CITY OF,0.0
39006770010,55d3768d-b4fc-4be8-99ef-9445b01b612b,0,14,Portage Co Twin Lakes WWTP,AKRON CITY OF,0.0
39006770010,703d4998-d1c2-4b28-88f5-c1864d0a7f7b,0,15,Portage Co Twin Lakes WWTP,HUGO SAND CO,0.0
39006770010,4a3b28ab-d78b-4af2-a158-2cf5de3eb3da,0,16,Portage Co Twin Lakes WWTP,AKRON CITY OF,0.0
39006770010,88d0cc9c-07fd-4917-a819-0abd9dbd5e2b,0,17,Portage Co Twin Lakes WWTP,AKRON CITY OF,0.0
39006770010,fe757626-e8bc-4749-a9f2-3697bff6e78a,0,18,Portage Co Twin Lakes WWTP,PORTAGE PARK DISTRICT,0.3541670088054723
39006770010,9b0300ea-0032-4dc3-9757-ea445c933318,0,19,Portage Co Twin Lakes WWTP,PORTAGE PARK DISTRICT,0.3541670088054723
39006770010,d4391694-7b2a-4839-8b62-092a7c1edf15,0,20,Portage Co Twin Lakes WWTP,AKRON CITY OF,0.0
39006776001,aecfb519-2988-4716-af7d-6d4012ab210c,0,1,Port Clinton WWTP & Sewer System,PORT CLINTON CITY SCHOOLS,1.0
39006776001,6bb12b30-1d7b-4a48-b929-f38e1ecf06d9,0,2,Port Clinton WWTP & Sewer System,PORT CLINTON CITY SCHOOLS,1.0
39006776001,1b994f4a-b765-4c30-878c-072324486893,0,3,Port Clinton WWTP & Sewer System,CITY OF PORT CLINTON,1.0
39006776001,28d5659d-85c1-482c-94a3-ae6efba7c1bd,0,4,Port Clinton WWTP & Sewer System,PORT CLINTON CORPORATION,1.0
39006776001,55a96801-3e17-4493-b71a-1c405891b5b6,0,5,Port Clinton WWTP & Sewer System,STATE OF OHIO,0.0
39006776001,b99bd536-b3f4-43cf-9bbf-be20f6290ea5,0,6,Port Clinton WWTP & Sewer System,PORT CLINTON LUMBER & COAL CO,1.0
39006776001,32fa3a22-ab03-47d9-b1a1-aac3b9f0f6e2,0,7,Port Clinton WWTP & Sewer System,OTTAWA COUNTY COMMISSIONERS,0.0
39006776001,142b690a-51de-44b4-9928-b5ef746d8720,1,8,Port Clinton WWTP & Sewer System,PORT CLINTON CORPORATION,1.0
39006776001,86823ad7-b98b-4d09-aa8d-8435468501af,0,9,Port Clinton WWTP & Sewer System,PORT CLINTON CITY SCHOOLS,1.0
39006776001,0eb45596-7c8d-47f6-ad98-3d0c32650dd8,0,10,Port Clinton WWTP & Sewer System,PORT CLINTON YACHT CLUB,1.0
39006776001,6edb6d97-e450-4669-a870-f6029aeac9df,0,11,Port Clinton WWTP & Sewer System,OTTAWA COUNTY COMMISSIONERS,0.0
39006776001,3ae669bb-cdc8-41aa-ad4f-0fb143eef807,0,12,Port Clinton WWTP & Sewer System,,
39006776001,fb835cc4-d2a8-4404-a291-577458e72033,0,13,Port Clinton WWTP & Sewer System,CITY OF PORT CLINTON,1.0
39006776001,d131a56d-d093-4791-a6fc-68fbe0ae0298,0,14,Port Clinton WWTP & Sewer System,,
39006776001,ce35f407-b559-4a4f-a569-dac7e0b646c5,0,15,Port Clinton WWTP & Sewer System,PORT CLINTON CORPORATION,1.0
39006776001,18ef458e-56f2-4386-bb65-2d2e5aa93fb5,0,16,Port Clinton WWTP & Sewer System,PORT CLINTON CITY SCHOOLS,1.0
39006776001,64a50d9a-69f2-4a29-96e8-ab7693796e05,0,17,Port Clinton WWTP & Sewer System,ERIE MARINE INVESTMENTS LLC,0.0
39006776001,c11d008c-840b-4044-9d9d-a814b1d08669,0,18,Port Clinton WWTP & Sewer System,PORT CLINTON LUMBER & COAL CO,1.0
39006776001,2b371aeb-d29e-4c5c-90b0-5bde74c5866c,0,19,Port Clinton WWTP & Sewer System,BRANDS MARINA LLC,0.0
39006776001,9a968c8b-309f-4cc0-ace1-b24d8ff7319f,0,20,Port Clinton WWTP & Sewer System,,
39007623001,d3650c22-fff1-4ece-96ae-24366ce79c2d,1,1,Shelby WWTP & Sewer System,CITY OF SHELBY,1.0
39007623001,cf6ad213-77ae-45ac-9822-36ebafd89095,0,2,Shelby WWTP & Sewer System,THE CITY OF SHELBY OHIO,1.0
39007623001,543a6cd1-9a75-42ef-9670-bbf4fc4ba309,0,3,Shelby WWTP & Sewer System,THE CITY OF SHELBY OHIO A MUNICIPALITY,1.0
39007623001,e472454d-4cbb-47a1-9709-831bc632270f,0,4,Shelby WWTP & Sewer System,THE CITY OF SHELBY,1.0
39007623001,ae5582e6-cfd3-4130-8d7b-f67cba2c6274,0,5,Shelby WWTP & Sewer System,THE CITY OF SHELBY,1.0
39007623001,88057385-41e1-43c2-a974-eb8a16ee3584,0,6,Shelby WWTP & Sewer System,THE CITY OF SHELBY OHIO,1.0
39007623001,f9eae27b-e757-431b-b1fc-f73f40536077,0,7,Shelby WWTP & Sewer System,HOOVER EARL N,0.0
39007623001,78810a31-8df0-4095-8e19-ef7a7ea68a1b,0,8,Shelby WWTP & Sewer System,THE CITY OF SHELBY,1.0
39007623001,e89f29f6-aa2a-4b4a-963a-5d3fa0e68830,0,9,Shelby WWTP & Sewer System,MID-STATE ASSOCIATES LLC,0.0
39007623001,4527ba55-103f-4ba2-842f-ffd2fd5c3e15,0,10,Shelby WWTP & Sewer System,THE CITY OF SHELBY,1.0
39007623001,615739a3-fc71-47ba-b63b-dd7f53a20373,0,11,Shelby WWTP & Sewer System,BOARD OF EDUCATION OF THE,0.0
39007623001,4566dc7a-4ca5-45dc-b379-71bd75f30e7c,0,12,Shelby WWTP & Sewer System,THE BOARD OF EDUCATION OF,0.0
39007623001,0dd08490-6efc-44f9-8c03-b5c4308f9fb7,0,13,Shelby WWTP & Sewer System,EBERTS JAMIE LYNN SUCCESSOR ETC,0.0
39007623001,5b558211-e92c-4f34-8587-bb06a86f410b,0,14,Shelby WWTP & Sewer System,EBERTS JAMIE LYNN SUCCESSOR,0.0
39007623001,90bb77b2-4b44-451d-8705-98508b3f5e78,0,15,Shelby WWTP & Sewer System,HOOVER EARL,0.0
39007623001,a0b1fff7-1c47-4058-a0b9-3d66608c400c,0,16,Shelby WWTP & Sewer System,THE BOARD OF EDUCATION OF THE,0.0
39007623001,d53ddf60-315d-40f5-a126-cc5a2c720df2,0,17,Shelby WWTP & Sewer System,CARL SCHROEDER PROPERTIES LLC,0.0
39007623001,5a24e853-079b-4f04-a0f3-d378361955d1,0,18,Shelby WWTP & Sewer System,BRINER CHARLES R,0.0
39007623001,cd9bf397-1087-4926-83e0-ea4d06491964,0,19,Shelby WWTP & Sewer System,BRINER CHARLES R,0.0
39007623001,077bc9df-61f5-49dc-9b98-62112a14d9db,0,20,Shelby WWTP & Sewer System,JR ME LLC A DELAWARE LIMITED,0.0
39007707001,74f741fc-457c-4be2-8898-ec6af4674ed1,1,1,Solon Central WWTP & Sewer System,THE CITY OF SOLON,0.5941037089224963
39007707001,e83fd760-a4d5-4b0e-8556-88d4d3fdd273,0,2,Solon Central WWTP & Sewer System,SOLON CITY OF,0.5941037089224963
39007707001,037a83c5-86d2-45dc-a6d2-8e8abbda23de,0,3,Solon Central WWTP & Sewer System,SOLON CITY OF,0.5941037089224963
39007707001,344cf138-7a89-4fc4-8859-a23ade379dee,0,4,Solon Central WWTP & Sewer System,SOLON CITY OF,0.5941037089224963
39007707001,d76a9b82-d843-4d46-9e41-ddd9ea8ba95a,0,5,Solon Central WWTP & Sewer System,"VILLAGE OF GLENWILLOW, OHIO",0.0
39007707001,a8fe65a4-0881-4d17-80c3-f07fe79cdf36,0,6,Solon Central WWTP & Sewer System,SOLON CITY OF,0.5941037089224963
39007707001,0b4d9ba7-7e1a-4052-aefb-17fd184965dd,0,7,Solon Central WWTP & Sewer System,CITY OF SOLON,0.5941037089224963
39007707001,ef2ede90-68c7-40af-a19d-abfab7c331b7,0,8,Solon Central WWTP & Sewer System,CITY OF SOLON LAND REUTILIZATION PROGRAM,0.5941037089224963
39007707001,4288e87d-c2f8-411e-9b20-c013bfd24e0d,0,9,Solon Central WWTP & Sewer System,VILLAGE OF GLENWILLOW,0.0
39007707001,e19ec4aa-de09-4266-be0a-fa15e921ea0a,0,10,Solon Central WWTP & Sewer System,VILLAGE OF GLENWILLOW,0.0
39007707001,de31983c-d6f5-4620-b17b-8240ad43c99f,0,11,Solon Central WWTP & Sewer System,VILLAGE OF GLENWILLOW,0.0
39007707001,d2e7095a-aff1-4091-8867-1a9bc37ca1e4,0,12,Solon Central WWTP & Sewer System,GLENWILLOW VILLAGE OF,0.0
39007707001,69bbcec8-8079-4e94-a4ba-ef739660a1e5,0,13,Solon Central WWTP & Sewer System,VILLAGE OF GLENWILLOW,0.0
39007707001,1f5baf8a-8436-4940-9e04-4bb6b6af4294,0,14,Solon Central WWTP & Sewer System,SOLON CITY OF,0.5941037089224963
39007707001,04222f05-028d-4d43-89ae-6794115562f2,0,15,Solon Central WWTP & Sewer System,CITY OF SOLON,0.5941037089224963
39007707001,726cc65e-d783-462a-a8e5-ecc432e2b60b,0,16,Solon Central WWTP & Sewer System,SOLON CITY OF,0.5941037089224963
39007707001,e1f917a9-c043-4bbe-9fd7-b9f2c5182dd4,0,17,Solon Central WWTP & Sewer System,VILLAGE OF GLENWILLOW,0.0
39007707001,edfbf2a2-8527-466c-aacb-98bbe8a3fd9a,0,18,Solon Central WWTP & Sewer System,BEDFORD HTS VILLAGE OF,0.0
39007707001,32142e85-5d53-4150-ad3a-71a153049fc4,0,19,Solon Central WWTP & Sewer System,VILLAGE OF GLENWILLOW,0.0
39007707001,3d40856d-84a0-455d-b49d-fa9e4a1aad56,0,20,Solon Central WWTP & Sewer System,AMERICAN TRANSMISSION SYSTEMS INCORPATED,0.0
39008001003,d68c62b0-6a5c-4767-b489-1919360752c0,1,1,Strongsville C WWTP & Sewers,STRONGSVILLE CITY OF,1.0
39008001003,1aea1e7f-8bf1-421d-b94c-a78a64b74927,0,2,Strongsville C WWTP & Sewers,OHIO STATE OF HGY,0.0
39008001003,9a2d3f42-455f-4de4-966e-09180834a0fd,0,3,Strongsville C WWTP & Sewers,MIDDLEBURG HTS CITY OF,0.0
39008001003,2ebaff60-1b2d-403b-bf55-f94404c1050e,0,4,Strongsville C WWTP & Sewers,WOODVALE UNION CEMETARY BOARD OF TRUSTEES,0.0
39008001003,8695fabd-e385-4959-a0fc-7b78ca069ce0,0,5,Strongsville C WWTP & Sewers,CLEVE METRO PK DIST,0.0
39008001003,6c9794bf-8019-46ad-a9e3-d1a4c6333356,0,6,Strongsville C WWTP & Sewers,DIST BOARD OF COMM OF,0.0
39008001003,5b4e6807-0e37-45b0-aa20-3e4989a37b9a,0,7,Strongsville C WWTP & Sewers,BOARD OF PARK COMMISSIONERS,0.0
39008001003,8400b625-f841-45bb-88db-e07b07537070,0,8,Strongsville C WWTP & Sewers,CLEVE METRO PK DISTRICT,0.0
39008001003,77fcc0ac-940e-4b9c-b985-ef693a089d79,0,9,Strongsville C WWTP & Sewers,NATIONAL CITY BANK,0.0
39008001003,968cc350-227b-47be-b151-ca20420bc291,0,10,Strongsville C WWTP & Sewers,ISLANDER CO,0.0
39008001003,c6578073-21f8-4826-91c6-09ddd726828f,0,11,Strongsville C WWTP & Sewers,BD OF PARK COMMISSIONERS,0.0
39008001003,eacc4684-f03a-4c41-9982-dad510ff9198,0,12,Strongsville C WWTP & Sewers,STRONGSVILLE CITY OF,1.0
39008001003,a61e8f18-7f06-45db-b20d-d853bbd18b2f,0,13,Strongsville C WWTP & Sewers,POLARIS SCHOOL JOINT VOCATIONAL SCHOOL DISTRICT,0.0
39008001003,7fa1d192-d732-4a46-968c-a591c00560a8,0,14,Strongsville C WWTP & Sewers,CLEVELAND METROP PARK,0.0
39008001003,c6000278-acc0-4335-907c-093817a08862,0,15,Strongsville C WWTP & Sewers,CLEVE METRO PK DISTRICT,0.0
39008001003,249bcf92-158a-49ea-8a8e-74454a66b477,0,16,Strongsville C WWTP & Sewers,BEREA CITY OF,0.0
39008001003,209fa3a9-018a-4b6b-bfb9-8165a3a23aa5,0,17,Strongsville C WWTP & Sewers,COUNTY COMM BD OF,0.0
39008001003,e0d9b707-465a-4aa0-8931-2d54dd8ccf65,0,18,Strongsville C WWTP & Sewers,STRONGSVILLE CITY OF,1.0
39008001003,aca0f7d8-4999-4285-8dea-31fafd0452fc,0,19,Strongsville C WWTP & Sewers,NORTH ROYALTON CITY OF,0.0
39008001003,2216347a-c8d9-4e04-b904-8a3b7facb939,0,20,Strongsville C WWTP & Sewers,BOARD OF PARK COMMISSIONERS,0.0
39008072005,828fad18-16a7-43f3-8eda-81b9d3d97ace,1,1,Summit Co Fishcreek WWTP #25,COUNTY OF SUMMIT,0.4181217895414034
39008072005,2e6eaea2-bf23-4be9-9253-1a89420157e9,0,2,Summit Co Fishcreek WWTP #25,CITY OF TALLMADGE,0.0
39008072005,230d7023-9e10-478c-b533-9082ce3344e6,0,3,Summit Co Fishcreek WWTP #25,KENT CITY OF,0.0
39008072005,1ea8670b-b6b7-4439-8269-75febc7beecd,0,4,Summit Co Fishcreek WWTP #25,KENT THE CITY OF,0.0
39008072005,0462d7c7-5bc3-44ab-9068-83023dba450a,0,5,Summit Co Fishcreek WWTP #25,KENT STATE UNIVERSITY,0.0
39008072005,e0d59f46-4fc9-4af6-843d-b9608105290e,0,6,Summit Co Fishcreek WWTP #25,STATE OF OHIO (KENT STATE UNIV.),0.0
39008072005,d38bab0e-1fe8-4bab-8789-f58ae3d5613d,0,7,Summit Co Fishcreek WWTP #25,AKRON CITY OF,0.0
39008072005,c0f42885-7f6f-4e83-a101-b10e810d9601,0,8,Summit Co Fishcreek WWTP #25,KENT CITY OF,0.0
39008072005,a5b06e0b-2643-46dc-bd0c-1bb715409675,0,9,Summit Co Fishcreek WWTP #25,CITY OF STOW,0.0
39008072005,b1acdfc0-fb33-4764-80a2-c28fc69867f9,0,10,Summit Co Fishcreek WWTP #25,BOARD OF PARK COMMISSIONERS OF SUMMIT,0.4181217895414034
39008072005,9cd1dfae-4c32-4ea5-960d-d40aee1d0c30,0,11,Summit Co Fishcreek WWTP #25,CITY OF STOW,0.0
39008072005,89f339aa-e0bf-4983-814a-47d1677e2639,0,12,Summit Co Fishcreek WWTP #25,COUNTY OF SUMMIT,0.4181217895414034
39008072005,5e6d3f28-5605-4c0a-86ce-d213de0a55a3,0,13,Summit Co Fishcreek WWTP #25,LEPPO WM GLENN,0.0
39008072005,bbed81ee-ba0d-44dd-abdb-02290ed3be3e,0,14,Summit Co Fishcreek WWTP #25,PAR CORP ENTERPRISE LLC,0.0
39008072005,3476b1dc-ee37-40af-a84d-cf875f893757,0,15,Summit Co Fishcreek WWTP #25,KENT CITY OF,0.0
39008072005,7cda4881-b736-44a7-8d1d-8e76cfbf7814,0,16,Summit Co Fishcreek WWTP #25,CITY OF STOW,0.0
39008072005,ad855428-8324-40c8-bc9d-2855e0505275,0,17,Summit Co Fishcreek WWTP #25,OHIO EDISON CO,0.0
39008072005,4f5e2d64-2db3-445e-8876-b4cdad3abc45,0,18,Summit Co Fishcreek WWTP #25,KENT CITY OF,0.0
39008072005,1e3d2e25-ec9d-4068-a55f-c1dd0196a376,0,19,Summit Co Fishcreek WWTP #25,RIVER CHASE CONDOMINIUM,0.0
39008072005,4b8b1513-5711-44c8-88f1-fccfceea2bcd,0,20,Summit Co Fishcreek WWTP #25,CITY OF CUYAHOGA FALLS,0.0
39008197001,69c9b595-738c-4734-a4eb-61a57753d68a,0,1,Thornville WWTP & Sewer System,VILLAGE OF THORNVILLE,1.0
39008197001,553c191a-13eb-4a9b-8281-bfb617ecd3bb,0,2,Thornville WWTP & Sewer System,BOARD OF TRUSTEES THORN TOWNSHIP,0.0
39008197001,c6cccafa-a556-4aab-b6e6-d8a3f9f4ac01,1,3,Thornville WWTP & Sewer System,VILLAGE OF THORNVILLE,1.0
39008197001,b2ed3ed0-ed32-4bea-b616-2ab217a101e9,0,4,Thornville WWTP & Sewer System,VILLAGE OF THORNVILLE,1.0
39008197001,ca9d2adc-ea4d-49be-a7f4-d04823efa494,0,5,Thornville WWTP & Sewer System,"COFFLAND, JAMES T & ERICA B (H&W WROS)",0.0
39008197001,8629d98d-09e8-416f-be66-ca9ba494687a,0,6,Thornville WWTP & Sewer System,LUTHERN REFORM CEMETERY,0.0
39008197001,e0300aea-3a22-47b4-94c0-1e5fdeea31e5,0,7,Thornville WWTP & Sewer System,GMC FARMS LTD,0.0
39008197001,1e9ce4b8-fe95-4103-8b02-fb505ad81451,0,8,Thornville WWTP & Sewer System,GMC FARMS LTD,0.0
39008197001,9da79821-ea74-49bd-a50e-693f04258814,0,9,Thornville WWTP & Sewer System,NORTHERN LSD BD OF ED PT SE 1/4,0.0
39008197001,df39f899-3354-4404-8b57-5e073a0677f5,0,10,Thornville WWTP & Sewer System,GMC FARMS LTD,0.0
39008197001,ff8fc599-37a2-41c9-938e-782247269cee,0,11,Thornville WWTP & Sewer System,RUGG TERRY J & CRABTREE NICOLE L (H&W WROS),0.0
39008197001,21605d0c-2e31-4627-abbc-35475c5ff750,0,12,Thornville WWTP & Sewer System,POSTON LARRY G & NANCY L SURV H&W,0.0
39008197001,a5c9e577-e8ff-4ee3-909a-76a965067b90,0,13,Thornville WWTP & Sewer System,GMC FARMS LTD,0.0
39008197001,bcd25650-1acd-4a94-add3-757d6a1280fb,0,14,Thornville WWTP & Sewer System,GMC FARMS LTD,0.0
39008197001,12363b56-f78a-423a-aefe-bb2c258026d5,0,15,Thornville WWTP & Sewer System,GMC FARMS LTD,0.0
39008197001,d03a98ce-d8d2-4175-9305-308bb9533ca1,0,16,Thornville WWTP & Sewer System,MOHLER JENNIFER,0.0
39008197001,7a379d89-9538-4345-a1ce-05e7291ff89f,0,17,Thornville WWTP & Sewer System,SHELLY CO,0.0
39008197001,30218871-d85b-43d7-abc2-7cd6e8c258d5,0,18,Thornville WWTP & Sewer System,KAUFMAN STEVEN L & MICHELL L CO-TRUSTEES OF THE KAUFMAN,0.0
39008197001,437a9159-6b0f-4c0c-8c4b-52a542a803d8,0,19,Thornville WWTP & Sewer System,SNIDER CARLY FAYE UNMARRIED & HANLON DERICK SCOTT UNMARRIED,0.0
39008197001,12df869b-1f24-43b3-843d-6d37b79f3489,0,20,Thornville WWTP & Sewer System,HOWELL TRENT K & MEGAN L (WROS),0.0
39008421001,c6c78217-b844-4d0e-859b-910fc5e4b694,0,1,Upper Sandusky WWTP & Sewer System,THE CITY OF UPPER SANDUSKY,1.0
39008421001,3565a0ef-1108-4085-9925-6f879bcba56a,0,2,Upper Sandusky WWTP & Sewer System,VILLAGE OF UP SANDUSKY,1.0
39008421001,d1e82495-aa38-4c3a-a5be-b0b728d02bec,0,3,Upper Sandusky WWTP & Sewer System,CITY OF UPPER SANDUSKY,1.0
39008421001,dc3f651d-115f-4612-b66f-615c0e8eb962,0,4,Upper Sandusky WWTP & Sewer System,HARRISON SMITH PARK,0.0
39008421001,00578d0d-971c-4c5d-b68a-dee073b192be,0,5,Upper Sandusky WWTP & Sewer System,CITY OF UP SANDUSKY,1.0
39008421001,aef1d51c-f2f3-4c06-9609-b836a65b4ed1,0,6,Upper Sandusky WWTP & Sewer System,CITY OF UPPER SANDUSKY,1.0
39008421001,45e83d6c-3069-4cc9-adcf-f6bfa22aaa2c,0,7,Upper Sandusky WWTP & Sewer System,THE CITY OF UPPER SANDUSKY OHIO,1.0
39008421001,6630c649-5484-4df5-a945-ea1617c4c2ea,0,8,Upper Sandusky WWTP & Sewer System,VILLAGE OF UP SANDUSKY,1.0
39008421001,e39dcc5f-20cb-4161-be94-38b55d42a286,0,9,Upper Sandusky WWTP & Sewer System,STATE OF OHIO,0.0
39008421001,a715cc07-c569-41ee-a03a-2faad8927094,0,10,Upper Sandusky WWTP & Sewer System,,
39008421001,102c4e2e-c345-4a12-91f1-f2ff7fb99f5f,1,11,Upper Sandusky WWTP & Sewer System,VILLAGE OF UP SANDUSKY,1.0
39008421001,9e245ebd-1892-4413-9e18-06fc6ee99e95,0,12,Upper Sandusky WWTP & Sewer System,THE CITY OF UPPER SANDUSKY,1.0
39008421001,c8d1c35f-3a75-48c6-92b2-58553aae101b,0,13,Upper Sandusky WWTP & Sewer System,VILLAGE OF UP SANDUSKY,1.0
39008421001,a4a319a6-163b-41a8-8b76-bb95ad0f1a5c,0,14,Upper Sandusky WWTP & Sewer System,THE CITY OF UPPER SANDUSKY,1.0
39008421001,69e7aefc-7321-4dfc-a785-1ce72bb4b91f,0,15,Upper Sandusky WWTP & Sewer System,THE CITY OF UPPER SANDUSKY OHIO,1.0
39008421001,820d50d0-9189-406d-a4aa-121d9b784800,0,16,Upper Sandusky WWTP & Sewer System,RILEY MARY JANE ETAL,0.0
39008421001,7f604e42-df03-44f2-af12-983570bca3cb,0,17,Upper Sandusky WWTP & Sewer System,UPPER SANDUSKY HEALTH FACILITIE,1.0
39008421001,5bd8919a-a088-410b-b8b6-1aabe667de59,0,18,Upper Sandusky WWTP & Sewer System,UPPER SANDUSKY HEALTH FACILITIE,1.0
39008421001,8ea4ec97-d095-47b3-8c79-78a9e0d33f1a,0,19,Upper Sandusky WWTP & Sewer System,SAULL TYSON C & KELLE M JTS,0.0
39008421001,0856ea23-2baa-4283-9fb0-9b9b0e3cd4f6,0,20,Upper Sandusky WWTP & Sewer System,CITY OF UPPER SANDUSKY,1.0
39008638001,c4829648-49d5-4e32-9351-8315795644f7,1,1,Warren WWTP & Sewer System,CITY OF WARREN,1.0
39008638001,b33b0fff-2f68-4108-af51-9beeb16290f9,0,2,Warren WWTP & Sewer System,BD OF COMMISSIONERS,0.0
39008638001,f6f9cccb-236d-442a-8764-a0201bb5d831,0,3,Warren WWTP & Sewer System,KIBLER FAMILY,0.0
39008638001,52694956-ca8d-4332-9404-f56ea63773f0,0,4,Warren WWTP & Sewer System,ROBERT L SAMUELS J/S,0.0
39008638001,35b16869-6c74-4781-b859-1545a0bce8f0,0,5,Warren WWTP & Sewer System,TRUMBULL COUNTY,0.0
39008638001,eb6b759c-0345-49f6-a804-7d3e32a270f6,0,6,Warren WWTP & Sewer System,UNION PROPERTY LLC,0.0
39008638001,991ebeb0-3b0a-4ae6-b978-34b1bb4c9638,0,7,Warren WWTP & Sewer System,ROBERT E HILLMAN,0.0
39008638001,21646928-a6aa-401b-aeae-3b8648761d6c,0,8,Warren WWTP & Sewer System,UNION PROPERTY LLC,0.0
39008638001,a804841a-59b2-4ebc-9677-b12291c56292,0,9,Warren WWTP & Sewer System,WEATHERSFIELD TWP,0.0
39008638001,794c1555-5476-426a-a5b2-fa432933d04b,0,10,Warren WWTP & Sewer System,WRN MET HOUSING AUTH,0.0
39008638001,442eaf2b-988b-44a2-9b98-85b97ae86fce,0,11,Warren WWTP & Sewer System,ROLLAND E SWEGAN,0.0
39008638001,47fc0dfa-65c3-42e2-b09e-c2eab3a3f572,0,12,Warren WWTP & Sewer System,KIM GRAVES,0.0
39008638001,3bdafc4f-3ba8-49a6-adeb-ff91539eaeac,0,13,Warren WWTP & Sewer System,B.S. LAND,0.0
39008638001,e3c64fd1-e6ab-4ae7-aa66-b63e45a1867c,0,14,Warren WWTP & Sewer System,WADDELL PARK,0.0
39008638001,0e8440ea-568c-4de4-9d6b-468c1e0863fc,0,15,Warren WWTP & Sewer System,DARYL C MOSS J/S,0.0
39008638001,60e56ccb-bdb1-403c-ab2b-62ded5a2fbbb,0,16,Warren WWTP & Sewer System,WESTWOOD COMMUNITIES INC,0.0
39008638001,c0bd5629-1494-4b33-ae42-3b2853565589,0,17,Warren WWTP & Sewer System,FREDERICK C PIERSOL J/S,0.0
39008638001,59bb9768-f74c-4bf1-9e6f-3bf71c82032b,0,18,Warren WWTP & Sewer System,WESTWOOD COMMUNITIES INC,0.0
39008638001,6bde299a-9c68-4e4d-b686-327d7f4502cf,0,19,Warren WWTP & Sewer System,RONALD M KRISHER,0.0
39008638001,fbd9e15c-0104-4221-9d2c-66cbbf92b54f,0,20,Warren WWTP & Sewer System,VILLAGE OF LORDSTOWN,0.0
39008701001,ee40d819-3637-41cd-a278-699216980b6d,0,1,Wauseon WWTP & Sewer System,FULTON COUNTY HEALTH,0.0
39008701001,63a4151a-0584-42e7-980d-3323970b9e5b,0,2,Wauseon WWTP & Sewer System,FULTON COUNTY HEALTH,0.0
39008701001,653957fb-6e76-4df3-aec4-3514293482a0,1,3,Wauseon WWTP & Sewer System,VILLAGE OF WAUSEON,1.0
39008701001,b7c7e748-198a-4475-bb53-2f35b38820fd,0,4,Wauseon WWTP & Sewer System,FULTON COUNTY BOARD OF,0.0
39008701001,2d84aefe-5aee-4b4c-9e8f-555dc9a3eab8,0,5,Wauseon WWTP & Sewer System,WAUSEON BOARD OF,1.0
39008701001,572ae408-541c-4241-8ea2-af5cb095a913,0,6,Wauseon WWTP & Sewer System,CITY OF WAUSEON,1.0
39008701001,06fdc18b-954f-415f-bc16-cb966d89c13b,0,7,Wauseon WWTP & Sewer System,FULTON COUNTY BOARD OF,0.0
39008701001,1cf669f8-537f-4bbc-ab55-e0a74549dba6,0,8,Wauseon WWTP & Sewer System,FULTON COUNTY HEALTH,0.0
39008701001,c6aa9cd6-94bb-47d1-a0c0-be5f2250d017,0,9,Wauseon WWTP & Sewer System,FULTON COUNTY HEALTH,0.0
39008701001,9ebd35ce-1316-40a0-a160-10453867d192,0,10,Wauseon WWTP & Sewer System,FULTON COUNTY HEALTH,0.0
39008701001,a92d458c-f4fa-4320-a5b8-54ccec5b74a6,0,11,Wauseon WWTP & Sewer System,WAUSEON BOARD OF,1.0
39008701001,84862f28-8103-46a5-9eac-60acce91a430,0,12,Wauseon WWTP & Sewer System,CITY OF WAUSEON,1.0
39008701001,18d2b6e8-d87d-42dc-bd07-5a2fca33587b,0,13,Wauseon WWTP & Sewer System,BOARD OF EDUCATION OF,0.0
39008701001,a8dffc65-68ab-46a1-80be-efda452ef220,0,14,Wauseon WWTP & Sewer System,CITY OF WAUSEON,1.0
39008701001,ae9fb495-630d-4b0b-8655-6f4b55cf55d7,0,15,Wauseon WWTP & Sewer System,CITY OF WAUSEON,1.0
39008701001,b3c556db-beed-4a9d-a162-6f00ddb741c3,0,16,Wauseon WWTP & Sewer System,VILLAGE OF WAUSEON,1.0
39008701001,47bfe29d-3dbc-4a22-8c30-18f9f9af0c78,0,17,Wauseon WWTP & Sewer System,CITY OF WAUSEON,1.0
39008701001,68131b72-d54b-4f4e-851e-ed812cb088d5,0,18,Wauseon WWTP & Sewer System,VILLAGE OF WAUSEON,1.0
39008701001,2a0ebde2-f1aa-4b1e-8b54-be8ce1b1dfea,0,19,Wauseon WWTP & Sewer System,CITY OF WAUSEON,1.0
39008701001,58e79062-df13-41fc-9787-1cd8d9f4649b,0,20,Wauseon WWTP & Sewer System,CITY OF WAUSEON,1.0
39008841001,0bd7fa17-a6e9-4505-b5cc-9994c358d7fd,1,1,West Jefferson WWTP & Sewer System,VILLAGE OF JEFFERSON SEWAGE DISPOSAL PLANT,1.0
39008841001,8164999c-3ac3-4585-9a31-7d7b776804af,0,2,West Jefferson WWTP & Sewer System,VILLAGE OF WEST JEFFERSOIN,0.9473684210526316
39008841001,69a26330-aed2-4edc-bf59-83b53664533e,0,3,West Jefferson WWTP & Sewer System,VILLAGE OF WEST JEFFERSON,1.0
39008841001,544254ec-90fe-4220-ad2f-b1b62ca510b3,0,4,West Jefferson WWTP & Sewer System,STATE OF OHIO DEPARTMENT OF NATURAL RESOURCES,0.0
39008841001,5f9080c7-18d0-4a23-ae90-d06d20061f0b,0,5,West Jefferson WWTP & Sewer System,STATE OF OHIO DEPT OF NATURAL RESOURCES,0.0
39008841001,c3393789-778d-43c0-bf2c-167011305c13,0,6,West Jefferson WWTP & Sewer System,STATE OF OHIO DEPT OF NATURAL RESOURCES,0.0
39008841001,2236a69d-66ed-45e3-a232-8d9d003a3145,0,7,West Jefferson WWTP & Sewer System,STATE OF OHIO DEPARTMENT OF NATURAL RESOURCES,0.0
39008841001,84088a3d-3c99-4a92-90c7-319ef400230e,0,8,West Jefferson WWTP & Sewer System,,
39008841001,0b62dcac-fe9c-4d5c-aedb-167f7bab17bb,0,9,West Jefferson WWTP & Sewer System,STATE OF OHIO DEPT OF NATURAL RESOURCES,0.0
39008841001,849f7d3f-5606-4278-b36d-ae55f1887cbd,0,10,West Jefferson WWTP & Sewer System,STATE OF OHIO DEPT OF NATURAL RESOURCES,0.0
39008841001,fadd9070-1234-4dbb-887a-36b8b77dd1ef,0,11,West Jefferson WWTP & Sewer System,BOARD OF EDUCATION JEFFERSON LOCAL SCHOOL,1.0
39008841001,dfaf72d7-eb66-4830-9fb4-95c9700ae1e1,0,12,West Jefferson WWTP & Sewer System,STATE OF OHIO DEPT OF NATURAL RESOURCES,0.0
39008841001,c072cda0-8a9d-46fe-9138-e0e1b4bf46a8,0,13,West Jefferson WWTP & Sewer System,STATE OF OHIO DEPT OF NATURAL RESOURCES,0.0
39008841001,f0122593-e9b9-4abf-9ec9-c7ae82719214,0,14,West Jefferson WWTP & Sewer System,VILLAGE OF JEFFERSON,1.0
39008841001,a586abc1-b588-4cad-b30a-61db57fb3797,0,15,West Jefferson WWTP & Sewer System,"THE VILLAGE OF WEST JEFFERSON, OHIO",1.0
39008841001,91820791-7fd4-4074-bfe7-c5a9f39ae4eb,0,16,West Jefferson WWTP & Sewer System,JEFFERSON TOWNSHIP TRUSTEES,1.0
39008841001,9902d219-c6c5-4ca8-85b3-1548ec0e266c,0,17,West Jefferson WWTP & Sewer System,JEFFERSON TOWNSHIP BOARD OF TRUSTEES,1.0
39008841001,c1d5695a-5270-4e87-bbfc-60eac9c7d2be,0,18,West Jefferson WWTP & Sewer System,VILLAGE OF WEST JEFFERSON,1.0
39008841001,67c48b6b-395f-4cc0-b81e-af4b89d7f3ee,0,19,West Jefferson WWTP & Sewer System,,
39008841001,5a704d96-5ae9-4836-9f37-a346643ddec6,0,20,West Jefferson WWTP & Sewer System,VILLAGE OF JEFFERSON SEWAGE DISPOSAL PLANT,1.0
39009600002,cf3e152e-ded5-433a-881c-5c4a10771e26,1,1,Mercer Co Montezuma/Club Island SD,MERCER COUNTY COMMISSIONERS,0.2475732184406553
39009600002,89611b06-5556-43bd-97a8-ee6d2f6c7aeb,0,2,Mercer Co Montezuma/Club Island SD,MERCER CO COMMISSIONERS,0.2475732184406553
39009600002,76b30623-d8c8-4e41-987b-ac262b9c5306,0,3,Mercer Co Montezuma/Club Island SD,MERCER COUNTY COMMISSIONERS,0.2475732184406553
39009600002,9c5bfbbd-87e4-4fb3-be80-f930984441dd,0,4,Mercer Co Montezuma/Club Island SD,LAKEFIELD AIRPORT AUTHORITY,0.0
39009600002,639ae595-afe6-43c4-ba0a-3555903e7617,0,5,Mercer Co Montezuma/Club Island SD,MERCER CO COMMISSIONERS,0.2475732184406553
39009600002,5b8b28a0-90dc-4326-8cde-5d18ee6ae539,0,6,Mercer Co Montezuma/Club Island SD,FRANKLIN TOWNSHIP BOARD OF TRUSTEES,0.0
39009600002,48d42b72-4439-4f39-a04b-3d04e8542719,0,7,Mercer Co Montezuma/Club Island SD,MERCER COUNTY COMMISSIONERS,0.2475732184406553
39009600002,af652b01-5898-442d-bdc2-bbd5be8e1e62,0,8,Mercer Co Montezuma/Club Island SD,STATE OF OHIO,0.0
39009600002,1f9ff7a1-255e-4e52-bda5-8a7ba5d69b1e,0,9,Mercer Co Montezuma/Club Island SD,BUSCHUR THOMAS J & CAROL M,0.0
39009600002,0a2ba327-95d3-48fc-8a03-29d698bf1a26,0,10,Mercer Co Montezuma/Club Island SD,BOARD OF COUNTY COMMISSIONERS OF MERCER COUNTY,0.2475732184406553
39009600002,2d60b4c6-dbb5-4029-8d97-f46c46887d2e,0,11,Mercer Co Montezuma/Club Island SD,SCHOEN TIMOTHY & SCHOEN LAWRENCE TRUSTEES,0.0
39009600002,7d3b2527-5ff1-4117-8483-9e3b35701e00,0,12,Mercer Co Montezuma/Club Island SD,POHLMANN KEITH D & RENEE S TRUSTEES,0.0
39009600002,f468afea-078b-4989-819e-d989066dabf7,0,13,Mercer Co Montezuma/Club Island SD,SCHWIETERMAN CHARLES I & LEEANN TRUSTEES,0.0
39009600002,67a3d67d-e450-48f3-b9c9-66cfcffb9fb4,0,14,Mercer Co Montezuma/Club Island SD,FRANKLIN TOWNSHIP BOARD OF TRUSTEES,0.0
39009600002,12ea72ab-9238-4da7-b02f-950df7c3e399,0,15,Mercer Co Montezuma/Club Island SD,SCHWIETERMAN CHARLES I & LEEANN TRUSTEES,0.0
39009600002,aa557550-cafb-49a8-bf45-9af74f244bf8,0,16,Mercer Co Montezuma/Club Island SD,MERCER COUNTY COMMISSIONERS,0.2475732184406553
39009600002,2f6e05e2-ce0a-4691-b7ef-f5a351680d6d,0,17,Mercer Co Montezuma/Club Island SD,SPIRITUAL CENTER OF MARIA STEIN,0.0
39009600002,33a9d903-36cd-4633-a982-9197d40248bf,0,18,Mercer Co Montezuma/Club Island SD,JUTTE NICHOLAS J & DEBBIE L,0.0
39009600002,63ea6660-a57f-45e7-981a-420b90bae110,0,19,Mercer Co Montezuma/Club Island SD,SCHWIETERMAN CHARLES I & LEEANN TRUSTEES,0.0
39009600002,3b2fe141-accd-4b58-8487-1d0a65a4ec7e,0,20,Mercer Co Montezuma/Club Island SD,SCHWIETERMAN JOHN H & MARY TRUSTEES,0.0
39009630009,d766263c-5c58-4330-9daa-a4c58ae4acc4,1,1,Mercer Co West Jefferson WWTP,MERCER CO COMMISSIONERS MERCER COUNTY HOME,0.5327855979551983
39009630009,d38cf817-4062-475b-81b1-81bb5571a588,0,2,Mercer Co West Jefferson WWTP,CELINA CITY OF,0.0
39009630009,0c0c4e0f-5e61-4106-ac8a-6e2c83640931,0,3,Mercer Co West Jefferson WWTP,CELINA CITY OF,0.0
39009630009,c40aefad-13a7-41cb-aa7b-0ac5437c2239,0,4,Mercer Co West Jefferson WWTP,CELINA CITY OF,0.0
39009630009,484904d9-ccda-4220-84fe-f29d47583c1a,0,5,Mercer Co West Jefferson WWTP,MERCER CO COMMISSIONERS,0.5327855979551983
39009630009,a76100a9-f644-4a0a-a364-f97148509fff,0,6,Mercer Co West Jefferson WWTP,MERCER CO COMMISSIONERS,0.5327855979551983
39009630009,262e627c-171c-4951-aeae-2882053acbbd,0,7,Mercer Co West Jefferson WWTP,DAYTON POWER AND LIGHT COMPANY,0.0
39009630009,bc496655-060b-4832-a8fe-1b9a6698d680,0,8,Mercer Co West Jefferson WWTP,OHIO DEPT OF TRANSPORTATION,0.0
39009630009,c7b1267f-e42e-452d-a250-499a1336c09c,0,9,Mercer Co West Jefferson WWTP,P & C SCHMITMEYER FARMS LLC,0.0
39009630009,45523a14-7193-4aec-b483-c1a995661b16,0,10,Mercer Co West Jefferson WWTP,BOARD OF EDUCATION OF CELINA,0.0
39009630009,b487faa9-fc5f-4a1c-aa93-434e0d5073f4,0,11,Mercer Co West Jefferson WWTP,CELINA CITY OF,0.0
39009630009,1b79c10c-e656-4c08-9dd6-028d26211712,0,12,Mercer Co West Jefferson WWTP,GRIESHOP HERBERT L & JANICE C,0.0
39009630009,38e6d14e-f7a7-4c7d-b627-496b29f4027f,0,13,Mercer Co West Jefferson WWTP,P & C SCHMITMEYER FARMS LLC,0.0
39009630009,48c49ba2-5e96-4807-9e49-5040f9614863,0,14,Mercer Co West Jefferson WWTP,MCNEILAN DAVID J TRUSTEE,0.0
39009630009,674b069e-e978-49fb-8220-3953d2925e20,0,15,Mercer Co West Jefferson WWTP,MORE HOUSE LLC,0.0
39009630009,d109bdd2-64c0-44dd-b5f2-38bf10ad5c58,0,16,Mercer Co West Jefferson WWTP,PAX MACHINE WORKS INC,0.0
39009630009,3fd21c61-3a1a-4b0e-b4e3-32d39671c107,0,17,Mercer Co West Jefferson WWTP,CELINA CITY OF,0.0
39009630009,a1f748b5-f054-4e16-87b1-1a3cffd98837,0,18,Mercer Co West Jefferson WWTP,PAX MACHINE WORKS INC,0.0
39009630009,6dfbb939-6950-4692-98f0-52e1c1b8111c,0,19,Mercer Co West Jefferson WWTP,HECKLER DOUGLAS E & TERESA,0.0
39009630009,06d3b6aa-e6f9-44f6-a57b-ff67e6d48c44,0,20,Mercer Co West Jefferson WWTP,JEFFERSON TWP TRUSTEES,0.46721440204480175
40000196001,b14d0084-8e81-4364-b504-914a0ed1a918,1,1,KELLYVILLE PWA WWT,TOWN OF KELLYVILLE,0.4729123687680884
40000196001,afd951ed-5096-4ad4-948b-3f5b97712fc6,0,2,KELLYVILLE PWA WWT,CORNELIUS WELL SERVICE INC,0.0
40000196001,856a67b4-deb3-4adc-a66f-45d29b8b43cf,0,3,KELLYVILLE PWA WWT,TOWN OF KELLYVILLE,0.4729123687680884
40000196001,a913ba2b-bff8-4584-9747-c3b4c7942667,0,4,KELLYVILLE PWA WWT,MILLER GENE ANDERSON,0.0
40000196001,57bc25b9-3a10-410d-a9a9-eaed0ca5e4e3,0,5,KELLYVILLE PWA WWT,R/R & HWY,0.0
40000196001,757ce8a8-7007-43ca-9d05-0ca556c3e884,0,6,KELLYVILLE PWA WWT,HIGHWAY,0.0
40000196001,24bed8af-07c5-4cf4-a539-7483d68e4d2c,0,7,KELLYVILLE PWA WWT,DAVIDSON RICHARD DEAN,0.0
40000196001,09e0879a-ad9d-40d2-8338-1835011aab48,0,8,KELLYVILLE PWA WWT,OKLAHOMA TURNPIKE AUTHORITY,0.0
40000196001,3cf24e86-8290-479b-a11b-842016cf583f,0,9,KELLYVILLE PWA WWT,MTRT DEVELOPMENT LLC,0.0
40000196001,60b7f354-5c86-4e8a-9b59-8ba66175c217,0,10,KELLYVILLE PWA WWT,THOMPSON JOSEPH BART & RHODA R,0.0
40000196001,2aa26b59-3ad7-41e1-bb9c-12f1fb3bc7f0,0,11,KELLYVILLE PWA WWT,BRINKLEY JOSHUA CHARLES & CAROLINE J,0.0
40000196001,f8b8ec6b-cbad-49a6-a330-44173bf32529,0,12,KELLYVILLE PWA WWT,STROMME GREG ALAN,0.0
40000196001,a173d50d-2134-4c4c-86f7-08a31a84fd70,0,13,KELLYVILLE PWA WWT,CANNON JOHN S & SHERAN,0.0
40000196001,eefbbeba-b755-4790-ae6a-1ce20e9fe4d2,0,14,KELLYVILLE PWA WWT,REASER ROBERT THAD & DAWN MARIE,0.0
40000196001,694f5cec-b8dc-4d89-b119-1befa43f6f40,0,15,KELLYVILLE PWA WWT,SCISSORTAIL FIELD SERVICES LLC,0.0
40000196001,37c17433-860f-4ecd-8e66-7d525bdf3d3c,0,16,KELLYVILLE PWA WWT,HIETT JIM D & BEVERLY TRUSTEES OF LIVING TRUST 1/2 INT EACH,0.0
40000196001,19cf5fab-5e95-400a-8593-e4e717b338c7,0,17,KELLYVILLE PWA WWT,HIETT EARL WADE,0.0
40000196001,58dd03bc-b0bc-418c-9949-5885606cce5d,0,18,KELLYVILLE PWA WWT,GAGE CORPORATION,0.0
40000196001,fd7a220e-4768-4413-9960-52f353ccd4db,0,19,KELLYVILLE PWA WWT,DAVIDSON RICHARD DEAN & BRENDA JEAN,0.0
40000196001,33042bcc-8aa2-48b7-820f-60beb0f896f8,0,20,KELLYVILLE PWA WWT,ARCHER DAL & MELISSA,0.0
41000008001,29015fb6-3b17-4644-ad37-82c72c4a37fc,1,1,MOLALLA STP,CITY OF MOLALLA,1.0
41000008001,1a6be85d-a96e-43fc-8062-1aa45dd9b6ab,0,2,MOLALLA STP,CITY OF MOLALLA,1.0
41000008001,22f827b5-d9af-4b26-ba24-53297bd4ab4b,0,3,MOLALLA STP,CITY OF MOLALLA,1.0
41000008001,cd2c8da5-18e0-4b6c-addb-8b171d0ece67,0,4,MOLALLA STP,CITY OF MOLALLA,1.0
41000008001,45ffcd7b-b1e5-4ea7-ba2e-551aeb70f084,0,5,MOLALLA STP,DICKMAN FARMS INC,0.0
41000008001,0dd6ba43-287c-467f-a6a0-e1f0bf268c1a,0,6,MOLALLA STP,MOLALLA RIVER SCH DIST #35,1.0
41000008001,b412e92b-ff1d-4f85-857a-b935d7644328,0,7,MOLALLA STP,HEYERLY BROTHERS LLC,0.0
41000008001,0f025b76-6461-419a-b3b3-289c668af3aa,0,8,MOLALLA STP,HOPPER BROTHERS LLC,0.0
41000008001,9303ddf6-c6ff-4e35-ad42-4a4d233d3dc8,0,9,MOLALLA STP,MOLALLA HWY 213 LLC,1.0
41000008001,4cead70c-4227-4822-839e-0a229afde5fa,0,10,MOLALLA STP,MCLEOD LOREN L,0.0
41000008001,cea690d4-066c-4f67-9a54-ecd58d3cf4c4,0,11,MOLALLA STP,WALTNER IDA LOU & STEPHEN J,0.0
41000008001,6f6894c7-2502-4154-a3ca-72090b61dd74,0,12,MOLALLA STP,,
41000008001,991e5140-9231-44ad-9c0c-4307f18ef8ef,0,13,MOLALLA STP,CITY OF MOLALLA PROPERTIES LLC,1.0
41000008001,575c7d87-d572-4979-8627-c7cf86cf2bc7,0,14,MOLALLA STP,CHRISTMAN WILLIAM N & CHRISTINE J,0.0
41000008001,dd1ebf12-067a-4b77-8d59-d102bac62966,0,15,MOLALLA STP,SCHOTT MARTIN R,0.0
41000008001,216ef87a-a462-46e9-b65c-67b8a1378057,0,16,MOLALLA STP,,
41000008001,aede0f27-cd8f-426b-b14c-b642cc31f455,0,17,MOLALLA STP,BABCOCK KENNETH L TRUSTEE,0.0
41000008001,cd52d29e-ca67-4878-bb57-3f0163d2cf96,0,18,MOLALLA STP,ZOSEL GARY M & BETTY L,0.0
41000008001,f18bccc7-5e4f-45ae-997c-8de72e67c0ce,0,19,MOLALLA STP,LOVING RONALD L & DEBORAH M,0.0
41000008001,1ec7d125-6264-416a-a39a-50e0e78c9330,0,20,MOLALLA STP,BUHR DONALD J & SHARON L,0.0
41000011001,e2988f1d-25ce-40e2-8323-f5c8821481b1,1,1,SANDY STP,CITY OF SANDY,1.0
41000011001,52da66b7-fd15-41d2-b343-be47cc3d86c1,0,2,SANDY STP,CITY OF SANDY,1.0
41000011001,d1d4088f-128c-4822-a02b-6c05c0baae97,0,3,SANDY STP,CITY OF SANDY,1.0
41000011001,9f7abb9a-f6c1-4086-a439-72ff74980f8d,0,4,SANDY STP,WATER RECLAMATION SERVICES,0.0
41000011001,05b1fba1-dc70-40b1-aad5-bde42a3378ec,0,5,SANDY STP,TRIMBLE RENTALS LLC,0.0
41000011001,62fbe5ab-dc33-4abe-912a-63541c32ab7e,0,6,SANDY STP,OREGON DEPT OF TRANSPORTATION,0.0
41000011001,43524ec0-2b74-43c3-b650-6700b68c9302,0,7,SANDY STP,,
41000011001,89686716-6c16-4658-ba6d-6c8b13bc584b,0,8,SANDY STP,SANDY BAPTIST CHURCH,1.0
41000011001,0aa2ab49-2cbe-4b3d-b854-695a21ffbad9,0,9,SANDY STP,CITY OF SANDY,1.0
41000011001,508711bd-54b9-483c-80f4-6fa5c3a5c01a,0,10,SANDY STP,,
41000011001,8b673ec6-40a0-4b93-a477-f65716e2fa42,0,11,SANDY STP,,
41000011001,bf9e4749-ff82-4d22-b933-723a0ca8844f,0,12,SANDY STP,TRIMBLE RENTALS LLC,0.0
41000011001,26fc0923-70b4-46fe-b57b-3d7ad09f5838,0,13,SANDY STP,LITTLEPAGE TIMOTHY,0.0
41000011001,0d5a3f29-9bf6-4b16-ba4f-a69430c854d2,0,14,SANDY STP,TRIMBLE RENTALS LLC,0.0
41000011001,a8a4709b-0afa-48e8-861b-3d247b2b3cbc,0,15,SANDY STP,ELDA OR CL LLC,0.0
41000011001,d2c934bd-79c4-46aa-96c9-6faf02a604fc,0,16,SANDY STP,REARDON NURSERY INC,0.0
41000011001,0adbfce9-7d93-4f8a-b1ed-fb39aa3dd5e3,0,17,SANDY STP,ROBERGE DANIEL J CO-TRUSTEE,0.0
41000011001,6d8603c9-1dc2-42aa-9dc3-6e47eac4e355,0,18,SANDY STP,MILNICHUK JOHN N TRUSTEE,0.0
41000011001,6dd3ef39-8477-4604-bd7b-281d4b3d8302,0,19,SANDY STP,FRATER MARCIA LOUISE TRUSTEE,0.0
41000011001,62630c92-8660-47b4-a3c3-f164604e8214,0,20,SANDY STP,BLASA RAYMOND T TRUSTEE,0.0
41000018001,08413abc-4efb-4ade-8e65-7128e185ee0a,1,1,TROUTDALE STP,TROUTDALE CITY OF,1.0
41000018001,78f899a6-b7ad-49de-8bbe-8ca50426d9ab,0,2,TROUTDALE STP,URBAN RENEWAL AGENCY OF THE CITY OF TROUTDALE,1.0
41000018001,27cc045c-cc5c-4eec-b5b8-acfc575507d0,0,3,TROUTDALE STP,OREGON STATE OF,0.0
41000018001,bb68fa60-decc-4aa2-8612-4a3bca0ae5bc,0,4,TROUTDALE STP,TROUTDALE CITY OF,1.0
41000018001,8dbbc69a-2b6e-4010-b45f-f5c2df4b39f1,0,5,TROUTDALE STP,MULTNOMAH COUNTY,0.0
41000018001,60625ebe-bd6f-442c-8bb9-f629572ec132,0,6,TROUTDALE STP,OREGON STATE DEPT OF TRANSPORTATION,0.0
41000018001,71a4e80a-165a-4c7b-ab55-5a8a92969209,0,7,TROUTDALE STP,TROUTDALE CITY OF,1.0
41000018001,e6dd3875-4c3c-46a4-b358-a505cec9216d,0,8,TROUTDALE STP,OREGON STATE OF(HWY COMM,0.0
41000018001,974efb6e-f246-491b-85b8-ff6037f18767,0,9,TROUTDALE STP,OREGON STATE OF,0.0
41000018001,b9c63262-6220-4fcc-baef-a8ad7df9a28d,0,10,TROUTDALE STP,UNITED STATES OF AMERICA,0.0
41000018001,e7736694-7036-4f38-971d-d37f9adae9be,0,11,TROUTDALE STP,OREGON STATE DIVISION OF STATE LANDS,0.0
41000018001,8326c48e-c00b-46c4-8074-d7ca89aea1e7,0,12,TROUTDALE STP,OREGON STATE DEPT OF TRANSPORTATION,0.0
41000018001,0b484c1f-e7a7-4d17-aabf-72fd8aaed5dc,0,13,TROUTDALE STP,OREGON STATE OF,0.0
41000018001,0b5f3c09-b839-4c1e-8c52-a769da3083a6,0,14,TROUTDALE STP,SANDY RIVER RV RESORT LLC,0.0
41000018001,b00f0909-c168-40fb-94e9-26f7d0e6ed04,0,15,TROUTDALE STP,TROUTDALE CITY OF,1.0
41000018001,907a1015-5276-4287-8767-eb89e15a535c,0,16,TROUTDALE STP,PORT OF PORTLAND,0.0
41000018001,9aae90e6-6171-47e3-b585-706741b2bb16,0,17,TROUTDALE STP,UNITED STATES OF AMERICA,0.0
41000018001,720f881a-962c-482b-82ee-f6dbe99e46a1,0,18,TROUTDALE STP,OREGON STATE OF,0.0
41000018001,f065e503-3576-4f7d-92f2-d864054353f1,0,19,TROUTDALE STP,UNITED STATES OF AMERICA,0.0
41000018001,7f45d54a-950b-4f93-8ada-5795c5ce5c7e,0,20,TROUTDALE STP,OREGON STATE OF,0.0
41000025001,e038561a-1e17-4a12-a74c-d94d2963d9e6,1,1,GERVAIS STP,CITY OF GERVAIS,1.0
41000025001,a5bb6acd-303c-4476-a8dc-618ae048f17d,0,2,GERVAIS STP,"MATLOCK FAM TR & MATLOCK, HOWARD E & DOROTHY A TRE CITY OF GERVAIS",1.0
41000025001,acf53b02-524c-46eb-924f-14db838a522e,0,3,GERVAIS STP,GERVAIS SCHOOL DISTRICT #1,1.0
41000025001,1b3828e3-7403-4f89-b55d-b1c708cd6b04,0,4,GERVAIS STP,CITY OF GERVAIS ATTN: MOLLY DAVIS-RECORDER,1.0
41000025001,3dd750dd-7652-4f3f-ba03-0b69223d21e3,0,5,GERVAIS STP,CITY OF GERVAIS,1.0
41000025001,a9caa7e2-d9ba-4f0d-9fde-c14134686556,0,6,GERVAIS STP,GERVAIS SCHOOL DISTRICT 1 GERVAIS HIGH SCHOOL,1.0
41000025001,11621a52-d949-4527-a28b-4d139ed376f2,0,7,GERVAIS STP,CITY OF GERVAIS,1.0
41000025001,3f4e18bc-b99e-4606-93fe-bd921da85d60,0,8,GERVAIS STP,CITY OF WOODBURN,0.0
41000025001,53892171-396c-4ae3-ba13-77ffba4c841e,0,9,GERVAIS STP,UNION PACIFIC RAILROAD CO PROPERTY TAX,0.0
41000025001,be62a6d9-9a44-4405-b05f-5aae8227d574,0,10,GERVAIS STP,GERVAIS SCHOOL DISTRICT 1,1.0
41000025001,221ad0b1-2054-4648-916a-38fdb8d84c8d,0,11,GERVAIS STP,KIRSCH PROPERTIES LLC,0.0
41000025001,53a757ab-562e-4536-b1fc-e5616beb9486,0,12,GERVAIS STP,GERVAIS SCHOOL DISTRICT 1 GERVAIS SCHOOL DIST OFFICE,1.0
41000025001,86e0b846-9c1c-47be-9eaa-b6aac5b1d726,0,13,GERVAIS STP,"DUDA, EDWARD G DUDA, LEAH D",0.0
41000025001,d52d372c-0c49-4d0d-9f5e-01c101a6aa14,0,14,GERVAIS STP,"CARL F JENSEN RESTATED TR JANE E JENSEN RESTATED TR JENSEN, JANE E",0.0
41000025001,181bb520-3940-4a33-b949-fcf86d713c9c,0,15,GERVAIS STP,GERVAIS SCHOOL DISTRICT 1 GERVAIS MIDDLE SCHOOL,1.0
41000025001,afd20448-d72e-48ba-91f8-305290a8646f,0,16,GERVAIS STP,JLD FARMS LLC 50% & DRESCHER CREEK FARMS LLC 50%,0.0
41000025001,cadee9fe-ff9f-4562-8fa8-f69e3ef65aca,0,17,GERVAIS STP,EDER FARMS INC,0.0
41000025001,0264fd4f-4df2-4fbe-9600-0734ef35d88f,0,18,GERVAIS STP,CITY OF GERVAIS,1.0
41000025001,bf1b8406-e731-4926-aebd-14ec255e6763,0,19,GERVAIS STP,CROSSROADS LAND LLC,0.0
41000025001,ebbc8375-8625-4423-8e51-c8d8add2b1e6,0,20,GERVAIS STP,DALJAN PROPERTIES LLC C/O JAN & DALLAS MELCHER,0.0
41000030001,15f9fe95-29de-482f-9af7-02960f42ad85,1,1,ST PAUL STP,CITY OF ST PAUL,1.0
41000030001,770573aa-0ebe-4f17-93f5-bc032742c003,0,2,ST PAUL STP,CITY OF ST PAUL,1.0
41000030001,c8fa39af-3feb-48fe-ab9c-2d8cbc614a8d,0,3,ST PAUL STP,ST PAUL SCHOOL DISTRICT 45 ST PAUL HIGH SCHOOL,1.0
41000030001,cf13ab64-ced5-49a9-9dba-3e9c38c78146,0,4,ST PAUL STP,ST PAUL SCHOOL DISTRICT 45 ST PAUL ELEMENTARY SCHOOL,1.0
41000030001,23808163-2464-4207-bed0-441390afd4ea,0,5,ST PAUL STP,CITY OF ST PAUL,1.0
41000030001,9967e21b-128a-4927-9c84-fbdfb88c6c7a,0,6,ST PAUL STP,CITY OF ST PAUL,1.0
41000030001,f2c011d0-8b89-4278-b6e3-7772050ddb46,0,7,ST PAUL STP,ST PAUL SCHOOL DISTRICT 45,1.0
41000030001,00bcc1ca-2463-441c-a2b3-85fa4fbeb00a,0,8,ST PAUL STP,COLEMAN FARMS INC & FAIRFIELD FARMS INC,0.0
41000030001,48d50827-be76-4380-bd6c-80ae9e015839,0,9,ST PAUL STP,"OTT LT & OTT, CASPER S TRE & OTT, MATHILDA TRE",0.0
41000030001,678d7909-68c2-4d39-935a-79c51fcabd05,0,10,ST PAUL STP,"PHILIP K COLEMAN TR 50% & COLEMAN, PHILIP K TRE & SUSAN M COLEMAN TR 50%",0.0
41000030001,6657b04f-7ddc-48cd-8613-a44c840f5279,0,11,ST PAUL STP,"RICHARD LOUIS ERNST LT 50% & CAROLYN JOYCE ERNST LT & ERNST, RICHARD LOUIS TRE",0.0
41000030001,3355c397-7eca-4485-9a21-0cca9433dc29,0,12,ST PAUL STP,OTT FAMILY LLC,0.0
41000030001,2b79e0eb-33df-4960-86c1-7874fe1e7cd9,0,13,ST PAUL STP,"STUPFEL, JAMES PAUL & STUPFEL, LINDSAY ROSE",0.595567685759097
41000030001,c43c9826-37b9-40f5-bcd3-8778bbb5880d,0,14,ST PAUL STP,"DRESCHER, DANIEL & DRESCHER, JODI F",0.0
41000030001,7ce6beba-3057-4bc4-86a9-14bde200c4e6,0,15,ST PAUL STP,"BRUCE W ERNST LT & ERNST, BRUCE W TRE",0.0
41000030001,b4c3ce28-012c-4f7f-85d1-3a771bdf9817,0,16,ST PAUL STP,"KEVIN E SMITH LT & SMITH, KEVIN E TRE",0.0
41000030001,e5f8f8bc-689c-402c-a030-8831f3e21e0b,0,17,ST PAUL STP,COLEMAN FARMS INC & FAIRFIELD FARMS INC,0.0
41000030001,bc651fe2-988f-417c-b57d-b6b12e1055f9,0,18,ST PAUL STP,ST PAUL RODEO ASSOCIATION C/O GRANT MCKILLIP,1.0
41000030001,eacf7514-c576-4796-b230-e971e24ce998,0,19,ST PAUL STP,STATE OF OREGON-DSL COFFEE ISLAND,0.0
41000030001,144e577e-176d-4c6e-88e0-509b671b55f4,0,20,ST PAUL STP,"BRUCE W ERNST LT & ERNST, BRUCE W TRE",0.0
41000040001,e9abe4b5-54b8-4931-960a-14051e22115a,0,1,MONMOUTH STP,"STATE OF OREGON, W O S C",0.0
41000040001,d9c5f3c7-5743-47b3-8d6c-49cd38319f3d,0,2,MONMOUTH STP,CITY OF MONMOUTH,1.0
41000040001,133286e6-27d6-45b7-b4fe-ea4138145e86,0,3,MONMOUTH STP,"STATE OF OREGON, W O S C",0.0
41000040001,4fd9b13c-df11-4df8-838f-d9cc3551ca80,1,4,MONMOUTH STP,CITY OF MONMOUTH,1.0
41000040001,1320a0d1-f592-4b10-88f7-17cb0eb90354,0,5,MONMOUTH STP,"STATE OF OREGON, W O S C",0.0
41000040001,46a513d0-0cfa-4df7-a893-cfd271f73b73,0,6,MONMOUTH STP,"STATE OF OREGON, W O S C",0.0
41000040001,8abd9d77-8ea2-43af-abe5-84ebbc59e6f7,0,7,MONMOUTH STP,"STATE OF OREGON, W O S C",0.0
41000040001,62635e27-3120-4db7-a018-8535b82e369f,0,8,MONMOUTH STP,"STATE OF OREGON, W O S C",0.0
41000040001,18409b24-2885-4bb0-9c5f-dc13e2e39846,0,9,MONMOUTH STP,"STATE OF OREGON, W O S C",0.0
41000040001,8622ff2d-8315-457b-aa10-c2744087d663,0,10,MONMOUTH STP,"STATE OF OREGON, W O S C",0.0
41000040001,aa8dd861-f398-433d-80cd-cbf6fc98b8f1,0,11,MONMOUTH STP,CITY OF MONMOUTH,1.0
41000040001,4e08b84f-d6b0-4a68-bd4e-42fcb18161fb,0,12,MONMOUTH STP,CITY OF MONMOUTH,1.0
41000040001,62bf4726-4a56-44bd-914f-dddca4503bb6,0,13,MONMOUTH STP,CITY OF MONMOUTH,1.0
41000040001,0c855a45-009e-455d-a3a3-7a544704fec7,0,14,MONMOUTH STP,"STATE OF OREGON, WOU",0.0
41000040001,d28cb989-fb8b-46d2-8a81-e8d640aafe77,0,15,MONMOUTH STP,CITY OF MONMOUTH,1.0
41000040001,0a50d40b-cc8d-4a07-a6e5-8ac75acadef7,0,16,MONMOUTH STP,"STATE OF OREGON, W O S C",0.0
41000040001,f79c1e94-dc88-40a7-94e9-a4e7e82c27e1,0,17,MONMOUTH STP,CITY OF MONMOUTH,1.0
41000040001,d7563d1e-adfc-4430-a342-6e6e903f2af7,0,18,MONMOUTH STP,"STATE OF OREGON, W O S C",0.0
41000040001,f287c784-9b72-4fcb-80f8-021ea3a1dba4,0,19,MONMOUTH STP,MARR BRANDON J & MARR PENNY L,0.0
41000040001,1437afc3-fa06-4d5e-94fb-b7658116e581,0,20,MONMOUTH STP,MARR BRANDON J & MARR PENNY L,0.0
41000065001,5c496bd7-9360-4ea1-b9f8-186df7c347b3,0,1,THE DALLES STP,UNION PACIFIC RAILROAD CO,0.0
41000065001,32ac6caf-3907-4f7c-a4ed-1b37f8d5b9c1,0,2,THE DALLES STP,NORTHERN WASCO CO PARKS & REC DIST,0.0
41000065001,e2ad8c78-ffc5-4a4c-b032-9547c7749006,0,3,THE DALLES STP,NORTH WASCO CO SCHOOL DISTRICT #21,0.0
41000065001,70183fe3-51fa-4fbb-a2e1-2e6cb534b4f2,0,4,THE DALLES STP,WASCO COUNTY,0.0
41000065001,72814a42-fb07-442a-be75-0ed6160c58d8,0,5,THE DALLES STP,WASCO COUNTY,0.0
41000065001,5b4b3472-a74e-47fd-9f19-01835785970d,0,6,THE DALLES STP,NORTHERN WASCO CO PARKS & REC DIST,0.0
41000065001,ef7fa218-1041-48d6-bdaf-c2533e9541f9,0,7,THE DALLES STP,THE DALLES CITY OF,1.0
41000065001,4d280be4-0f4f-45cd-a27c-8755486ad956,0,8,THE DALLES STP,MID COLUMBIA MEDICAL CENTER,0.0
41000065001,b27ae981-1015-415a-b391-67ec6a34d979,0,9,THE DALLES STP,PORT OF THE DALLES,1.0
41000065001,723ccd33-8657-41e8-b38a-4652b8c432af,0,10,THE DALLES STP,OREGON CHERRY GROWERS LLC,0.0
41000065001,515758f5-2f2b-4b8b-92bd-c8cea2bf0917,1,11,THE DALLES STP,THE DALLES CITY OF,1.0
41000065001,8cdc0d73-9aba-42c0-b030-e77f0d280ac6,0,12,THE DALLES STP,NORTH WASCO CO SCHOOL DISTRICT #21,0.0
41000065001,797274db-18e5-4052-a041-6553c94dee89,0,13,THE DALLES STP,STATE OF OREGON,0.0
41000065001,a8b18b74-1471-48cf-885e-dd9f8abcb09d,0,14,THE DALLES STP,OREGON CHERRY GROWERS LLC,0.0
41000065001,3fccbd93-afd1-4cc1-916d-c5a86b8ba9c9,0,15,THE DALLES STP,OREGON CHERRY GROWERS LLC,0.0
41000065001,983dbfa2-87c8-41a2-ae81-eb6bd1e047b4,0,16,THE DALLES STP,NORTH WASCO CO SCHOOL DISTRICT #21,0.0
41000065001,221896e8-d3d7-4d2a-972d-4c8b94b4a169,0,17,THE DALLES STP,WASCO COUNTY,0.0
41000065001,b012ba6b-25b8-4c18-a884-a6b15e87f69a,0,18,THE DALLES STP,NORTH WASCO CO SCHOOL DISTRICT #21,0.0
41000065001,d22ded65-a43a-47b9-8864-d09a7c2e7d78,0,19,THE DALLES STP,NORTHERN WASCO CO PARKS & REC DIST,0.0
41000065001,dbe29a98-5cb2-4cc9-8cf8-3564790d1a5e,0,20,THE DALLES STP,THE DALLES MEDICAL DEVELOP CO,1.0
41000085001,e6f7cd06-f5b0-4901-a4b2-3d405ccdfe9c,0,1,AURORA STP,NORTH MARION SCHOOL DIST #15 NORTH MARION ELEMENTARY SCHOOL,0.0
41000085001,36b75063-c7ab-4700-a41c-fa010f40ed6e,0,2,AURORA STP,NORTH MARION SCHOOL DIST #15 NORTH MARION MIDDLE SCHOOL,0.0
41000085001,4889cf15-ec56-4190-b66c-481bbecb3e9b,0,3,AURORA STP,NORTH MARION SCHOOL DIST #15 NORTH MARION HIGH SCHOOL,0.0
41000085001,9026a586-df6a-4ee9-b404-1173beceb0c1,1,4,AURORA STP,CITY OF AURORA,1.0
41000085001,afdc08e1-a476-4561-b5e5-64f735a99107,0,5,AURORA STP,CITY OF DONALD,0.0
41000085001,062fb681-06ac-4e21-b1f6-3e4c02e23760,0,6,AURORA STP,STATE OF OREGON-AVIATION AURORA STATE AIRPORT,1.0
41000085001,15360139-457e-4d1b-a18a-85296557aaab,0,7,AURORA STP,NORTH MARION SCHOOL DIST #15,0.0
41000085001,921f8449-a883-446f-8b52-c337575c8362,0,8,AURORA STP,"ZWICKER FAMILY PARTNERSHIP & ZWICKER, TERRI R 26%;ZWICKER, MONTY A 74% ZWICKER, FLORENCE (LE)",0.0
41000085001,f906ac5d-0c21-419e-a52f-a4738a0e0435,0,9,AURORA STP,"SCHMIDT, JOHN MELVIN & SCHMIDT, NORMA E",0.0
41000085001,0a53c06f-4511-44db-8aef-6e4b67d3ca33,0,10,AURORA STP,"POWELL, TOM & POWELL, KELLY",0.0
41000085001,5799b1c4-0fa2-4d55-90f3-c03cb004b7e1,0,11,AURORA STP,"SCHMIDT, JOHN MELVIN & SCHMIDT, NORMA E",0.0
41000085001,ba0c114c-d89e-4e19-94ba-5a51d348d313,0,12,AURORA STP,NORTH MARION SCHOOL DIST #15,0.0
41000085001,3bd1eb76-db89-4c6c-80fa-80fa21ac0aa1,0,13,AURORA STP,NORTH MARION SCHOOL DIST #15,0.0
41000085001,8b282143-6948-411a-ba76-6042978f9890,0,14,AURORA STP,NORTH MARION SCHOOL DIST #15,0.0
41000085001,40a159f1-0a48-4b45-ba45-bc7730e38544,0,15,AURORA STP,"JORRITSMA, FAYE",0.0
41000085001,1ff56b71-94b9-4427-9b3e-809d4c961176,0,16,AURORA STP,"RICKY CRAIG ZACHER RLT ZACHER, RICKY CRAIG",0.0
41000085001,753aafc7-1628-4267-aa0c-34abcd88ae39,0,17,AURORA STP,"POHLSCHNEIDER LT & POHLSCHNEIDER, WALTER J TRE & POHLSCHNEIDER, LAUNA M TRE",0.0
41000085001,858cd6c7-6f8d-4021-bdfd-27c8e17d38fd,0,18,AURORA STP,"JORRITSMA, FAYE",0.0
41000085001,a3c8ea03-165c-476b-bc39-9cbf1ccc96e7,0,19,AURORA STP,"ZACHER, RICKY",0.0
41000085001,4770d66c-1b60-4d1e-958e-abdd3763993e,0,20,AURORA STP,"JORRITSMA, FAYE",0.0
41000087001,e05f48c1-8d7a-44f5-9626-d1d425b8feb3,0,1,BAY CITY STP,,
41000087001,507af792-357e-46c7-9f55-1ff955215cd8,1,2,BAY CITY STP,CITY BAY CITY,1.0
41000087001,cd6f18bc-1a19-49b8-af23-2de6785f2168,0,3,BAY CITY STP,TILLAMOOK COUNTY PIONEER MUSEU,0.0
41000087001,57e11bd3-35be-4045-929d-af6e700e6034,0,4,BAY CITY STP,"AVERILL, DON G & JO LYNN",0.0
41000087001,1283a53f-e835-4ddb-8e7c-ac4751c5c1fb,0,5,BAY CITY STP,"BAY OCEAN RD, LLC",1.0
41000087001,131750e1-e51f-4632-90a4-e06ce51e342d,0,6,BAY CITY STP,CITY BAY CITY,1.0
41000087001,964c60aa-5a56-427c-97e1-32bf49b61e2d,0,7,BAY CITY STP,THE NATURE CONSERVANCY,0.0
41000087001,d3585c7f-a49f-4976-8a97-b3f064ccde50,0,8,BAY CITY STP,,
41000087001,d3609d12-c11a-4804-9e80-e2d639327012,0,9,BAY CITY STP,BAY AIR LLC,1.0
41000087001,3c5d4e15-9969-4329-8d13-fd74227189bf,0,10,BAY CITY STP,TILLAMOOK COUNTY PIONEER MUSEU,0.0
41000087001,bf3bd531-66e1-409d-80a9-d7232a7f118d,0,11,BAY CITY STP,THE NATURE CONSERVANCY,0.0
41000087001,32ece984-b2d2-446a-a9b5-edbcca4eba78,0,12,BAY CITY STP,"AVERILL, DON G & JO LYNN",0.0
41000087001,3fcba436-885f-474d-990a-9df22addc14f,0,13,BAY CITY STP,THE NATURE CONSERVANCY,0.0
41000087001,6817eb10-f739-40a4-870f-d19e47126e8f,0,14,BAY CITY STP,"CORDOVA, YOVANI & AVILES, ROSA",0.0
41000087001,fb53e9c3-e779-4601-807d-ea09dc5294c3,0,15,BAY CITY STP,,
41000087001,23cc72d9-b71f-4f56-93a2-0d0ef4680b65,0,16,BAY CITY STP,GIENGER FARMS INC,0.0
41000087001,728b5f2a-c798-43d4-a3c3-fec3cc4f07cb,0,17,BAY CITY STP,BAY AIR LLC,1.0
41000087001,a9b7fea9-9ed8-4abf-a4a4-e35900782fc3,0,18,BAY CITY STP,CITY BAY CITY,1.0
41000087001,f13305c7-3122-4c15-aeb4-2003f7fa5c7d,0,19,BAY CITY STP,CITY BAY CITY,1.0
41000087001,fc1b47b3-29be-4ae6-9e8e-3bb06a71708d,0,20,BAY CITY STP,"WASSMER, PATRICIA",0.0
41000098001,a2e7b6d2-f105-4963-bdab-6fd60de6e73c,0,1,BUTTE FALLS STP,THE TOWN OF BUTTE FALLS,1.0
41000098001,6cc4cb8d-b5e4-4d1a-8a35-4128a71eb346,0,2,BUTTE FALLS STP,LONE ROCK TIMBER INVESTMENTS,0.0
41000098001,78036c94-20b0-4116-983a-2746ff0a4549,0,3,BUTTE FALLS STP,U S A,0.0
41000098001,d5b62d9f-acd1-4e2e-9ec1-c8ff427d6352,0,4,BUTTE FALLS STP,BOYD CAROL L/LAUREN D,0.0
41000098001,cfa4151d-4d07-4ff4-81ec-48d6bead1e49,0,5,BUTTE FALLS STP,LONE ROCK TIMBER INVESTMENTS,0.0
41000098001,be54c1c7-a7d5-426a-8029-37e9f4aebf93,0,6,BUTTE FALLS STP,CAMPBELL JOHN RICHARD/PAMELA,0.0
41000098001,3a77866e-45fc-4943-bcb3-fa433740d024,0,7,BUTTE FALLS STP,BETTENCOURT ALAN D/WENDY L,0.0
41000098001,d44bbfc2-833e-4903-8bfb-3b9e8f1f54ea,0,8,BUTTE FALLS STP,FETKOVICH DANIELLE/JAMES,0.0
41000098001,78d2ef19-26d2-4271-ad65-b5db01edef7c,0,9,BUTTE FALLS STP,SORENSON GARY/ELAYNE,0.0
41000098001,88e5031d-df00-440e-a0a1-39ca8b6cd8ba,0,10,BUTTE FALLS STP,BUTTE FALLS TOWN OF,1.0
41000098001,07900541-18f9-4de0-ae7a-2b650b5128fa,0,11,BUTTE FALLS STP,HORTON DANIEL,0.0
41000098001,3be46bfa-72b6-4eb6-b1b0-b11f4c944f18,0,12,BUTTE FALLS STP,GATZOVSKA TZANKA,0.0
41000098001,e21a77b7-f215-4814-877e-6a00a8da5b04,0,13,BUTTE FALLS STP,GENARIE PHILIP W III TRUSTEE,0.0
41000098001,b6257937-a529-4f4c-89a9-2e168c05c2d4,0,14,BUTTE FALLS STP,SILVER BUTTE TIMBER CO,0.5601558974324556
41000098001,a40c44cd-5a35-491a-a3c3-635cb90aa957,0,15,BUTTE FALLS STP,NICHOLSON JONATHAN D/CHRISTIN,0.0
41000098001,d9c2ff5d-420f-4943-a563-201970006922,0,16,BUTTE FALLS STP,BUTTE FALLS TOWN OF,1.0
41000098001,aa88ce79-99aa-4da5-a1f4-53e872802031,1,17,BUTTE FALLS STP,BUTTE FALLS OREGON TOWN OF,1.0
41000098001,06557522-4386-459c-ac4a-79543a60c791,0,18,BUTTE FALLS STP,TOWN OF BUTTE FALLS,1.0
41000098001,3c9fa83a-bfb0-40c4-917f-6b14e2371e26,0,19,BUTTE FALLS STP,SISKIYOU TIMBERLANDS LLC,0.0
41000098001,57f51543-1dec-4906-8387-39f5e6b54d21,0,20,BUTTE FALLS STP,WHITE TIMOTHY L/KIRSTEN,0.0
41000100002,5912edad-5476-4260-9ca4-26ac9c71edfd,0,1,CANNON BEACH STP,Cannon Beach City of,1.0
41000100002,53484465-a34d-49ee-9b83-37dba7f720bc,0,2,CANNON BEACH STP,Cannon Beach City of,1.0
41000100002,cce206a0-c4b1-45f4-861a-b57e9e9488a0,0,3,CANNON BEACH STP,Cannon Beach Chamber/Commerce,1.0
41000100002,5de744d7-8afd-4cff-84d3-3fe97c07dc59,0,4,CANNON BEACH STP,Cannon Beach City Of,1.0
41000100002,52c5ce5c-1c03-4336-865b-d275c62a9eef,0,5,CANNON BEACH STP,Cannon Beach City of,1.0
41000100002,b9fcd211-c26a-405a-97c9-0b7ee43fe72e,0,6,CANNON BEACH STP,Cannon Beach City of,1.0
41000100002,45c6279f-53e8-4b88-a745-880ea4e01e1d,0,7,CANNON BEACH STP,Cannon Beach City of,1.0
41000100002,63106e97-867a-46c5-906a-11cf9337dd09,0,8,CANNON BEACH STP,Cannon Beach City of,1.0
41000100002,71c75b95-4dfd-40ed-8369-f66e30ed664c,0,9,CANNON BEACH STP,New Cingular Wireless PCS LLC,0.0
41000100002,631d1b96-32d2-4c3e-81b4-e865eda83abe,1,10,CANNON BEACH STP,Verizon Wireless,0.0
41000100002,e4a7b0dc-7785-4946-b2ac-f981179ce08b,0,11,CANNON BEACH STP,Cannon Beach City of,1.0
41000100002,dab14903-03b4-4095-a36f-8282c88ac64e,0,12,CANNON BEACH STP,Cannon Beach City of,1.0
41000100002,b8724e97-f97a-4e2e-b68b-37573a5a6f9c,0,13,CANNON BEACH STP,Cannon Beach Conference,1.0
41000100002,2f1e9ed6-b0e3-4236-b05c-618d73cb043f,0,14,CANNON BEACH STP,Cannon Beach City of,1.0
41000100002,de0653f3-ede1-4885-8b51-ac8f86b9287f,0,15,CANNON BEACH STP,Cannon Beach Conference,1.0
41000100002,d5aa1139-4cfb-4c28-bdf8-798a39735290,0,16,CANNON BEACH STP,Swigart Carmen,0.0
41000100002,627a888c-e839-4553-a425-3db75c470240,0,17,CANNON BEACH STP,Swigart Carmen,0.0
41000100002,be7bd5a0-1623-442e-b5a5-88905957a5d2,0,18,CANNON BEACH STP,Cannon Beach Conference,1.0
41000100002,5cd858a6-3f0d-4d9a-9d99-fe4b5ef7c771,0,19,CANNON BEACH STP,Moskee Investment Co,0.0
41000100002,1ca79abb-1446-4fa6-a44a-8ff4a42e63fd,0,20,CANNON BEACH STP,Cannon Beach City of,1.0
41000106001,8421d386-6f0d-4222-a6f4-e86bee83c621,0,1,CAVE JUNCTION STP,THREE RIVERS/JOSEPHINE COUNTY,0.0
41000106001,819b2f45-c20c-4f31-b8e6-13afd712880e,0,2,CAVE JUNCTION STP,CITY OF CAVE JUNCTION,1.0
41000106001,3e8e773c-1856-4802-89c9-69f4f8a1ba07,1,3,CAVE JUNCTION STP,CITY OF CAVE JUNCTION,1.0
41000106001,edfbc7cd-0f6e-494f-9cbd-f525c12444e7,0,4,CAVE JUNCTION STP,THREE RIVERS/JOSEPHINE COUNTY,0.0
41000106001,86b7d124-76d8-4686-992a-8f08cf63a310,0,5,CAVE JUNCTION STP,CITY OF CAVE JUNCTION,1.0
41000106001,d55cba2b-26ea-463a-88d3-b9d8fa8c3037,0,6,CAVE JUNCTION STP,CITY OF CAVE JUNCTION,1.0
41000106001,3cae5642-fdbd-45c1-adec-0582827f4b02,0,7,CAVE JUNCTION STP,THREE RIVERS/JOSEPHINE COUNTY,0.0
41000106001,adfb5d67-969b-46ad-8b53-6d6ea141de76,0,8,CAVE JUNCTION STP,THREE RIVERS/JOSEPHINE COUNTY,0.0
41000106001,3fb2098f-430e-4b1c-aac6-a662d9a6d1d6,0,9,CAVE JUNCTION STP,THREE RIVERS/JOSEPHINE COUNTY,0.0
41000106001,c7f4c42a-597b-432d-9e7b-ed97a366be88,0,10,CAVE JUNCTION STP,CITY OF CAVE JUNCTION,1.0
41000106001,a2b5a3c2-259e-4ac4-b3fc-50395bee4e77,0,11,CAVE JUNCTION STP,THREE RIVERS/JOSEPHINE COUNTY,0.0
41000106001,8fd12b5d-b4d9-4b87-839a-ecdc5f3b13aa,0,12,CAVE JUNCTION STP,CITY OF CAVE JUNCTION,1.0
41000106001,7b1ceefc-b84c-498a-9ce6-3bda552a68ec,0,13,CAVE JUNCTION STP,USA BLM,0.0
41000106001,f573a4b4-f4b6-4357-b9e1-e093515aaf90,0,14,CAVE JUNCTION STP,STATE OF OREGON,0.0
41000106001,f806024f-83ff-49ab-8ca0-9f6a2266c7d6,0,15,CAVE JUNCTION STP,USA,0.0
41000106001,6cccdfff-cfee-4555-b53c-ed2eae376a61,0,16,CAVE JUNCTION STP,UNITED STATES OF AMERICA,0.0
41000106001,c4bb5b39-ee3c-4452-a9c6-0fdaa28e4031,0,17,CAVE JUNCTION STP,STATE OF OREGON,0.0
41000106001,001324a1-a550-4279-aeeb-931b8ce947ce,0,18,CAVE JUNCTION STP,ILLINOIS RIVER ESTATES HOMEOWNER'S ASSOCIATION INC,0.0
41000106001,9c5fae86-a809-4509-9f8c-0000b2c6dc70,0,19,CAVE JUNCTION STP,CITY OF CAVE JUNCTION,1.0
41000106001,c699a1f4-ec75-4fd1-96ff-e0adb01a0054,0,20,CAVE JUNCTION STP,"FUSON, RONNIE RAY JR & FUSON, ALICIA",0.0
41000121001,709d2112-a964-4143-b44d-3e4d8816afa8,0,1,DAYTON STP,DAYTON CITY OF,1.0
41000121001,db968934-292e-4e66-a0c2-d37368861169,0,2,DAYTON STP,DAYTON CITY OF,1.0
41000121001,d5f7b767-569f-4341-9a0e-20e071640663,0,3,DAYTON STP,SCHOOL DISTRICT NO 8 - DAYTON,1.0
41000121001,290564de-24c8-42a0-828d-179b16100e1e,0,4,DAYTON STP,SCHOOL DISTRICT NO 8 - DAYTON,1.0
41000121001,ba86c8e2-fbc0-4459-89a1-8b44f230eaf2,0,5,DAYTON STP,SCHOOL DISTRICT NO 8,0.0
41000121001,8eeb4b1a-c522-4ef4-9d06-80e5c1d6bdf3,0,6,DAYTON STP,,
41000121001,f523c43e-f4dd-439a-af76-7bc15688ad7f,0,7,DAYTON STP,,
41000121001,58b08211-d44b-47c2-b87d-d445d63712cd,0,8,DAYTON STP,DAYTON CITY OF,1.0
41000121001,ac89647b-8283-4afc-8779-296a79e31595,0,9,DAYTON STP,,
41000121001,ca17ef6f-c958-47c1-a572-679d0923bf2b,0,10,DAYTON STP,SCHOOL DISTRICT NO 8 DAYTON,1.0
41000121001,e1b2abd7-7498-4a9d-b4f7-2ed6ef371a69,0,11,DAYTON STP,,
41000121001,edf91bee-4731-4534-9616-04be63b9e73b,0,12,DAYTON STP,DAYTON CITY OF,1.0
41000121001,3b0c3ca1-ac70-4188-aa1d-f9ab99d3d71a,0,13,DAYTON STP,DAYTON CITY OF,1.0
41000121001,f2928226-bb27-4a16-ac73-59b0d9b03cbf,0,14,DAYTON STP,DAYTON CITY OF,1.0
41000121001,fe990897-4086-4f19-bb52-66c77c80a6a3,0,15,DAYTON STP,,
41000121001,29cbfa06-0377-4e63-8ea3-2d5da1941be0,0,16,DAYTON STP,,
41000121001,a43bfb98-4f41-48f3-8dca-96cc4648b4fb,0,17,DAYTON STP,,
41000121001,6cbbc4f0-7171-4d7d-94b9-dffc37031d66,0,18,DAYTON STP,,
41000121001,2a6cb200-dfac-4222-917b-ce02322846f2,0,19,DAYTON STP,,
41000121001,646dbb54-8313-47e1-b50a-2a376beab0f7,1,20,DAYTON STP,,
41000129001,da6cfebc-c943-47ad-b089-ec1197f616ed,1,1,DUFUR STP,DUFUR CITY OF,1.0
41000129001,fe18cde3-a56b-4bba-8c3e-4c19e5175ca2,0,2,DUFUR STP,DUFUR CITY OF,1.0
41000129001,2a41a731-e40e-40c4-9735-7c42b3b73f79,0,3,DUFUR STP,DUFUR CITY OF,1.0
41000129001,e4bd3bd3-875e-4a26-bec1-e880d1b3b3ba,0,4,DUFUR STP,ASHBROOK LAND & CATTLE LLC,0.0
41000129001,308e76dd-50f9-4ddc-954c-2ecc3e27f8d2,0,5,DUFUR STP,ORCHARD VIEW FARMS INC,0.0
41000129001,78c2c89e-78c6-4109-9e10-dacf7c8cc50d,0,6,DUFUR STP,MARKMAN WILLIAM J & SHELIA,0.0
41000129001,60c24e19-7899-4783-9562-bc9ddfc72e73,0,7,DUFUR STP,ASHBROOK LAND & CATTLE LLC,0.0
41000129001,2c7227e6-6d8f-4669-9e88-9f9adb807d2f,0,8,DUFUR STP,SCHOOL DISTRICT #29,0.0
41000129001,aa32e241-328d-4ac0-8d69-9b94a6964d0b,0,9,DUFUR STP,DRY HOLLOW FAMILY LLC,0.0
41000129001,629bc5b9-11af-4fb8-a7ed-f764a8f2c1ce,0,10,DUFUR STP,DUFUR CITY OF,1.0
41000129001,b1674f2a-9d27-41d5-b979-b59ebaec67fd,0,11,DUFUR STP,DUFUR CITY OF,1.0
41000129001,e884c9d3-9b38-4c15-8ab2-a5fc57f34793,0,12,DUFUR STP,CLAUSEN JOHN F & PATRICIA R,0.0
41000129001,2e342338-5106-427b-9ea0-c8860c3ac9a6,0,13,DUFUR STP,ASHBROOK LAND & CATTLE LLC,0.0
41000129001,a2ec084e-72cd-487f-8169-36efb785620b,0,14,DUFUR STP,CLAUSEN JOHN F & PATRICIA R,0.0
41000129001,a7735da2-e0c1-411b-a8ee-5331f392daf2,0,15,DUFUR STP,UNITED STATES OF AMERICA,0.0
41000129001,5089a4c6-63bf-4c6f-a95e-c5348b655ebc,0,16,DUFUR STP,ASHBROOK LAND & CATTLE LLC,0.0
41000129001,cb7c11cc-a4f1-48a4-a482-2f9db96fda8f,0,17,DUFUR STP,MARKMAN WILLIAM J & SHELIA,0.0
41000129001,33dc1a0c-2f26-4a77-9f22-9b66cc4e31db,0,18,DUFUR STP,CLAUSEN JOHN F & PATRICIA R,0.0
41000129001,37b5b9e9-b919-48b9-b596-03458f1e0990,0,19,DUFUR STP,CLAUSEN JOHN F & PATRICIA R,0.0
41000129001,8b11c811-f531-46c7-b0f2-d678dc438207,0,20,DUFUR STP,ASHBROOK LAND & CATTLE LLC,0.0
41000140001,7132384d-7627-4508-be9b-8d54518df6a0,1,1,FOSSIL STP,CITY OF FOSSIL,1.0
41000140001,43ea2971-f17b-4258-9f05-54f820c6ea55,0,2,FOSSIL STP,CITY OF FOSSIL,1.0
41000140001,efa2c71b-d3ef-40f4-98ec-d066321296ac,0,3,FOSSIL STP,CITY OF FOSSIL--FAIRGROUNDS,1.0
41000140001,d0ea90f4-f68b-4068-b9cc-f8d9e7d3ef1f,0,4,FOSSIL STP,COUNTY OF WHEELER FAIRGROUNDS,0.0
41000140001,fc04a101-c692-498c-98d0-64de517b8e59,0,5,FOSSIL STP,CITY OF FOSSIL,1.0
41000140001,74f8cf99-fe74-4706-bcb8-5eeb33969596,0,6,FOSSIL STP,COUNTY OF WHEELER,0.0
41000140001,89b6509c-d4c2-4e8e-9dcb-b258f77c0c7f,0,7,FOSSIL STP,CITY OF FOSSIL,1.0
41000140001,84f27b5b-cf12-4e3a-a41c-a611d4720a29,0,8,FOSSIL STP,SCHOOL-WHEELER CO. HIGH SCHOOL,0.0
41000140001,7d218083-15b2-4d79-a361-ea4b4df619d1,0,9,FOSSIL STP,CITY OF FOSSIL,1.0
41000140001,c74d401d-5fe4-414e-a93e-38c09cb82178,0,10,FOSSIL STP,CITY OF FOSSIL,1.0
41000140001,f98b5ae3-9dcf-435a-8d3f-823b36054d61,0,11,FOSSIL STP,WHEELER COUNTY,0.0
41000140001,79c1f767-843b-4742-a46a-a293b42ccf8b,0,12,FOSSIL STP,CITY OF FOSSIL,1.0
41000140001,604f6891-4079-47f1-9fa0-79940d55e2bc,0,13,FOSSIL STP,COUNTY OF WHEELER SHOP,0.0
41000140001,b3e2316b-5fc2-4807-9db9-f44784ea0471,0,14,FOSSIL STP,WHEELER COUNTY,0.0
41000140001,c0c8ef4d-60f6-47ba-b3c4-675e1aebe312,0,15,FOSSIL STP,CITY OF FOSSIL,1.0
41000140001,d16b3034-41a2-48f6-a2db-3cf5633f02e2,0,16,FOSSIL STP,MISENER ROBERT A,0.0
41000140001,b3f5ed36-854b-4d1a-b475-ee68a4786278,0,17,FOSSIL STP,LYLE WILLIAM H & KIMBERLY D,0.0
41000140001,62a96eb7-9eac-4468-b72b-c774f910c180,0,18,FOSSIL STP,JOHNSON ROBERT S,0.0
41000140001,67429b7e-9b62-428f-b031-5d19f33c07e0,0,19,FOSSIL STP,FOSSIL ROD & GUN CLUB,1.0
41000140001,fded7b47-9959-44a1-9619-6525582e94ef,0,20,FOSSIL STP,WILSON RANCHES LLC,0.0
41000182001,a7de5589-1abc-4b16-b7d1-f38b17d7d562,1,1,LAFAYETTE STP,LAFAYETTE CITY OF,1.0
41000182001,e874abed-a986-4556-aea6-bca2e9f569e7,0,2,LAFAYETTE STP,,
41000182001,073fb90c-5f55-4f73-8c8e-965cf9f77c14,0,3,LAFAYETTE STP,SCHOOL DISTRICT NO 40,0.0
41000182001,22f5ec32-e18c-46c8-920e-bdc2b211e27e,0,4,LAFAYETTE STP,HOUSING AUTHORITY OF YAMHILL COUNTY,0.0
41000182001,4d5a3439-b714-4a09-b7ea-78e125b41c1b,0,5,LAFAYETTE STP,,
41000182001,328d3183-f586-4c58-b7b4-d857cbb796cf,0,6,LAFAYETTE STP,LAFAYETTE CITY OF,1.0
41000182001,90076d59-1cd7-4ac1-8318-73f03570c4fc,0,7,LAFAYETTE STP,,
41000182001,9407c7a2-7fe2-44c8-bef1-35426eb4440b,0,8,LAFAYETTE STP,,
41000182001,41d21bc1-0244-4107-8c7e-9474838618a6,0,9,LAFAYETTE STP,,
41000182001,c965e83f-4a71-44a0-932a-648bf24af9d3,0,10,LAFAYETTE STP,LAFAYETTE CITY OF,1.0
41000182001,f3f118b2-1d47-423b-8c6b-5a03b499264b,0,11,LAFAYETTE STP,,
41000182001,61fed291-a77d-452b-b125-d7eca20fc1b2,0,12,LAFAYETTE STP,,
41000182001,633917f1-5f07-40d4-a49e-399234737efa,0,13,LAFAYETTE STP,YAMHILL COUNTY,0.0
41000182001,e9d657b5-7eeb-46c4-b70e-2d4f5e6f7bd0,0,14,LAFAYETTE STP,,
41000182001,d0909e0e-e451-4dab-a2c5-dbc7bf66c1b1,0,15,LAFAYETTE STP,,
41000182001,2005882a-d44c-43a4-89c8-8025d5fd6dfc,0,16,LAFAYETTE STP,,
41000182001,e86fa75e-0200-4b71-ad6c-9b126578e670,0,17,LAFAYETTE STP,PIONEER PARK RESIDENTS COMMUNITY,0.0
41000182001,218ba83e-5640-4be1-aba0-54079dcb0219,0,18,LAFAYETTE STP,BUNN BEN A JR CO-TRUSTEE,0.0
41000182001,cf18ebea-1e45-4b52-845b-288ae7b700a2,0,19,LAFAYETTE STP,STOLLER LAURENCE W 50%,0.0
41000182001,79df192f-2cb6-4ad5-b61a-d211596a4e4c,0,20,LAFAYETTE STP,KHALIL & SONS INC,0.0
41000228001,2b9fd834-7005-417c-ab7e-bedd1915efc7,1,1,PAISLEY STP,CITY OF PAISLEY,1.0
41000228001,edb5e728-4e16-4e88-a667-bd5127411e0c,0,2,PAISLEY STP,SCHOOL DIST #11,0.0
41000228001,6c915704-c2b5-4253-86ba-6d831cec5191,0,3,PAISLEY STP,CITY OF PAISLEY,1.0
41000228001,357a70fa-ee23-44f5-a8aa-10384d544eec,0,4,PAISLEY STP,CITY OF PAISLEY,1.0
41000228001,7f951406-3865-439e-a7ff-e2b97b27d7e8,0,5,PAISLEY STP,,
41000228001,b44fc788-49bc-40fc-9c44-48fd75c19a08,0,6,PAISLEY STP,U S A FREMONT NATIONAL FOREST,0.0
41000228001,fe09f1aa-8fda-40ce-9a28-f16ca9339b51,0,7,PAISLEY STP,LAKE COUNTY,0.0
41000228001,70d79ae1-3989-44f7-a14c-80ba73f23e9d,0,8,PAISLEY STP,,
41000228001,df6f62a9-8f9a-44c2-b5aa-9436e1366f63,0,9,PAISLEY STP,BABB LEN & GLORIA,0.0
41000228001,02ea3889-1ad1-4a00-b80c-8f7444d4e5db,0,10,PAISLEY STP,PAISLEY CEMETERY,1.0
41000228001,240b5dd8-44ab-4dc8-b5be-dd65d2501045,0,11,PAISLEY STP,CHEWAUCAN PROPERTIES LLC,0.0
41000228001,beeba646-df5a-45da-8c18-33c951cadf80,0,12,PAISLEY STP,COLAHAN ENTERPRISES INC,0.0
41000228001,502b4359-9c75-4bd1-a2f4-39f3f27316f9,0,13,PAISLEY STP,,
41000228001,ddb95ec4-e2a8-4597-98fb-20c163075684,0,14,PAISLEY STP,BABB LEN & GLORIA,0.0
41000228001,eef6b4f5-98c0-4e58-a06f-222e68164e0b,0,15,PAISLEY STP,"MURPHY LAND HOLDINGS, LLC",0.0
41000228001,02c3b99b-bde7-4a32-813c-9d1ff39e8642,0,16,PAISLEY STP,"MURPHY LAND HOLDINGS, LLC",0.0
41000228001,39c93cfa-c830-4ccc-acd0-e1fb97f820ea,0,17,PAISLEY STP,MALONE GEORGE JR & SUSAN,0.0
41000228001,2fa38f36-048b-4374-b941-b594ce0f126a,0,18,PAISLEY STP,ANSETH SHANNA M & CLEVE H,0.0
41000228001,8fb15a65-d593-4845-88f2-3fab38fd0333,0,19,PAISLEY STP,SHANAHAN DAVID EDWARD JR,0.0
41000228001,80e152ce-cd7d-42ae-91d5-96fcd2e7dd7e,0,20,PAISLEY STP,COLAHAN ENTERPRISES INC,0.0
41000238001,946c3455-2671-4bdd-9a8f-7ce492d867dc,0,1,PRINEVILLE STP,PRINEVILLE CITY OF,1.0
41000238001,e9083a54-7f08-49fb-b97e-d1e64003d613,0,2,PRINEVILLE STP,CROOK COUNTY PARKS & RECREATION,0.0
41000238001,1d67a2b8-ad01-42fa-8b88-bebc639b7e74,0,3,PRINEVILLE STP,CROOK COUNTY PARKS & RECREATION,0.0
41000238001,670457b9-4878-4cd3-b0b7-40a78d35d0c5,0,4,PRINEVILLE STP,PRINEVILLE CITY OF,1.0
41000238001,4bd61873-0dac-4480-8b41-a810bec1c67d,1,5,PRINEVILLE STP,PRINEVILLE CITY OF,1.0
41000238001,6fec408a-8bb3-4493-8d50-fe1d91f2fbd9,0,6,PRINEVILLE STP,CROOK COUNTY,0.0
41000238001,9f74b233-1c7c-4698-ac8f-db4f826c5b4c,0,7,PRINEVILLE STP,CROOK COUNTY PARKS & RECREATION,0.0
41000238001,0ee1f0c9-0da0-4a11-8d1a-8b3190c53ea1,0,8,PRINEVILLE STP,CROOK COUNTY,0.0
41000238001,60343c62-43f2-49d3-9326-0708724b87da,0,9,PRINEVILLE STP,PRINEVILLE CITY OF RAILWAY,1.0
41000238001,cdc66806-551a-46f2-ba95-97a0799f642e,0,10,PRINEVILLE STP,PRINEVILLE CITY OF,1.0
41000238001,3846447b-92d7-4bb4-9ca5-4b244269f0e9,0,11,PRINEVILLE STP,CROOK COUNTY PARKS & RECREATION,0.0
41000238001,154c8223-bbc2-4a46-99d1-21ae6bd0cd60,0,12,PRINEVILLE STP,CROOK COUNTY CEMETERY IMP DIST,0.0
41000238001,a647dc58-3f8d-407f-895d-ccfb88e9717e,0,13,PRINEVILLE STP,CROOK COUNTY SCHOOL DISTRICT,0.0
41000238001,79b753d1-54fb-49be-8b41-4f57ebe856a7,0,14,PRINEVILLE STP,U.S. FOREST SERVICE,0.0
41000238001,075a5412-079b-4cc1-bb4a-ddd682428c5a,0,15,PRINEVILLE STP,PRINEVILLE CITY OF,1.0
41000238001,9c1a1e2d-b79c-44d1-8e16-f6a991fefa1b,0,16,PRINEVILLE STP,PRINEVILLE CITY OF,1.0
41000238001,46deddb2-44b1-437b-823b-1ed6f8abcaea,0,17,PRINEVILLE STP,PRINEVILLE CITY OF,1.0
41000238001,3d691ed2-f66b-4798-8c39-f55be830b4a9,0,18,PRINEVILLE STP,CROOK COUNTY,0.0
41000238001,a7c7b5b5-a1d9-4449-b037-810e164fa36f,0,19,PRINEVILLE STP,CROOK COUNTY,0.0
41000238001,2867e7bc-dbec-44f1-824e-610ed0ca098c,0,20,PRINEVILLE STP,CROOK COUNTY,0.0
41000250001,c2615d16-14f4-418a-bfa2-5d542980c47a,1,1,SCIO STP,SCIO CITY OF,1.0
41000250001,35202d3c-432d-41fc-9e75-6a3fa6a29065,0,2,SCIO STP,SCIO SCHOOL DISTRICT #95C,1.0
41000250001,db17759d-e980-4a7c-876c-59724e16324a,0,3,SCIO STP,SCIO SCHOOL DISTRICT #95C,1.0
41000250001,627395c3-5f05-4650-9b92-629472f31d97,0,4,SCIO STP,SCIO SCHOOL DISTRICT #95C,1.0
41000250001,259cb38f-57da-4324-8f4b-96f7d792a08e,0,5,SCIO STP,LINN COUNTY,0.0
41000250001,9f7b1621-88b1-4e08-b9f9-89ea44f53e3d,0,6,SCIO STP,EASTMAN CORRINA A,0.0
41000250001,216f0aeb-6da0-4e63-8c40-94e628ff6b95,0,7,SCIO STP,THARP CASEY O,0.0
41000250001,5619b60f-7808-4db7-8305-228bef1fcbef,0,8,SCIO STP,LINDA M WHITE REV LIVING TRUST ET AL,0.0
41000250001,c6e3f9a8-66f5-4afe-abd3-3be4027560a9,0,9,SCIO STP,THATCHER DANIEL W & TRISTA E,0.0
41000250001,192953e6-eac4-4e53-9d80-a0b0c2f40881,0,10,SCIO STP,EASTMAN CORRINA A,0.0
41000250001,70dd001f-1d6c-4c3d-9c7f-b1bd26c58083,0,11,SCIO STP,GRAY SAMUEL & JESSICA,0.0
41000250001,6e936830-f80f-4a41-90fb-be0d7c9afe31,0,12,SCIO STP,OREGON STATE OF HIGHWAY COMM,0.0
41000250001,3cde5eab-5fa4-4268-a121-1830593bf08b,0,13,SCIO STP,GUEST WILLIAM T & WENDY JO,0.0
41000250001,e5942002-8321-4a2e-b87c-4760d96886bd,0,14,SCIO STP,LOWERS JAMES T TR,0.0
41000250001,8397fa60-db74-466d-a5f6-1d99e290816e,0,15,SCIO STP,ROBINSON KENNETH O & KAREN L,0.0
41000250001,15e964d1-020f-4e33-98bd-971249d24da7,0,16,SCIO STP,VANAGTMAEL MARY M ET AL,0.0
41000250001,1a7a9be5-603f-4db9-bc91-1c40e3e3fca7,0,17,SCIO STP,JAMES OLIVER E & SHIRLEY J,0.0
41000250001,62ce44d6-284d-473e-8d95-5b7cc777b043,0,18,SCIO STP,BROWN SHERRI L & COWDREY MICHAEL,0.0
41000250001,0c125dd6-aff0-4d5f-85b0-4409461c9611,0,19,SCIO STP,BROWN SHERRI L ET AL,0.0
41000250001,8437295c-d2ca-4a54-b86d-e69e26242de2,0,20,SCIO STP,SCIO BUCKAROOS INC,1.0
41000254001,e05164b6-0345-42dd-be68-770eef3891bd,1,1,SHADY COVE STP,ROGUE VALLEY SEWER SERVICES,0.0
41000254001,de5d8219-163f-4d35-81e0-11add78cc69b,0,2,SHADY COVE STP,TRAILMARK CORPORATION,0.0
41000254001,bb3c7519-5288-46a6-878f-c378a739a95c,0,3,SHADY COVE STP,TRAILMARK CORPORATION,0.0
41000254001,e12cf1fc-323e-43de-a0c1-9cfaebcaf10e,0,4,SHADY COVE STP,H-STAR RANCHES INC,0.0
41000254001,6689f0cf-6c7a-4186-bc8e-5c4632614fd4,0,5,SHADY COVE STP,CANTERE REGINA L,0.0
41000254001,b5092396-7045-49cf-af20-93266ec6e0c1,0,6,SHADY COVE STP,ROGUE RIVER DRIVE ESTATES LLC,0.0
41000254001,b1f4e7a0-131a-4835-b9cc-d49820c4c299,0,7,SHADY COVE STP,ROGUE AIR INC,0.0
41000254001,4de2f7e4-ea4b-45e2-a01f-bf516eb27215,0,8,SHADY COVE STP,WEATHERS ROBIN L/E GARY,0.0
41000254001,1f323f61-8bf8-45f5-9755-c9c8ae3712f6,0,9,SHADY COVE STP,ROGUE AIR INC,0.0
41000254001,69411223-2eed-4069-be8e-8dafabcb4c3e,0,10,SHADY COVE STP,HARRIS LONNY/MEMORY,0.0
41000254001,7c922ae9-1b58-40ea-bd44-9014856d42cc,0,11,SHADY COVE STP,SCHWARTZKOPF R/JUDITH,0.0
41000254001,87d78fb5-0ff6-4853-81d3-cd5ec66694a3,0,12,SHADY COVE STP,TROUTMAN CHUCK/MARILYN,0.0
41000254001,4bec32ec-d9c6-4e74-aa7e-50a0093bafc5,0,13,SHADY COVE STP,NEWLAN JAMES DOUGLAS/CLARE MA,0.0
41000254001,80751404-00ae-453d-bc8e-8e44ad8825fc,0,14,SHADY COVE STP,DAVIDSON LANEY C/ROSE M,0.0
41000254001,de1c77d3-f3e9-468e-9b6f-328cbab32c3e,0,15,SHADY COVE STP,FEHRENBACH MARIE ALANA TRUSTE,0.0
41000254001,bdec419a-2842-4672-98f9-7a1b81417279,0,16,SHADY COVE STP,SHADY COVE CITY OF,1.0
41000254001,4e396108-251e-4ca0-b960-5a81a08dd290,0,17,SHADY COVE STP,MORGAN LONNY P/MORGAN SONYA S,0.0
41000254001,0a7987de-affd-4ca5-806f-ee1a3fc580d6,0,18,SHADY COVE STP,ROGUE RIVER DRIVE ESTATES LLC,0.0
41000254001,db316622-0b38-4b88-b0b8-9e31edb99285,0,19,SHADY COVE STP,NIELSON DANIEL D/CAROLE M,0.0
41000254001,13d5d73d-901b-4076-b6dd-fb830255b701,0,20,SHADY COVE STP,FETHEROLF ALISON/DALE,0.0
41000256001,bb6311e5-243f-4ef1-aa17-8a6ea529a1e9,1,1,SHERIDAN STP,SHERIDAN CITY OF,1.0
41000256001,6be971d8-e4dc-44de-8fc8-29deac5bb809,0,2,SHERIDAN STP,SHERIDAN CITY HALL,1.0
41000256001,86077abf-4cd2-4394-b155-e03b35407206,0,3,SHERIDAN STP,SHERIDAN CITY OF,1.0
41000256001,1a5120f9-e3d2-46da-b4d8-d2c57bd0d8be,0,4,SHERIDAN STP,SCHOOL DISTRICT NO 48 JT,0.0
41000256001,0d708aec-c2d0-4ef5-b111-96ad3ce54646,0,5,SHERIDAN STP,SHERIDAN CITY OF,1.0
41000256001,796dbf78-d16e-4216-adc7-984156218687,0,6,SHERIDAN STP,SCHOOL DISTRICT NO 48 JT,0.0
41000256001,1725d4a2-1bff-4245-8eef-0f948bdc9f3e,0,7,SHERIDAN STP,PACIFIC FIR LUMBER CO,0.0
41000256001,dd6b76e2-025f-4450-b823-ab0a22ff4a59,0,8,SHERIDAN STP,SHERIDAN SCHOOL DISTRICT 48J,1.0
41000256001,adc8d1f5-9f65-4154-a350-fa3cb7e4e353,0,9,SHERIDAN STP,,
41000256001,f6d56fb7-f452-4781-bb6a-27cf2a436c54,0,10,SHERIDAN STP,PACIFIC FIR LUMBER CO,0.0
41000256001,5bcbad7f-d344-4737-8b42-330f798872a5,0,11,SHERIDAN STP,PACIFIC FIR LUMBER CO,0.0
41000256001,604a0c24-54cc-4214-adb3-1539e1586b2a,0,12,SHERIDAN STP,SHERIDAN CITY OF,1.0
41000256001,3b1a9c17-ccca-4b79-8506-4cf1ddb0491a,0,13,SHERIDAN STP,,
41000256001,7c008f24-4de5-4fa9-aa51-da1d096c6c3d,0,14,SHERIDAN STP,,
41000256001,fd695a91-0ecc-437a-a660-634788bb0390,0,15,SHERIDAN STP,,
41000256001,ab58a93a-fb40-42b7-9d5c-ed5906ac2907,0,16,SHERIDAN STP,,
41000256001,49ac5c67-a4dc-435e-bad0-8b6ec307646d,0,17,SHERIDAN STP,SHERIDAN CITY OF,1.0
41000256001,189f9a2e-6bf2-41cb-b9f0-d80b8e0a8b5a,0,18,SHERIDAN STP,,
41000256001,88526199-6ef5-4e1f-a0a1-85caea8fbfe4,0,19,SHERIDAN STP,,
41000256001,676b742d-ade1-4863-90bb-aae893f86c9e,0,20,SHERIDAN STP,SHERIDAN LODGE NO 64 AF&AM (FKA),1.0
42000072001,bb6f7296-2a41-4407-9a7d-1a6776efa693,0,1,WARMINSTER STP,CHRISTS HOME,0.0
42000072001,44f3bccb-e338-4265-875c-b6f88a3506d6,0,2,WARMINSTER STP,HATBORO BOROUGH,0.0
42000072001,2fabae70-8dc1-4813-93b7-f64bc403b8d0,0,3,WARMINSTER STP,CHURCH NATIVITY OF OUR LORD,0.0
42000072001,c652daec-d815-465d-911b-992ea3f7e0ee,1,4,WARMINSTER STP,WARMINSTER TWP MUN AUTH,1.0
42000072001,ef9e66d1-348a-422e-97bf-bd9f10303692,0,5,WARMINSTER STP,WARMINSTER TOWNSHIP MUNICIPAL AUTHORITY,1.0
42000072001,071d7ee3-bb72-46af-8ea4-29ea7f813ae8,0,6,WARMINSTER STP,CHRIST HOME,0.0
42000072001,88630738-3d62-4a9a-8795-45a27f71e35b,0,7,WARMINSTER STP,CHURCH JOHN J CARDINAL KROL,0.0
42000072001,81e8fb81-e919-4f23-82e0-4f7a76d31d7d,0,8,WARMINSTER STP,CHRIST HOME,0.0
42000072001,549b036e-025f-4d33-a7a0-b7a5dfbc2209,0,9,WARMINSTER STP,CENTER POINT PLACE ASSOC L P,0.0
42000072001,0d3d6d0c-78be-4048-8221-a082f9188e9f,0,10,WARMINSTER STP,PECO ENERGY CO,0.0
42000072001,f6cf2247-41f5-4296-9099-79253baa481f,0,11,WARMINSTER STP,HORSHAM TOWNSHIP SEWER AUTHORITY,0.0
42000072001,68b0663e-6e95-4af5-b2ea-b99935de260a,0,12,WARMINSTER STP,TOWNSHIP OF WARMINSTER,1.0
42000072001,b2768dee-91e4-4d20-9795-84a74c14dc14,0,13,WARMINSTER STP,"WARMINSTER TOWNE CTR ASSOC, L P",1.0
42000072001,cda6e584-34d2-4c58-b449-e9e200240b0c,0,14,WARMINSTER STP,WARMINSTER TWP,1.0
42000072001,5755f7b2-dc6a-4c4c-8f99-c4aa2110d425,0,15,WARMINSTER STP,WARMINSTER TWP MUN AUTH,1.0
42000072001,e40ec534-98de-433d-893b-c35ad9d3eb81,0,16,WARMINSTER STP,CENTENNIAL SCHL DIST,0.0
42000072001,471c5f66-60d8-4843-9447-fdef05ccbc64,0,17,WARMINSTER STP,CHURCH NATIVITY OF OUR LORD,0.0
42000072001,7947d37b-4ce9-4b69-b2ed-1dc48296fa7d,0,18,WARMINSTER STP,LIDL US OPERATIONS LLC,0.0
42000072001,ae380e18-6cd1-4546-b04f-5e99358f0155,0,19,WARMINSTER STP,DRAKE MOTOR PARTNERS PA LLC,0.0
42000072001,c9265fa0-aea5-4199-b78c-d864b76bc2c4,0,20,WARMINSTER STP,MOKO ENT INC,0.0
42001246001,ec8e03b2-b191-4dbe-98fe-9efaa55de08d,1,1,NAZARETH BORO STP,NAZARETH BORO MUNICIPAL AUTH,1.0
42001246001,0ef2a9d1-fe0c-4bad-8d28-2734f868a1f5,0,2,NAZARETH BORO STP,NAZARETH BORO MUNICIPAL AUTH,1.0
42001246001,82f8e343-cad7-4696-b721-14aac6fdda3a,0,3,NAZARETH BORO STP,NAZARETH AREA SCHOOL DISTRICT,1.0
42001246001,43a9c480-10fe-4846-bc27-d28ee9ef49ec,0,4,NAZARETH BORO STP,NAZARETH AREA SCHOOL DISTRICT,1.0
42001246001,38598d13-be49-48f7-bbe5-3f2995ef7be0,0,5,NAZARETH BORO STP,NAZARETH MUNICIPAL PARK,1.0
42001246001,83295556-474b-4100-bc92-edd3847752d3,0,6,NAZARETH BORO STP,NEW ENTERPRISE STONE & LIME CO INC,0.0
42001246001,74fcc164-dd47-4ddb-8e5f-232e595b8311,0,7,NAZARETH BORO STP,EASTERN INDUSTRIES INC,0.0
42001246001,6113e194-3eb2-4d99-b4fd-e7af88f37030,0,8,NAZARETH BORO STP,CLPF MRPI NAZARETH LLC,1.0
42001246001,1f4ee033-27be-480a-a4d8-193059137012,0,9,NAZARETH BORO STP,EASTERN INDUSTRY INC,0.0
42001246001,447dd98a-d40c-41bb-a309-81a23138d089,0,10,NAZARETH BORO STP,EASTERN INDUSTRIES INC,0.0
42001246001,47d522f8-66b9-4d06-820e-acfd8e223889,0,11,NAZARETH BORO STP,STOCKERTOWN BOROUGH,0.0
42001246001,be811592-a759-41ca-9be3-458758603ddb,0,12,NAZARETH BORO STP,BUSHKILL TOWNSHIP,0.0
42001246001,b3649431-646a-4442-b011-5341664542e6,0,13,NAZARETH BORO STP,NAZARETH AREA SCHOOL DISTRICT,1.0
42001246001,618e3f8a-5bf9-4019-9b79-1e055e666c42,0,14,NAZARETH BORO STP,USLP ZETA VAN BUREN LLC,0.0
42001246001,53bde07f-bb2f-48cc-be96-d57f7f4ea753,0,15,NAZARETH BORO STP,LEHIGH VALLEY 33 LOGISTICS,0.0
42001246001,2dc35225-73e1-47b3-81a7-b0ee434f66bd,0,16,NAZARETH BORO STP,CHARLES CHRIN REAL ESTATE TRUST,0.0
42001246001,bfaecb20-edbe-4061-8fcc-119cc56ab545,0,17,NAZARETH BORO STP,NORTHAMPTON COUNTY,0.0
42001246001,96bed531-a399-46b6-940a-a96bfcaf10ef,0,18,NAZARETH BORO STP,CARSON VAN BUREN LLC,0.0
42001246001,58cca129-cdd1-44fe-855d-fdf54992925b,0,19,NAZARETH BORO STP,ESSROC MATERIALS INC,0.0
42001246001,34f81188-4673-49c9-bc0b-5d6bea88e243,0,20,NAZARETH BORO STP,CHARLES CHRIN REAL ESTATE TRUST,0.0
42004005001,cac5b2d0-5c55-4ea7-addb-042726743c7f,0,1,CRESSON BORO STP,CRESSON TOWNSHIP,1.0
42004005001,6b7b8658-18a5-4627-9bf8-46c7fb024202,0,2,CRESSON BORO STP,CRESSON TOWNSHIP,1.0
42004005001,983e9cc7-6a0b-4808-9d56-e7aabb9b941b,0,3,CRESSON BORO STP,CRESSON TOWNSHIP,1.0
42004005001,b4133dfe-c007-4de6-bc00-77951e4d13f8,1,4,CRESSON BORO STP,CRESSON BOROUGH MUNICIPAL AUTH,1.0
42004005001,bf4c0d28-09cd-43e5-b35c-6a17f15c6b29,0,5,CRESSON BORO STP,CRESSON TOWNSHIP,1.0
42004005001,675c1a50-a889-46ac-9d32-b800d3bf4f07,0,6,CRESSON BORO STP,ST ALOYSIUS CHURCH,0.0
42004005001,44145959-eaf1-49dc-807a-b4afce38f61f,0,7,CRESSON BORO STP,REDEVELOPMENT AUTHORITY OF,0.0
42004005001,79a00366-c321-4c00-a21d-aad158b82a34,0,8,CRESSON BORO STP,PENNSYLVANIA ELECTRIC CO,0.0
42004005001,bb91b5eb-8f78-4eb4-ad8a-604ea637174b,0,9,CRESSON BORO STP,PENN CAMBRIA SCHOOL DISTRICT,0.0
42004005001,fdca93a5-ceb5-4979-a07c-31578a25eede,0,10,CRESSON BORO STP,CRESSON TOWNSHIP,1.0
42004005001,4cf3130d-1caa-4d00-b00a-d1175f621449,0,11,CRESSON BORO STP,CRESSON BOROUGH,1.0
42004005001,0c923cef-08f5-479c-b7ce-297742364cce,0,12,CRESSON BORO STP,USPS,0.0
42004005001,05202ecf-23e1-40f7-944c-31bfb91c852f,0,13,CRESSON BORO STP,CRESSON TWP,1.0
42004005001,a6c54ecb-d82e-4c2c-9e84-933a439e7438,0,14,CRESSON BORO STP,KNOTTS CHESTER EARL,0.0
42004005001,7f017b08-2308-4954-bfea-72d3fc1637e4,0,15,CRESSON BORO STP,U S OF AMERICA NATL PK SERVICE,0.0
42004005001,62caa4eb-e059-46b8-af89-8e829ce06f89,0,16,CRESSON BORO STP,PENN CAMBRIA SCHOOL DISTRICT,0.0
42004005001,7f0993b1-61e6-4ea0-ba6e-07af3e3a9d3f,0,17,CRESSON BORO STP,TIRACAVE ROMAN D & SALLY,0.0
42004005001,1e071f46-eb56-4aa2-adce-c76fa51ae8ee,0,18,CRESSON BORO STP,PENNSYLVANIA ELECTRIC CO,0.0
42004005001,bdd17270-5e75-4623-a26c-9a6a699d9a69,0,19,CRESSON BORO STP,LUNDBERG GREGORY B & MARY LOU,0.0
42004005001,8628f1aa-6593-4fe6-b8ea-f18a9fb8f025,0,20,CRESSON BORO STP,SUMMIT UNION CEMETERY,0.0
42005015001,c641b471-0e57-4afd-b63b-d1c92c2ce5d2,0,1,BADEN BORO STP,BADEN BOROUGH MUNICIPAL,1.0
42005015001,6dacd8b9-92cc-4223-9987-833478e6c3b6,0,2,BADEN BORO STP,BEAVER COUNTY,0.0
42005015001,41c3136b-69b8-4fc6-ae9b-a5aaa7c0c41c,0,3,BADEN BORO STP,ALIQUIPPA MUNICIPAL WATER,0.0
42005015001,89defe6d-ac5f-4d71-a484-185530824d19,0,4,BADEN BORO STP,BADEN BOROUGH,1.0
42005015001,2c16773a-2e1b-4227-9228-034f41bed39a,0,5,BADEN BORO STP,BADEN BOROUGH,1.0
42005015001,c3c7a50f-94a5-446a-b300-109b7ef72af2,0,6,BADEN BORO STP,MUNICIPAL WATER AUTHORITY OF ALIQUIPPA,0.0
42005015001,5b976132-a11a-4499-849c-ab695afdef11,0,7,BADEN BORO STP,ALIQUIPPA MUNICIPAL WATER,0.0
42005015001,c397b13a-fb03-461f-8c57-b0a5ef28460a,0,8,BADEN BORO STP,"BETTERS, REAL ESTATE",0.0
42005015001,6e85f602-e027-4e35-adf0-522ea8b61c07,1,9,BADEN BORO STP,BADEN BOROUGH MUNICIPAL,1.0
42005015001,cae442db-9cfb-4f24-9329-d00d5af6c177,0,10,BADEN BORO STP,CONWAY BOROUGH,0.0
42005015001,f3da41b3-27fa-461d-89a9-433435083bd7,0,11,BADEN BORO STP,BETTERS REAL ESTATE,0.0
42005015001,d17e0a7c-5178-4e64-86a6-d66a9c26b5b3,0,12,BADEN BORO STP,"BC CAPITAL PARTNERS, LLC",0.0
42005015001,cda63905-3795-45bb-994f-146de0910de6,0,13,BADEN BORO STP,SISTERS OF ST JOSEPH,0.0
42005015001,44fefa7a-d06d-4a21-878d-ef87816e3661,0,14,BADEN BORO STP,HOUSING AUTHORITY COUNTY OF BEAVER,0.0
42005015001,b94d71b2-6f26-42c9-9b1a-af5320a7bd65,0,15,BADEN BORO STP,BADEN ACADEMY CHARTER,1.0
42005015001,d4d2c32f-e1a8-44bf-a97f-ecf7f9227f49,0,16,BADEN BORO STP,CONCORDIA LUTHERAN,0.0
42005015001,991eecc4-6c8c-4dd8-8a79-56c4c1f0adc6,0,17,BADEN BORO STP,BEAVER COUNTY,0.0
42005015001,89fce8e4-4f07-4226-a915-2822dd7c66c3,0,18,BADEN BORO STP,BETTERS REAL ESTATE,0.0
42005015001,982e4158-6e9e-4568-9d8e-91ff497b340f,0,19,BADEN BORO STP,ALIQUIPPA MUNICIPAL WATER,0.0
42005015001,f597542a-6b9e-4852-8e05-dd3afbc7d693,0,20,BADEN BORO STP,"COSTA, DENNIS E",0.0
42005316001,24d0d75f-ec20-4b7e-8959-3da83a20f59c,1,1,MT PLEASANT BORO STP,MUNICIPAL AUTHORITY OF WESTMOR,0.0
42005316001,1ee204f1-ae46-47dc-8fd6-611e517773f0,0,2,MT PLEASANT BORO STP,MOUNT PLEASANT BOROUGH,1.0
42005316001,524ffe7d-4fb6-4a6c-ad9d-ff53e99364ac,0,3,MT PLEASANT BORO STP,MOUNT PLEASANT BORO,1.0
42005316001,211fe7a1-b6ae-48e0-b1db-d7a0bd29ef1c,0,4,MT PLEASANT BORO STP,MOUNT PLEASANT BORO,1.0
42005316001,97fbc236-9047-4726-85d8-79e4ca60023d,0,5,MT PLEASANT BORO STP,WESTMORELAND COUNTY,0.0
42005316001,32d76303-9bb1-46f3-a444-45c6cad2f35f,0,6,MT PLEASANT BORO STP,ROMAN CATHOLIC DIOCESE OF,0.0
42005316001,cd6bb6ea-2289-4a96-a423-6cd442791811,0,7,MT PLEASANT BORO STP,MOUNT PLEASANT BOROUGH,1.0
42005316001,e8d49462-e740-4bfb-a4d5-d30cba44d173,0,8,MT PLEASANT BORO STP,SCH DIST OF BORO MT PLEASANT,1.0
42005316001,ab686588-030c-4f08-93c3-b5ff2dead166,0,9,MT PLEASANT BORO STP,SCCK ACQUISITION CO LLC,0.0
42005316001,ff26780a-768e-4199-a900-a4a420aa4a77,0,10,MT PLEASANT BORO STP,WESTMORELAND COUNTY,0.0
42005316001,141eaf5f-6fe3-4c4e-b637-0c9edb3132f5,0,11,MT PLEASANT BORO STP,MOUNT PLEASANT BORO,1.0
42005316001,0afd63f5-6aa6-4770-b5f5-5f89e5819d0b,0,12,MT PLEASANT BORO STP,REGIONAL FAMILY YMCA,0.0
42005316001,177f91be-fce8-4153-b59c-f4dc6a0972f8,0,13,MT PLEASANT BORO STP,MT PLEASANT AREA SCH DIST,1.0
42005316001,3a31253e-469e-4c2c-aff8-2aca950c6e9a,0,14,MT PLEASANT BORO STP,HENRY CLAY FRICK COMM HOSPITAL,0.0
42005316001,508781c0-c737-4016-bbfb-aa6598d55b0d,0,15,MT PLEASANT BORO STP,MOUNT PLEASANT BORO,1.0
42005316001,2fa2c734-5529-487e-ba24-0a2ca594dfc1,0,16,MT PLEASANT BORO STP,MOUNT PLEASANT BORO,1.0
42005316001,37960b0e-dd36-4bcc-82c5-343353aca943,0,17,MT PLEASANT BORO STP,MOUNT PLEASANT BORO,1.0
42005316001,70d5b458-1d98-4115-b0ef-c320e5fa47fc,0,18,MT PLEASANT BORO STP,COMMONWEALTH OF PA,0.0
42005316001,28bafffe-6989-4c7d-86fd-28fba9194acb,0,19,MT PLEASANT BORO STP,JUMP INTO THE DARK LLC,0.0
42005316001,6c27d538-3346-445c-8109-a51afcf1d72d,0,20,MT PLEASANT BORO STP,GLICK BROTHERS,0.0
45000260001,e86b75a5-786e-47df-8532-5bf27bafd74e,1,1,BCW&SA/Lower Berkeley WWTF,BERKELEY COUNTY WATER & SEWER AUTHORITY,1.0
45000260001,56b5c929-78f0-4d3b-8ef9-6582cdec6810,0,2,BCW&SA/Lower Berkeley WWTF,BERKELEY COUNTY WATER & SANITATION AUTHO,1.0
45000260001,da4862f5-c7b8-41f1-b9d4-49c7ee5272d6,0,3,BCW&SA/Lower Berkeley WWTF,BERKELEY COUNTY BOARD OF EDUCATION,0.28544793913573846
45000260001,87db31df-bfa8-4313-8cc4-a507bb3b712e,0,4,BCW&SA/Lower Berkeley WWTF,COOPER RIVER PARTNERS LLC,0.0
45000260001,0ed5b835-be1e-40ec-8126-38866c48f8eb,0,5,BCW&SA/Lower Berkeley WWTF,BERKELEY COUNTY,0.28544793913573846
45000260001,0a0e814f-ceb4-4f78-849b-98183f999eb6,0,6,BCW&SA/Lower Berkeley WWTF,COOPER RIVER PARTNERS LLC,0.0
45000260001,2a3780e0-face-49ad-bd09-e0fa0d2b18c3,0,7,BCW&SA/Lower Berkeley WWTF,CHARLESTON COMMISSIONERS OF PUBLIC WORKS,0.0
45000260001,82517b91-4c5f-41ad-91f5-e305a513dedf,0,8,BCW&SA/Lower Berkeley WWTF,COOPER RIVER PARTNERS LLC,0.0
45000260001,50e20b37-dac2-4f69-b778-eaa8e826bcb1,0,9,BCW&SA/Lower Berkeley WWTF,COOPER RIVER PARTNERS LLC,0.0
45000260001,7d9f79e7-ee07-40b6-ae4f-b5783a71a2ce,0,10,BCW&SA/Lower Berkeley WWTF,AMOCO CHEMICALS CORP,0.0
45000260001,f3331b1c-1643-49bb-93aa-ae50ce87c79a,0,11,BCW&SA/Lower Berkeley WWTF,COOPER RIVER PARTNERS LLC,0.0
45000260001,c859982e-4edb-4c9b-8012-8294c36ad7cc,0,12,BCW&SA/Lower Berkeley WWTF,COOPER RIVER PARTNERS LLC,0.0
45000260001,de5ca984-c55a-42d0-a2a2-a3a16e3bd3fa,0,13,BCW&SA/Lower Berkeley WWTF,COOPER RIVER PARTNERS LLC,0.0
45000260001,581a407f-7dce-448c-a3ae-4bddb7b378c8,0,14,BCW&SA/Lower Berkeley WWTF,COOPER RIVER PARTNERS LLC,0.0
45000260001,5e9fcc7c-00f8-49b7-909f-5b89c18c6755,0,15,BCW&SA/Lower Berkeley WWTF,NEXANS HIGH VOLTAGE USA INC,0.0
45000260001,978f7ab6-b342-4fd4-806f-2a51a114c0fc,0,16,BCW&SA/Lower Berkeley WWTF,UNITED STATES OF AMERICA,0.0
45000260001,1ddf6e02-e8f5-412d-8a58-0b467b605c54,0,17,BCW&SA/Lower Berkeley WWTF,COMMISSIONERS OF PUBLIC WORKS,0.0
45000260001,b54166dc-2530-4878-b932-95f3cd1f6f2a,0,18,BCW&SA/Lower Berkeley WWTF,EAGLE OF CHARLESTON LLC,0.0
45000260001,430bf062-9c53-48a4-b98e-014d60ff4469,0,19,BCW&SA/Lower Berkeley WWTF,UNITED STATES OF AMERICA,0.0
45000260001,b29326b8-c279-41c7-9094-417996d9f0be,0,20,BCW&SA/Lower Berkeley WWTF,COOPER RIVER PARTNERS LLC,0.0
47000665001,17b16530-c949-41d1-adff-06e47b538b1d,1,1,Hohenwald WWTP,CITY OF HOHENWALD,1.0
47000665001,a3f20de7-9a8a-4a7d-bdd6-1302e1b8f41b,0,2,Hohenwald WWTP,LEWIS COUNTY TN,0.0
47000665001,34166c38-1854-4794-8153-679d5d533420,0,3,Hohenwald WWTP,LEWIS COUNTY BOARD,0.0
47000665001,a9a916f6-2010-4380-ae27-1a84292734eb,0,4,Hohenwald WWTP,REEVES DARREL ETUX DEENA,0.0
47000665001,12aa5b9f-877a-48f3-98fd-9d27d1b1d872,0,5,Hohenwald WWTP,CITY OF HOHENWALD,1.0
47000665001,fb50c3da-28d0-484d-af2f-15569fb45472,0,6,Hohenwald WWTP,NEW HOPE BAPTIST CHURCH,0.0
47000665001,92b847d2-8221-437b-9421-2630e27088f7,0,7,Hohenwald WWTP,DICUS EVA VANESSA,0.0
47000665001,ff94541f-5c1d-462b-85a4-612691d0d435,0,8,Hohenwald WWTP,BUNCH JOHNNY R,0.0
47000665001,4dbcafb3-59a1-4424-a0b2-2b8291b93724,0,9,Hohenwald WWTP,,
47000665001,9e7b34ef-876c-4d89-8d4e-48dea38de528,0,10,Hohenwald WWTP,LEWIS CO HIGHWAY DEPT,0.0
47000665001,e298ca92-2825-47ef-b2f2-642c1cdaa41e,0,11,Hohenwald WWTP,REEVES JIMMY ANDREW,0.0
47000665001,56b22ede-6497-403b-b046-f483b203036f,0,12,Hohenwald WWTP,LEWIS CO BOARD OF,0.0
47000665001,e9bbb0c6-678e-4300-9486-9863330d61dd,0,13,Hohenwald WWTP,DICUS LESTER STEPHEN,0.0
47000665001,e4e2e277-977a-4f62-b643-a1b8d4bfbf84,0,14,Hohenwald WWTP,CITY OF HOHENWALD,1.0
47000665001,eb4cdbcc-1c5c-4cff-b128-fda126fda537,0,15,Hohenwald WWTP,SMITH BERWYN BENOIT AND,0.0
47000665001,c0d184b2-3231-472b-a9ab-465f5a0a4c0d,0,16,Hohenwald WWTP,SPEARS DEBBIE JOYCE,0.0
47000665001,0c5dc5c0-6314-4c5d-b5a2-bf5da0d02b95,0,17,Hohenwald WWTP,GRILLO DILLON,0.0
47000665001,125bb47c-7ca5-4315-970b-350405708f78,0,18,Hohenwald WWTP,4280 SWAN CREEK RD LLC,0.0
47000665001,f871e149-d4a1-48e3-81cd-948975fdecc3,0,19,Hohenwald WWTP,BUNCH JOHNNY R ETUX,0.0
47000665001,76da7381-8e8c-44e0-a484-c3ef738841d6,0,20,Hohenwald WWTP,REEVES THEMEN,0.0
48001148001,3f2606b7-2de6-4bea-aa0e-3295a154af89,1,1,West 6th Street WWTP,RAMIREZ PABLO A INC,0.0
48001148001,a8be8c53-0ddf-4d24-b2d5-f7aff3e86866,0,2,West 6th Street WWTP,,
48001148001,041f65c9-c0f6-4b49-8fba-42da25e60255,0,3,West 6th Street WWTP,UNITED STATES OF AMERICA,0.0
48001148001,254a67de-563b-4c01-af29-bedf96da9d6c,0,4,West 6th Street WWTP,GARCIA MARCO & ANABELL,0.0
48001148001,6a63cc61-bfe9-4af0-845f-86e8b3a0c22c,0,5,West 6th Street WWTP,RAMIREZ PABLO A INC,0.0
48001148001,a1ee944b-046b-43d6-932b-807faeb9febc,0,6,West 6th Street WWTP,GARCIA MARCO A,0.0
48001148001,ddecd68a-86d6-405a-a4db-6a2ab673a2e7,0,7,West 6th Street WWTP,HOUSING AUTHORITY,0.0
48001148001,1cc5d87e-426c-4de8-a551-d4721cb8fe91,0,8,West 6th Street WWTP,GARCIA MARCO & ANABELL,0.0
48001148001,b97cfd1a-5386-4c01-a355-f54e76bdec6b,0,9,West 6th Street WWTP,TREVINO JOSE ERNESTO ETAL,0.0
48001148001,b8354425-7e6d-4dda-9b59-b8b7d0ae2b3b,0,10,West 6th Street WWTP,RAMIREZ PABLO A INC,0.0
48001148001,bce850e1-2136-4f3c-b0c6-f322eb6546cd,0,11,West 6th Street WWTP,ROMA INDEPENDENT SCHOOL DIST,0.0
48001148001,7ac61a8e-6161-4326-a654-9f68f933376a,0,12,West 6th Street WWTP,"SAN SARALISSA ENTERPRISES, L.L.C.",0.0
48001148001,c05f6ad4-67e1-4861-9937-17944e2f3d9f,0,13,West 6th Street WWTP,CITY OF ROMA,0.0
48001148001,d7a97994-1879-4a29-9774-26d60af69e24,0,14,West 6th Street WWTP,ESCOBAR FERNANDO,0.0
48001148001,9dc5992f-edb8-4d5b-a3ab-4c445c65207c,0,15,West 6th Street WWTP,"MORENO ARNULFO, ETAL",0.0
48001148001,b6b35d14-9882-45eb-8f09-331535b273e9,0,16,West 6th Street WWTP,PG PYRAMID INVESTMENTS LLC,0.0
48001148001,7a71f03d-97b8-44bf-830b-1640a0d4b0dc,0,17,West 6th Street WWTP,PENA RIVERVIEW INVESTMENTS LLC,0.0
48001148001,581b81df-7092-4cbc-a2e6-d54d5e741991,0,18,West 6th Street WWTP,GARCIA MARCO JR,0.0
48001148001,29260572-4887-44eb-a2d7-62311b54de37,0,19,West 6th Street WWTP,RAMIREZ PABLO A INC,0.0
48001148001,82437a9a-23e2-4860-8618-d2011f8d64fa,0,20,West 6th Street WWTP,SAN SARALISSA ENTERPRISES LLC,0.0
48004068001,9f027baa-59e9-47a5-a6d8-7c864d469a98,1,1,Maypearl WWTP,MAYPEARL CITY OF,1.0
48004068001,1872f99e-fe54-468f-8add-b0ddb8e9564a,0,2,Maypearl WWTP,ELLIS COUNTY OF,0.0
48004068001,c430f290-c9c7-4cfd-bfbb-febb5963ea00,0,3,Maypearl WWTP,MAYPEARL ISD,1.0
48004068001,2659d8ae-90c2-41a0-9b72-f4b873a98320,0,4,Maypearl WWTP,JUSTICE JIM W JR & JOANNE H,0.0
48004068001,d163d1e6-3447-430a-9bfd-97394446d3a3,0,5,Maypearl WWTP,MAYPEARL CITY OF,1.0
48004068001,17002d8a-9b18-4c02-86bd-3711cfb3e6fe,0,6,Maypearl WWTP,MAYPEARL ISD,1.0
48004068001,19ba46fc-f113-4c05-b872-585c90c65b79,0,7,Maypearl WWTP,MAYPEARL ISD,1.0
48004068001,ee102fd0-9711-4af7-9ce9-008ccd96f72a,0,8,Maypearl WWTP,MAYPEARL CITY OF,1.0
48004068001,713f68fe-6fc7-4219-bbe1-04b92ddfa78a,0,9,Maypearl WWTP,MAYPEARL CITY OF,1.0
48004068001,05beaedb-c4c5-4cc8-8ed6-b6f12ef514cf,0,10,Maypearl WWTP,FIRST ASSEMBLY OF GOD CHURCH,0.0
48004068001,047ac056-2b0d-412e-b32a-714552a89734,0,11,Maypearl WWTP,ELLIS COUNTY EMERGENCY SERVICE DISTRICT #1,0.0
48004068001,767093c1-4025-4f5d-9da3-a18cbcdef174,0,12,Maypearl WWTP,JUSTICE JIM W JR & JOANNE H,0.0
48004068001,7018410a-9c6f-452e-96e8-0d756a26027f,0,13,Maypearl WWTP,MAYPEARL FIRST ASSEMBLY OF GOD,1.0
48004068001,07da8f80-58bd-4330-80af-8f1a7d8fad01,0,14,Maypearl WWTP,JUSTICE JIM W & JOANNE,0.0
48004068001,e6d4ed40-45fc-4661-a99e-cd340cfc06a0,0,15,Maypearl WWTP,MAYPEARL CHURCH OF CHRIST,1.0
48004068001,e1eb015f-62dd-4f5b-958f-9ee417883e5a,0,16,Maypearl WWTP,JACOBSON CYNTHIA,0.0
48004068001,c3afb5b9-d617-4824-939a-defd1e6379d3,0,17,Maypearl WWTP,MAYPEARL CEMETERY ASSOCIATION,1.0
48004068001,2fba80b2-e9d4-44fd-8b3f-89293612e7d2,0,18,Maypearl WWTP,FIRST STATE BANK,0.0
48004068001,2aea6514-1d5a-4caf-b548-4554776503e9,0,19,Maypearl WWTP,WILEMON FAMILY TRUST,0.0
48004068001,48018e97-1af5-4ede-b72e-69320e197e8f,0,20,Maypearl WWTP,JOHNSON MARTHA WITTEN,0.0
48004354017,abdf1c40-59e5-45dd-8185-2bab507f11e2,0,1,North Texas MWD - Panther Creek WWTP,YES COMPANIES WFC LLC,0.0
48004354017,447f4a00-ca57-43bd-9156-714e9a6d9716,1,2,North Texas MWD - Panther Creek WWTP,NORTH TEXAS MUNICIPAL WATER DISTRICT,0.5202193163308307
48004354017,44498465-a645-4883-8999-7313c0c2f734,0,3,North Texas MWD - Panther Creek WWTP,CITY OF WYLIE,0.0
48004354017,c9e96cde-9ce4-431c-95b1-b9b85a63ebae,0,4,North Texas MWD - Panther Creek WWTP,YES REDWOOD LLC,0.0
48004354017,14105bb1-fe42-40b4-b4e9-9417b2f3b3f2,0,5,North Texas MWD - Panther Creek WWTP,CITY OF WYLIE,0.0
48004354017,3b1e0737-411e-41f1-9108-0d7042358ff0,0,6,North Texas MWD - Panther Creek WWTP,WYLIE CITY OF,0.0
48004354017,8f3f08d8-467d-47a6-9b32-acefe91b4dce,0,7,North Texas MWD - Panther Creek WWTP,WYLIE CITY OF,0.0
48004354017,34623831-09bf-4b1b-957c-98f51aa9f575,0,8,North Texas MWD - Panther Creek WWTP,NORTH TEXAS MUNICIPAL,0.20803047317398313
48004354017,96887b81-408c-4513-b917-2c45447c5107,0,9,North Texas MWD - Panther Creek WWTP,YES COMPANIES WFC LLC,0.0
48004354017,c1a84a90-7fea-4ec1-af9e-ff5966ac8c51,0,10,North Texas MWD - Panther Creek WWTP,TSB PROPERTY CO 2 LLC,0.0
48004354017,d3cfa4dd-6fde-410d-9d54-bf760533ab57,0,11,North Texas MWD - Panther Creek WWTP,WYLIE CITY OF,0.0
48004354017,11ba54c0-5340-459b-9df1-3830dd5e6e7a,0,12,North Texas MWD - Panther Creek WWTP,"YES, HOMESALES LLP",0.0
48004354017,c257d22e-6bcd-49cf-82c3-070aab05f92b,0,13,North Texas MWD - Panther Creek WWTP,JUMP COLLIN,0.0
48004354017,2dac1e1f-f81a-40f0-af83-ac532b59f15b,0,14,North Texas MWD - Panther Creek WWTP,AQUINO MONTOYA CLARA E,0.0
48004354017,143bb23f-ef29-4fa2-b6ac-a59db48e8e79,0,15,North Texas MWD - Panther Creek WWTP,PAVON MARIA A,0.0
48004354017,5c6c3a8b-caf8-4d97-ad71-738a830ef616,0,16,North Texas MWD - Panther Creek WWTP,GOVEA JR RICARDO ALVAREZ,0.0
48004354017,e3e3c416-50fd-4ceb-9168-a89504bcc6e7,0,17,North Texas MWD - Panther Creek WWTP,CONTRERAS LEE M AND CRICELIA,0.0
48004354017,e8bc5f0b-f261-4beb-9b28-1622a6b78251,0,18,North Texas MWD - Panther Creek WWTP,LANG SANDRA K AND GEORGE,0.0
48004354017,d8148da7-737e-4bdd-88b7-99d04fef3206,0,19,North Texas MWD - Panther Creek WWTP,YES COMMUNITIES,0.0
48004354017,f92746b3-c3b8-4a12-ad97-a69f100e8113,0,20,North Texas MWD - Panther Creek WWTP,YES COMMUNITIES,0.0
48004360001,46bd49ea-5864-4df5-b4c4-19281872755b,1,1,Iowa Park WWTP,IOWA PARK CITY OF,1.0
48004360001,34469caa-3205-489e-8fba-3ad6fb7087af,0,2,Iowa Park WWTP,IOWA PARK CITY OF,1.0
48004360001,0b0cd26b-1b0c-4d41-895a-af6e92611249,0,3,Iowa Park WWTP,IOWA PARK CITY OF,1.0
48004360001,80d6c6ee-860b-436c-beb5-1942f298b159,0,4,Iowa Park WWTP,IOWA PARK CITY OF,1.0
48004360001,6a0080c6-77eb-493b-ae00-abba6d14153d,0,5,Iowa Park WWTP,WICHITA COUNTY WATER IMPROVEMENT DIST#2,0.0
48004360001,7851d51b-b83a-4150-8539-34c4dc43eeab,0,6,Iowa Park WWTP,IOWA PARK CISD,1.0
48004360001,3191d816-2431-4854-8fb6-10a27a880ed3,0,7,Iowa Park WWTP,IOWA PARK CITY OF,1.0
48004360001,95bbf7bc-692f-456e-824c-bef330781b19,0,8,Iowa Park WWTP,IOWA PARK CITY OF,1.0
48004360001,b86c493a-47cf-4641-960a-e8f1e9d0b22c,0,9,Iowa Park WWTP,IOWA PARK CITY OF,1.0
48004360001,973d14af-23d3-4539-b20f-f3323baf0969,0,10,Iowa Park WWTP,IOWA PARK CITY OF,1.0
48004360001,3c4301f5-1023-43d7-8920-cdc97dff9946,0,11,Iowa Park WWTP,WICHITA COUNTY,0.0
48004360001,f1de0016-a3ac-47be-82fd-3ebb77970680,0,12,Iowa Park WWTP,IOWA PARK CISD,1.0
48004360001,09cd29fb-f518-4bdc-8139-3091bb8ec54f,0,13,Iowa Park WWTP,IOWA PARK CITY OF,1.0
48004360001,8e020ff1-972a-4286-8ded-0e7ccb6abdaa,0,14,Iowa Park WWTP,IOWA PARK CITY OF,1.0
48004360001,a4fffa81-fd91-4a2a-933c-c7d11f7b0f06,0,15,Iowa Park WWTP,IOWA PARK CITY OF,1.0
48004360001,8ffbcae3-bfd4-4e27-8140-161477222e7c,0,16,Iowa Park WWTP,CITY CEMETERY,0.0
48004360001,b78abc2b-b6ee-4a94-a314-8d363a5f1c17,0,17,Iowa Park WWTP,IOWA PARK CITY OF,1.0
48004360001,d59bafc1-b0d9-4794-b1c8-18c096be5212,0,18,Iowa Park WWTP,FIRST UNITED METHODIST IOWA PARK,1.0
48004360001,353c803a-8d38-42a7-bd97-48b691e77787,0,19,Iowa Park WWTP,IOWA PARK CISD,1.0
48004360001,bb261f0f-8b49-4b35-b72b-fa7d3734a2ec,0,20,Iowa Park WWTP,FAITH BAPTIST CHURCH OF IOWA PARK,1.0
48006009003,a67e866c-e42e-449d-a1ff-cacd2b1c502f,0,1,Port Acres WWTP,JEFFERSON CO DRAINAGE DIST 7,0.0
48006009003,7b239b3a-b29a-4d96-9e41-7694eea6ba3f,0,2,Port Acres WWTP,CITY OF PORT ARTHUR,0.4857428278939767
48006009003,6c806561-b56e-4dea-b845-fccfc5f05b28,1,3,Port Acres WWTP,CITY OF GROVES,0.0
48006009003,55261f0e-37c7-4e0c-9f0b-6918ec8a05eb,0,4,Port Acres WWTP,PORT ARTHUR HOUSING AUTHORITY,0.4857428278939767
48006009003,46fbb937-b999-473d-b2be-d1173370c563,0,5,Port Acres WWTP,CITY OF PORT ARTHUR,0.4857428278939767
48006009003,50040b6d-24fb-4bdf-9ced-4880ff33c2f4,0,6,Port Acres WWTP,CITY OF PORT ARTHUR,0.4857428278939767
48006009003,c907dc32-ee64-4393-b60a-8eff37ddd90e,0,7,Port Acres WWTP,JEFFERSON CO DRAINAGE DIST 7,0.0
48006009003,9a64ca94-3e0c-41bb-923e-da2f7aa08b90,0,8,Port Acres WWTP,PORT ARTHUR ISD,0.4857428278939767
48006009003,e82d510d-9867-425e-815a-ddba0da35d0e,0,9,Port Acres WWTP,CITY OF PORT ARTHUR,0.4857428278939767
48006009003,a3208f6a-73b2-4aa4-86a2-c7e7f87e8651,0,10,Port Acres WWTP,CITY OF PORT ARTHUR,0.4857428278939767
48006009003,ae52c733-f344-4a3c-a03d-db03ab8f1fdf,0,11,Port Acres WWTP,CITY OF PORT ARTHUR,0.4857428278939767
48006009003,bd28b5c9-264f-4302-927d-80c7c9c9449f,0,12,Port Acres WWTP,CITY PROPERTY,0.0
48006009003,fa0bac27-da26-41dd-9c69-85134644a0e7,0,13,Port Acres WWTP,DIOCESE OF BEAUMONT,0.0
48006009003,182964af-468c-488f-b7b0-4ac9492140e3,0,14,Port Acres WWTP,GULF COPPER & MANUFACTURING,0.0
48006009003,b225806f-5184-4f38-975e-a13ba0fb7c82,0,15,Port Acres WWTP,DILLARD UNIVERSITY,0.0
48006009003,6ce4f711-454f-4622-9ff3-ccc1409fd92a,0,16,Port Acres WWTP,KANSAS CITY SOUTHERN RAILROAD,0.0
48006009003,5d7b3f13-b370-4cba-a5dc-01fdd75de5cf,0,17,Port Acres WWTP,JEFFERSON CO DRAINAGE DIST 7,0.0
48006009003,ae60d14f-440c-4f60-a8d0-a9c67d94295b,0,18,Port Acres WWTP,CITY OF PORT ARTHUR,0.4857428278939767
48006009003,54bbc5d5-93a0-44f2-8824-63004d6bad30,0,19,Port Acres WWTP,JEFFERSON CO DRAINAGE DIST 7,0.0
48006009003,85c0e520-0e0f-435c-8bf3-12f9cfd8d0a4,0,20,Port Acres WWTP,KANSAS CITY SOUTHERN RAILROAD,0.0
48007039078,9e41d7e9-4b65-4a97-97dd-bb32b75f38ec,0,1,Montgomery Co MUD #83 WWTP,MONTGOMERY COUNTY MUD # 83,1.0
48007039078,9396f375-b177-4cb6-8049-9e6f8f36cdf6,0,2,Montgomery Co MUD #83 WWTP,NEW CANEY ISD,0.0
48007039078,d8782f75-280a-4def-bbde-6a8bdb4179e3,0,3,Montgomery Co MUD #83 WWTP,MONTGOMERY COUNTY MUD 96,1.0
48007039078,d5eabf02-d0bc-47b9-ab6a-a7c6cddde5a3,1,4,Montgomery Co MUD #83 WWTP,MONTGOMERY COUNTY MUD 96,1.0
48007039078,503949a2-78a0-4fb1-a364-cb9d7db48c2b,0,5,Montgomery Co MUD #83 WWTP,MONTGOMERY COUNTY MUD #48,1.0
48007039078,dbe732f2-0235-4d13-bfd3-f386bba15196,0,6,Montgomery Co MUD #83 WWTP,MONTGOMERY COUNTY MUD 96,1.0
48007039078,844e445c-5228-41b9-a02b-47ab2a993492,0,7,Montgomery Co MUD #83 WWTP,MONTGOMERY COUNTY MUD # 83,1.0
48007039078,8ff47f86-0a3c-46b7-bd5b-23814e2a7790,0,8,Montgomery Co MUD #83 WWTP,MONTGOMERY COUNTY MUD 96,1.0
48007039078,7c517ace-05f6-442b-9c7a-ea425489f6e7,0,9,Montgomery Co MUD #83 WWTP,MONTGOMERY COUNTY MUD 96,1.0
48007039078,a5db967a-edfe-4a75-a3aa-d34925181f83,0,10,Montgomery Co MUD #83 WWTP,MONTGOMERY COUNTY,1.0
48007039078,490a81b1-4e9a-4613-b773-c26d006914f0,0,11,Montgomery Co MUD #83 WWTP,PORTER SPECIAL UTILITY DISTRICT,0.0
48007039078,825dcce2-9f42-41dc-aa47-75a26fe5b684,0,12,Montgomery Co MUD #83 WWTP,CENTURY LAND HOLDINGS OF TEXAS LLC,0.0
48007039078,2ddbf1b2-6663-41f6-b205-40a340ad350f,0,13,Montgomery Co MUD #83 WWTP,PORTER SPECIAL UTILITY DISTRICT,0.0
48007039078,3a2d3593-ee5a-4d44-a30c-d54f960725e5,0,14,Montgomery Co MUD #83 WWTP,CITY OF HOUSTON,0.0
48007039078,6903f362-5702-418a-88b8-d386d291f1ae,0,15,Montgomery Co MUD #83 WWTP,CHURCH OF JESUS CHRIST LDS/KINGWOOD,0.0
48007039078,6955cfa7-5656-4c5e-ae6b-6f1c86250823,0,16,Montgomery Co MUD #83 WWTP,MONTGOMERY COUNTY MUD # 83,1.0
48007039078,43fe5a3b-6b68-403b-9139-022e67480997,0,17,Montgomery Co MUD #83 WWTP,MONTGOMERY COUNTY MUD # 84,1.0
48007039078,c48bba42-4d52-42fe-b32b-88bca109b571,0,18,Montgomery Co MUD #83 WWTP,MONTGOMERY COUNTY MUD # 83,1.0
48007039078,3525701c-c103-47d2-bd81-acdeb73a73d3,0,19,Montgomery Co MUD #83 WWTP,HANNOVER ESTATES LTD,0.0
48007039078,38739efa-2dc1-4133-8ad3-300cb71a2255,0,20,Montgomery Co MUD #83 WWTP,BILTMORE LTD,0.0
48007048003,b13d2e4d-3851-4c2f-b185-5bf9bbcc23a1,1,1,Golden Acres WWTP,CITY OF PASADENA,0.0
48007048003,1962be1d-8420-48d9-9f36-31ad90711061,0,2,Golden Acres WWTP,DEER PARK ISD,0.0
48007048003,73b667b6-55b2-46d3-ad11-51d5a9175f9f,0,3,Golden Acres WWTP,CHURCH OF THE LIVING WATER,0.0
48007048003,428d6b33-5896-4ffa-98af-3412ef49e3d3,0,4,Golden Acres WWTP,HARRIS COUNTY FLOOD CONTROL DISTRICT,0.0
48007048003,de0ff11e-f906-49f8-9f15-1bd7ff21b9e3,0,5,Golden Acres WWTP,HARRIS COUNTY FLOOD CONTROL DISTRICT,0.0
48007048003,b7701338-f577-456e-abef-356819f2f80a,0,6,Golden Acres WWTP,CITY OF PASADENA,0.0
48007048003,9a6c1316-f815-454c-bac1-6e85680a0f5b,0,7,Golden Acres WWTP,CITY OF DEER PARK,0.0
48007048003,74d93700-2c79-485d-97a3-07d542367c9e,0,8,Golden Acres WWTP,TURNER INDUSTRIES GROUP LLC,0.0
48007048003,f2127bc5-9460-4b74-ab43-0304b61a6300,0,9,Golden Acres WWTP,CITY OF DEER PARK,0.0
48007048003,097af2ef-229b-41ec-8c6b-d52e2251027f,0,10,Golden Acres WWTP,PASADENA TRAILS ROC INC,0.0
48007048003,bc800016-4882-4c00-b32f-ec5e49f469c7,0,11,Golden Acres WWTP,HARRIS COUNTY FLOOD CONTROL DISTRICT,0.0
48007048003,9c74448d-f770-4e1a-8f17-29dd3cc9e887,0,12,Golden Acres WWTP,INTERNATIONAL LONGSHOREMENS ASS 24,0.0
48007048003,11c538ca-f488-4e3a-9339-7e075a6b226f,0,13,Golden Acres WWTP,CITY OF DEER PARK,0.0
48007048003,9fd68156-beb2-4144-a15a-6b12e4285ee5,0,14,Golden Acres WWTP,HARRIS COUNTY FLOOD CONTROL DISTRICT,0.0
48007048003,d35b2005-15e6-4b28-95cf-e0ad080e0107,0,15,Golden Acres WWTP,CITY OF DEER PARK,0.0
48007048003,1e1e2a28-f50d-406c-acf1-4486cce3d609,0,16,Golden Acres WWTP,PASADENA ISD,0.0
48007048003,8e0b50a5-1ad2-47f7-b6a2-7d0a2867e084,0,17,Golden Acres WWTP,CITY OF DEER PARK,0.0
48007048003,3fc1e8d8-1d71-464a-8b61-c3e2d9487e75,0,18,Golden Acres WWTP,CITY OF DEER PARK,0.0
48007048003,56ac421d-ae97-456c-affd-5bbbda9f37c6,0,19,Golden Acres WWTP,CITY OF PASADENA,0.0
48007048003,bc0e6426-7364-4a5d-84be-594fba0dd313,0,20,Golden Acres WWTP,RED PINES PASADENA LLC,0.0
48007057002,e07e9c9f-eb24-484e-a2b8-b30bea96a8d9,1,1,West Cleveland,CITY OF CLEVELAND,1.0
48007057002,7686c0d5-5d9f-4bfb-b39e-a511cbc0185f,0,2,West Cleveland,CITY OF CLEVELAND,1.0
48007057002,71b8b592-bc74-42b6-82e6-f834f6bc55a0,0,3,West Cleveland,CITY OF CLEVELAND,1.0
48007057002,4623b0bb-d204-4182-b11d-0a92350578ec,0,4,West Cleveland,CLEVELAND ISD,1.0
48007057002,98be5240-e333-45ed-9716-300b586e2a3e,0,5,West Cleveland,CITY OF NORTH CLEVELAND,1.0
48007057002,1e060336-0658-410f-8721-3f49c896209a,0,6,West Cleveland,WALMART REAL ESTATE,0.0
48007057002,c6a48181-7e2d-49a7-9625-98603621399c,0,7,West Cleveland,CITY OF CLEVELAND,1.0
48007057002,567489a1-11ca-4e57-98de-420680bece21,0,8,West Cleveland,CITY OF CLEVELAND,1.0
48007057002,22df1024-8e59-4678-96d4-cfd0bf568832,0,9,West Cleveland,CITY OF CLEVELAND,1.0
48007057002,e64870dd-966d-44c8-affc-5e7ca77c435d,0,10,West Cleveland,TRI-COUNTY BEHAVIORAL HEALTHCARE,0.0
48007057002,c8d64a54-584f-4677-9945-141cf6b5653a,0,11,West Cleveland,VILLAFUERTE GASPER,0.0
48007057002,9425a999-ebcb-45f2-8269-91b77c78a7f3,0,12,West Cleveland,CLEVELAND AUTO PROPERTIES,1.0
48007057002,f8411bc9-d8c7-44ef-b7f7-c50cc7857809,0,13,West Cleveland,MCCOY REALTY CORP,0.0
48007057002,24c3e070-f1fd-4603-b825-9ad3ff3560af,0,14,West Cleveland,GRIMALDO ABRAHAM VERDE,0.0
48007057002,fd87c03f-0956-4008-b912-c34c184a300b,0,15,West Cleveland,CLEVELAND ISD,1.0
48007057002,99f2644d-0fda-4340-b789-b2983c7f3b29,0,16,West Cleveland,"CLEVELAND MADISON, LLC",1.0
48007057002,0685c792-9953-434b-9c56-52be3d99985e,0,17,West Cleveland,PLUM GROVE GROUP LLC,0.0
48007057002,79280da3-b136-4cc8-9fef-ae13756eca69,0,18,West Cleveland,CITY OF CLEVELAND,1.0
48007057002,d24a44e7-6f2a-4b17-877b-232447a99d20,0,19,West Cleveland,TANNER J T EST,0.0
48007057002,c184706e-8c0c-4279-904a-05e2707cc57b,0,20,West Cleveland,CISH ACQUISITION LLC,0.0
48007614001,01eeba8a-1cc7-4268-b099-c1f2759de795,1,1,Sommerall WWTP,HARRIS COUNTY MUD NO 149,0.0
48007614001,fa90944b-d045-4d03-9d65-b3574e2b5eb1,0,2,Sommerall WWTP,COUNTY OF HARRIS,0.0
48007614001,636861dc-40a2-481d-b990-785d2ab7f516,0,3,Sommerall WWTP,HARRIS COUNTY MUD NO 257,0.0
48007614001,7c8e987e-8d98-447b-b96a-542f43514620,0,4,Sommerall WWTP,FAMILY FAITH LUTHERAN CHURCH,0.0
48007614001,e24c63a2-8b1b-4df9-b130-c6de9766c486,0,5,Sommerall WWTP,COUNTY OF HARRIS,0.0
48007614001,1d11ae9e-1458-46f5-b0c6-946cc2283936,0,6,Sommerall WWTP,COUNTY OF HARRIS,0.0
48007614001,4adc5763-5eda-44e3-9e72-e93281ef0e5b,0,7,Sommerall WWTP,HARRIS COUNTY FLOOD CONTROL DISTRICT,0.0
48007614001,ea1e1f00-def7-4dcb-9a3a-5d4379ba866f,0,8,Sommerall WWTP,COUNTY OF HARRIS,0.0
48007614001,ad8e3cd1-bab1-4cc4-a36a-559b7179db85,0,9,Sommerall WWTP,COUNTY OF HARRIS,0.0
48007614001,9c07b68e-2a4c-4abf-aebf-5f25de93cfcf,0,10,Sommerall WWTP,HARRIS COUNTY MUD NO 208,0.0
48007614001,85fcfa64-c3d0-4f87-b744-7363ac30032d,0,11,Sommerall WWTP,COUNTY OF HARRIS,0.0
48007614001,4ed535cc-75b6-49a9-ab87-371df662bb59,0,12,Sommerall WWTP,HARRIS COUNTY FLOOD CONTROL DISTRICT,0.0
48007614001,e3b78bc8-1671-431c-84a7-b64d8a8a18cc,0,13,Sommerall WWTP,NORTHWEST HARRIS COUNTY,0.0
48007614001,e4e0f20e-6678-4130-bd35-7e2e0e608c1b,0,14,Sommerall WWTP,HARRIS COUNTY FLOOD CONTROL DISTRICT,0.0
48007614001,f8503252-c3ca-4f1b-861f-a9defb834107,0,15,Sommerall WWTP,ST MARY COPIC CHURCH,0.0
48007614001,4a3b134e-a236-4193-876b-d295d13558fe,0,16,Sommerall WWTP,WAL-MART STORES INC,0.0
48007614001,886b8cce-ebeb-4ffc-8410-36ae36cd8c70,0,17,Sommerall WWTP,YMCA GREATER HOUSTON AREA INC,0.0
48007614001,039a9fe1-ec36-4250-b7de-39c3458d9d8b,0,18,Sommerall WWTP,COOPERFIELD VILLAGE 1749 LLC,0.0
48007614001,5c036aa5-4b93-431e-9ce1-53bf49a605c0,0,19,Sommerall WWTP,COPPERFIELD VILLAGE 1749 LLC,0.0
48007614001,419ae001-316d-4ffe-a367-8f7da3dc421a,0,20,Sommerall WWTP,LANGHAM CREEK UD,0.0
48008191001,fd37ed06-5ce6-45a9-8d11-f31db980af1e,0,1,LA VERNIA STP,CITY OF LA VERNIA,1.0
48008191001,70beb735-7278-48ae-819f-598afbf575ae,1,2,LA VERNIA STP,CITY OF LA VERNIA,1.0
48008191001,185b3a30-470f-4883-9bc3-cbd007038df9,0,3,LA VERNIA STP,WILSON COUNTY EMERGENCY SERVICES DISTRICT #3,0.0
48008191001,f3ae130e-24ce-4f76-b555-0e2474ca841b,0,4,LA VERNIA STP,LA VERNIA IND SCHOOL DIST,1.0
48008191001,bc11fdb6-3f47-4a33-ba18-12d4b4ca3634,0,5,LA VERNIA STP,LA VERNIA IND SCHOOL DIST,1.0
48008191001,6003ad92-3b98-4ffd-bd7a-502c86706850,0,6,LA VERNIA STP,SARAH RUTH MEYER RANCH LTD,0.0
48008191001,409c7b24-0706-4e4e-b5b5-4f2f44206913,0,7,LA VERNIA STP,SCULL WALTER G III & NANCY,0.0
48008191001,fff42b41-b2b4-49cd-80bc-cb7724accf48,0,8,LA VERNIA STP,LA VERNIA INTERESTS LTD,1.0
48008191001,35e94243-9fde-460b-bc1d-d5891e12f775,0,9,LA VERNIA STP,CITY OF LA VERNIA,1.0
48008191001,fedeeefd-3f49-4240-9488-979188adc05a,0,10,LA VERNIA STP,RICHTER JOHN F,0.0
48008191001,a7b26466-f87c-462e-ace4-f3619cd46a02,0,11,LA VERNIA STP,CLAUSEWITZ NANCY C,0.0
48008191001,e89b65a3-e8c6-4e64-942c-2f6e0ebb0b45,0,12,LA VERNIA STP,IVEY JOHN P & DOROTHEA C,0.0
48008191001,10de7b40-74e2-498e-bf99-f20b92a98c25,0,13,LA VERNIA STP,IMMANUEL LUTHERAN CHURCH,0.0
48008191001,f0926781-e2ca-425e-898d-2aa4541d0216,0,14,LA VERNIA STP,DQ ENTERPRISES LLC,0.0
48008191001,983176c2-fcbd-483c-904f-5b40b5ab4631,0,15,LA VERNIA STP,CITY OF LA VERNIA,1.0
48008191001,fd47dc02-c0b2-4c09-9d21-b4f8115fec68,0,16,LA VERNIA STP,THE CITY OF LA VERNIA,1.0
48008191001,187256af-1806-42a4-9028-ccd998b7a18b,0,17,LA VERNIA STP,JOHANSON HAROLD K & REBECCA,0.0
48008191001,14475fbb-13d5-4cf0-8dc6-3f6b520df43b,0,18,LA VERNIA STP,ZENNER HELEN L & ELZABETH K SANDERS & CLARA JO DUELM,0.0
48008191001,7e78c774-8cc5-4110-bbba-6c64528c7e1c,0,19,LA VERNIA STP,WORKMAN KIPLING W & JULIE A,0.0
48008191001,2a3b761e-baf5-4873-8c1b-2af9ade94240,0,20,LA VERNIA STP,JONES GEORGE C & LYDIA M WISEMAN-JONES,0.0
48071221001,c5455a7a-56f5-47e5-a06a-cb200706dad2,1,1,Harris Co MUD #278,HARRIS COUNTY MUD NO 278,0.9999999999999999
48071221001,c07d0a32-53d5-42c1-86f9-4ff852cfeec0,0,2,Harris Co MUD #278,PEDDLERS INTERNATIONAL TRADING CO,0.0
48071221001,595f0988-cf2a-4a88-a8af-35c4c3c09a13,0,3,Harris Co MUD #278,PEDDLERS INTERNATIONAL TRADING CO,0.0
48071221001,465b7d21-aebd-485e-9af2-75d6300618c4,0,4,Harris Co MUD #278,PEDDLERS INTERNATIONAL TRADING CO,0.0
48071221001,12a5ca3c-376c-4f45-967f-7b4605b13e45,0,5,Harris Co MUD #278,PEDDLERS INTERNATIONAL TRADING CO,0.0
48071221001,00a64c78-99e6-4aba-b047-57541136f520,0,6,Harris Co MUD #278,COUNTY OF HARRIS,0.9999999999999999
48071221001,149017f5-5a6e-4bdc-b93d-d0fecdc9c102,0,7,Harris Co MUD #278,HUMBLE ISD,0.0
48071221001,70bb8148-cec8-4264-a03e-87fdbcb59a10,0,8,Harris Co MUD #278,HIGHER EXEPECTATION CHURCH,0.0
48071221001,92475699-ff6b-4006-828d-e941e11aad6c,0,9,Harris Co MUD #278,YES MEADOWBROOK LLC,0.0
48071221001,0c7c4d6a-7094-448f-8228-14a962b9e3ad,0,10,Harris Co MUD #278,COUNTY OF HARRIS,0.9999999999999999
48071221001,fb830244-fd92-4031-90e3-d8c772578e46,0,11,Harris Co MUD #278,NORTH HUMBLE CONGRGATION OF,0.0
48071221001,3a3d0577-d23a-4a02-a6a8-6322b3efc93a,0,12,Harris Co MUD #278,YES MEADOWBROOK LLC,0.0
48071221001,85780abf-ca56-48bd-bcb4-5614c51237cc,0,13,Harris Co MUD #278,WISENBAKER CLARENCE,0.0
48071221001,260ef0dc-3785-4d66-b542-1796a1c27b98,0,14,Harris Co MUD #278,COUNTY OF HARRIS,0.9999999999999999
48071221001,4fe97419-f2c0-4651-9185-e518409d46c2,0,15,Harris Co MUD #278,CITY OF HOUSTON,0.0
48071221001,ed055a1a-8a45-435b-86d6-66c90f836fb2,0,16,Harris Co MUD #278,HUMBLE FAMILY WORSHIP CENTER,0.0
48071221001,2b8dab14-3dad-4559-8cb2-e39d1a5b4a15,0,17,Harris Co MUD #278,HUMBLE ISD,0.0
48071221001,462a2ef5-e1ba-485b-a9ed-5803cdbd5c6c,0,18,Harris Co MUD #278,CITY OF HUMBLE,0.0
48071221001,88489643-70d7-4678-a808-a511c25570cd,0,19,Harris Co MUD #278,SUNOCO PIPELINE LP,0.0
48071221001,22d1d19e-8c1f-4074-a635-0dd67f741182,0,20,Harris Co MUD #278,WISENBAKER CLARENCE,0.0
51000041001,79897590-822b-487b-97c2-78d0a7e4da25,0,1,COLONIAL BEACH STP,COLONIAL BEACH TOWN OF,1.0
51000041001,14539f8f-e687-4311-9726-8465ceb8619a,1,2,COLONIAL BEACH STP,TOWN OF COLONIAL BEACH,1.0
51000041001,1de20ef2-aa29-40b6-859f-b5a50b58e104,0,3,COLONIAL BEACH STP,TOWN SCHOOL BOARD OF THE TOWN OF COLONIAL BEACH,1.0
51000041001,54f9f5c7-bc8e-4a2a-bb3f-e68ee494ba41,0,4,COLONIAL BEACH STP,TOWN OF COLONIAL BEACH,1.0
51000041001,7a0d75bb-94bb-41fa-8b38-b4c8be36317a,0,5,COLONIAL BEACH STP,THE TOWN OF COLONIAL BEACH,1.0
51000041001,88198082-c85c-40f9-bd7f-f4f0e4b5bd7c,0,6,COLONIAL BEACH STP,COLONIAL BEACH TOWN OF,1.0
51000041001,917b2840-e694-4168-b9ff-f11dcdb73c0f,0,7,COLONIAL BEACH STP,COLONIAL BEACH BAPTIST CHURCH,1.0
51000041001,99eafdff-1bd6-4223-918e-237f258c3c71,0,8,COLONIAL BEACH STP,COLONIAL BEACH TOWN OF,1.0
51000041001,c5b9d96c-763b-4bc9-b410-32777edfbac2,0,9,COLONIAL BEACH STP,DDG CB1 LLC,0.0
51000041001,efa0a9f3-3648-47dd-8962-a6e2349c2fef,0,10,COLONIAL BEACH STP,COLONIAL BEACH TOWN OF,1.0
51000041001,d8fecf7c-6a1c-49d2-b3c7-03d1d0a88281,0,11,COLONIAL BEACH STP,CHESAPEAKE TOWNHOME DEVELOPMENT INC,0.0
51000041001,5a85f568-ed10-4d15-92b2-eac7adb6400c,0,12,COLONIAL BEACH STP,COLONIAL BEACH MOOSE LODGE #1267,1.0
51000041001,52ecbf61-d53a-472a-84bd-e688754064fd,0,13,COLONIAL BEACH STP,COLONIAL BEACH MOOSE LODGE #1267,1.0
51000041001,0530f43a-e2ef-4569-9b68-5da1defb15ed,0,14,COLONIAL BEACH STP,CURLEY PACKING CO,0.0
51000041001,aa6a8fc2-a074-4b08-a8cc-850112c8a830,0,15,COLONIAL BEACH STP,TOWNSEND GEORGE W & LOUISE J,0.0
51000041001,717a0c9d-aa53-4740-afcf-a546f4f7af2b,0,16,COLONIAL BEACH STP,RIVERWOOD PRESERVATION LP ATT: TRG MANAGEMENT CO LLP,0.0
51000041001,7cff1b57-684d-4c16-9f47-dfbf44a0d7b8,0,17,COLONIAL BEACH STP,BEACHGATE SHOPPING CENTER LC,0.0
51000041001,7c8055a7-074e-45ac-af49-3fc10b64f187,0,18,COLONIAL BEACH STP,BODHI NAAV LLC,0.0
51000041001,59bb5817-1e6c-40ec-8e54-b865c95da508,0,19,COLONIAL BEACH STP,COLONIAL BEACH MOOSE LODGE #1267,1.0
51000041001,048da5fc-31f1-438b-95ee-cb6f05afec11,0,20,COLONIAL BEACH STP,,
51000138001,73b9d3b0-5552-431d-bb6f-721ca577ffdf,0,1,BLACKSTONE TREATMENT WORK,TOWN OF BLACKSTONE,0.46517420394687203
51000138001,0cd9258d-d513-4b14-8ea3-d13e65386b5a,0,2,BLACKSTONE TREATMENT WORK,TOWN OF BLACKSTONE,0.46517420394687203
51000138001,3e7419ba-5fae-488d-a027-547c9b3d6749,0,3,BLACKSTONE TREATMENT WORK,CTY. SCHOOL BOARD OF,0.0
51000138001,0a87ec47-094e-4e53-96ca-c75418e28737,0,4,BLACKSTONE TREATMENT WORK,TOWN OF BLACKSTONE,0.46517420394687203
51000138001,56d2acc8-17fa-460c-ad79-8d4392d8e482,0,5,BLACKSTONE TREATMENT WORK,NOTTOWAY COUNTY SCHOOL,0.0
51000138001,365a4f84-867d-4f0b-adb2-e78f0b0a11cf,0,6,BLACKSTONE TREATMENT WORK,GARRETT MOON & POOL INC.,0.0
51000138001,0c5cb9ab-422c-4a90-93f7-9095f96f0a97,0,7,BLACKSTONE TREATMENT WORK,TOWN OF BLACKSTONE,0.46517420394687203
51000138001,e8831c78-3b78-4b09-a916-ed913704c48c,0,8,BLACKSTONE TREATMENT WORK,TOWN OF BLACKSTONE,0.46517420394687203
51000138001,bb4acfd3-682b-4e63-ba51-6d164e21fe1a,0,9,BLACKSTONE TREATMENT WORK,TOWN OF BLACKSTONE,0.46517420394687203
51000138001,34cd4d5d-bcf3-4a39-9279-623d3f911987,0,10,BLACKSTONE TREATMENT WORK,CITIZENS BANK AND TRUST CO.,0.0
51000138001,6c169bc6-c173-4758-8000-d09c85160689,0,11,BLACKSTONE TREATMENT WORK,"REISS MANUFACTURING, INC.",0.0
51000138001,22a2d422-cc34-4325-9b5c-81db6810623f,0,12,BLACKSTONE TREATMENT WORK,"HENDRIX-ISA, LLC, A DELAWARE",0.0
51000138001,6c216197-dc58-477c-97cc-809c927db1ef,0,13,BLACKSTONE TREATMENT WORK,TOWN OF BLACKSTONE,0.46517420394687203
51000138001,4d5a028e-b39c-4396-85ff-db9840b2e41f,1,14,BLACKSTONE TREATMENT WORK,TOWN OF BLACKSTONE,0.46517420394687203
51000138001,8d3d62b4-5a17-4ddf-810f-047b93cf2c64,0,15,BLACKSTONE TREATMENT WORK,"LUNENBURG, NOTTOWAY",0.0
51000138001,75b810dc-e708-49d8-9898-cc158f39b536,0,16,BLACKSTONE TREATMENT WORK,"WILLIAMSON, J. LARRY",0.0
51000138001,c102bde4-aca2-4b6d-aca6-10e43f0e9007,0,17,BLACKSTONE TREATMENT WORK,"ARCHSTAR, LLC",0.0
51000138001,3371344e-1ecc-4105-97e7-980b5dd89363,0,18,BLACKSTONE TREATMENT WORK,"QUICK, HERBERT",0.0
51000138001,1fdc8e6e-3d76-4ee5-85cf-3e420b8f37ba,0,19,BLACKSTONE TREATMENT WORK,TRUSTEES OF THE NOTTOWAY BAPTIST,0.0
51000138001,dece008e-b238-4384-b06a-462b906f5f13,0,20,BLACKSTONE TREATMENT WORK,"QUICK, SARAH THOMAS",0.0
53000292003,5f69dbdd-0207-4eb7-b0d6-9654fa51b1c5,0,1,TOUTLE STP,COWLITZ COUNTY,0.0
53000292003,1f2200ad-c5a1-4cd3-86b9-307eb48f49ad,0,2,TOUTLE STP,STATE DEPT GAME,0.0
53000292003,ba475310-8ea1-45a7-92fc-be7708da446a,0,3,TOUTLE STP,COWLITZ COUNTY,0.0
53000292003,34f2face-5b30-490d-84ac-22abcc27c61d,0,4,TOUTLE STP,STATE DEPT GAME,0.0
53000292003,015b93c3-8b1e-40a7-8ee5-6e4dfa324d3e,1,5,TOUTLE STP,COWLITZ COUNTY,0.0
53000292003,a75507f4-20fa-428b-a35a-7d8665f946ff,0,6,TOUTLE STP,VAUGHN THERESA GARDNER,0.0
53000292003,3d873b91-0661-400b-acbb-40c01bd791ee,0,7,TOUTLE STP,MORRIS ALEXANDRA/JARED,0.0
53000292003,12a7bd52-9d04-4e63-a98c-6dc76b91762d,0,8,TOUTLE STP,GARDNER SAMUEL C/PATRICIA L,0.0
53000292003,df55df58-3f91-4885-ad41-8f7ade78a1ed,0,9,TOUTLE STP,SANCHEZ EFRAIN/LAURIE,0.0
53000292003,d5305cfc-9d76-48d3-865f-ca69375d6e46,0,10,TOUTLE STP,GARDNER SAMUEL C/PATRICIA L,0.0
53000292003,27d1a376-7015-405c-908e-f58cdc662663,0,11,TOUTLE STP,MORRIS ALEXANDRA/JARED,0.0
53000292003,688ba277-5540-439b-bf3d-961e56f5a0e7,0,12,TOUTLE STP,TIPPERY DANIEL G,0.0
53000292003,68373c58-cc6c-4dbd-8a13-21babbdb7d37,0,13,TOUTLE STP,WHITE RICHARD A/KARI N,0.0
53000292003,7792d8fe-3590-4958-ab2f-891122314aec,0,14,TOUTLE STP,GARDNER PAUL L/YOKE M TRUST,0.0
53000292003,286d97df-62aa-411c-b089-6a755a3985e6,0,15,TOUTLE STP,SANCHEZ EFRAIN V/LAURIE L,0.0
53000292003,cdb72ad1-81de-4eb7-83b4-362d6b699acd,0,16,TOUTLE STP,GARDNER HARRY N,0.0
53000292003,98872031-ec83-42ec-b1ff-dba92e4bf25a,0,17,TOUTLE STP,GARDNER SAMUEL,0.0
53000292003,bc4bb5ee-97a4-4413-b762-f72fb8594786,0,18,TOUTLE STP,HARTSON MARCIA R ETAL,0.0
53000292003,9aa8b2f0-187b-4efa-9630-c851bdb4b8d0,0,19,TOUTLE STP,CONNELLY DENNIS M/KIMBERLY D,0.0
53000292003,f9c4397c-bdbf-4d59-ab7d-6082243b7c64,0,20,TOUTLE STP,HOFFMANN VICTOR W/JEANETTE L,0.0
53000925001,e449aa08-281d-4eb3-9da9-f493133f1cc8,0,1,OMAK STP,"OMAK, CITY OF",1.0
53000925001,5439f547-5658-44de-8834-745ed5cf2498,0,2,OMAK STP,"OMAK, CITY OF",1.0
53000925001,292046a5-dd9c-4b20-8002-24c18453b314,0,3,OMAK STP,"OMAK, CITY OF",1.0
53000925001,8b0eaf28-e8ba-4406-abef-32538af5e8d5,0,4,OMAK STP,"OMAK, CITY OF",1.0
53000925001,f385affb-95e0-43b5-852d-4ed46fcd2fc6,0,5,OMAK STP,SCHOOL DISTRICT #19,0.0
53000925001,7223c4dd-15f2-4c85-8b6f-449875fb8fa2,0,6,OMAK STP,,
53000925001,1e4f4a83-cb4a-43aa-a8c8-fee1f8022e86,0,7,OMAK STP,"OMAK, CITY OF",1.0
53000925001,98d1e711-2587-458a-9a14-82c21124bbc1,0,8,OMAK STP,OMAK SCHOOL DISTRICT #19,1.0
53000925001,cf842c41-508c-4a64-9915-19215a049dcb,0,9,OMAK STP,"OMAK, CITY OF",1.0
53000925001,b77f4faa-5616-4337-8c00-c1f72eb72d8d,0,10,OMAK STP,"SANFORD, DONNA & HARRY",0.0
53000925001,ad55062b-d9ed-4a9b-9500-abeb44b658d8,0,11,OMAK STP,SCHOOL DISTRICT #19,0.0
53000925001,e8f90ac2-afcc-42cb-b491-3d9483c0ecfa,1,12,OMAK STP,,
53000925001,88d671d5-3e2c-4cd5-8de3-ea5fdac597b5,0,13,OMAK STP,"OMAK, CITY OF",1.0
53000925001,36455d55-492d-4fd0-ad61-e7361ea7900b,0,14,OMAK STP,SCHOOL DISTRICT #19,0.0
53000925001,52e31ba5-cb5b-4e76-beb3-082cb372861d,0,15,OMAK STP,USA INTRUST,0.0
53000925001,02c5f23d-230c-4759-99b9-6b48b5ccfdad,0,16,OMAK STP,,
53000925001,91409138-3c20-4084-abef-faabd36db3ea,0,17,OMAK STP,SCHOOL DISTRICT #19,0.0
53000925001,e150342e-362e-44b7-95d2-402bf5a14330,0,18,OMAK STP,OKANOGAN COUNTY,0.0
53000925001,1b4bb516-93ee-4fb8-9af8-8553617cba45,0,19,OMAK STP,USA INTRUST,0.0
53000925001,47a1e1e7-cc0c-4e3c-ba11-fbd6d4f92fad,0,20,OMAK STP,WA STATE DEPT OF CONSERVATION,0.0
53000990001,02c62804-e1ce-416d-ad33-c578bbb8daef,0,1,PORT ANGELES WWTP,SCHOOL DISTRICT 121,0.0
53000990001,b59b2cff-e4d5-4383-8c7f-8f9148e45e3f,0,2,PORT ANGELES WWTP,CITY OF PORT ANGELES,1.0
53000990001,19d5d2e9-b8a0-4e8f-829b-774a73482e27,0,3,PORT ANGELES WWTP,CITY OF PORT ANGELES,1.0
53000990001,3bf2826c-db72-4f03-9e09-cabe357868a9,0,4,PORT ANGELES WWTP,CITY OF PORT ANGELES,1.0
53000990001,34cbe15b-e55f-4cc9-b698-93379eadfcf0,0,5,PORT ANGELES WWTP,CITY OF PORT ANGELES,1.0
53000990001,7a9fb6c0-88d5-4b15-99dd-cd65d3735713,1,6,PORT ANGELES WWTP,CITY OF PORT ANGELES,1.0
53000990001,6b6a5adf-f183-4e8c-8e0a-9930315531de,0,7,PORT ANGELES WWTP,CITY OF PORT ANGELES,1.0
53000990001,a8d72aa1-34bd-4aaf-8a7d-2aef81d6bb47,0,8,PORT ANGELES WWTP,CITY OF PORT ANGELES,1.0
53000990001,75316d60-e7c6-4aa9-92dc-75cd4ccece76,0,9,PORT ANGELES WWTP,,
53000990001,c211c8f6-b3e7-4104-8ea4-73964ca765c1,0,10,PORT ANGELES WWTP,CITY OF PORT ANGELES,1.0
53000990001,5a6e1717-2f5a-4eed-b804-88189cbb1bce,0,11,PORT ANGELES WWTP,STATE OF WA DEPT OF TRANS,0.0
53000990001,7b0a2b3a-9ff1-4ceb-84d2-a5d46e76c7f3,0,12,PORT ANGELES WWTP,PENINSULA HOUSING AUTHORITY,0.0
53000990001,57b63cab-51e5-418e-af7d-03e2e013664b,0,13,PORT ANGELES WWTP,CITY OF PORT ANGELES,1.0
53000990001,e77d544e-e781-4597-8035-2a21a3ea95ec,0,14,PORT ANGELES WWTP,CLALLAM COUNTY,0.0
53000990001,dab5eaac-f35b-4abd-89cf-3c0a9c8d807a,0,15,PORT ANGELES WWTP,CLALLAM CO PUB HOSPITAL DIST 2,0.0
53000990001,dffaead5-3f63-4716-81da-ca8dd49b95cc,0,16,PORT ANGELES WWTP,CITY OF PORT ANGELES,1.0
53000990001,08286eeb-641a-4c1f-9df7-001e382ec18f,0,17,PORT ANGELES WWTP,JAMES TIMOTHY AND JULIE MARIE HAGUEWOOD TTES,0.0
53000990001,2d4b55c3-ce7f-4651-ab7c-b5fff8d07101,0,18,PORT ANGELES WWTP,CLALLAM COUNTY,0.0
53000990001,ccf519e5-62be-4dba-9ff5-591bf4911379,0,19,PORT ANGELES WWTP,,
53000990001,cc7df171-f12f-4f6a-9052-76b4f2a240e9,0,20,PORT ANGELES WWTP,JAMES TIMOTHY AND JULIE MARIE HAGUEWOOD TTES,0.0
53001375001,e034dc7b-7566-49a6-928e-990e0bd2c2bb,0,1,WAPATO STP,WAPATO CITY,1.0
53001375001,d920a7b2-b3fe-4a8f-b9fa-dc1c956380ae,0,2,WAPATO STP,,
53001375001,90516791-a98e-4a47-80b5-004160392c42,1,3,WAPATO STP,WAPATO CITY,1.0
53001375001,81df80a2-2c10-4111-ae01-b9f20b6d9ee8,0,4,WAPATO STP,,
53001375001,00bbe8a2-f74a-4ea4-a521-d0799edb66e2,0,5,WAPATO STP,WAPATO CITY,1.0
53001375001,067a60df-cb3f-45e7-8f68-3c93c873aa17,0,6,WAPATO STP,,
53001375001,9834d2a3-21a8-4a7c-a363-ebee657e5a2a,0,7,WAPATO STP,BURLINGTON NORTHERNSANTA FE RAILWAY CO,0.0
53001375001,7f5afbe2-4c8a-4bf1-8708-42b8307f3e7c,0,8,WAPATO STP,YAKIMA FRUIT & COLD STG CO,0.0
53001375001,36fd4906-dd4b-4f10-b708-073d5d0d7ce0,0,9,WAPATO STP,,
53001375001,0f22bb18-dca7-44ed-bdd9-bde8a49504b8,0,10,WAPATO STP,BURLINGTON NORTHERNSANTA FE RAILWAY CO,0.0
53001375001,afe8a753-c316-476c-b8ab-fa54d1c2782f,0,11,WAPATO STP,VALICOFF FRUIT CO INC,0.0
53001375001,d2cbab70-5917-478f-992a-71393b407555,0,12,WAPATO STP,CITY OF WAPATO,1.0
53001375001,78bd2b60-3a1c-44a6-b804-2a0e00525c8b,0,13,WAPATO STP,WAPATO SCHOOL DISTRICT #207,1.0
53001375001,d358362c-09bc-43d2-ac95-e857a57aae44,0,14,WAPATO STP,,
53001375001,1e84f00c-c220-4836-8831-a1cccb6338d8,0,15,WAPATO STP,,
53001375001,48921fec-818b-46be-a444-ad85c03924bb,0,16,WAPATO STP,,
53001375001,c21519ae-50be-4067-9ab2-9bded6c041d2,0,17,WAPATO STP,,
53001375001,62dfc1bc-8399-40ff-9895-753a72965242,0,18,WAPATO STP,YAKAMA NATION HOUSING AUTHORITY,0.0
53001375001,9777d254-db5f-4948-b7ab-44b3d07a8498,0,19,WAPATO STP,WAPATO SCHOOL #207,1.0
53001375001,354785f7-f821-4345-9ca2-2a9c594f7438,0,20,WAPATO STP,CATHOLIC CHARITIES HOUSING SERVICES,0.0
53001595001,50ec5f9e-6cf9-47e7-9b5b-fd9fd92dc738,1,1,CASHMERE STP FACILITY,CITY OF CASHMERE,1.0
53001595001,6c14cccc-2386-4ce4-a3c8-b05cb16abc2e,0,2,CASHMERE STP FACILITY,CITY OF CASHMERE,1.0
53001595001,1e8c8679-4544-4615-9a3f-3e7052305e5b,0,3,CASHMERE STP FACILITY,CITY OF CASHMERE,1.0
53001595001,8387fe38-af9d-49e9-b0b8-81f2d0ca9d94,0,4,CASHMERE STP FACILITY,CITY OF CASHMERE,1.0
53001595001,85865440-aab2-40ac-985e-f89ac4fe6d38,0,5,CASHMERE STP FACILITY,CITY OF CASHMERE,1.0
53001595001,3276a55b-9ba3-4292-b5a4-ba291f9ecd62,0,6,CASHMERE STP FACILITY,WASHINGTON STATE DEPT OF TRANSPORTATION,0.0
53001595001,721546e2-ab84-4aac-8bc9-8996d5cbed6f,0,7,CASHMERE STP FACILITY,CITY OF CASHMERE,1.0
53001595001,0a7de1e3-760e-4250-b4c7-fd6063cbc1f8,0,8,CASHMERE STP FACILITY,WASHINGTON STATE DEPT OF FISH & WILDLIFE,0.0
53001595001,49ecb23c-49b3-456b-a211-8185058b07a8,0,9,CASHMERE STP FACILITY,CITY OF CASHMERE,1.0
53001595001,573299ca-9fa7-43c3-ab87-b9fadd7f85d3,0,10,CASHMERE STP FACILITY,CITY OF CASHMERE,1.0
53001595001,1ba58a85-bf98-4db1-b96d-f06877d793bc,0,11,CASHMERE STP FACILITY,CHELAN COUNTY,0.0
53001595001,0c569797-e75a-49ce-8a1a-d9d0b00338eb,0,12,CASHMERE STP FACILITY,CITY OF CASHMERE,1.0
53001595001,5dac0ea8-e65d-4eca-a59a-058dc80babda,0,13,CASHMERE STP FACILITY,MCMAHON INVESTMENTS INC,0.0
53001595001,01d19ca4-4eed-4b5d-aa71-f7606b5be4c6,0,14,CASHMERE STP FACILITY,PUBLIC UTILITY DISTRICT NO 1,0.0
53001595001,aa9a0e93-3fa2-462f-9a30-9e6413ebe2fb,0,15,CASHMERE STP FACILITY,RIVER'S EDGE REAL ESTATE LLC,0.0
53001595001,bea45f93-8b79-4a4e-baf8-746b482a0991,0,16,CASHMERE STP FACILITY,MCMAHON INVESTMENTS INC,0.0
53001595001,967a4046-6bd6-4adb-af06-f2cb2bbf5f83,0,17,CASHMERE STP FACILITY,CITY OF CASHMERE,1.0
53001595001,52b10089-acd0-49a2-b17b-acf5edd210fd,0,18,CASHMERE STP FACILITY,CASHMERE SCHOOL DIST 222,1.0
53001595001,b155e0d7-f344-474a-8e4b-700590099850,0,19,CASHMERE STP FACILITY,CHELAN COUNTY,0.0
53001595001,a0b53abb-f438-4059-aafc-71c57835e216,0,20,CASHMERE STP FACILITY,BERGER HANS FREDRIK,0.0
53001645001,55f07e6e-80d6-462b-b509-bb36feba5a08,0,1,COLVILLE STP,CITY OF COLVILLE,1.0
53001645001,bf324caf-208f-481a-a791-1e44a4e81204,0,2,COLVILLE STP,STEVENS COUNTY,0.0
53001645001,c479f62e-9df7-4b92-99e5-72349190a400,0,3,COLVILLE STP,CITY OF COLVILLE,1.0
53001645001,9b1fac0e-64f4-4058-9dcf-ca95e8876064,0,4,COLVILLE STP,CITY OF COLVILLE,1.0
53001645001,3097a2c6-9dc9-4507-a116-c3b98cf8f1f2,0,5,COLVILLE STP,STEVENS COUNTY,0.0
53001645001,af665705-c018-4b68-9f3f-82c36fc87cf8,0,6,COLVILLE STP,CITY OF COLVILLE,1.0
53001645001,b0819df5-bccc-49b5-935a-dcf1c5138682,0,7,COLVILLE STP,TRANSPORTATION WASH. STATE DEP,0.0
53001645001,d75fab8a-c192-412d-a6a7-d0dafc81836d,1,8,COLVILLE STP,CITY OF COLVILLE,1.0
53001645001,1b6a74d1-701b-4b20-b936-412c9111e7b0,0,9,COLVILLE STP,CITY OF COLVILLE,1.0
53001645001,089d2d69-f10d-4701-b051-8f43e2956802,0,10,COLVILLE STP,CITY OF COLVILLE,1.0
53001645001,f51ad5af-5f0e-45d6-9055-1a2dcd945adc,0,11,COLVILLE STP,CITY OF COLVILLE,1.0
53001645001,7ca141fb-59f9-4476-84b6-d8293b91136a,0,12,COLVILLE STP,CITY OF COLVILLE,1.0
53001645001,c18cd293-e64a-4f5a-af68-68eac0cecdeb,0,13,COLVILLE STP,STATE OF WASHINGTON BOARD FOR,0.0
53001645001,290bcfe8-9b60-4378-b4eb-265425217845,0,14,COLVILLE STP,WASHINGTON STATE SCHOOL LANDS,0.0
53001645001,a2092ad9-e4e5-4414-a3fc-71444c514c23,0,15,COLVILLE STP,STEVENS COUNTY,0.0
53001645001,4f3aaafd-7863-4ec9-b411-f3b468f30392,0,16,COLVILLE STP,WASHINGTON STATE SCHOOL LANDS,0.0
53001645001,3826173e-7999-4392-aad5-169b5afe181d,0,17,COLVILLE STP,CITY OF COLVILLE,1.0
53001645001,1ebeff31-b718-45ce-a2e8-b6273f51c336,0,18,COLVILLE STP,,
53001645001,77c312b2-6fe1-41fe-b188-e2a4e5c913e3,0,19,COLVILLE STP,WASHINGTON STATE SCHOOL LANDS,0.0
53001645001,b849741e-405b-412e-8d3f-c06955f9fc71,0,20,COLVILLE STP,STEVENS COUNTY,0.0
53001760001,90b50781-bac8-4dd7-8fb8-60d81c56497c,0,1,FARMINGTON STP,STATE OF WASHINGTON,0.0
53001760001,83b2b369-1d05-4686-8d08-a366526eac58,1,2,FARMINGTON STP,"FARMINGTON, TOWN OF",1.0
53001760001,551b7558-59ea-4973-a87a-8f30229f5c0f,0,3,FARMINGTON STP,"JACKSON, CARL/CHRISTINE",0.0
53001760001,922ae636-3601-4c2e-b818-d32cb3b2c7f2,0,4,FARMINGTON STP,FARMLAND RESERVE INC,0.0
53001760001,d7ef440f-d0ef-417c-8440-5bd86281c3e5,0,5,FARMINGTON STP,"FARMINGTON, TOWN OF",1.0
53001760001,d213ec13-c730-42e1-bede-5854c5355993,0,6,FARMINGTON STP,"LEHN, MARY",0.0
53001760001,3b495bbd-bdaf-437a-a8f1-0edb8ff4c2c8,0,7,FARMINGTON STP,"LOWLEY, ANTHONY & RUTH",0.0
53001760001,4beac557-0b97-43aa-9bac-cfb1fd9e9681,0,8,FARMINGTON STP,"LEHN, MARY",0.0
53001760001,b4cafb49-72e2-48d6-b6f0-081e2c4b8d0f,0,9,FARMINGTON STP,FARMLAND RESERVE INC,0.0
53001760001,b450f112-1060-4857-8d7d-9f188fdb521a,0,10,FARMINGTON STP,"HEISE, WILLIAM",0.0
53001760001,88c5a0d0-86bb-4f6a-ac72-165296a6101d,0,11,FARMINGTON STP,"HEISE, WILLIAM",0.0
53001760001,f22201b3-7e5e-4278-9d8a-2743997f0ade,0,12,FARMINGTON STP,FARMLAND RESERVE INC,0.0
53001760001,ff3922dc-9d46-4527-9b03-bc4f42c591c6,0,13,FARMINGTON STP,"HEISE, WILLIAM",0.0
53001760001,6c391872-51c8-4133-9af8-32b66eb27e13,0,14,FARMINGTON STP,"DOYLE, EDWIN & ELIZABETH",0.0
53001760001,dad07cfe-c41c-4135-9785-1eccb3334265,0,15,FARMINGTON STP,"GOOSSEN, RUDOLF",0.0
53001760001,473bbb27-93d6-4804-93ac-5777eb9e251e,0,16,FARMINGTON STP,BROYER LIVING TRUST,0.0
53001760001,3fb11033-23bc-430c-9148-5a2cb397673d,0,17,FARMINGTON STP,"FARMINGTON, TOWN OF",1.0
53001760001,74beb5b2-8db5-4c9c-8b60-dd3ee87de305,0,18,FARMINGTON STP,DAMLAND LLC,0.0
53001760001,84b214b0-c4b4-40d7-b2c3-07584d934420,0,19,FARMINGTON STP,"LOPEZ, JAMIE/HEATHER",0.0
53001760001,46a25d54-a970-4cf7-961b-80cbdf401ca4,0,20,FARMINGTON STP,"RAMBO, RYAN & ERIN",0.0
54003910001,8ee1c41c-b83e-464e-9ebc-c3f8f3529029,1,1,TERRA ALTA WWTP,TERRA ALTA TOWN OF,1.0
54003910001,6c7807dd-1621-4228-90eb-254e56b044e0,0,2,TERRA ALTA WWTP,,
54003910001,e23d6287-e5ca-4cf8-9488-5588f8701eb1,0,3,TERRA ALTA WWTP,TERRA ALTA PARK,1.0
54003910001,490fedc7-df58-4e40-87b7-2db681ab6cff,0,4,TERRA ALTA WWTP,PRESTON COUNTY BOARD OF EDUCATION,0.0
54003910001,7fd89644-5004-4ac8-88d0-d662ef8286f0,0,5,TERRA ALTA WWTP,BOARD OF EDUCATION,0.0
54003910001,dde1a88f-98c4-473c-b63f-e038bf333ac0,0,6,TERRA ALTA WWTP,TALBOTT WAYNE DAVID SR,0.0
54003910001,ec59c5d3-e9d5-43e6-afd8-b6e31f46ee77,0,7,TERRA ALTA WWTP,ALPINE VILLAGE APARTMENTS LIMITED PARTNERSHIP,0.0
54003910001,12341ce9-3157-40cf-ae92-6ef7bf6730af,0,8,TERRA ALTA WWTP,RICHARDS BETTY J,0.0
54003910001,9a54d27e-395f-4471-b836-68570806bb5b,0,9,TERRA ALTA WWTP,NASSIF N JOSEPH & BEATI,0.0
54003910001,01a6787c-3bea-4fee-8613-eaf03842dd29,0,10,TERRA ALTA WWTP,LAKIN PROPERTIES LLC,0.0
54003910001,f84bf346-541f-4259-a25e-b5280a304f4e,0,11,TERRA ALTA WWTP,TERRA ALTA VOL FIRE DEPT INC,1.0
54003910001,ba200870-7a3e-4c26-8f96-cb44cc3574cd,0,12,TERRA ALTA WWTP,SMITH DALLAS W & LAVERN,0.0
54003910001,9f849d58-76b5-4ab9-922f-270a48bdcc16,0,13,TERRA ALTA WWTP,SPAHR TIMOTHY L,0.0
54003910001,05658313-d16b-4fca-bdc0-21d171162669,0,14,TERRA ALTA WWTP,KIRK MICHELE K,0.0
54003910001,db0ab6be-35b8-4e1d-a9e0-a7745caf2da5,0,15,TERRA ALTA WWTP,SCAFELLA MARK A,0.0
54003910001,22fe4ef9-7bc1-483d-8e01-945985522c06,0,16,TERRA ALTA WWTP,MERSING CHARLES EDWARD,0.0
54003910001,164bc028-c907-4c28-b37d-aa032872b24f,0,17,TERRA ALTA WWTP,WEST VIRGINIA STATE OF STATE ARMORY BOARD,0.0
54003910001,e8620d78-87a6-4cb6-b019-878b2fa0ca94,0,18,TERRA ALTA WWTP,BALL AUCTION INC,0.0
54003910001,7f2aade4-1832-4243-b6d6-1971051f85f8,0,19,TERRA ALTA WWTP,SNOWY MOUNTAIN DEVELOPMENT LLC,0.0
54003910001,6e0d603d-a1cf-4c68-861c-47cedd3b6b1f,0,20,TERRA ALTA WWTP,DELANO'S FLOORING LLC,0.0
55000016001,73b9cdbd-9436-4cac-84c5-212a3cc092e7,1,1,HATLEY STP,VILLAGE OF HATLEY HATLEY SEWER & WATER UTI,1.0
55000016001,b5dc9b26-a569-4176-94b2-12fcfe7d5748,0,2,HATLEY STP,ST FLORIAN PARISH,0.0
55000016001,64e9c497-8977-4e49-9f93-85da929dfb81,0,3,HATLEY STP,WISCONSIN DEPARTMENT OF NATURAL RESOURCES,0.0
55000016001,4f66ecc1-1f66-4784-b7b2-20bb4710f808,0,4,HATLEY STP,D C EVEREST AREA SCHOOL DISTRICT,0.0
55000016001,cc08012d-61d0-4145-923b-9c6f14e33b5c,0,5,HATLEY STP,AMERICAN LEGION,0.0
55000016001,38c3feb2-048a-4ca4-adf9-f19a2b194364,0,6,HATLEY STP,JORDAN FALKOWSKI,0.0
55000016001,d9f63f10-2061-4240-9563-8f0d680fe069,0,7,HATLEY STP,JOSHUA FALKOWSKI,0.0
55000016001,b13946c2-b827-482c-a87f-74eb145cfc69,0,8,HATLEY STP,JPF INCOME TRUST,0.0
55000016001,96e89a27-c777-4ffc-9353-d1a33c753db0,0,9,HATLEY STP,BILL FRAAZA,0.0
55000016001,fb3912b6-88b0-4642-ae9c-5ff180f15a9f,0,10,HATLEY STP,JORDAN FALKOWSKI,0.0
55000016001,5b5bea4a-7c5a-4e4d-8c0b-8c8cbdb21d33,0,11,HATLEY STP,TIGERTON LUMBER CO,0.0
55000016001,682b06fb-e104-4e3f-b687-0f20f838e467,0,12,HATLEY STP,DANIEL S DICKMAN,0.0
55000016001,5dae4270-14ac-45b9-9f76-1fce5eaeaad6,0,13,HATLEY STP,THOMAS G MILLER,0.0
55000016001,e8c4d505-270d-46c7-95d2-c906524c2da9,0,14,HATLEY STP,BILLIE J FRAAZA,0.0
55000016001,c2c09ea6-0400-4a81-a15c-ac70550f6e15,0,15,HATLEY STP,MATSCHE FARMS INC,0.0
55000016001,1d5fb951-ef37-409c-af33-1ee8b2e0412a,0,16,HATLEY STP,BILL FRAAZA,0.0
55000016001,200b1255-bd4a-4b6e-bbc3-82c131ed4c83,0,17,HATLEY STP,ZOROMSKI FAMILY LEGACY TRUST,0.0
55000016001,c06033d3-9c98-4488-a2d0-ef8d5f3476be,0,18,HATLEY STP,MATSCHE FARMS INC,0.0
55000016001,ea8f8dbd-8fd0-494e-9bae-8ed164ee5489,0,19,HATLEY STP,BRINKMAN REVOCABLE TRUST,0.0
55000016001,88f3ff2a-ab0b-41c7-9658-79580e636bf9,0,20,HATLEY STP,MARATHON COUNTY,0.0
55000090001,dd7ad029-070b-494c-a750-98de39fc34c0,1,1,ALMENA WWTP,VILLAGE OF ALMENA,1.0
55000090001,2dab7fcb-0ff4-485b-8093-d65061f59c55,0,2,ALMENA WWTP,VILLAGE OF ALMENA,1.0
55000090001,ef78f244-bfcb-4981-a12d-1f3e1cee9065,0,3,ALMENA WWTP,TOWN OF CLINTON,0.0
55000090001,c5382abf-574e-400a-8257-599e976f01ba,0,4,ALMENA WWTP,TOWN OF CLINTON,0.0
55000090001,28b528dd-59a1-4756-8b24-6f8dff075e9e,0,5,ALMENA WWTP,VILLAGE OF ALMENA,1.0
55000090001,3f08a9b7-f1ef-4d75-8f43-d657058cd614,0,6,ALMENA WWTP,VILLAGE OF ALMENA,1.0
55000090001,a004c08c-a138-45e0-8a35-9fb45ff0a87e,0,7,ALMENA WWTP,GEORGE & ROSE MARY STOEBERL (LE),0.0
55000090001,f0f5db7f-7715-4703-8ca0-9878d7f6d7dd,0,8,ALMENA WWTP,DENNIS L WATERMAN,0.0
55000090001,10a68533-0d90-47f0-ab2d-0c83a4b09e2d,0,9,ALMENA WWTP,GEORGE & ROSE MARY STOEBERL (LE),0.0
55000090001,84cbc68c-25ef-4633-bd11-1dc7edbee806,0,10,ALMENA WWTP,,
55000090001,67624e59-a9ea-4d93-94b3-ca7a4f62e6b3,0,11,ALMENA WWTP,GEORGE & ROSE MARY STOEBERL (LE),0.0
55000090001,72246ca1-b0d1-4d54-af56-e9ce787bc11c,0,12,ALMENA WWTP,GEORGE & ROSE MARY STOEBERL (LE),0.0
55000090001,e970b299-172b-4221-a58e-5225429a08f1,0,13,ALMENA WWTP,,
55000090001,5477cc54-9625-43a2-9b7e-3d3da25b5704,0,14,ALMENA WWTP,RICHARD & ELLA KOEHN,0.0
55000090001,c23f4203-9068-4144-b23a-09efdaa28bea,0,15,ALMENA WWTP,WISCONSIN CENTRAL LTD,0.0
55000090001,b7a6e334-ece7-48ac-a7b8-4d735f358b44,0,16,ALMENA WWTP,TREVOR W ZURN,0.0
55000090001,31f8a228-459e-4f4d-b71b-a920f9212ca6,0,17,ALMENA WWTP,RICHARD D & ELLA R KOEHN,0.0
55000090001,9c05f75c-6a89-43c4-9f8f-058c5662140a,0,18,ALMENA WWTP,JOSHUA J & CATHY J BREIT,0.0
55000090001,51dd434d-f263-4924-8341-e4fc317472da,0,19,ALMENA WWTP,RICHARD D & ELLA R KOEHN,0.0
55000090001,4adcf64b-cb19-447a-9f7b-52d56109c2fc,0,20,ALMENA WWTP,LOREN E LOOSBROCK,0.0
55000570001,4c71ea49-d41e-44e8-8ebe-440faabbca04,1,1,BLOOMER STP,CITY OF BLOOMER,1.0
55000570001,184cb8a1-6733-4a62-a30d-c7283d6f73fc,0,2,BLOOMER STP,CITY OF BLOOMER SEWAGE DISPOSAL PLANT,1.0
55000570001,004c715f-8c61-46ec-83bf-87a725195cd9,0,3,BLOOMER STP,CITY OF BLOOMER,1.0
55000570001,d9b7c254-eb75-40fa-9d31-c5b7585a6867,0,4,BLOOMER STP,CITY OF BLOOMER,1.0
55000570001,5fad0b64-aac2-4ffa-9a5f-01fe3ae9f5fa,0,5,BLOOMER STP,CITY OF BLOOMER,1.0
55000570001,575f59e8-5e40-4719-bd96-e9ab69551f81,0,6,BLOOMER STP,CITY OF BLOOMER,1.0
55000570001,61623e07-eb0e-4196-8546-f585c0402d21,0,7,BLOOMER STP,SCHOOL DISTRICT OF BLOOMER,1.0
55000570001,0f87e03b-6965-4416-b45b-5cd6d7b12095,0,8,BLOOMER STP,CITY OF BLOOMER,1.0
55000570001,19480979-7314-4477-ad90-6b7ebf0e5a21,0,9,BLOOMER STP,,
55000570001,b241d699-c57e-4283-bb57-e01bf9a8614f,0,10,BLOOMER STP,CITY OF BLOOMER GOLF COURSE,1.0
55000570001,3f4b5102-5731-4288-a0d9-961c3e34cdaa,0,11,BLOOMER STP,CITY OF BLOOMER,1.0
55000570001,07ae41cd-fe24-4af0-a84d-a22513bc5464,0,12,BLOOMER STP,CITY OF BLOOMER ANNEXED IN 1982,1.0
55000570001,273433b8-774b-408e-8bd9-3191a30782cf,0,13,BLOOMER STP,STATE OF WISCONSIN DOT,0.0
55000570001,b1fa247a-5eec-46b5-9af3-416f5dea2b4c,0,14,BLOOMER STP,CITY OF BLOOMER GOLF COURSE,1.0
55000570001,135ba490-d793-48d8-b667-e284648c58b5,0,15,BLOOMER STP,CITY OF BLOOMER,1.0
55000570001,a356a375-432f-444b-b8a0-682282ee436c,0,16,BLOOMER STP,CHIPPEWA COUNTY HIGHWAY DEPT,0.0
55000570001,3450c3df-b7e9-414d-b28f-890b5c12e5e3,0,17,BLOOMER STP,SCHOOL DISTRICT OF BLOOMER,1.0
55000570001,f6e6fe1a-6a83-4207-9835-176bd230f227,0,18,BLOOMER STP,,
55000570001,01d35a2e-49f7-4858-b29b-568d813129ae,0,19,BLOOMER STP,,
55000570001,ef87860a-2d56-4a4f-8ad5-8f8583e1e3bc,0,20,BLOOMER STP,BLOOMER SCHOOL DISTRICT,1.0
55001810001,df47d471-0619-44e6-a145-0264c275a9a3,1,1,FREDONIA WWTP,VILLAGE OF FREDONIA,1.0
55001810001,f63826cc-f679-4cb9-a2a2-3f4522208093,0,2,FREDONIA WWTP,OZAUKEE COUNTY FISH AND GAME PROTECTIVE ASSOCIATION,0.0
55001810001,1afed37f-6122-46b0-a86b-7153229fb6e8,0,3,FREDONIA WWTP,NATIONAL FLAG DAY FOUNDATION,0.0
55001810001,7b359391-7307-4cca-aead-d7caf104938c,0,4,FREDONIA WWTP,OZAUKEE COUNTY,0.0
55001810001,2ed780f1-27c6-4537-9f40-d34e1f306aa0,0,5,FREDONIA WWTP,OZAUKEE COUNTY,0.0
55001810001,9b27900d-e829-45fa-b86f-9a22d1c7a284,0,6,FREDONIA WWTP,OZAUKEE COUNTY,0.0
55001810001,e3c6b8c4-984b-4592-a990-6d22b8da06a5,0,7,FREDONIA WWTP,OZAUKEE COUNTY,0.0
55001810001,3273320a-a605-4e09-87de-5a727b3861b4,0,8,FREDONIA WWTP,OZAUKEE COUNTY FISH AND GAME PROTECTIVE ASSOCIATION,0.0
55001810001,9c4ebdcc-3ac2-43f1-ac76-e7d11f3b74ff,0,9,FREDONIA WWTP,SUSAN FRY BAKER,0.0
55001810001,ebb0adf4-18fc-4fe5-9688-6a12daa60f36,0,10,FREDONIA WWTP,SUSAN FRY BAKER,0.0
55001810001,d89611f7-5886-45c9-96a2-9458258fca1e,0,11,FREDONIA WWTP,OZAUKEE WASHINGTON LAND TRUST INC,0.0
55001810001,8f94251d-b0b5-4187-a50d-7caaf5d728b8,0,12,FREDONIA WWTP,RODNEY W BLUMENBERG,0.0
55001810001,3d2da165-8e66-48eb-9481-50d588566523,0,13,FREDONIA WWTP,STONY HILL TRUST,0.0
55001810001,a02e9c69-b4e5-4fb1-8188-35a4ab0f08c8,0,14,FREDONIA WWTP,WAUBEKA FIREFIGHTERS ASSOCIATION INC,0.0
55001810001,cf247c94-d667-42cb-bc5f-5f808a4255f4,0,15,FREDONIA WWTP,IAN MOSS,0.0
55001810001,78c3506c-3475-4848-ac0c-d5642e667ecf,0,16,FREDONIA WWTP,OZAUKEE COUNTY,0.0
55001810001,47cfe260-bf00-40c3-bd7c-b57bf36f7cb5,0,17,FREDONIA WWTP,KAREN N WEIGLE,0.0
55001810001,ea630740-a818-4d3a-b6f1-447c3209f283,0,18,FREDONIA WWTP,OZAUKEE WASHINGTON LAND TRUST INC,0.0
55001810001,9bfa12c8-7b30-43f6-9a42-1cbf7ad14c4f,0,19,FREDONIA WWTP,KAREN N WEIGLE,0.0
55001810001,b88d5c61-f3dc-4434-ab72-8f8fcdb33563,0,20,FREDONIA WWTP,THOMAS A OLSON,0.0
55002020001,c84e9eb6-3c29-4278-bd96-a4866d621cb2,0,1,GREEN LAKE WWTP,GREEN LAKE COUNTY,1.0
55002020001,b7c43295-8d53-4741-9ae4-7988782621fd,0,2,GREEN LAKE WWTP,CITY OF GREEN LAKE,1.0
55002020001,c0ff79b0-27e7-4b19-939b-10bd534613d8,0,3,GREEN LAKE WWTP,CITY OF GREEN LAKE,1.0
55002020001,37ff6ed3-2e67-474f-a93e-bbfc145d97f6,1,4,GREEN LAKE WWTP,COMMUNITY DEVELOPMENT AUTHORITY OF THE CITY OF GREEN LAKE,1.0
55002020001,e603b627-5bfd-44dc-a274-df109aa9889d,0,5,GREEN LAKE WWTP,GREEN LAKE COUNTY,1.0
55002020001,1d6dcce5-6d69-4660-a7de-677dcb5ca516,0,6,GREEN LAKE WWTP,CITY OF GREEN LAKE,1.0
55002020001,2af5f9e9-2752-403b-9bac-b72d4b2ad0b4,0,7,GREEN LAKE WWTP,CITY OF GREEN LAKE,1.0
55002020001,155525a0-e525-4653-ad7b-5aa230d05b74,0,8,GREEN LAKE WWTP,LAKE TIME STORAGE GL LLC,0.42657042791305916
55002020001,07339418-a40f-44b3-83ab-d67da9f3484e,0,9,GREEN LAKE WWTP,GREEN LAKE SCHOOL DISTRICT,1.0
55002020001,60d540a2-b2ab-45b3-bdb5-316846211554,0,10,GREEN LAKE WWTP,CITY OF GREEN LAKE,1.0
55002020001,7be2211a-1cd0-4535-bb40-4d67131c8119,0,11,GREEN LAKE WWTP,CITY OF GREEN LAKE,1.0
55002020001,cd47d160-f70b-48d6-9f0f-068644e55264,0,12,GREEN LAKE WWTP,ELEANOR A GALLUP,0.0
55002020001,7f581a19-e1a9-4a23-8b72-b558be57b313,0,13,GREEN LAKE WWTP,MARY L SCHOLETZKY,0.0
55002020001,46c36140-477d-4510-abf3-833ac80e7b3e,0,14,GREEN LAKE WWTP,GREEN LAKE RENEWAL INC,1.0
55002020001,8f793089-9ae0-43ee-984c-1f0507ee03d2,0,15,GREEN LAKE WWTP,MARY L SCHOLETZKY,0.0
55002020001,3b301ea8-c41b-488d-8101-276e5a19bc2a,0,16,GREEN LAKE WWTP,CITY OF GREEN LAKE,1.0
55002020001,71cff702-1324-451f-a0a5-769aaf187ec8,0,17,GREEN LAKE WWTP,DARTFORD CEMETERY ASSOCIATION,0.0
55002020001,e9a95807-a79e-4231-b29a-fb2cdf98393b,0,18,GREEN LAKE WWTP,JAMES W & ROXANA GRIM FAMILY TRUST,0.0
55002020001,f2341bbc-d862-4dcd-823b-0e28dccc58d3,0,19,GREEN LAKE WWTP,CAROL SHORES LLC,0.0
55002020001,115d7c4c-244d-4f98-9882-0670b85f7ebf,0,20,GREEN LAKE WWTP,TOWN OF BROOKLYN,0.0
55002100001,c33357de-5e74-4b40-a821-28e81db99416,1,1,HAUGEN STP,VILLAGE OF HAUGEN,1.0
55002100001,a8135fed-f878-42bd-806e-c88333ba048d,0,2,HAUGEN STP,VILLAGE OF HAUGEN,1.0
55002100001,5dad17b8-bb43-431f-bd00-e06b98361085,0,3,HAUGEN STP,STATE OF WISCONSIN DNR,0.0
55002100001,19fa3578-f656-46e0-a8c7-7b1a60c70427,0,4,HAUGEN STP,VILLAGE OF HAUGEN,1.0
55002100001,0caa8738-662a-4269-80d8-550423d950c5,0,5,HAUGEN STP,HOLY TRINITY CATHOLIC CONGREGATION,0.0
55002100001,aabdfa6f-5092-4503-87ba-0ddd0569d3bb,0,6,HAUGEN STP,BARRON COUNTY,0.0
55002100001,183449e6-f958-4d1d-b161-632be60d9ad6,0,7,HAUGEN STP,STATE OF WISCONSIN DOT,0.0
55002100001,5f43ba91-19fb-481b-afad-c30e9f16ebd5,0,8,HAUGEN STP,STATE OF WISCONSIN DOT,0.0
55002100001,fb9461f0-3154-447e-8db8-1236c50900a3,0,9,HAUGEN STP,RICE LAKE AREA SCHOOL DISTRICT,0.0
55002100001,c2b25db7-6f13-4701-8aca-4f4e9672883b,0,10,HAUGEN STP,VILLAGE OF HAUGEN,1.0
55002100001,5f7d5bb2-863d-4217-b3c5-02fc1a481786,0,11,HAUGEN STP,STATE OF WISCONSIN DNR,0.0
55002100001,5ffc5507-07d0-4250-b691-c42ac7f120a6,0,12,HAUGEN STP,,
55002100001,c10a8f22-7ef4-4a30-bf16-0279b603b03f,0,13,HAUGEN STP,STATE OF WISCONSIN DOT,0.0
55002100001,ff1633db-f5bc-406c-90be-4c49aebd5e96,0,14,HAUGEN STP,STATE OF WISCONSIN DOT,0.0
55002100001,16549754-1a5e-40c0-ad6b-cb069f54f30c,0,15,HAUGEN STP,VILLAGE OF HAUGEN,1.0
55002100001,84814c57-8bdb-4508-86a0-abd0559ee812,0,16,HAUGEN STP,TOWN OF BEAR LAKE,0.0
55002100001,ae4f1ae0-6451-421a-9c79-1b0f1ec6dc7a,0,17,HAUGEN STP,STATE OF WISCONSIN DNR,0.0
55002100001,f0672e1d-ff67-4dcf-b87c-52d53f26a789,0,18,HAUGEN STP,DOT STATE OF WISCONSIN,0.0
55002100001,72a81b7c-9e3e-499e-85a3-b323bd73913f,0,19,HAUGEN STP,JOHN HEINZE,0.0
55002100001,4e2bfc9b-fe7a-4084-9263-91a9a9fdeec4,0,20,HAUGEN STP,,
55002190001,fed3627c-4c59-4fe1-bfbf-9096d18b6da0,1,1,HOLMEN WWTP,VILLAGE OF HOLMEN,1.0
55002190001,6690398f-6bd2-4773-b8a0-7fc19f8d499c,0,2,HOLMEN WWTP,HOLMEN AREA SCHOOL DISTRICT,1.0
55002190001,78b9525e-07c2-4e31-b16e-34a15bfcc6cc,0,3,HOLMEN WWTP,VILLAGE OF HOLMEN,1.0
55002190001,4dd7ab83-4603-4841-a585-ce16f9957d99,0,4,HOLMEN WWTP,VILLAGE OF HOLMEN,1.0
55002190001,45ba6799-51f8-401f-996e-5728fb4819ac,0,5,HOLMEN WWTP,HOLMEN AREA SCHOOL DISTRICT,1.0
55002190001,9aae59cb-b7e2-465e-81bf-e007f6945691,0,6,HOLMEN WWTP,HOLMEN AREA SCHOOL DISTRICT,1.0
55002190001,f608e7a2-e13d-46d8-b08d-eff03755fca4,0,7,HOLMEN WWTP,HOLMEN AREA SCHOOL DISTRICT,1.0
55002190001,8f07810e-88fe-4f9a-b501-28358e6f2031,0,8,HOLMEN WWTP,HOLMEN AREA SCHOOL DISTRICT,1.0
55002190001,e49ae06e-f7fa-403d-8893-6606fd5bbdc4,0,9,HOLMEN WWTP,VILLAGE OF HOLMEN,1.0
55002190001,a148007e-7154-4f69-82e1-8dbad316127a,0,10,HOLMEN WWTP,VILLAGE OF HOLMEN,1.0
55002190001,411124ee-c96f-42be-996e-e2edf434677c,0,11,HOLMEN WWTP,VILLAGE OF HOLMEN,1.0
55002190001,759ae60a-1847-4c51-be94-4b604ab1afb8,0,12,HOLMEN WWTP,VILLAGE OF HOLMEN,1.0
55002190001,45449c96-ced2-413d-aaf6-49104ea75482,0,13,HOLMEN WWTP,VILLAGE OF HOLMEN,1.0
55002190001,8f5edac2-f04c-46c2-887f-689f829cf697,0,14,HOLMEN WWTP,VILLAGE OF HOLMEN,1.0
55002190001,006f3e8e-9b38-41c2-8e60-05e39c31263b,0,15,HOLMEN WWTP,VILLAGE OF HOLMEN,1.0
55002190001,699e4647-6afd-46f2-9214-c84943f368ab,0,16,HOLMEN WWTP,LACROSSE COUNTY,0.0
55002190001,8bb97d58-d9fa-4121-8cca-39e3d2e0138b,0,17,HOLMEN WWTP,VILLAGE OF HOLMEN,1.0
55002190001,5a45897d-67ae-4fcd-b494-ec66cbe357c3,0,18,HOLMEN WWTP,VILLAGE OF HOLMEN,1.0
55002190001,1bdc4e3a-b618-42e9-b8df-a88cedcf3948,0,19,HOLMEN WWTP,VILLAGE OF HOLMEN,1.0
55002190001,74e35e53-4fb6-4987-9288-3228fe512123,0,20,HOLMEN WWTP,VILLAGE OF HOLMEN,1.0
55002310002,25bade14-f859-48e4-a11d-95b3b3dfab98,1,1,JACKSON WWTP,VILLAGE OF JACKSON,1.0
55002310002,0892f976-d1ec-4cf6-9229-5aa80b5fb72f,0,2,JACKSON WWTP,VILLAGE OF JACKSON,1.0
55002310002,fa7c322a-a09b-4d5c-8c7f-30b6c3f10413,0,3,JACKSON WWTP,VILLAGE OF JACKSON,1.0
55002310002,5963906b-b9c5-47e3-98f0-577e14776e88,0,4,JACKSON WWTP,VILLAGE OF JACKSON,1.0
55002310002,474d8b97-94aa-4143-8d52-92ca0d8e0a6e,0,5,JACKSON WWTP,VILLAGE OF JACKSON,1.0
55002310002,f65157aa-71f6-4c6e-89d5-13c958112c86,0,6,JACKSON WWTP,VILLAGE OF JACKSON,1.0
55002310002,b58d6732-2793-41c6-bd25-133e41a4be58,0,7,JACKSON WWTP,,
55002310002,cb2d38c2-d6e6-4dc4-8f9c-332c63953d15,0,8,JACKSON WWTP,VILLAGE OF JACKSON,1.0
55002310002,ab47e56b-5b60-4e75-97b6-5f0ee0f112ea,0,9,JACKSON WWTP,VILLAGE OF JACKSON,1.0
55002310002,f67f4280-4e49-4231-a4b5-5b3259c6601b,0,10,JACKSON WWTP,,
55002310002,83c97d34-3f20-416a-9a17-612bd80bc78e,0,11,JACKSON WWTP,LIVING WORD LUTHERAN HIGH SCHOOL,0.0
55002310002,0977073d-232d-49b4-bfa0-1252abaee166,0,12,JACKSON WWTP,STATE OF WISCONSIN,0.0
55002310002,42827dcf-980d-4777-80cc-edbb7be46be8,0,13,JACKSON WWTP,JACKSON DEVELOPMENT LLC,1.0
55002310002,d891b488-1602-476e-ad59-57e1205a8ce2,0,14,JACKSON WWTP,JACKSON DEVELOPMENT LLC,1.0
55002310002,cbb67caa-8e36-4726-a6d8-eeb855b78081,0,15,JACKSON WWTP,WEST BEND SCHOOL DIST NO 1,0.0
55002310002,1e4ce4c0-fccb-4f63-aa0b-0c68b85acfef,0,16,JACKSON WWTP,VILLAGE OF JACKSON,1.0
55002310002,0ad7b242-5fb3-4e67-b97a-0b15d7f28b7f,0,17,JACKSON WWTP,BANK MUTUAL,0.0
55002310002,efbcc797-22c3-4021-9e80-deaf1ecd9554,0,18,JACKSON WWTP,BANK MUTUAL,0.0
55002310002,74fbb34e-def1-43a4-961e-abad7436e88b,0,19,JACKSON WWTP,BANK MUTUAL,0.0
55002310002,194f2752-532d-4af3-87a1-327845b1c541,0,20,JACKSON WWTP,,
55002360001,e1c1b206-3061-45a4-a710-92c1df31b20f,1,1,JUNEAU WWTP,CITY OF JUNEAU,1.0
55002360001,c0e79249-526e-44f9-b815-d64ea176d5a4,0,2,JUNEAU WWTP,CITY OF JUNEAU,1.0
55002360001,64755e6f-c2d4-4c77-a480-5e6be5b2563d,0,3,JUNEAU WWTP,STATE OF WISCONSIN DNR,0.0
55002360001,1ae2822d-db0e-4c05-9e61-ae209c741e16,0,4,JUNEAU WWTP,CITY OF JUNEAU,1.0
55002360001,0e720be1-477e-4f90-b579-7ac97fe3d60d,0,5,JUNEAU WWTP,CITY OF JUNEAU,1.0
55002360001,aba37486-fa47-4a49-889b-bc321a55dbf1,0,6,JUNEAU WWTP,CITY OF JUNEAU,1.0
55002360001,ca721c89-ff2a-49f0-9406-ac19ab1b85be,0,7,JUNEAU WWTP,DODGE COUNTY,0.0
55002360001,f47c5b5c-af01-4112-b812-d3400f7f3f9e,0,8,JUNEAU WWTP,CITY OF JUNEAU,1.0
55002360001,333bbefa-3e8d-412d-997f-7bb87ec1eaa2,0,9,JUNEAU WWTP,COMMUNITY DEVELOPMENT AUTHORITY OF THE CITY OF JUNEAU,1.0
55002360001,45378697-2d52-4c3c-ba84-fcb2d2403c4f,0,10,JUNEAU WWTP,CITY OF JUNEAU,1.0
55002360001,5319dcd0-3ab5-4aa6-8091-0aa566ae24ba,0,11,JUNEAU WWTP,LEPPLE DAIRY FARMS INC,0.0
55002360001,52ff0224-8998-493d-bbd2-a023a3000853,0,12,JUNEAU WWTP,NEHLS BROTHERS FARMS LTD,0.0
55002360001,7803e25e-8963-4d5f-885d-77d97bad2369,0,13,JUNEAU WWTP,NEHLS BROS FARMS LTD,0.0
55002360001,6dd0baca-7860-4a96-961e-831f90d73afd,0,14,JUNEAU WWTP,NEHLS BROTHERS FARMS LTD,0.0
55002360001,177ae98a-af19-4ac2-b9f8-fd030120ee3b,0,15,JUNEAU WWTP,LEPPLE DAIRY FARMS INC,0.0
55002360001,1b817306-7de5-4b8e-93fc-38c145a222df,0,16,JUNEAU WWTP,MARTIN L WEINHEIMER,0.0
55002360001,edae1704-1675-4f03-97a0-82101b2099b0,0,17,JUNEAU WWTP,NEHLS BROS FARMS LTD,0.0
55002360001,44ee486a-2a11-4da9-831b-80bfe0950169,0,18,JUNEAU WWTP,SENSIENT FLAVORS INC,0.0
55002360001,ad03582f-f815-4ae6-9766-66dd56c02400,0,19,JUNEAU WWTP,DODGELAND SCHOOL DISTRICT,0.0
55002360001,403eb912-999f-4858-addf-238292c331c7,0,20,JUNEAU WWTP,NEHLS BROS FARMS LTD,0.0
55002430001,8fca5e6e-ef26-4ada-a9f8-bd95521c6e9c,1,1,KIEL STP,CITY OF KIEL,1.0
55002430001,83ca1f00-ca24-4e45-ab21-95f116f0081e,0,2,KIEL STP,CITY OF KIEL,1.0
55002430001,a796c56e-e327-4b1e-8d68-92d8da8bc5f0,0,3,KIEL STP,CITY OF KIEL,1.0
55002430001,b0bd9197-787d-43a3-b70c-bb45352e3d3c,0,4,KIEL STP,CITY OF KIEL,1.0
55002430001,673c2be8-71a5-44ba-bb43-7af39cf51104,0,5,KIEL STP,CITY OF KIEL,1.0
55002430001,aa384911-67c1-4031-b0ab-ad47511d82c1,0,6,KIEL STP,CITY OF KIEL,1.0
55002430001,cb8c047c-55d7-48b7-9d62-497c61288bee,0,7,KIEL STP,CITY OF KIEL,1.0
55002430001,90a27607-ef10-430a-b030-fb553f29e21a,0,8,KIEL STP,CITY OF KIEL,1.0
55002430001,e1f6eabf-2698-4299-8eee-8b82f3a0a231,0,9,KIEL STP,JT SCHOOL DISTRICT NO 1,0.0
55002430001,55136377-e1bd-4760-8797-325ee28b14a4,0,10,KIEL STP,SCHOOL DISTRICT NO 1,0.0
55002430001,03bd77a6-8027-440a-9aa8-b593e4223a45,0,11,KIEL STP,CITY OF KIEL,1.0
55002430001,bb4d1d55-69dc-4f7b-a7fe-e913cad148ef,0,12,KIEL STP,SCHOOL DIST NO 1 JT,0.0
55002430001,66a58604-53b4-44f2-9089-827a8aba589e,0,13,KIEL STP,SCHOOL DISTRICT NO 1,0.0
55002430001,8152606f-30f2-4db4-85dd-abaa5c3438bb,0,14,KIEL STP,CITY OF KIEL,1.0
55002430001,2f946761-425e-466d-ab18-c468ed5724c9,0,15,KIEL STP,CITY OF KIEL,1.0
55002430001,05fa3c94-009b-4eef-bf30-bc4a43ba351c,0,16,KIEL STP,TW RIVER ROCK KIEL LLC,1.0
55002430001,70d99f0b-d23b-4e55-bb4c-62e65a656cff,0,17,KIEL STP,CITY OF KIEL,1.0
55002430001,ea3f5459-c467-4d2d-a686-d25f8f969f41,0,18,KIEL STP,JT SCHOOL DISTRICT NO 1,0.0
55002430001,95f845ce-1985-406b-93cc-f6ff77fbf53d,0,19,KIEL STP,THOMAS MUELLER,0.0
55002430001,02715557-919a-4e6c-b0f3-4a848feb2005,0,20,KIEL STP,CITY OF KIEL,1.0
55002520001,583b8d44-5fba-4ba1-8b6d-9d5385f799e9,1,1,LAKE GENEVA WWTP,CITY OF LAKE GENEVA,1.0
55002520001,f0f09501-4357-4fa7-b031-ad510474fb58,0,2,LAKE GENEVA WWTP,CITY OF LAKE GENEVA,1.0
55002520001,cf1e4610-bf83-4cab-b72e-084ed6a30930,0,3,LAKE GENEVA WWTP,CITY OF LAKE GENEVA,1.0
55002520001,bc56e9c5-2115-4329-815e-634f02b9781a,0,4,LAKE GENEVA WWTP,UNION SCHOOL DIST NO 1,0.0
55002520001,5bd30481-c5a1-433a-8b9a-565f4e3155b6,0,5,LAKE GENEVA WWTP,CITY OF LAKE GENEVA,1.0
55002520001,e50c0ccc-020b-46cd-bfe5-47bea020b306,0,6,LAKE GENEVA WWTP,CITY OF LAKE GENEVA,1.0
55002520001,940beb01-02fb-4c4f-a6bd-257f41b52601,0,7,LAKE GENEVA WWTP,CITY OF LAKE GENEVA,1.0
55002520001,f82e76a3-0320-45ec-9d12-134b1ba96863,0,8,LAKE GENEVA WWTP,CITY OF LAKE GENEVA,1.0
55002520001,506db936-0301-46d8-856e-fa783afe8d0a,0,9,LAKE GENEVA WWTP,CITY OF LAKE GENEVA,1.0
55002520001,db101012-c81d-45be-977c-b38393081dc8,0,10,LAKE GENEVA WWTP,CITY OF LAKE GENEVA,1.0
55002520001,6d05a184-437f-432e-a243-131e580e94dc,0,11,LAKE GENEVA WWTP,CITY OF LAKE GENEVA,1.0
55002520001,57151d08-fa04-4641-b406-f613f297f067,0,12,LAKE GENEVA WWTP,CITY OF LAKE GENEVA,1.0
55002520001,d113db4b-ee07-4101-af43-512042edb911,0,13,LAKE GENEVA WWTP,CITY OF LAKE GENEVA,1.0
55002520001,ab36ea08-3ce5-4a81-affb-8f5279c74c63,0,14,LAKE GENEVA WWTP,STATE OF WISCONSIN CONSERVATION DEPARTMENT,0.0
55002520001,4532ccb1-afd8-4a7b-b263-3a7e193dbf39,0,15,LAKE GENEVA WWTP,CITY OF LAKE GENEVA,1.0
55002520001,15d34404-eb85-4e9e-9bf5-5e8bd3f94634,0,16,LAKE GENEVA WWTP,CITY OF LAKE GENEVA,1.0
55002520001,0ccb099e-7d46-4c14-9f56-66759440d09d,0,17,LAKE GENEVA WWTP,LAKE GENEVA FOUNDATION,1.0
55002520001,6d5b3174-4afe-4c25-8436-f928d78dfca3,0,18,LAKE GENEVA WWTP,LAKE GENEVA SELF STORAGE LLC,1.0
55002520001,43c6464e-e8c7-4dbf-9b04-0bb94f783d6a,0,19,LAKE GENEVA WWTP,,
55002520001,738839fa-f395-4644-aff9-d095bfe458e3,0,20,LAKE GENEVA WWTP,CITY OF LAKE GENEVA,1.0
55002850001,b135e988-c8c7-49db-9b3c-6aa4fcaa3b39,0,1,MARION STP,CITY OF MARION,1.0
55002850001,470e941c-6220-4590-a16d-36b4f8a1017a,1,2,MARION STP,SEWAGE PLANT CITY OF MARION,1.0
55002850001,6400e32e-13ed-43a9-96c3-f6c6612280b0,0,3,MARION STP,CITY OF MARION,1.0
55002850001,a1822c9a-5442-48b4-931a-ec8702f4752c,0,4,MARION STP,CITY OF MARION,1.0
55002850001,217e473b-0018-40aa-af6d-890ab8c0b733,0,5,MARION STP,CITY OF MARION LIONS POINT PARK,1.0
55002850001,efdc9c51-cdfd-4689-8b3d-7e4c59cb2f11,0,6,MARION STP,CITY OF MARION,1.0
55002850001,2bef63ff-1095-4483-94d7-7ca1aca77cab,0,7,MARION STP,MARION SCHOOL DISTRICT,1.0
55002850001,0e96985d-d221-4159-95ac-ed4bcaea5e76,0,8,MARION STP,CITY OF MARION,1.0
55002850001,4b9dbb75-308d-4073-ba29-86b464a5c70c,0,9,MARION STP,CITY OF MARION,1.0
55002850001,e359f0f4-8ce2-4804-8234-64a06021d5db,0,10,MARION STP,PARKING FOR TRAIL WAUPACA COUNTY,0.0
55002850001,4602ff14-3f2d-4f70-b383-f823c2aac3be,0,11,MARION STP,CITY OF MARION,1.0
55002850001,e2cdd2ca-9660-4de9-a175-63b03d1c25a7,0,12,MARION STP,CITY OF MARION MARION SCHOOL DISTRICT,1.0
55002850001,223f56b0-5422-4652-a750-efec4656c556,0,13,MARION STP,CITY OF MARION,1.0
55002850001,a7632a4d-8c1f-4a8b-ac20-7afd4299e786,0,14,MARION STP,CITY OF MARION WALLACE PARK,1.0
55002850001,dc6f89f8-160e-4c7f-83b4-8bf46f418571,0,15,MARION STP,TAX EXEMPT CITY OF MARION,1.0
55002850001,f4324b4f-55a3-4c3a-8294-4959b9a1861e,0,16,MARION STP,TAX EXEMPT CITY OF MARION,1.0
55002850001,ac1f79ae-1f8d-4069-9630-e751d0058e93,0,17,MARION STP,TAX EXEMPT CITY OF MARION,1.0
55002850001,acdc759d-2da3-4a92-87d9-09a08791c74f,0,18,MARION STP,TAX EXEMPT CITY OF MARION,1.0
55002850001,0b6fc88f-38e6-479c-876e-aaeef19e61f1,0,19,MARION STP,TAX EXEMPT CITY OF MARION,1.0
55002850001,26b1f00f-1e9d-465d-9520-cc81dff04c98,0,20,MARION STP,MARION BODY WORKS INC,1.0
55002880001,06de6278-2bb6-47fa-b66d-d060cc47eae6,1,1,MARSHFIELD WWTP,CITY OF MARSHFIELD,1.0
55002880001,a395f010-53f9-4b91-b509-d7b151d90eab,0,2,MARSHFIELD WWTP,CITY OF MARSHFIELD,1.0
55002880001,9f056283-83ad-4621-8a62-f21deb48c562,0,3,MARSHFIELD WWTP,TOWN OF MARSHFIELD,1.0
55002880001,46c521d1-43fc-43df-83f0-39dba0a30455,0,4,MARSHFIELD WWTP,CITY OF MARSHFIELD,1.0
55002880001,3a050d56-4a2e-4bcd-8b9d-f0290caa29af,0,5,MARSHFIELD WWTP,WOOD COUNTY,0.0
55002880001,7e0a24ba-ed7c-44eb-a357-489744a863b6,0,6,MARSHFIELD WWTP,CITY OF MARSHFIELD,1.0
55002880001,a48a242e-e947-47f8-a8c2-47c540f3646d,0,7,MARSHFIELD WWTP,CITY OF MARSHFIELD,1.0
55002880001,f78f4d27-ce55-4b9b-a31c-351ab4f4ea22,0,8,MARSHFIELD WWTP,JERRY MOORE,0.0
55002880001,6bf36caa-a5dd-450a-9fd2-555a2d33a3fb,0,9,MARSHFIELD WWTP,DRAXLER ENTERPRIZES LLC,0.0
55002880001,00517792-ef4f-4101-8de2-cfce6987700e,0,10,MARSHFIELD WWTP,MATHY CONSTRUCTION COMPANY,0.0
55002880001,d0d3cc32-4320-4dbe-83e1-afa71fca6a04,0,11,MARSHFIELD WWTP,HEWITT SANITARY DIST NO 1,0.0
55002880001,ed048ef6-58e6-488f-925f-f100e26214e3,0,12,MARSHFIELD WWTP,DOUGLAS HIRSCH,0.0
55002880001,1666f10c-185c-4d91-a1e7-dc3f5650e9ff,0,13,MARSHFIELD WWTP,ERIC L SHORTT LLC,0.0
55002880001,b89ce9b1-ffca-4a4e-ad30-dd6f5dd0cd5e,0,14,MARSHFIELD WWTP,ERIC J SHORTT LLC,0.0
55002880001,c1b9f430-0693-417e-9597-41322d759f57,0,15,MARSHFIELD WWTP,ERIC L SHORTT LLC,0.0
55002880001,f0f5f3ad-cf15-41fb-98b3-3ba7ec6be26b,0,16,MARSHFIELD WWTP,SHORTT FAMILY PROPERTIES LLC,0.0
55002880001,6de2bbad-ef49-4e67-8704-1a026c711b57,0,17,MARSHFIELD WWTP,DRAXLER ENTERPRIZES LLC,0.0
55002880001,c81f53b1-57b9-4d36-93a4-aeccbabc68cc,0,18,MARSHFIELD WWTP,GSS INVESTMENTS LLC,0.0
55002880001,767819ae-a90c-41b2-aef0-36dcd739cb2e,0,19,MARSHFIELD WWTP,DAVID OTT,0.0
55002880001,0a4e33d4-2df5-4e12-a94b-38b587e52db1,0,20,MARSHFIELD WWTP,VILLAGE OF HEWITT,0.0
55003190001,91892799-8e82-4568-a6fc-f2105d202739,1,1,MONTREAL WWTP,CITY OF MONTREAL,1.0
55003190001,4f43bb15-d191-4010-b023-14bbc229219a,0,2,MONTREAL WWTP,CITY OF MONTREAL,1.0
55003190001,f5ef9ef2-6369-410b-89b6-4633b63f50a8,0,3,MONTREAL WWTP,CITY OF MONTREAL,1.0
55003190001,906f2d4c-419a-410f-a174-3ea3664b688c,0,4,MONTREAL WWTP,CITY OF MONTREAL,1.0
55003190001,d6065923-0f5b-4d18-bada-53f7e7280659,0,5,MONTREAL WWTP,CITY OF MONTREAL,1.0
55003190001,07da1324-827f-421a-b95f-8624641816ab,0,6,MONTREAL WWTP,CITY OF MONTREAL,1.0
55003190001,30e018b4-ad60-4822-aa60-85f4f0981ed7,0,7,MONTREAL WWTP,CITY OF MONTREAL,1.0
55003190001,8fa68d22-5a7d-4de5-b3d7-c44bb4718972,0,8,MONTREAL WWTP,CITY OF MONTREAL,1.0
55003190001,cec19de7-b576-444a-9119-b53ebece707a,0,9,MONTREAL WWTP,CITY OF MONTREAL,1.0
55003190001,788ee703-3ff2-4b76-9b42-8332a81c707e,0,10,MONTREAL WWTP,,
55003190001,82909a2d-7ee8-4514-97c2-fc4b146d7b59,0,11,MONTREAL WWTP,CITY OF MONTREAL,1.0
55003190001,0f571885-9cb1-49ce-8e6b-c51da9ca3367,0,12,MONTREAL WWTP,CITY OF MONTREAL,1.0
55003190001,14073830-0774-4c82-a7b0-6150a2d23907,0,13,MONTREAL WWTP,CITY OF MONTREAL,1.0
55003190001,b49d2d1a-2a1e-45aa-98ad-958643fe0898,0,14,MONTREAL WWTP,CITY OF MONTREAL,1.0
55003190001,58478ee3-a521-4393-9a7d-5500ab99c3d3,0,15,MONTREAL WWTP,CITY OF MONTREAL,1.0
55003190001,f0b7271d-32bf-415c-bf8b-c249f8eea5d6,0,16,MONTREAL WWTP,CITY OF MONTREAL,1.0
55003190001,f100c9fe-0e23-4c0e-ad50-041b461fcda0,0,17,MONTREAL WWTP,CITY OF MONTREAL,1.0
55003190001,1d6fbf2e-75cb-47de-9c99-90a4af6754b9,0,18,MONTREAL WWTP,CITY OF MONTREAL,1.0
55003190001,cd0d1f55-8932-4b03-92f9-3b85e9555afe,0,19,MONTREAL WWTP,CITY OF MONTREAL,1.0
55003190001,b2cde69d-b254-480e-92bd-6ca32ad1f7fd,0,20,MONTREAL WWTP,CITY OF MONTREAL,1.0
55003620001,39b6459f-0dae-442e-bf38-7c2685c27358,1,1,OSHKOSH WWTP,CITY OF OSHKOSH SEWAGE PLANT,1.0
55003620001,a7f4689a-3ec9-4dea-ae37-799ee9679d7e,0,2,OSHKOSH WWTP,CITY OF OSHKOSH,1.0
55003620001,62c06afb-a44a-4972-9e23-10df87faaebc,0,3,OSHKOSH WWTP,CITY OF OSHKOSH,1.0
55003620001,2a9c0185-2dfe-410a-89f9-a30abb258556,0,4,OSHKOSH WWTP,CITY OF OSHKOSH,1.0
55003620001,6720e340-36a5-4c09-a5cb-33e4468d44d5,0,5,OSHKOSH WWTP,CITY OF OSHKOSH,1.0
55003620001,7017ff3d-61a0-482a-8b47-3bd82e9de38b,0,6,OSHKOSH WWTP,BOARD OF REGENTS UNIV OF WIS SYS,0.0
55003620001,cba23802-fff3-4cbb-966d-f1b681f81acc,0,7,OSHKOSH WWTP,CITY OF OSHKOSH,1.0
55003620001,b7f5ffc1-e2be-4192-911b-80a46be4a641,0,8,OSHKOSH WWTP,WINNEBAGO COUNTY COURTHOUSE,0.0
55003620001,717a8dd7-f39c-43c6-a0f6-19bf2db50faf,0,9,OSHKOSH WWTP,CITY OF OSHKOSH,1.0
55003620001,937738cb-5e29-468e-95bd-2fc0322303eb,0,10,OSHKOSH WWTP,,
55003620001,adfbb0b8-9d70-436a-95f1-790a482f8499,0,11,OSHKOSH WWTP,BOARD OF REGENTS UNIV OF WIS SYS,0.0
55003620001,f6968832-1708-4a85-b26a-a585c0d4e11a,0,12,OSHKOSH WWTP,BOARD OF REGENTS UNIV OF WIS SYS,0.0
55003620001,eef9186e-9cd8-4f4a-9f97-1842520c7403,0,13,OSHKOSH WWTP,CITY OF OSHKOSH SENIOR CENTER,1.0
55003620001,f057df72-5c08-4a1c-8c9a-b0e391e58a64,0,14,OSHKOSH WWTP,CITY OF OSHKOSH,1.0
55003620001,da1211e8-3cf9-4ef8-a9bc-ce203171286f,0,15,OSHKOSH WWTP,BOARD OF REGENTS UNIV OF WIS SYS,0.0
55003620001,68b08633-bbc3-430f-9d14-651d3fb3761a,0,16,OSHKOSH WWTP,CITY OF OSHKOSH,1.0
55003620001,eec62748-bbba-48b2-8e1f-3a978c0f704a,0,17,OSHKOSH WWTP,BOARD OF REGENTS UNIV OF WIS SYS,0.0
55003620001,92dc214e-41c9-4020-8815-18316f2c7e5b,0,18,OSHKOSH WWTP,CITY OF OSHKOSH,1.0
55003620001,a7669223-11a2-450f-8da8-4f081980dd31,0,19,OSHKOSH WWTP,CITY OF OSHKOSH,1.0
55003620001,f593f38a-d881-4e15-ada9-752cdad6f72d,0,20,OSHKOSH WWTP,OSHKOSH AREA SCHOOL DISTRICT,1.0
55003830001,a03f790e-3473-4cf0-b8be-acbc814b7b93,1,1,PORTAGE WWTP,"Portage, City of",1.0
55003830001,471e7392-ad88-4f95-b009-9f226f966d20,0,2,PORTAGE WWTP,"Portage, City of",1.0
55003830001,bc2d00aa-f9aa-4a67-a42c-2b21cb1eb016,0,3,PORTAGE WWTP,"Portage, City of",1.0
55003830001,618aaed7-6baf-447f-b4cf-d74b6f5305e3,0,4,PORTAGE WWTP,"Portage, City of",1.0
55003830001,975633f9-da57-4b09-a8b9-1d35a47c694a,0,5,PORTAGE WWTP,"Portage, City of",1.0
55003830001,baffb826-1cf7-4fbc-9817-829b28099b7b,0,6,PORTAGE WWTP,"Portage, City of",1.0
55003830001,db352c9c-7fbc-47c7-8041-79e160bccfce,0,7,PORTAGE WWTP,"Portage, City of",1.0
55003830001,c95bbf6d-c8b3-4972-a922-487eea2f3ad1,0,8,PORTAGE WWTP,State of Wisconsin Dept Natural Resources,0.0
55003830001,ca967255-b271-4d6d-9787-0a1722494116,0,9,PORTAGE WWTP,"Portage, City of",1.0
55003830001,ca58b7ed-8bc2-4714-a74a-b94123faf9a2,0,10,PORTAGE WWTP,"Portage, City of",1.0
55003830001,11e78c24-0e54-4372-8937-62b8dcfb798f,0,11,PORTAGE WWTP,"Portage, City of",1.0
55003830001,4b009cd3-114c-4b80-8cb6-5a412ed3f2a4,0,12,PORTAGE WWTP,State of Wisconsin,0.0
55003830001,b9431b36-ff7b-4a9c-a34c-546ce9d842e3,0,13,PORTAGE WWTP,"Portage, City of",1.0
55003830001,9d148d8b-1de2-416e-b3a3-fef613464883,0,14,PORTAGE WWTP,Columbia County,0.0
55003830001,29bbabda-5c5e-46b9-8944-034b69446686,0,15,PORTAGE WWTP,Columbia County,0.0
55003830001,5424fcdd-eb0b-45f3-bfa4-a5ad8ea054fe,0,16,PORTAGE WWTP,UNITED STATES OF AMERICA,0.0
55003830001,27a3cf3c-21a4-4110-acca-646bc26709e9,0,17,PORTAGE WWTP,"Portage, City of",1.0
55003830001,c3833729-16b7-4bfe-9643-cf747e1454f0,0,18,PORTAGE WWTP,Portage Community School District,1.0
55003830001,5f34cfb7-8e67-4e04-8bd8-ae7fbf206bc4,0,19,PORTAGE WWTP,Columbia County,0.0
55003830001,b3918716-1563-4bef-a9bc-78832dd8f3d8,0,20,PORTAGE WWTP,Bliffert North Holdings LLC,0.0
55003950001,dc11b3dc-3338-49c7-ae68-de2e94c46bbf,0,1,PRINCETON WWTP,CITY OF PRINCETON,1.0
55003950001,79c27479-4b0d-4d5b-87c6-58d39d2dc09c,1,2,PRINCETON WWTP,CITY OF PRINCETON,1.0
55003950001,81950f55-c6f8-46aa-9cbe-d9fe53e265b5,0,3,PRINCETON WWTP,JOINT SCHOOL DISTRICT #2,0.0
55003950001,ac1e035f-3172-47de-a7bf-5ffeeb33310b,0,4,PRINCETON WWTP,CITY OF PRINCETON,1.0
55003950001,3f7629a2-a112-40f1-b7bf-7ba7e50b6be6,0,5,PRINCETON WWTP,STATE OF WISCONSIN,0.0
55003950001,d92fe0bf-9214-423f-b633-7fd4ce579a6a,0,6,PRINCETON WWTP,CITY OF PRINCETON,1.0
55003950001,7b486bbd-fccf-4798-8e6c-ae48a23cb55e,0,7,PRINCETON WWTP,PRINCETON CITY OF CEMETERY,1.0
55003950001,23d14b8a-4710-4354-8b8a-6c2c6d6b4f4b,0,8,PRINCETON WWTP,CITY OF PRINCETON,1.0
55003950001,5af5da62-e5b6-4667-b30a-0d66c3f7f9b8,0,9,PRINCETON WWTP,CITY OF PRINCETON,1.0
55003950001,f88672e4-8308-48aa-a206-34e62045f3ec,0,10,PRINCETON WWTP,CITY OF PRINCETON,1.0
55003950001,9064487b-394c-4d19-b70c-74fe6f632309,0,11,PRINCETON WWTP,STATE OF WISCONSIN,0.0
55003950001,741e17ac-952e-4625-98cd-6483a08be191,0,12,PRINCETON WWTP,ST JOHNS CATHOLIC CHURCH CEMETERY,0.0
55003950001,34f7984a-563b-4dc1-8efa-25778188127c,0,13,PRINCETON WWTP,STATE OF WISCONSIN,0.0
55003950001,8c32ec4f-0233-4263-ab7e-031d398ac433,0,14,PRINCETON WWTP,VFW POST 10452,0.0
55003950001,4ecabbd1-5b43-4735-b9e5-96d89ed28734,0,15,PRINCETON WWTP,CITY OF PRINCETON,1.0
55003950001,ec01e252-13a6-477a-a96e-3970358ef3e0,0,16,PRINCETON WWTP,PING TANG,0.0
55003950001,1c184a3a-c1d1-498c-8a86-1c07ba410efb,0,17,PRINCETON WWTP,KELLY W & LYNETTE A SOUTHWORTH,0.0
55003950001,8c3002d5-40f8-4f2a-8a8f-2e8321c93ba5,0,18,PRINCETON WWTP,MARGARET B TER HORST MARITAL TRUST,0.0
55003950001,50e833e0-49ad-4576-9429-4cc7b8250bb4,0,19,PRINCETON WWTP,ST JOHNS LUTHERAN CHURCH,0.0
55003950001,258e10a1-2a81-4703-a17f-d44bc15e6ab4,0,20,PRINCETON WWTP,PING TANG,0.0
55004237001,191de93a-30da-4904-895a-66d911843b4c,0,1,ST. NAZIANZ WWTP,VILLAGE OF ST NAZIANZ,1.0
55004237001,c85cdff2-507d-4176-b9ca-1544a939e040,0,2,ST. NAZIANZ WWTP,VILLAGE OF ST NAZIANZ,1.0
55004237001,ee802535-b7de-4384-9d08-c8457588ae31,0,3,ST. NAZIANZ WWTP,MANITOWOC COUNTY,0.0
55004237001,a212f30a-be26-4801-9604-2d14ae172d92,0,4,ST. NAZIANZ WWTP,VILLAGE OF ST NAZIANZ,1.0
55004237001,5d035519-8ab7-480d-a1e9-ebae223dc7d6,1,5,ST. NAZIANZ WWTP,VILLAGE OF ST NAZIANZ,1.0
55004237001,c9c76d3e-bfed-4ef9-a3ac-b86edb24d9dd,0,6,ST. NAZIANZ WWTP,VILLAGE OF ST NAZIANZ HOUSING AUTHORITY,1.0
55004237001,977833e2-bfcb-48f1-9648-de1215233a7b,0,7,ST. NAZIANZ WWTP,VILLAGE OF ST NAZIANZ,1.0
55004237001,f97eba06-b6da-4843-a97f-18f56d8b913f,0,8,ST. NAZIANZ WWTP,VILLAGE OF ST NAZIANZ,1.0
55004237001,0ee1cfc2-ad87-4824-9901-1c2409dfa7d5,0,9,ST. NAZIANZ WWTP,GREG SCHNELL,0.0
55004237001,ff2abc3c-d001-4b93-bba1-9fc4be589917,0,10,ST. NAZIANZ WWTP,CNH INDUSTRIAL AMERICA LLC,0.0
55004237001,d1cf976a-5017-465b-9589-c2764697d898,0,11,ST. NAZIANZ WWTP,LEO I RIESTERER,0.0
55004237001,353c2c45-5438-4845-9cdb-700408384add,0,12,ST. NAZIANZ WWTP,SAINT NAZIANZ MHC LLC,1.0
55004237001,4e9487fd-0480-4290-9539-2944443e8b1a,0,13,ST. NAZIANZ WWTP,CARL J SCHEMA,0.0
55004237001,6a2dcb8b-4248-456a-b5e9-cfe66deffafa,0,14,ST. NAZIANZ WWTP,ST GREGORYS CONGREGATION CHURCH,0.353343035864474
55004237001,e844b5c9-ed4d-4296-9835-4cf27f12eea4,0,15,ST. NAZIANZ WWTP,SAINT NAZIANZ MHC LLC,1.0
55004237001,5011b2b4-2c95-4d39-be8d-92374dedd2cc,0,16,ST. NAZIANZ WWTP,SAINT NAZIANZ MHC LLC,1.0
55004237001,44be1eb1-2228-4c99-855c-45552fd84f16,0,17,ST. NAZIANZ WWTP,UNITED MINISTRIES INC,0.0
55004237001,1e64688a-5fd0-436b-8a0b-d146841a97c6,0,18,ST. NAZIANZ WWTP,CRAIG S KOENIG,0.0
55004237001,556d273d-06fb-4a7f-9b6e-96cdbca4b570,0,19,ST. NAZIANZ WWTP,SCHOTT REAL ESTATE HOLD,0.0
55004237001,fa79d38a-fe23-4089-bf24-d64d19c3f233,0,20,ST. NAZIANZ WWTP,MICHAEL J KLEINHANS,0.0
55004270001,846cfd73-e37a-437a-b8ad-66166942ff6c,0,1,SAUKVILLE STP,VILLAGE OF SAUKVILLE,1.0
55004270001,d1a40440-82b8-48fe-9183-04c1c118ab22,1,2,SAUKVILLE STP,VILLAGE OF SAUKVILLE,1.0
55004270001,1da9a151-a03d-4e22-afcf-d69d6776edf1,0,3,SAUKVILLE STP,VILLAGE OF SAUKVILLE,1.0
55004270001,bb0083b4-cadc-48f2-a661-ccd1a200829f,0,4,SAUKVILLE STP,VILLAGE OF SAUKVILLE,1.0
55004270001,46a70dc1-bdfb-488f-9e57-2f9399a4986b,0,5,SAUKVILLE STP,VILLAGE OF SAUKVILLE,1.0
55004270001,055e569c-a90d-4412-944b-005aaa4753d5,0,6,SAUKVILLE STP,VILLAGE OF SAUKVILLE,1.0
55004270001,1535eb84-edb6-45e0-86a0-fb40709e88af,0,7,SAUKVILLE STP,VILLAGE OF SAUKVILLE,1.0
55004270001,2bbe0687-9c01-4c06-b9ae-53f5dd7ae155,0,8,SAUKVILLE STP,VILLAGE OF SAUKVILLE,1.0
55004270001,c87605e9-d99c-4981-a0d0-6b5cfd0c7690,0,9,SAUKVILLE STP,VILLAGE OF SAUKVILLE,1.0
55004270001,258f1a63-a07d-41a2-98f5-8933f98e2fb6,0,10,SAUKVILLE STP,VILLAGE OF SAUKVILLE,1.0
55004270001,4e42cd89-2b98-4dc4-8965-8231c231d2b5,0,11,SAUKVILLE STP,VILLAGE OF SAUKVILLE,1.0
55004270001,86e3f5d7-1efd-4a55-8d21-9e692fddd8c0,0,12,SAUKVILLE STP,VILLAGE OF SAUKVILLE,1.0
55004270001,d49eda78-9b1d-4a88-b51c-6586495fc5a6,0,13,SAUKVILLE STP,VILLAGE OF SAUKVILLE COTTONTAIL,1.0
55004270001,8c70763a-fc08-4fdb-a651-afd5a18930b6,0,14,SAUKVILLE STP,VILLAGE OF SAUKVILLE,1.0
55004270001,098cfda7-a4e3-4a63-9ca7-5432904f10a0,0,15,SAUKVILLE STP,VILLAGE OF SAUKVILLE,1.0
55004270001,cacdb4fc-3083-49da-932c-bce068fa62a7,0,16,SAUKVILLE STP,VILLAGE OF SAUKVILLE,1.0
55004270001,7c739c07-2f5d-4a39-bc2c-927424a79938,0,17,SAUKVILLE STP,VILLAGE OF SAUKVILLE WATER TOWER PARKSIDE,1.0
55004270001,9bc2f116-9f8f-44b9-a966-8a7e1c585f3a,0,18,SAUKVILLE STP,TOWN OF SAUKVILLE,1.0
55004270001,0c8c7cf5-fc4e-4273-a08d-8a9f72d0343c,0,19,SAUKVILLE STP,OZAUKEE COUNTY,0.0
55004270001,27c6b06c-d98b-47c7-856a-5e92ac6da936,0,20,SAUKVILLE STP,VILLAGE OF SAUKVILLE TOWER ST,1.0
55004580001,9f6478a9-5185-484b-a958-f927b8af2af2,1,1,STANLEY WWTP,CITY OF STANLEY,1.0
55004580001,47e23f0b-3983-4128-8f52-007ad682bf70,0,2,STANLEY WWTP,CITY OF STANLEY,1.0
55004580001,1d444a50-87aa-409d-af12-d4d2f32a6410,0,3,STANLEY WWTP,CITY OF STANLEY,1.0
55004580001,5ce03060-f580-4c1e-8174-50b64169fc70,0,4,STANLEY WWTP,CITY OF STANLEY CEMETERY,1.0
55004580001,4603654a-9374-49ac-a80e-aa474d66c2c9,0,5,STANLEY WWTP,STATE OF WISCONSIN,0.0
55004580001,ffbd1c9a-9afd-45db-9e1d-3418f5f5448b,0,6,STANLEY WWTP,CITY OF STANLEY,1.0
55004580001,321a37ae-8abf-428e-8ef9-94a01d133461,0,7,STANLEY WWTP,CITY OF STANLEY,1.0
55004580001,bbb8e022-36ff-41fc-af2e-2636876f08b9,0,8,STANLEY WWTP,HOUSING AUTHORITY OF CITY OF STANLEY,1.0
55004580001,a00b9532-207b-44d0-9364-cac226d1a6c6,0,9,STANLEY WWTP,CITY OF STANLEY,1.0
55004580001,4a19733c-9ceb-4518-ac35-d1196be2943b,0,10,STANLEY WWTP,CITY OF STANLEY,1.0
55004580001,4871678f-87d9-4af9-91c4-0a11b2de0148,0,11,STANLEY WWTP,CITY OF STANLEY,1.0
55004580001,f8c9637a-97ae-489e-8386-b1671f29f3c7,0,12,STANLEY WWTP,CHIPPEWA COUNTY FOR STATE OF WISCONSIN,0.0
55004580001,33b67ae1-fed0-4d7c-b3ff-de6e7e7a0b8e,0,13,STANLEY WWTP,STATE OF WISCONSIN DOT,0.0
55004580001,d48ef30b-5c97-4e6c-a4cd-647633d7095c,0,14,STANLEY WWTP,CITY OF STANLEY,1.0
55004580001,e1d52ac5-6b59-438b-be54-fe1432160ffd,0,15,STANLEY WWTP,CITY OF STANLEY,1.0
55004580001,3a496147-9af3-4072-9f97-4fd4bd62f249,0,16,STANLEY WWTP,CHIPPEWA COUNTY FOR STATE OF WISCONSIN,0.0
55004580001,7f2dd8e6-458a-4ea8-b481-f21dfbcc07de,0,17,STANLEY WWTP,SCHOOL DISTRICT OF STANLEY,1.0
55004580001,29d56c2f-4b36-43e2-bee2-25bc6faa946c,0,18,STANLEY WWTP,STANLEY BOYD SCHOOL DISTRICT,1.0
55004580001,c5cfa971-4b44-4296-b1f2-bedac298a6f9,0,19,STANLEY WWTP,CITY OF STANLEY,1.0
55004580001,efa8cd6a-2e3b-4b65-a1c3-1eab854437b5,0,20,STANLEY WWTP,CITY OF STANLEY,1.0
55004750001,e45b4a30-214b-4f1d-905e-eaab91994398,0,1,SURING WWTP,STATE OF WISCONSIN,0.0
55004750001,5f6fca1e-52e2-4186-8f79-a49f84816526,0,2,SURING WWTP,VILLAGE OF SURING,1.0
55004750001,c71ec9ac-4e8a-4272-a012-338aaf6be482,0,3,SURING WWTP,VILLAGE OF SURING,1.0
55004750001,2dbc700c-74f6-4afb-87e3-ef7ce4178054,0,4,SURING WWTP,SCHOOL DISTRICT SURING PUBLIC,1.0
55004750001,d0263ce4-6139-4327-80a6-50a311bc95ca,0,5,SURING WWTP,VILLAGE OF SURING,1.0
55004750001,7c3b7d22-238d-43e4-bea4-364faafeb8b9,0,6,SURING WWTP,VILLAGE OF SURING,1.0
55004750001,7e2b1db5-59ec-4a28-894d-52a1be7d9438,1,7,SURING WWTP,VILLAGE OF SURING,1.0
55004750001,6dd74e26-f586-44dd-a73d-ea7369590dd9,0,8,SURING WWTP,VILLAGE OF SURING,1.0
55004750001,509e4c94-0b3d-4c88-a4bc-cc7bd4895a61,0,9,SURING WWTP,OF SURING VILLAGE,1.0
55004750001,9f8d61b2-ceea-4aa1-a503-9446eadd9d3c,0,10,SURING WWTP,VILLAGE OF SURING,1.0
55004750001,abe1ef7b-110e-40d1-9b3d-bbc0f0fe3d2e,0,11,SURING WWTP,BISHOP OF GREEN BAY,0.0
55004750001,69207583-76c3-4874-bd2b-51aaf6bf9cde,0,12,SURING WWTP,STATE OF DNR WISCONSIN,0.0
55004750001,e2102b7b-29d9-4e25-81fa-1cb62f1aa1bf,0,13,SURING WWTP,HERITAGE LAKE PROPERTIES LLC,0.0
55004750001,d1c8df7d-7edf-41a6-b28f-325b5d21f751,0,14,SURING WWTP,NORTH BRANCH PROPERTIES LLC,0.0
55004750001,0f344d44-c663-4950-b03b-0301deb0bbf1,0,15,SURING WWTP,SCHOOL DISTRICT SURING PUBLIC,1.0
55004750001,4a67aca2-b4fa-45fb-a925-4554c85bdf58,0,16,SURING WWTP,SURING VILLAGE MHP LLC,1.0
55004750001,a0bfabbb-2115-4bd5-813f-05d7a1c4efbc,0,17,SURING WWTP,HIGHWAY (SURING SHOP) OCONTO COUNTY,1.0
55004750001,dfc88aca-a577-43c5-a014-f48f14c38799,0,18,SURING WWTP,VILLAGE OF SURING,1.0
55004750001,7610b844-8b24-44d7-9635-e6cada5f5efc,0,19,SURING WWTP,JW PARTNERS,0.0
55004750001,2f1f4980-77d7-4cdc-9587-d1a48f18504a,0,20,SURING WWTP,THOMAS & TAMARA BOUCHER,0.0
55009708001,5792daea-ba0f-4102-b3d2-b74ee8868452,1,1,OAKDALE - WWTP,VILLAGE OF OAKDALE,1.0
55009708001,2cfbe6bb-3ff5-4a19-a445-d398fc67b8b7,0,2,OAKDALE - WWTP,VILLAGE OF OAKDALE,1.0
55009708001,c171717f-da49-4787-b7a2-a15f0413fbda,0,3,OAKDALE - WWTP,TOWN OF OAKDALE,1.0
55009708001,03749465-efce-431a-825b-37ae2fcadf3c,0,4,OAKDALE - WWTP,BASSWATERS CRANBERRY CO LLC,0.0
55009708001,1f4b1948-1acd-4ecc-922b-ce315831e847,0,5,OAKDALE - WWTP,DAVID BETTHAUSER,0.0
55009708001,22bd4f7b-03bb-4bd4-89e5-4a53cc803bb4,0,6,OAKDALE - WWTP,BASSWATERS CRANBERRY CO LLC,0.0
55009708001,fbdc24c6-306b-4479-aa65-30f3eb59e9fb,0,7,OAKDALE - WWTP,BASSWATERS CRANBERRY CO LLC,0.0
55009708001,833d36e1-e601-4334-a27a-57b345c33779,0,8,OAKDALE - WWTP,OAKDALE ELECTRIC COOPERATIVE,1.0
55009708001,341bf496-942d-4cb2-bd28-3b8687e20215,0,9,OAKDALE - WWTP,BASSWATERS CRANBERRY CO LLC,0.0
55009708001,cce5422f-6933-472f-b361-483a78f79968,0,10,OAKDALE - WWTP,STATE OF WISCONSIN DEPARTMENT OF TRANSPORTATION,0.0
55009708001,d2f37957-7bc5-4a90-a463-fdb8534a7792,0,11,OAKDALE - WWTP,STATE OF WISCONSIN DEPARTMENT OF TRANSPORTATION,0.0
55009708001,ac591451-375c-4d94-8dcc-483eed48792c,0,12,OAKDALE - WWTP,BASSWATERS CRANBERRY CO LLC,0.0
55009708001,28779abc-9209-493b-9312-9dbeb4b29940,0,13,OAKDALE - WWTP,STATE OF WISCONSIN DEPARTMENT OF TRANSPORTATION,0.0
55009708001,a223defc-2333-483f-844d-1d2dfd0a8897,0,14,OAKDALE - WWTP,BASSWATERS CRANBERRY CO LLC,0.0
55009708001,c93597ea-7a52-4580-9725-aba6458eed25,0,15,OAKDALE - WWTP,STATE OF WISCONSIN DEPARTMENT OF TRANSPORTATION,0.0
55009708001,ebc549d9-8d5b-4455-b8e0-cad76cf83bd2,0,16,OAKDALE - WWTP,BASSWATERS CRANBERRY CO LLC,0.0
55009708001,2392ac07-32a3-4ebe-a6b4-0a2e94585070,0,17,OAKDALE - WWTP,MONROE COUNTY,0.0
55009708001,6258e19e-4a30-4aeb-b84c-3b8b324e61e5,0,18,OAKDALE - WWTP,BASSWATERS CRANBERRY CO LLC,0.0
55009708001,d37a1c3a-431b-49b0-a77d-31a8c3a46236,0,19,OAKDALE - WWTP,STATE OF WISCONSIN DEPARTMENT OF TRANSPORTATION,0.0
55009708001,6070fefc-d585-4da1-b51b-18f56a483d51,0,20,OAKDALE - WWTP,STATE OF WISCONSIN DEPARTMENT OF TRANSPORTATION,0.0
55009908001,1d5d7378-3849-4400-910e-195a6ffa5769,1,1,LAKELAND SD #1 STP (Barron),LAKELAND SANITARY DIST 1,0.47644247972416576
55009908001,7a0722ca-f2b3-4460-95ae-bcf3fb3395f6,0,2,LAKELAND SD #1 STP (Barron),LAKELAND SCHOOL DIST,0.47644247972416576
55009908001,39276145-95a8-45db-9cc8-ab1feedef787,0,3,LAKELAND SD #1 STP (Barron),MINOCQUA TOWN,0.0
55009908001,278a5eea-a07a-47a9-b38f-0de151b7f15c,0,4,LAKELAND SD #1 STP (Barron),TOWN OF ARBOR VITAE ET AL,0.0
55009908001,d2c65c4d-7e70-41b5-9e7a-b5f54b4cf9f2,0,5,LAKELAND SD #1 STP (Barron),STATE DOT,0.0
55009908001,24aa47ce-2d22-4484-adda-f86afaf06e30,0,6,LAKELAND SD #1 STP (Barron),MINOCQUA TOWN,0.0
55009908001,0d8c285a-d302-4fbb-8c92-43d5d776cb12,0,7,LAKELAND SD #1 STP (Barron),ISLAND CITY ESTATES LLC,0.0
55009908001,a0801fcd-fe82-405c-8311-32b7b281c367,0,8,LAKELAND SD #1 STP (Barron),NORTHWOODS WILDLIFE CENTER,0.0
55009908001,e510f570-f9a0-4e04-a78d-d234168d96a1,0,9,LAKELAND SD #1 STP (Barron),KRIST OIL CO INC,0.0
55009908001,7f7da050-d758-4273-970b-be91ea216a68,0,10,LAKELAND SD #1 STP (Barron),MINOCQUA TOWN,0.0
55009908001,d4b04a06-51d6-4eaa-b353-a4c376c27fab,0,11,LAKELAND SD #1 STP (Barron),DOMASZEK LLC,0.0
55009908001,be33c744-c579-465b-9bde-b217b0fb0956,0,12,LAKELAND SD #1 STP (Barron),DOMASZEK LLC,0.0
55009908001,9326c05c-d9b0-4fcf-aa82-7a5ee6a84c6a,0,13,LAKELAND SD #1 STP (Barron),WOODRUFF TOWN,0.0
55009908001,72ed9775-12f4-49b7-8f4f-efd6e5dd7198,0,14,LAKELAND SD #1 STP (Barron),T A SOLBERG CO INC,0.0
55009908001,4c0511df-4c2f-44fe-8a24-1bedf3430d35,0,15,LAKELAND SD #1 STP (Barron),PAUL REID II LLC,0.0
55009908001,9bbac9ae-ca3e-4606-a7c2-f4345190a94b,0,16,LAKELAND SD #1 STP (Barron),,
55009908001,96c4399c-9d28-4539-8823-ca15137eaa37,0,17,LAKELAND SD #1 STP (Barron),BRIAN S BECKER REV TR,0.0
55009908001,1c15e3db-3c5b-47a8-b267-7b4aa410fd7a,0,18,LAKELAND SD #1 STP (Barron),DOMASZEK LLC,0.0
55009908001,cbc76c62-da84-4b28-8db9-57699eefdea4,0,19,LAKELAND SD #1 STP (Barron),MORGAN OAKS TOWNHOMES LLC,0.0
55009908001,6c522b4f-38e6-45c2-881b-73853f226a23,0,20,LAKELAND SD #1 STP (Barron),DOMASZEK LLC,0.0
56000000091,d83f5e21-03ee-46c5-997a-cde6adc2f74d,0,1,"LaGrange, Town of",LAGRANGE TOWN OF,1.0
56000000091,63ea90ce-2ecf-49f2-befe-e09ac2e11ab3,0,2,"LaGrange, Town of",LAGRANGE TOWN OF,1.0
56000000091,d20c9768-0a38-451d-869e-e2c6024daed6,0,3,"LaGrange, Town of",,
56000000091,71def8e9-dc61-4ed7-82be-43f8b5b88c5f,0,4,"LaGrange, Town of",LAGRANGE GRAIN COMPANY LLC,1.0
56000000091,0d53df35-2835-44dc-ac0c-0e6d2ada1123,0,5,"LaGrange, Town of",MISSOURI PACIFIC RAILROAD COMPANY,0.0
56000000091,a287bfb7-2151-4887-9c57-9a80dcd1d5f5,0,6,"LaGrange, Town of",LAGRANGE COMMUNITY CHURCH,1.0
56000000091,eb840015-562c-4a44-8f23-406420d0fe29,0,7,"LaGrange, Town of",LAGRANGE CITY PARK,1.0
56000000091,18f31182-cba2-49c3-b0cf-b42f775f89ea,0,8,"LaGrange, Town of",GRANDSTAFF CLAY,0.0
56000000091,3f138b2f-eb17-42c0-9ba1-8dd5338048eb,0,9,"LaGrange, Town of",LAGRANGE CEMETERY,1.0
56000000091,fc7f9a97-1276-4df6-aaba-19c5c3771c51,0,10,"LaGrange, Town of",WARD ROBERT L & NINA J,0.0
56000000091,e9b4999c-d4a7-4a55-ace3-0ad13aa03565,0,11,"LaGrange, Town of",GRANDSTAFF CURTIS GEORGE & CHERYL L,0.0
56000000091,dda1c5fb-fc70-4167-b836-d1a294731d11,0,12,"LaGrange, Town of",WYOMING STATE OF,0.0
56000000091,06b6db97-01fd-4ce1-9835-56f9dbdcf3cb,1,13,"LaGrange, Town of",WARD ROBERT L & NINA J,0.0
56000000091,bef8b9b1-4321-42fc-b979-9d5ab3da00f1,0,14,"LaGrange, Town of",GRANDSTAFF WRIGHT STEPHANIE A,0.0
56000000091,88725063-11fb-4c9d-9dff-bbcf3e925465,0,15,"LaGrange, Town of",MISSOURI PACIFIC RAILROAD COMPANY,0.0
56000000091,1a23f5c1-0da4-453e-ad77-e0be0f0a41c6,0,16,"LaGrange, Town of",GRANDSTAFF CURTIS GEORGE & CHERYL L,0.0
56000000091,4a52bd1c-98f8-405d-9c30-191a591de765,0,17,"LaGrange, Town of",WARD ROBERT L & NINA J,0.0
56000000091,ba5b314e-22b4-4cd6-b9af-869b9e52d69b,0,18,"LaGrange, Town of",BAR X RANCH LLC,0.0
56000000091,e8438405-c614-4ecd-9059-56c31166b094,0,19,"LaGrange, Town of",GRANDSTAFF CURTIS G & CHERYL,0.0
56000000091,7e74952d-ff3f-42de-b73a-3f6b4642f387,0,20,"LaGrange, Town of",OEDEKOVEN DANIEL J & PEGGY S,0.0
56000001001,c6e1523e-1365-4490-bf13-c8b93ff5ac69,0,1,CASPER WWTP,,
56000001001,905eb7a4-f175-436d-ad51-56bf33a5f8a1,0,2,CASPER WWTP,,
56000001001,3d44b3ee-c04c-48d3-8f54-dae8e603445d,0,3,CASPER WWTP,CASPER REDEVELOPMENT CO LLC,1.0
56000001001,3627bdfc-dccb-4a6d-b304-7653526124fc,0,4,CASPER WWTP,,
56000001001,4df0af95-694f-4daf-8a12-f1aa435bb022,0,5,CASPER WWTP,1000 WEST FIRST LLC,0.0
56000001001,05cd64f1-acf8-4984-bff2-4c163cf4bbf8,0,6,CASPER WWTP,,
56000001001,a2de607d-63db-459b-abb2-a0f555d2979b,0,7,CASPER WWTP,PLATTE RIVER CROSSING LLC,0.0
56000001001,7894a66d-8bcf-40d9-8a7d-865ce687310c,0,8,CASPER WWTP,DO THE MATH LLC,0.0
56000001001,b6d40a14-6918-4e70-ada5-2f82ed361362,0,9,CASPER WWTP,,
56000001001,8dde2089-1dbe-4db1-8d40-51f970ac73f5,0,10,CASPER WWTP,TRUE DRILLING LLC,0.0
56000001001,b2da4d56-a222-4b17-9e72-44bbbeacb644,0,11,CASPER WWTP,F STREET REHAB LLC,0.0
56000001001,e7e3c08f-08e7-4eb1-aa57-a082728edc53,0,12,CASPER WWTP,WEST CENTER HOSPITALITY RE LLC,0.0
56000001001,7fbddcc5-8838-44fe-a305-8dc95609fcad,1,13,CASPER WWTP,,
56000001001,345a9814-c58c-4a9f-a6aa-c1666c80d497,0,14,CASPER WWTP,TRUE DRILLING LLC,0.0
56000001001,23ada3e3-b5fb-4f46-9bb4-ef202537c412,0,15,CASPER WWTP,,
56000001001,f5befa5a-19d5-4182-883c-80717bb8ab78,0,16,CASPER WWTP,COMMUNITY INVESTMENT INC,0.0
56000001001,0dcc90db-e9b3-48b6-8aaa-917f03e9368d,0,17,CASPER WWTP,,
56000001001,5f2abab4-d04a-4fbb-9112-052aabb8ad9c,0,18,CASPER WWTP,,
56000001001,c652f0ed-f8a1-4a85-b699-c82218e7b150,0,19,CASPER WWTP,,
56000001001,bd9aa031-d732-4a82-b216-0e129e69ebea,0,20,CASPER WWTP,,
